"SYMBOL","ENTREZID","Description"
"AKT3",10000,"v-akt murine thymoma viral oncogene homolog 3 (protein kinase B, gamma)"
"MED6",10001,"mediator complex subunit 6"
"NR2E3",10002,"nuclear receptor subfamily 2, group E, member 3"
"NAALAD2",10003,"N-acetylated alpha-linked acidic dipeptidase 2"
"NAALADL1",10004,"N-acetylated alpha-linked acidic dipeptidase-like 1"
"ACOT8",10005,"acyl-CoA thioesterase 8"
"ABI1",10006,"abl-interactor 1"
"GNPDA1",10007,"glucosamine-6-phosphate deaminase 1"
"ZBTB33",10009,"zinc finger and BTB domain containing 33"
"CDH2",1000,"cadherin 2, type 1, N-cadherin (neuronal)"
"TANK",10010,"TRAF family member-associated NFKB activator"
"HDAC6",10013,"histone deacetylase 6"
"HDAC5",10014,"histone deacetylase 5"
"PDCD6IP",10015,"programmed cell death 6 interacting protein"
"PDCD6",10016,"programmed cell death 6"
"BCL2L10",10017,"BCL2-like 10 (apoptosis facilitator)"
"BCL2L11",10018,"BCL2-like 11 (apoptosis facilitator)"
"SH2B3",10019,"SH2B adaptor protein 3"
"CDH3",1001,"cadherin 3, type 1, P-cadherin (placental)"
"GNE",10020,"glucosamine (UDP-N-acetyl)-2-epimerase/N-acetylmannosamine kinase"
"HCN4",10021,"hyperpolarization activated cyclic nucleotide-gated potassium channel 4"
"INSL5",10022,"insulin-like 5"
"FRAT1",10023,"frequently rearranged in advanced T-cell lymphomas"
"TROAP",10024,"trophinin associated protein (tastin)"
"MED16",10025,"mediator complex subunit 16"
"PIGK",10026,"phosphatidylinositol glycan anchor biosynthesis, class K"
"CDH4",1002,"cadherin 4, type 1, R-cadherin (retinal)"
"CHAF1A",10036,"chromatin assembly factor 1, subunit A (p150)"
"PARP2",10038,"poly (ADP-ribose) polymerase family, member 2"
"PARP3",10039,"poly (ADP-ribose) polymerase family, member 3"
"CDH5",1003,"cadherin 5, type 2, VE-cadherin (vascular epithelium)"
"TOM1L1",10040,"target of myb1 (chicken)-like 1"
"HMGXB4",10042,"high-mobility group protein 2-like 1"
"TOM1",10043,"target of myb1 (chicken)"
"SH2D3A",10045,"SH2 domain containing 3A"
"MAMLD1",10046,"chromosome X open reading frame 6"
"RANBP9",10048,"RAN binding protein 9"
"DNAJB6",10049,"DnaJ (Hsp40) homolog, subfamily B, member 6"
"CDH6",1004,"cadherin 6, type 2, K-cadherin (fetal kidney)"
"SLC17A4",10050,"solute carrier family 17 (sodium phosphate), member 4"
"SMC4",10051,"structural maintenance of chromosomes 4"
"GJC1",10052,"gap junction protein, alpha 7, 45kDa"
"AP1M2",10053,"adaptor-related protein complex 1, mu 2 subunit"
"UBA2",10054,"SUMO1 activating enzyme subunit 2"
"SAE1",10055,"SUMO1 activating enzyme subunit 1"
"ABCC5",10057,"ATP-binding cassette, sub-family C (CFTR/MRP), member 5"
"ABCB6",10058,"ATP-binding cassette, sub-family B (MDR/TAP), member 6"
"DNM1L",10059,"dynamin 1-like"
"CDH7",1005,"cadherin 7, type 2"
"ABCC9",10060,"ATP-binding cassette, sub-family C (CFTR/MRP), member 9"
"ABCF2",10061,"ATP-binding cassette, sub-family F (GCN20), member 2"
"NR1H3",10062,"nuclear receptor subfamily 1, group H, member 3"
"SCAMP2",10066,"secretory carrier membrane protein 2"
"SCAMP3",10067,"secretory carrier membrane protein 3"
"RWDD2B",10069,"RWD domain containing 2B"
"CDH8",1006,"cadherin 8, type 2"
"DPP3",10072,"dipeptidyl-peptidase 3"
"SNUPN",10073,"snurportin 1"
"HUWE1",10075,"HECT, UBA and WWE domain containing 1"
"PTPRU",10076,"protein tyrosine phosphatase, receptor type, U"
"TSPAN32",10077,"tetraspanin 32"
"TSSC4",10078,"tumor suppressing subtransferable candidate 4"
"CDH9",1007,"cadherin 9, type 2 (T1-cadherin)"
"USH1C",10083,"Usher syndrome 1C (autosomal recessive, severe)"
"PQBP1",10084,"polyglutamine binding protein 1"
"EDIL3",10085,"EGF-like repeats and discoidin I-like domains 3"
"CERT1",10087,"collagen, type IV, alpha 3 (Goodpasture antigen) binding protein"
"KCNK7",10089,"potassium channel, subfamily K, member 7"
"CDH10",1008,"cadherin 10, type 2 (T2-cadherin)"
"UST",10090,"uronyl-2-sulfotransferase"
"ARPC5",10092,"actin related protein 2/3 complex, subunit 5, 16kDa"
"ARPC4",10093,"actin related protein 2/3 complex, subunit 4, 20kDa"
"ARPC1B",10095,"actin related protein 2/3 complex, subunit 1B, 41kDa"
"ACTR3",10096,"ARP3 actin-related protein 3 homolog (yeast)"
"ACTR2",10097,"ARP2 actin-related protein 2 homolog (yeast)"
"TSPAN5",10098,"tetraspanin 5"
"TSPAN3",10099,"tetraspanin 3"
"CDH11",1009,"cadherin 11, type 2, OB-cadherin (osteoblast)"
"ADA",100,"adenosine deaminase"
"TSPAN2",10100,"tetraspanin 2"
"NUBP2",10101,"nucleotide binding protein 2 (MinD homolog, E. coli)"
"TSFM",10102,"Ts translation elongation factor, mitochondrial"
"TSPAN1",10103,"tetraspanin 1"
"PPIF",10105,"peptidylprolyl isomerase F (cyclophilin F)"
"CTDSP2",10106,"CTD (carboxy-terminal domain, RNA polymerase II, polypeptide A) small phosphatase 2"
"TRIM10",10107,"tripartite motif-containing 10"
"ARPC2",10109,"actin related protein 2/3 complex, subunit 2, 34kDa"
"CDH12",1010,"cadherin 12, type 2 (N-cadherin 2)"
"SGK2",10110,"serum/glucocorticoid regulated kinase 2"
"RAD50",10111,"RAD50 homolog (S. cerevisiae)"
"KIF20A",10112,"kinesin family member 20A"
"PREB",10113,"prolactin regulatory element binding"
"HIPK3",10114,"homeodomain interacting protein kinase 3"
"FEM1B",10116,"fem-1 homolog b (C. elegans)"
"ACTR1B",10120,"ARP1 actin-related protein 1 homolog B, centractin beta (yeast)"
"ACTR1A",10121,"ARP1 actin-related protein 1 homolog A, centractin alpha (yeast)"
"RASGRP1",10125,"RAS guanyl releasing protein 1 (calcium and DAG-regulated)"
"DNAL4",10126,"dynein, axonemal, light chain 4"
"ZNF263",10127,"zinc finger protein 263"
"LRPPRC",10128,"leucine-rich PPR-motif containing"
"CDH13",1012,"cadherin 13, H-cadherin (heart)"
"PDIA6",10130,"protein disulfide isomerase family A, member 6"
"TRAP1",10131,"TNF receptor-associated protein 1"
"OPTN",10133,"optineurin"
"BCAP31",10134,"B-cell receptor-associated protein 31"
"CELA3A",10136,"elastase 3A, pancreatic"
"YAF2",10138,"YY1 associated factor 2"
"ARFRP1",10139,"ADP-ribosylation factor related protein 1"
"CDH15",1013,"cadherin 15, M-cadherin (myotubule)"
"TOB1",10140,"transducer of ERBB2, 1"
"AKAP9",10142,"A kinase (PRKA) anchor protein (yotiao) 9"
"FAM13A",10144,"family with sequence similarity 13, member A1"
"G3BP1",10146,"GTPase activating protein (SH3 domain) binding protein 1"
"SUGP2",10147,"splicing factor, arginine/serine-rich 14"
"EBI3",10148,"Epstein-Barr virus induced gene 3"
"ADGRG2",10149,"G protein-coupled receptor 64"
"MBNL2",10150,"muscleblind-like 2 (Drosophila)"
"ABI2",10152,"abl interactor 2"
"CEBPZ",10153,"CCAAT/enhancer binding protein zeta"
"PLXNC1",10154,"plexin C1"
"TRIM28",10155,"tripartite motif-containing 28"
"AASS",10157,"aminoadipate-semialdehyde synthase"
"PDZK1IP1",10158,"PDZK1 interacting protein 1"
"ATP6AP2",10159,"ATPase, H+ transporting, lysosomal accessory protein 2"
"CDH17",1015,"cadherin 17, LI cadherin (liver-intestine)"
"FARP1",10160,"FERM, RhoGEF (ARHGEF) and pleckstrin domain protein 1 (chondrocyte-derived)"
"LPAR6",10161,"purinergic receptor P2Y, G-protein coupled, 5"
"LPCAT3",10162,"membrane bound O-acyltransferase domain containing 5"
"CHST4",10164,"carbohydrate (N-acetylglucosamine 6-O) sulfotransferase 4"
"SLC25A13",10165,"solute carrier family 25, member 13 (citrin)"
"ZNF197",10168,"zinc finger protein 197"
"SERF2",10169,"small EDRK-rich factor 2"
"CDH18",1016,"cadherin 18, type 2"
"DHRS9",10170,"dehydrogenase/reductase (SDR family) member 9"
"RCL1",10171,"RNA terminal phosphate cyclase-like 1"
"SORBS3",10174,"sorbin and SH3 domain containing 3"
"CNIH1",10175,"cornichon homolog (Drosophila)"
"RBM7",10179,"RNA binding motif protein 7"
"CDK2",1017,"cyclin-dependent kinase 2"
"RBM5",10181,"RNA binding motif protein 5"
"LHFPL6",10186,"lipoma HMGIC fusion partner"
"TNK2",10188,"tyrosine kinase, non-receptor, 2"
"CDK3",1018,"cyclin-dependent kinase 3"
"TXNDC9",10190,"thioredoxin domain containing 9"
"RNF41",10193,"ring finger protein 41"
"ALG3",10195,"asparagine-linked glycosylation 3 homolog (S. cerevisiae, alpha-1,3-mannosyltransferase)"
"PRMT3",10196,"protein arginine methyltransferase 3"
"PSME3",10197,"proteasome (prosome, macropain) activator subunit 3 (PA28 gamma; Ki)"
"MPHOSPH9",10198,"M-phase phosphoprotein 9"
"MPHOSPH10",10199,"M-phase phosphoprotein 10 (U3 small nucleolar ribonucleoprotein)"
"CDK4",1019,"cyclin-dependent kinase 4"
"ADAM8",101,"ADAM metallopeptidase domain 8"
"MPHOSPH6",10200,"M-phase phosphoprotein 6"
"NME6",10201,"non-metastatic cells 6, protein expressed in (nucleoside-diphosphate kinase)"
"DHRS2",10202,"dehydrogenase/reductase (SDR family) member 2"
"CALCRL",10203,"calcitonin receptor-like"
"TRIM13",10206,"tripartite motif-containing 13"
"PATJ",10207,"InaD-like (Drosophila)"
"USPL1",10208,"ubiquitin specific peptidase like 1"
"EIF1",10209,"eukaryotic translation initiation factor 1"
"CDK5",1020,"cyclin-dependent kinase 5"
"TOPORS",10210,"topoisomerase I binding, arginine/serine-rich"
"FLOT1",10211,"flotillin 1"
"DDX39A",10212,"DEAD (Asp-Glu-Ala-Asp) box polypeptide 39"
"PSMD14",10213,"proteasome (prosome, macropain) 26S subunit, non-ATPase, 14"
"SSX3",10214,"synovial sarcoma, X breakpoint 3"
"OLIG2",10215,"oligodendrocyte lineage transcription factor 2"
"PRG4",10216,"proteoglycan 4"
"CTDSPL",10217,"CTD (carboxy-terminal domain, RNA polymerase II, polypeptide A) small phosphatase-like"
"KLRG1",10219,"killer cell lectin-like receptor subfamily G, member 1"
"CDK6",1021,"cyclin-dependent kinase 6"
"GDF11",10220,"growth differentiation factor 11"
"TRIB1",10221,"tribbles homolog 1 (Drosophila)"
"GPA33",10223,"glycoprotein A33 (transmembrane)"
"CD96",10225,"CD96 molecule"
"PLIN3",10226,"mannose-6-phosphate receptor binding protein 1"
"STX6",10228,"syntaxin 6"
"COQ7",10229,"coenzyme Q7 homolog, ubiquinone (yeast)"
"CDK7",1022,"cyclin-dependent kinase 7 (MO15 homolog, Xenopus laevis, cdk-activating kinase)"
"RCAN2",10231,"regulator of calcineurin 2"
"MSLN",10232,"mesothelin"
"RASGRP2",10235,"RAS guanyl releasing protein 2 (calcium and DAG-regulated)"
"HNRNPR",10236,"heterogeneous nuclear ribonucleoprotein R"
"SLC35B1",10237,"solute carrier family 35, member B1"
"DCAF7",10238,"WD repeat domain 68"
"AP3S2",10239,"adaptor-related protein complex 3, sigma 2 subunit"
"MRPS31",10240,"mitochondrial ribosomal protein S31"
"CALCOCO2",10241,"calcium binding and coiled-coil domain 2"
"KCNMB2",10242,"potassium large conductance calcium-activated channel, subfamily M, beta member 2"
"GPHN",10243,"gephyrin"
"RABEPK",10244,"Rab9 effector protein with kelch motifs"
"TIMM17B",10245,"translocase of inner mitochondrial membrane 17 homolog B (yeast)"
"SLC17A2",10246,"solute carrier family 17 (sodium phosphate), member 2"
"RIDA",10247,"heat-responsive protein 12"
"POP7",10248,"processing of precursor 7, ribonuclease P/MRP subunit (S. cerevisiae)"
"GLYAT",10249,"glycine-N-acyltransferase"
"SRRM1",10250,"serine/arginine repetitive matrix 1"
"SPRY1",10252,"sprouty homolog 1, antagonist of FGF signaling (Drosophila)"
"SPRY2",10253,"sprouty homolog 2 (Drosophila)"
"STAM2",10254,"signal transducing adaptor molecule (SH3 domain and ITAM motif) 2"
"CNKSR1",10256,"connector enhancer of kinase suppressor of Ras 1"
"ABCC4",10257,"ATP-binding cassette, sub-family C (CFTR/MRP), member 4"
"CDK9",1025,"cyclin-dependent kinase 9 (CDC2-related kinase)"
"IGSF6",10261,"immunoglobulin superfamily, member 6"
"SF3B4",10262,"splicing factor 3b, subunit 4, 49kDa"
"IRX5",10265,"iroquois homeobox 5"
"RAMP2",10266,"receptor (G protein-coupled) activity modifying protein 2"
"RAMP1",10267,"receptor (G protein-coupled) activity modifying protein 1"
"RAMP3",10268,"receptor (G protein-coupled) activity modifying protein 3"
"ZMPSTE24",10269,"zinc metallopeptidase (STE24 homolog, S. cerevisiae)"
"CDKN1A",1026,"cyclin-dependent kinase inhibitor 1A (p21, Cip1)"
"AKAP8",10270,"A kinase (PRKA) anchor protein 8"
"FSTL3",10272,"follistatin-like 3 (secreted glycoprotein)"
"STUB1",10273,"STIP1 homology and U-box containing protein 1"
"STAG1",10274,"stromal antigen 1"
"NET1",10276,"neuroepithelial cell transforming gene 1"
"UBE4B",10277,"ubiquitination factor E4B (UFD2 homolog, yeast)"
"EFS",10278,"embryonal Fyn-associated substrate"
"PRSS16",10279,"protease, serine, 16 (thymus)"
"CDKN1B",1027,"cyclin-dependent kinase inhibitor 1B (p27, Kip1)"
"SIGMAR1",10280,"opioid receptor, sigma 1"
"BET1",10282,"BET1 homolog (S. cerevisiae)"
"SAP18",10284,"Sin3A-associated protein, 18kDa"
"SMNDC1",10285,"survival motor neuron domain containing 1"
"BCAS2",10286,"breast carcinoma amplified sequence 2"
"RGS19",10287,"regulator of G-protein signaling 19"
"LILRB2",10288,"leukocyte immunoglobulin-like receptor, subfamily B (with TM and ITIM domains), member 2"
"EIF1B",10289,"eukaryotic translation initiation factor 1B"
"CDKN1C",1028,"cyclin-dependent kinase inhibitor 1C (p57, Kip2)"
"SF3A1",10291,"splicing factor 3a, subunit 1, 120kDa"
"TRAIP",10293,"TRAF interacting protein"
"DNAJA2",10294,"DnaJ (Hsp40) homolog, subfamily A, member 2"
"BCKDK",10295,"branched chain ketoacid dehydrogenase kinase"
"MAEA",10296,"macrophage erythroblast attacher"
"APC2",10297,"adenomatosis polyposis coli 2"
"PAK4",10298,"p21(CDKN1A)-activated kinase 4"
"MARCHF6",10299,"membrane-associated ring finger (C3HC4) 6"
"CDKN2A",1029,"cyclin-dependent kinase inhibitor 2A (melanoma, p16, inhibits CDK4)"
"ADAM10",102,"ADAM metallopeptidase domain 10"
"KATNB1",10300,"katanin p80 (WD repeat containing) subunit B 1"
"SNAPC5",10302,"small nuclear RNA activating complex, polypeptide 5, 19kDa"
"APBB3",10307,"amyloid beta (A4) precursor protein-binding, family B, member 3"
"ZNF267",10308,"zinc finger protein 267"
"CCNO",10309,"cyclin O"
"CDKN2B",1030,"cyclin-dependent kinase inhibitor 2B (p15, inhibits CDK4)"
"VPS26C",10311,"Down syndrome critical region gene 3"
"TCIRG1",10312,"T-cell, immune regulator 1, ATPase, H+ transporting, lysosomal V0 subunit A3"
"RTN3",10313,"reticulon 3"
"LANCL1",10314,"LanC lantibiotic synthetase component C-like 1 (bacterial)"
"NMUR1",10316,"neuromedin U receptor 1"
"B3GALT5",10317,"UDP-Gal:betaGlcNAc beta 1,3-galactosyltransferase, polypeptide 5"
"TNIP1",10318,"TNFAIP3 interacting protein 1"
"LAMC3",10319,"laminin, gamma 3"
"CDKN2C",1031,"cyclin-dependent kinase inhibitor 2C (p18, inhibits CDK4)"
"IKZF1",10320,"IKAROS family zinc finger 1 (Ikaros)"
"CRISP3",10321,"cysteine-rich secretory protein 3"
"KLHL41",10324,"kelch repeat and BTB (POZ) domain containing 10"
"RRAGB",10325,"Ras-related GTP binding B"
"SIRPB1",10326,"signal-regulatory protein beta 1"
"AKR1A1",10327,"aldo-keto reductase family 1, member A1 (aldehyde reductase)"
"EMC8",10328,"COX4 neighbor"
"RXYLT1",10329,"transmembrane protein 5"
"CDKN2D",1032,"cyclin-dependent kinase inhibitor 2D (p19, inhibits CDK4)"
"CNPY2",10330,"transmembrane protein 4"
"B3GNT3",10331,"UDP-GlcNAc:betaGal beta-1,3-N-acetylglucosaminyltransferase 3"
"CLEC4M",10332,"C-type lectin domain family 4, member M"
"TLR6",10333,"toll-like receptor 6"
"PCGF3",10336,"polycomb group ring finger 3"
"CDKN3",1033,"cyclin-dependent kinase inhibitor 3 (CDK2-associated dual specificity phosphatase)"
"TFG",10342,"TRK-fused gene"
"TRIM22",10346,"tripartite motif-containing 22"
"ABCA7",10347,"ATP-binding cassette, sub-family A (ABC1), member 7"
"ABCA8",10351,"ATP-binding cassette, sub-family A (ABC1), member 8"
"WARS2",10352,"tryptophanyl tRNA synthetase 2, mitochondrial"
"NPM3",10360,"nucleophosmin/nucleoplasmin, 3"
"HMG20B",10362,"high-mobility group 20B"
"HMG20A",10363,"high-mobility group 20A"
"KLF2",10365,"Kruppel-like factor 2 (lung)"
"MICU1",10367,"calcium binding atopy-related autoantigen 1"
"CACNG3",10368,"calcium channel, voltage-dependent, gamma subunit 3"
"CACNG2",10369,"calcium channel, voltage-dependent, gamma subunit 2"
"CDO1",1036,"cysteine dioxygenase, type I"
"CITED2",10370,"Cbp/p300-interacting transactivator, with Glu/Asp-rich carboxy-terminal domain, 2"
"SEMA3A",10371,"sema domain, immunoglobulin domain (Ig), short basic domain, secreted, (semaphorin) 3A"
"TUBA1B",10376,"tubulin, alpha 1b"
"IRF9",10379,"interferon-stimulated transcription factor 3, gamma 48kDa"
"TUBB3",10381,"tubulin, beta 3"
"TUBB4A",10382,"tubulin, beta 4"
"TUBB4B",10383,"tubulin, beta 2C"
"BTN3A3",10384,"butyrophilin, subfamily 3, member A3"
"BTN2A2",10385,"butyrophilin, subfamily 2, member A2"
"SYCP2",10388,"synaptonemal complex protein 2"
"SCML2",10389,"sex comb on midleg-like 2 (Drosophila)"
"CDR1",1038,"cerebellar degeneration-related protein 1, 34kDa"
"CEPT1",10390,"choline/ethanolamine phosphotransferase 1"
"MYL12B",103910,"myosin regulatory light chain MRLC2"
"CORO2B",10391,"coronin, actin binding protein, 2B"
"NOD1",10392,"nucleotide-binding oligomerization domain containing 1"
"ANAPC10",10393,"anaphase promoting complex subunit 10"
"DLC1",10395,"deleted in liver cancer 1"
"ATP8A1",10396,"ATPase, aminophospholipid transporter (APLT), Class I, type 8A, member 1"
"NDRG1",10397,"N-myc downstream regulated gene 1"
"MYL9",10398,"myosin, light chain 9, regulatory"
"RACK1",10399,"guanine nucleotide binding protein (G protein), beta polypeptide 2-like 1"
"CDR2",1039,"cerebellar degeneration-related protein 2, 62kDa"
"ADAR",103,"adenosine deaminase, RNA-specific"
"PEMT",10400,"phosphatidylethanolamine N-methyltransferase"
"PIAS3",10401,"protein inhibitor of activated STAT, 3"
"ST3GAL6",10402,"ST3 beta-galactoside alpha-2,3-sialyltransferase 6"
"NDC80",10403,"NDC80 homolog, kinetochore complex component (S. cerevisiae)"
"SPAG11B",10407,"sperm associated antigen 11B"
"BASP1",10409,"brain abundant, membrane attached signal protein 1"
"CDS1",1040,"CDP-diacylglycerol synthase (phosphatidate cytidylyltransferase) 1"
"IFITM3",10410,"interferon induced transmembrane protein 3 (1-8U)"
"RAPGEF3",10411,"Rap guanine nucleotide exchange factor (GEF) 3"
"YAP1",10413,"Yes-associated protein 1, 65kDa"
"SPON2",10417,"spondin 2, extracellular matrix protein"
"SPON1",10418,"spondin 1, extracellular matrix protein"
"PRMT5",10419,"protein arginine methyltransferase 5"
"CDSN",1041,"corneodesmosin"
"CD2BP2",10421,"CD2 (cytoplasmic tail) binding protein 2"
"UBAC1",10422,"UBA domain containing 1"
"CDIPT",10423,"CDP-diacylglycerol--inositol 3-phosphatidyltransferase (phosphatidylinositol synthase)"
"PGRMC2",10424,"progesterone receptor membrane component 2"
"ARIH2",10425,"ariadne homolog 2 (Drosophila)"
"TUBGCP3",10426,"tubulin, gamma complex associated protein 3"
"SEC24B",10427,"SEC24 related gene family, member B (S. cerevisiae)"
"CFDP1",10428,"craniofacial development protein 1"
"TMEM147",10430,"transmembrane protein 147"
"RBM14",10432,"RNA binding motif protein 14"
"LYPLA1",10434,"lysophospholipase I"
"CDC42EP2",10435,"CDC42 effector protein (Rho GTPase binding) 2"
"EMG1",10436,"EMG1 nucleolar protein homolog (S. cerevisiae)"
"IFI30",10437,"interferon, gamma-inducible protein 30"
"C1D",10438,"nuclear DNA-binding protein"
"OLFM1",10439,"olfactomedin 1"
"CD52",1043,"CD52 molecule"
"TIMM17A",10440,"translocase of inner mitochondrial membrane 17 homolog A (yeast)"
"N4BP2L2",10443,"phosphonoformate immuno-associated protein 5"
"ZER1",10444,"zer-1 homolog (C. elegans)"
"MCRS1",10445,"microspherule protein 1"
"ACAA2",10449,"acetyl-Coenzyme A acyltransferase 2 (mitochondrial 3-oxoacyl-Coenzyme A thiolase)"
"CDX1",1044,"caudal type homeobox 1"
"PPIE",10450,"peptidylprolyl isomerase E (cyclophilin E)"
"VAV3",10451,"vav 3 guanine nucleotide exchange factor"
"TOMM40",10452,"translocase of outer mitochondrial membrane 40 homolog (yeast)"
"TAB1",10454,"mitogen-activated protein kinase kinase kinase 7 interacting protein 1"
"ECI2",10455,"peroxisomal D3,D2-enoyl-CoA isomerase"
"HAX1",10456,"HCLS1 associated protein X-1"
"GPNMB",10457,"glycoprotein (transmembrane) nmb"
"BAIAP2",10458,"BAI1-associated protein 2"
"CDX2",1045,"caudal type homeobox 2"
"TACC3",10460,"transforming, acidic coiled-coil containing protein 3"
"MERTK",10461,"c-mer proto-oncogene tyrosine kinase"
"CLEC10A",10462,"C-type lectin domain family 10, member A"
"SLC30A9",10463,"solute carrier family 30 (zinc transporter), member 9"
"PIBF1",10464,"chromosome 13 open reading frame 24"
"PPIH",10465,"peptidylprolyl isomerase H (cyclophilin H)"
"COG5",10466,"component of oligomeric golgi complex 5"
"ZNHIT1",10467,"zinc finger, HIT type 1"
"FST",10468,"follistatin"
"TIMM44",10469,"translocase of inner mitochondrial membrane 44 homolog (yeast)"
"CDX4",1046,"caudal type homeobox 4"
"PFDN6",10471,"prefoldin subunit 6"
"ZBTB18",10472,"zinc finger protein 238"
"HMGN4",10473,"high mobility group nucleosomal binding domain 4"
"TADA3",10474,"transcriptional adaptor 3 (NGG1 homolog, yeast)-like"
"TRIM38",10475,"tripartite motif-containing 38"
"ATP5PD",10476,"ATP synthase, H+ transporting, mitochondrial F0 complex, subunit d"
"UBE2E3",10477,"ubiquitin-conjugating enzyme E2E 3 (UBC4/5 homolog, yeast)"
"SLC25A17",10478,"solute carrier family 25 (mitochondrial carrier; peroxisomal membrane protein, 34kDa), member 17"
"SLC9A6",10479,"solute carrier family 9 (sodium/hydrogen exchanger), member 6"
"CLGN",1047,"calmegin"
"EIF3M",10480,"eukaryotic translation initiation factor 3, subunit M"
"HOXB13",10481,"homeobox B13"
"NXF1",10482,"nuclear RNA export factor 1"
"SEC23B",10483,"Sec23 homolog B (S. cerevisiae)"
"SEC23A",10484,"Sec23 homolog A (S. cerevisiae)"
"CAP2",10486,"CAP, adenylate cyclase-associated protein, 2 (yeast)"
"CAP1",10487,"CAP, adenylate cyclase-associated protein 1 (yeast)"
"CREB3",10488,"cAMP responsive element binding protein 3"
"LRRC41",10489,"leucine rich repeat containing 41"
"CEACAM5",1048,"carcinoembryonic antigen-related cell adhesion molecule 5"
"VTI1B",10490,"vesicle transport through interaction with t-SNAREs homolog 1B (yeast)"
"CRTAP",10491,"cartilage associated protein"
"SYNCRIP",10492,"synaptotagmin binding, cytoplasmic RNA interacting protein"
"STK25",10494,"serine/threonine kinase 25 (STE20 homolog, yeast)"
"UNC13B",10497,"unc-13 homolog B (C. elegans)"
"CARM1",10498,"coactivator-associated arginine methyltransferase 1"
"NCOA2",10499,"nuclear receptor coactivator 2"
"ADARB1",104,"adenosine deaminase, RNA-specific, B1 (RED1 homolog rat)"
"SEMA6C",10500,"sema domain, transmembrane domain (TM), and cytoplasmic domain, (semaphorin) 6C"
"SEMA6B",10501,"sema domain, transmembrane domain (TM), and cytoplasmic domain, (semaphorin) 6B"
"SEMA4F",10505,"sema domain, immunoglobulin domain (Ig), transmembrane domain (TM) and short cytoplasmic domain, (semaphorin) 4F"
"SEMA4D",10507,"sema domain, immunoglobulin domain (Ig), transmembrane domain (TM) and short cytoplasmic domain, (semaphorin) 4D"
"CEBPA",1050,"CCAAT/enhancer binding protein (C/EBP), alpha"
"SEMA3C",10512,"sema domain, immunoglobulin domain (Ig), short basic domain, secreted, (semaphorin) 3C"
"APPBP2",10513,"amyloid beta precursor protein (cytoplasmic tail) binding protein 2"
"MYBBP1A",10514,"MYB binding protein (P160) 1a"
"FBLN5",10516,"fibulin 5"
"CIB2",10518,"calcium and integrin binding family member 2"
"CIB1",10519,"calcium and integrin binding 1 (calmyrin)"
"CEBPB",1051,"CCAAT/enhancer binding protein (C/EBP), beta"
"DDX17",10521,"DEAD (Asp-Glu-Ala-Asp) box polypeptide 17"
"DEAF1",10522,"deformed epidermal autoregulatory factor 1 (Drosophila)"
"CHERP",10523,"calcium homeostasis endoplasmic reticulum protein"
"KAT5",10524,"HIV-1 Tat interacting protein, 60kDa"
"HYOU1",10525,"hypoxia up-regulated 1"
"IPO8",10526,"importin 8"
"NOP56",10528,"nucleolar protein 5A (56kDa with KKE/D repeat)"
"NEBL",10529,"nebulette"
"CEBPD",1052,"CCAAT/enhancer binding protein (C/EBP), delta"
"PITRM1",10531,"pitrilysin metallopeptidase 1"
"ATG7",10533,"ATG7 autophagy related 7 homolog (S. cerevisiae)"
"ZNRD2",10534,"Sjogren's syndrome/scleroderma autoantigen 1"
"RNASEH2A",10535,"ribonuclease H2, subunit A"
"P3H3",10536,"leprecan-like 2"
"UBD",10537,"ubiquitin D"
"BATF",10538,"basic leucine zipper transcription factor, ATF-like"
"GLRX3",10539,"glutaredoxin 3"
"CEBPE",1053,"CCAAT/enhancer binding protein (C/EBP), epsilon"
"DCTN2",10540,"dynactin 2 (p50)"
"ANP32B",10541,"acidic (leucine-rich) nuclear phosphoprotein 32 family, member B"
"LAMTOR5",10542,"hepatitis B virus x interacting protein"
"PROCR",10544,"protein C receptor, endothelial (EPCR)"
"TM9SF1",10548,"transmembrane 9 superfamily member 1"
"PRDX4",10549,"peroxiredoxin 4"
"CEBPG",1054,"CCAAT/enhancer binding protein (C/EBP), gamma"
"ARL6IP5",10550,"ADP-ribosylation-like factor 6 interacting protein 5"
"AGR2",10551,"anterior gradient homolog 2 (Xenopus laevis)"
"ARPC1A",10552,"actin related protein 2/3 complex, subunit 1A, 41kDa"
"HTATIP2",10553,"HIV-1 Tat interactive protein 2, 30kDa"
"AGPAT1",10554,"1-acylglycerol-3-phosphate O-acyltransferase 1 (lysophosphatidic acid acyltransferase, alpha)"
"AGPAT2",10555,"1-acylglycerol-3-phosphate O-acyltransferase 2 (lysophosphatidic acid acyltransferase, beta)"
"RPP30",10556,"ribonuclease P/MRP 30kDa subunit"
"RPP38",10557,"ribonuclease P/MRP 38kDa subunit"
"SPTLC1",10558,"serine palmitoyltransferase, long chain base subunit 1"
"SLC35A1",10559,"solute carrier family 35 (CMP-sialic acid transporter), member A1"
"SLC19A2",10560,"solute carrier family 19 (thiamine transporter), member 2"
"IFI44",10561,"interferon-induced protein 44"
"OLFM4",10562,"olfactomedin 4"
"CXCL13",10563,"chemokine (C-X-C motif) ligand 13 (B-cell chemoattractant)"
"ARFGEF2",10564,"ADP-ribosylation factor guanine nucleotide-exchange factor 2 (brefeldin A-inhibited)"
"ARFGEF1",10565,"ADP-ribosylation factor guanine nucleotide-exchange factor 1(brefeldin A-inhibited)"
"AKAP3",10566,"A kinase (PRKA) anchor protein 3"
"RABAC1",10567,"Rab acceptor 1 (prenylated)"
"CEL",1056,"carboxyl ester lipase (bile salt-stimulated lipase)"
"DPYSL4",10570,"dihydropyrimidinase-like 4"
"SIVA1",10572,"SIVA1, apoptosis-inducing factor"
"MRPL28",10573,"mitochondrial ribosomal protein L28"
"CCT7",10574,"chaperonin containing TCP1, subunit 7 (eta)"
"CCT4",10575,"chaperonin containing TCP1, subunit 4 (delta)"
"CCT2",10576,"chaperonin containing TCP1, subunit 2 (beta)"
"NPC2",10577,"Niemann-Pick disease, type C2"
"GNLY",10578,"granulysin"
"TACC2",10579,"transforming, acidic coiled-coil containing protein 2"
"SORBS1",10580,"sorbin and SH3 domain containing 1"
"IFITM2",10581,"interferon induced transmembrane protein 2 (1-8D)"
"COLEC10",10584,"collectin sub-family member 10 (C-type lectin)"
"POMT1",10585,"protein-O-mannosyltransferase 1"
"MAB21L2",10586,"mab-21-like 2 (C. elegans)"
"TXNRD2",10587,"thioredoxin reductase 2"
"MTHFS",10588,"5,10-methenyltetrahydrofolate synthetase (5-formyltetrahydrofolate cyclo-ligase)"
"DRAP1",10589,"DR1-associated protein 1 (negative cofactor 2 alpha)"
"CENPA",1058,"centromere protein A"
"SCGN",10590,"secretagogin, EF-hand calcium binding protein"
"SMC2",10592,"structural maintenance of chromosomes 2"
"PRPF8",10594,"PRP8 pre-mRNA processing factor 8 homolog (S. cerevisiae)"
"ERN2",10595,"endoplasmic reticulum to nucleus signaling 2"
"AHSA1",10598,"AHA1, activator of heat shock 90kDa protein ATPase homolog 1 (yeast)"
"SLCO1B1",10599,"solute carrier organic anion transporter family, member 1B1"
"CENPB",1059,"centromere protein B, 80kDa"
"ADARB2",105,"adenosine deaminase, RNA-specific, B2 (RED2 homolog rat)"
"USP16",10600,"ubiquitin specific peptidase 16"
"CDC42EP3",10602,"CDC42 effector protein (Rho GTPase binding) 3"
"SH2B2",10603,"SH2B adaptor protein 2"
"PAIP1",10605,"poly(A) binding protein interacting protein 1"
"PAICS",10606,"phosphoribosylaminoimidazole carboxylase, phosphoribosylaminoimidazole succinocarboxamide synthetase"
"TBL3",10607,"transducin (beta)-like 3"
"MXD4",10608,"MAX dimerization protein 4"
"P3H4",10609,"synaptonemal complex protein SC65"
"CENPC",1060,"centromere protein C 1"
"ST6GALNAC2",10610,"ST6 (alpha-N-acetyl-neuraminyl-2,3-beta-galactosyl-1,3)-N-acetylgalactosaminide alpha-2,6-sialyltransferase 2"
"PDLIM5",10611,"PDZ and LIM domain 5"
"TRIM3",10612,"tripartite motif-containing 3"
"ERLIN1",10613,"ER lipid raft associated 1"
"HEXIM1",10614,"hexamethylene bis-acetamide inducible 1"
"SPAG5",10615,"sperm associated antigen 5"
"RBCK1",10616,"RanBP-type and C3HC4-type zinc finger containing 1"
"STAMBP",10617,"STAM binding protein"
"TGOLN2",10618,"trans-golgi network protein 2"
"POLR3F",10621,"polymerase (RNA) III (DNA directed) polypeptide F, 39 kDa"
"POLR3G",10622,"polymerase (RNA) III (DNA directed) polypeptide G (32kD)"
"POLR3C",10623,"polymerase (RNA) III (DNA directed) polypeptide C (62kD)"
"IVNS1ABP",10625,"influenza virus NS1A binding protein"
"TXNIP",10628,"thioredoxin interacting protein"
"TAF6L",10629,"TAF6-like RNA polymerase II, p300/CBP-associated factor (PCAF)-associated factor, 65kDa"
"CENPE",1062,"centromere protein E, 312kDa"
"PDPN",10630,"podoplanin"
"POSTN",10631,"periostin, osteoblast specific factor"
"ATP5MG",10632,"ATP synthase, H+ transporting, mitochondrial F0 complex, subunit G"
"RASL10A",10633,"RAS-like, family 10, member A"
"GAS2L1",10634,"growth arrest-specific 2 like 1"
"RAD51AP1",10635,"RAD51 associated protein 1"
"RGS14",10636,"regulator of G-protein signaling 14"
"LEFTY1",10637,"left-right determination factor 1"
"CENPF",1063,"centromere protein F, 350/400ka (mitosin)"
"EXOC5",10640,"exocyst complex component 5"
"NPRL2",10641,"tumor suppressor candidate 4"
"IGF2BP3",10643,"insulin-like growth factor 2 mRNA binding protein 3"
"CAMKK2",10645,"calcium/calmodulin-dependent protein kinase kinase 2, beta"
"SCGB1D2",10647,"secretoglobin, family 1D, member 2"
"SCGB1D1",10648,"secretoglobin, family 1D, member 1"
"PRELID3A",10650,"slowmo homolog 1 (Drosophila)"
"MTX2",10651,"metaxin 2"
"YKT6",10652,"YKT6 v-SNARE homolog (S. cerevisiae)"
"SPINT2",10653,"serine peptidase inhibitor, Kunitz type, 2"
"PMVK",10654,"phosphomevalonate kinase"
"KHDRBS3",10656,"KH domain containing, RNA binding, signal transduction associated 3"
"KHDRBS1",10657,"KH domain containing, RNA binding, signal transduction associated 1"
"CELF1",10658,"CUG triplet repeat, RNA binding protein 1"
"CELF2",10659,"CUG triplet repeat, RNA binding protein 2"
"LBX1",10660,"ladybird homeobox 1"
"KLF1",10661,"Kruppel-like factor 1 (erythroid)"
"CXCR6",10663,"chemokine (C-X-C motif) receptor 6"
"CTCF",10664,"CCCTC-binding factor (zinc finger protein)"
"CD226",10666,"CD226 molecule"
"FARS2",10667,"phenylalanyl-tRNA synthetase 2, mitochondrial"
"CGRRF1",10668,"cell growth regulator with ring finger domain 1"
"CGREF1",10669,"cell growth regulator with EF-hand domain 1"
"RRAGA",10670,"Ras-related GTP binding A"
"DCTN6",10671,"dynactin 6"
"GNA13",10672,"guanine nucleotide binding protein (G protein), alpha 13"
"CSPG5",10675,"chondroitin sulfate proteoglycan 5 (neuroglycan C)"
"AVIL",10677,"advillin"
"B3GNT2",10678,"UDP-GlcNAc:betaGal beta-1,3-N-acetylglucosaminyltransferase 2"
"GNB5",10681,"guanine nucleotide binding protein (G protein), beta 5"
"EBP",10682,"emopamil binding protein (sterol isomerase)"
"DLL3",10683,"delta-like 3 (Drosophila)"
"CLDN16",10686,"claudin 16"
"PNMA2",10687,"paraneoplastic antigen MA2"
"CETN1",1068,"centrin, EF-hand protein, 1"
"FUT9",10690,"fucosyltransferase 9 (alpha (1,3) fucosyltransferase)"
"GMEB1",10691,"glucocorticoid modulatory element binding protein 1"
"CCT6B",10693,"chaperonin containing TCP1, subunit 6B (zeta 2)"
"CCT8",10694,"chaperonin containing TCP1, subunit 8 (theta)"
"CNPY3",10695,"trinucleotide repeat containing 5"
"CORIN",10699,"corin, serine peptidase"
"CETN2",1069,"centrin, EF-hand protein, 2"
"CETN3",1070,"centrin, EF-hand protein, 3 (CDC31 homolog, yeast)"
"USP39",10713,"ubiquitin specific peptidase 39"
"POLD3",10714,"polymerase (DNA-directed), delta 3, accessory subunit"
"TBR1",10716,"T-box, brain, 1"
"CETP",1071,"cholesteryl ester transfer protein, plasma"
"POLQ",10721,"polymerase (DNA directed), theta"
"OGA",10724,"meningioma expressed antigen 5 (hyaluronidase)"
"NFAT5",10725,"nuclear factor of activated T-cells 5, tonicity-responsive"
"NUDC",10726,"nuclear distribution gene C homolog (A. nidulans)"
"PTGES3",10728,"prostaglandin E synthase 3 (cytosolic)"
"CFL1",1072,"cofilin 1 (non-muscle)"
"YME1L1",10730,"YME1-like 1 (S. cerevisiae)"
"PLK4",10733,"polo-like kinase 4 (Drosophila)"
"STAG3",10734,"stromal antigen 3"
"STAG2",10735,"stromal antigen 2"
"SIX2",10736,"SIX homeobox 2"
"RFPL3",10738,"ret finger protein-like 3"
"RFPL2",10739,"ret finger protein-like 2"
"RBBP9",10741,"retinoblastoma binding protein 9"
"RAI2",10742,"retinoic acid induced 2"
"PTTG2",10744,"pituitary tumor-transforming 2"
"PHTF1",10745,"putative homeodomain transcription factor 1"
"MAP3K2",10746,"mitogen-activated protein kinase kinase kinase 2"
"MASP2",10747,"mannan-binding lectin serine peptidase 2"
"KIF1C",10749,"kinesin family member 1C"
"GRAP",10750,"GRB2-related adaptor protein"
"CHL1",10752,"cell adhesion molecule with homology to L1CAM (close homolog of L1)"
"CAPN9",10753,"calpain 9"
"GIPC1",10755,"GIPC PDZ domain containing family, member 1"
"TRAF3IP2",10758,"TRAF3 interacting protein 2"
"CTSC",1075,"cathepsin C"
"PLAC1",10761,"placenta-specific 1"
"NUP50",10762,"nucleoporin 50kDa"
"NES",10763,"nestin"
"KDM5B",10765,"jumonji, AT rich interactive domain 1B"
"TOB2",10766,"transducer of ERBB2, 2"
"HBS1L",10767,"HBS1-like (S. cerevisiae)"
"AHCYL1",10768,"S-adenosylhomocysteine hydrolase-like 1"
"PLK2",10769,"polo-like kinase 2 (Drosophila)"
"ZMYND11",10771,"zinc finger, MYND domain containing 11"
"SRSF10",10772,"FUS interacting protein (serine/arginine-rich) 1"
"ZBTB6",10773,"zinc finger and BTB domain containing 6"
"POP4",10775,"processing of precursor 4, ribonuclease P/MRP subunit (S. cerevisiae)"
"ARPP19",10776,"cyclic AMP phosphoprotein, 19 kD"
"ARPP21",10777,"cyclic AMP-regulated phosphoprotein, 21 kD"
"ZNF274",10782,"zinc finger protein 274"
"WDR4",10785,"WD repeat domain 4"
"SLC17A3",10786,"solute carrier family 17 (sodium phosphate), member 3"
"NCKAP1",10787,"NCK-associated protein 1"
"IQGAP2",10788,"IQ motif containing GTPase activating protein 2"
"VAMP5",10791,"vesicle-associated membrane protein 5 (myobrevin)"
"ZNF273",10793,"zinc finger protein 273"
"ZNF460",10794,"zinc finger protein 460"
"MTHFD2",10797,"methylenetetrahydrofolate dehydrogenase (NADP+ dependent) 2, methenyltetrahydrofolate cyclohydrolase"
"RPP40",10799,"ribonuclease P/MRP 40kDa subunit"
"ADCY1",107,"adenylate cyclase 1 (brain)"
"SEPTIN9",10801,"septin 9"
"SEC24A",10802,"SEC24 related gene family, member A (S. cerevisiae)"
"CCR9",10803,"chemokine (C-C motif) receptor 9"
"ENTR1",10807,"serologically defined colon cancer antigen 3"
"HSPH1",10808,"heat shock 105kDa/110kDa protein 1"
"CFTR",1080,"cystic fibrosis transmembrane conductance regulator (ATP-binding cassette sub-family C, member 7)"
"WASF3",10810,"WAS protein family, member 3"
"UTP14A",10813,"UTP14, U3 small nucleolar ribonucleoprotein, homolog A (yeast)"
"CPLX2",10814,"complexin 2"
"FRS3",10817,"fibroblast growth factor receptor substrate 3"
"FRS2",10818,"fibroblast growth factor receptor substrate 2"
"CGA",1081,"glycoprotein hormones, alpha polypeptide"
"NEU3",10825,"sialidase 3 (membrane sialidase)"
"FAXDC2",10826,"chromosome 5 open reading frame 4"
"ALDH1L1",10840,"aldehyde dehydrogenase 1 family, member L1"
"FTCD",10841,"formiminotransferase cyclodeaminase"
"PPP1R17",10842,"chromosome 7 open reading frame 16"
"TUBGCP2",10844,"tubulin, gamma complex associated protein 2"
"CLPX",10845,"ClpX caseinolytic peptidase X homolog (E. coli)"
"PDE10A",10846,"phosphodiesterase 10A"
"PPP1R13L",10848,"protein phosphatase 1, regulatory (inhibitor) subunit 13 like"
"POLR1G",10849,"CD3e molecule, epsilon associated protein"
"CCL27",10850,"chemokine (C-C motif) ligand 27"
"HPSE",10855,"heparanase"
"RUVBL2",10856,"RuvB-like 2 (E. coli)"
"PGRMC1",10857,"progesterone receptor membrane component 1"
"CYP46A1",10858,"cytochrome P450, family 46, subfamily A, polypeptide 1"
"LILRB1",10859,"leukocyte immunoglobulin-like receptor, subfamily B (with TM and ITIM domains), member 1"
"SLC26A1",10861,"solute carrier family 26 (sulfate transporter), member 1"
"ADAM28",10863,"ADAM metallopeptidase domain 28"
"SLC22A7",10864,"solute carrier family 22 (organic anion transporter), member 7"
"TSPAN9",10867,"tetraspanin 9"
"USP20",10868,"ubiquitin specific peptidase 20"
"USP19",10869,"ubiquitin specific peptidase 19"
"CD300C",10871,"CD300c molecule"
"ME3",10873,"malic enzyme 3, NADP(+)-dependent, mitochondrial"
"NMU",10874,"neuromedin U"
"FGL2",10875,"fibrinogen-like 2"
"SMR3B",10879,"submaxillary gland androgen regulated protein 3 homolog B (mouse)"
"ACTL7B",10880,"actin-like 7B"
"ACTL7A",10881,"actin-like 7A"
"C1QL1",10882,"complement component 1, q subcomponent-like 1"
"MRPS30",10884,"mitochondrial ribosomal protein S30"
"WDR3",10885,"WD repeat domain 3"
"CEACAM8",1088,"carcinoembryonic antigen-related cell adhesion molecule 8"
"PPARGC1A",10891,"peroxisome proliferator-activated receptor gamma, coactivator 1 alpha"
"MALT1",10892,"mucosa associated lymphoid tissue lymphoma translocation gene 1"
"MMP24",10893,"matrix metallopeptidase 24 (membrane-inserted)"
"LYVE1",10894,"lymphatic vessel endothelial hyaluronan receptor 1"
"YIF1A",10897,"Yip1 interacting factor homolog A (S. cerevisiae)"
"CPSF4",10898,"cleavage and polyadenylation specific factor 4, 30kDa"
"ADCY2",108,"adenylate cyclase 2 (brain)"
"RUNDC3A",10900,"RUN domain containing 3A"
"BRD8",10902,"bromodomain containing 8"
"BLCAP",10904,"bladder cancer associated protein"
"MAN1A2",10905,"mannosidase, alpha, class 1A, member 2"
"TRAFD1",10906,"TRAF-type zinc finger domain containing 1"
"TXNL4A",10907,"thioredoxin-like 4A"
"PNPLA6",10908,"patatin-like phospholipase domain containing 6"
"UTS2",10911,"urotensin 2"
"GADD45G",10912,"growth arrest and DNA-damage-inducible, gamma"
"EDAR",10913,"ectodysplasin A receptor"
"PAPOLA",10914,"poly(A) polymerase alpha"
"TCERG1",10915,"transcription elongation regulator 1"
"MAGED2",10916,"melanoma antigen family D, 2"
"BTNL3",10917,"butyrophilin-like 3"
"EHMT2",10919,"euchromatic histone-lysine N-methyltransferase 2"
"COPS8",10920,"COP9 constitutive photomorphogenic homolog subunit 8 (Arabidopsis)"
"RNPS1",10921,"RNA binding protein S1, serine-rich domain"
"FASTK",10922,"Fas-activated serine/threonine kinase"
"SUB1",10923,"SUB1 homolog (S. cerevisiae)"
"SMPDL3A",10924,"sphingomyelin phosphodiesterase, acid-like 3A"
"DBF4",10926,"DBF4 homolog (S. cerevisiae)"
"SPIN1",10927,"spindlin 1"
"RALBP1",10928,"ralA binding protein 1"
"SRSF8",10929,"splicing factor, arginine/serine-rich 2B"
"APOBEC2",10930,"apolipoprotein B mRNA editing enzyme, catalytic polypeptide-like 2"
"MORF4L1",10933,"mortality factor 4 like 1"
"PRDX3",10935,"peroxiredoxin 3"
"GPR75",10936,"G protein-coupled receptor 75"
"EHD1",10938,"EH-domain containing 1"
"AFG3L2",10939,"AFG3 ATPase family gene 3-like 2 (yeast)"
"UGT2A1",10941,"UDP glucuronosyltransferase 2 family, polypeptide A1"
"MSL3",10943,"male-specific lethal 3-like 1 (Drosophila)"
"C11orf58",10944,"chromosome 11 open reading frame 58"
"KDELR1",10945,"KDEL (Lys-Asp-Glu-Leu) endoplasmic reticulum protein retention receptor 1"
"SF3A3",10946,"splicing factor 3a, subunit 3, 60kDa"
"AP3M2",10947,"adaptor-related protein complex 3, mu 2 subunit"
"STARD3",10948,"StAR-related lipid transfer (START) domain containing 3"
"HNRNPA0",10949,"heterogeneous nuclear ribonucleoprotein A0"
"BTG3",10950,"BTG family, member 3"
"CBX1",10951,"chromobox homolog 1 (HP1 beta homolog Drosophila )"
"SEC61B",10952,"Sec61 beta subunit"
"TOMM34",10953,"translocase of outer mitochondrial membrane 34"
"PDIA5",10954,"protein disulfide isomerase family A, member 5"
"OS9",10956,"amplified in osteosarcoma"
"PNRC1",10957,"proline-rich nuclear receptor coactivator 1"
"TMED2",10959,"transmembrane emp24 domain trafficking protein 2"
"LMAN2",10960,"lectin, mannose-binding 2"
"ERP29",10961,"endoplasmic reticulum protein 29"
"MLLT11",10962,"myeloid/lymphoid or mixed-lineage leukemia (trithorax homolog, Drosophila); translocated to, 11"
"STIP1",10963,"stress-induced-phosphoprotein 1 (Hsp70/Hsp90-organizing protein)"
"IFI44L",10964,"interferon-induced protein 44-like"
"RAB40B",10966,"RAB40B, member RAS oncogene family"
"EBNA1BP2",10969,"EBNA1 binding protein 2"
"CKAP4",10970,"cytoskeleton-associated protein 4"
"YWHAQ",10971,"tyrosine 3-monooxygenase/tryptophan 5-monooxygenase activation protein, theta polypeptide"
"TMED10",10972,"transmembrane emp24-like trafficking protein 10 (yeast)"
"ASCC3",10973,"activating signal cointegrator 1 complex subunit 3"
"ADIRF",10974,"chromosome 10 open reading frame 116"
"UQCR11",10975,"ubiquinol-cytochrome c reductase, 6.4kDa subunit"
"CLP1",10978,"CLP1, cleavage and polyadenylation factor I subunit, homolog (S. cerevisiae)"
"FERMT2",10979,"pleckstrin homology domain containing, family C (with FERM domain) member 1"
"COPS6",10980,"COP9 constitutive photomorphogenic homolog subunit 6 (Arabidopsis)"
"RAB32",10981,"RAB32, member RAS oncogene family"
"MAPRE2",10982,"microtubule-associated protein, RP/EB family, member 2"
"CCNI",10983,"cyclin I"
"GCN1",10985,"GCN1 general control of amino-acid synthesis 1-like 1 (yeast)"
"COPS5",10987,"COP9 constitutive photomorphogenic homolog subunit 5 (Arabidopsis)"
"METAP2",10988,"methionyl aminopeptidase 2"
"IMMT",10989,"inner membrane protein, mitochondrial (mitofilin)"
"LILRB5",10990,"leukocyte immunoglobulin-like receptor, subfamily B (with TM and ITIM domains), member 5"
"SLC38A3",10991,"solute carrier family 38, member 3"
"SF3B2",10992,"splicing factor 3b, subunit 2, 145kDa"
"SDS",10993,"serine dehydratase"
"ILVBL",10994,"ilvB (bacterial acetolactate synthase)-like"
"SLC27A5",10998,"solute carrier family 27 (fatty acid transporter), member 5"
"ADCY3",109,"adenylate cyclase 3"
"NAT2",10,"N-acetyltransferase 2 (arylamine N-acetyltransferase)"
"SLC27A3",11000,"solute carrier family 27 (fatty acid transporter), member 3"
"SLC27A2",11001,"solute carrier family 27 (fatty acid transporter), member 2"
"KIF2C",11004,"kinesin family member 2C"
"SPINK5",11005,"serine peptidase inhibitor, Kazal type 5"
"LILRB4",11006,"leukocyte immunoglobulin-like receptor, subfamily B (with TM and ITIM domains), member 4"
"IL24",11009,"interleukin 24"
"GLIPR1",11010,"GLI pathogenesis-related 1 (glioma)"
"TLK2",11011,"tousled-like kinase 2"
"KLK11",11012,"kallikrein-related peptidase 11"
"KDELR2",11014,"KDEL (Lys-Asp-Glu-Leu) endoplasmic reticulum protein retention receptor 2"
"KDELR3",11015,"KDEL (Lys-Asp-Glu-Leu) endoplasmic reticulum protein retention receptor 3"
"ATF7",11016,"activating transcription factor 7"
"SNRNP27",11017,"putative nucleic acid binding protein RY-1"
"TMED1",11018,"transmembrane emp24 protein transport domain containing 1"
"LIAS",11019,"lipoic acid synthetase"
"CHAD",1101,"chondroadherin"
"IFT27",11020,"RAB, member of RAS oncogene family-like 4"
"RAB35",11021,"RAB35, member RAS oncogene family"
"TDRKH",11022,"tudor and KH domain containing"
"LILRA1",11024,"leukocyte immunoglobulin-like receptor, subfamily A (with TM domain), member 1"
"LILRB3",11025,"leukocyte immunoglobulin-like receptor, subfamily B (with TM and ITIM domains), member 3"
"LILRA2",11027,"leukocyte immunoglobulin-like receptor, subfamily A (with TM domain), member 2"
"RCBTB2",1102,"regulator of chromosome condensation (RCC1) and BTB (POZ) domain containing protein 2"
"RBPMS",11030,"RNA binding protein with multiple splicing"
"RAB31",11031,"RAB31, member RAS oncogene family"
"ADAP1",11033,"centaurin, alpha 1"
"DSTN",11034,"destrin (actin depolymerizing factor)"
"STON1",11037,"stonin 1"
"CHAT",1103,"choline acetyltransferase"
"PIM2",11040,"pim-2 oncogene"
"B4GAT1",11041,"UDP-GlcNAc:betaGal beta-1,3-N-acetylglucosaminyltransferase 1"
"MID2",11043,"midline 2"
"TENT4A",11044,"polymerase (DNA directed) sigma"
"UPK1A",11045,"uroplakin 1A"
"SLC35D2",11046,"solute carrier family 35, member D2"
"ADRM1",11047,"adhesion regulating molecule 1"
"RCC1",1104,"regulator of chromosome condensation 1"
"NUDT21",11051,"nudix (nucleoside diphosphate linked moiety X)-type motif 21"
"CPSF6",11052,"cleavage and polyadenylation specific factor 6, 68kDa"
"OGFR",11054,"opioid growth factor receptor"
"ZPBP",11055,"zona pellucida binding protein"
"DDX52",11056,"DEAD (Asp-Glu-Ala-Asp) box polypeptide 52"
"ABHD2",11057,"abhydrolase domain containing 2"
"WWP1",11059,"WW domain containing E3 ubiquitin protein ligase 1"
"CHD1",1105,"chromodomain helicase DNA binding protein 1"
"WWP2",11060,"WW domain containing E3 ubiquitin protein ligase 2"
"CNMD",11061,"leukocyte cell derived chemotaxin 1"
"DUS4L",11062,"dihydrouridine synthase 4-like (S. cerevisiae)"
"CNTRL",11064,"centrosomal protein 110kDa"
"UBE2C",11065,"ubiquitin-conjugating enzyme E2C"
"SNRNP35",11066,"U11/U12 snRNP 35K"
"DEPP1",11067,"chromosome 10 open reading frame 10"
"RAPGEF4",11069,"Rap guanine nucleotide exchange factor (GEF) 4"
"TMEM115",11070,"transmembrane protein 115"
"TOPBP1",11073,"topoisomerase (DNA) II binding protein 1"
"TRIM31",11074,"tripartite motif-containing 31"
"STMN2",11075,"stathmin-like 2"
"TPPP",11076,"tubulin polymerization promoting protein"
"HSF2BP",11077,"heat shock transcription factor 2 binding protein"
"TRIOBP",11078,"TRIO and F-actin binding protein"
"RER1",11079,"RER1 retention in endoplasmic reticulum 1 homolog (S. cerevisiae)"
"CHD3",1107,"chromodomain helicase DNA binding protein 3"
"DNAJB4",11080,"DnaJ (Hsp40) homolog, subfamily B, member 4"
"KERA",11081,"keratocan"
"DIDO1",11083,"death inducer-obliterator 1"
"ADAM30",11085,"ADAM metallopeptidase domain 30"
"CHD4",1108,"chromodomain helicase DNA binding protein 4"
"SPACA9",11092,"chromosome 9 open reading frame 9"
"ADAMTS13",11093,"ADAM metallopeptidase with thrombospondin type 1 motif, 13"
"ADAMTS8",11095,"ADAM metallopeptidase with thrombospondin type 1 motif, 8"
"ADAMTS5",11096,"ADAM metallopeptidase with thrombospondin type 1 motif, 5 (aggrecanase-2)"
"NUP42",11097,"nucleoporin like 2"
"PTPN21",11099,"protein tyrosine phosphatase, non-receptor type 21"
"AKR1C4",1109,"aldo-keto reductase family 1, member C4 (chlordecone reductase; 3-alpha hydroxysteroid dehydrogenase, type I; dihydrodiol dehydrogenase 4)"
"HNRNPUL1",11100,"heterogeneous nuclear ribonucleoprotein U-like 1"
"RPP14",11102,"ribonuclease P/MRP 14kDa subunit"
"KRR1",11103,"KRR1, small subunit (SSU) processome component, homolog (yeast)"
"KATNA1",11104,"katanin p60 (ATPase-containing) subunit A 1"
"PRDM4",11108,"PR domain containing 4"
"CIT",11113,"citron (rho-interacting, serine/threonine kinase 21)"
"CEP43",11116,"FGFR1 oncogene partner"
"EMILIN1",11117,"elastin microfibril interfacer 1"
"BTN3A2",11118,"butyrophilin, subfamily 3, member A2"
"BTN3A1",11119,"butyrophilin, subfamily 3, member A1"
"CHEK1",1111,"CHK1 checkpoint homolog (S. pombe)"
"BTN2A1",11120,"butyrophilin, subfamily 2, member A1"
"PTPRT",11122,"protein tyrosine phosphatase, receptor type, T"
"RCAN3",11123,"RCAN family member 3"
"FAF1",11124,"Fas (TNFRSF6) associated factor 1"
"CD160",11126,"CD160 molecule"
"KIF3A",11127,"kinesin family member 3A"
"CLASRP",11129,"splicing factor, arginine/serine-rich 16"
"FOXN3",1112,"forkhead box N3"
"ZWINT",11130,"ZW10 interactor"
"CAPN11",11131,"calpain 11"
"CAPN10",11132,"calpain 10"
"KPTN",11133,"kaptin (actin binding protein)"
"CDC42EP1",11135,"CDC42 effector protein (Rho GTPase binding) 1"
"SLC7A9",11136,"solute carrier family 7 (cationic amino acid transporter, y+ system), member 9"
"PWP1",11137,"PWP1 homolog (S. cerevisiae)"
"CHGA",1113,"chromogranin A (parathyroid secretory protein 1)"
"CDC37",11140,"cell division cycle 37 homolog (S. cerevisiae)"
"IL1RAPL1",11141,"interleukin 1 receptor accessory protein-like 1"
"PKIG",11142,"protein kinase (cAMP-dependent, catalytic) inhibitor gamma"
"DMC1",11144,"DMC1 dosage suppressor of mck1 homolog, meiosis-specific homologous recombination (yeast)"
"PLAAT3",11145,"HRAS-like suppressor 3"
"GLMN",11146,"glomulin, FKBP associated protein"
"HHLA2",11148,"HERV-H LTR-associating 2"
"CHGB",1114,"chromogranin B (secretogranin 1)"
"CORO1A",11151,"coronin, actin binding protein, 1A"
"WDR45",11152,"WD repeat domain 45"
"FICD",11153,"Huntingtin interacting protein E"
"AP4S1",11154,"adaptor-related protein complex 4, sigma 1 subunit"
"LDB3",11155,"LIM domain binding 3"
"PTP4A3",11156,"protein tyrosine phosphatase type IVA, member 3"
"LSM6",11157,"LSM6 homolog, U6 small nuclear RNA associated (S. cerevisiae)"
"ERLIN2",11160,"ER lipid raft associated 2"
"ERG28",11161,"chromosome 14 open reading frame 1"
"NUDT6",11162,"nudix (nucleoside diphosphate linked moiety X)-type motif 6"
"NUDT3",11165,"nudix (nucleoside diphosphate linked moiety X)-type motif 3"
"SOX21",11166,"SRY (sex determining region Y)-box 21"
"FSTL1",11167,"follistatin-like 1"
"PSIP1",11168,"PC4 and SFRS1 interacting protein 1"
"WDHD1",11169,"WD repeat and HMG-box DNA binding protein 1"
"CHI3L1",1116,"chitinase 3-like 1 (cartilage glycoprotein-39)"
"STRAP",11171,"serine/threonine kinase receptor associated protein"
"INSL6",11172,"insulin-like 6"
"ADAMTS7",11173,"ADAM metallopeptidase with thrombospondin type 1 motif, 7"
"ADAMTS6",11174,"ADAM metallopeptidase with thrombospondin type 1 motif, 6"
"BAZ2A",11176,"bromodomain adjacent to zinc finger domain, 2A"
"BAZ1A",11177,"bromodomain adjacent to zinc finger domain, 1A"
"LZTS1",11178,"leucine zipper, putative tumor suppressor 1"
"ZNF277",11179,"zinc finger protein 277 pseudogene"
"WDR6",11180,"WD repeat domain 6"
"TREH",11181,"trehalase (brush-border membrane glycoprotein)"
"MAP4K5",11183,"mitogen-activated protein kinase kinase kinase kinase 5"
"MAP4K1",11184,"mitogen-activated protein kinase kinase kinase kinase 1"
"RASSF1",11186,"Ras association (RalGDS/AF-6) domain family 1"
"PKP3",11187,"plakophilin 3"
"NISCH",11188,"nischarin"
"CELF3",11189,"trinucleotide repeat containing 4"
"CHIT1",1118,"chitinase 1 (chitotriosidase)"
"CEP250",11190,"centrosomal protein 250kDa"
"WBP4",11193,"WW domain binding protein 4 (formin binding protein 21)"
"ABCB8",11194,"ATP-binding cassette, sub-family B (MDR/TAP), member 8"
"SEC23IP",11196,"SEC23 interacting protein"
"WIF1",11197,"WNT inhibitory factor 1"
"SUPT16H",11198,"suppressor of Ty 16 homolog (S. cerevisiae)"
"ANXA10",11199,"annexin A10"
"CHKA",1119,"choline kinase alpha"
"CHEK2",11200,"CHK2 checkpoint homolog (S. pombe)"
"POLI",11201,"polymerase (DNA directed) iota"
"KLK8",11202,"kallikrein-related peptidase 8"
"CHKB",1120,"choline kinase beta"
"FZD10",11211,"frizzled homolog 10 (Drosophila)"
"PLPBP",11212,"proline synthetase co-transcribed homolog (bacterial)"
"IRAK3",11213,"interleukin-1 receptor-associated kinase 3"
"AKAP13",11214,"A kinase (PRKA) anchor protein 13"
"AKAP11",11215,"A kinase (PRKA) anchor protein 11"
"AKAP10",11216,"A kinase (PRKA) anchor protein 10"
"CHM",1121,"choroideremia (Rab escort protein 1)"
"DUSP10",11221,"dual specificity phosphatase 10"
"MRPL3",11222,"mitochondrial ribosomal protein L3"
"GALNT6",11226,"UDP-N-acetyl-alpha-D-galactosamine:polypeptide N-acetylgalactosaminyltransferase 6 (GalNAc-T6)"
"RASSF8",11228,"Ras association (RalGDS/AF-6) domain family 8"
"CHML",1122,"choroideremia-like (Rab escort protein 2)"
"PRAF2",11230,"PRA1 domain family, member 2"
"SEC63",11231,"SEC63 homolog (S. cerevisiae)"
"POLG2",11232,"polymerase (DNA directed), gamma 2, accessory subunit"
"HPS5",11234,"Hermansky-Pudlak syndrome 5"
"PDCD10",11235,"programmed cell death 10"
"RNF139",11236,"ring finger protein 139"
"RNF24",11237,"ring finger protein 24"
"CA5B",11238,"carbonic anhydrase VB, mitochondrial"
"EGLN2",112398,"egl nine homolog 2 (C. elegans)"
"EGLN3",112399,"egl nine homolog 3 (C. elegans)"
"CHN1",1123,"chimerin (chimaerin) 1"
"PMF1",11243,"polyamine-modulated factor 1"
"CAVIN3",112464,"protein kinase C, delta binding protein"
"NXPH4",11247,"neurexophilin 4"
"NXPH3",11248,"neurexophilin 3"
"CHN2",1124,"chimerin (chimaerin) 2"
"PTGDR2",11251,"G protein-coupled receptor 44"
"PACSIN2",11252,"protein kinase C and casein kinase substrate in neurons 2"
"MAN1B1",11253,"mannosidase, alpha, class 1B, member 1"
"SLC6A14",11254,"solute carrier family 6 (amino acid transporter), member 14"
"HRH3",11255,"histamine receptor H3"
"DCTN3",11258,"dynactin 3 (p22)"
"XPOT",11260,"exportin, tRNA (nuclear export receptor for tRNAs)"
"CHP1",11261,"calcium binding protein P22"
"SP140",11262,"SP140 nuclear body protein"
"PXMP4",11264,"peroxisomal membrane protein 4, 24kDa"
"DUSP12",11266,"dual specificity phosphatase 12"
"SNF8",11267,"SNF8, ESCRT-II complex subunit, homolog (S. cerevisiae)"
"PRR4",11272,"proline rich 4 (lacrimal)"
"ATXN2L",11273,"ataxin 2-like"
"KLHL2",11275,"kelch-like 2, Mayven (Drosophila)"
"TREX1",11277,"three prime repair exonuclease 1"
"KLF12",11278,"Kruppel-like factor 12"
"KLF8",11279,"Kruppel-like factor 8"
"SCN11A",11280,"sodium channel, voltage-gated, type XI, alpha subunit"
"POU6F2",11281,"POU class 6 homeobox 2"
"MGAT4B",11282,"mannosyl (alpha-1,3-)-glycoprotein beta-1,4-N-acetylglucosaminyltransferase, isozyme B"
"CYP4F8",11283,"cytochrome P450, family 4, subfamily F, polypeptide 8"
"PNKP",11284,"polynucleotide kinase 3'-phosphatase"
"B4GALT7",11285,"xylosylprotein beta 1,4-galactosyltransferase, polypeptide 7 (galactosyltransferase I)"
"SGF29",112869,"coiled-coil domain containing 101"
"MED8",112950,"mediator complex subunit 8"
"CHRM2",1129,"cholinergic receptor, muscarinic 2"
"ADCY6",112,"adenylate cyclase 6"
"SLCO2B1",11309,"solute carrier organic anion transporter family, member 2B1"
"LYST",1130,"lysosomal trafficking regulator"
"VPS45",11311,"vacuolar protein sorting 45 homolog (S. cerevisiae)"
"LYPLA2",11313,"lysophospholipase II"
"AHNAK2",113146,"AHNAK nucleoprotein 2"
"CD300A",11314,"CD300a molecule"
"PARK7",11315,"Parkinson disease (autosomal recessive, early onset) 7"
"COPE",11316,"coatomer protein complex, subunit epsilon"
"RBPJL",11317,"recombination signal binding protein for immunoglobulin kappa J region-like"
"GPR182",11318,"adrenomedullin receptor"
"ECD",11319,"ecdysoneless homolog (Drosophila)"
"MGAT4A",11320,"mannosyl (alpha-1,3-)-glycoprotein beta-1,4-N-acetylglucosaminyltransferase, isozyme A"
"GPN1",11321,"XPA binding protein 1, GTPase"
"TMC6",11322,"transmembrane channel-like 6"
"LARP4",113251,"La ribonucleoprotein domain family, member 4"
"DDX42",11325,"DEAD (Asp-Glu-Ala-Asp) box polypeptide 42"
"VSIG4",11326,"V-set and immunoglobulin domain containing 4"
"STK38",11329,"serine/threonine kinase 38"
"CHRM4",1132,"cholinergic receptor, muscarinic 4"
"CTRC",11330,"chymotrypsin C (caldecrin)"
"PHB2",11331,"prohibitin 2"
"ACOT7",11332,"acyl-CoA thioesterase 7"
"PDAP1",11333,"PDGFA associated protein 1"
"CBX3",11335,"chromobox homolog 3 (HP1 gamma homolog, Drosophila)"
"EXOC3",11336,"exocyst complex component 3"
"GABARAP",11337,"GABA(A) receptor-associated protein"
"U2AF2",11338,"U2 small nuclear RNA auxiliary factor 2"
"OIP5",11339,"Opa interacting protein 5"
"CHRM5",1133,"cholinergic receptor, muscarinic 5"
"EXOSC8",11340,"exosome component 8"
"SCRG1",11341,"scrapie responsive protein 1"
"RNF13",11342,"ring finger protein 13"
"MGLL",11343,"monoglyceride lipase"
"TWF2",11344,"twinfilin, actin-binding protein, homolog 2 (Drosophila)"
"GABARAPL2",11345,"GABA(A) receptor-associated protein-like 2"
"CHRNA1",1134,"cholinergic receptor, nicotinic, alpha 1 (muscle)"
"CHRNA2",1135,"cholinergic receptor, nicotinic, alpha 2 (neuronal)"
"CHRNA3",1136,"cholinergic receptor, nicotinic, alpha 3"
"CHRNA4",1137,"cholinergic receptor, nicotinic, alpha 4"
"DTX2",113878,"deltex homolog 2 (Drosophila)"
"CHRNA5",1138,"cholinergic receptor, nicotinic, alpha 5"
"ADCY7",113,"adenylate cyclase 7"
"TOE1",114034,"target of EGR1, member 1 (nuclear)"
"BUD23",114049,"Williams Beuren syndrome chromosome region 22"
"TRIM9",114088,"tripartite motif-containing 9"
"CHRNB1",1140,"cholinergic receptor, nicotinic, beta 1 (muscle)"
"TXNRD3",114112,"thioredoxin reductase 3"
"CHRNB2",1141,"cholinergic receptor, nicotinic, beta 2 (neuronal)"
"CHRNB3",1142,"cholinergic receptor, nicotinic, beta 3"
"EFHC1",114327,"EF-hand domain (C-terminal) containing 1"
"CHRNB4",1143,"cholinergic receptor, nicotinic, beta 4"
"CHRND",1144,"cholinergic receptor, nicotinic, delta"
"NLRP3",114548,"NLR family, pyrin domain containing 3"
"CHRNE",1145,"cholinergic receptor, nicotinic, epsilon"
"ERMAP",114625,"erythroblast membrane-associated protein (Scianna blood group)"
"CHRNG",1146,"cholinergic receptor, nicotinic, gamma"
"TUBGCP5",114791,"tubulin, gamma complex associated protein 5"
"CHUK",1147,"conserved helix-loop-helix ubiquitous kinase"
"OSBPL1A",114876,"oxysterol binding protein-like 1A"
"OSBPL7",114881,"oxysterol binding protein-like 7"
"OSBPL8",114882,"oxysterol binding protein-like 8"
"OSBPL9",114883,"oxysterol binding protein-like 9"
"OSBPL10",114884,"oxysterol binding protein-like 10"
"OSBPL11",114885,"oxysterol binding protein-like 11"
"C1QTNF1",114897,"C1q and tumor necrosis factor related protein 1"
"MRFAP1L1",114932,"Morf4 family associated protein 1-like 1"
"CIDEA",1149,"cell death-inducing DFFA-like effector a"
"ADCY8",114,"adenylate cyclase 8 (brain)"
"MARCHF3",115123,"membrane-associated ring finger (C3HC4) 3"
"ATG4A",115201,"ATG4 autophagy related 4 homolog A (S. cerevisiae)"
"KCTD12",115207,"potassium channel tetramerisation domain containing 12"
"FBXO17",115290,"F-box protein 17"
"CKB",1152,"creatine kinase, brain"
"CIRBP",1153,"cold inducible RNA binding protein"
"CISH",1154,"cytokine inducible SH2-containing protein"
"TBCB",1155,"tubulin folding cofactor B"
"KIR3DL3",115653,"killer cell immunoglobulin-like receptor, three domains, long cytoplasmic tail, 3"
"TRMT61A",115708,"chromosome 14 open reading frame 172"
"CKM",1158,"creatine kinase, muscle"
"TSR3",115939,"chromosome 16 open reading frame 42"
"ADCY9",115,"adenylate cyclase 9"
"OSR2",116039,"odd-skipped related 2 (Drosophila)"
"CKMT2",1160,"creatine kinase, mitochondrial 2 (sarcomeric)"
"KLHDC3",116138,"kelch domain containing 3"
"ERCC8",1161,"excision repair cross-complementing rodent repair deficiency, complementation group 8"
"ACSM1",116285,"acyl-CoA synthetase medium-chain family member 1"
"LYPD1",116372,"LY6/PLAUR domain containing 1"
"CKS2",1164,"CDC28 protein kinase regulatory subunit 2"
"RPL39L",116832,"ribosomal protein L39-like"
"ARAP1",116985,"centaurin, delta 2"
"AGAP2",116986,"centaurin, gamma 1"
"AGAP1",116987,"centaurin, gamma 2"
"ADCYAP1",116,"adenylate cyclase activating polypeptide 1 (pituitary)"
"SSX2IP",117178,"synovial sarcoma, X breakpoint 2 interacting protein"
"FTSJ3",117246,"FtsJ homolog 3 (E. coli)"
"AP2M1",1173,"adaptor-related protein complex 2, mu 1 subunit"
"AP1S1",1174,"adaptor-related protein complex 1, sigma 1 subunit"
"AP2S1",1175,"adaptor-related protein complex 2, sigma 1 subunit"
"CLC",1178,"Charcot-Leyden crystal protein"
"CLCA1",1179,"chloride channel, calcium activated, family member 1"
"ADCYAP1R1",117,"adenylate cyclase activating polypeptide 1 (pituitary) receptor type I"
"CLCN1",1180,"chloride channel 1, skeletal muscle (Thomsen disease, autosomal dominant)"
"CLCN2",1181,"chloride channel 2"
"CLCN3",1182,"chloride channel 3"
"CLCN4",1183,"chloride channel 4"
"CLCN5",1184,"chloride channel 5 (nephrolithiasis 2, X-linked, Dent disease)"
"CLCN6",1185,"chloride channel 6"
"CLCN7",1186,"chloride channel 7"
"CLCNKB",1188,"chloride channel Kb"
"ADD1",118,"adducin 1 (alpha)"
"CLU",1191,"clusterin"
"CLIC1",1192,"chloride intracellular channel 1"
"CLIC2",1193,"chloride intracellular channel 2"
"CLK1",1195,"CDC-like kinase 1"
"CLK2",1196,"CDC-like kinase 2"
"CLK3",1198,"CDC-like kinase 3"
"ADD2",119,"adducin 2 (beta)"
"TPP1",1200,"tripeptidyl peptidase I"
"CLN3",1201,"ceroid-lipofuscinosis, neuronal 3, juvenile (Batten, Spielmeyer-Vogt disease)"
"CLN5",1203,"ceroid-lipofuscinosis, neuronal 5"
"DNAJC24",120526,"DPH4, JJJ3 homolog (S. cerevisiae)"
"CLNS1A",1207,"chloride channel, nucleotide-sensitive, 1A"
"CLPS",1208,"colipase, pancreatic"
"ADD3",120,"adducin 3 (gamma)"
"CLTA",1211,"clathrin, light chain (Lca)"
"CLTB",1212,"clathrin, light chain (Lcb)"
"CLTC",1213,"clathrin, heavy chain (Hc)"
"CMA1",1215,"chymase 1, mast cell"
"CCR1",1230,"chemokine (C-C motif) receptor 1"
"CCR3",1232,"chemokine (C-C motif) receptor 3"
"CCR4",1233,"chemokine (C-C motif) receptor 4"
"CCR5",1234,"chemokine (C-C motif) receptor 5"
"CCR6",1235,"chemokine (C-C motif) receptor 6"
"CCR7",1236,"chemokine (C-C motif) receptor 7"
"CCR8",1237,"chemokine (C-C motif) receptor 8"
"NTAN1",123803,"N-terminal asparagine amidase"
"DNAAF1",123872,"leucine rich repeat containing 50"
"ACKR2",1238,"chemokine binding protein 2"
"PLIN2",123,"adipose differentiation-related protein"
"SPATA2L",124044,"spermatogenesis associated 2-like"
"CMKLR1",1240,"chemokine-like receptor 1"
"IQCK",124152,"IQ motif containing K"
"LTB4R",1241,"leukotriene B4 receptor"
"ABCC2",1244,"ATP-binding cassette, sub-family C (CFTR/MRP), member 2"
"CANT1",124583,"calcium activated nucleotidase 1"
"ADH1A",124,"alcohol dehydrogenase 1A (class I), alpha polypeptide"
"ZNF816",125893,"zinc finger protein 816A"
"CNGB1",1258,"cyclic nucleotide gated channel beta 1"
"CNGA1",1259,"cyclic nucleotide gated channel alpha 1"
"ADH1B",125,"alcohol dehydrogenase IB (class I), beta polypeptide"
"CNGA3",1261,"cyclic nucleotide gated channel alpha 3"
"ZNF787",126208,"zinc finger protein 787"
"MISP",126353,"chromosome 19 open reading frame 21"
"HSPB6",126393,"heat shock protein, alpha-crystallin-related, B6"
"PLK3",1263,"polo-like kinase 3 (Drosophila)"
"CNN1",1264,"calponin 1, basic, smooth muscle"
"CNN2",1265,"calponin 2"
"CNP",1267,"2',3'-cyclic nucleotide 3' phosphodiesterase"
"CNR1",1268,"cannabinoid receptor 1 (brain)"
"CNR2",1269,"cannabinoid receptor 2 (macrophage)"
"ADH1C",126,"alcohol dehydrogenase 1C (class I), gamma polypeptide"
"CNTF",1270,"ciliary neurotrophic factor"
"CNTFR",1271,"ciliary neurotrophic factor receptor"
"CNTN1",1272,"contactin 1"
"RNF19B",127544,"ring finger protein 19B"
"COL1A1",1277,"collagen, type I, alpha 1"
"COL1A2",1278,"collagen, type I, alpha 2"
"COL2A1",1280,"collagen, type II, alpha 1 (primary osteoarthritis, spondyloepiphyseal dysplasia, congenital)"
"COL3A1",1281,"collagen, type III, alpha 1 (Ehlers-Danlos syndrome type IV, autosomal dominant)"
"COL4A1",1282,"collagen, type IV, alpha 1"
"COL4A2",1284,"collagen, type IV, alpha 2"
"COL4A3",1285,"collagen, type IV, alpha 3 (Goodpasture antigen)"
"COL4A4",1286,"collagen, type IV, alpha 4"
"COL4A5",1287,"collagen, type IV, alpha 5 (Alport syndrome)"
"COL4A6",1288,"collagen, type IV, alpha 6"
"COL5A1",1289,"collagen, type V, alpha 1"
"ADH5",128,"alcohol dehydrogenase 5 (class III), chi polypeptide"
"EMID1",129080,"EMI domain containing 1"
"COL5A2",1290,"collagen, type V, alpha 2"
"COL6A1",1291,"collagen, type VI, alpha 1"
"COL6A2",1292,"collagen, type VI, alpha 2"
"COL6A3",1293,"collagen, type VI, alpha 3"
"COL7A1",1294,"collagen, type VII, alpha 1 (epidermolysis bullosa, dystrophic, dominant and recessive)"
"COL8A2",1296,"collagen, type VIII, alpha 2"
"COL9A1",1297,"collagen, type IX, alpha 1"
"COL9A2",1298,"collagen, type IX, alpha 2"
"COL9A3",1299,"collagen, type IX, alpha 3"
"SERPINA3",12,"serpin peptidase inhibitor, clade A (alpha-1 antiproteinase, antitrypsin), member 3"
"COL10A1",1300,"collagen, type X, alpha 1(Schmid metaphyseal chondrodysplasia)"
"COL11A1",1301,"collagen, type XI, alpha 1"
"COL11A2",1302,"collagen, type XI, alpha 2"
"COL13A1",1305,"collagen, type XIII, alpha 1"
"COL15A1",1306,"collagen, type XV, alpha 1"
"COL16A1",1307,"collagen, type XVI, alpha 1"
"COL17A1",1308,"collagen, type XVII, alpha 1"
"MTERF4",130916,"MTERF domain containing 2"
"ADH6",130,"alcohol dehydrogenase 6 (class V)"
"COL19A1",1310,"collagen, type XIX, alpha 1"
"COMP",1311,"cartilage oligomeric matrix protein"
"COMT",1312,"catechol-O-methyltransferase"
"COPA",1314,"coatomer protein complex, subunit alpha"
"COPB1",1315,"coatomer protein complex, subunit beta 1"
"TPRA1",131601,"G protein-coupled receptor 175"
"KLF6",1316,"Kruppel-like factor 6"
"SLC31A1",1317,"solute carrier family 31 (copper transporters), member 1"
"SLC31A2",1318,"solute carrier family 31 (copper transporters), member 2"
"ADH7",131,"alcohol dehydrogenase 7 (class IV), mu or sigma polypeptide"
"MAP3K8",1326,"mitogen-activated protein kinase kinase kinase 8"
"COX4I1",1327,"cytochrome c oxidase subunit IV isoform 1"
"COX5B",1329,"cytochrome c oxidase subunit Vb"
"ADK",132,"adenosine kinase"
"PRRC1",133619,"proline-rich coiled-coil 1"
"COX6A2",1339,"cytochrome c oxidase subunit VIa polypeptide 2"
"ADM",133,"adrenomedullin"
"COX6B1",1340,"cytochrome c oxidase subunit Vib polypeptide 1 (ubiquitous)"
"COX6C",1345,"cytochrome c oxidase subunit VIc"
"COX7A1",1346,"cytochrome c oxidase subunit VIIa polypeptide 1 (muscle)"
"COX7A2",1347,"cytochrome c oxidase subunit VIIa polypeptide 2 (liver)"
"COX7B",1349,"cytochrome c oxidase subunit VIIb"
"ADORA1",134,"adenosine A1 receptor"
"COX7C",1350,"cytochrome c oxidase subunit VIIc"
"PACRG",135138,"PARK2 co-regulated"
"COX8A",1351,"cytochrome c oxidase subunit 8A (ubiquitous)"
"COX10",1352,"COX10 homolog, cytochrome c oxidase assembly protein, heme A: farnesyltransferase (yeast)"
"COX11",1353,"COX11 homolog, cytochrome c oxidase assembly protein (yeast)"
"COX15",1355,"COX15 homolog, cytochrome c oxidase assembly protein (yeast)"
"CP",1356,"ceruloplasmin (ferroxidase)"
"CPA1",1357,"carboxypeptidase A1 (pancreatic)"
"CPA2",1358,"carboxypeptidase A2 (pancreatic)"
"CPA3",1359,"carboxypeptidase A3 (mast cell)"
"ADORA2A",135,"adenosine A2a receptor"
"CPB1",1360,"carboxypeptidase B1 (tissue)"
"CPB2",1361,"carboxypeptidase B2 (plasma)"
"CPD",1362,"carboxypeptidase D"
"CPE",1363,"carboxypeptidase E"
"CLDN4",1364,"claudin 4"
"CLDN3",1365,"claudin 3"
"CLDN7",1366,"claudin 7"
"CPM",1368,"carboxypeptidase M"
"CPN1",1369,"carboxypeptidase N, polypeptide 1"
"ADORA2B",136,"adenosine A2b receptor"
"CPN2",1370,"carboxypeptidase N, polypeptide 2"
"CPOX",1371,"coproporphyrinogen oxidase"
"CPS1",1373,"carbamoyl-phosphate synthetase 1, mitochondrial"
"CPT1A",1374,"carnitine palmitoyltransferase 1A (liver)"
"CPT1B",1375,"carnitine palmitoyltransferase 1B (muscle)"
"CPT2",1376,"carnitine palmitoyltransferase II"
"UBXN2B",137886,"hypothetical protein LOC137886"
"CR1",1378,"complement component (3b/4b) receptor 1 (Knops blood group)"
"RALYL",138046,"RALY RNA binding protein-like"
"HGSNAT",138050,"heparan-alpha-glucosaminide N-acetyltransferase"
"CR2",1380,"complement component (3d/Epstein Barr virus) receptor 2"
"PIERCE1",138162,"chromosome 9 open reading frame 116"
"CRABP1",1381,"cellular retinoic acid binding protein 1"
"CRABP2",1382,"cellular retinoic acid binding protein 2"
"CRAT",1384,"carnitine acetyltransferase"
"CREB1",1385,"cAMP responsive element binding protein 1"
"ATF2",1386,"activating transcription factor 2"
"CREBBP",1387,"CREB binding protein (Rubinstein-Taybi syndrome)"
"ATF6B",1388,"cAMP responsive element binding protein-like 1"
"CREBL2",1389,"cAMP responsive element binding protein-like 2"
"CREM",1390,"cAMP responsive element modulator"
"CRH",1392,"corticotropin releasing hormone"
"APOOL",139322,"apolipoprotein O-like"
"CRHBP",1393,"corticotropin releasing hormone binding protein"
"CRHR1",1394,"corticotropin releasing hormone receptor 1"
"CRHR2",1395,"corticotropin releasing hormone receptor 2"
"CRIP1",1396,"cysteine-rich protein 1 (intestinal)"
"CRK",1398,"v-crk sarcoma virus CT10 oncogene homolog (avian)"
"CRKL",1399,"v-crk sarcoma virus CT10 oncogene homolog (avian)-like"
"AADAC",13,"arylacetamide deacetylase (esterase)"
"CRMP1",1400,"collapsin response mediator protein 1"
"CRP",1401,"C-reactive protein, pentraxin-related"
"ASB6",140459,"ankyrin repeat and SOCS box-containing 6"
"ASB7",140460,"ankyrin repeat and SOCS box-containing 7"
"ASB8",140461,"ankyrin repeat and SOCS box-containing 8"
"ASB9",140462,"ankyrin repeat and SOCS box-containing 9"
"MYL6B",140465,"myosin, light chain 6B, alkali, smooth muscle and non-muscle"
"HAPLN1",1404,"hyaluronan and proteoglycan link protein 1"
"TCEAL2",140597,"transcription elongation factor A (SII)-like 2"
"CRX",1406,"cone-rod homeobox"
"CRY1",1407,"cryptochrome 1 (photolyase-like)"
"RPL10L",140801,"ribosomal protein L10-like"
"TRPM6",140803,"transient receptor potential cation channel, subfamily M, member 6"
"SIRPA",140885,"signal-regulatory protein alpha"
"SREK1",140890,"splicing factor, arginine/serine-rich 12"
"CRY2",1408,"cryptochrome 2 (photolyase-like)"
"CRYAA",1409,"crystallin, alpha A"
"ADORA3",140,"adenosine A3 receptor"
"CRYAB",1410,"crystallin, alpha B"
"CRYBA1",1411,"crystallin, beta A1"
"CRYBA2",1412,"crystallin, beta A2"
"CRYBA4",1413,"crystallin, beta A4"
"CRYBB1",1414,"crystallin, beta B1"
"CRYBB2",1415,"crystallin, beta B2"
"CRYBB3",1417,"crystallin, beta B3"
"CRYGA",1418,"crystallin, gamma A"
"CRYGB",1419,"crystallin, gamma B"
"CRYGC",1420,"crystallin, gamma C"
"CRYGD",1421,"crystallin, gamma D"
"RAB40A",142684,"RAB40A, member RAS oncogene family"
"CRYM",1428,"crystallin, mu"
"CRYZ",1429,"crystallin, zeta (quinone reductase)"
"PARP1",142,"poly (ADP-ribose) polymerase family, member 1"
"CS",1431,"citrate synthase"
"MAPK14",1432,"mitogen-activated protein kinase 14"
"CSE1L",1434,"CSE1 chromosome segregation 1-like (yeast)"
"CSF1",1435,"colony stimulating factor 1 (macrophage)"
"CSF1R",1436,"colony stimulating factor 1 receptor, formerly McDonough feline sarcoma viral (v-fms) oncogene homolog"
"CSF2",1437,"colony stimulating factor 2 (granulocyte-macrophage)"
"CSF3",1440,"colony stimulating factor 3 (granulocyte)"
"CSF3R",1441,"colony stimulating factor 3 receptor (granulocyte)"
"CSH1",1442,"chorionic somatomammotropin hormone 1 (placental lactogen)"
"CSH2",1443,"chorionic somatomammotropin hormone 2"
"CSHL1",1444,"chorionic somatomammotropin hormone-like 1"
"CSK",1445,"c-src tyrosine kinase"
"CSN1S1",1446,"casein alpha s1"
"CSN2",1447,"casein beta"
"CSN3",1448,"casein kappa"
"CSNK1A1",1452,"casein kinase 1, alpha 1"
"CSNK1D",1453,"casein kinase 1, delta"
"CSNK1E",1454,"casein kinase 1, epsilon"
"CSNK1G2",1455,"casein kinase 1, gamma 2"
"CSNK1G3",1456,"casein kinase 1, gamma 3"
"CSNK2A1",1457,"casein kinase 2, alpha 1 polypeptide"
"CSNK2A2",1459,"casein kinase 2, alpha prime polypeptide"
"CSNK2B",1460,"casein kinase 2, beta polypeptide"
"VCAN",1462,"versican"
"NCAN",1463,"neurocan"
"CSPG4",1464,"chondroitin sulfate proteoglycan 4"
"CSRP1",1465,"cysteine and glycine-rich protein 1"
"SLC25A10",1468,"solute carrier family 25 (mitochondrial carrier; dicarboxylate transporter), member 10"
"CST1",1469,"cystatin SN"
"ADRA1D",146,"adrenergic, alpha-1D-, receptor"
"CST2",1470,"cystatin SA"
"WIPF2",147179,"WAS/WASL interacting protein family, member 2"
"CST3",1471,"cystatin C (amyloid angiopathy and cerebral hemorrhage)"
"CST4",1472,"cystatin S"
"ARK2N",147339,"chromosome 18 open reading frame 25"
"CST6",1474,"cystatin E/M"
"CSTA",1475,"cystatin A (stefin A)"
"CSTB",1476,"cystatin B (stefin B)"
"CSTF1",1477,"cleavage stimulation factor, 3' pre-RNA, subunit 1, 50kDa"
"CSTF2",1478,"cleavage stimulation factor, 3' pre-RNA, subunit 2, 64kDa"
"SIX5",147912,"SIX homeobox 5"
"CSTF3",1479,"cleavage stimulation factor, 3' pre-RNA, subunit 3, 77kDa"
"ADRA1B",147,"adrenergic, alpha-1B-, receptor"
"TICAM1",148022,"toll-like receptor adaptor molecule 1"
"ZNRF4",148066,"zinc and ring finger 4"
"ATP8B3",148229,"ATPase, Class I, type 8B, member 3"
"NKX2-5",1482,"NK2 transcription factor related, locus 5 (Drosophila)"
"CTBS",1486,"chitobiase, di-N-acetyl-"
"CTBP1",1487,"C-terminal binding protein 1"
"CTBP2",1488,"C-terminal binding protein 2"
"CTF1",1489,"cardiotrophin 1"
"ADRA1A",148,"adrenergic, alpha-1A-, receptor"
"CCN2",1490,"connective tissue growth factor"
"CNIH3",149111,"cornichon homolog 3 (Drosophila)"
"CTH",1491,"cystathionase (cystathionine gamma-lyase)"
"CTLA4",1493,"cytotoxic T-lymphocyte-associated protein 4"
"CTNNA1",1495,"catenin (cadherin-associated protein), alpha 1, 102kDa"
"RNF187",149603,"ring finger protein 187"
"CTNNA2",1496,"catenin (cadherin-associated protein), alpha 2"
"CTNS",1497,"cystinosis, nephropathic"
"CTNNB1",1499,"catenin (cadherin-associated protein), beta 1, 88kDa"
"AAMP",14,"angio-associated, migratory cell protein"
"SIK1",150094,"SNF1-like kinase"
"CTNND1",1500,"catenin (cadherin-associated protein), delta 1"
"CCT8L2",150160,"chaperonin containing TCP1, subunit 8 (theta)-like 2"
"CTNND2",1501,"catenin (cadherin-associated protein), delta 2 (neural plakophilin-related arm-repeat protein)"
"CTPS1",1503,"CTP synthase"
"CTRL",1506,"chymotrypsin-like"
"FBXO41",150726,"F-box protein 41"
"CTSB",1508,"cathepsin B"
"CTSD",1509,"cathepsin D"
"ADRA2A",150,"adrenergic, alpha-2A-, receptor"
"SEPTIN10",151011,"septin 10"
"KANSL1L",151050,"hypothetical protein FLJ23861"
"CTSE",1510,"cathepsin E"
"CTSG",1511,"cathepsin G"
"CTSH",1512,"cathepsin H"
"CTSK",1513,"cathepsin K"
"CTSL",1514,"cathepsin L1"
"CTSV",1515,"cathepsin L2"
"PPP4R2",151987,"protein phosphatase 4, regulatory subunit 2"
"CTSO",1519,"cathepsin O"
"ADRA2B",151,"adrenergic, alpha-2B-, receptor"
"RNF38",152006,"ring finger protein 38"
"CTSS",1520,"cathepsin S"
"SPICE1",152185,"coiled-coil domain containing 52"
"CTSW",1521,"cathepsin W"
"CTSZ",1522,"cathepsin Z"
"CUX1",1523,"cut-like 1, CCAAT displacement protein (Drosophila)"
"CX3CR1",1524,"chemokine (C-X3-C motif) receptor 1"
"PAQR3",152559,"progestin and adipoQ receptor family member III"
"CXADR",1525,"coxsackie virus and adenovirus receptor"
"CYB5A",1528,"cytochrome b5 type A (microsomal)"
"ADRA2C",152,"adrenergic, alpha-2C-, receptor"
"CYB561",1534,"cytochrome b-561"
"CYBA",1535,"cytochrome b-245, alpha polypeptide"
"CYBB",1536,"cytochrome b-245, beta polypeptide (chronic granulomatous disease)"
"CYC1",1537,"cytochrome c-1"
"CYLC1",1538,"cylicin, basic protein of sperm head cytoskeleton 1"
"CYLC2",1539,"cylicin, basic protein of sperm head cytoskeleton 2"
"ADRB1",153,"adrenergic, beta-1-, receptor"
"CYLD",1540,"cylindromatosis (turban tumor syndrome)"
"CYP1A1",1543,"cytochrome P450, family 1, subfamily A, polypeptide 1"
"CYP1A2",1544,"cytochrome P450, family 1, subfamily A, polypeptide 2"
"CYP1B1",1545,"cytochrome P450, family 1, subfamily B, polypeptide 1"
"RUNDC3B",154661,"RUN domain containing 3B"
"AMOT",154796,"angiomotin"
"CYP2A6",1548,"cytochrome P450, family 2, subfamily A, polypeptide 6"
"CYP2A7",1549,"cytochrome P450, family 2, subfamily A, polypeptide 7"
"ADRB2",154,"adrenergic, beta-2-, receptor, surface"
"ATP6V0E2",155066,"ATPase, H+ transporting V0 subunit e2"
"CYP3A7",1551,"cytochrome P450, family 3, subfamily A, polypeptide 7"
"CYP2A13",1553,"cytochrome P450, family 2, subfamily A, polypeptide 13"
"CYP2B6",1555,"cytochrome P450, family 2, subfamily B, polypeptide 6"
"CYP2C19",1557,"cytochrome P450, family 2, subfamily C, polypeptide 19"
"CYP2C8",1558,"cytochrome P450, family 2, subfamily C, polypeptide 8"
"CYP2C9",1559,"cytochrome P450, family 2, subfamily C, polypeptide 9"
"ADRB3",155,"adrenergic, beta-3-, receptor"
"CYP2C18",1562,"cytochrome P450, family 2, subfamily C, polypeptide 18"
"GRK2",156,"adrenergic, beta, receptor kinase 1"
"CYP2E1",1571,"cytochrome P450, family 2, subfamily E, polypeptide 1"
"CYP2J2",1573,"cytochrome P450, family 2, subfamily J, polypeptide 2"
"ANKRD46",157567,"ankyrin repeat domain 46"
"VPS13B",157680,"vacuolar protein sorting 13 homolog B (yeast)"
"CYP3A4",1576,"cytochrome P450, family 3, subfamily A, polypeptide 4"
"CYP3A5",1577,"cytochrome P450, family 3, subfamily A, polypeptide 5"
"CAMSAP1",157922,"calmodulin regulated spectrin-associated protein 1"
"CYP4A11",1579,"cytochrome P450, family 4, subfamily A, polypeptide 11"
"GRK3",157,"adrenergic, beta, receptor kinase 2"
"CYP7A1",1581,"cytochrome P450, family 7, subfamily A, polypeptide 1"
"CYP11A1",1583,"cytochrome P450, family 11, subfamily A, polypeptide 1"
"CYP11B1",1584,"cytochrome P450, family 11, subfamily B, polypeptide 1"
"CYP11B2",1585,"cytochrome P450, family 11, subfamily B, polypeptide 2"
"CYP17A1",1586,"cytochrome P450, family 17, subfamily A, polypeptide 1"
"MOSPD2",158747,"motile sperm domain containing 2"
"CYP19A1",1588,"cytochrome P450, family 19, subfamily A, polypeptide 1"
"CYP21A2",1589,"cytochrome P450, family 21, subfamily A, polypeptide 2"
"ADSL",158,"adenylosuccinate lyase"
"CYP24A1",1591,"cytochrome P450, family 24, subfamily A, polypeptide 1"
"CYP26A1",1592,"cytochrome P450, family 26, subfamily A, polypeptide 1"
"CYP27A1",1593,"cytochrome P450, family 27, subfamily A, polypeptide 1"
"CYP27B1",1594,"cytochrome P450, family 27, subfamily B, polypeptide 1"
"CYP51A1",1595,"cytochrome P450, family 51, subfamily A, polypeptide 1"
"ADSS2",159,"adenylosuccinate synthase"
"AANAT",15,"arylalkylamine N-acetyltransferase"
"DAB1",1600,"disabled homolog 1 (Drosophila)"
"DAB2",1601,"disabled homolog 2, mitogen-responsive phosphoprotein (Drosophila)"
"DACH1",1602,"dachshund homolog 1 (Drosophila)"
"DAD1",1603,"defender against cell death 1"
"CD55",1604,"CD55 molecule, decay accelerating factor for complement (Cromer blood group)"
"DAG1",1605,"dystroglycan 1 (dystrophin-associated glycoprotein 1)"
"DGKA",1606,"diacylglycerol kinase, alpha 80kDa"
"DGKB",1607,"diacylglycerol kinase, beta 90kDa"
"DGKG",1608,"diacylglycerol kinase, gamma 90kDa"
"DGKQ",1609,"diacylglycerol kinase, theta 110kDa"
"DAO",1610,"D-amino-acid oxidase"
"DAP",1611,"death-associated protein"
"TMEM30B",161291,"transmembrane protein 30B"
"DAPK1",1612,"death-associated protein kinase 1"
"DAPK3",1613,"death-associated protein kinase 3"
"DARS1",1615,"aspartyl-tRNA synthetase"
"DAXX",1616,"death-associated protein 6"
"DAZL",1618,"deleted in azoospermia-like"
"AP2A2",161,"adaptor-related protein complex 2, alpha 2 subunit"
"BRINP1",1620,"deleted in bladder cancer 1"
"DBH",1621,"dopamine beta-hydroxylase (dopamine beta-monooxygenase)"
"DBI",1622,"diazepam binding inhibitor (GABA receptor modulator, acyl-Coenzyme A binding protein)"
"RETREG3",162427,"family with sequence similarity 134, member C"
"DBN1",1627,"drebrin 1"
"DBP",1628,"D site of albumin promoter (albumin D-box) binding protein"
"DBT",1629,"dihydrolipoamide branched chain transacylase E2"
"AP1B1",162,"adaptor-related protein complex 1, beta 1 subunit"
"DCC",1630,"deleted in colorectal carcinoma"
"ECI1",1632,"dodecenoyl-Coenzyme A delta isomerase (3,2 trans-enoyl-Coenzyme A isomerase)"
"DCK",1633,"deoxycytidine kinase"
"DCN",1634,"decorin"
"DCTD",1635,"dCMP deaminase"
"ACE",1636,"angiotensin I converting enzyme (peptidyl-dipeptidase A) 1"
"DCT",1638,"dopachrome tautomerase (dopachrome delta-isomerase, tyrosine-related protein 2)"
"DCTN1",1639,"dynactin 1 (p150, glued homolog, Drosophila)"
"AP2B1",163,"adaptor-related protein complex 2, beta 1 subunit"
"DCX",1641,"doublecortex; lissencephaly, X-linked (doublecortin)"
"DDB1",1642,"damage-specific DNA binding protein 1, 127kDa"
"DDB2",1643,"damage-specific DNA binding protein 2, 48kDa"
"DDC",1644,"dopa decarboxylase (aromatic L-amino acid decarboxylase)"
"AKR1C1",1645,"aldo-keto reductase family 1, member C1 (dihydrodiol dehydrogenase 1; 20-alpha (3-alpha)-hydroxysteroid dehydrogenase)"
"TMPRSS6",164656,"transmembrane protease, serine 6"
"AKR1C2",1646,"aldo-keto reductase family 1, member C2 (dihydrodiol dehydrogenase 2; bile acid binding protein; 3-alpha hydroxysteroid dehydrogenase, type III)"
"GADD45A",1647,"growth arrest and DNA-damage-inducible, alpha"
"DDIT3",1649,"DNA-damage-inducible transcript 3"
"AP1G1",164,"adaptor-related protein complex 1, gamma 1 subunit"
"DDOST",1650,"dolichyl-diphosphooligosaccharide-protein glycosyltransferase"
"DDT",1652,"D-dopachrome tautomerase"
"DDX1",1653,"DEAD (Asp-Glu-Ala-Asp) box polypeptide 1"
"DDX3X",1654,"DEAD (Asp-Glu-Ala-Asp) box polypeptide 3, X-linked"
"DDX5",1655,"DEAD (Asp-Glu-Ala-Asp) box polypeptide 5"
"DDX6",1656,"DEAD (Asp-Glu-Ala-Asp) box polypeptide 6"
"DMXL1",1657,"Dmx-like 1"
"DHX8",1659,"DEAH (Asp-Glu-Ala-His) box polypeptide 8"
"DHX9",1660,"DEAH (Asp-Glu-Ala-His) box polypeptide 9"
"DDX10",1662,"DEAD (Asp-Glu-Ala-Asp) box polypeptide 10"
"DDX11",1663,"DEAD/H (Asp-Glu-Ala-Asp/His) box polypeptide 11 (CHL1-like helicase homolog, S. cerevisiae)"
"DHX15",1665,"DEAH (Asp-Glu-Ala-His) box polypeptide 15"
"ADGRA3",166647,"G protein-coupled receptor 125"
"DECR1",1666,"2,4-dienoyl CoA reductase 1, mitochondrial"
"DEFA4",1669,"defensin, alpha 4, corticostatin"
"TLE5",166,"amino-terminal enhancer of split"
"DEFA5",1670,"defensin, alpha 5, Paneth cell-specific"
"DEFA6",1671,"defensin, alpha 6, Paneth cell-specific"
"DCP2",167227,"DCP2 decapping enzyme homolog (S. cerevisiae)"
"DEFB1",1672,"defensin, beta 1"
"DES",1674,"desmin"
"CFD",1675,"complement factor D (adipsin)"
"DFFA",1676,"DNA fragmentation factor, 45kDa, alpha polypeptide"
"DFFB",1677,"DNA fragmentation factor, 40kDa, beta polypeptide (caspase-activated DNase)"
"TIMM8A",1678,"translocase of inner mitochondrial membrane 8 homolog A (yeast)"
"CRISP1",167,"cysteine-rich secretory protein 1"
"ZNF467",168544,"zinc finger protein 467"
"GSDME",1687,"deafness, autosomal dominant 5"
"COCH",1690,"coagulation factor C homolog, cochlin (Limulus polyphemus)"
"KCNV2",169522,"potassium channel, subfamily V, member 2"
"AARS1",16,"alanyl-tRNA synthetase"
"PSORS1C1",170679,"psoriasis susceptibility 1 candidate 1"
"PSORS1C2",170680,"psoriasis susceptibility 1 candidate 2"
"ZNF384",171017,"zinc finger protein 384"
"ASXL1",171023,"additional sex combs like 1 (Drosophila)"
"SPTSSA",171546,"chromosome 14 open reading frame 147"
"PTCRA",171558,"pre T-cell antigen receptor alpha"
"DGUOK",1716,"deoxyguanosine kinase"
"DHCR7",1717,"7-dehydrocholesterol reductase"
"DHCR24",1718,"24-dehydrocholesterol reductase"
"DHODH",1723,"dihydroorotate dehydrogenase"
"DHPS",1725,"deoxyhypusine synthase"
"CYB5R3",1727,"cytochrome b5 reductase 3"
"NQO1",1728,"NAD(P)H dehydrogenase, quinone 1"
"DIAPH1",1729,"diaphanous homolog 1 (Drosophila)"
"DIAPH2",1730,"diaphanous homolog 2 (Drosophila)"
"DIO1",1733,"deiodinase, iodothyronine, type I"
"DIO2",1734,"deiodinase, iodothyronine, type II"
"DIO3",1735,"deiodinase, iodothyronine, type III"
"DKC1",1736,"dyskeratosis congenita 1, dyskerin"
"DLAT",1737,"dihydrolipoamide S-acetyltransferase (E2 component of pyruvate dehydrogenase complex)"
"DLD",1738,"dihydrolipoamide dehydrogenase"
"DLG1",1739,"discs, large homolog 1 (Drosophila)"
"AFM",173,"afamin"
"DLG2",1740,"discs, large homolog 2, chapsyn-110 (Drosophila)"
"DLG3",1741,"discs, large homolog 3 (neuroendocrine-dlg, Drosophila)"
"DLG4",1742,"discs, large homolog 4 (Drosophila)"
"DLST",1743,"dihydrolipoamide S-succinyltransferase (E2 component of 2-oxo-glutarate complex)"
"DLX2",1746,"distal-less homeobox 2"
"DLX5",1749,"distal-less homeobox 5"
"AFP",174,"alpha-fetoprotein"
"DLX6",1750,"distal-less homeobox 6"
"DMBT1",1755,"deleted in malignant brain tumors 1"
"DMD",1756,"dystrophin (muscular dystrophy, Duchenne and Becker types)"
"SARDH",1757,"sarcosine dehydrogenase"
"DMP1",1758,"dentin matrix acidic phosphoprotein"
"DNM1",1759,"dynamin 1"
"AGA",175,"aspartylglucosaminidase"
"DMPK",1760,"dystrophia myotonica-protein kinase"
"DMRT1",1761,"doublesex and mab-3 related transcription factor 1"
"DMWD",1762,"dystrophia myotonica, WD repeat containing"
"DNA2",1763,"DNA2 DNA replication helicase 2-like (yeast)"
"ACAN",176,"aggrecan"
"DNAH9",1770,"dynein, axonemal, heavy chain 9"
"DNASE1",1773,"deoxyribonuclease I"
"DNASE1L2",1775,"deoxyribonuclease I-like 2"
"DNASE2",1777,"deoxyribonuclease II, lysosomal"
"DYNC1H1",1778,"dynein, cytoplasmic 1, heavy chain 1"
"AGER",177,"advanced glycosylation end product-specific receptor"
"DYNC1I1",1780,"dynein, cytoplasmic 1, intermediate chain 1"
"DYNC1LI2",1783,"dynein, cytoplasmic 1, light intermediate chain 2"
"DNM2",1785,"dynamin 2"
"DNMT1",1786,"DNA (cytosine-5-)-methyltransferase 1"
"TRDMT1",1787,"tRNA aspartic acid methyltransferase 1"
"DNMT3A",1788,"DNA (cytosine-5-)-methyltransferase 3 alpha"
"DNMT3B",1789,"DNA (cytosine-5-)-methyltransferase 3 beta"
"AGL",178,"amylo-1, 6-glucosidase, 4-alpha-glucanotransferase (glycogen debranching enzyme, glycogen storage disease type III)"
"DNTT",1791,"deoxynucleotidyltransferase, terminal"
"DOCK1",1793,"dedicator of cytokinesis 1"
"DOCK2",1794,"dedicator of cytokinesis 2"
"DOCK3",1795,"dedicator of cytokinesis 3"
"DOK1",1796,"docking protein 1, 62kDa (downstream of tyrosine kinase 1)"
"DXO",1797,"dom-3 homolog Z (C. elegans)"
"DPAGT1",1798,"dolichyl-phosphate (UDP-N-acetylglucosamine) N-acetylglucosaminephosphotransferase 1 (GlcNAc-1-P transferase)"
"DPH2",1802,"DPH2 homolog (S. cerevisiae)"
"DPP4",1803,"dipeptidyl-peptidase 4 (CD26, adenosine deaminase complexing protein 2)"
"DPP6",1804,"dipeptidyl-peptidase 6"
"DPT",1805,"dermatopontin"
"DPYD",1806,"dihydropyrimidine dehydrogenase"
"DPYS",1807,"dihydropyrimidinase"
"DPYSL2",1808,"dihydropyrimidinase-like 2"
"DPYSL3",1809,"dihydropyrimidinase-like 3"
"DR1",1810,"down-regulator of transcription 1, TBP-binding (negative cofactor 2)"
"SLC26A3",1811,"solute carrier family 26, member 3"
"DRD1",1812,"dopamine receptor D1"
"DRD2",1813,"dopamine receptor D2"
"DRD3",1814,"dopamine receptor D3"
"DRD4",1815,"dopamine receptor D4"
"DRD5",1816,"dopamine receptor D5"
"DRG2",1819,"developmentally regulated GTP binding protein 2"
"AGRP",181,"agouti related protein homolog (mouse)"
"ARID3A",1820,"AT rich interactive domain 3A (BRIGHT-like)"
"DRP2",1821,"dystrophin related protein 2"
"ATN1",1822,"atrophin 1"
"DSC1",1823,"desmocollin 1"
"DSC2",1824,"desmocollin 2"
"DSC3",1825,"desmocollin 3"
"DSCAM",1826,"Down syndrome cell adhesion molecule"
"RCAN1",1827,"regulator of calcineurin 1"
"DSG1",1828,"desmoglein 1"
"JAG1",182,"jagged 1 (Alagille syndrome)"
"DSG3",1830,"desmoglein 3 (pemphigus vulgaris antigen)"
"TSC22D3",1831,"TSC22 domain family, member 3"
"DSP",1832,"desmoplakin"
"DSPP",1834,"dentin sialophosphoprotein"
"SLC26A2",1836,"solute carrier family 26 (sulfate transporter), member 2"
"DTNA",1837,"dystrobrevin, alpha"
"DTNB",1838,"dystrobrevin, beta"
"HBEGF",1839,"heparin-binding EGF-like growth factor"
"AGT",183,"angiotensinogen (serpin peptidase inhibitor, clade A, member 8)"
"DTYMK",1841,"deoxythymidylate kinase (thymidylate kinase)"
"ECM2",1842,"extracellular matrix protein 2, female organ and adipocyte specific"
"DUSP1",1843,"dual specificity phosphatase 1"
"DUSP2",1844,"dual specificity phosphatase 2"
"DUSP3",1845,"dual specificity phosphatase 3 (vaccinia virus phosphatase VH1-related)"
"DUSP4",1846,"dual specificity phosphatase 4"
"DUSP5",1847,"dual specificity phosphatase 5"
"DUSP6",1848,"dual specificity phosphatase 6"
"DUSP7",1849,"dual specificity phosphatase 7"
"DUSP8",1850,"dual specificity phosphatase 8"
"DUSP9",1852,"dual specificity phosphatase 9"
"DUT",1854,"dUTP pyrophosphatase"
"DVL1",1855,"dishevelled, dsh homolog 1 (Drosophila)"
"DVL2",1856,"dishevelled, dsh homolog 2 (Drosophila)"
"DVL3",1857,"dishevelled, dsh homolog 3 (Drosophila)"
"DYRK1A",1859,"dual-specificity tyrosine-(Y)-phosphorylation regulated kinase 1A"
"AGTR1",185,"angiotensin II receptor, type 1"
"TOR1A",1861,"torsin family 1, member A (torsin A)"
"E2F1",1869,"E2F transcription factor 1"
"AGTR2",186,"angiotensin II receptor, type 2"
"E2F2",1870,"E2F transcription factor 2"
"E2F3",1871,"E2F transcription factor 3"
"E2F4",1874,"E2F transcription factor 4, p107/p130-binding"
"E2F5",1875,"E2F transcription factor 5, p130-binding"
"E4F1",1877,"E4F transcription factor 1"
"APLNR",187,"angiotensin II receptor-like 1"
"GPR183",1880,"Epstein-Barr virus induced gene 2 (lymphocyte-specific G protein-coupled receptor)"
"ECE1",1889,"endothelin converting enzyme 1"
"TYMP",1890,"endothelial cell growth factor 1 (platelet-derived)"
"ECH1",1891,"enoyl Coenzyme A hydratase 1, peroxisomal"
"ECHS1",1892,"enoyl Coenzyme A hydratase, short chain, 1, mitochondrial"
"ECM1",1893,"extracellular matrix protein 1"
"ECT2",1894,"epithelial cell transforming sequence 2 oncogene"
"EDA",1896,"ectodysplasin A"
"AGXT",189,"alanine-glyoxylate aminotransferase"
"ABAT",18,"4-aminobutyrate aminotransferase"
"S1PR1",1901,"endothelial differentiation, sphingolipid G-protein-coupled receptor, 1"
"LPAR1",1902,"endothelial differentiation, lysophosphatidic acid G-protein-coupled receptor, 2"
"EDN1",1906,"endothelin 1"
"EDN2",1907,"endothelin 2"
"EDN3",1908,"endothelin 3"
"EDNRA",1909,"endothelin receptor type A"
"NR0B1",190,"nuclear receptor subfamily 0, group B, member 1"
"EDNRB",1910,"endothelin receptor type B"
"PHC2",1912,"polyhomeotic homolog 2 (Drosophila)"
"EEF1A2",1917,"eukaryotic translation elongation factor 1 alpha 2"
"AHCY",191,"S-adenosylhomocysteine hydrolase"
"HIGD2A",192286,"HIG1 domain family, member 2A"
"KRT24",192666,"keratin 24"
"AGO3",192669,"eukaryotic translation initiation factor 2C, 3"
"AGO4",192670,"eukaryotic translation initiation factor 2C, 4"
"EEF1D",1936,"eukaryotic translation elongation factor 1 delta (guanine nucleotide exchange protein)"
"EEF2",1938,"eukaryotic translation elongation factor 2"
"EIF2D",1939,"ligatin"
"EFNA1",1942,"ephrin-A1"
"EFNA2",1943,"ephrin-A2"
"EFNA3",1944,"ephrin-A3"
"EFNA4",1945,"ephrin-A4"
"EFNA5",1946,"ephrin-A5"
"EFNB1",1947,"ephrin-B1"
"EFNB2",1948,"ephrin-B2"
"EFNB3",1949,"ephrin-B3"
"EGF",1950,"epidermal growth factor (beta-urogastrone)"
"CELSR3",1951,"cadherin, EGF LAG seven-pass G-type receptor 3 (flamingo homolog, Drosophila)"
"CELSR2",1952,"cadherin, EGF LAG seven-pass G-type receptor 2 (flamingo homolog, Drosophila)"
"MEGF6",1953,"multiple EGF-like-domains 6"
"MEGF8",1954,"multiple EGF-like-domains 8"
"EGFR",1956,"epidermal growth factor receptor (erythroblastic leukemia viral (v-erb-b) oncogene homolog, avian)"
"EGR1",1958,"early growth response 1"
"EGR2",1959,"early growth response 2 (Krox-20 homolog, Drosophila)"
"EGR3",1960,"early growth response 3"
"EGR4",1961,"early growth response 4"
"EHHADH",1962,"enoyl-Coenzyme A, hydratase/3-hydroxyacyl Coenzyme A dehydrogenase"
"DTX3",196403,"deltex 3 homolog (Drosophila)"
"ZFC3H1",196441,"coiled-coil domain containing 131"
"EIF1AX",1964,"eukaryotic translation initiation factor 1A, X-linked"
"EIF2S1",1965,"eukaryotic translation initiation factor 2, subunit 1 alpha, 35kDa"
"PAOX",196743,"polyamine oxidase (exo-N4-amino)"
"EIF2B1",1967,"eukaryotic translation initiation factor 2B, subunit 1 alpha, 26kDa"
"EPHA2",1969,"EPH receptor A2"
"AHR",196,"aryl hydrocarbon receptor"
"EIF4A1",1973,"eukaryotic translation initiation factor 4A, isoform 1"
"EIF4A2",1974,"eukaryotic translation initiation factor 4A, isoform 2"
"EIF4E",1977,"eukaryotic translation initiation factor 4E"
"EIF4EBP1",1978,"eukaryotic translation initiation factor 4E binding protein 1"
"EIF4EBP2",1979,"eukaryotic translation initiation factor 4E binding protein 2"
"AHSG",197,"alpha-2-HS-glycoprotein"
"EIF4G1",1981,"eukaryotic translation initiation factor 4 gamma, 1"
"EIF4G2",1982,"eukaryotic translation initiation factor 4 gamma, 2"
"EIF5",1983,"eukaryotic translation initiation factor 5"
"EIF5A",1984,"eukaryotic translation initiation factor 5A"
"ELANE",1991,"elastase 2, neutrophil"
"SERPINB1",1992,"serpin peptidase inhibitor, clade B (ovalbumin), member 1"
"ELAVL2",1993,"ELAV (embryonic lethal, abnormal vision, Drosophila)-like 2 (Hu antigen B)"
"ELAVL1",1994,"ELAV (embryonic lethal, abnormal vision, Drosophila)-like 1 (Hu antigen R)"
"ELAVL3",1995,"ELAV (embryonic lethal, abnormal vision, Drosophila)-like 3 (Hu antigen C)"
"ELAVL4",1996,"ELAV (embryonic lethal, abnormal vision, Drosophila)-like 4 (Hu antigen D)"
"CADM4",199731,"cell adhesion molecule 4"
"ELF2",1998,"E74-like factor 2 (ets domain transcription factor)"
"ELF3",1999,"E74-like factor 3 (ets domain transcription factor, epithelial-specific )"
"AIF1",199,"allograft inflammatory factor 1"
"ABCA1",19,"ATP-binding cassette, sub-family A (ABC1), member 1"
"TXLNA",200081,"taxilin alpha"
"ELF4",2000,"E74-like factor 4 (ets domain transcription factor)"
"ELF5",2001,"E74-like factor 5 (ets domain transcription factor)"
"ELK1",2002,"ELK1, member of ETS oncogene family"
"APOBEC3A",200315,"apolipoprotein B mRNA editing enzyme, catalytic polypeptide-like 3A"
"APOBEC3F",200316,"apolipoprotein B mRNA editing enzyme, catalytic polypeptide-like 3F"
"TET3",200424,"hypothetical protein MGC22014"
"PIKFYVE",200576,"phosphatidylinositol-3-phosphate/phosphatidylinositol 5-kinase, type III"
"ELK4",2005,"ELK4, ETS-domain protein (SRF accessory protein 1)"
"ELN",2006,"elastin (supravalvular aortic stenosis, Williams-Beuren syndrome)"
"SPRED2",200734,"sprouty-related, EVH1 domain containing 2"
"EML1",2009,"echinoderm microtubule associated protein like 1"
"EMD",2010,"emerin (Emery-Dreifuss muscular dystrophy)"
"MARK2",2011,"MAP/microtubule affinity-regulating kinase 2"
"CENPX",201254,"stimulated by retinoic acid 13 homolog (mouse)"
"EMP1",2012,"epithelial membrane protein 1"
"EMP2",2013,"epithelial membrane protein 2"
"EMP3",2014,"epithelial membrane protein 3"
"HACD2",201562,"protein tyrosine phosphatase-like (proline instead of catalytic arginine), member b"
"ADGRE1",2015,"egf-like module containing, mucin-like, hormone receptor-like 1"
"EMX1",2016,"empty spiracles homeobox 1"
"CTTN",2017,"cortactin"
"EMX2",2018,"empty spiracles homeobox 2"
"EN1",2019,"engrailed homeobox 1"
"ENDOG",2021,"endonuclease G"
"ENG",2022,"endoglin (Osler-Rendu-Weber syndrome 1)"
"ENO1",2023,"enolase 1, (alpha)"
"KHDRBS2",202559,"KH domain containing, RNA binding, signal transduction associated 2"
"ENO2",2026,"enolase 2 (gamma, neuronal)"
"ENO3",2027,"enolase 3 (beta, muscle)"
"ENPEP",2028,"glutamyl aminopeptidase (aminopeptidase A)"
"ENSA",2029,"endosulfine alpha"
"CRYBG1",202,"absent in melanoma 1"
"TUBB",203068,"tubulin, beta"
"SLC29A1",2030,"solute carrier family 29 (nucleoside transporters), member 1"
"EP300",2033,"E1A binding protein p300"
"EPAS1",2034,"endothelial PAS domain protein 1"
"EPB41",2035,"erythrocyte membrane protein band 4.1 (elliptocytosis 1, RH-linked)"
"EPB41L1",2036,"erythrocyte membrane protein band 4.1-like 1"
"EPB41L2",2037,"erythrocyte membrane protein band 4.1-like 2"
"EPB42",2038,"erythrocyte membrane protein band 4.2"
"DMTN",2039,"erythrocyte membrane protein band 4.9 (dematin)"
"AK1",203,"adenylate kinase 1"
"STOM",2040,"stomatin"
"EPHA1",2041,"EPH receptor A1"
"EPHA3",2042,"EPH receptor A3"
"EPHA4",2043,"EPH receptor A4"
"EPHA5",2044,"EPH receptor A5"
"EPHA7",2045,"EPH receptor A7"
"EPHB1",2047,"EPH receptor B1"
"HIPK1",204851,"homeodomain interacting protein kinase 1"
"EPHB2",2048,"EPH receptor B2"
"EPHB3",2049,"EPH receptor B3"
"AK2",204,"adenylate kinase 2"
"EPHB4",2050,"EPH receptor B4"
"EPHB6",2051,"EPH receptor B6"
"EPHX1",2052,"epoxide hydrolase 1, microsomal (xenobiotic)"
"EPHX2",2053,"epoxide hydrolase 2, cytoplasmic"
"STX2",2054,"syntaxin 2"
"SENP5",205564,"SUMO1/sentrin specific peptidase 5"
"CLN8",2055,"ceroid-lipofuscinosis, neuronal 8 (epilepsy, progressive with mental retardation)"
"EPO",2056,"erythropoietin"
"EPOR",2057,"erythropoietin receptor"
"EPRS1",2058,"glutamyl-prolyl-tRNA synthetase"
"EPS8",2059,"epidermal growth factor receptor pathway substrate 8"
"EPS15",2060,"epidermal growth factor receptor pathway substrate 15"
"SLC36A1",206358,"solute carrier family 36 (proton/amino acid symporter), member 1"
"NR2F6",2063,"nuclear receptor subfamily 2, group F, member 6"
"ERBB2",2064,"v-erb-b2 erythroblastic leukemia viral oncogene homolog 2, neuro/glioblastoma derived oncogene homolog (avian)"
"ERBB3",2065,"v-erb-b2 erythroblastic leukemia viral oncogene homolog 3 (avian)"
"ERBB4",2066,"v-erb-a erythroblastic leukemia viral oncogene homolog 4 (avian)"
"ERCC1",2067,"excision repair cross-complementing rodent repair deficiency, complementation group 1 (includes overlapping antisense sequence)"
"ERCC2",2068,"excision repair cross-complementing rodent repair deficiency, complementation group 2 (xeroderma pigmentosum D)"
"EREG",2069,"epiregulin"
"EYA4",2070,"eyes absent homolog 4 (Drosophila)"
"ERCC3",2071,"excision repair cross-complementing rodent repair deficiency, complementation group 3 (xeroderma pigmentosum group B complementing)"
"ERCC4",2072,"excision repair cross-complementing rodent repair deficiency, complementation group 4"
"ERCC5",2073,"excision repair cross-complementing rodent repair deficiency, complementation group 5 (xeroderma pigmentosum, complementation group G (Cockayne syndrome))"
"ERCC6",2074,"excision repair cross-complementing rodent repair deficiency, complementation group 6"
"ERF",2077,"Ets2 repressor factor"
"ERG",2078,"v-ets erythroblastosis virus E26 oncogene homolog (avian)"
"ERH",2079,"enhancer of rudimentary homolog (Drosophila)"
"AKT1",207,"v-akt murine thymoma viral oncogene homolog 1"
"ERN1",2081,"endoplasmic reticulum to nucleus signaling 1"
"AKT2",208,"v-akt murine thymoma viral oncogene homolog 2"
"FBL",2091,"fibrillarin"
"ESD",2098,"esterase D/formylglutathione hydrolase"
"ESR1",2099,"estrogen receptor 1"
"ABCA2",20,"ATP-binding cassette, sub-family A (ABC1), member 2"
"ESR2",2100,"estrogen receptor 2 (ER beta)"
"ESRRA",2101,"estrogen-related receptor alpha"
"ESRRG",2104,"estrogen-related receptor gamma"
"ETF1",2107,"eukaryotic translation termination factor 1"
"ETFA",2108,"electron-transfer-flavoprotein, alpha polypeptide (glutaric aciduria II)"
"ETFB",2109,"electron-transfer-flavoprotein, beta polypeptide"
"ALAD",210,"aminolevulinate, delta-, dehydratase"
"ETFDH",2110,"electron-transferring-flavoprotein dehydrogenase"
"ETS1",2113,"v-ets erythroblastosis virus E26 oncogene homolog 1 (avian)"
"ETS2",2114,"v-ets erythroblastosis virus E26 oncogene homolog 2 (avian)"
"ETV1",2115,"ets variant gene 1"
"ETV2",2116,"ets variant gene 2"
"ETV4",2118,"ets variant gene 4 (E1A enhancer binding protein, E1AF)"
"ETV5",2119,"ets variant gene 5 (ets-related molecule)"
"ALAS1",211,"aminolevulinate, delta-, synthase 1"
"ETV6",2120,"ets variant gene 6 (TEL oncogene)"
"EVC",2121,"Ellis van Creveld syndrome"
"MECOM",2122,"ecotropic viral integration site 1"
"EVI2A",2123,"ecotropic viral integration site 2A"
"EVI2B",2124,"ecotropic viral integration site 2B"
"EVPL",2125,"envoplakin"
"EVX1",2128,"even-skipped homeobox 1"
"ALAS2",212,"aminolevulinate, delta-, synthase 2 (sideroblastic/hypochromic anemia)"
"EWSR1",2130,"Ewing sarcoma breakpoint region 1"
"EXT1",2131,"exostoses (multiple) 1"
"EXT2",2132,"exostoses (multiple) 2"
"EXTL1",2134,"exostoses (multiple)-like 1"
"EXTL2",2135,"exostoses (multiple)-like 2"
"EXTL3",2137,"exostoses (multiple)-like 3"
"EYA1",2138,"eyes absent homolog 1 (Drosophila)"
"EYA2",2139,"eyes absent homolog 2 (Drosophila)"
"ALB",213,"albumin"
"EYA3",2140,"eyes absent homolog 3 (Drosophila)"
"EZH1",2145,"enhancer of zeste homolog 1 (Drosophila)"
"EZH2",2146,"enhancer of zeste homolog 2 (Drosophila)"
"F2",2147,"coagulation factor II (thrombin)"
"F2R",2149,"coagulation factor II (thrombin) receptor"
"ALCAM",214,"activated leukocyte cell adhesion molecule"
"F2RL1",2150,"coagulation factor II (thrombin) receptor-like 1"
"F2RL2",2151,"coagulation factor II (thrombin) receptor-like 2"
"F3",2152,"coagulation factor III (thromboplastin, tissue factor)"
"F5",2153,"coagulation factor V (proaccelerin, labile factor)"
"F7",2155,"coagulation factor VII (serum prothrombin conversion accelerator)"
"F8",2157,"coagulation factor VIII, procoagulant component (hemophilia A)"
"F9",2158,"coagulation factor IX (plasma thromboplastic component, Christmas disease, hemophilia B)"
"F10",2159,"coagulation factor X"
"ABCD1",215,"ATP-binding cassette, sub-family D (ALD), member 1"
"F11",2160,"coagulation factor XI (plasma thromboplastin antecedent)"
"F12",2161,"coagulation factor XII (Hageman factor)"
"F13A1",2162,"coagulation factor XIII, A1 polypeptide"
"F13B",2165,"coagulation factor XIII, B polypeptide"
"FAAH",2166,"fatty acid amide hydrolase"
"FABP4",2167,"fatty acid binding protein 4, adipocyte"
"FABP1",2168,"fatty acid binding protein 1, liver"
"FABP2",2169,"fatty acid binding protein 2, intestinal"
"ALDH1A1",216,"aldehyde dehydrogenase 1 family, member A1"
"FABP3",2170,"fatty acid binding protein 3, muscle and heart (mammary-derived growth inhibitor)"
"FABP6",2172,"fatty acid binding protein 6, ileal (gastrotropin)"
"FABP7",2173,"fatty acid binding protein 7, brain"
"FANCA",2175,"Fanconi anemia, complementation group A"
"FANCC",2176,"Fanconi anemia, complementation group C"
"FANCE",2178,"Fanconi anemia, complementation group E"
"ALDH2",217,"aldehyde dehydrogenase 2 family (mitochondrial)"
"ACSL1",2180,"acyl-CoA synthetase long-chain family member 1"
"ACSL3",2181,"acyl-CoA synthetase long-chain family member 3"
"ACSL4",2182,"acyl-CoA synthetase long-chain family member 4"
"FAH",2184,"fumarylacetoacetate hydrolase (fumarylacetoacetase)"
"PTK2B",2185,"PTK2B protein tyrosine kinase 2 beta"
"BPTF",2186,"bromodomain PHD finger transcription factor"
"FANCF",2188,"Fanconi anemia, complementation group F"
"FANCG",2189,"Fanconi anemia, complementation group G"
"ALDH3A1",218,"aldehyde dehydrogenase 3 family, memberA1"
"FAP",2191,"fibroblast activation protein, alpha"
"FBLN1",2192,"fibulin 1"
"USP12",219333,"ubiquitin specific peptidase 12"
"FARSA",2193,"phenylalanyl-tRNA synthetase, alpha subunit"
"FASN",2194,"fatty acid synthase"
"FAT1",2195,"FAT tumor suppressor homolog 1 (Drosophila)"
"FAT2",2196,"FAT tumor suppressor homolog 2 (Drosophila)"
"FAU",2197,"Finkel-Biskis-Reilly murine sarcoma virus (FBR-MuSV) ubiquitously expressed"
"FBLN2",2199,"fibulin 2"
"ALDH1B1",219,"aldehyde dehydrogenase 1 family, member B1"
"ABCA3",21,"ATP-binding cassette, sub-family A (ABC1), member 3"
"FBN1",2200,"fibrillin 1"
"SKA1",220134,"chromosome 18 open reading frame 24"
"FBN2",2201,"fibrillin 2 (congenital contractural arachnodactyly)"
"EFEMP1",2202,"EGF-containing fibulin-like extracellular matrix protein 1"
"FBP1",2203,"fructose-1,6-bisphosphatase 1"
"FCAR",2204,"Fc fragment of IgA, receptor for"
"FCER1A",2205,"Fc fragment of IgE, high affinity I, receptor for; alpha polypeptide"
"MS4A2",2206,"membrane-spanning 4-domains, subfamily A, member 2 (Fc fragment of IgE, high affinity I, receptor for; beta polypeptide)"
"FCER1G",2207,"Fc fragment of IgE, high affinity I, receptor for; gamma polypeptide"
"FCER2",2208,"Fc fragment of IgE, low affinity II, receptor for (CD23)"
"ALDH1A3",220,"aldehyde dehydrogenase 1 family, member A3"
"JMJD1C",221037,"jumonji domain containing 1C"
"HNRNPUL2",221092,"heterogeneous nuclear ribonucleoprotein U-like 2"
"MICU2",221154,"EF-hand domain family, member A1"
"ADGRF5",221395,"G protein-coupled receptor 116"
"FCGR2B",2213,"Fc fragment of IgG, low affinity IIb, receptor (CD32)"
"OARD1",221443,"chromosome 6 open reading frame 130"
"FCGR3B",2215,"Fc fragment of IgG, low affinity IIIb, receptor (CD16b)"
"PHACTR1",221692,"phosphatase and actin regulator 1"
"PXDC1",221749,"chromosome 6 open reading frame 145"
"FCGRT",2217,"Fc fragment of IgG, receptor, transporter, alpha"
"PRPS1L1",221823,"phosphoribosyl pyrophosphate synthetase 1-like 1"
"POLR1F",221830,"TWIST neighbor"
"FKTN",2218,"Fukuyama type congenital muscular dystrophy (fukutin)"
"THSD7A",221981,"thrombospondin, type I, domain containing 7A"
"FCN1",2219,"ficolin (collagen/fibrinogen domain containing) 1"
"ALDH3B1",221,"aldehyde dehydrogenase 3 family, member B1"
"FCN2",2220,"ficolin (collagen/fibrinogen domain containing lectin) 2 (hucolin)"
"ATXN7L1",222255,"ataxin 7-like 1"
"FDFT1",2222,"farnesyl-diphosphate farnesyltransferase 1"
"ADGRG3",222487,"G protein-coupled receptor 97"
"FDPS",2224,"farnesyl diphosphate synthase (farnesyl pyrophosphate synthetase, dimethylallyltranstransferase, geranyltranstransferase)"
"TSPO2",222642,"benzodiazapine receptor (peripheral)-like 1"
"ALDH3B2",222,"aldehyde dehydrogenase 3 family, member B2"
"FDX1",2230,"ferredoxin 1"
"SEMA3D",223117,"sema domain, immunoglobulin domain (Ig), short basic domain, secreted, (semaphorin) 3D"
"FDXR",2232,"ferredoxin reductase"
"FECH",2235,"ferrochelatase (protoporphyria)"
"FEN1",2237,"flap structure-specific endonuclease 1"
"GPC4",2239,"glypican 4"
"ALDH9A1",223,"aldehyde dehydrogenase 9 family, member A1"
"FER",2241,"fer (fps/fes related) tyrosine kinase (phosphoprotein NCP94)"
"FES",2242,"feline sarcoma oncogene"
"FGA",2243,"fibrinogen alpha chain"
"FGB",2244,"fibrinogen beta chain"
"FGD1",2245,"FYVE, RhoGEF and PH domain containing 1 (faciogenital dysplasia)"
"FGF1",2246,"fibroblast growth factor 1 (acidic)"
"FGF2",2247,"fibroblast growth factor 2 (basic)"
"FGF3",2248,"fibroblast growth factor 3 (murine mammary tumor virus integration site (v-int-2) oncogene homolog)"
"ALDH3A2",224,"aldehyde dehydrogenase 3 family, member A2"
"FGF5",2250,"fibroblast growth factor 5"
"FGF6",2251,"fibroblast growth factor 6"
"FGF7",2252,"fibroblast growth factor 7 (keratinocyte growth factor)"
"FGF8",2253,"fibroblast growth factor 8 (androgen-induced)"
"FGF9",2254,"fibroblast growth factor 9 (glia-activating factor)"
"FGF12",2257,"fibroblast growth factor 12"
"FGF13",2258,"fibroblast growth factor 13"
"FGF14",2259,"fibroblast growth factor 14"
"ABCD2",225,"ATP-binding cassette, sub-family D (ALD), member 2"
"FGFR1",2260,"fibroblast growth factor receptor 1 (fms-related tyrosine kinase 2, Pfeiffer syndrome)"
"FGFR3",2261,"fibroblast growth factor receptor 3 (achondroplasia, thanatophoric dwarfism)"
"GPC5",2262,"glypican 5"
"FGFR2",2263,"fibroblast growth factor receptor 2 (bacteria-expressed kinase, keratinocyte growth factor receptor, craniofacial dysostosis 1, Crouzon syndrome, Pfeiffer syndrome, Jackson-Weiss syndrome)"
"FGFR4",2264,"fibroblast growth factor receptor 4"
"FGG",2266,"fibrinogen gamma chain"
"FGL1",2267,"fibrinogen-like 1"
"FGR",2268,"Gardner-Rasheed feline sarcoma viral (v-fgr) oncogene homolog"
"ALDOA",226,"aldolase A, fructose-bisphosphate"
"FH",2271,"fumarate hydratase"
"FHIT",2272,"fragile histidine triad gene"
"FHL1",2273,"four and a half LIM domains 1"
"FHL2",2274,"four and a half LIM domains 2"
"FHL3",2275,"four and a half LIM domains 3"
"VEGFD",2277,"c-fos induced growth factor (vascular endothelial growth factor D)"
"CASC3",22794,"cancer susceptibility candidate 3"
"NID2",22795,"nidogen 2 (osteonidogen)"
"COG2",22796,"component of oligomeric golgi complex 2"
"TFEC",22797,"transcription factor EC"
"LAMB4",22798,"laminin, beta 4"
"RRAS2",22800,"related RAS viral (r-ras) oncogene homolog 2"
"CLCA4",22802,"chloride channel, calcium activated, family member 4"
"IKZF3",22806,"IKAROS family zinc finger 3 (Aiolos)"
"IKZF2",22807,"IKAROS family zinc finger 2 (Helios)"
"MRAS",22808,"muscle RAS oncogene homolog"
"ATF5",22809,"activating transcription factor 5"
"FKBP1A",2280,"FK506 binding protein 1A, 12kDa"
"COPZ1",22818,"coatomer protein complex, subunit zeta 1"
"FKBP1B",2281,"FK506 binding protein 1B, 12.6 kDa"
"COPG1",22820,"coatomer protein complex, subunit gamma"
"RASA3",22821,"RAS p21 protein activator 3"
"PHLDA1",22822,"pleckstrin homology-like domain, family A, member 1"
"MTF2",22823,"metal response element binding transcription factor 2"
"HSPA4L",22824,"heat shock 70kDa protein 4-like"
"DNAJC8",22826,"DnaJ (Hsp40) homolog, subfamily C, member 8"
"PUF60",22827,"poly-U binding splicing factor 60KDa"
"SCAF8",22828,"RNA binding motif protein 16"
"NLGN4Y",22829,"neuroligin 4, Y-linked"
"CEP162",22832,"KIAA1009"
"ZNF652",22834,"zinc finger protein 652"
"RHOBTB3",22836,"Rho-related BTB domain containing 3"
"COBLL1",22837,"COBL-like 1"
"DLGAP4",22839,"discs, large (Drosophila) homolog-associated protein 4"
"RAB11FIP2",22841,"RAB11 family interacting protein 2 (class I)"
"PPM1E",22843,"protein phosphatase 1E (PP2C domain containing)"
"FRMPD1",22844,"FERM and PDZ domain containing 1"
"DOLK",22845,"dolichol kinase"
"VASH1",22846,"vasohibin 1"
"AAK1",22848,"AP2 associated kinase 1"
"CPEB3",22849,"cytoplasmic polyadenylation element binding protein 3"
"ADNP2",22850,"ADNP homeobox 2"
"LMTK2",22853,"lemur tyrosine kinase 2"
"CHSY1",22856,"carbohydrate (chondroitin) synthase 1"
"CILK1",22858,"intestinal cell (MAK-like) kinase"
"ADGRL1",22859,"latrophilin 1"
"NLRP1",22861,"NLR family, pyrin domain containing 1"
"FNDC3A",22862,"fibronectin type III domain containing 3A"
"ATG14",22863,"KIAA0831"
"SLITRK3",22865,"SLIT and NTRK-like family, member 3"
"FASTKD2",22868,"FAST kinase domains 2"
"FKBP2",2286,"FK506 binding protein 2, 13kDa"
"PPP6R1",22870,"SAPS domain family, member 1"
"NLGN1",22871,"neuroligin 1"
"SEC31A",22872,"SEC31 homolog A (S. cerevisiae)"
"DZIP1",22873,"DAZ interacting protein 1"
"ENPP4",22875,"ectonucleotide pyrophosphatase/phosphodiesterase 4 (putative function)"
"INPP5F",22876,"inositol polyphosphate-5-phosphatase F"
"MLXIP",22877,"MLX interacting protein"
"TRAPPC8",22878,"KIAA1012"
"MON1B",22879,"MON1 homolog B (yeast)"
"FKBP3",2287,"FK506 binding protein 3, 25kDa"
"MORC2",22880,"MORC family CW-type zinc finger 2"
"ANKRD6",22881,"ankyrin repeat domain 6"
"ZHX2",22882,"zinc fingers and homeoboxes 2"
"CLSTN1",22883,"calsyntenin 1"
"WDR37",22884,"WD repeat domain 37"
"ABLIM3",22885,"actin binding LIM protein family, member 3"
"UBOX5",22888,"U-box domain containing 5"
"FKBP4",2288,"FK506 binding protein 4, 59kDa"
"ZNF365",22891,"zinc finger protein 365"
"BAHD1",22893,"bromo adjacent homology domain containing 1"
"DIS3",22894,"DIS3 mitotic control homolog (S. cerevisiae)"
"CEP164",22897,"centrosomal protein 164kDa"
"DENND3",22898,"DENN/MADD domain containing 3"
"ARHGEF15",22899,"Rho guanine nucleotide exchange factor (GEF) 15"
"FKBP5",2289,"FK506 binding protein 5"
"CARD8",22900,"caspase recruitment domain family, member 8"
"RUFY3",22902,"RUN and FYVE domain containing 3"
"EPN2",22905,"epsin 2"
"TRAK1",22906,"trafficking protein, kinesin binding 1"
"DHX30",22907,"DEAH (Asp-Glu-Ala-His) box polypeptide 30"
"FAN1",22909,"myotubularin related protein 15"
"FOXG1",2290,"forkhead box G1"
"WDR47",22911,"WD repeat domain 47"
"RALY",22913,"RNA binding protein, autoantigenic (hnRNP-associated with lethal yellow homolog (mouse))"
"KLRK1",22914,"killer cell lectin-like receptor subfamily K, member 1"
"MMRN1",22915,"multimerin 1"
"NCBP2",22916,"nuclear cap binding protein subunit 2, 20kDa"
"CD93",22918,"CD93 molecule"
"MAPRE1",22919,"microtubule-associated protein, RP/EB family, member 1"
"KIFAP3",22920,"kinesin-associated protein 3"
"MSRB2",22921,"methionine sulfoxide reductase B2"
"MAPRE3",22924,"microtubule-associated protein, RP/EB family, member 3"
"PLA2R1",22925,"phospholipase A2 receptor 1, 180kDa"
"ATF6",22926,"activating transcription factor 6"
"HABP4",22927,"hyaluronan binding protein 4"
"SEPHS2",22928,"selenophosphate synthetase 2"
"SEPHS1",22929,"selenophosphate synthetase 1"
"RAB3GAP1",22930,"RAB3 GTPase activating protein subunit 1 (catalytic)"
"SIRT2",22933,"sirtuin (silent mating type information regulation 2 homolog) 2 (S. cerevisiae)"
"RPIA",22934,"ribose 5-phosphate isomerase A (ribose 5-phosphate epimerase)"
"ELL2",22936,"elongation factor, RNA polymerase II, 2"
"SCAP",22937,"SREBF chaperone"
"SNW1",22938,"SNW domain containing 1"
"SHANK2",22941,"SH3 and multiple ankyrin repeat domains 2"
"DKK1",22943,"dickkopf homolog 1 (Xenopus laevis)"
"KIN",22944,"KIN, antigenic determinant of recA protein homolog (mouse)"
"CCT5",22948,"chaperonin containing TCP1, subunit 5 (epsilon)"
"FOXF1",2294,"forkhead box F1"
"P2RX2",22953,"purinergic receptor P2X, ligand-gated ion channel, 2"
"TRIM32",22954,"tripartite motif-containing 32"
"SCMH1",22955,"sex comb on midleg homolog 1 (Drosophila)"
"FOXF2",2295,"forkhead box F2"
"TPX2",22974,"TPX2, microtubule-associated, homolog (Xenopus laevis)"
"PAXIP1",22976,"PAX interacting (with transcription-activation domain) protein 1"
"AKR7A3",22977,"aldo-keto reductase family 7, member A3 (aflatoxin aldehyde reductase)"
"NT5C2",22978,"5'-nucleotidase, cytosolic II"
"FOXD1",2297,"forkhead box D1"
"TCF25",22980,"transcription factor 25 (basic helix-loop-helix)"
"NINL",22981,"ninein-like"
"DIP2C",22982,"DIP2 disco-interacting protein 2 homolog C (Drosophila)"
"MAST1",22983,"microtubule associated serine/threonine kinase 1"
"PDCD11",22984,"programmed cell death 11"
"ACIN1",22985,"apoptotic chromatin condensation inducer 1"
"SORCS3",22986,"sortilin-related VPS10 domain containing receptor 3"
"MYH15",22989,"myosin, heavy chain 15"
"KDM2A",22992,"F-box and leucine-rich repeat protein 11"
"CEP131",22994,"5-azacytidine induced 1"
"CEP152",22995,"centrosomal protein 152kDa"
"RIMS1",22999,"regulating synaptic membrane exocytosis 1"
"FOXI1",2299,"forkhead box I1"
"ALDOB",229,"aldolase B, fructose-bisphosphate"
"ABCB7",22,"ATP-binding cassette, sub-family B (MDR/TAP), member 7"
"WDFY3",23001,"WD repeat and FYVE domain containing 3"
"DAAM1",23002,"dishevelled associated activator of morphogenesis 1"
"PLCH1",23007,"phospholipase C, eta 1"
"KLHDC10",23008,"KIAA0265 protein"
"FOXL1",2300,"forkhead box L1"
"RAB21",23011,"RAB21, member RAS oncogene family"
"STK38L",23012,"serine/threonine kinase 38 like"
"SPEN",23013,"spen homolog, transcriptional regulator (Drosophila)"
"FBXO21",23014,"F-box protein 21"
"GOLGA8A",23015,"golgi autoantigen, golgin subfamily a, 8A"
"EXOSC7",23016,"exosome component 7"
"FAIM2",23017,"Fas apoptotic inhibitory molecule 2"
"CNOT1",23019,"CCR4-NOT transcription complex, subunit 1"
"FOXE3",2301,"forkhead box E3"
"SNRNP200",23020,"activating signal cointegrator 1 complex subunit 3-like 1"
"PALLD",23022,"palladin, cytoskeletal associated protein"
"TMCC1",23023,"transmembrane and coiled-coil domain family 1"
"PDZRN3",23024,"PDZ domain containing RING finger 3"
"UNC13A",23025,"unc-13 homolog A (C. elegans)"
"KDM1A",23028,"amine oxidase (flavin containing) domain 2"
"RBM34",23029,"RNA binding motif protein 34"
"FOXJ1",2302,"forkhead box J1"
"KDM4B",23030,"jumonji domain containing 2B"
"USP33",23032,"ubiquitin specific peptidase 33"
"DOP1A",23033,"dopey family member 1"
"SAMD4A",23034,"sterile alpha motif domain containing 4A"
"PHLPP2",23035,"PH domain and leucine rich repeat protein phosphatase-like"
"PDZD2",23037,"PDZ domain containing 2"
"WDTC1",23038,"WD and tetratricopeptide repeats 1"
"XPO7",23039,"exportin 7"
"FOXC2",2303,"forkhead box C2 (MFH-1, mesenchyme forkhead 1)"
"MYT1L",23040,"myelin transcription factor 1-like"
"MON2",23041,"MON2 homolog (S. cerevisiae)"
"PDXDC1",23042,"pyridoxal-dependent decarboxylase domain containing 1"
"TNIK",23043,"TRAF2 and NCK interacting kinase"
"KIF21B",23046,"kinesin family member 21B"
"PDS5B",23047,"PDS5, regulator of cohesion maintenance, homolog B (S. cerevisiae)"
"FNBP1",23048,"formin binding protein 1"
"SMG1",23049,"PI-3-kinase-related kinase SMG-1"
"FOXE1",2304,"forkhead box E1 (thyroid transcription factor 2)"
"ZHX3",23051,"zinc fingers and homeoboxes 3"
"ENDOD1",23052,"endonuclease domain containing 1"
"ZSWIM8",23053,"KIAA0913"
"NCOA6",23054,"nuclear receptor coactivator 6"
"NMNAT2",23057,"nicotinamide nucleotide adenylyltransferase 2"
"CLUAP1",23059,"clusterin associated protein 1"
"FOXM1",2305,"forkhead box M1"
"ZNF609",23060,"zinc finger protein 609"
"GGA2",23062,"golgi associated, gamma adaptin ear containing, ARF binding protein 2"
"WAPL",23063,"wings apart-like homolog (Drosophila)"
"SETX",23064,"senataxin"
"EMC1",23065,"KIAA0090"
"CAND2",23066,"cullin-associated and neddylation-dissociated 2 (putative)"
"SETD1B",23067,"SET domain containing 1B"
"CMTR1",23070,"KIAA0082"
"ERP44",23071,"thioredoxin domain containing 4 (endoplasmic reticulum)"
"HECW1",23072,"HECT, C2 and WW domain containing E3 ubiquitin protein ligase 1"
"RRP1B",23076,"ribosomal RNA processing 1 homolog B (S. cerevisiae)"
"MYCBP2",23077,"MYC binding protein 2"
"AVL9",23080,"KIAA0241"
"KDM4C",23081,"jumonji domain containing 2C"
"PPRC1",23082,"peroxisome proliferator-activated receptor gamma, coactivator-related 1"
"ERC1",23085,"ELKS/RAB6-interacting/CAST family member 1"
"EXPH5",23086,"exophilin 5"
"PEG10",23089,"paternally expressed 10"
"FOXO1",2308,"forkhead box O1"
"ZNF423",23090,"zinc finger protein 423"
"ZC3H13",23091,"zinc finger CCCH-type containing 13"
"ARHGAP26",23092,"Rho GTPase activating protein 26"
"TTLL5",23093,"tubulin tyrosine ligase-like family, member 5"
"SIPA1L3",23094,"signal-induced proliferation-associated 1 like 3"
"KIF1B",23095,"kinesin family member 1B"
"IQSEC2",23096,"IQ motif and Sec7 domain 2"
"CDK19",23097,"cell division cycle 2-like 6 (CDK8-like)"
"SARM1",23098,"sterile alpha and TIR motif containing 1"
"FOXO3",2309,"forkhead box O3"
"ALDOC",230,"aldolase C, fructose-bisphosphate"
"TBC1D2B",23102,"TBC1 domain family, member 2B"
"MRPS27",23107,"mitochondrial ribosomal protein S27"
"RAP1GAP2",23108,"GTPase activating Rap/RanGAP domain-like 4"
"DDN",23109,"dendrin"
"SPART",23111,"spastic paraplegia 20 (Troyer syndrome)"
"TNRC6B",23112,"trinucleotide repeat containing 6B"
"CUL9",23113,"p53-associated parkin-like cytoplasmic protein"
"NFASC",23114,"neurofascin homolog (chicken)"
"TAB2",23118,"mitogen-activated protein kinase kinase kinase 7 interacting protein 2"
"HIC2",23119,"hypermethylated in cancer 2"
"ATP10B",23120,"ATPase, Class V, type 10B"
"CLASP2",23122,"cytoplasmic linker associated protein 2"
"CAMTA2",23125,"calmodulin binding transcription activator 2"
"POGZ",23126,"pogo transposable element with ZNF domain"
"COLGALT2",23127,"glycosyltransferase 25 domain containing 2"
"PLXND1",23129,"plexin D1"
"FLG",2312,"filaggrin"
"ATG2A",23130,"ATG2 autophagy related 2 homolog A (S. cerevisiae)"
"RAD54L2",23132,"RAD54-like 2 (S. cerevisiae)"
"PHF8",23133,"PHD finger protein 8"
"KDM6B",23135,"jumonji domain containing 3"
"EPB41L3",23136,"erythrocyte membrane protein band 4.1-like 3"
"SMC5",23137,"structural maintenance of chromosomes 5"
"N4BP3",23138,"Nedd4 binding protein 3"
"MAST2",23139,"microtubule associated serine/threonine kinase 2"
"FLI1",2313,"Friend leukemia virus integration 1"
"ANKLE2",23141,"KIAA0692"
"DCUN1D4",23142,"DCN1, defective in cullin neddylation 1, domain containing 4 (S. cerevisiae)"
"LRCH1",23143,"leucine-rich repeats and calponin homology (CH) domain containing 1"
"ZC3H3",23144,"zinc finger CCCH-type containing 3"
"NACAD",23148,"NAC alpha domain containing"
"FCHO1",23149,"FCH domain only 1"
"FLII",2314,"flightless I homolog (Drosophila)"
"FRMD4B",23150,"FERM domain containing 4B"
"CIC",23152,"capicua homolog (Drosophila)"
"NCDN",23154,"neurochondrin"
"CLCC1",23155,"chloride channel CLIC-like 1"
"SEPTIN6",23157,"septin 6"
"MLANA",2315,"melan-A"
"SNX13",23161,"sorting nexin 13"
"MAPK8IP3",23162,"mitogen-activated protein kinase 8 interacting protein 3"
"GGA3",23163,"golgi associated, gamma adaptin ear containing, ARF binding protein 3"
"MPRIP",23164,"myosin phosphatase-Rho interacting protein"
"NUP205",23165,"nucleoporin 205kDa"
"STAB1",23166,"stabilin 1"
"EFR3A",23167,"KIAA0143 protein"
"RTF1",23168,"Rtf1, Paf1/RNA polymerase II complex component, homolog (S. cerevisiae)"
"SLC35D1",23169,"solute carrier family 35 (UDP-glucuronic acid/UDP-N-acetylgalactosamine dual transporter), member D1"
"FLNA",2316,"filamin A, alpha (actin binding protein 280)"
"TTLL12",23170,"tubulin tyrosine ligase-like family, member 12"
"GPD1L",23171,"glycerol-3-phosphate dehydrogenase 1-like"
"ABRAXAS2",23172,"KIAA0157"
"METAP1",23173,"methionyl aminopeptidase 1"
"ZCCHC14",23174,"zinc finger, CCHC domain containing 14"
"LPIN1",23175,"lipin 1"
"PASK",23178,"PAS domain containing serine/threonine kinase"
"RGL1",23179,"ral guanine nucleotide dissociation stimulator-like 1"
"FLNB",2317,"filamin B, beta (actin binding protein 278)"
"LARP4B",23185,"La ribonucleoprotein domain family, member 5"
"PHLDB1",23187,"pleckstrin homology-like domain, family B, member 1"
"KANK1",23189,"ankyrin repeat domain 15"
"FLNC",2318,"filamin C, gamma (actin binding protein 280)"
"UBXN4",23190,"UBX domain containing 2"
"CYFIP1",23191,"cytoplasmic FMR1 interacting protein 1"
"ATG4B",23192,"ATG4 autophagy related 4 homolog B (S. cerevisiae)"
"GANAB",23193,"glucosidase, alpha; neutral AB"
"FBXL7",23194,"F-box and leucine-rich repeat protein 7"
"FAM120A",23196,"family with sequence similarity 120A"
"FAF2",23197,"UBX domain containing 8"
"PSME4",23198,"proteasome (prosome, macropain) activator subunit 4"
"GSE1",23199,"KIAA0182"
"FLOT2",2319,"flotillin 2"
"AKR1B1",231,"aldo-keto reductase family 1, member B1 (aldose reductase)"
"ATP11B",23200,"ATPase, Class VI, type 11B"
"PMPCA",23203,"peptidase (mitochondrial processing) alpha"
"ARL6IP1",23204,"ADP-ribosylation factor-like 6 interacting protein 1"
"ACSBG1",23205,"acyl-CoA synthetase bubblegum family member 1"
"PLEKHM2",23207,"pleckstrin homology domain containing, family M (with RUN domain) member 2"
"SYT11",23208,"synaptotagmin XI"
"MLC1",23209,"megalencephalic leukoencephalopathy with subcortical cysts 1"
"JMJD6",23210,"jumonji domain containing 6"
"ZC3H4",23211,"chromosome 19 open reading frame 7"
"RRS1",23212,"RRS1 ribosome biogenesis regulator homolog (S. cerevisiae)"
"SULF1",23213,"sulfatase 1"
"XPO6",23214,"exportin 6"
"PRRC2C",23215,"BAT2 domain containing 1"
"TBC1D1",23216,"TBC1 (tre-2/USP6, BUB2, cdc16) domain family, member 1"
"NBEAL2",23218,"neurobeachin-like 2"
"FBXO28",23219,"F-box protein 28"
"DTX4",23220,"deltex 4 homolog (Drosophila)"
"RHOBTB2",23221,"Rho-related BTB domain containing 2"
"RRP12",23223,"ribosomal RNA processing 12 homolog (S. cerevisiae)"
"SYNE2",23224,"spectrin repeat containing, nuclear envelope 2"
"NUP210",23225,"nucleoporin 210kDa"
"ARHGEF9",23229,"Cdc42 guanine nucleotide exchange factor (GEF) 9"
"FLT3",2322,"fms-related tyrosine kinase 3"
"VPS13A",23230,"vacuolar protein sorting 13 homolog A (S. cerevisiae)"
"SEL1L3",23231,"KIAA0746 protein"
"PLCB1",23236,"phospholipase C, beta 1 (phosphoinositide-specific)"
"ARC",23237,"activity-regulated cytoskeleton-associated protein"
"PHLPP1",23239,"PH domain and leucine rich repeat protein phosphatase"
"FLT3LG",2323,"fms-related tyrosine kinase 3 ligand"
"COBL",23242,"cordon-bleu homolog (mouse)"
"ANKRD28",23243,"ankyrin repeat domain 28"
"PDS5A",23244,"PDS5, regulator of cohesion maintenance, homolog A (S. cerevisiae)"
"ASTN2",23245,"astrotactin 2"
"KATNIP",23247,"KIAA0556"
"RPRD2",23248,"KIAA0460"
"FLT4",2324,"fms-related tyrosine kinase 4"
"ATP11A",23250,"ATPase, Class VI, type 11A"
"OTUD3",23252,"OTU domain containing 3"
"KAZN",23254,"kazrin"
"SCFD1",23256,"sec1 family domain containing 1"
"DENND5A",23258,"RAB6 interacting protein 1"
"CAMTA1",23261,"calmodulin binding transcription activator 1"
"PPIP5K2",23262,"histidine acid phosphatase domain containing 1"
"EXOC7",23265,"exocyst complex component 7"
"ADGRL2",23266,"latrophilin 2"
"MGA",23269,"MAX gene associated"
"FMO1",2326,"flavin containing monooxygenase 1"
"CAMSAP2",23271,"calmodulin regulated spectrin-associated protein 1-like 1"
"TASOR",23272,"chromosome 3 open reading frame 63"
"CLEC16A",23274,"C-type lectin domain family 16, member A"
"POFUT2",23275,"protein O-fucosyltransferase 2"
"KLHL18",23276,"kelch-like 18 (Drosophila)"
"NUP160",23279,"nucleoporin 160kDa"
"FMO2",2327,"flavin containing monooxygenase 2 (non-functional)"
"MTUS2",23281,"KIAA0774"
"CSTF2T",23283,"cleavage stimulation factor, 3' pre-RNA, subunit 2, 64kDa, tau variant"
"ADGRL3",23284,"latrophilin 3"
"WWC1",23286,"WW and C2 domain containing 1"
"AGTPBP1",23287,"ATP/GTP binding protein 1"
"IQCE",23288,"IQ motif containing E"
"FMO3",2328,"flavin containing monooxygenase 3"
"FBXW11",23291,"F-box and WD repeat domain containing 11"
"SMG6",23293,"Smg-6 homolog, nonsense mediated mRNA decay factor (C. elegans)"
"ANKS1A",23294,"ankyrin repeat and sterile alpha motif domain containing 1A"
"MGRN1",23295,"mahogunin, ring finger 1"
"BICD2",23299,"bicaudal D homolog 2 (Drosophila)"
"FMO4",2329,"flavin containing monooxygenase 4"
"ATMIN",23300,"ATM/ATR-Substrate Chk2-Interacting Zn2+-finger protein"
"EHBP1",23301,"EH domain binding protein 1"
"KIF13B",23303,"kinesin family member 13B"
"UBR2",23304,"ubiquitin protein ligase E3 component n-recognin 2"
"ACSL6",23305,"acyl-CoA synthetase long-chain family member 6"
"NEMP1",23306,"KIAA0286 protein"
"FKBP15",23307,"FK506 binding protein 15, 133kDa"
"ICOSLG",23308,"inducible T-cell co-stimulator ligand"
"SIN3B",23309,"SIN3 homolog B, transcription regulator (yeast)"
"FMO5",2330,"flavin containing monooxygenase 5"
"NCAPD3",23310,"non-SMC condensin II complex, subunit D3"
"KIAA0930",23313,"chromosome 22 open reading frame 9"
"SATB2",23314,"SATB homeobox 2"
"SLC9A8",23315,"solute carrier family 9 (sodium/hydrogen exchanger), member 8"
"CUX2",23316,"cut-like 2 (Drosophila)"
"DNAJC13",23317,"DnaJ (Hsp40) homolog, subfamily C, member 13"
"TUT4",23318,"zinc finger, CCHC domain containing 11"
"FMOD",2331,"fibromodulin"
"TRIM2",23321,"tripartite motif-containing 2"
"RPGRIP1L",23322,"RPGRIP1-like"
"MAN2B2",23324,"mannosidase, alpha, class 2B, member 2"
"WASHC4",23325,"KIAA1033"
"USP22",23326,"ubiquitin specific peptidase 22"
"NEDD4L",23327,"neural precursor cell expressed, developmentally down-regulated 4-like"
"FMR1",2332,"fragile X mental retardation 1"
"CLASP1",23332,"cytoplasmic linker associated protein 1"
"SZT2",23334,"KIAA0467"
"WDR7",23335,"WD repeat domain 7"
"SYNM",23336,"desmuslin"
"JADE2",23338,"PHD finger protein 15"
"VPS39",23339,"vacuolar protein sorting 39 homolog (S. cerevisiae)"
"ESYT1",23344,"family with sequence similarity 62 (C2 domain containing), member A"
"SYNE1",23345,"spectrin repeat containing, nuclear envelope 1"
"SMCHD1",23347,"structural maintenance of chromosomes flexible hinge domain containing 1"
"DOCK9",23348,"dedicator of cytokinesis 9"
"AFF2",2334,"AF4/FMR2 family, member 2"
"U2SURP",23350,"U2-associated SR140 protein"
"KHNYN",23351,"KIAA0323"
"UBR4",23352,"ubiquitin protein ligase E3 component n-recognin 4"
"SUN1",23353,"unc-84 homolog A (C. elegans)"
"HAUS5",23354,"KIAA0841"
"VPS8",23355,"vacuolar protein sorting 8 homolog (S. cerevisiae)"
"ANGEL1",23357,"angel homolog 1 (Drosophila)"
"USP24",23358,"ubiquitin specific peptidase 24"
"FN1",2335,"fibronectin 1"
"ZNF629",23361,"zinc finger protein 629"
"OBSL1",23363,"obscurin-like 1"
"ARHGEF12",23365,"Rho guanine nucleotide exchange factor (GEF) 12"
"LARP1",23367,"La ribonucleoprotein domain family, member 1"
"PPP1R13B",23368,"protein phosphatase 1, regulatory (inhibitor) subunit 13B"
"PUM2",23369,"pumilio homolog 2 (Drosophila)"
"ARHGEF18",23370,"rho/rac guanine nucleotide exchange factor (GEF) 18"
"TNS2",23371,"tensin like C1 domain containing phosphatase (tensin 2)"
"CRTC1",23373,"CREB regulated transcription coactivator 1"
"UFL1",23376,"KIAA0776"
"RRP8",23378,"KIAA0409"
"ICE1",23379,"KIAA0947 protein"
"SRGAP2",23380,"SLIT-ROBO Rho GTPase activating protein 2"
"SMG5",23381,"Smg-5 homolog, nonsense mediated mRNA decay factor (C. elegans)"
"AHCYL2",23382,"adenosylhomocysteinase 3"
"MAU2",23383,"KIAA0892"
"SPECC1L",23384,"SPECC1-like"
"NCSTN",23385,"nicastrin"
"NUDCD3",23386,"NudC domain containing 3"
"SIK3",23387,"KIAA0999 protein"
"MED13L",23389,"mediator complex subunit 13-like"
"ZDHHC17",23390,"zinc finger, DHHC-type containing 17"
"ECPAS",23392,"KIAA0368"
"ADNP",23394,"activity-dependent neuroprotector homeobox"
"LARS2",23395,"leucyl-tRNA synthetase 2, mitochondrial"
"PIP5K1C",23396,"phosphatidylinositol-4-phosphate 5-kinase, type I, gamma"
"NCAPH",23397,"non-SMC condensin I complex, subunit H"
"PPWD1",23398,"peptidylprolyl isomerase domain and WD repeat containing 1"
"CTDNEP1",23399,"dullard homolog (Xenopus laevis)"
"FNTA",2339,"farnesyltransferase, CAAX box, alpha"
"ATP13A2",23400,"ATPase type 13A2"
"FRAT2",23401,"frequently rearranged in advanced T-cell lymphomas 2"
"FBXO46",23403,"F-box protein 46"
"EXOSC2",23404,"exosome component 2"
"DICER1",23405,"Dicer1, Dcr-1 homolog (Drosophila)"
"COTL1",23406,"coactosin-like 1 (Dictyostelium)"
"SIRT5",23408,"sirtuin (silent mating type information regulation 2 homolog) 5 (S. cerevisiae)"
"SIRT4",23409,"sirtuin (silent mating type information regulation 2 homolog) 4 (S. cerevisiae)"
"SIRT3",23410,"sirtuin (silent mating type information regulation 2 homolog) 3 (S. cerevisiae)"
"SIRT1",23411,"sirtuin (silent mating type information regulation 2 homolog) 1 (S. cerevisiae)"
"COMMD3",23412,"COMM domain containing 3"
"NCS1",23413,"frequenin homolog (Drosophila)"
"ZFPM2",23414,"zinc finger protein, multitype 2"
"MLYCD",23417,"malonyl-CoA decarboxylase"
"CRB1",23418,"crumbs homolog 1 (Drosophila)"
"ITGB3BP",23421,"integrin beta 3 binding protein (beta3-endonexin)"
"TMED3",23423,"transmembrane emp24 protein transport domain containing 3"
"TDRD7",23424,"tudor domain containing 7"
"GRIP1",23426,"glutamate receptor interacting protein 1"
"SLC7A8",23428,"solute carrier family 7 (cationic amino acid transporter, y+ system), member 8"
"RYBP",23429,"RING1 and YY1 binding protein"
"FNTB",2342,"farnesyltransferase, CAAX box, beta"
"TPSD1",23430,"tryptase delta 1"
"AP4E1",23431,"adaptor-related protein complex 4, epsilon 1 subunit"
"GPR161",23432,"G protein-coupled receptor 161"
"RHOQ",23433,"ras homolog gene family, member Q"
"TARDBP",23435,"TAR DNA binding protein"
"CELA3B",23436,"elastase 3B, pancreatic"
"HARS2",23438,"histidyl-tRNA synthetase 2, mitochondrial (putative)"
"ATP1B4",23439,"ATPase, (Na+)/K+ transporting, beta 4 polypeptide"
"SLC35A3",23443,"solute carrier family 35 (UDP-N-acetylglucosamine (UDP-GlcNAc) transporter), member A3"
"SF3B3",23450,"splicing factor 3b, subunit 3, 130kDa"
"SF3B1",23451,"splicing factor 3b, subunit 1, 155kDa"
"ANGPTL2",23452,"angiopoietin-like 2"
"ABCB9",23457,"ATP-binding cassette, sub-family B (MDR/TAP), member 9"
"ABCA6",23460,"ATP-binding cassette, sub-family A (ABC1), member 6"
"HEY1",23462,"hairy/enhancer-of-split related with YRPW motif 1"
"ICMT",23463,"isoprenylcysteine carboxyl methyltransferase"
"GCAT",23464,"glycine C-acetyltransferase (2-amino-3-ketobutyrate coenzyme A ligase)"
"CBX6",23466,"chromobox homolog 6"
"NPTXR",23467,"neuronal pentraxin receptor"
"CBX5",23468,"chromobox homolog 5 (HP1 alpha homolog, Drosophila)"
"PHF3",23469,"PHD finger protein 3"
"FOLH1",2346,"folate hydrolase (prostate-specific membrane antigen) 1"
"TRAM1",23471,"translocation associated membrane protein 1"
"CAPN7",23473,"calpain 7"
"ETHE1",23474,"ethylmalonic encephalopathy 1"
"QPRT",23475,"quinolinate phosphoribosyltransferase (nicotinate-nucleotide pyrophosphorylase (carboxylating))"
"BRD4",23476,"bromodomain containing 4"
"SEC11A",23478,"SEC11 homolog A (S. cerevisiae)"
"ISCU",23479,"iron-sulfur cluster scaffold homolog (E. coli)"
"SEC61G",23480,"Sec61 gamma subunit"
"PES1",23481,"pescadillo homolog 1, containing BRCT domain (zebrafish)"
"TGDS",23483,"TDP-glucose 4,6-dehydratase"
"LEPROTL1",23484,"leptin receptor overlapping transcript-like 1"
"FOLR1",2348,"folate receptor 1 (adult)"
"CBX7",23492,"chromobox homolog 7"
"HEY2",23493,"hairy/enhancer-of-split related with YRPW motif 2"
"TNFRSF13B",23495,"tumor necrosis factor receptor superfamily, member 13B"
"HAAO",23498,"3-hydroxyanthranilate 3,4-dioxygenase"
"MACF1",23499,"microtubule-actin crosslinking factor 1"
"DAAM2",23500,"dishevelled associated activator of morphogenesis 2"
"ZFYVE26",23503,"zinc finger, FYVE domain containing 26"
"RIMBP2",23504,"RIMS binding protein 2"
"TMEM131",23505,"transmembrane protein 131"
"BICRAL",23506,"KIAA0240"
"POFUT1",23509,"protein O-fucosyltransferase 1"
"FOLR2",2350,"folate receptor 2 (fetal)"
"KCTD2",23510,"potassium channel tetramerisation domain containing 2"
"NUP188",23511,"nucleoporin 188kDa"
"SUZ12",23512,"suppressor of zeste 12 homolog (Drosophila)"
"SCRIB",23513,"scribbled homolog (Drosophila)"
"SPIDR",23514,"KIAA0146"
"MORC3",23515,"MORC family CW-type zinc finger 3"
"SLC39A14",23516,"solute carrier family 39 (zinc transporter), member 14"
"MTREX",23517,"superkiller viralicidic activity 2-like 2 (S. cerevisiae)"
"RPL13A",23521,"ribosomal protein L13a"
"KAT6B",23522,"MYST histone acetyltransferase (monocytic leukemia) 4"
"CABIN1",23523,"calcineurin binding protein 1"
"SRRM2",23524,"serine/arginine repetitive matrix 2"
"ARHGAP45",23526,"histocompatibility (minor) HA-1"
"ACAP2",23527,"centaurin, beta 2"
"CLCF1",23529,"cardiotrophin-like cytokine factor 1"
"FOLR3",2352,"folate receptor 3 (gamma)"
"NNT",23530,"nicotinamide nucleotide transhydrogenase"
"MMD",23531,"monocyte to macrophage differentiation-associated"
"PRAME",23532,"preferentially expressed antigen in melanoma"
"PIK3R5",23533,"phosphoinositide-3-kinase, regulatory subunit 5, p101"
"TNPO3",23534,"transportin 3"
"ADAT1",23536,"adenosine deaminase, tRNA-specific 1"
"SLC16A8",23539,"solute carrier family 16, member 8 (monocarboxylic acid transporter 3)"
"FOS",2353,"v-fos FBJ murine osteosarcoma viral oncogene homolog"
"MAPK8IP2",23542,"mitogen-activated protein kinase 8 interacting protein 2"
"RBFOX2",23543,"RNA binding motif protein 9"
"SEZ6L",23544,"seizure related 6 homolog (mouse)-like"
"ATP6V0A2",23545,"ATPase, H+ transporting, lysosomal V0 subunit a2"
"LILRA4",23547,"leukocyte immunoglobulin-like receptor, subfamily A (with TM domain), member 4"
"DNPEP",23549,"aspartyl aminopeptidase"
"FOSB",2354,"FBJ murine osteosarcoma viral oncogene homolog B"
"PSD4",23550,"pleckstrin and Sec7 domain containing 4"
"CDK20",23552,"cell cycle related kinase"
"HYAL4",23553,"hyaluronoglucosaminidase 4"
"TSPAN12",23554,"tetraspanin 12"
"TSPAN15",23555,"tetraspanin 15"
"PIGN",23556,"phosphatidylinositol glycan anchor biosynthesis, class N"
"WBP2",23558,"WW domain binding protein 2"
"FOSL2",2355,"FOS-like antigen 2"
"GTPBP4",23560,"GTP binding protein 4"
"CLDN14",23562,"claudin 14"
"CHST5",23563,"carbohydrate (N-acetylglucosamine 6-O) sulfotransferase 5"
"DDAH2",23564,"dimethylarginine dimethylaminohydrolase 2"
"LPAR3",23566,"endothelial differentiation, lysophosphatidic acid G-protein-coupled receptor, 7"
"ARL2BP",23568,"ADP-ribosylation factor-like 2 binding protein"
"PADI4",23569,"peptidyl arginine deiminase, type IV"
"FPGS",2356,"folylpolyglutamate synthase"
"DDAH1",23576,"dimethylarginine dimethylaminohydrolase 1"
"FPR1",2357,"formyl peptide receptor 1"
"CDC42EP4",23580,"CDC42 effector protein (Rho GTPase binding) 4"
"SMUG1",23583,"single-strand-selective monofunctional uracil-DNA glycosylase 1"
"TMEM50A",23585,"transmembrane protein 50A"
"RIGI",23586,"DEAD (Asp-Glu-Ala-Asp) box polypeptide 58"
"ELP5",23587,"chromosome 17 open reading frame 81"
"KLHDC2",23588,"kelch domain containing 2"
"FPR2",2358,"formyl peptide receptor-like 1"
"PDSS1",23590,"prenyl (decaprenyl) diphosphate synthase, subunit 1"
"LEMD3",23592,"LEM domain containing 3"
"HEBP2",23593,"heme binding protein 2"
"ORC6",23594,"origin recognition complex, subunit 6 like (yeast)"
"ORC3",23595,"origin recognition complex, subunit 3-like (yeast)"
"OPN3",23596,"opsin 3 (encephalopsin, panopsin)"
"ACOT9",23597,"acyl-CoA thioesterase 9"
"PATZ1",23598,"POZ (BTB) and AT hook containing zinc finger 1"
"FPR3",2359,"formyl peptide receptor-like 2"
"AMACR",23600,"alpha-methylacyl-CoA racemase"
"CLEC5A",23601,"C-type lectin domain family 5, member A"
"CORO1C",23603,"coronin, actin binding protein, 1C"
"DAPK2",23604,"death-associated protein kinase 2"
"CD2AP",23607,"CD2-associated protein"
"MKRN1",23608,"makorin, ring finger protein, 1"
"MKRN2",23609,"makorin, ring finger protein, 2"
"ZMYND8",23613,"zinc finger, MYND-type containing 8"
"SH3BP1",23616,"SH3-domain binding protein 1"
"TSSK2",23617,"testis-specific serine kinase 2"
"ZIM2",23619,"zinc finger, imprinted 2"
"NTSR2",23620,"neurotensin receptor 2"
"BACE1",23621,"beta-site APP-cleaving enzyme 1"
"RUSC1",23623,"RUN and SH3 domain containing 1"
"CBLC",23624,"Cas-Br-M (murine) ecotropic retroviral transforming sequence c"
"FAM89B",23625,"family with sequence similarity 89, member B"
"SPO11",23626,"SPO11 meiotic protein covalently bound to DSB homolog (S. cerevisiae)"
"PRND",23627,"prion protein 2 (dublet)"
"KCNE5",23630,"KCNE1-like"
"CA14",23632,"carbonic anhydrase XIV"
"KPNA6",23633,"karyopherin alpha 6 (importin alpha 7)"
"SSBP2",23635,"single-stranded DNA binding protein 2"
"NUP62",23636,"nucleoporin 62kDa"
"RABGAP1",23637,"RAB GTPase activating protein 1"
"HSPBP1",23640,"hsp70-interacting protein"
"LDOC1",23641,"leucine zipper, down-regulated in cancer 1"
"LY96",23643,"lymphocyte antigen 96"
"EDC4",23644,"enhancer of mRNA decapping 4"
"PPP1R15A",23645,"protein phosphatase 1, regulatory (inhibitor) subunit 15A"
"PLD3",23646,"phospholipase D family, member 3"
"ARFIP2",23647,"ADP-ribosylation factor interacting protein 2 (arfaptin 2)"
"SSBP3",23648,"single stranded DNA binding protein 3"
"POLA2",23649,"polymerase (DNA directed), alpha 2 (70kD subunit)"
"TRIM29",23650,"tripartite motif-containing 29"
"PLXNB2",23654,"plexin B2"
"SLC7A11",23657,"solute carrier family 7, (cationic amino acid transporter, y+ system) member 11"
"LSM5",23658,"LSM5 homolog, U6 small nuclear RNA associated (S. cerevisiae)"
"PLA2G15",23659,"lysophospholipase 3 (lysosomal phospholipase A2)"
"ZKSCAN5",23660,"zinc finger with KRAB and SCAN domains 5"
"CEMIP2",23670,"transmembrane protein 2"
"STX12",23673,"syntaxin 12"
"SMPX",23676,"small muscle protein, X-linked"
"SH3BP4",23677,"SH3-domain binding protein 4"
"SGK3",23678,"serum/glucocorticoid regulated kinase family, member 3"
"RAB38",23682,"RAB38, member RAS oncogene family"
"PRKD3",23683,"protein kinase D3"
"CADM1",23705,"cell adhesion molecule 1"
"GSPT2",23708,"G1 to S phase transition 2"
"GABARAPL1",23710,"GABA(A) receptor-associated protein like 1"
"SHPK",23729,"carbohydrate kinase-like"
"EID1",23741,"EP300 interacting inhibitor of differentiation 1"
"NPAP1",23742,"chromosome 15 open reading frame 2"
"BHMT2",23743,"betaine-homocysteine methyltransferase 2"
"AIPL1",23746,"aryl hydrocarbon receptor interacting protein-like 1"
"SDF2L1",23753,"stromal cell-derived factor 2-like 1"
"PPIL2",23759,"peptidylprolyl isomerase (cyclophilin)-like 2"
"PITPNB",23760,"phosphatidylinositol transfer protein, beta"
"PISD",23761,"phosphatidylserine decarboxylase"
"OSBP2",23762,"oxysterol binding protein 2"
"MAFF",23764,"v-maf musculoaponeurotic fibrosarcoma oncogene homolog F (avian)"
"IL17RA",23765,"interleukin 17 receptor A"
"FLRT3",23767,"fibronectin leucine rich transmembrane protein 3"
"FLRT2",23768,"fibronectin leucine rich transmembrane protein 2"
"FLRT1",23769,"fibronectin leucine rich transmembrane protein 1"
"FKBP8",23770,"FK506 binding protein 8, 38kDa"
"BRD1",23774,"bromodomain containing 1"
"BCL2L13",23786,"BCL2-like 13 (apoptosis facilitator)"
"MTCH1",23787,"mitochondrial carrier homolog 1 (C. elegans)"
"MTCH2",23788,"mitochondrial carrier homolog 2 (C. elegans)"
"ALK",238,"anaplastic lymphoma kinase (Ki-1)"
"FXN",2395,"frataxin"
"ALOX12",239,"arachidonate 12-lipoxygenase"
"ABCF1",23,"ATP-binding cassette, sub-family F (GCN20), member 1"
"ALOX5",240,"arachidonate 5-lipoxygenase"
"KIF4A",24137,"kinesin family member 4A"
"IFIT5",24138,"interferon-induced protein with tetratricopeptide repeats 5"
"EML2",24139,"echinoderm microtubule associated protein like 2"
"FTSJ1",24140,"FtsJ homolog 1 (E. coli)"
"NAA80",24142,"N-acetyltransferase 6"
"TFIP11",24144,"tuftelin interacting protein 11"
"PANX1",24145,"pannexin 1"
"CLDN15",24146,"claudin 15"
"FJX1",24147,"four jointed box 1 (Drosophila)"
"PRPF6",24148,"PRP6 pre-mRNA processing factor 6 homolog (S. cerevisiae)"
"ALOX5AP",241,"arachidonate 5-lipoxygenase-activating protein"
"ALOX12B",242,"arachidonate 12-lipoxygenase, 12R type"
"FRK",2444,"fyn-related kinase"
"RNASEH1",246243,"ribonuclease H1"
"ALOX15",246,"arachidonate 15-lipoxygenase"
"MTOR",2475,"FK506 binding protein 12-rapamycin associated protein 1"
"ALOX15B",247,"arachidonate 15-lipoxygenase, type B"
"FRG1",2483,"FSHD region gene 1"
"FRZB",2487,"frizzled-related protein"
"FSHB",2488,"follicle stimulating hormone, beta polypeptide"
"ALPI",248,"alkaline phosphatase, intestinal"
"CENPI",2491,"centromere protein I"
"FSHR",2492,"follicle stimulating hormone receptor"
"NR5A2",2494,"nuclear receptor subfamily 5, group A, member 2"
"FTH1",2495,"ferritin, heavy polypeptide 1"
"ALPL",249,"alkaline phosphatase, liver/bone/kidney"
"ABCA4",24,"ATP-binding cassette, sub-family A (ABC1), member 4"
"ALPP",250,"alkaline phosphatase, placental (Regan isozyme)"
"FTL",2512,"ferritin, light polypeptide"
"ADAM2",2515,"ADAM metallopeptidase domain 2 (fertilin beta)"
"NR5A1",2516,"nuclear receptor subfamily 5, group A, member 1"
"FUCA1",2517,"fucosidase, alpha-L- 1, tissue"
"ALPG",251,"alkaline phosphatase, placental-like 2"
"GAST",2520,"gastrin"
"FUS",2521,"fusion (involved in t(12;16) in malignant liposarcoma)"
"FUT1",2523,"fucosyltransferase 1 (galactoside 2-alpha-L-fucosyltransferase, H blood group)"
"FUT2",2524,"fucosyltransferase 2 (secretor status included)"
"FUT3",2525,"fucosyltransferase 3 (galactoside 3(4)-L-fucosyltransferase, Lewis blood group)"
"FUT4",2526,"fucosyltransferase 4 (alpha (1,3) fucosyltransferase, myeloid-specific)"
"FUT5",2527,"fucosyltransferase 5 (alpha (1,3) fucosyltransferase)"
"FUT6",2528,"fucosyltransferase 6 (alpha (1,3) fucosyltransferase)"
"FUT7",2529,"fucosyltransferase 7 (alpha (1,3) fucosyltransferase)"
"FUT8",2530,"fucosyltransferase 8 (alpha (1,6) fucosyltransferase)"
"KDSR",2531,"follicular lymphoma variant translocation 1"
"ACKR1",2532,"Duffy blood group, chemokine receptor"
"FYB1",2533,"FYN binding protein (FYB-120/130)"
"ZBTB38",253461,"zinc finger and BTB domain containing 38"
"FYN",2534,"FYN oncogene related to SRC, FGR, YES"
"FZD2",2535,"frizzled homolog 2 (Drosophila)"
"CERS6",253782,"LAG1 homolog, ceramide synthase 6"
"IFI6",2537,"interferon, alpha-inducible protein 6"
"G6PC1",2538,"glucose-6-phosphatase, catalytic subunit"
"YTHDF3",253943,"YTH domain family, member 3"
"RALGAPA1",253959,"GTPase activating Rap/RanGAP domain-like 1"
"KCTD13",253980,"potassium channel tetramerisation domain containing 13"
"ASPHD1",253982,"aspartate beta-hydroxylase domain containing 1"
"G6PD",2539,"glucose-6-phosphate dehydrogenase"
"EHBP1L1",254102,"EH domain binding protein 1-like 1"
"SLC37A4",2542,"solute carrier family 37 (glucose-6-phosphate transporter), member 4"
"GAGE1",2543,"G antigen 1"
"LPCAT4",254531,"1-acylglycerol-3-phosphate O-acyltransferase 7 (lysophosphatidic acid acyltransferase, eta)"
"GAA",2548,"glucosidase, alpha; acid (Pompe disease, glycogen storage disease type II)"
"GAB1",2549,"GRB2-associated binding protein 1"
"GABBR1",2550,"gamma-aminobutyric acid (GABA) B receptor, 1"
"GABPA",2551,"GA binding protein transcription factor, alpha subunit 60kDa"
"GABPB1",2553,"GA binding protein transcription factor, beta subunit 2"
"GABRA1",2554,"gamma-aminobutyric acid (GABA) A receptor, alpha 1"
"GABRA2",2555,"gamma-aminobutyric acid (GABA) A receptor, alpha 2"
"GABRA3",2556,"gamma-aminobutyric acid (GABA) A receptor, alpha 3"
"GABRA4",2557,"gamma-aminobutyric acid (GABA) A receptor, alpha 4"
"GABRA5",2558,"gamma-aminobutyric acid (GABA) A receptor, alpha 5"
"GABRA6",2559,"gamma-aminobutyric acid (GABA) A receptor, alpha 6"
"GABRB1",2560,"gamma-aminobutyric acid (GABA) A receptor, beta 1"
"GABRB2",2561,"gamma-aminobutyric acid (GABA) A receptor, beta 2"
"GABRB3",2562,"gamma-aminobutyric acid (GABA) A receptor, beta 3"
"GABRD",2563,"gamma-aminobutyric acid (GABA) A receptor, delta"
"GABRE",2564,"gamma-aminobutyric acid (GABA) A receptor, epsilon"
"GABRG2",2566,"gamma-aminobutyric acid (GABA) A receptor, gamma 2"
"GABRG3",2567,"gamma-aminobutyric acid (GABA) A receptor, gamma 3"
"GABRP",2568,"gamma-aminobutyric acid (GABA) A receptor, pi"
"GABRR1",2569,"gamma-aminobutyric acid (GABA) receptor, rho 1"
"GABRR2",2570,"gamma-aminobutyric acid (GABA) receptor, rho 2"
"GAD1",2571,"glutamate decarboxylase 1 (brain, 67kDa)"
"GAD2",2572,"glutamate decarboxylase 2 (pancreatic islets and brain, 65kDa)"
"SHC2",25759,"SHC (Src homology 2 domain containing) transforming protein 2"
"HYPK",25764,"Huntingtin interacting protein K"
"TBC1D22A",25771,"TBC1 domain family, member 22A"
"CBY1",25776,"chibby homolog 1 (Drosophila)"
"SUN2",25777,"unc-84 homolog B (C. elegans)"
"RASGRP3",25780,"RAS guanyl releasing protein 3 (calcium and DAG-regulated)"
"RAB3GAP2",25782,"RAB3 GTPase activating protein subunit 2 (non-catalytic)"
"RAD54B",25788,"RAD54 homolog B (S. cerevisiae)"
"CFAP45",25790,"coiled-coil domain containing 19"
"CIZ1",25792,"CDKN1A interacting zinc finger protein 1"
"FBXO7",25793,"F-box protein 7"
"FSCN2",25794,"fascin homolog 2, actin-bundling protein, retinal (Strongylocentrotus purpuratus)"
"PGLS",25796,"6-phosphogluconolactonase"
"ZNF324",25799,"zinc finger protein 324"
"ALX3",257,"aristaless-like homeobox 3"
"SLC39A6",25800,"solute carrier family 39 (zinc transporter), member 6"
"GCA",25801,"grancalcin, EF-hand calcium binding protein"
"LMOD1",25802,"leiomodin 1 (smooth muscle)"
"SPDEF",25803,"SAM pointed domain containing ets transcription factor"
"LSM4",25804,"LSM4 homolog, U6 small nuclear RNA associated (S. cerevisiae)"
"BAMBI",25805,"BMP and activin membrane-bound inhibitor homolog (Xenopus laevis)"
"TTLL1",25809,"tubulin tyrosine ligase-like family, member 1"
"GAK",2580,"cyclin G associated kinase"
"SAMM50",25813,"sorting and assembly machinery component 50 homolog (S. cerevisiae)"
"ATXN10",25814,"ataxin 10"
"KLK5",25818,"kallikrein-related peptidase 5"
"NOCT",25819,"CCR4 carbon catabolite repression 4-like (S. cerevisiae)"
"GALC",2581,"galactosylceramidase"
"ARIH1",25820,"ariadne homolog, ubiquitin-conjugating enzyme E2 binding protein, 1 (Drosophila)"
"MTO1",25821,"mitochondrial translation optimization 1 homolog (S. cerevisiae)"
"DNAJB5",25822,"DnaJ (Hsp40) homolog, subfamily B, member 5"
"BACE2",25825,"beta-site APP-cleaving enzyme 2"
"FBXL2",25827,"F-box and leucine-rich repeat protein 2"
"TXN2",25828,"thioredoxin 2"
"GALE",2582,"UDP-galactose-4-epimerase"
"SULT4A1",25830,"sulfotransferase family 4A, member 1"
"POU2F3",25833,"POU class 2 homeobox 3"
"MGAT4C",25834,"mannosyl (alpha-1,3-)-glycoprotein beta-1,4-N-acetylglucosaminyltransferase, isozyme C (putative)"
"NIPBL",25836,"Nipped-B homolog (Drosophila)"
"RAB26",25837,"RAB26, member RAS oncogene family"
"COG4",25839,"component of oligomeric golgi complex 4"
"B4GALNT1",2583,"beta-1,4-N-acetyl-galactosaminyl transferase 1"
"ASF1A",25842,"ASF1 anti-silencing function 1 homolog A (S. cerevisiae)"
"MOB4",25843,"MOB1, Mps One Binder kinase activator-like 3 (yeast)"
"YIPF3",25844,"Yip1 domain family, member 3"
"ANAPC13",25847,"anaphase promoting complex subunit 13"
"GALK1",2584,"galactokinase 1"
"ARMC8",25852,"armadillo repeat containing 8"
"BRMS1",25855,"breast cancer metastasis suppressor 1"
"GALK2",2585,"galactokinase 2"
"WHRN",25861,"deafness, autosomal recessive 31"
"PRKD2",25865,"protein kinase D2"
"RPL36",25873,"ribosomal protein L36"
"MPC2",25874,"brain protein 44"
"LETMD1",25875,"LETM1 domain containing 1"
"SPEF1",25876,"sperm flagellar 1"
"GALR1",2587,"galanin receptor 1"
"TMEM186",25880,"transmembrane protein 186"
"ZNF473",25888,"zinc finger protein 473"
"GALNS",2588,"galactosamine (N-acetyl)-6-sulfate sulfatase (Morquio syndrome, mucopolysaccharidosis type IVA)"
"PAMR1",25891,"regeneration associated muscle protease"
"TRIM58",25893,"tripartite motif-containing 58"
"EEF1AKMT3",25895,"family with sequence similarity 119, member B"
"INTS7",25896,"integrator complex subunit 7"
"RNF19A",25897,"ring finger protein 19A"
"RCHY1",25898,"ring finger and CHY zinc finger domain containing 1"
"GALNT1",2589,"UDP-N-acetyl-alpha-D-galactosamine:polypeptide N-acetylgalactosaminyltransferase 1 (GalNAc-T1)"
"AMBN",258,"ameloblastin (enamel matrix protein)"
"IFFO1",25900,"hypothetical protein LOC25900"
"ANAPC15",25906,"chromosome 11 open reading frame 51"
"AHCTF1",25909,"AT hook containing transcription factor 1"
"GALNT2",2590,"UDP-N-acetyl-alpha-D-galactosamine:polypeptide N-acetylgalactosaminyltransferase 2 (GalNAc-T2)"
"POT1",25913,"POT1 protection of telomeres 1 homolog (S. pombe)"
"NDUFAF3",25915,"chromosome 3 open reading frame 60"
"ALS2CL",259173,"ALS2 C-terminal like"
"NCR3",259197,"natural cytotoxicity triggering receptor 3"
"GALNT3",2591,"UDP-N-acetyl-alpha-D-galactosamine:polypeptide N-acetylgalactosaminyltransferase 3 (GalNAc-T3)"
"NELFB",25920,"cofactor of BRCA1"
"HSPA12A",259217,"heat shock 70kDa protein 12A"
"SGMS1",259230,"sphingomyelin synthase 1"
"MYRIP",25924,"myosin VIIA and Rab interacting protein"
"ASPM",259266,"asp (abnormal spindle) homolog, microcephaly associated (Drosophila)"
"NOL11",25926,"nucleolar protein 11"
"SOSTDC1",25928,"sclerostin domain containing 1"
"GALT",2592,"galactose-1-phosphate uridylyltransferase"
"CLIC4",25932,"chloride intracellular channel 4"
"NSL1",25936,"NSL1, MIND kinetochore complex component, homolog (S. cerevisiae)"
"WWTR1",25937,"WW domain containing transcription regulator 1"
"SAMHD1",25939,"SAM domain and HD domain 1"
"GAMT",2593,"guanidinoacetate N-methyltransferase"
"FAM98A",25940,"family with sequence similarity 98, member A"
"TPGS2",25941,"chromosome 18 open reading frame 10"
"KBTBD2",25948,"kelch repeat and BTB (POZ) domain containing 2"
"SYF2",25949,"SYF2 homolog, RNA splicing factor (S. cerevisiae)"
"RWDD3",25950,"RWD domain containing 3"
"SEC31B",25956,"SEC31 homolog B (S. cerevisiae)"
"PNISR",25957,"splicing factor, arginine/serine-rich 18"
"KANK2",25959,"ankyrin repeat domain 25"
"ADGRA2",25960,"G protein-coupled receptor 124"
"NUDT13",25961,"nudix (nucleoside diphosphate linked moiety X)-type motif 13"
"C2CD2",25966,"chromosome 21 open reading frame 25"
"GAP43",2596,"growth associated protein 43"
"SH2B1",25970,"SH2B adaptor protein 1"
"UNC50",25972,"unc-50 homolog (C. elegans)"
"MMACHC",25974,"methylmalonic aciduria (cobalamin deficiency) cblC type, with homocystinuria"
"TIPARP",25976,"TCDD-inducible poly(ADP-ribose) polymerase"
"NECAP1",25977,"NECAP endocytosis associated 1"
"CHMP2B",25978,"chromatin modifying protein 2B"
"DHRS7B",25979,"dehydrogenase/reductase (SDR family) member 7B"
"GAPDH",2597,"glyceraldehyde-3-phosphate dehydrogenase"
"AAR2",25980,"chromosome 20 open reading frame 4"
"NGDN",25983,"neuroguidin, EIF4E binding protein"
"TSKU",25987,"tsukushin"
"HINFP",25988,"MBD2-interacting zinc finger"
"SNED1",25992,"sushi, nidogen and EGF-like domains 1"
"HIGD1A",25994,"HIG1 domain family, member 1A"
"REXO2",25996,"REX2, RNA exonuclease 2 homolog (S. cerevisiae)"
"IBTK",25998,"inhibitor of Bruton agammaglobulinemia tyrosine kinase"
"CLIP3",25999,"CAP-GLY domain containing linker protein 3"
"AMBP",259,"alpha-1-microglobulin/bikunin precursor"
"ABL1",25,"v-abl Abelson murine leukemia viral oncogene homolog 1"
"TBC1D10B",26000,"TBC1 domain family, member 10B"
"RNF167",26001,"ring finger protein 167"
"GORASP2",26003,"golgi reassembly stacking protein 2, 55kDa"
"TKFC",26007,"dihydroxyacetone kinase 2 homolog (S. cerevisiae)"
"ZZZ3",26009,"zinc finger, ZZ-type containing 3"
"NSMF",26012,"nasal embryonic LHRH factor"
"L3MBTL1",26013,"l(3)mbt-like (Drosophila)"
"RPAP1",26015,"RNA polymerase II associated protein 1"
"FAM32A",26017,"family with sequence similarity 32, member A"
"LRIG1",26018,"leucine-rich repeats and immunoglobulin-like domains 1"
"UPF2",26019,"UPF2 regulator of nonsense transcripts homolog (yeast)"
"LRP10",26020,"low density lipoprotein receptor-related protein 10"
"PTCD1",26024,"pentatricopeptide repeat domain 1"
"ACOT11",26027,"acyl-CoA thioesterase 11"
"PLEKHG3",26030,"pleckstrin homology domain containing, family G (with RhoGef domain) member 3"
"OSBPL3",26031,"oxysterol binding protein-like 3"
"IPCEF1",26034,"phosphoinositide-binding protein PIP3-E"
"GLCE",26035,"glucuronic acid epimerase"
"ZNF451",26036,"zinc finger protein 451"
"SIPA1L1",26037,"signal-induced proliferation-associated 1 like 1"
"CHD5",26038,"chromodomain helicase DNA binding protein 5"
"SS18L1",26039,"synovial sarcoma translocation gene on chromosome 18-like 1"
"SETBP1",26040,"SET binding protein 1"
"UBXN7",26043,"UBX domain containing 7"
"LRRTM2",26045,"leucine rich repeat transmembrane neuronal 2"
"LTN1",26046,"zinc finger protein 294"
"CNTNAP2",26047,"contactin associated protein-like 2"
"PPP1R16B",26051,"protein phosphatase 1, regulatory (inhibitor) subunit 16B"
"DNM3",26052,"dynamin 3"
"AUTS2",26053,"autism susceptibility candidate 2"
"SENP6",26054,"SUMO1/sentrin specific peptidase 6"
"RAB11FIP5",26056,"RAB11 family interacting protein 5 (class I)"
"ANKRD17",26057,"ankyrin repeat domain 17"
"GIGYF2",26058,"trinucleotide repeat containing 15"
"ERC2",26059,"ELKS/RAB6-interacting/CAST family member 2"
"APPL1",26060,"adaptor protein, phosphotyrosine interaction, PH domain and leucine zipper containing 1"
"DECR2",26063,"2,4-dienoyl CoA reductase 2, peroxisomal"
"LSM14A",26065,"LSM14A, SCD6 homolog A (S. cerevisiae)"
"RTL8A",26071,"family with sequence similarity 127, member B"
"POLDIP2",26073,"polymerase (DNA-directed), delta interacting protein 2"
"KLK13",26085,"kallikrein-related peptidase 13"
"GGA1",26088,"golgi associated, gamma adaptin ear containing, ARF binding protein 1"
"TOR1AIP1",26092,"torsin A interacting protein 1"
"CCDC9",26093,"coiled-coil domain containing 9"
"CHTOP",26097,"chromosome 1 open reading frame 77"
"EDRF1",26098,"chromosome 10 open reading frame 137"
"SZRD1",26099,"chromosome 1 open reading frame 144"
"WIPI2",26100,"WD repeat domain, phosphoinositide interacting 2"
"WSB1",26118,"WD repeat and SOCS box-containing 1"
"LDLRAP1",26119,"low density lipoprotein receptor adaptor protein 1"
"PRPF31",26121,"PRP31 pre-mRNA processing factor 31 homolog (S. cerevisiae)"
"TCTN3",26123,"tectonic family member 3"
"KIFBP",26128,"KIAA1279"
"GAPVD1",26130,"GTPase activating protein and VPS9 domains 1"
"TRPC4AP",26133,"transient receptor potential cation channel, subfamily C, member 4 associated protein"
"SERBP1",26135,"SERPINE1 mRNA binding protein 1"
"TES",26136,"testis derived transcript (3 LIM domains)"
"ZBTB20",26137,"zinc finger and BTB domain containing 20"
"IRF2BP1",26145,"interferon regulatory factor 2 binding protein 1"
"TRAF3IP1",26146,"TNF receptor-associated factor 3 interacting protein 1"
"RIBC2",26150,"RIB43A domain with coiled-coils 2"
"NAT9",26151,"N-acetyltransferase 9"
"ABCA12",26154,"ATP-binding cassette, sub-family A (ABC1), member 12"
"NOC2L",26155,"nucleolar complex associated 2 homolog (S. cerevisiae)"
"RSL1D1",26156,"ribosomal L1 domain containing 1"
"LRRC32",2615,"leucine rich repeat containing 32"
"SENP3",26168,"SUMO1/sentrin/SMT3 specific peptidase 3"
"TIPRL",261726,"TIP41, TOR signaling pathway regulator-like (S. cerevisiae)"
"NPHP4",261734,"nephronophthisis 4"
"INTS1",26173,"integrator complex subunit 1"
"GARS1",2617,"glycyl-tRNA synthetase"
"GART",2618,"phosphoribosylglycinamide formyltransferase, phosphoribosylglycinamide synthetase, phosphoribosylaminoimidazole synthetase"
"FBXW2",26190,"F-box and WD repeat domain containing 2"
"PTPN22",26191,"protein tyrosine phosphatase, non-receptor type 22 (lymphoid)"
"GAS1",2619,"growth arrest-specific 1"
"GMEB2",26205,"glucocorticoid modulatory element binding protein 2"
"SPAG8",26206,"sperm associated antigen 8"
"PITPNC1",26207,"phosphatidylinositol transfer protein, cytoplasmic 1"
"GAS2",2620,"growth arrest-specific 2"
"OR2B6",26212,"olfactory receptor, family 2, subfamily B, member 6"
"GAS6",2621,"growth arrest-specific 6"
"PHGDH",26227,"phosphoglycerate dehydrogenase"
"STAP1",26228,"signal transducing adaptor family member 1"
"B3GAT3",26229,"beta-1,3-glucuronyltransferase 3 (glucuronosyltransferase I)"
"GAS8",2622,"growth arrest-specific 8"
"FBXO2",26232,"F-box protein 2"
"FBXL6",26233,"F-box and leucine-rich repeat protein 6"
"FBXL5",26234,"F-box and leucine-rich repeat protein 5"
"FBXL4",26235,"F-box and leucine-rich repeat protein 4"
"LCE2B",26239,"late cornified envelope 2B"
"GATA1",2623,"GATA binding protein 1 (globin transcription factor 1)"
"KLHL3",26249,"kelch-like 3 (Drosophila)"
"GATA2",2624,"GATA binding protein 2"
"KCNG2",26251,"potassium voltage-gated channel, subfamily G, member 2"
"CLEC4E",26253,"C-type lectin domain family 4, member E"
"CABYR",26256,"calcium binding tyrosine-(Y)-phosphorylation regulated (fibrousheathin 2)"
"NKX2-8",26257,"NK2 homeobox 8"
"GATA3",2625,"GATA binding protein 3"
"FBXO24",26261,"F-box protein 24"
"FBXO22",26263,"F-box protein 22"
"SLC13A4",26266,"solute carrier family 13 (sodium/sulfate symporters), member 4"
"FBXO9",26268,"F-box protein 9"
"GATA4",2626,"GATA binding protein 4"
"FBXO5",26271,"F-box protein 5"
"FBXO3",26273,"F-box protein 3"
"HIBCH",26275,"3-hydroxyisobutyryl-Coenzyme A hydrolase"
"VPS33B",26276,"vacuolar protein sorting 33 homolog B (yeast)"
"TINF2",26277,"TERF1 (TRF1)-interacting nuclear factor 2"
"SACS",26278,"spastic ataxia of Charlevoix-Saguenay (sacsin)"
"PLA2G2D",26279,"phospholipase A2, group IID"
"GATA6",2627,"GATA binding protein 6"
"IL1RAPL2",26280,"interleukin 1 receptor accessory protein-like 2"
"FGF20",26281,"fibroblast growth factor 20"
"ERAL1",26284,"Era G-protein-like 1 (E. coli)"
"CLDN17",26285,"claudin 17"
"ARFGAP3",26286,"ADP-ribosylation factor GTPase activating protein 3"
"ANKRD2",26287,"ankyrin repeat domain 2 (stretch responsive muscle)"
"AK5",26289,"adenylate kinase 5"
"GATM",2628,"glycine amidinotransferase (L-arginine:glycine amidinotransferase)"
"GALNT8",26290,"UDP-N-acetyl-alpha-D-galactosamine:polypeptide N-acetylgalactosaminyltransferase 8 (GalNAc-T8)"
"FGF21",26291,"fibroblast growth factor 21"
"MYCBP",26292,"c-myc binding protein"
"SERGEF",26297,"secretion regulating guanine nucleotide exchange factor"
"NIPSNAP2",2631,"glioblastoma amplified sequence"
"GBE1",2632,"glucan (1,4-alpha-), branching enzyme 1 (glycogen branching enzyme, Andersen disease, glycogen storage disease type IV)"
"GAPDHS",26330,"glyceraldehyde-3-phosphate dehydrogenase, spermatogenic"
"GBP1",2633,"guanylate binding protein 1, interferon-inducible, 67kDa"
"GBP2",2634,"guanylate binding protein 2, interferon-inducible"
"HSPB8",26353,"heat shock 22kDa protein 8"
"GNL3",26354,"guanine nucleotide binding protein-like 3 (nucleolar)"
"GBX2",2637,"gastrulation brain homeobox 2"
"GC",2638,"group-specific component (vitamin D binding protein)"
"GCDH",2639,"glutaryl-Coenzyme A dehydrogenase"
"GCG",2641,"glucagon"
"GCH1",2643,"GTP cyclohydrolase 1 (dopa-responsive dystonia)"
"GCHFR",2644,"GTP cyclohydrolase I feedback regulator"
"GCK",2645,"glucokinase (hexokinase 4, maturity onset diabetes of the young 2)"
"LHX6",26468,"LIM homeobox 6"
"PTPN18",26469,"protein tyrosine phosphatase, non-receptor type 18 (brain-derived)"
"GCKR",2646,"glucokinase (hexokinase 4) regulator"
"SEZ6L2",26470,"seizure related 6 homolog (mouse)-like 2"
"NUPR1",26471,"nuclear protein 1"
"OR10J1",26476,"olfactory receptor, family 10, subfamily J, member 1"
"BLOC1S1",2647,"biogenesis of lysosome-related organelles complex-1, subunit 1"
"KAT2A",2648,"GCN5 general control of amino-acid synthesis 5-like 2 (yeast)"
"PLEK2",26499,"pleckstrin 2"
"NR6A1",2649,"nuclear receptor subfamily 6, group A, member 1"
"NARF",26502,"nuclear prelamin A recognition factor"
"SLC17A5",26503,"solute carrier family 17 (anion/sugar transporter), member 5"
"CNNM4",26504,"cyclin M4"
"CNNM3",26505,"cyclin M3"
"CNNM1",26507,"cyclin M1"
"HEYL",26508,"hairy/enhancer-of-split related with YRPW motif-like"
"MYOF",26509,"fer-1-like 3, myoferlin (C. elegans)"
"GCNT1",2650,"glucosaminyl (N-acetyl) transferase 1, core 2 (beta-1,6-N-acetylglucosaminyltransferase)"
"CHIC2",26511,"cysteine-rich hydrophobic domain 2"
"INTS6",26512,"integrator complex subunit 6"
"TIMM10B",26515,"fracture callus 1 homolog (rat)"
"TIMM13",26517,"translocase of inner mitochondrial membrane 13 homolog (yeast)"
"TIMM10",26519,"translocase of inner mitochondrial membrane 10 homolog (yeast)"
"GCNT2",2651,"glucosaminyl (N-acetyl) transferase 2, I-branching enzyme (I blood group)"
"TIMM9",26520,"translocase of inner mitochondrial membrane 9 homolog (yeast)"
"TIMM8B",26521,"translocase of inner mitochondrial membrane 8 homolog B (yeast)"
"AGO1",26523,"eukaryotic translation initiation factor 2C, 1"
"IL36RN",26525,"interleukin 1 family, member 5 (delta)"
"DAZAP1",26528,"DAZ associated protein 1"
"OR11A1",26531,"olfactory receptor, family 11, subfamily A, member 1"
"OR10H1",26539,"olfactory receptor, family 10, subfamily H, member 1"
"ITGB1BP2",26548,"integrin beta 1 binding protein (melusin) 2"
"AATF",26574,"apoptosis antagonizing transcription factor"
"RGS17",26575,"regulator of G-protein signaling 17"
"SRPK3",26576,"SFRS protein kinase 3"
"PCOLCE2",26577,"procollagen C-endopeptidase enhancer 2"
"OSTF1",26578,"osteoclast stimulating factor 1"
"GDF1",2657,"growth differentiation factor 1"
"BSCL2",26580,"Bernardinelli-Seip congenital lipodystrophy 2 (seipin)"
"GREM1",26585,"gremlin 1, cysteine knot superfamily, homolog (Xenopus laevis)"
"CKAP2",26586,"cytoskeleton associated protein 2"
"MRPL46",26589,"mitochondrial ribosomal protein L46"
"GDF2",2658,"growth differentiation factor 2"
"AMELX",265,"amelogenin (amelogenesis imperfecta 1, X-linked)"
"TBL2",26608,"transducin (beta)-like 2"
"MSTN",2660,"myostatin"
"ELP4",26610,"elongation protein 4 homolog (S. cerevisiae)"
"GDF9",2661,"growth differentiation factor 9"
"GDF10",2662,"growth differentiation factor 10"
"OR7E24",26648,"olfactory receptor, family 7, subfamily E, member 24"
"GDI1",2664,"GDP dissociation inhibitor 1"
"OR7A5",26659,"olfactory receptor, family 7, subfamily A, member 5"
"GDI2",2665,"GDP dissociation inhibitor 2"
"OR7C1",26664,"olfactory receptor, family 7, subfamily C, member 1"
"GDNF",2668,"glial cell derived neurotrophic factor"
"ADGRF1",266977,"G protein-coupled receptor 110"
"AMELY",266,"amelogenin, Y-linked"
"GFAP",2670,"glial fibrillary acidic protein"
"OR2H1",26716,"olfactory receptor, family 2, subfamily H, member 1"
"GFER",2671,"growth factor, augmenter of liver regeneration (ERV1 homolog, S. cerevisiae)"
"GFI1",2672,"growth factor independent 1"
"GFPT1",2673,"glutamine-fructose-6-phosphate transaminase 1"
"NUFIP1",26747,"nuclear fragile X mental retardation protein interacting protein 1"
"GFRA1",2674,"GDNF family receptor alpha 1"
"SH3YL1",26751,"SH3 domain containing, Ysc84-like 1 (S. cerevisiae)"
"GFRA2",2675,"GDNF family receptor alpha 2"
"GFRA3",2676,"GDNF family receptor alpha 3"
"GGCX",2677,"gamma-glutamyl carboxylase"
"GGT1",2678,"gamma-glutamyltransferase 1"
"AMFR",267,"autocrine motility factor receptor"
"B4GALT1",2683,"UDP-Gal:betaGlcNAc beta 1,4- galactosyltransferase, polypeptide 1"
"STEAP1",26872,"six transmembrane epithelial antigen of the prostate 1"
"OPLAH",26873,"5-oxoprolinase (ATP-hydrolysing)"
"GGT5",2687,"gamma-glutamyltransferase-like activity 1"
"GH1",2688,"growth hormone 1"
"GH2",2689,"growth hormone 2"
"AMH",268,"anti-Mullerian hormone"
"GHR",2690,"growth hormone receptor"
"GHRH",2691,"growth hormone releasing hormone"
"GHRHR",2692,"growth hormone releasing hormone receptor"
"GHSR",2693,"growth hormone secretagogue receptor"
"CBLIF",2694,"gastric intrinsic factor (vitamin B synthesis)"
"RANBP6",26953,"RAN binding protein 6"
"HBP1",26959,"HMG-box transcription factor 1"
"GIP",2695,"gastric inhibitory polypeptide"
"NBEA",26960,"neurobeachin"
"GIPR",2696,"gastric inhibitory polypeptide receptor"
"CHORDC1",26973,"cysteine and histidine-rich domain (CHORD)-containing 1"
"GJA1",2697,"gap junction protein, alpha 1, 43kDa"
"SEC22A",26984,"SEC22 vesicle trafficking protein homolog A (S. cerevisiae)"
"AKAP8L",26993,"A kinase (PRKA) anchor protein 8-like"
"RNF11",26994,"ring finger protein 11"
"FETUB",26998,"fetuin B"
"CYFIP2",26999,"cytoplasmic FMR1 interacting protein 2"
"AMHR2",269,"anti-Mullerian hormone receptor, type II"
"AOC1",26,"amiloride binding protein 1 (amine oxidase (copper-containing))"
"DNAJC2",27000,"zuotin related factor 1"
"USP21",27005,"ubiquitin specific peptidase 21"
"FGF22",27006,"fibroblast growth factor 22"
"GJA3",2700,"gap junction protein, alpha 3, 46kDa"
"TPK1",27010,"thiamin pyrophosphokinase 1"
"KCNV1",27012,"potassium channel, subfamily V, member 1"
"BEX3",27018,"nerve growth factor receptor (TNFRSF16) associated protein 1"
"DNAI1",27019,"dynein, axonemal, intermediate chain 1"
"GJA4",2701,"gap junction protein, alpha 4, 37kDa"
"NPTN",27020,"neuroplastin"
"FOXD3",27022,"forkhead box D3"
"GJA5",2702,"gap junction protein, alpha 5, 40kDa"
"MLH3",27030,"mutL homolog 3 (E. coli)"
"ATP2C1",27032,"ATPase, Ca++ transporting, type 2C, member 1"
"ZBTB32",27033,"zinc finger and BTB domain containing 32"
"ACAD8",27034,"acyl-Coenzyme A dehydrogenase family, member 8"
"NOX1",27035,"NADPH oxidase 1"
"SIGLEC7",27036,"sialic acid binding Ig-like lectin 7"
"TRMT2A",27037,"HpaII tiny fragments locus 9C"
"GJA8",2703,"gap junction protein, alpha 8, 50kDa"
"LAT",27040,"linker for activation of T cells"
"UTP25",27042,"chromosome 1 open reading frame 107"
"PELP1",27043,"proline, glutamic acid and leucine rich protein 1"
"SND1",27044,"staphylococcal nuclease and tudor domain containing 1"
"GJB1",2705,"gap junction protein, beta 1, 32kDa"
"ANKRD1",27063,"ankyrin repeat domain 1 (cardiac muscle)"
"NSG1",27065,"DNA segment on chromosome 4 (unique) 234 expressed sequence"
"STAU2",27067,"staufen, RNA binding protein, homolog 2 (Drosophila)"
"PPA2",27068,"pyrophosphatase (inorganic) 2"
"GHITM",27069,"growth hormone inducible transmembrane protein"
"DAPP1",27071,"dual adaptor of phosphotyrosine and 3-phosphoinositides"
"VPS41",27072,"vacuolar protein sorting 41 homolog (S. cerevisiae)"
"LAMP3",27074,"lysosomal-associated membrane protein 3"
"LYPD3",27076,"LY6/PLAUR domain containing 3"
"B9D1",27077,"B9 protein domain 1"
"RPUSD2",27079,"RNA pseudouridylate synthase domain containing 2"
"GJB3",2707,"gap junction protein, beta 3, 31kDa"
"B3GAT1",27087,"beta-1,3-glucuronyltransferase 1 (glucuronosyltransferase P)"
"UQCRQ",27089,"ubiquinol-cytochrome c reductase, complex III subunit VII, 9.5kDa"
"ST6GALNAC4",27090,"ST6 (alpha-N-acetyl-neuraminyl-2,3-beta-galactosyl-1,3)-N-acetylgalactosaminide alpha-2,6-sialyltransferase 4"
"CACNG5",27091,"calcium channel, voltage-dependent, gamma subunit 5"
"CACNG4",27092,"calcium channel, voltage-dependent, gamma subunit 4"
"TRAPPC3",27095,"trafficking protein particle complex 3"
"TAF5L",27097,"TAF5-like RNA polymerase II, p300/CBP-associated factor (PCAF)-associated factor, 65kDa"
"CLUL1",27098,"clusterin-like 1 (retinal)"
"AMPD1",270,"adenosine monophosphate deaminase 1 (isoform M)"
"CACYBP",27101,"calcyclin binding protein"
"EIF2AK1",27102,"eukaryotic translation initiation factor 2-alpha kinase 1"
"DMAC2L",27109,"ATP synthase, H+ transporting, mitochondrial F0 complex, subunit s (factor B)"
"GK",2710,"glycerol kinase"
"BBC3",27113,"BCL2 binding component 3"
"PDE7B",27115,"phosphodiesterase 7B"
"DKKL1",27120,"dickkopf-like 1 (soggy)"
"DKK4",27121,"dickkopf homolog 4 (Xenopus laevis)"
"DKK3",27122,"dickkopf homolog 3 (Xenopus laevis)"
"DKK2",27123,"dickkopf homolog 2 (Xenopus laevis)"
"INPP5J",27124,"phosphatidylinositol (4,5) bisphosphate 5-phosphatase, A"
"AFF4",27125,"AF4/FMR2 family, member 4"
"CYTH4",27128,"pleckstrin homology, Sec7 and coiled-coil domains 4"
"HSPB7",27129,"heat shock 27kDa protein family, member 7 (cardiovascular)"
"GK2",2712,"glycerol kinase 2"
"INVS",27130,"inversin"
"SNX5",27131,"sorting nexin 5"
"TJP3",27134,"tight junction protein 3 (zona occludens 3)"
"MORC1",27136,"MORC family CW-type zinc finger 1"
"CIDEB",27141,"cell death-inducing DFFA-like effector b"
"DENND2A",27147,"DENN/MADD domain containing 2A"
"RSPH14",27156,"rhabdoid tumor deletion region gene 1"
"NDOR1",27158,"NADPH dependent diflavin oxidoreductase 1"
"CHIA",27159,"chitinase, acidic"
"NAAA",27163,"N-acylsphingosine amidohydrolase (acid ceramidase)-like"
"GLS2",27165,"glutaminase 2 (liver, mitochondrial)"
"SLC39A1",27173,"solute carrier family 39 (zinc transporter), member 1"
"TUBG2",27175,"tubulin, gamma 2"
"IL37",27178,"interleukin 1 family, member 7 (zeta)"
"IL36A",27179,"interleukin 1 family, member 6 (epsilon)"
"GLA",2717,"galactosidase, alpha"
"SIGLEC9",27180,"sialic acid binding Ig-like lectin 9"
"SIGLEC8",27181,"sialic acid binding Ig-like lectin 8"
"VPS4A",27183,"vacuolar protein sorting 4 homolog A (S. cerevisiae)"
"DISC1",27185,"disrupted in schizophrenia 1"
"IL17B",27190,"interleukin 17B"
"GPC3",2719,"glypican 3"
"AMPD2",271,"adenosine monophosphate deaminase 2 (isoform L)"
"C5AR2",27202,"G protein-coupled receptor 77"
"GLB1",2720,"galactosidase, beta 1"
"TUBGCP4",27229,"tubulin, gamma complex associated protein 4"
"SERP1",27230,"stress-associated endoplasmic reticulum protein 1"
"NMRK2",27231,"integrin beta 1 binding protein 3"
"GNMT",27232,"glycine N-methyltransferase"
"COQ2",27235,"coenzyme Q2 homolog, prenyltransferase (yeast)"
"ARFIP1",27236,"ADP-ribosylation factor interacting protein 1 (arfaptin 1)"
"ARHGEF16",27237,"Rho guanine exchange factor (GEF) 16"
"GPKOW",27238,"G patch domain and KOW motifs"
"SIT1",27240,"signaling threshold regulating transmembrane adaptor 1"
"BBS9",27241,"Bardet-Biedl syndrome 9"
"TNFRSF21",27242,"tumor necrosis factor receptor superfamily, member 21"
"CHMP2A",27243,"chromatin modifying protein 2A"
"SESN1",27244,"sestrin 1"
"RNF115",27246,"zinc finger protein 364"
"NFU1",27247,"NFU1 iron-sulfur cluster scaffold homolog (S. cerevisiae)"
"MMADHC",27249,"chromosome 2 open reading frame 25"
"PDCD4",27250,"programmed cell death 4 (neoplastic transformation inhibitor)"
"KLHL20",27252,"kelch-like 20 (Drosophila)"
"PCDH17",27253,"protocadherin 17"
"CSDC2",27254,"cold shock domain containing C2, RNA binding"
"CNTN6",27255,"contactin 6"
"LSM1",27257,"LSM1 homolog, U6 small nuclear RNA associated (S. cerevisiae)"
"LSM3",27258,"LSM3 homolog, U6 small nuclear RNA associated (S. cerevisiae)"
"SULT1B1",27284,"sulfotransferase family, cytosolic, 1B, member 1"
"TEKT2",27285,"tektin 2 (testicular)"
"SRPX2",27286,"sushi-repeat-containing protein, X-linked 2"
"VENTX",27287,"VENT homeobox homolog (Xenopus laevis)"
"RBMXL2",27288,"RNA binding motif protein, X-linked-like 2"
"RND1",27289,"Rho family GTPase 1"
"SPINK4",27290,"serine peptidase inhibitor, Kazal type 4"
"R3HCC1L",27291,"chromosome 10 open reading frame 28"
"DIMT1",27292,"DIM1 dimethyladenosine transferase 1-like (S. cerevisiae)"
"PDLIM3",27295,"PDZ and LIM domain 3"
"CRCP",27297,"calcitonin gene-related peptide-receptor component protein"
"GCLC",2729,"glutamate-cysteine ligase, catalytic subunit"
"AMPD3",272,"adenosine monophosphate deaminase (isoform E)"
"APEX2",27301,"APEX nuclease (apurinic/apyrimidinic endonuclease) 2"
"BMP10",27302,"bone morphogenetic protein 10"
"RBMS3",27303,"RNA binding motif, single stranded interacting protein"
"MOCS3",27304,"molybdenum cofactor synthesis 3"
"HPGDS",27306,"prostaglandin D2 synthase, hematopoietic"
"ZNF330",27309,"zinc finger protein 330"
"GCLM",2730,"glutamate-cysteine ligase, modifier subunit"
"RAB30",27314,"RAB30, member RAS oncogene family"
"PGAP2",27315,"FGF receptor activating protein 1"
"GLDC",2731,"glycine dehydrogenase (decarboxylating)"
"TOX3",27324,"TOX high mobility group box family member 3"
"PCDH11X",27328,"protocadherin 11 X-linked"
"ANGPTL3",27329,"angiopoietin-like 3"
"RPS6KA6",27330,"ribosomal protein S6 kinase, 90kDa, polypeptide 6"
"ZNF638",27332,"zinc finger protein 638"
"GOLIM4",27333,"golgi integral membrane protein 4"
"EIF3K",27335,"eukaryotic translation initiation factor 3, subunit K"
"HTATSF1",27336,"HIV-1 Tat specific factor 1"
"PRPF19",27339,"PRP19/PSO4 pre-mRNA processing factor 19 homolog (S. cerevisiae)"
"GLE1",2733,"GLE1 RNA export mediator-like (yeast)"
"UTP20",27340,"UTP20, small subunit (SSU) processome component, homolog (yeast)"
"RRP7A",27341,"CGI-96 protein"
"RABGEF1",27342,"RAB guanine nucleotide exchange factor (GEF) 1"
"POLL",27343,"polymerase (DNA directed), lambda"
"PCSK1N",27344,"proprotein convertase subtilisin/kexin type 1 inhibitor"
"KCNMB4",27345,"potassium large conductance calcium-activated channel, subfamily M, beta member 4"
"TMEM97",27346,"transmembrane protein 97"
"STK39",27347,"serine threonine kinase 39 (STE20/SPS1 homolog, yeast)"
"TOR1B",27348,"torsin family 1, member B (torsin B)"
"MCAT",27349,"malonyl CoA:ACP acyltransferase (mitochondrial)"
"GLG1",2734,"golgi apparatus protein 1"
"APOBEC3C",27350,"apolipoprotein B mRNA editing enzyme, catalytic polypeptide-like 3C"
"DESI1",27351,"DNA segment, Chr 15, Wayne State University 75, expressed"
"SGSM3",27352,"small G protein signaling modulator 3"
"GLI1",2735,"glioma-associated oncogene homolog 1 (zinc finger protein)"
"GLI2",2736,"GLI-Kruppel family member GLI2"
"GLI3",2737,"GLI-Kruppel family member GLI3 (Greig cephalopolysyndactyly syndrome)"
"GLO1",2739,"glyoxalase I"
"AMPH",273,"amphiphysin"
"GLP1R",2740,"glucagon-like peptide 1 receptor"
"GLRA1",2741,"glycine receptor, alpha 1 (startle disease/hyperekplexia)"
"HTRA2",27429,"HtrA serine peptidase 2"
"GLRA2",2742,"glycine receptor, alpha 2"
"MAT2B",27430,"methionine adenosyltransferase II, beta"
"POLM",27434,"polymerase (DNA directed), mu"
"EML4",27436,"echinoderm microtubule associated protein like 4"
"GLRB",2743,"glycine receptor, beta"
"HDHD5",27440,"cat eye syndrome chromosome region, candidate 5"
"GLS",2744,"glutaminase"
"GLRX",2745,"glutaredoxin (thioltransferase)"
"GLUD1",2746,"glutamate dehydrogenase 1"
"GLUD2",2747,"glutamate dehydrogenase 2"
"BIN1",274,"bridging integrator 1"
"GLUL",2752,"glutamate-ammonia ligase (glutamine synthetase)"
"AMT",275,"aminomethyltransferase"
"GM2A",2760,"GM2 ganglioside activator"
"GMDS",2762,"GDP-mannose 4,6-dehydratase"
"GMPR",2766,"guanosine monophosphate reductase"
"GNA11",2767,"guanine nucleotide binding protein (G protein), alpha 11 (Gq class)"
"GNA12",2768,"guanine nucleotide binding protein (G protein) alpha 12"
"GNA15",2769,"guanine nucleotide binding protein (G protein), alpha 15 (Gq class)"
"GNAI1",2770,"guanine nucleotide binding protein (G protein), alpha inhibiting activity polypeptide 1"
"GNAI2",2771,"guanine nucleotide binding protein (G protein), alpha inhibiting activity polypeptide 2"
"GNAI3",2773,"guanine nucleotide binding protein (G protein), alpha inhibiting activity polypeptide 3"
"GNAL",2774,"guanine nucleotide binding protein (G protein), alpha activating activity polypeptide, olfactory type"
"GNAO1",2775,"guanine nucleotide binding protein (G protein), alpha activating activity polypeptide O"
"GNAQ",2776,"guanine nucleotide binding protein (G protein), q polypeptide"
"GNAS",2778,"GNAS complex locus"
"GNAT1",2779,"guanine nucleotide binding protein (G protein), alpha transducing activity polypeptide 1"
"GNAT2",2780,"guanine nucleotide binding protein (G protein), alpha transducing activity polypeptide 2"
"GNAZ",2781,"guanine nucleotide binding protein (G protein), alpha z polypeptide"
"GNB1",2782,"guanine nucleotide binding protein (G protein), beta polypeptide 1"
"GNB2",2783,"guanine nucleotide binding protein (G protein), beta polypeptide 2"
"GNB3",2784,"guanine nucleotide binding protein (G protein), beta polypeptide 3"
"GNG3",2785,"guanine nucleotide binding protein (G protein), gamma 3"
"GNG4",2786,"guanine nucleotide binding protein (G protein), gamma 4"
"GNG5",2787,"guanine nucleotide binding protein (G protein), gamma 5"
"GNG7",2788,"guanine nucleotide binding protein (G protein), gamma 7"
"GNG11",2791,"guanine nucleotide binding protein (G protein), gamma 11"
"GNGT1",2792,"guanine nucleotide binding protein (G protein), gamma transducing activity polypeptide 1"
"GNL1",2794,"guanine nucleotide binding protein-like 1"
"GNRH1",2796,"gonadotropin-releasing hormone 1 (luteinizing-releasing hormone)"
"GNRH2",2797,"gonadotropin-releasing hormone 2"
"GNRHR",2798,"gonadotropin-releasing hormone receptor"
"GNS",2799,"glucosamine (N-acetyl)-6-sulfatase (Sanfilippo disease IIID)"
"ABL2",27,"v-abl Abelson murine leukemia viral oncogene homolog 2 (arg, Abelson-related gene)"
"GOLGA1",2800,"golgi autoantigen, golgin subfamily a, 1"
"GOLGA2",2801,"golgi autoantigen, golgin subfamily a, 2"
"GOLGA3",2802,"golgi autoantigen, golgin subfamily a, 3"
"GOLGA4",2803,"golgi autoantigen, golgin subfamily a, 4"
"GOLGB1",2804,"golgin B1, golgi integral membrane protein"
"GOT1",2805,"glutamic-oxaloacetic transaminase 1, soluble (aspartate aminotransferase 1)"
"GOT2",2806,"glutamic-oxaloacetic transaminase 2, mitochondrial (aspartate aminotransferase 2)"
"SFN",2810,"stratifin"
"GP1BA",2811,"glycoprotein Ib (platelet), alpha polypeptide"
"GP2",2813,"glycoprotein 2 (zymogen granule membrane)"
"GP5",2814,"glycoprotein V (platelet)"
"GP9",2815,"glycoprotein IX (platelet)"
"GPC1",2817,"glypican 1"
"GPD1",2819,"glycerol-3-phosphate dehydrogenase 1 (soluble)"
"GPD2",2820,"glycerol-3-phosphate dehydrogenase 2 (mitochondrial)"
"GPI",2821,"glucose phosphate isomerase"
"GPLD1",2822,"glycosylphosphatidylinositol specific phospholipase D1"
"SLCO4A1",28231,"solute carrier organic anion transporter family, member 4A1"
"SLCO3A1",28232,"solute carrier organic anion transporter family, member 3A1"
"SLCO1B3",28234,"solute carrier organic anion transporter family, member 1B3"
"GPM6A",2823,"glycoprotein M6A"
"CCR10",2826,"chemokine (C-C motif) receptor 10"
"GPR3",2827,"G protein-coupled receptor 3"
"GPR4",2828,"G protein-coupled receptor 4"
"XCR1",2829,"chemokine (C motif) receptor 1"
"GPR6",2830,"G protein-coupled receptor 6"
"CSNK2A3",283106,"casein kinase 2, alpha 1 polypeptide pseudogene"
"CDH20",28316,"cadherin 20, type 2"
"TMEM80",283232,"transmembrane protein 80"
"CXCR3",2833,"chemokine (C-X-C motif) receptor 3"
"PGP",283871,"hypothetical protein LOC283871"
"ANG",283,"angiogenin, ribonuclease, RNase A family, 5"
"GPR17",2840,"G protein-coupled receptor 17"
"IGHV3-72",28410,"immunoglobulin heavy variable 3-72"
"CAVIN1",284119,"polymerase I and transcript release factor"
"GPR18",2841,"G protein-coupled receptor 18"
"GPR19",2842,"G protein-coupled receptor 19"
"GPR20",2843,"G protein-coupled receptor 20"
"WDR62",284403,"WD repeat domain 62"
"GPR21",2844,"G protein-coupled receptor 21"
"GPR22",2845,"G protein-coupled receptor 22"
"LPAR4",2846,"G protein-coupled receptor 23"
"MCHR1",2847,"melanin-concentrating hormone receptor 1"
"ANGPT1",284,"angiopoietin 1"
"NKIRAS2",28511,"NFKB inhibitor interacting Ras-like 2"
"CDH19",28513,"cadherin 19, type 2"
"EOGT",285203,"chromosome 3 open reading frame 64"
"GPER1",2852,"G protein-coupled estrogen receptor 1"
"GPR31",2853,"G protein-coupled receptor 31"
"GPR32",2854,"G protein-coupled receptor 32"
"GPR35",2859,"G protein-coupled receptor 35"
"ANGPT2",285,"angiopoietin 2"
"GPR37",2861,"G protein-coupled receptor 37 (endothelin receptor type B-like)"
"MLNR",2862,"motilin receptor"
"GPR39",2863,"G protein-coupled receptor 39"
"YIPF6",286451,"Yip1 domain family, member 6"
"FFAR2",2867,"free fatty acid receptor 2"
"GRK4",2868,"G protein-coupled receptor kinase 4"
"GRK5",2869,"G protein-coupled receptor kinase 5"
"ANK1",286,"ankyrin 1, erythrocytic"
"GRK6",2870,"G protein-coupled receptor kinase 6"
"MKNK2",2872,"MAP kinase interacting serine/threonine kinase 2"
"GPS1",2873,"G protein pathway suppressor 1"
"GPS2",2874,"G protein pathway suppressor 2"
"TRAC",28755,"T cell receptor alpha constant"
"GPT",2875,"glutamic-pyruvate transaminase (alanine aminotransferase)"
"GPX2",2877,"glutathione peroxidase 2 (gastrointestinal)"
"GPX3",2878,"glutathione peroxidase 3 (plasma)"
"GPX4",2879,"glutathione peroxidase 4 (phospholipid hydroperoxidase)"
"ANK2",287,"ankyrin 2, neuronal"
"GPX5",2880,"glutathione peroxidase 5 (epididymal androgen-related protein)"
"GPX7",2882,"glutathione peroxidase 7"
"GRB2",2885,"growth factor receptor-bound protein 2"
"GRB7",2886,"growth factor receptor-bound protein 7"
"GRB10",2887,"growth factor receptor-bound protein 10"
"GRB14",2888,"growth factor receptor-bound protein 14"
"RAPGEF1",2889,"Rap guanine nucleotide exchange factor (GEF) 1"
"ANK3",288,"ankyrin 3, node of Ranvier (ankyrin G)"
"GRIA1",2890,"glutamate receptor, ionotropic, AMPA 1"
"GRIA2",2891,"glutamate receptor, ionotropic, AMPA 2"
"GRIA3",2892,"glutamate receptor, ionotrophic, AMPA 3"
"GRIA4",2893,"glutamate receptor, ionotrophic, AMPA 4"
"TRIB2",28951,"tribbles homolog 2 (Drosophila)"
"CCDC22",28952,"coiled-coil domain containing 22"
"DEXI",28955,"dexamethasone-induced transcript"
"LAMTOR2",28956,"mitogen-activated protein-binding protein-interacting protein"
"MRPS28",28957,"mitochondrial ribosomal protein S28"
"COA3",28958,"coiled-coil domain containing 56"
"TMEM176B",28959,"transmembrane protein 176B"
"GRID2",2895,"glutamate receptor, ionotropic, delta 2"
"DCPS",28960,"decapping enzyme, scavenger"
"OSTM1",28962,"osteopetrosis associated transmembrane protein 1"
"GIT1",28964,"G protein-coupled receptor kinase interactor 1"
"SLC27A6",28965,"solute carrier family 27 (fatty acid transporter), member 6"
"SNX24",28966,"sorting nexin 24"
"GRN",2896,"granulin"
"SPCS1",28972,"signal peptidase complex subunit 1 homolog (S. cerevisiae)"
"MRPS18B",28973,"mitochondrial ribosomal protein S18B"
"MRPL42",28977,"mitochondrial ribosomal protein L42"
"GRIK1",2897,"glutamate receptor, ionotropic, kainate 1"
"IFT81",28981,"intraflagellar transport 81 homolog (Chlamydomonas)"
"RGCC",28984,"chromosome 13 open reading frame 15"
"MCTS1",28985,"malignant T cell amplified sequence 1"
"MAGEH1",28986,"melanoma antigen family H, 1"
"ASTE1",28990,"asteroid homolog 1 (Drosophila)"
"MACROD1",28992,"MACRO domain containing 1"
"HIPK2",28996,"homeodomain interacting protein kinase 2"
"MRPL13",28998,"mitochondrial ribosomal protein L13"
"KLF15",28999,"Kruppel-like factor 15"
"GRIK3",2899,"glutamate receptor, ionotropic, kainate 3"
"ABO",28,"ABO blood group (transferase A, alpha 1-3-N-acetylgalactosaminyltransferase; transferase B, alpha 1-3-galactosyltransferase)"
"GRIK4",2900,"glutamate receptor, ionotropic, kainate 4"
"GRIK5",2901,"glutamate receptor, ionotropic, kainate 5"
"ATAD2",29028,"ATPase family, AAA domain containing 2"
"GRIN1",2902,"glutamate receptor, ionotropic, N-methyl D-aspartate 1"
"GRIN2A",2903,"glutamate receptor, ionotropic, N-methyl D-aspartate 2A"
"GRIN2B",2904,"glutamate receptor, ionotropic, N-methyl D-aspartate 2B"
"GRIN2C",2905,"glutamate receptor, ionotropic, N-methyl D-aspartate 2C"
"WDR91",29062,"WD repeat domain 91"
"ZCCHC4",29063,"zinc finger, CCHC domain containing 4"
"GRIN2D",2906,"glutamate receptor, ionotropic, N-methyl D-aspartate 2D"
"C1GALT1C1",29071,"C1GALT1-specific chaperone 1"
"SETD2",29072,"SET domain containing 2"
"MRPL18",29074,"mitochondrial ribosomal protein L18"
"NDUFAF4",29078,"chromosome 6 open reading frame 66"
"MED4",29079,"mediator complex subunit 4"
"GRINA",2907,"glutamate receptor, ionotropic, N-methyl D-asparate-associated protein 1 (glutamate binding)"
"CCDC59",29080,"coiled-coil domain containing 59"
"METTL5",29081,"methyltransferase like 5"
"CHMP4A",29082,"chromatin modifying protein 4A"
"GTPBP8",29083,"GTP-binding protein 8 (putative)"
"BABAM1",29086,"chromosome 19 open reading frame 62"
"THYN1",29087,"thymocyte nuclear protein 1"
"MRPL15",29088,"mitochondrial ribosomal protein L15"
"NR3C1",2908,"nuclear receptor subfamily 3, group C, member 1 (glucocorticoid receptor)"
"STXBP6",29091,"syntaxin binding protein 6 (amisyn)"
"MRPL22",29093,"mitochondrial ribosomal protein L22"
"ORMDL2",29095,"ORM1-like 2 (S. cerevisiae)"
"CNIH4",29097,"cornichon homolog 4 (Drosophila)"
"RANGRF",29098,"RAN guanine nucleotide release factor"
"COMMD9",29099,"COMM domain containing 9"
"ARHGAP35",2909,"glucocorticoid receptor DNA binding factor 1"
"ANPEP",290,"alanyl (membrane) aminopeptidase (aminopeptidase N, aminopeptidase M, microsomal aminopeptidase, CD13, p150)"
"TMEM208",29100,"HSPC171 protein"
"DROSHA",29102,"ribonuclease III, nuclear"
"DNAJC15",29103,"DnaJ (Hsp40) homolog, subfamily C, member 15"
"N6AMT1",29104,"N-6 adenine-specific DNA methyltransferase 1 (putative)"
"CFAP20",29105,"chromosome 16 open reading frame 80"
"SCG3",29106,"secretogranin III"
"NXT1",29107,"NTF2-like export factor 1"
"PYCARD",29108,"PYD and CARD domain containing"
"FHOD1",29109,"formin homology 2 domain containing 1"
"TBK1",29110,"TANK-binding kinase 1"
"C6orf15",29113,"chromosome 6 open reading frame 15"
"TAGLN3",29114,"transgelin 3"
"SAP30BP",29115,"SAP30 binding protein"
"MYLIP",29116,"myosin regulatory light chain interacting protein"
"BRD7",29117,"bromodomain containing 7"
"DDX25",29118,"DEAD (Asp-Glu-Ala-Asp) box polypeptide 25"
"CTNNA3",29119,"catenin (cadherin-associated protein), alpha 3"
"GRM1",2911,"glutamate receptor, metabotropic 1"
"CLEC2D",29121,"C-type lectin domain family 2, member D"
"PRSS50",29122,"testes-specific protease 50"
"ANKRD11",29123,"ankyrin repeat domain 11"
"LGALS13",29124,"lectin, galactoside-binding, soluble, 13 (galectin 13)"
"RACGAP1",29127,"Rac GTPase activating protein 1"
"GRM2",2912,"glutamate receptor, metabotropic 2"
"GRM3",2913,"glutamate receptor, metabotropic 3"
"GRM4",2914,"glutamate receptor, metabotropic 4"
"GRM5",2915,"glutamate receptor, metabotropic 5"
"GRM6",2916,"glutamate receptor, metabotropic 6"
"GRM7",2917,"glutamate receptor, metabotropic 7"
"GRM8",2918,"glutamate receptor, metabotropic 8"
"CXCL1",2919,"chemokine (C-X-C motif) ligand 1 (melanoma growth stimulating activity, alpha)"
"SLC25A4",291,"solute carrier family 25 (mitochondrial carrier; adenine nucleotide translocator), member 4"
"CXCL2",2920,"chemokine (C-X-C motif) ligand 2"
"CXCL3",2921,"chemokine (C-X-C motif) ligand 3"
"GRP",2922,"gastrin-releasing peptide"
"PDIA3",2923,"protein disulfide isomerase family A, member 3"
"GRPR",2925,"gastrin-releasing peptide receptor"
"GRSF1",2926,"G-rich RNA sequence binding factor 1"
"GSC2",2928,"goosecoid-like"
"SLC25A5",292,"solute carrier family 25 (mitochondrial carrier; adenine nucleotide translocator), member 5"
"GSK3A",2931,"glycogen synthase kinase 3 alpha"
"GSK3B",2932,"glycogen synthase kinase 3 beta"
"GSN",2934,"gelsolin (amyloidosis, Finnish type)"
"GSPT1",2935,"G1 to S phase transition 1"
"GSR",2936,"glutathione reductase"
"GSS",2937,"glutathione synthetase"
"GSTA1",2938,"glutathione S-transferase A1"
"GSTA3",2940,"glutathione S-transferase A3"
"GSTA4",2941,"glutathione S-transferase A4"
"GSTM3",2947,"glutathione S-transferase M3 (brain)"
"GSTM4",2948,"glutathione S-transferase M4"
"GSTM5",2949,"glutathione S-transferase M5"
"GSTP1",2950,"glutathione S-transferase pi"
"GSTZ1",2954,"glutathione transferase zeta 1 (maleylacetoacetate isomerase)"
"MSH6",2956,"mutS homolog 6 (E. coli)"
"GTF2A1",2957,"general transcription factor IIA, 1, 19/37kDa"
"GTF2A2",2958,"general transcription factor IIA, 2, 12kDa"
"GTF2B",2959,"general transcription factor IIB"
"GTF2E1",2960,"general transcription factor IIE, polypeptide 1, alpha 56kDa"
"GTF2E2",2961,"general transcription factor IIE, polypeptide 2, beta 34kDa"
"GTF2F1",2962,"general transcription factor IIF, polypeptide 1, 74kDa"
"GTF2F2",2963,"general transcription factor IIF, polypeptide 2, 30kDa"
"GTF2H1",2965,"general transcription factor IIH, polypeptide 1, 62kDa"
"GTF2H4",2968,"general transcription factor IIH, polypeptide 4, 52kDa"
"GTF2I",2969,"general transcription factor II, i"
"BRF1",2972,"BRF1 homolog, subunit of RNA polymerase III transcription initiation factor IIIB (S. cerevisiae)"
"GTF3C1",2975,"general transcription factor IIIC, polypeptide 1, alpha 220kDa"
"BLNK",29760,"B-cell linker"
"USP25",29761,"ubiquitin specific peptidase 25"
"PACSIN3",29763,"protein kinase C and casein kinase substrate in neurons 3"
"TMOD3",29766,"tropomodulin 3 (ubiquitous)"
"TMOD2",29767,"tropomodulin 2 (neuronal)"
"GTF3C2",2976,"general transcription factor IIIC, polypeptide 2, beta 110kDa"
"CARD10",29775,"caspase recruitment domain family, member 10"
"ABT1",29777,"activator of basal transcription 1"
"GUCY1A2",2977,"guanylate cyclase 1, soluble, alpha 2"
"PARVB",29780,"parvin, beta"
"NCAPH2",29781,"non-SMC condensin II complex, subunit H2"
"OLA1",29789,"Obg-like ATPase 1"
"GUCA1A",2978,"guanylate cyclase activator 1A (retina)"
"UQCR10",29796,"ubiquinol-cytochrome c reductase complex (7.2 kD)"
"GUCA1B",2979,"guanylate cyclase activator 1B (retina)"
"VPREB3",29802,"pre-B lymphocyte gene 3"
"REPIN1",29803,"replication initiator 1"
"GUCA2A",2980,"guanylate cyclase activator 2A (guanylin)"
"GUCA2B",2981,"guanylate cyclase activator 2B (uroguanylin)"
"GUCY1A1",2982,"guanylate cyclase 1, soluble, alpha 3"
"GUCY1B1",2983,"guanylate cyclase 1, soluble, beta 3"
"TFCP2L1",29842,"transcription factor CP2-like 1"
"TFPT",29844,"TCF3 (E2A) fusion partner (in childhood Leukemia)"
"GUCY2C",2984,"guanylate cyclase 2C (heat stable enterotoxin receptor)"
"ICOS",29851,"inducible T-cell co-stimulator"
"UBN1",29855,"ubinuclein 1"
"GUCY2F",2986,"guanylate cyclase 2F, retinal"
"GUK1",2987,"guanylate kinase 1"
"ALG5",29880,"asparagine-linked glycosylation 5 homolog (S. cerevisiae, dolichyl-phosphate beta-glucosyltransferase)"
"NPC1L1",29881,"NPC1 (Niemann-Pick disease, type C1, gene)-like 1"
"ANAPC2",29882,"anaphase promoting complex subunit 2"
"CNOT7",29883,"CCR4-NOT transcription complex, subunit 7"
"SNX10",29887,"sorting nexin 10"
"STRN4",29888,"striatin, calmodulin binding protein 4"
"GNL2",29889,"guanine nucleotide binding protein-like 2 (nucleolar)"
"RBM15B",29890,"RNA binding motif protein 15B"
"PSMC3IP",29893,"PSMC3 interacting protein"
"CPSF1",29894,"cleavage and polyadenylation specific factor 1, 160kDa"
"MYL11",29895,"fast skeletal myosin light chain 2"
"TRA2A",29896,"transformer-2 alpha"
"GPSM2",29899,"G-protein signaling modulator 2 (AGS3-like, C. elegans)"
"SAC3D1",29901,"SAC3 domain containing 1"
"CCDC106",29903,"coiled-coil domain containing 106"
"ST8SIA5",29906,"ST8 alpha-N-acetyl-neuraminide alpha-2,8-sialyltransferase 5"
"SNX15",29907,"sorting nexin 15"
"GPR171",29909,"G protein-coupled receptor 171"
"GUSB",2990,"glucuronidase, beta"
"HOOK2",29911,"hook homolog 2 (Drosophila)"
"UBIAD1",29914,"UbiA prenyltransferase domain containing 1"
"HCFC2",29915,"host cell factor C2"
"SNX11",29916,"sorting nexin 11"
"RMC1",29919,"chromosome 18 open reading frame 8"
"NME7",29922,"non-metastatic cells 7, protein expressed in (nucleoside-diphosphate kinase)"
"HILPDA",29923,"hypoxia-inducible protein 2"
"EPN1",29924,"epsin 1"
"GMPPB",29925,"GDP-mannose pyrophosphorylase B"
"GMPPA",29926,"GDP-mannose pyrophosphorylase A"
"SEC61A1",29927,"Sec61 alpha 1 subunit (S. cerevisiae)"
"TIMM22",29928,"translocase of inner mitochondrial membrane 22 homolog (yeast)"
"ALG6",29929,"asparagine-linked glycosylation 6 homolog (S. cerevisiae, alpha-1,3-glucosyltransferase)"
"GYG1",2992,"glycogenin 1"
"GPR132",29933,"G protein-coupled receptor 132"
"RPA4",29935,"replication protein A4, 34kDa"
"NENF",29937,"neuron derived neurotrophic factor"
"GYPA",2993,"glycophorin A (MNS blood group)"
"DSE",29940,"dermatan sulfate epimerase"
"SERTAD3",29946,"SERTA domain containing 3"
"DNMT3L",29947,"DNA (cytosine-5-)-methyltransferase 3-like"
"IL19",29949,"interleukin 19"
"GYPB",2994,"glycophorin B (MNS blood group)"
"TRHDE",29953,"thyrotropin-releasing hormone degrading enzyme"
"POMT2",29954,"protein-O-mannosyltransferase 2"
"CERS2",29956,"LAG1 homolog, ceramide synthase 2"
"SLC25A24",29957,"solute carrier family 25 (mitochondrial carrier; phosphate carrier), member 24"
"NRBP1",29959,"nuclear receptor binding protein 1"
"GYPC",2995,"glycophorin C (Gerbich blood group)"
"MRM2",29960,"FtsJ homolog 2 (E. coli)"
"PRICKLE4",29964,"chromosome 6 open reading frame 49"
"CDIP1",29965,"chromosome 16 open reading frame 5"
"STRN3",29966,"striatin, calmodulin binding protein 3"
"PSAT1",29968,"phosphoserine aminotransferase 1"
"MDFIC",29969,"MyoD family inhibitor domain containing"
"GYPE",2996,"glycophorin E"
"SCHIP1",29970,"schwannomin interacting protein 1"
"A1CF",29974,"apobec-1 complementation factor"
"UBQLN2",29978,"ubiquilin 2"
"GYS1",2997,"glycogen synthase 1 (muscle)"
"DONSON",29980,"downstream neighbor of SON"
"NRBF2",29982,"nuclear receptor binding factor 2"
"RHOD",29984,"ras homolog gene family, member D"
"SLC39A2",29986,"solute carrier family 39 (zinc transporter), member 2"
"SLC2A8",29988,"solute carrier family 2, (facilitated glucose transporter) member 8"
"GYS2",2998,"glycogen synthase 2 (liver)"
"PILRB",29990,"paired immunoglobin-like type 2 receptor beta"
"OBP2A",29991,"odorant binding protein 2A"
"PILRA",29992,"paired immunoglobin-like type 2 receptor alpha"
"BAZ2B",29994,"bromodomain adjacent to zinc finger domain, 2B"
"LMCD1",29995,"LIM and cysteine-rich domains 1"
"NOP53",29997,"glioma tumor suppressor candidate region gene 2"
"BICRA",29998,"glioma tumor suppressor candidate region gene 1"
"GZMH",2999,"granzyme H (cathepsin G-like 2, protein h-CCPX)"
"ABR",29,"active BCR-related gene"
"A2M",2,"alpha-2-macroglobulin"
"TNPO2",30000,"transportin 2 (importin 3, karyopherin beta 2b)"
"ERO1A",30001,"ERO1-like (S. cerevisiae)"
"EFEMP2",30008,"EGF-containing fibulin-like extracellular matrix protein 2"
"TBX21",30009,"T-box 21"
"GUCY2D",3000,"guanylate cyclase 2D, membrane (retina-specific)"
"TLX3",30012,"T-cell leukemia homeobox 3"
"GZMA",3001,"granzyme A (granzyme 1, cytotoxic T-lymphocyte-associated serine esterase 3)"
"GZMB",3002,"granzyme B (granzyme 2, cytotoxic T-lymphocyte-associated serine esterase 1)"
"GZMK",3003,"granzyme K (granzyme 3; tryptase II)"
"GZMM",3004,"granzyme M (lymphocyte met-ase 1)"
"H1-0",3005,"H1 histone family, member 0"
"H1-2",3006,"histone cluster 1, H1c"
"H1-3",3007,"histone cluster 1, H1d"
"H1-4",3008,"histone cluster 1, H1e"
"H1-5",3009,"histone cluster 1, H1b"
"H2AC8",3012,"histone cluster 1, H2ae"
"H2AX",3014,"H2A histone family, member X"
"H2AZ1",3015,"H2A histone family, member Z"
"H2BC5",3017,"histone cluster 1, H2bd"
"H2BC3",3018,"histone cluster 1, H2bb"
"ANXA1",301,"annexin A1"
"H3-3B",3021,"H3 histone, family 3B (H3.3B)"
"H1-1",3024,"histone cluster 1, H1a"
"HABP2",3026,"hyaluronan binding protein 2"
"HSD17B10",3028,"hydroxysteroid (17-beta) dehydrogenase 10"
"HAGH",3029,"hydroxyacylglutathione hydrolase"
"ANXA2",302,"annexin A2"
"HADHA",3030,"hydroxyacyl-Coenzyme A dehydrogenase/3-ketoacyl-Coenzyme A thiolase/enoyl-Coenzyme A hydratase (trifunctional protein), alpha subunit"
"HADHB",3032,"hydroxyacyl-Coenzyme A dehydrogenase/3-ketoacyl-Coenzyme A thiolase/enoyl-Coenzyme A hydratase (trifunctional protein), beta subunit"
"HADH",3033,"hydroxyacyl-Coenzyme A dehydrogenase"
"HAL",3034,"histidine ammonia-lyase"
"HARS1",3035,"histidyl-tRNA synthetase"
"HAS1",3036,"hyaluronan synthase 1"
"HAS2",3037,"hyaluronan synthase 2"
"HBA2",3040,"hemoglobin, alpha 2"
"HBB",3043,"hemoglobin, beta"
"HBD",3045,"hemoglobin, delta"
"HBE1",3046,"hemoglobin, epsilon 1"
"HBG2",3048,"hemoglobin, gamma G"
"HBQ1",3049,"hemoglobin, theta 1"
"HBZ",3050,"hemoglobin, zeta"
"HCCS",3052,"holocytochrome c synthase (cytochrome c heme-lyase)"
"SERPIND1",3053,"serpin peptidase inhibitor, clade D (heparin cofactor), member 1"
"HCFC1",3054,"host cell factor C1 (VP16-accessory protein)"
"HCK",3055,"hemopoietic cell kinase"
"HCLS1",3059,"hematopoietic cell-specific Lyn substrate 1"
"HCRT",3060,"hypocretin (orexin) neuropeptide precursor"
"HCRTR1",3061,"hypocretin (orexin) receptor 1"
"HCRTR2",3062,"hypocretin (orexin) receptor 2"
"HTT",3064,"huntingtin (Huntington disease)"
"HDAC1",3065,"histone deacetylase 1"
"HDAC2",3066,"histone deacetylase 2"
"HDC",3067,"histidine decarboxylase"
"HDGF",3068,"hepatoma-derived growth factor (high-mobility group protein 1-like)"
"HDLBP",3069,"high density lipoprotein binding protein (vigilin)"
"NCKAP1L",3071,"NCK-associated protein 1-like"
"HEXA",3073,"hexosaminidase A (alpha polypeptide)"
"HEXB",3074,"hexosaminidase B (beta polypeptide)"
"CFH",3075,"complement factor H"
"HFE",3077,"hemochromatosis"
"ANXA4",307,"annexin A4"
"CFHR2",3080,"complement factor H-related 2"
"VSX1",30813,"visual system homeobox 1"
"PLA2G2E",30814,"phospholipase A2, group IIE"
"ADGRE2",30817,"egf-like module containing, mucin-like, hormone receptor-like 2"
"KCNIP2",30819,"Kv channel interacting protein 2"
"KCNIP1",30820,"Kv channel interacting protein 1"
"CXXC1",30827,"CXXC finger 1 (PHD domain)"
"HGF",3082,"hepatocyte growth factor (hepapoietin A; scatter factor)"
"NT5C",30833,"5', 3'-nucleotidase, cytosolic"
"CD209",30835,"CD209 molecule"
"DNTTIP2",30836,"deoxynucleotidyltransferase, terminal, interacting protein 2"
"SOCS7",30837,"suppressor of cytokine signaling 7"
"HGFAC",3083,"HGF activator"
"EHD4",30844,"EH-domain containing 4"
"EHD3",30845,"EH-domain containing 3"
"EHD2",30846,"EH-domain containing 2"
"CTAG2",30848,"cancer/testis antigen 2"
"PIK3R4",30849,"phosphoinositide-3-kinase, regulatory subunit 4, p150"
"NRG1",3084,"neuregulin 1"
"CDR2L",30850,"cerebellar degeneration-related protein 2-like"
"TAX1BP3",30851,"Tax1 (human T-cell leukemia virus type I) binding protein 3"
"HHEX",3087,"hematopoietically expressed homeobox"
"ANXA5",308,"annexin A5"
"HIC1",3090,"hypermethylated in cancer 1"
"HIF1A",3091,"hypoxia-inducible factor 1, alpha subunit (basic helix-loop-helix transcription factor)"
"HIP1",3092,"huntingtin interacting protein 1"
"UBE2K",3093,"huntingtin interacting protein 2"
"HINT1",3094,"histidine triad nucleotide binding protein 1"
"STOML2",30968,"stomatin (EPB72)-like 2"
"HIVEP1",3096,"human immunodeficiency virus type I enhancer binding protein 1"
"HIVEP2",3097,"human immunodeficiency virus type I enhancer binding protein 2"
"HK1",3098,"hexokinase 1"
"HK2",3099,"hexokinase 2"
"ANXA6",309,"annexin A6"
"ACAA1",30,"acetyl-Coenzyme A acyltransferase 1 (peroxisomal 3-oxoacyl-Coenzyme A thiolase)"
"HK3",3101,"hexokinase 3 (white cell)"
"HLA-A",3105,"major histocompatibility complex, class I, A"
"HLA-B",3106,"major histocompatibility complex, class I, B"
"HLA-C",3107,"major histocompatibility complex, class I, C"
"HLA-DMA",3108,"major histocompatibility complex, class II, DM alpha"
"HLA-DMB",3109,"major histocompatibility complex, class II, DM beta"
"ANXA7",310,"annexin A7"
"MNX1",3110,"motor neuron and pancreas homeobox 1"
"HLA-DOA",3111,"major histocompatibility complex, class II, DO alpha"
"HLA-DOB",3112,"major histocompatibility complex, class II, DO beta"
"HLA-DPA1",3113,"major histocompatibility complex, class II, DP alpha 1"
"HLA-DPB1",3115,"major histocompatibility complex, class II, DP beta 1"
"HLA-DQA1",3117,"major histocompatibility complex, class II, DQ alpha 1"
"HLA-DQB1",3119,"major histocompatibility complex, class II, DQ beta 1"
"ANXA11",311,"annexin A11"
"HLA-DQB2",3120,"major histocompatibility complex, class II, DQ beta 2"
"HLA-DRA",3122,"major histocompatibility complex, class II, DR alpha"
"HLA-DRB1",3123,"major histocompatibility complex, class II, DR beta 1"
"ANXA13",312,"annexin A13"
"HLF",3131,"hepatic leukemia factor"
"HLA-E",3133,"major histocompatibility complex, class I, E"
"HLA-F",3134,"major histocompatibility complex, class I, F"
"HLA-G",3135,"HLA-G histocompatibility antigen, class I, G"
"MR1",3140,"major histocompatibility complex, class I-related"
"HLCS",3141,"holocarboxylase synthetase (biotin-(proprionyl-Coenzyme A-carboxylase (ATP-hydrolysing)) ligase)"
"HLX",3142,"H2.0-like homeobox"
"HMBS",3145,"hydroxymethylbilane synthase"
"HMGB2",3148,"high-mobility group box 2"
"AOC2",314,"amine oxidase, copper containing 2 (retina-specific)"
"HMGN1",3150,"high-mobility group nucleosome binding domain 1"
"HMGCL",3155,"3-hydroxymethyl-3-methylglutaryl-Coenzyme A lyase (hydroxymethylglutaricaciduria)"
"HMGCR",3156,"3-hydroxy-3-methylglutaryl-Coenzyme A reductase"
"HMGCS1",3157,"3-hydroxy-3-methylglutaryl-Coenzyme A synthase 1 (soluble)"
"HMGCS2",3158,"3-hydroxy-3-methylglutaryl-Coenzyme A synthase 2 (mitochondrial)"
"HMGA1",3159,"high mobility group AT-hook 1"
"HMMR",3161,"hyaluronan-mediated motility receptor (RHAMM)"
"HMOX1",3162,"heme oxygenase (decycling) 1"
"HMOX2",3163,"heme oxygenase (decycling) 2"
"NR4A1",3164,"nuclear receptor subfamily 4, group A, member 1"
"FOXA1",3169,"forkhead box A1"
"AOX1",316,"aldehyde oxidase 1"
"FOXA2",3170,"forkhead box A2"
"HNF4A",3172,"hepatocyte nuclear factor 4, alpha"
"HNF4G",3174,"hepatocyte nuclear factor 4, gamma"
"ONECUT1",3175,"one cut homeobox 1"
"HNMT",3176,"histamine N-methyltransferase"
"DDX51",317781,"DEAD (Asp-Glu-Ala-Asp) box polypeptide 51"
"SLC29A2",3177,"solute carrier family 29 (nucleoside transporters), member 2"
"HNRNPA1",3178,"heterogeneous nuclear ribonucleoprotein A1"
"APAF1",317,"apoptotic peptidase activating factor 1"
"HNRNPA2B1",3181,"heterogeneous nuclear ribonucleoprotein A2/B1"
"HNRNPAB",3182,"heterogeneous nuclear ribonucleoprotein A/B"
"HNRNPC",3183,"heterogeneous nuclear ribonucleoprotein C (C1/C2)"
"HNRNPD",3184,"heterogeneous nuclear ribonucleoprotein D (AU-rich element RNA binding protein 1, 37kDa)"
"HNRNPF",3185,"heterogeneous nuclear ribonucleoprotein F"
"HNRNPH1",3187,"heterogeneous nuclear ribonucleoprotein H1 (H)"
"HNRNPH2",3188,"heterogeneous nuclear ribonucleoprotein H2 (H')"
"HNRNPH3",3189,"heterogeneous nuclear ribonucleoprotein H3 (2H9)"
"NUDT2",318,"nudix (nucleoside diphosphate linked moiety X)-type motif 2"
"HNRNPK",3190,"heterogeneous nuclear ribonucleoprotein K"
"HNRNPL",3191,"heterogeneous nuclear ribonucleoprotein L"
"HNRNPU",3192,"heterogeneous nuclear ribonucleoprotein U (scaffold attachment factor A)"
"TLX1",3195,"T-cell leukemia homeobox 1"
"TLX2",3196,"T-cell leukemia homeobox 2"
"HOXA1",3198,"homeobox A1"
"HOXA2",3199,"homeobox A2"
"APOF",319,"apolipoprotein F"
"ACACA",31,"acetyl-Coenzyme A carboxylase alpha"
"HOXA3",3200,"homeobox A3"
"HOXA4",3201,"homeobox A4"
"HOXA5",3202,"homeobox A5"
"HOXA6",3203,"homeobox A6"
"HOXA7",3204,"homeobox A7"
"HOXA9",3205,"homeobox A9"
"HOXA10",3206,"homeobox A10"
"HOXA11",3207,"homeobox A11"
"HPCA",3208,"hippocalcin"
"APBA1",320,"amyloid beta (A4) precursor protein-binding, family A, member 1 (X11)"
"HOXB1",3211,"homeobox B1"
"HOXB2",3212,"homeobox B2"
"HOXB3",3213,"homeobox B3"
"HOXB5",3215,"homeobox B5"
"HOXB6",3216,"homeobox B6"
"HOXB7",3217,"homeobox B7"
"HOXB8",3218,"homeobox B8"
"HOXB9",3219,"homeobox B9"
"APBA2",321,"amyloid beta (A4) precursor protein-binding, family A, member 2 (X11-like)"
"HOXC4",3221,"homeobox C4"
"HOXC5",3222,"homeobox C5"
"HOXC6",3223,"homeobox C6"
"HOXC8",3224,"homeobox C8"
"HOXC10",3226,"homeobox C10"
"HOXC11",3227,"homeobox C11"
"HOXC13",3229,"homeobox C13"
"APBB1",322,"amyloid beta (A4) precursor protein-binding, family B, member 1 (Fe65)"
"HOXD1",3231,"homeobox D1"
"HOXD3",3232,"homeobox D3"
"HOXD9",3235,"homeobox D9"
"HOXD10",3236,"homeobox D10"
"HOXD11",3237,"homeobox D11"
"HOXD12",3238,"homeobox D12"
"HOXD13",3239,"homeobox D13"
"APBB2",323,"amyloid beta (A4) precursor protein-binding, family B, member 2 (Fe65-like)"
"HP",3240,"haptoglobin"
"HPD",3242,"4-hydroxyphenylpyruvate dioxygenase"
"HPGD",3248,"hydroxyprostaglandin dehydrogenase 15-(NAD)"
"HPN",3249,"hepsin (transmembrane protease, serine 1)"
"APC",324,"adenomatosis polyposis coli"
"HPR",3250,"haptoglobin-related protein"
"HPRT1",3251,"hypoxanthine phosphoribosyltransferase 1 (Lesch-Nyhan syndrome)"
"HPS1",3257,"Hermansky-Pudlak syndrome 1"
"APCS",325,"amyloid P component, serum"
"HPX",3263,"hemopexin"
"HRAS",3265,"v-Ha-ras Harvey rat sarcoma viral oncogene homolog"
"AGFG1",3267,"HIV-1 Rev binding protein"
"AGFG2",3268,"HIV-1 Rev binding protein-like"
"HRH1",3269,"histamine receptor H1"
"AIRE",326,"autoimmune regulator"
"HRC",3270,"histidine rich calcium binding protein"
"HRG",3273,"histidine-rich glycoprotein"
"HRH2",3274,"histamine receptor H2"
"PRMT2",3275,"protein arginine methyltransferase 2"
"PRMT1",3276,"protein arginine methyltransferase 1"
"APEH",327,"N-acylaminoacyl-peptide hydrolase"
"HES1",3280,"hairy and enhancer of split 1, (Drosophila)"
"HSBP1",3281,"heat shock factor binding protein 1"
"HSD3B1",3283,"hydroxy-delta-5-steroid dehydrogenase, 3 beta- and steroid delta-isomerase 1"
"HSD3B2",3284,"hydroxy-delta-5-steroid dehydrogenase, 3 beta- and steroid delta-isomerase 2"
"APEX1",328,"APEX nuclease (multifunctional DNA repair enzyme) 1"
"HSD11B1",3290,"hydroxysteroid (11-beta) dehydrogenase 1"
"HSD11B2",3291,"hydroxysteroid (11-beta) dehydrogenase 2"
"HSD17B1",3292,"hydroxysteroid (17-beta) dehydrogenase 1"
"HSD17B3",3293,"hydroxysteroid (17-beta) dehydrogenase 3"
"HSD17B2",3294,"hydroxysteroid (17-beta) dehydrogenase 2"
"HSD17B4",3295,"hydroxysteroid (17-beta) dehydrogenase 4"
"HSF1",3297,"heat shock transcription factor 1"
"HSF2",3298,"heat shock transcription factor 2"
"HSF4",3299,"heat shock transcription factor 4"
"BIRC2",329,"baculoviral IAP repeat-containing 2"
"ACACB",32,"acetyl-Coenzyme A carboxylase beta"
"DNAJB2",3300,"DnaJ (Hsp40) homolog, subfamily B, member 2"
"DNAJA1",3301,"DnaJ (Hsp40) homolog, subfamily A, member 1"
"HSPA1A",3303,"heat shock 70kDa protein 1A"
"HSPA1B",3304,"heat shock 70kDa protein 1B"
"HSPA1L",3305,"heat shock 70kDa protein 1-like"
"HSPA2",3306,"heat shock 70kDa protein 2"
"HSPA4",3308,"heat shock 70kDa protein 4"
"HSPA5",3309,"heat shock 70kDa protein 5 (glucose-regulated protein, 78kDa)"
"BIRC3",330,"baculoviral IAP repeat-containing 3"
"HSPA6",3310,"heat shock 70kDa protein 6 (HSP70B')"
"HSPA8",3312,"heat shock 70kDa protein 8"
"HSPA9",3313,"heat shock 70kDa protein 9 (mortalin)"
"HSPB2",3316,"heat shock 27kDa protein 2"
"XIAP",331,"baculoviral IAP repeat-containing 4"
"HSP90AA1",3320,"heat shock protein 90kDa alpha (cytosolic), class A member 1"
"IGSF3",3321,"immunoglobulin superfamily, member 3"
"HSP90AB1",3326,"heat shock protein 90kDa alpha (cytosolic), class B member 1"
"BIRC5",332,"baculoviral IAP repeat-containing 5 (survivin)"
"HSPE1",3336,"heat shock 10kDa protein 1 (chaperonin 10)"
"DNAJB1",3337,"DnaJ (Hsp40) homolog, subfamily B, member 1"
"DNAJC4",3338,"DnaJ (Hsp40) homolog, subfamily C, member 4"
"HSPG2",3339,"heparan sulfate proteoglycan 2"
"APLP1",333,"amyloid beta (A4) precursor-like protein 1"
"NDST1",3340,"N-deacetylase/N-sulfotransferase (heparan glucosaminyl) 1"
"FOXN2",3344,"forkhead box N2"
"HTN1",3346,"histatin 1"
"HTN3",3347,"histatin 3"
"APLP2",334,"amyloid beta (A4) precursor-like protein 2"
"HTR1A",3350,"5-hydroxytryptamine (serotonin) receptor 1A"
"HTR1B",3351,"5-hydroxytryptamine (serotonin) receptor 1B"
"HTR1D",3352,"5-hydroxytryptamine (serotonin) receptor 1D"
"HTR1E",3354,"5-hydroxytryptamine (serotonin) receptor 1E"
"HTR1F",3355,"5-hydroxytryptamine (serotonin) receptor 1F"
"HTR2A",3356,"5-hydroxytryptamine (serotonin) receptor 2A"
"HTR2B",3357,"5-hydroxytryptamine (serotonin) receptor 2B"
"HTR2C",3358,"5-hydroxytryptamine (serotonin) receptor 2C"
"HTR3A",3359,"5-hydroxytryptamine (serotonin) receptor 3A"
"APOA1",335,"apolipoprotein A-I"
"HTR4",3360,"5-hydroxytryptamine (serotonin) receptor 4"
"HTR5A",3361,"5-hydroxytryptamine (serotonin) receptor 5A"
"HTR7",3363,"5-hydroxytryptamine (serotonin) receptor 7 (adenylate cyclase-coupled)"
"HUS1",3364,"HUS1 checkpoint homolog (S. pombe)"
"APOA2",336,"apolipoprotein A-II"
"TNC",3371,"tenascin C (hexabrachion)"
"HYAL1",3373,"hyaluronoglucosaminidase 1"
"IAPP",3375,"islet amyloid polypeptide"
"IARS1",3376,"isoleucyl-tRNA synthetase"
"APOA4",337,"apolipoprotein A-IV"
"IBSP",3381,"integrin-binding sialoprotein (bone sialoprotein, bone sialoprotein II)"
"ICA1",3382,"islet cell autoantigen 1, 69kDa"
"ICAM1",3383,"intercellular adhesion molecule 1 (CD54), human rhinovirus receptor"
"ICAM2",3384,"intercellular adhesion molecule 2"
"ICAM3",3385,"intercellular adhesion molecule 3"
"LUZP2",338645,"leucine zipper protein 2"
"ICAM4",3386,"intercellular adhesion molecule 4 (Landsteiner-Wiener blood group)"
"APOB",338,"apolipoprotein B (including Ag(x) antigen)"
"IRF8",3394,"interferon regulatory factor 8"
"MRPL58",3396,"immature colon carcinoma transcript 1"
"ID1",3397,"inhibitor of DNA binding 1, dominant negative helix-loop-helix protein"
"ID2",3398,"inhibitor of DNA binding 2, dominant negative helix-loop-helix protein"
"ID3",3399,"inhibitor of DNA binding 3, dominant negative helix-loop-helix protein"
"APOBEC1",339,"apolipoprotein B mRNA editing enzyme, catalytic polypeptide 1"
"ACADL",33,"acyl-Coenzyme A dehydrogenase, long chain"
"ID4",3400,"inhibitor of DNA binding 4, dominant negative helix-loop-helix protein"
"IDE",3416,"insulin-degrading enzyme"
"IDH1",3417,"isocitrate dehydrogenase 1 (NADP+), soluble"
"IDH2",3418,"isocitrate dehydrogenase 2 (NADP+), mitochondrial"
"IDH3A",3419,"isocitrate dehydrogenase 3 (NAD+) alpha"
"APOC1",341,"apolipoprotein C-I"
"IDH3B",3420,"isocitrate dehydrogenase 3 (NAD+) beta"
"IDH3G",3421,"isocitrate dehydrogenase 3 (NAD+) gamma"
"IDI1",3422,"isopentenyl-diphosphate delta isomerase 1"
"IDS",3423,"iduronate 2-sulfatase (Hunter syndrome)"
"NACA2",342538,"nascent polypeptide-associated complex alpha subunit 2"
"IDUA",3425,"iduronidase, alpha-L-"
"CFI",3426,"complement factor I"
"IFI16",3428,"interferon, gamma-inducible protein 16"
"IFI27",3429,"interferon, alpha-inducible protein 27"
"IFI35",3430,"interferon-induced protein 35"
"SP110",3431,"SP110 nuclear body protein"
"IFIT2",3433,"interferon-induced protein with tetratricopeptide repeats 2"
"IFIT1",3434,"interferon-induced protein with tetratricopeptide repeats 1"
"IFIT3",3437,"interferon-induced protein with tetratricopeptide repeats 3"
"IFNA1",3439,"interferon, alpha 1"
"AQP8",343,"aquaporin 8"
"IFNA2",3440,"interferon, alpha 2"
"IFNA5",3442,"interferon, alpha 5"
"IFNA6",3443,"interferon, alpha 6"
"IFNA7",3444,"interferon, alpha 7"
"IFNA8",3445,"interferon, alpha 8"
"IFNA10",3446,"interferon, alpha 10"
"IFNA16",3449,"interferon, alpha 16"
"APOC2",344,"apolipoprotein C-II"
"IFNA21",3452,"interferon, alpha 21"
"IFNAR1",3454,"interferon (alpha, beta and omega) receptor 1"
"IFNAR2",3455,"interferon (alpha, beta and omega) receptor 2"
"IFNB1",3456,"interferon, beta 1, fibroblast"
"IFNG",3458,"interferon, gamma"
"IFNGR1",3459,"interferon gamma receptor 1"
"APOC3",345,"apolipoprotein C-III"
"IFNGR2",3460,"interferon gamma receptor 2 (interferon gamma transducer 1)"
"GNAT3",346562,"guanine nucleotide binding protein, alpha transducing 3"
"IFNW1",3467,"interferon, omega 1"
"APOC4",346,"apolipoprotein C-IV"
"IFRD1",3475,"interferon-related developmental regulator 1"
"IGBP1",3476,"immunoglobulin (CD79A) binding protein 1"
"TUBB2B",347733,"tubulin, beta 2B"
"IGF1",3479,"insulin-like growth factor 1 (somatomedin C)"
"APOD",347,"apolipoprotein D"
"IGF2",3481,"insulin-like growth factor 2 (somatomedin A)"
"IGF2R",3482,"insulin-like growth factor 2 receptor"
"IGFALS",3483,"insulin-like growth factor binding protein, acid labile subunit"
"IGFBP1",3484,"insulin-like growth factor binding protein 1"
"IGFBP2",3485,"insulin-like growth factor binding protein 2, 36kDa"
"IGFBP3",3486,"insulin-like growth factor binding protein 3"
"IGFBP4",3487,"insulin-like growth factor binding protein 4"
"IGFBP5",3488,"insulin-like growth factor binding protein 5"
"NUP43",348995,"nucleoporin 43kDa"
"IGFBP6",3489,"insulin-like growth factor binding protein 6"
"APOE",348,"apolipoprotein E"
"IGFBP7",3490,"insulin-like growth factor binding protein 7"
"CCN1",3491,"cysteine-rich, angiogenic inducer, 61"
"IGHD",3495,"immunoglobulin heavy constant delta"
"ACADM",34,"acyl-Coenzyme A dehydrogenase, C-4 to C-12 straight chain"
"IGHMBP2",3508,"immunoglobulin mu binding protein 2"
"APOH",350,"apolipoprotein H (beta-2-glycoprotein I)"
"JCHAIN",3512,"immunoglobulin J polypeptide, linker protein for immunoglobulin alpha and mu polypeptides"
"RBPJ",3516,"recombination signal binding protein for immunoglobulin kappa J region"
"APP",351,"amyloid beta (A4) precursor protein (peptidase nexin-II, Alzheimer disease)"
"SLCO4C1",353189,"solute carrier organic anion transporter family, member 4C1"
"BMP8A",353500,"bone morphogenetic protein 8a"
"LILRA5",353514,"leukocyte immunoglobulin-like receptor, subfamily A (with TM domain), member 5"
"APRT",353,"adenine phosphoribosyltransferase"
"IGLL1",3543,"immunoglobulin lambda-like polypeptide 1"
"IGSF1",3547,"immunoglobulin superfamily, member 1"
"KLK3",354,"kallikrein-related peptidase 3"
"IK",3550,"IK cytokine, down-regulator of HLA II"
"IKBKB",3551,"inhibitor of kappa light polypeptide gene enhancer in B-cells, kinase beta"
"IL1A",3552,"interleukin 1, alpha"
"IL1B",3553,"interleukin 1, beta"
"IL1R1",3554,"interleukin 1 receptor, type I"
"IL1RAP",3556,"interleukin 1 receptor accessory protein"
"IL1RN",3557,"interleukin 1 receptor antagonist"
"IL2",3558,"interleukin 2"
"IL2RA",3559,"interleukin 2 receptor, alpha"
"FAS",355,"Fas (TNF receptor superfamily, member 6)"
"IL2RB",3560,"interleukin 2 receptor, beta"
"IL2RG",3561,"interleukin 2 receptor, gamma (severe combined immunodeficiency)"
"IL3",3562,"interleukin 3 (colony-stimulating factor, multiple)"
"IL4",3565,"interleukin 4"
"IL4R",3566,"interleukin 4 receptor"
"IL5",3567,"interleukin 5 (colony-stimulating factor, eosinophil)"
"IL5RA",3568,"interleukin 5 receptor, alpha"
"IL6",3569,"interleukin 6 (interferon, beta 2)"
"FASLG",356,"Fas ligand (TNF superfamily, member 6)"
"IL6R",3570,"interleukin 6 receptor"
"IL6ST",3572,"interleukin 6 signal transducer (gp130, oncostatin M receptor)"
"IL7",3574,"interleukin 7"
"IL7R",3575,"interleukin 7 receptor"
"CXCL8",3576,"interleukin 8"
"CXCR1",3577,"interleukin 8 receptor, alpha"
"IL9",3578,"interleukin 9"
"CXCR2",3579,"interleukin 8 receptor, beta"
"SHROOM2",357,"shroom family member 2"
"IL10",3586,"interleukin 10"
"IL10RA",3587,"interleukin 10 receptor, alpha"
"IL10RB",3588,"interleukin 10 receptor, beta"
"IL11",3589,"interleukin 11"
"AQP1",358,"aquaporin 1 (Colton blood group)"
"IL11RA",3590,"interleukin 11 receptor, alpha"
"IL12A",3592,"interleukin 12A (natural killer cell stimulatory factor 1, cytotoxic lymphocyte maturation factor 1, p35)"
"IL12B",3593,"interleukin 12B (natural killer cell stimulatory factor 2, cytotoxic lymphocyte maturation factor 2, p40)"
"IL12RB1",3594,"interleukin 12 receptor, beta 1"
"IL12RB2",3595,"interleukin 12 receptor, beta 2"
"IL13",3596,"interleukin 13"
"IL13RA1",3597,"interleukin 13 receptor, alpha 1"
"IL13RA2",3598,"interleukin 13 receptor, alpha 2"
"AQP2",359,"aquaporin 2 (collecting duct)"
"ACADS",35,"acyl-Coenzyme A dehydrogenase, C-2 to C-3 short chain"
"IL15",3600,"interleukin 15"
"IL15RA",3601,"interleukin 15 receptor, alpha"
"IL16",3603,"interleukin 16 (lymphocyte chemoattractant factor)"
"TNFRSF9",3604,"tumor necrosis factor receptor superfamily, member 9"
"IL17A",3605,"interleukin 17A"
"IL18",3606,"interleukin 18 (interferon-gamma-inducing factor)"
"FOXK2",3607,"forkhead box K2"
"ILF2",3608,"interleukin enhancer binding factor 2, 45kDa"
"ILF3",3609,"interleukin enhancer binding factor 3, 90kDa"
"AQP3",360,"aquaporin 3 (Gill blood group)"
"ILK",3611,"integrin-linked kinase"
"IMPA1",3612,"inositol(myo)-1(or 4)-monophosphatase 1"
"IMPA2",3613,"inositol(myo)-1(or 4)-monophosphatase 2"
"IMPDH1",3614,"IMP (inosine monophosphate) dehydrogenase 1"
"IMPDH2",3615,"IMP (inosine monophosphate) dehydrogenase 2"
"IMPG1",3617,"interphotoreceptor matrix proteoglycan 1"
"INCENP",3619,"inner centromere protein antigens 135/155kDa"
"IDO1",3620,"indoleamine-pyrrole 2,3 dioxygenase"
"ING1",3621,"inhibitor of growth family, member 1"
"ING2",3622,"inhibitor of growth family, member 2"
"INHA",3623,"inhibin, alpha"
"INHBA",3624,"inhibin, beta A"
"INHBB",3625,"inhibin, beta B"
"INHBC",3626,"inhibin, beta C"
"CXCL10",3627,"chemokine (C-X-C motif) ligand 10"
"INPP1",3628,"inositol polyphosphate-1-phosphatase"
"INS",3630,"insulin"
"INPP4A",3631,"inositol polyphosphate-4-phosphatase, type I, 107kDa"
"INPP5A",3632,"inositol polyphosphate-5-phosphatase, 40kDa"
"INPP5B",3633,"inositol polyphosphate-5-phosphatase, 75kDa"
"INPP5D",3635,"inositol polyphosphate-5-phosphatase, 145kDa"
"INPPL1",3636,"inositol polyphosphate phosphatase-like 1"
"INSIG1",3638,"insulin induced gene 1"
"INSL3",3640,"insulin-like 3 (Leydig cell)"
"INSL4",3641,"insulin-like 4 (placenta)"
"INSM1",3642,"insulinoma-associated 1"
"INSR",3643,"insulin receptor"
"INSRR",3645,"insulin receptor-related receptor"
"EIF3E",3646,"eukaryotic translation initiation factor 3, subunit E"
"AQP7",364,"aquaporin 7"
"PDX1",3651,"pancreatic and duodenal homeobox 1"
"IPP",3652,"intracisternal A particle-promoted polypeptide"
"IRAK1",3654,"interleukin-1 receptor-associated kinase 1"
"ITGA6",3655,"integrin, alpha 6"
"IRF1",3659,"interferon regulatory factor 1"
"IRF2",3660,"interferon regulatory factor 2"
"IRF3",3661,"interferon regulatory factor 3"
"IRF4",3662,"interferon regulatory factor 4"
"IRF5",3663,"interferon regulatory factor 5"
"IRF7",3665,"interferon regulatory factor 7"
"IRS1",3667,"insulin receptor substrate 1"
"ISG20",3669,"interferon stimulated exonuclease gene 20kDa"
"AQP9",366,"aquaporin 9"
"ISL1",3670,"ISL LIM homeobox 1"
"ITGA2",3673,"integrin, alpha 2 (CD49B, alpha 2 subunit of VLA-2 receptor)"
"ITGA2B",3674,"integrin, alpha 2b (platelet glycoprotein IIb of IIb/IIIa complex, antigen CD41)"
"ITGA3",3675,"integrin, alpha 3 (antigen CD49C, alpha 3 subunit of VLA-3 receptor)"
"ITGA4",3676,"integrin, alpha 4 (antigen CD49D, alpha 4 subunit of VLA-4 receptor)"
"ITGA5",3678,"integrin, alpha 5 (fibronectin receptor, alpha polypeptide)"
"ITGA7",3679,"integrin, alpha 7"
"AR",367,"androgen receptor (dihydrotestosterone receptor; testicular feminization; spinal and bulbar muscular atrophy; Kennedy disease)"
"ITGA9",3680,"integrin, alpha 9"
"ITGAE",3682,"integrin, alpha E (antigen CD103, human mucosal lymphocyte antigen 1; alpha polypeptide)"
"ITGAL",3683,"integrin, alpha L (antigen CD11A (p180), lymphocyte function-associated antigen 1; alpha polypeptide)"
"ITGAM",3684,"integrin, alpha M (complement component 3 receptor 3 subunit)"
"ITGAV",3685,"integrin, alpha V (vitronectin receptor, alpha polypeptide, antigen CD51)"
"ITGAX",3687,"integrin, alpha X (complement component 3 receptor 4 subunit)"
"ITGB1",3688,"integrin, beta 1 (fibronectin receptor, beta polypeptide, antigen CD29 includes MDF2, MSK12)"
"ITGB2",3689,"integrin, beta 2 (complement component 3 receptor 3 and 4 subunit)"
"ABCC6",368,"ATP-binding cassette, sub-family C (CFTR/MRP), member 6"
"ITGB3",3690,"integrin, beta 3 (platelet glycoprotein IIIa, antigen CD61)"
"ITGB4",3691,"integrin, beta 4"
"EIF6",3692,"eukaryotic translation initiation factor 6"
"ITGB5",3693,"integrin, beta 5"
"ITGB6",3694,"integrin, beta 6"
"ITGB7",3695,"integrin, beta 7"
"ITGB8",3696,"integrin, beta 8"
"ITIH1",3697,"inter-alpha (globulin) inhibitor H1"
"ITIH2",3698,"inter-alpha (globulin) inhibitor H2"
"ITIH3",3699,"inter-alpha (globulin) inhibitor H3"
"ARAF",369,"v-raf murine sarcoma 3611 viral oncogene homolog"
"ACADSB",36,"acyl-Coenzyme A dehydrogenase, short/branched chain"
"ITIH4",3700,"inter-alpha (globulin) inhibitor H4 (plasma Kallikrein-sensitive glycoprotein)"
"ITK",3702,"IL2-inducible T-cell kinase"
"STT3A",3703,"STT3, subunit of the oligosaccharyltransferase complex, homolog A (S. cerevisiae)"
"ITPA",3704,"inosine triphosphatase (nucleoside triphosphate pyrophosphatase)"
"ITPK1",3705,"inositol 1,3,4-triphosphate 5/6 kinase"
"ITPKA",3706,"inositol 1,4,5-trisphosphate 3-kinase A"
"ITPKB",3707,"inositol 1,4,5-trisphosphate 3-kinase B"
"ITPR1",3708,"inositol 1,4,5-triphosphate receptor, type 1"
"ITPR2",3709,"inositol 1,4,5-triphosphate receptor, type 2"
"ITPR3",3710,"inositol 1,4,5-triphosphate receptor, type 3"
"IVD",3712,"isovaleryl Coenzyme A dehydrogenase"
"IVL",3713,"involucrin"
"JAG2",3714,"jagged 2"
"JAK2",3717,"Janus kinase 2 (a protein tyrosine kinase)"
"JAK3",3718,"Janus kinase 3 (a protein tyrosine kinase, leukocyte)"
"JARID2",3720,"jumonji, AT rich interactive domain 2"
"JUN",3725,"jun oncogene"
"JUNB",3726,"jun B proto-oncogene"
"JUND",3727,"jun D proto-oncogene"
"JUP",3728,"junction plakoglobin"
"ARCN1",372,"archain 1"
"ANOS1",3730,"Kallmann syndrome 1 sequence"
"GSTK1",373156,"glutathione S-transferase kappa 1"
"CD82",3732,"CD82 molecule"
"KARS1",3735,"lysyl-tRNA synthetase"
"KCNA1",3736,"potassium voltage-gated channel, shaker-related subfamily, member 1 (episodic ataxia with myokymia)"
"KCNA2",3737,"potassium voltage-gated channel, shaker-related subfamily, member 2"
"KCNA3",3738,"potassium voltage-gated channel, shaker-related subfamily, member 3"
"KCNA4",3739,"potassium voltage-gated channel, shaker-related subfamily, member 4"
"TRIM23",373,"tripartite motif-containing 23"
"KCNA5",3741,"potassium voltage-gated channel, shaker-related subfamily, member 5"
"FBXW10B",374286,"CMT1A duplicated region transcript 1"
"NDUFS7",374291,"NADH dehydrogenase (ubiquinone) Fe-S protein 7, 20kDa (NADH-coenzyme Q reductase)"
"KCNA10",3744,"potassium voltage-gated channel, shaker-related subfamily, member 10"
"KCNB1",3745,"potassium voltage-gated channel, Shab-related subfamily, member 1"
"KCNC1",3746,"potassium voltage-gated channel, Shaw-related subfamily, member 1"
"KCNC3",3748,"potassium voltage-gated channel, Shaw-related subfamily, member 3"
"KCNC4",3749,"potassium voltage-gated channel, Shaw-related subfamily, member 4"
"MIA3",375056,"melanoma inhibitory activity family, member 3"
"KCND1",3750,"potassium voltage-gated channel, Shal-related subfamily, member 1"
"KCND2",3751,"potassium voltage-gated channel, Shal-related subfamily, member 2"
"KCND3",3752,"potassium voltage-gated channel, Shal-related subfamily, member 3"
"STIMATE",375346,"transmembrane protein 110"
"KCNE1",3753,"potassium voltage-gated channel, Isk-related family, member 1"
"KCNF1",3754,"potassium voltage-gated channel, subfamily F, member 1"
"KCNG1",3755,"potassium voltage-gated channel, subfamily G, member 1"
"KCNH1",3756,"potassium voltage-gated channel, subfamily H (eag-related), member 1"
"AGRN",375790,"agrin"
"KCNH2",3757,"potassium voltage-gated channel, subfamily H (eag-related), member 2"
"KCNJ1",3758,"potassium inwardly-rectifying channel, subfamily J, member 1"
"KCNJ2",3759,"potassium inwardly-rectifying channel, subfamily J, member 2"
"ARF1",375,"ADP-ribosylation factor 1"
"KCNJ3",3760,"potassium inwardly-rectifying channel, subfamily J, member 3"
"KCNJ4",3761,"potassium inwardly-rectifying channel, subfamily J, member 4"
"RAB15",376267,"RAB15, member RAS onocogene family"
"KCNJ5",3762,"potassium inwardly-rectifying channel, subfamily J, member 5"
"KCNJ6",3763,"potassium inwardly-rectifying channel, subfamily J, member 6"
"KCNJ8",3764,"potassium inwardly-rectifying channel, subfamily J, member 8"
"KCNJ9",3765,"potassium inwardly-rectifying channel, subfamily J, member 9"
"KCNJ10",3766,"potassium inwardly-rectifying channel, subfamily J, member 10"
"KCNJ12",3768,"potassium inwardly-rectifying channel, subfamily J, member 12"
"KCNJ13",3769,"potassium inwardly-rectifying channel, subfamily J, member 13"
"KCNJ14",3770,"potassium inwardly-rectifying channel, subfamily J, member 14"
"KCNJ15",3772,"potassium inwardly-rectifying channel, subfamily J, member 15"
"KCNJ16",3773,"potassium inwardly-rectifying channel, subfamily J, member 16"
"KCNK1",3775,"potassium channel, subfamily K, member 1"
"KCNK2",3776,"potassium channel, subfamily K, member 2"
"KCNK3",3777,"potassium channel, subfamily K, member 3"
"KCNMA1",3778,"potassium large conductance calcium-activated channel, subfamily M, alpha member 1"
"KCNMB1",3779,"potassium large conductance calcium-activated channel, subfamily M, beta member 1"
"ARF3",377,"ADP-ribosylation factor 3"
"KCNN1",3780,"potassium intermediate/small conductance calcium-activated channel, subfamily N, member 1"
"KCNN2",3781,"potassium intermediate/small conductance calcium-activated channel, subfamily N, member 2"
"KCNN3",3782,"potassium intermediate/small conductance calcium-activated channel, subfamily N, member 3"
"KCNN4",3783,"potassium intermediate/small conductance calcium-activated channel, subfamily N, member 4"
"KCNQ1",3784,"potassium voltage-gated channel, KQT-like subfamily, member 1"
"KCNQ2",3785,"potassium voltage-gated channel, KQT-like subfamily, member 2"
"KCNQ3",3786,"potassium voltage-gated channel, KQT-like subfamily, member 3"
"CENPS",378708,"apoptosis-inducing, TAF9-like domain 1"
"KCNS1",3787,"potassium voltage-gated channel, delayed-rectifier, subfamily S, member 1"
"ARF4",378,"ADP-ribosylation factor 4"
"KCNS3",3790,"potassium voltage-gated channel, delayed-rectifier, subfamily S, member 3"
"KDR",3791,"kinase insert domain receptor (a type III receptor tyrosine kinase)"
"KEL",3792,"Kell blood group, metallo-endopeptidase"
"KHK",3795,"ketohexokinase (fructokinase)"
"KIF2A",3796,"kinesin heavy chain member 2A"
"KIF3C",3797,"kinesin family member 3C"
"KIF5A",3798,"kinesin family member 5A"
"KIF5B",3799,"kinesin family member 5B"
"ARL4D",379,"ADP-ribosylation factor-like 4D"
"ACADVL",37,"acyl-Coenzyme A dehydrogenase, very long chain"
"KIFC3",3801,"kinesin family member C3"
"KIR2DL1",3802,"killer cell immunoglobulin-like receptor, two domains, long cytoplasmic tail, 1"
"KIR2DL3",3804,"killer cell immunoglobulin-like receptor, two domains, long cytoplasmic tail, 3"
"KIR3DL1",3811,"killer cell immunoglobulin-like receptor, three domains, long cytoplasmic tail, 1"
"KIR3DL2",3812,"killer cell immunoglobulin-like receptor, three domains, long cytoplasmic tail, 2"
"KISS1",3814,"KiSS-1 metastasis-suppressor"
"KIT",3815,"v-kit Hardy-Zuckerman 4 feline sarcoma viral oncogene homolog"
"KLK1",3816,"kallikrein 1"
"KLK2",3817,"kallikrein-related peptidase 2"
"KLKB1",3818,"kallikrein B, plasma (Fletcher factor) 1"
"ARF5",381,"ADP-ribosylation factor 5"
"KLRB1",3820,"killer cell lectin-like receptor subfamily B, member 1"
"KLRC3",3823,"killer cell lectin-like receptor subfamily C, member 3"
"KLRD1",3824,"killer cell lectin-like receptor subfamily D, member 1"
"KNG1",3827,"kininogen 1"
"ARF6",382,"ADP-ribosylation factor 6"
"KLC1",3831,"kinesin light chain 1"
"KIF11",3832,"kinesin family member 11"
"KIFC1",3833,"kinesin family member C1"
"KIF25",3834,"kinesin family member 25"
"KIF22",3835,"kinesin family member 22"
"KPNA1",3836,"karyopherin alpha 1 (importin alpha 5)"
"KPNB1",3837,"karyopherin (importin) beta 1"
"KPNA2",3838,"karyopherin alpha 2 (RAG cohort 1, importin alpha 1)"
"KPNA3",3839,"karyopherin alpha 3 (importin alpha 4)"
"ARG1",383,"arginase, liver"
"KPNA5",3841,"karyopherin alpha 5 (importin alpha 6)"
"TNPO1",3842,"transportin 1"
"IPO5",3843,"RAN binding protein 5"
"KRAS",3845,"v-Ki-ras2 Kirsten rat sarcoma viral oncogene homolog"
"KRT1",3848,"keratin 1 (epidermolytic hyperkeratosis)"
"KRT2",3849,"keratin 2 (epidermal ichthyosis bullosa of Siemens)"
"ARG2",384,"arginase, type II"
"KRT3",3850,"keratin 3"
"KRT4",3851,"keratin 4"
"KRT5",3852,"keratin 5 (epidermolysis bullosa simplex, Dowling-Meara/Kobner/Weber-Cockayne types)"
"KRT6B",3854,"keratin 6B"
"KRT7",3855,"keratin 7"
"KRT9",3857,"keratin 9 (epidermolytic palmoplantar keratoderma)"
"KRT10",3858,"keratin 10 (epidermolytic hyperkeratosis; keratosis palmaris et plantaris)"
"KRT12",3859,"keratin 12 (Meesmann corneal dystrophy)"
"KRT13",3860,"keratin 13"
"KRT14",3861,"keratin 14 (epidermolysis bullosa simplex, Dowling-Meara, Koebner)"
"KRT15",3866,"keratin 15"
"KRT16",3868,"keratin 16 (focal non-epidermolytic palmoplantar keratoderma)"
"ZKSCAN4",387032,"zinc finger with KRAB and SCAN domains 4"
"SUMO4",387082,"SMT3 suppressor of mif two 3 homolog 4 (S. cerevisiae)"
"C6orf120",387263,"chromosome 6 open reading frame 120"
"KRT17",3872,"keratin 17"
"KRT18",3875,"keratin 18"
"RHOA",387,"ras homolog gene family, member A"
"KRT19",3880,"keratin 19"
"KRT31",3881,"keratin 31"
"KRT32",3882,"keratin 32"
"KRT33A",3883,"keratin 33A"
"KRT33B",3884,"keratin 33B"
"ZNF749",388567,"zinc finger protein 749"
"KRT34",3885,"keratin 34"
"KRT35",3886,"keratin 35"
"KRT81",3887,"keratin 81"
"RHOB",388,"ras homolog gene family, member B"
"VGLL3",389136,"vestigial like 3 (Drosophila)"
"KRT85",3891,"keratin 85"
"KRT86",3892,"keratin 86"
"KTN1",3895,"kinectin 1 (kinesin receptor)"
"L1CAM",3897,"L1 cell adhesion molecule"
"USP27X",389856,"ubiquitin specific peptidase 27, X-linked"
"LAD1",3898,"ladinin 1"
"AFF3",3899,"AF4/FMR2 family, member 3"
"RHOC",389,"ras homolog gene family, member C"
"ACAT1",38,"acetyl-Coenzyme A acetyltransferase 1 (acetoacetyl Coenzyme A thiolase)"
"LAG3",3902,"lymphocyte-activation gene 3"
"LAIR1",3903,"leukocyte-associated immunoglobulin-like receptor 1"
"LAIR2",3904,"leukocyte-associated immunoglobulin-like receptor 2"
"LALBA",3906,"lactalbumin, alpha-"
"LAMA2",3908,"laminin, alpha 2 (merosin, congenital muscular dystrophy)"
"PRAMEF12",390999,"PRAME family member 12"
"LAMA3",3909,"laminin, alpha 3"
"RND3",390,"Rho family GTPase 3"
"LAMA4",3910,"laminin, alpha 4"
"LAMA5",3911,"laminin, alpha 5"
"LAMB1",3912,"laminin, beta 1"
"LAMB2",3913,"laminin, beta 2 (laminin S)"
"LAMB3",3914,"laminin, beta 3"
"LAMC1",3915,"laminin, gamma 1 (formerly LAMB2)"
"LAMP1",3916,"lysosomal-associated membrane protein 1"
"LAMC2",3918,"laminin, gamma 2"
"RHOG",391,"ras homolog gene family, member G (rho G)"
"LAMP2",3920,"lysosomal-associated membrane protein 2"
"STMN1",3925,"stathmin 1/oncoprotein 18"
"LASP1",3927,"LIM and SH3 protein 1"
"LBP",3929,"lipopolysaccharide binding protein"
"ARHGAP1",392,"Rho GTPase activating protein 1"
"LBR",3930,"lamin B receptor"
"LCAT",3931,"lecithin-cholesterol acyltransferase"
"LCK",3932,"lymphocyte-specific protein tyrosine kinase"
"LCN1",3933,"lipocalin 1 (tear prealbumin)"
"LCN2",3934,"lipocalin 2 (oncogene 24p3)"
"LCP1",3936,"lymphocyte cytosolic protein 1 (L-plastin)"
"LCP2",3937,"lymphocyte cytosolic protein 2 (SH2 domain containing leukocyte protein of 76kDa)"
"LCT",3938,"lactase"
"LDHA",3939,"lactate dehydrogenase A"
"ARHGAP4",393,"Rho GTPase activating protein 4"
"LDHC",3948,"lactate dehydrogenase C"
"LDLR",3949,"low density lipoprotein receptor (familial hypercholesterolemia)"
"ARHGAP5",394,"Rho GTPase activating protein 5"
"LECT2",3950,"leukocyte cell-derived chemotaxin 2"
"LEP",3952,"leptin (obesity homolog, mouse)"
"LEPR",3953,"leptin receptor"
"LETM1",3954,"leucine zipper-EF-hand containing transmembrane protein 1"
"LFNG",3955,"LFNG O-fucosylpeptide 3-beta-N-acetylglucosaminyltransferase"
"LGALS1",3956,"lectin, galactoside-binding, soluble, 1 (galectin 1)"
"LGALS2",3957,"lectin, galactoside-binding, soluble, 2"
"LGALS3BP",3959,"lectin, galactoside-binding, soluble, 3 binding protein"
"ARHGAP6",395,"Rho GTPase activating protein 6"
"LGALS4",3960,"lectin, galactoside-binding, soluble, 4 (galectin 4)"
"LGALS8",3964,"lectin, galactoside-binding, soluble, 8 (galectin 8)"
"LGALS9",3965,"lectin, galactoside-binding, soluble, 9 (galectin 9)"
"ARHGDIA",396,"Rho GDP dissociation inhibitor (GDI) alpha"
"LHB",3972,"luteinizing hormone beta polypeptide"
"LHCGR",3973,"luteinizing hormone/choriogonadotropin receptor"
"LHX1",3975,"LIM homeobox 1"
"LIF",3976,"leukemia inhibitory factor (cholinergic differentiation factor)"
"LIFR",3977,"leukemia inhibitory factor receptor alpha"
"LIG1",3978,"ligase I, DNA, ATP-dependent"
"ARHGDIB",397,"Rho GDP dissociation inhibitor (GDI) beta"
"LIG3",3980,"ligase III, DNA, ATP-dependent"
"LIG4",3981,"ligase IV, DNA, ATP-dependent"
"LIM2",3982,"lens intrinsic membrane protein 2, 19kDa"
"ABLIM1",3983,"actin binding LIM protein 1"
"LIMK1",3984,"LIM domain kinase 1"
"LIMK2",3985,"LIM domain kinase 2"
"LIMS1",3987,"LIM and senescent cell antigen-like domains 1"
"LIPA",3988,"lipase A, lysosomal acid, cholesterol esterase (Wolman disease)"
"ARHGDIG",398,"Rho GDP dissociation inhibitor (GDI) gamma"
"LIPC",3990,"lipase, hepatic"
"LIPE",3991,"lipase, hormone-sensitive"
"FADS1",3992,"fatty acid desaturase 1"
"LLGL2",3993,"lethal giant larvae homolog 2 (Drosophila)"
"FADS3",3995,"fatty acid desaturase 3"
"MEX3D",399664,"mex-3 homolog D (C. elegans)"
"LLGL1",3996,"lethal giant larvae homolog 1 (Drosophila)"
"LMAN1",3998,"lectin, mannose-binding, 1"
"RHOH",399,"ras homolog gene family, member H"
"ACAT2",39,"acetyl-Coenzyme A acetyltransferase 2 (acetoacetyl Coenzyme A thiolase)"
"LMNA",4000,"lamin A/C"
"LMNB1",4001,"lamin B1"
"LMO1",4004,"LIM domain only 1 (rhombotin 1)"
"KNOP1",400506,"similar to TSG118.1"
"LMO2",4005,"LIM domain only 2 (rhombotin-like 1)"
"PRICKLE3",4007,"LIM domain only 6"
"LMO7",4008,"LIM domain 7"
"ARL1",400,"ADP-ribosylation factor-like 1"
"LMX1B",4010,"LIM homeobox transcription factor 1, beta"
"LNPEP",4012,"leucyl/cystinyl aminopeptidase"
"LORICRIN",4014,"loricrin"
"LOX",4015,"lysyl oxidase"
"LOXL1",4016,"lysyl oxidase-like 1"
"LOXL2",4017,"lysyl oxidase-like 2"
"LPA",4018,"lipoprotein, Lp(a)"
"PHOX2A",401,"paired-like homeobox 2a"
"LPL",4023,"lipoprotein lipase"
"LPO",4025,"lactoperoxidase"
"LPP",4026,"LIM domain containing preferred translocation partner in lipoma"
"ARL2",402,"ADP-ribosylation factor-like 2"
"LRCH4",4034,"leucine-rich repeats and calponin homology (CH) domain containing 4"
"LRP1",4035,"low density lipoprotein-related protein 1 (alpha-2-macroglobulin receptor)"
"LRP2",4036,"low density lipoprotein-related protein 2"
"LRP3",4037,"low density lipoprotein receptor-related protein 3"
"LRP4",4038,"low density lipoprotein receptor-related protein 4"
"ARL3",403,"ADP-ribosylation factor-like 3"
"LRP6",4040,"low density lipoprotein receptor-related protein 6"
"LRP5",4041,"low density lipoprotein receptor-related protein 5"
"YY2",404281,"YY2 transcription factor"
"LRPAP1",4043,"low density lipoprotein receptor-related protein associated protein 1"
"GTF2H5",404672,"general transcription factor IIH, polypeptide 5"
"LSP1",4046,"lymphocyte-specific protein 1"
"LSS",4047,"lanosterol synthase (2,3-oxidosqualene-lanosterol cyclase)"
"LTA4H",4048,"leukotriene A4 hydrolase"
"LTA",4049,"lymphotoxin alpha (TNF superfamily, member 1)"
"LTB",4050,"lymphotoxin beta (TNF superfamily, member 3)"
"CYP4F3",4051,"cytochrome P450, family 4, subfamily F, polypeptide 3"
"LTBP1",4052,"latent transforming growth factor beta binding protein 1"
"LTBP2",4053,"latent transforming growth factor beta binding protein 2"
"LTBP3",4054,"latent transforming growth factor beta binding protein 3"
"LTBR",4055,"lymphotoxin beta receptor (TNFR superfamily, member 3)"
"LTC4S",4056,"leukotriene C4 synthase"
"LTF",4057,"lactotransferrin"
"LTK",4058,"leukocyte tyrosine kinase"
"BCAM",4059,"basal cell adhesion molecule (Lutheran blood group)"
"ARNT",405,"aryl hydrocarbon receptor nuclear translocator"
"LUM",4060,"lumican"
"LY6E",4061,"lymphocyte antigen 6 complex, locus E"
"LY6H",4062,"lymphocyte antigen 6 complex, locus H"
"LY9",4063,"lymphocyte antigen 9"
"CD180",4064,"CD180 molecule"
"LY75",4065,"lymphocyte antigen 75"
"LYL1",4066,"lymphoblastic leukemia derived sequence 1"
"LYN",4067,"v-yes-1 Yamaguchi sarcoma viral related oncogene homolog"
"SH2D1A",4068,"SH2 domain protein 1A, Duncan's disease (lymphoproliferative syndrome)"
"LYZ",4069,"lysozyme (renal amyloidosis)"
"BMAL1",406,"aryl hydrocarbon receptor nuclear translocator-like"
"TACSTD2",4070,"tumor-associated calcium signal transducer 2"
"TM4SF1",4071,"transmembrane 4 L six family member 1"
"EPCAM",4072,"tumor-associated calcium signal transducer 1"
"M6PR",4074,"mannose-6-phosphate receptor (cation dependent)"
"CAPRIN1",4076,"cell cycle associated protein 1"
"ARR3",407,"arrestin 3, retinal (X-arrestin)"
"MAB21L1",4081,"mab-21-like 1 (C. elegans)"
"MARCKS",4082,"myristoylated alanine-rich protein kinase C substrate"
"MXD1",4084,"MAX dimerization protein 1"
"MAD2L1",4085,"MAD2 mitotic arrest deficient-like 1 (yeast)"
"SMAD1",4086,"SMAD family member 1"
"SMAD2",4087,"SMAD family member 2"
"SMAD3",4088,"SMAD family member 3"
"SMAD4",4089,"SMAD family member 4"
"ARRB1",408,"arrestin, beta 1"
"SMAD5",4090,"SMAD family member 5"
"SMAD6",4091,"SMAD family member 6"
"SMAD7",4092,"SMAD family member 7"
"SMAD9",4093,"SMAD family member 9"
"MAF",4094,"v-maf musculoaponeurotic fibrosarcoma oncogene homolog (avian)"
"MAFG",4097,"v-maf musculoaponeurotic fibrosarcoma oncogene homolog G (avian)"
"MAG",4099,"myelin associated glycoprotein"
"ARRB2",409,"arrestin, beta 2"
"ASIC2",40,"amiloride-sensitive cation channel 1, neuronal (degenerin)"
"MAGEA1",4100,"melanoma antigen family A, 1 (directs expression of antigen MZ2-E)"
"MAGEA4",4103,"melanoma antigen family A, 4"
"MAGEA10",4109,"melanoma antigen family A, 10"
"ARSA",410,"arylsulfatase A"
"MAGEA11",4110,"melanoma antigen family A, 11"
"MAGEA12",4111,"melanoma antigen family A, 12"
"MAGOH",4116,"mago-nashi homolog, proliferation-associated (Drosophila)"
"MAK",4117,"male germ cell-associated kinase"
"MAL",4118,"mal, T-cell differentiation protein"
"ARSB",411,"arylsulfatase B"
"MAN1A1",4121,"mannosidase, alpha, class 1A, member 1"
"MAN2A2",4122,"mannosidase, alpha, class 2A, member 2"
"MAN2C1",4123,"mannosidase, alpha, class 2C, member 1"
"MAN2A1",4124,"mannosidase, alpha, class 2A, member 1"
"MAN2B1",4125,"mannosidase, alpha, class 2B, member 1"
"MANBA",4126,"mannosidase, beta A, lysosomal"
"MAOA",4128,"monoamine oxidase A"
"MAOB",4129,"monoamine oxidase B"
"STS",412,"steroid sulfatase (microsomal), isozyme S"
"MAP1A",4130,"microtubule-associated protein 1A"
"MAP1B",4131,"microtubule-associated protein 1B"
"MAP2",4133,"microtubule-associated protein 2"
"MAP4",4134,"microtubule-associated protein 4"
"MAPT",4137,"microtubule-associated protein tau"
"MARK1",4139,"MAP/microtubule affinity-regulating kinase 1"
"MARK3",4140,"MAP/microtubule affinity-regulating kinase 3"
"MARS1",4141,"methionyl-tRNA synthetase"
"MAS1",4142,"MAS1 oncogene"
"MAT1A",4143,"methionine adenosyltransferase I, alpha"
"MAT2A",4144,"methionine adenosyltransferase II, alpha"
"MATK",4145,"megakaryocyte-associated tyrosine kinase"
"MATN1",4146,"matrilin 1, cartilage matrix protein"
"MATN3",4148,"matrilin 3"
"MAX",4149,"MYC associated factor X"
"ARSD",414,"arylsulfatase D"
"MAZ",4150,"MYC-associated zinc finger protein (purine-binding transcription factor)"
"MB",4151,"myoglobin"
"MBD1",4152,"methyl-CpG binding domain protein 1"
"MBL2",4153,"mannose-binding lectin (protein C) 2, soluble (opsonic defect)"
"MBNL1",4154,"muscleblind-like (Drosophila)"
"MBP",4155,"myelin basic protein"
"MC1R",4157,"melanocortin 1 receptor (alpha melanocyte stimulating hormone receptor)"
"MC2R",4158,"melanocortin 2 receptor (adrenocorticotropic hormone)"
"MC3R",4159,"melanocortin 3 receptor"
"ARSL",415,"arylsulfatase E (chondrodysplasia punctata 1)"
"MC4R",4160,"melanocortin 4 receptor"
"MC5R",4161,"melanocortin 5 receptor"
"MCAM",4162,"melanoma cell adhesion molecule"
"MCC",4163,"mutated in colorectal cancers"
"MCF2",4168,"MCF.2 cell line derived transforming sequence"
"ARSF",416,"arylsulfatase F"
"MCL1",4170,"myeloid cell leukemia sequence 1 (BCL2-related)"
"MCM2",4171,"minichromosome maintenance complex component 2"
"MCM3",4172,"minichromosome maintenance complex component 3"
"MCM4",4173,"minichromosome maintenance complex component 4"
"MCM5",4174,"minichromosome maintenance complex component 5"
"MCM6",4175,"minichromosome maintenance complex component 6"
"MCM7",4176,"minichromosome maintenance complex component 7"
"CD46",4179,"CD46 molecule, complement regulatory protein"
"ART1",417,"ADP-ribosyltransferase 1"
"SMCP",4184,"sperm mitochondria-associated cysteine-rich protein"
"ADAM11",4185,"ADAM metallopeptidase domain 11"
"MDFI",4188,"MyoD family inhibitor"
"DNAJB9",4189,"DnaJ (Hsp40) homolog, subfamily B, member 9"
"MDH2",4191,"malate dehydrogenase 2, NAD (mitochondrial)"
"MDK",4192,"midkine (neurite growth-promoting factor 2)"
"MDM2",4193,"Mdm2, transformed 3T3 cell double minute 2, p53 binding protein (mouse)"
"MDM4",4194,"Mdm4, transformed 3T3 cell double minute 4, p53 binding protein (mouse)"
"ME1",4199,"malic enzyme 1, NADP(+)-dependent, cytosolic"
"ART3",419,"ADP-ribosyltransferase 3"
"ASIC1",41,"amiloride-sensitive cation channel 2, neuronal"
"ME2",4200,"malic enzyme 2, NAD(+)-dependent, mitochondrial"
"MEA1",4201,"male-enhanced antigen 1"
"MECP2",4204,"methyl CpG binding protein 2 (Rett syndrome)"
"MEF2A",4205,"myocyte enhancer factor 2A"
"BORCS8-MEF2B",4207,"myocyte enhancer factor 2B"
"MEF2C",4208,"myocyte enhancer factor 2C"
"MEF2D",4209,"myocyte enhancer factor 2D"
"MEFV",4210,"Mediterranean fever"
"MEIS1",4211,"Meis homeobox 1"
"MEIS2",4212,"Meis homeobox 2"
"MAP3K1",4214,"mitogen-activated protein kinase kinase kinase 1"
"MAP3K3",4215,"mitogen-activated protein kinase kinase kinase 3"
"MAP3K4",4216,"mitogen-activated protein kinase kinase kinase 4"
"MAP3K5",4217,"mitogen-activated protein kinase kinase kinase 5"
"RAB8A",4218,"RAB8A, member RAS oncogene family"
"ARVCF",421,"armadillo repeat gene deletes in velocardiofacial syndrome"
"MEN1",4221,"multiple endocrine neoplasia I"
"MEOX1",4222,"mesenchyme homeobox 1"
"MEOX2",4223,"mesenchyme homeobox 2"
"MEP1A",4224,"meprin A, alpha (PABA peptide hydrolase)"
"MEP1B",4225,"meprin A, beta"
"MEST",4232,"mesoderm specific transcript homolog (mouse)"
"MET",4233,"met proto-oncogene (hepatocyte growth factor receptor)"
"METTL1",4234,"methyltransferase like 1"
"MFAP1",4236,"microfibrillar-associated protein 1"
"MFAP2",4237,"microfibrillar-associated protein 2"
"MFAP3",4238,"microfibrillar-associated protein 3"
"MFAP4",4239,"microfibrillar-associated protein 4"
"MFGE8",4240,"milk fat globule-EGF factor 8 protein"
"MELTF",4241,"antigen p97 (melanoma associated) identified by monoclonal antibodies 133.2 and 96.5"
"MFNG",4242,"MFNG O-fucosylpeptide 3-beta-N-acetylglucosaminyltransferase"
"MGAT1",4245,"mannosyl (alpha-1,3-)-glycoprotein beta-1,2-N-acetylglucosaminyltransferase"
"SCGB2A1",4246,"secretoglobin, family 2A, member 1"
"MGAT2",4247,"mannosyl (alpha-1,6-)-glycoprotein beta-1,2-N-acetylglucosaminyltransferase"
"MGAT3",4248,"mannosyl (beta-1,4-)-glycoprotein beta-1,4-N-acetylglucosaminyltransferase"
"MGAT5",4249,"mannosyl (alpha-1,6-)-glycoprotein beta-1,6-N-acetyl-glucosaminyltransferase"
"SCGB2A2",4250,"secretoglobin, family 2A, member 2"
"MIA2",4253,"CTAGE family, member 5"
"KITLG",4254,"KIT ligand"
"MGMT",4255,"O-6-methylguanine-DNA methyltransferase"
"MGP",4256,"matrix Gla protein"
"MGST2",4258,"microsomal glutathione S-transferase 2"
"MGST3",4259,"microsomal glutathione S-transferase 3"
"CIITA",4261,"class II, major histocompatibility complex, transactivator"
"MICB",4277,"MHC class I polypeptide-related sequence B"
"ASAH1",427,"N-acylsphingosine amidohydrolase (acid ceramidase) 1"
"MID1",4281,"midline 1 (Opitz/BBB syndrome)"
"MIF",4282,"macrophage migration inhibitory factor (glycosylation-inhibiting factor)"
"CXCL9",4283,"chemokine (C-X-C motif) ligand 9"
"MIP",4284,"major intrinsic protein of lens fiber"
"MIPEP",4285,"mitochondrial intermediate peptidase"
"MITF",4286,"microphthalmia-associated transcription factor"
"ATXN3",4287,"ataxin 3"
"MKI67",4288,"antigen identified by monoclonal antibody Ki-67"
"MKLN1",4289,"muskelin 1, intracellular mediator containing kelch motifs"
"MLF1",4291,"myeloid leukemia factor 1"
"MLH1",4292,"mutL homolog 1, colon cancer, nonpolyposis type 2 (E. coli)"
"MAP3K10",4294,"mitogen-activated protein kinase kinase kinase 10"
"MLN",4295,"motilin"
"MAP3K11",4296,"mitogen-activated protein kinase kinase kinase 11"
"KMT2A",4297,"myeloid/lymphoid or mixed-lineage leukemia (trithorax homolog, Drosophila)"
"MLLT1",4298,"myeloid/lymphoid or mixed-lineage leukemia (trithorax homolog, Drosophila); translocated to, 1"
"AFF1",4299,"AF4/FMR2 family, member 1"
"ASCL1",429,"achaete-scute complex homolog 1 (Drosophila)"
"MLLT3",4300,"myeloid/lymphoid or mixed-lineage leukemia (trithorax homolog, Drosophila); translocated to, 3"
"AFDN",4301,"myeloid/lymphoid or mixed-lineage leukemia (trithorax homolog, Drosophila); translocated to, 4"
"FOXO4",4303,"forkhead box O4"
"NR3C2",4306,"nuclear receptor subfamily 3, group C, member 2"
"TRPM1",4308,"transient receptor potential cation channel, subfamily M, member 1"
"ASCL2",430,"achaete-scute complex homolog 2 (Drosophila)"
"MME",4311,"membrane metallo-endopeptidase"
"MMP1",4312,"matrix metallopeptidase 1 (interstitial collagenase)"
"MMP2",4313,"matrix metallopeptidase 2 (gelatinase A, 72kDa gelatinase, 72kDa type IV collagenase)"
"MMP3",4314,"matrix metallopeptidase 3 (stromelysin 1, progelatinase)"
"MMP7",4316,"matrix metallopeptidase 7 (matrilysin, uterine)"
"MMP8",4317,"matrix metallopeptidase 8 (neutrophil collagenase)"
"MMP9",4318,"matrix metallopeptidase 9 (gelatinase B, 92kDa gelatinase, 92kDa type IV collagenase)"
"MMP10",4319,"matrix metallopeptidase 10 (stromelysin 2)"
"MMP11",4320,"matrix metallopeptidase 11 (stromelysin 3)"
"MMP12",4321,"matrix metallopeptidase 12 (macrophage elastase)"
"MMP13",4322,"matrix metallopeptidase 13 (collagenase 3)"
"MMP14",4323,"matrix metallopeptidase 14 (membrane-inserted)"
"MMP15",4324,"matrix metallopeptidase 15 (membrane-inserted)"
"MMP16",4325,"matrix metallopeptidase 16 (membrane-inserted)"
"MMP17",4326,"matrix metallopeptidase 17 (membrane-inserted)"
"MMP19",4327,"matrix metallopeptidase 19"
"ALDH6A1",4329,"aldehyde dehydrogenase 6 family, member A1"
"ASGR1",432,"asialoglycoprotein receptor 1"
"MN1",4330,"meningioma (disrupted in balanced translocation) 1"
"MNAT1",4331,"menage a trois homolog 1, cyclin H assembly factor (Xenopus laevis)"
"MNDA",4332,"myeloid cell nuclear differentiation antigen"
"MNT",4335,"MAX binding protein"
"MOBP",4336,"myelin-associated oligodendrocyte basic protein"
"MOCS1",4337,"molybdenum cofactor synthesis 1"
"MOCS2",4338,"molybdenum cofactor synthesis 2"
"ASGR2",433,"asialoglycoprotein receptor 2"
"MOG",4340,"myelin oligodendrocyte glycoprotein"
"MOS",4342,"v-mos Moloney murine sarcoma viral oncogene homolog"
"CD200",4345,"CD200 molecule"
"ASIP",434,"agouti signaling protein, nonagouti homolog (mouse)"
"MPG",4350,"N-methylpurine-DNA glycosylase"
"MPI",4351,"mannose phosphate isomerase"
"MPL",4352,"myeloproliferative leukemia virus oncogene"
"MPO",4353,"myeloperoxidase"
"MPP1",4354,"membrane protein, palmitoylated 1, 55kDa"
"MPP2",4355,"membrane protein, palmitoylated 2 (MAGUK p55 subfamily member 2)"
"MPP3",4356,"membrane protein, palmitoylated 3 (MAGUK p55 subfamily member 3)"
"MPST",4357,"mercaptopyruvate sulfurtransferase"
"MPV17",4358,"MpV17 mitochondrial inner membrane protein"
"ASL",435,"argininosuccinate lyase"
"MRE11",4361,"MRE11 meiotic recombination 11 homolog A (S. cerevisiae)"
"ABCC1",4363,"ATP-binding cassette, sub-family C (CFTR/MRP), member 1"
"KLK14",43847,"kallikrein-related peptidase 14"
"GET3",439,"arsA arsenite transporter, ATP-binding, homolog 1 (bacterial)"
"ACHE",43,"acetylcholinesterase (Yt blood group)"
"TMEM41B",440026,"transmembrane protein 41B"
"GOLGA8B",440270,"golgi autoantigen, golgin subfamily a, 8B"
"CTRB2",440387,"chymotrypsinogen B2"
"MAP1LC3C",440738,"microtubule-associated protein 1 light chain 3 gamma"
"ASNS",440,"asparagine synthetase"
"MTHFD2L",441024,"methylenetetrahydrofolate dehydrogenase (NADP+ dependent) 2-like"
"MYO1B",4430,"myosin IB"
"CITED1",4435,"Cbp/p300-interacting transactivator, with Glu/Asp-rich carboxy-terminal domain, 1"
"MSH2",4436,"mutS homolog 2, colon cancer, nonpolyposis type 1 (E. coli)"
"MSH3",4437,"mutS homolog 3 (E. coli)"
"MSH4",4438,"mutS homolog 4 (E. coli)"
"MSH5",4439,"mutS homolog 5 (E. coli)"
"ASPA",443,"aspartoacylase (Canavan disease)"
"MSI1",4440,"musashi homolog 1 (Drosophila)"
"ASPH",444,"aspartate beta-hydroxylase"
"ASS1",445,"argininosuccinate synthetase 1"
"MSMB",4477,"microseminoprotein, beta-"
"MSN",4478,"moesin"
"MSR1",4481,"macrophage scavenger receptor 1"
"MSRA",4482,"methionine sulfoxide reductase A"
"MST1",4485,"macrophage stimulating 1 (hepatocyte growth factor-like)"
"MST1R",4486,"macrophage stimulating 1 receptor (c-met-related tyrosine kinase)"
"MSX1",4487,"msh homeobox 1"
"MSX2",4488,"msh homeobox 2"
"MT1E",4493,"metallothionein 1E"
"MT1F",4494,"metallothionein 1F"
"MT1G",4495,"metallothionein 1G"
"MT1M",4499,"metallothionein 1M"
"MT1X",4501,"metallothionein 1X"
"MT2A",4502,"metallothionein 2A"
"MT3",4504,"metallothionein 3"
"MTAP",4507,"methylthioadenosine phosphorylase"
"MTCP1",4515,"mature T-cell proliferation 1"
"MTF1",4520,"metal-regulatory transcription factor 1"
"NUDT1",4521,"nudix (nucleoside diphosphate linked moiety X)-type motif 1"
"MTHFD1",4522,"methylenetetrahydrofolate dehydrogenase (NADP+ dependent) 1, methenyltetrahydrofolate cyclohydrolase, formyltetrahydrofolate synthetase"
"MTHFR",4524,"5,10-methylenetetrahydrofolate reductase (NADPH)"
"MTIF2",4528,"mitochondrial translational initiation factor 2"
"MTM1",4534,"myotubularin 1"
"MYO1F",4542,"myosin IF"
"MTNR1A",4543,"melatonin receptor 1A"
"MTNR1B",4544,"melatonin receptor 1B"
"MTR",4548,"5-methyltetrahydrofolate-homocysteine methyltransferase"
"MTRR",4552,"5-methyltetrahydrofolate-homocysteine methyltransferase reductase"
"MUC1",4582,"mucin 1, cell surface associated"
"MUC2",4583,"mucin 2, oligomeric mucus/gel-forming"
"MUC4",4585,"mucin 4, cell surface associated"
"MUC5AC",4586,"mucin 5AC, oligomeric mucus/gel-forming"
"MUC6",4588,"mucin 6, oligomeric mucus/gel-forming"
"MUC7",4589,"mucin 7, secreted"
"TRIM37",4591,"tripartite motif-containing 37"
"MUSK",4593,"muscle, skeletal, receptor tyrosine kinase"
"MMUT",4594,"methylmalonyl Coenzyme A mutase"
"MUTYH",4595,"mutY homolog (E. coli)"
"MVD",4597,"mevalonate (diphospho) decarboxylase"
"MVK",4598,"mevalonate kinase (mevalonic aciduria)"
"MX1",4599,"myxovirus (influenza virus) resistance 1, interferon-inducible protein p78 (mouse)"
"MX2",4600,"myxovirus (influenza virus) resistance 2 (mouse)"
"MXI1",4601,"MAX interactor 1"
"MYB",4602,"v-myb myeloblastosis viral oncogene homolog (avian)"
"MYBL1",4603,"v-myb myeloblastosis viral oncogene homolog (avian)-like 1"
"MYBPC1",4604,"myosin binding protein C, slow type"
"MYBL2",4605,"v-myb myeloblastosis viral oncogene homolog (avian)-like 2"
"MYBPC2",4606,"myosin binding protein C, fast type"
"MYBPC3",4607,"myosin binding protein C, cardiac"
"MYBPH",4608,"myosin binding protein H"
"MYC",4609,"v-myc myelocytomatosis viral oncogene homolog (avian)"
"MYCL",4610,"v-myc myelocytomatosis viral oncogene homolog 1, lung carcinoma derived (avian)"
"MYCN",4613,"v-myc myelocytomatosis viral related oncogene, neuroblastoma derived (avian)"
"MYD88",4615,"myeloid differentiation primary response gene (88)"
"GADD45B",4616,"growth arrest and DNA-damage-inducible, beta"
"MYF5",4617,"myogenic factor 5"
"MYF6",4618,"myogenic factor 6 (herculin)"
"MYH1",4619,"myosin, heavy chain 1, skeletal muscle, adult"
"MYH2",4620,"myosin, heavy chain 2, skeletal muscle, adult"
"MYH3",4621,"myosin, heavy chain 3, skeletal muscle, embryonic"
"MYH4",4622,"myosin, heavy chain 4, skeletal muscle"
"MYH6",4624,"myosin, heavy chain 6, cardiac muscle, alpha (cardiomyopathy, hypertrophic 1)"
"MYH7",4625,"myosin, heavy chain 7, cardiac muscle, beta"
"MYH8",4626,"myosin, heavy chain 8, skeletal muscle, perinatal"
"MYH9",4627,"myosin, heavy chain 9, non-muscle"
"MYH10",4628,"myosin, heavy chain 10, non-muscle"
"MYH11",4629,"myosin, heavy chain 11, smooth muscle"
"SERPINC1",462,"serpin peptidase inhibitor, clade C (antithrombin), member 1"
"MYL1",4632,"myosin, light chain 1, alkali; skeletal, fast"
"MYL2",4633,"myosin, light chain 2, regulatory, cardiac, slow"
"MYL3",4634,"myosin, light chain 3, alkali; ventricular, skeletal, slow"
"MYL4",4635,"myosin, light chain 4, alkali; atrial, embryonic"
"MYL5",4636,"myosin, light chain 5, regulatory"
"MYL6",4637,"myosin, light chain 6, alkali, smooth muscle and non-muscle"
"MYLK",4638,"myosin, light chain kinase"
"ZFHX3",463,"zinc finger homeobox 3"
"MYO1A",4640,"myosin IA"
"MYO1C",4641,"myosin IC"
"MYO1D",4642,"myosin ID"
"MYO1E",4643,"myosin IE"
"MYO5A",4644,"myosin VA (heavy chain 12, myoxin)"
"MYO6",4646,"myosin VI"
"MYO7A",4647,"myosin VIIA"
"MYO9A",4649,"myosin IXA"
"MYO9B",4650,"myosin IXB"
"MYO10",4651,"myosin X"
"MYOC",4653,"myocilin, trabecular meshwork inducible glucocorticoid response"
"MYOD1",4654,"myogenic differentiation 1"
"MYOG",4656,"myogenin (myogenic factor 4)"
"PPP1R12A",4659,"protein phosphatase 1, regulatory (inhibitor) subunit 12A"
"PPP1R12B",4660,"protein phosphatase 1, regulatory (inhibitor) subunit 12B"
"MYT1",4661,"myelin transcription factor 1"
"NAB1",4664,"NGFI-A binding protein 1 (EGR1 binding protein 1)"
"NAB2",4665,"NGFI-A binding protein 2 (EGR1 binding protein 2)"
"NACA",4666,"nascent polypeptide-associated complex alpha subunit"
"NAGA",4668,"N-acetylgalactosaminidase, alpha-"
"NAGLU",4669,"N-acetylglucosaminidase, alpha- (Sanfilippo disease IIIB)"
"HNRNPM",4670,"heterogeneous nuclear ribonucleoprotein M"
"NAP1L1",4673,"nucleosome assembly protein 1-like 1"
"NAP1L2",4674,"nucleosome assembly protein 1-like 2"
"NAP1L3",4675,"nucleosome assembly protein 1-like 3"
"NAP1L4",4676,"nucleosome assembly protein 1-like 4"
"NARS1",4677,"asparaginyl-tRNA synthetase"
"NASP",4678,"nuclear autoantigenic sperm protein (histone-binding)"
"ATF3",467,"activating transcription factor 3"
"CEACAM6",4680,"carcinoembryonic antigen-related cell adhesion molecule 6 (non-specific cross reacting antigen)"
"NBL1",4681,"neuroblastoma, suppression of tumorigenicity 1"
"NUBP1",4682,"nucleotide binding protein 1 (MinD homolog, E. coli)"
"NBN",4683,"nibrin"
"NCAM1",4684,"neural cell adhesion molecule 1"
"NCBP1",4686,"nuclear cap binding protein subunit 1, 80kDa"
"NCF2",4688,"neutrophil cytosolic factor 2 (65kDa, chronic granulomatous disease, autosomal 2)"
"NCF4",4689,"neutrophil cytosolic factor 4, 40kDa"
"NCK1",4690,"NCK adaptor protein 1"
"NCL",4691,"nucleolin"
"NDN",4692,"necdin homolog (mouse)"
"NDP",4693,"Norrie disease (pseudoglioma)"
"NDUFA1",4694,"NADH dehydrogenase (ubiquinone) 1 alpha subcomplex, 1, 7.5kDa"
"NDUFA2",4695,"NADH dehydrogenase (ubiquinone) 1 alpha subcomplex, 2, 8kDa"
"NDUFA3",4696,"NADH dehydrogenase (ubiquinone) 1 alpha subcomplex, 3, 9kDa"
"NDUFA4",4697,"NADH dehydrogenase (ubiquinone) 1 alpha subcomplex, 4, 9kDa"
"NDUFA5",4698,"NADH dehydrogenase (ubiquinone) 1 alpha subcomplex, 5, 13kDa"
"NDUFA6",4700,"NADH dehydrogenase (ubiquinone) 1 alpha subcomplex, 6, 14kDa"
"NDUFA7",4701,"NADH dehydrogenase (ubiquinone) 1 alpha subcomplex, 7, 14.5kDa"
"NDUFA8",4702,"NADH dehydrogenase (ubiquinone) 1 alpha subcomplex, 8, 19kDa"
"NEB",4703,"nebulin"
"NDUFA9",4704,"NADH dehydrogenase (ubiquinone) 1 alpha subcomplex, 9, 39kDa"
"NDUFA10",4705,"NADH dehydrogenase (ubiquinone) 1 alpha subcomplex, 10, 42kDa"
"NDUFAB1",4706,"NADH dehydrogenase (ubiquinone) 1, alpha/beta subcomplex, 1, 8kDa"
"NDUFB1",4707,"NADH dehydrogenase (ubiquinone) 1 beta subcomplex, 1, 7kDa"
"NDUFB2",4708,"NADH dehydrogenase (ubiquinone) 1 beta subcomplex, 2, 8kDa"
"NDUFB3",4709,"NADH dehydrogenase (ubiquinone) 1 beta subcomplex, 3, 12kDa"
"NDUFB4",4710,"NADH dehydrogenase (ubiquinone) 1 beta subcomplex, 4, 15kDa"
"NDUFB5",4711,"NADH dehydrogenase (ubiquinone) 1 beta subcomplex, 5, 16kDa"
"NDUFB6",4712,"NADH dehydrogenase (ubiquinone) 1 beta subcomplex, 6, 17kDa"
"NDUFB7",4713,"NADH dehydrogenase (ubiquinone) 1 beta subcomplex, 7, 18kDa"
"NDUFB8",4714,"NADH dehydrogenase (ubiquinone) 1 beta subcomplex, 8, 19kDa"
"NDUFC1",4717,"NADH dehydrogenase (ubiquinone) 1, subcomplex unknown, 1, 6kDa"
"NDUFC2",4718,"NADH dehydrogenase (ubiquinone) 1, subcomplex unknown, 2, 14.5kDa"
"NDUFS1",4719,"NADH dehydrogenase (ubiquinone) Fe-S protein 1, 75kDa (NADH-coenzyme Q reductase)"
"ATIC",471,"5-aminoimidazole-4-carboxamide ribonucleotide formyltransferase/IMP cyclohydrolase"
"NDUFS2",4720,"NADH dehydrogenase (ubiquinone) Fe-S protein 2, 49kDa (NADH-coenzyme Q reductase)"
"NDUFS3",4722,"NADH dehydrogenase (ubiquinone) Fe-S protein 3, 30kDa (NADH-coenzyme Q reductase)"
"NDUFV1",4723,"NADH dehydrogenase (ubiquinone) flavoprotein 1, 51kDa"
"NDUFS4",4724,"NADH dehydrogenase (ubiquinone) Fe-S protein 4, 18kDa (NADH-coenzyme Q reductase)"
"NDUFS5",4725,"NADH dehydrogenase (ubiquinone) Fe-S protein 5, 15kDa (NADH-coenzyme Q reductase)"
"NDUFS6",4726,"NADH dehydrogenase (ubiquinone) Fe-S protein 6, 13kDa (NADH-coenzyme Q reductase)"
"NDUFS8",4728,"NADH dehydrogenase (ubiquinone) Fe-S protein 8, 23kDa (NADH-coenzyme Q reductase)"
"NDUFV2",4729,"NADH dehydrogenase (ubiquinone) flavoprotein 2, 24kDa"
"ATM",472,"ataxia telangiectasia mutated"
"DRG1",4733,"developmentally regulated GTP binding protein 1"
"NEDD4",4734,"neural precursor cell expressed, developmentally down-regulated 4"
"SEPTIN2",4735,"septin 2"
"NEDD8",4738,"neural precursor cell expressed, developmentally down-regulated 8"
"NEDD9",4739,"neural precursor cell expressed, developmentally down-regulated 9"
"RERE",473,"arginine-glutamic acid dipeptide (RE) repeats"
"NEFM",4741,"neurofilament, medium polypeptide 150kDa"
"GIMAP6",474344,"GTPase, IMAP family member 6"
"NEFH",4744,"neurofilament, heavy polypeptide 200kDa"
"NELL1",4745,"NEL-like 1 (chicken)"
"ATOH1",474,"atonal homolog 1 (Drosophila)"
"NEK1",4750,"NIMA (never in mitosis gene a)-related kinase 1"
"NEK2",4751,"NIMA (never in mitosis gene a)-related kinase 2"
"NEK3",4752,"NIMA (never in mitosis gene a)-related kinase 3"
"NELL2",4753,"NEL-like 2 (chicken)"
"NEO1",4756,"neogenin homolog 1 (chicken)"
"NEU1",4758,"sialidase 1 (lysosomal sialidase)"
"NEU2",4759,"sialidase 2 (cytosolic sialidase)"
"ATOX1",475,"ATX1 antioxidant protein 1 homolog (yeast)"
"NEUROD1",4760,"neurogenic differentiation 1"
"NEUROG1",4762,"neurogenin 1"
"NF1",4763,"neurofibromin 1 (neurofibromatosis, von Recklinghausen disease, Watson disease)"
"ATP1A1",476,"ATPase, Na+/K+ transporting, alpha 1 polypeptide"
"NF2",4771,"neurofibromin 2 (bilateral acoustic neuroma)"
"NFATC1",4772,"nuclear factor of activated T-cells, cytoplasmic, calcineurin-dependent 1"
"NFATC3",4775,"nuclear factor of activated T-cells, cytoplasmic, calcineurin-dependent 3"
"NFATC4",4776,"nuclear factor of activated T-cells, cytoplasmic, calcineurin-dependent 4"
"NFE2",4778,"nuclear factor (erythroid-derived 2), 45kDa"
"NFE2L1",4779,"nuclear factor (erythroid-derived 2)-like 1"
"ATP1A2",477,"ATPase, Na+/K+ transporting, alpha 2 (+) polypeptide"
"NFE2L2",4780,"nuclear factor (erythroid-derived 2)-like 2"
"NFIB",4781,"nuclear factor I/B"
"NFIC",4782,"nuclear factor I/C (CCAAT-binding transcription factor)"
"NFIL3",4783,"nuclear factor, interleukin 3 regulated"
"NFIX",4784,"nuclear factor I/X (CCAAT-binding transcription factor)"
"ATP1A3",478,"ATPase, Na+/K+ transporting, alpha 3 polypeptide"
"NFKB1",4790,"nuclear factor of kappa light polypeptide gene enhancer in B-cells 1 (p105)"
"NFKB2",4791,"nuclear factor of kappa light polypeptide gene enhancer in B-cells 2 (p49/p100)"
"NFKBIA",4792,"nuclear factor of kappa light polypeptide gene enhancer in B-cells inhibitor, alpha"
"NFKBIB",4793,"nuclear factor of kappa light polypeptide gene enhancer in B-cells inhibitor, beta"
"NFKBIE",4794,"nuclear factor of kappa light polypeptide gene enhancer in B-cells inhibitor, epsilon"
"NFKBIL1",4795,"nuclear factor of kappa light polypeptide gene enhancer in B-cells inhibitor-like 1"
"TONSL",4796,"nuclear factor of kappa light polypeptide gene enhancer in B-cells inhibitor-like 2"
"NFRKB",4798,"nuclear factor related to kappaB binding protein"
"NFX1",4799,"nuclear transcription factor, X-box binding 1"
"ATP12A",479,"ATPase, H+/K+ transporting, nongastric, alpha polypeptide"
"ACLY",47,"ATP citrate lyase"
"NFYA",4800,"nuclear transcription factor Y, alpha"
"NFYB",4801,"nuclear transcription factor Y, beta"
"NFYC",4802,"nuclear transcription factor Y, gamma"
"NGF",4803,"nerve growth factor, beta polypeptide"
"NGFR",4804,"nerve growth factor receptor (TNFR superfamily, member 16)"
"NHLH2",4808,"nescient helix loop helix 2"
"SNU13",4809,"NHP2 non-histone chromosome protein 2-like 1 (S. cerevisiae)"
"NID1",4811,"nidogen 1"
"NINJ1",4814,"ninjurin 1"
"NIT1",4817,"nitrilase 1"
"NKG7",4818,"natural killer cell group 7 sequence"
"ATP1B1",481,"ATPase, Na+/K+ transporting, beta 1 polypeptide"
"NKTR",4820,"natural killer-tumor recognition sequence"
"NKX2-2",4821,"NK2 homeobox 2"
"NKX3-1",4824,"NK3 homeobox 1"
"NKX6-1",4825,"NK6 homeobox 1"
"NNAT",4826,"neuronatin"
"NMB",4828,"neuromedin B"
"NMBR",4829,"neuromedin B receptor"
"ATP1B2",482,"ATPase, Na+/K+ transporting, beta 2 polypeptide"
"NME1",4830,"non-metastatic cells 1, protein (NM23A) expressed in"
"NME3",4832,"non-metastatic cells 3, protein expressed in"
"NME4",4833,"non-metastatic cells 4, protein expressed in"
"NMT1",4836,"N-myristoyltransferase 1"
"NNMT",4837,"nicotinamide N-methyltransferase"
"NOP2",4839,"nucleolar protein 1, 120kDa"
"ATP1B3",483,"ATPase, Na+/K+ transporting, beta 3 polypeptide"
"NONO",4841,"non-POU domain containing, octamer-binding"
"NOS1",4842,"nitric oxide synthase 1 (neuronal)"
"NOS2",4843,"nitric oxide synthase 2A (inducible, hepatocytes)"
"NOS3",4846,"nitric oxide synthase 3 (endothelial cell)"
"CNOT2",4848,"CCR4-NOT transcription complex, subunit 2"
"CNOT3",4849,"CCR4-NOT transcription complex, subunit 3"
"CNOT4",4850,"CCR4-NOT transcription complex, subunit 4"
"NOTCH1",4851,"Notch homolog 1, translocation-associated (Drosophila)"
"NPY",4852,"neuropeptide Y"
"NOTCH2",4853,"Notch homolog 2 (Drosophila)"
"NOTCH3",4854,"Notch homolog 3 (Drosophila)"
"NOTCH4",4855,"Notch homolog 4 (Drosophila)"
"CCN3",4856,"nephroblastoma overexpressed gene"
"NOVA1",4857,"neuro-oncological ventral antigen 1"
"NOVA2",4858,"neuro-oncological ventral antigen 2"
"PNP",4860,"nucleoside phosphorylase"
"NPAS1",4861,"neuronal PAS domain protein 1"
"NPAS2",4862,"neuronal PAS domain protein 2"
"NPAT",4863,"nuclear protein, ataxia-telangiectasia locus"
"NPC1",4864,"Niemann-Pick disease, type C1"
"NPHP1",4867,"nephronophthisis 1 (juvenile)"
"NPHS1",4868,"nephrosis 1, congenital, Finnish type (nephrin)"
"NPM1",4869,"nucleophosmin (nucleolar phosphoprotein B23, numatrin)"
"FXYD2",486,"FXYD domain containing ion transport regulator 2"
"NPPA",4878,"natriuretic peptide precursor A"
"NPPB",4879,"natriuretic peptide precursor B"
"ATP2A1",487,"ATPase, Ca++ transporting, cardiac muscle, fast twitch 1"
"NPPC",4880,"natriuretic peptide precursor C"
"NPR1",4881,"natriuretic peptide receptor A/guanylate cyclase A (atrionatriuretic peptide receptor A)"
"NPR2",4882,"natriuretic peptide receptor B/guanylate cyclase B (atrionatriuretic peptide receptor B)"
"NPR3",4883,"natriuretic peptide receptor C/guanylate cyclase C (atrionatriuretic peptide receptor C)"
"NPTX1",4884,"neuronal pentraxin I"
"NPTX2",4885,"neuronal pentraxin II"
"NPY1R",4886,"neuropeptide Y receptor Y1"
"NPY2R",4887,"neuropeptide Y receptor Y2"
"NPY5R",4889,"neuropeptide Y receptor Y5"
"ATP2A2",488,"ATPase, Ca++ transporting, cardiac muscle, slow twitch 2"
"SLC11A2",4891,"solute carrier family 11 (proton-coupled divalent metal ion transporters), member 2"
"NRAP",4892,"nebulin-related anchoring protein"
"NRAS",4893,"neuroblastoma RAS viral (v-ras) oncogene homolog"
"NRCAM",4897,"neuronal cell adhesion molecule"
"NRDC",4898,"nardilysin (N-arginine dibasic convertase)"
"NRF1",4899,"nuclear respiratory factor 1"
"ATP2A3",489,"ATPase, Ca++ transporting, ubiquitous"
"ACO1",48,"aconitase 1, soluble"
"NRGN",4900,"neurogranin (protein kinase C substrate, RC3)"
"NRL",4901,"neural retina leucine zipper"
"NRTN",4902,"neurturin"
"YBX1",4904,"Y box binding protein 1"
"NSF",4905,"N-ethylmaleimide-sensitive factor"
"NT5E",4907,"5'-nucleotidase, ecto (CD73)"
"NTF3",4908,"neurotrophin 3"
"ATP2B1",490,"ATPase, Ca++ transporting, plasma membrane 1"
"NTHL1",4913,"nth endonuclease III-like 1 (E. coli)"
"NTRK1",4914,"neurotrophic tyrosine kinase, receptor, type 1"
"NTRK2",4915,"neurotrophic tyrosine kinase, receptor, type 2"
"NTRK3",4916,"neurotrophic tyrosine kinase, receptor, type 3"
"NTN3",4917,"netrin 2-like (chicken)"
"ROR1",4919,"receptor tyrosine kinase-like orphan receptor 1"
"ATP2B2",491,"ATPase, Ca++ transporting, plasma membrane 2"
"ROR2",4920,"receptor tyrosine kinase-like orphan receptor 2"
"DDR2",4921,"discoidin domain receptor family, member 2"
"NTS",4922,"neurotensin"
"NTSR1",4923,"neurotensin receptor 1 (high affinity)"
"NUCB2",4925,"nucleobindin 2"
"NUMA1",4926,"nuclear mitotic apparatus protein 1"
"NUP88",4927,"nucleoporin 88kDa"
"NUP98",4928,"nucleoporin 98kDa"
"NR4A2",4929,"nuclear receptor subfamily 4, group A, member 2"
"ATP2B3",492,"ATPase, Ca++ transporting, plasma membrane 3"
"NVL",4931,"nuclear VCP-like"
"GPR143",4935,"G protein-coupled receptor 143"
"OAS1",4938,"2',5'-oligoadenylate synthetase 1, 40/46kDa"
"OAS2",4939,"2'-5'-oligoadenylate synthetase 2, 69/71kDa"
"ATP2B4",493,"ATPase, Ca++ transporting, plasma membrane 4"
"OAS3",4940,"2'-5'-oligoadenylate synthetase 3, 100kDa"
"OAT",4942,"ornithine aminotransferase (gyrate atrophy)"
"OAZ1",4946,"ornithine decarboxylase antizyme 1"
"OAZ2",4947,"ornithine decarboxylase antizyme 2"
"OCA2",4948,"oculocutaneous albinism II (pink-eye dilution homolog, mouse)"
"OCRL",4952,"oculocerebrorenal syndrome of Lowe"
"ODC1",4953,"ornithine decarboxylase 1"
"ODF1",4956,"outer dense fiber of sperm tails 1"
"ODF2",4957,"outer dense fiber of sperm tails 2"
"OMD",4958,"osteomodulin"
"ATP4A",495,"ATPase, H+/K+ exchanging, alpha polypeptide"
"OGDH",4967,"oxoglutarate (alpha-ketoglutarate) dehydrogenase (lipoamide)"
"OGG1",4968,"8-oxoguanine DNA glycosylase"
"OGN",4969,"osteoglycin"
"ATP4B",496,"ATPase, H+/K+ exchanging, beta polypeptide"
"OLR1",4973,"oxidized low density lipoprotein (lectin-like) receptor 1"
"OMG",4974,"oligodendrocyte myelin glycoprotein"
"OMP",4975,"olfactory marker protein"
"OPA1",4976,"optic atrophy 1 (autosomal dominant)"
"OPCML",4978,"opioid binding protein/cell adhesion molecule-like"
"TNFRSF11B",4982,"tumor necrosis factor receptor superfamily, member 11b (osteoprotegerin)"
"SCAPER",49855,"S phase cyclin A-associated protein in the ER"
"WRAP73",49856,"WD repeat domain 8"
"OPRD1",4985,"opioid receptor, delta 1"
"CRNN",49860,"cornulin"
"OPRM1",4988,"opioid receptor, mu 1"
"ATP5F1A",498,"ATP synthase, H+ transporting, mitochondrial F1 complex, alpha subunit 1, cardiac muscle"
"SIX6",4990,"SIX homeobox 6"
"OR1D2",4991,"olfactory receptor, family 1, subfamily D, member 2"
"OR1F1",4992,"olfactory receptor, family 1, subfamily F, member 1"
"OR2C1",4993,"olfactory receptor, family 2, subfamily C, member 1"
"ORC1",4998,"origin recognition complex, subunit 1-like (yeast)"
"ORC2",4999,"origin recognition complex, subunit 2-like (yeast)"
"ORC4",5000,"origin recognition complex, subunit 4-like (yeast)"
"ORC5",5001,"origin recognition complex, subunit 5-like (yeast)"
"SLC22A18",5002,"solute carrier family 22 (organic cation transporter), member 18"
"SLC22A18AS",5003,"solute carrier family 22 (organic cation transporter), member 18 antisense"
"ORM1",5004,"orosomucoid 1"
"ORM2",5005,"orosomucoid 2"
"OSBP",5007,"oxysterol binding protein"
"OSM",5008,"oncostatin M"
"OTC",5009,"ornithine carbamoyltransferase"
"CLDN11",5010,"claudin 11 (oligodendrocyte transmembrane protein)"
"OVGP1",5016,"oviductal glycoprotein 1, 120kDa (mucin 9, oviductin)"
"OXA1L",5018,"oxidase (cytochrome c) assembly 1-like"
"OXCT1",5019,"3-oxoacid CoA transferase 1"
"ALDH7A1",501,"aldehyde dehydrogenase 7 family, member A1"
"OXT",5020,"oxytocin, prepro- (neurophysin I)"
"OXTR",5021,"oxytocin receptor"
"P2RX1",5023,"purinergic receptor P2X, ligand-gated ion channel, 1"
"P2RX3",5024,"purinergic receptor P2X, ligand-gated ion channel, 3"
"P2RX4",5025,"purinergic receptor P2X, ligand-gated ion channel, 4"
"P2RX5",5026,"purinergic receptor P2X, ligand-gated ion channel, 5"
"P2RX7",5027,"purinergic receptor P2X, ligand-gated ion channel, 7"
"P2RY1",5028,"purinergic receptor P2Y, G-protein coupled, 1"
"P2RY2",5029,"purinergic receptor P2Y, G-protein coupled, 2"
"P2RY4",5030,"pyrimidinergic receptor P2Y, G-protein coupled, 4"
"P2RY6",5031,"pyrimidinergic receptor P2Y, G-protein coupled, 6"
"P2RY11",5032,"purinergic receptor P2Y, G-protein coupled, 11"
"P4HA1",5033,"procollagen-proline, 2-oxoglutarate 4-dioxygenase (proline 4-hydroxylase), alpha polypeptide I"
"P4HB",5034,"procollagen-proline, 2-oxoglutarate 4-dioxygenase (proline 4-hydroxylase), beta polypeptide"
"PA2G4",5036,"proliferation-associated 2G4, 38kDa"
"PEBP1",5037,"phosphatidylethanolamine binding protein 1"
"PABPC3",5042,"poly(A) binding protein, cytoplasmic 3"
"FURIN",5045,"furin (paired basic amino acid cleaving enzyme)"
"PCSK6",5046,"proprotein convertase subtilisin/kexin type 6"
"PAEP",5047,"progestagen-associated endometrial protein (placental protein 14, pregnancy-associated endometrial alpha-2-globulin, alpha uterine protein)"
"SMARCAL1",50485,"SWI/SNF related, matrix associated, actin dependent regulator of chromatin, subfamily a-like 1"
"G0S2",50486,"G0/G1switch 2"
"PLA2G3",50487,"phospholipase A2, group III"
"MINK1",50488,"misshapen-like kinase 1 (zebrafish)"
"CD207",50489,"CD207 molecule, langerin"
"PAFAH1B1",5048,"platelet-activating factor acetylhydrolase, isoform Ib, alpha subunit 45kDa"
"PAFAH1B2",5049,"platelet-activating factor acetylhydrolase, isoform Ib, beta subunit 30kDa"
"DUOX2",50506,"dual oxidase 2"
"NOX4",50507,"NADPH oxidase 4"
"NOX3",50508,"NADPH oxidase 3"
"COL5A3",50509,"collagen, type V, alpha 3"
"PAFAH1B3",5050,"platelet-activating factor acetylhydrolase, isoform Ib, gamma subunit 29kDa"
"PODXL2",50512,"podocalyxin-like 2"
"CHST11",50515,"carbohydrate (chondroitin 4) sulfotransferase 11"
"PAFAH2",5051,"platelet-activating factor acetylhydrolase 2, 40kDa"
"PRDX1",5052,"peroxiredoxin 1"
"PAH",5053,"phenylalanine hydroxylase"
"SERPINE1",5054,"serpin peptidase inhibitor, clade E (nexin, plasminogen activator inhibitor type 1), member 1"
"SERPINB2",5055,"serpin peptidase inhibitor, clade B (ovalbumin), member 2"
"PAK1",5058,"p21/Cdc42/Rac1-activated kinase 1 (STE20 homolog, yeast)"
"UBQLN3",50613,"ubiquilin 3"
"IL21R",50615,"interleukin 21 receptor"
"IL22",50616,"interleukin 22"
"ATP6V0A4",50617,"ATPase, H+ transporting, lysosomal V0 subunit a4"
"ITSN2",50618,"intersectin 2"
"DEF6",50619,"differentially expressed in FDCP 6 homolog (mouse)"
"GEMIN4",50628,"gem (nuclear organelle) associated protein 4"
"PAK2",5062,"p21 (CDKN1A)-activated kinase 2"
"CALY",50632,"dopamine receptor D1 interacting protein"
"PAK3",5063,"p21 (CDKN1A)-activated kinase 3"
"ARHGEF4",50649,"Rho guanine nucleotide exchange factor (GEF) 4"
"PALM",5064,"paralemmin"
"ARHGEF3",50650,"Rho guanine nucleotide exchange factor (GEF) 3"
"PAM",5066,"peptidylglycine alpha-amidating monooxygenase"
"NEUROG3",50674,"neurogenin 3"
"REG3A",5068,"regenerating islet-derived 3 alpha"
"PAPPA",5069,"pregnancy-associated plasma protein A, pappalysin 1"
"ATP5F1B",506,"ATP synthase, H+ transporting, mitochondrial F1 complex, beta polypeptide"
"RDH8",50700,"retinol dehydrogenase 8 (all-trans)"
"DCAF8",50717,"WD repeat domain 42A"
"PRKN",5071,"Parkinson disease (autosomal recessive, juvenile) 2, parkin"
"PARN",5073,"poly(A)-specific ribonuclease (deadenylation nuclease)"
"PAWR",5074,"PRKC, apoptosis, WT1, regulator"
"PAX1",5075,"paired box 1"
"PAX2",5076,"paired box 2"
"PAX3",5077,"paired box 3"
"PAX4",5078,"paired box 4"
"PAX5",5079,"paired box 5"
"IRX4",50805,"iroquois homeobox 4"
"ASAP1",50807,"development and differentiation enhancing factor 1"
"PAX6",5080,"paired box 6"
"COPS7A",50813,"COP9 constitutive photomorphogenic homolog subunit 7A (Arabidopsis)"
"NSDHL",50814,"NAD(P) dependent steroid dehydrogenase-like"
"PAX7",5081,"paired box 7"
"PDCL",5082,"phosducin-like"
"TAS2R3",50831,"taste receptor, type 2, member 3"
"TAS2R4",50832,"taste receptor, type 2, member 4"
"TAS2R16",50833,"taste receptor, type 2, member 16"
"TAS2R1",50834,"taste receptor, type 2, member 1"
"TAS2R9",50835,"taste receptor, type 2, member 9"
"TAS2R8",50836,"taste receptor, type 2, member 8"
"TAS2R7",50837,"taste receptor, type 2, member 7"
"TAS2R13",50838,"taste receptor, type 2, member 13"
"TAS2R10",50839,"taste receptor, type 2, member 10"
"PAX9",5083,"paired box 9"
"TAS2R14",50840,"taste receptor, type 2, member 14"
"F11R",50848,"F11 receptor"
"TRAT1",50852,"T cell receptor associated transmembrane adaptor 1"
"PARD6A",50855,"par-6 partitioning defective 6 homolog alpha (C. elegans)"
"CLEC4A",50856,"C-type lectin domain family 4, member A"
"SPOCK3",50859,"sparc/osteonectin, cwcv and kazal-like domains proteoglycan (testican) 3"
"NTM",50863,"neurotrimin"
"HEBP1",50865,"heme binding protein 1"
"PBX1",5087,"pre-B-cell leukemia homeobox 1"
"PBX2",5089,"pre-B-cell leukemia homeobox 2"
"PBX3",5090,"pre-B-cell leukemia homeobox 3"
"PC",5091,"pyruvate carboxylase"
"PCBD1",5092,"pterin-4 alpha-carbinolamine dehydratase/dimerization cofactor of hepatocyte nuclear factor 1 alpha (TCF1)"
"CDON",50937,"Cdon homolog (mouse)"
"IMPG2",50939,"interphotoreceptor matrix proteoglycan 2"
"PCBP1",5093,"poly(rC) binding protein 1"
"PDE11A",50940,"phosphodiesterase 11A"
"FOXP3",50943,"forkhead box P3"
"SHANK1",50944,"SH3 and multiple ankyrin repeat domains 1"
"PCBP2",5094,"poly(rC) binding protein 2"
"PCCA",5095,"propionyl Coenzyme A carboxylase, alpha polypeptide"
"PCCB",5096,"propionyl Coenzyme A carboxylase, beta polypeptide"
"TMED5",50999,"transmembrane emp24 protein transport domain containing 5"
"PCDH7",5099,"protocadherin 7"
"ATP5F1C",509,"ATP synthase, H+ transporting, mitochondrial F1 complex, gamma polypeptide 1"
"ACO2",50,"aconitase 2, mitochondrial"
"MTERF3",51001,"MTERF domain containing 1"
"TPRKB",51002,"TP53RK binding protein"
"MED31",51003,"mediator complex subunit 31"
"COQ6",51004,"coenzyme Q6 homolog, monooxygenase (S. cerevisiae)"
"AMDHD2",51005,"amidohydrolase domain containing 2"
"SLC35C2",51006,"solute carrier family 35, member C2"
"ASCC1",51008,"activating signal cointegrator 1 complex subunit 1"
"DERL2",51009,"Der1-like domain family, member 2"
"FAHD2A",51011,"fumarylacetoacetate hydrolase domain containing 2A"
"PRELID3B",51012,"slowmo homolog 2 (Drosophila)"
"TMED7",51014,"transmembrane emp24 protein transport domain containing 7"
"ISOC1",51015,"isochorismatase domain containing 1"
"EMC9",51016,"chromosome 14 open reading frame 122"
"RRP15",51018,"ribosomal RNA processing 15 homolog (S. cerevisiae)"
"WASHC3",51019,"coiled-coil domain containing 53"
"HDDC2",51020,"HD domain containing 2"
"MRPS16",51021,"mitochondrial ribosomal protein S16"
"GLRX2",51022,"glutaredoxin 2"
"MRPS18C",51023,"mitochondrial ribosomal protein S18C"
"FIS1",51024,"fission 1 (mitochondrial outer membrane) homolog (S. cerevisiae)"
"PAM16",51025,"mitochondria-associated protein involved in granulocyte-macrophage colony-stimulating factor signal transduction"
"GOLT1B",51026,"golgi transport 1 homolog B (S. cerevisiae)"
"BOLA1",51027,"bolA homolog 1 (E. coli)"
"DESI2",51029,"chromosome 1 open reading frame 121"
"GLOD4",51031,"glyoxalase domain containing 4"
"CELA2B",51032,"elastase 2B"
"UBXN1",51035,"SAPK substrate protein 1"
"ZNF593",51042,"zinc finger protein 593"
"ZBTB7B",51043,"zinc finger and BTB domain containing 7B"
"ST8SIA3",51046,"ST8 alpha-N-acetyl-neuraminide alpha-2,8-sialyltransferase 3"
"SERPINA5",5104,"serpin peptidase inhibitor, clade A (alpha-1 antiproteinase, antitrypsin), member 5"
"PI15",51050,"peptidase inhibitor 15"
"PRLH",51052,"prolactin releasing hormone"
"GMNN",51053,"geminin, DNA replication inhibitor"
"LAP3",51056,"leucine aminopeptidase 3"
"PCK1",5105,"phosphoenolpyruvate carboxykinase 1 (soluble)"
"RPS27L",51065,"ribosomal protein S27-like"
"YARS2",51067,"tyrosyl-tRNA synthetase 2, mitochondrial"
"NMD3",51068,"NMD3 homolog (S. cerevisiae)"
"MRPL2",51069,"mitochondrial ribosomal protein L2"
"PCK2",5106,"phosphoenolpyruvate carboxykinase 2 (mitochondrial)"
"NOSIP",51070,"nitric oxide synthase interacting protein"
"DERA",51071,"2-deoxyribose-5-phosphate aldolase homolog (C. elegans)"
"MRPL4",51073,"mitochondrial ribosomal protein L4"
"TMX2",51075,"thioredoxin domain containing 14"
"CUTC",51076,"cutC copper transporter homolog (E. coli)"
"FCF1",51077,"FCF1 small subunit (SSU) processome component homolog (S. cerevisiae)"
"THAP4",51078,"THAP domain containing 4"
"NDUFA13",51079,"NADH dehydrogenase (ubiquinone) 1 alpha subcomplex, 13"
"MRPS7",51081,"mitochondrial ribosomal protein S7"
"POLR1D",51082,"polymerase (RNA) I polypeptide D, 16kDa"
"GAL",51083,"galanin prepropeptide"
"CRYL1",51084,"crystallin, lambda 1"
"MLXIPL",51085,"MLX interacting protein-like"
"TNNI3K",51086,"TNNI3 interacting kinase"
"PCM1",5108,"pericentriolar material 1"
"PLLP",51090,"plasma membrane proteolipid (plasmolipin)"
"ADIPOR1",51094,"adiponectin receptor 1"
"UTP18",51096,"UTP18, small subunit (SSU) processome component, homolog (yeast)"
"IFT52",51098,"intraflagellar transport 52 homolog (Chlamydomonas)"
"ABHD5",51099,"abhydrolase domain containing 5"
"SH3GLB1",51100,"SH3-domain GRB2-like endophilin B1"
"MECR",51102,"mitochondrial trans-2-enoyl-CoA reductase"
"NDUFAF1",51103,"NADH dehydrogenase (ubiquinone) 1 alpha subcomplex, assembly factor 1"
"PHF20L1",51105,"PHD finger protein 20-like 1"
"TFB1M",51106,"transcription factor B1, mitochondrial"
"APH1A",51107,"anterior pharynx defective 1 homolog A (C. elegans)"
"METTL9",51108,"methyltransferase like 9"
"RDH11",51109,"retinol dehydrogenase 11 (all-trans/9-cis/11-cis)"
"KMT5B",51111,"suppressor of variegation 4-20 homolog 1 (Drosophila)"
"TRAPPC12",51112,"tetratricopeptide repeat domain 15"
"MRPS2",51116,"mitochondrial ribosomal protein S2"
"COQ4",51117,"coenzyme Q4 homolog (S. cerevisiae)"
"UTP11",51118,"UTP11-like, U3 small nucleolar ribonucleoprotein, (yeast)"
"PCNA",5111,"proliferating cell nuclear antigen"
"RPL26L1",51121,"ribosomal protein L26-like 1"
"GOLGA7",51125,"golgi autoantigen, golgin subfamily a, 7"
"TRIM17",51127,"tripartite motif-containing 17"
"SAR1B",51128,"SAR1 gene homolog B (S. cerevisiae)"
"ANGPTL4",51129,"angiopoietin-like 4"
"PHF11",51131,"PHD finger protein 11"
"KCTD3",51133,"potassium channel tetramerisation domain containing 3"
"CEP83",51134,"coiled-coil domain containing 41"
"IRAK4",51135,"interleukin-1 receptor-associated kinase 4"
"COPS4",51138,"COP9 constitutive photomorphogenic homolog subunit 4 (Arabidopsis)"
"INSIG2",51141,"insulin induced gene 2"
"CHCHD2",51142,"coiled-coil-helix-coiled-coil-helix domain containing 2"
"DYNC1LI1",51143,"dynein, cytoplasmic 1, light intermediate chain 1"
"HSD17B12",51144,"hydroxysteroid (17-beta) dehydrogenase 12"
"A4GNT",51146,"alpha-1,4-N-acetylglucosaminyltransferase"
"ING4",51147,"inhibitor of growth family, member 4"
"MRNIP",51149,"hypothetical LOC51149"
"SDF4",51150,"stromal cell derived factor 4"
"SLC45A2",51151,"solute carrier family 45, member 2"
"MRTO4",51154,"mRNA turnover 4 homolog (S. cerevisiae)"
"JPT1",51155,"hematological and neurological expressed 1"
"SERPINA10",51156,"serpin peptidase inhibitor, clade A (alpha-1 antiproteinase, antitrypsin), member 10"
"VPS28",51160,"vacuolar protein sorting 28 homolog (S. cerevisiae)"
"C3orf18",51161,"chromosome 3 open reading frame 18"
"EGFL7",51162,"EGF-like-domain, multiple 7"
"DBR1",51163,"debranching enzyme homolog 1 (S. cerevisiae)"
"DCTN4",51164,"dynactin 4 (p62)"
"CYB5R4",51167,"cytochrome b5 reductase 4"
"MYO15A",51168,"myosin XVA"
"PCNT",5116,"pericentrin (kendrin)"
"HSD17B14",51171,"hydroxysteroid (17-beta) dehydrogenase 14"
"NAGPA",51172,"N-acetylglucosamine-1-phosphodiester alpha-N-acetylglucosaminidase"
"TUBD1",51174,"tubulin, delta 1"
"LEF1",51176,"lymphoid enhancer-binding factor 1"
"PLEKHO1",51177,"pleckstrin homology domain containing, family O member 1"
"HAO2",51179,"hydroxyacid oxidase 2 (long chain)"
"DCXR",51181,"dicarbonyl/L-xylulose reductase"
"HSPA14",51182,"heat shock 70kDa protein 14"
"GPN3",51184,"ATP binding domain 1 family, member C"
"CRBN",51185,"cereblon"
"TCEAL9",51186,"WW domain binding protein 5"
"RSL24D1",51187,"chromosome 15 open reading frame 15"
"PCOLCE",5118,"procollagen C-endopeptidase enhancer"
"HERC5",51191,"hect domain and RLD 5"
"CKLF",51192,"chemokine-like factor"
"PLCE1",51196,"phospholipase C, epsilon 1"
"CHMP1A",5119,"chromatin modifying protein 1A"
"CPA4",51200,"carboxypeptidase A4"
"DDX47",51202,"DEAD (Asp-Glu-Ala-Asp) box polypeptide 47"
"NUSAP1",51203,"nucleolar and spindle associated protein 1"
"TACO1",51204,"coiled-coil domain containing 44"
"ACP6",51205,"acid phosphatase 6, lysophosphatidic"
"GP6",51206,"glycoprotein VI (platelet)"
"CLDN18",51208,"claudin 18"
"LUZP4",51213,"leucine zipper protein 4"
"GLRX5",51218,"glutaredoxin 5"
"PCP4",5121,"Purkinje cell protein 4"
"ZNF219",51222,"zinc finger protein 219"
"ELOA2",51224,"transcription elongation factor B polypeptide 3B (elongin A2)"
"COPZ2",51226,"coatomer protein complex, subunit zeta 2"
"PIGP",51227,"phosphatidylinositol glycan anchor biosynthesis, class P"
"GLTP",51228,"glycolipid transfer protein"
"PCSK1",5122,"proprotein convertase subtilisin/kexin type 1"
"PHF20",51230,"PHD finger protein 20"
"VRK3",51231,"vaccinia related kinase 3"
"CRIM1",51232,"cysteine rich transmembrane BMP regulator 1 (chordin-like)"
"MZB1",51237,"hypothetical protein MGC29506"
"MARCHF2",51257,"membrane-associated ring finger (C3HC4) 2"
"PCSK5",5125,"proprotein convertase subtilisin/kexin type 5"
"CLEC1B",51266,"C-type lectin domain family 1, member B"
"CLEC1A",51267,"C-type lectin domain family 1, member A"
"PIPOX",51268,"pipecolic acid oxidase"
"PCSK2",5126,"proprotein convertase subtilisin/kexin type 2"
"TFDP3",51270,"transcription factor Dp family, member 3"
"UBAP1",51271,"ubiquitin associated protein 1"
"BET1L",51272,"blocked early in transport 1 homolog (S. cerevisiae)-like"
"KLF3",51274,"Kruppel-like factor 3 (basic)"
"IER5",51278,"immediate early response 5"
"C1RL",51279,"complement component 1, r subcomponent-like"
"CDK16",5127,"PCTAIRE protein kinase 1"
"GOLM1",51280,"golgi membrane protein 1"
"SCAND1",51282,"SCAN domain containing 1"
"BFAR",51283,"bifunctional apoptosis regulator"
"TLR7",51284,"toll-like receptor 7"
"COA4",51287,"coiled-coil-helix-coiled-coil-helix domain containing 8"
"RXFP3",51289,"relaxin/insulin-like family peptide receptor 3"
"CDK17",5128,"PCTAIRE protein kinase 2"
"ERGIC2",51290,"ERGIC and golgi 2"
"GMIP",51291,"GEM interacting protein"
"GMPR2",51292,"guanosine monophosphate reductase 2"
"CD320",51293,"CD320 molecule"
"PCDH12",51294,"protocadherin 12"
"ECSIT",51295,"ECSIT homolog (Drosophila)"
"SLC15A3",51296,"solute carrier family 15, member 3"
"BPIFA1",51297,"palate, lung and nasal epithelium carcinoma associated"
"NRN1",51299,"neuritin 1"
"CDK18",5129,"PCTAIRE protein kinase 3"
"GCNT4",51301,"glucosaminyl (N-acetyl) transferase 4, core 2 (beta-1,6-N-acetylglucosaminyltransferase)"
"CYP39A1",51302,"cytochrome P450, family 39, subfamily A, polypeptide 1"
"FKBP11",51303,"FK506 binding protein 11, 19 kDa"
"ZDHHC3",51304,"zinc finger, DHHC-type containing 3"
"FAM53C",51307,"family with sequence similarity 53, member C"
"REEP2",51308,"receptor accessory protein 2"
"PCYT1A",5130,"phosphate cytidylyltransferase 1, choline, alpha"
"SLC22A17",51310,"solute carrier family 22 (organic cation transporter), member 17"
"TLR8",51311,"toll-like receptor 8"
"SLC25A37",51312,"solute carrier family 25, member 37"
"NME8",51314,"thioredoxin domain containing 3 (spermatozoa)"
"PHF21A",51317,"PHD finger protein 21A"
"MRPL35",51318,"mitochondrial ribosomal protein L35"
"RSRC1",51319,"arginine/serine-rich coiled-coil 1"
"MEX3C",51320,"mex-3 homolog C (C. elegans)"
"WAC",51322,"WW domain containing adaptor with coiled-coil"
"SPG21",51324,"spastic paraplegia 21 (autosomal recessive, Mast syndrome)"
"AHSP",51327,"erythroid associated factor"
"ARL6IP4",51329,"ADP-ribosylation-like factor 6 interacting protein 4"
"PDC",5132,"phosducin"
"TNFRSF12A",51330,"tumor necrosis factor receptor superfamily, member 12A"
"SPTBN5",51332,"spectrin, beta, non-erythrocytic 5"
"NGRN",51335,"neugrin, neurite outgrowth associated"
"MS4A4A",51338,"membrane-spanning 4-domains, subfamily A, member 4"
"DACT1",51339,"dapper, antagonist of beta-catenin, homolog 1 (Xenopus laevis)"
"PDCD1",5133,"programmed cell death 1"
"CRNKL1",51340,"crooked neck pre-mRNA splicing factor-like 1 (Drosophila)"
"ZBTB7A",51341,"zinc finger and BTB domain containing 7A"
"FZR1",51343,"fizzy/cell division cycle 20 related 1 (Drosophila)"
"TAOK3",51347,"TAO kinase 3"
"KLRF1",51348,"killer cell lectin-like receptor subfamily F, member 1"
"PDCD2",5134,"programmed cell death 2"
"KRT76",51350,"keratin 76"
"ZNF117",51351,"zinc finger protein 117"
"MBTPS2",51360,"membrane-bound transcription factor peptidase, site 2"
"HOOK1",51361,"hook homolog 1 (Drosophila)"
"CDC40",51362,"cell division cycle 40 homolog (S. cerevisiae)"
"CHST15",51363,"B cell RAG associated protein"
"ZMYND10",51364,"zinc finger, MYND-type containing 10"
"PLA1A",51365,"phospholipase A1 member A"
"UBR5",51366,"ubiquitin protein ligase E3 component n-recognin 5"
"POP5",51367,"processing of precursor 5, ribonuclease P/MRP subunit (S. cerevisiae)"
"TEX264",51368,"testis expressed 264"
"PDE1A",5136,"phosphodiesterase 1A, calmodulin-dependent"
"POMP",51371,"proteasome maturation protein"
"MRPS17",51373,"mitochondrial ribosomal protein S17"
"ATRAID",51374,"chromosome 2 open reading frame 28"
"SNX7",51375,"sorting nexin 7"
"UCHL5",51377,"ubiquitin carboxyl-terminal hydrolase L5"
"ANGPT4",51378,"angiopoietin 4"
"CRLF3",51379,"cytokine receptor-like factor 3"
"PDE1C",5137,"phosphodiesterase 1C, calmodulin-dependent 70kDa"
"CSAD",51380,"cysteine sulfinic acid decarboxylase"
"ATP6V1D",51382,"ATPase, H+ transporting, lysosomal 34kDa, V1 subunit D"
"WNT16",51384,"wingless-type MMTV integration site family, member 16"
"ZNF589",51385,"zinc finger protein 589"
"EIF3L",51386,"eukaryotic translation initiation factor 3, subunit E interacting protein"
"NIP7",51388,"nuclear import 7 homolog (S. cerevisiae)"
"RWDD1",51389,"RWD domain containing 1"
"PDE2A",5138,"phosphodiesterase 2A, cGMP-stimulated"
"TRPV2",51393,"transient receptor potential cation channel, subfamily V, member 2"
"COMMD10",51397,"COMM domain containing 10"
"WDR83OS",51398,"chromosome 19 open reading frame 56"
"TRAPPC4",51399,"trafficking protein particle complex 4"
"PDE3A",5139,"phosphodiesterase 3A, cGMP-inhibited"
"ATP5F1D",513,"ATP synthase, H+ transporting, mitochondrial F1 complex, delta subunit"
"PPME1",51400,"protein phosphatase methylesterase 1"
"NOL7",51406,"nucleolar protein 7, 27kDa"
"HEMK1",51409,"HemK methyltransferase family member 1"
"PDE3B",5140,"phosphodiesterase 3B, cGMP-inhibited"
"BIN2",51411,"bridging integrator 2"
"ACTL6B",51412,"actin-like 6B"
"PDE4A",5141,"phosphodiesterase 4A, cAMP-specific (phosphodiesterase E2 dunce homolog, Drosophila)"
"AMOTL2",51421,"angiomotin like 2"
"PRKAG2",51422,"protein kinase, AMP-activated, gamma 2 non-catalytic subunit"
"DDX41",51428,"DEAD (Asp-Glu-Ala-Asp) box polypeptide 41"
"PDE4B",5142,"phosphodiesterase 4B, cAMP-specific (phosphodiesterase E4 dunce homolog, Drosophila)"
"SUCO",51430,"chromosome 1 open reading frame 9"
"ANAPC5",51433,"anaphase promoting complex subunit 5"
"MAGEC2",51438,"melanoma antigen family C, 2"
"FAM8A1",51439,"family with sequence similarity 8, member A1"
"PDE4C",5143,"phosphodiesterase 4C, cAMP-specific (phosphodiesterase E1 dunce homolog, Drosophila)"
"YTHDF2",51441,"YTH domain family, member 2"
"VGLL1",51442,"vestigial like 1 (Drosophila)"
"RNF138",51444,"ring finger protein 138"
"IP6K2",51447,"inositol hexaphosphate kinase 2"
"PCYOX1",51449,"prenylcysteine oxidase 1"
"PDE4D",5144,"phosphodiesterase 4D, cAMP-specific (phosphodiesterase E3 dunce homolog, Drosophila)"
"PRRX2",51450,"paired related homeobox 2"
"LCMT1",51451,"leucine carboxyl methyltransferase 1"
"GULP1",51454,"GULP, engulfment adaptor PTB domain containing 1"
"REV1",51455,"REV1 homolog (S. cerevisiae)"
"RHCG",51458,"Rh family, C glycoprotein"
"PDE6A",5145,"phosphodiesterase 6A, cGMP-specific, rod, alpha"
"SFMBT1",51460,"Scm-like with four mbt domains 1"
"UBE2J1",51465,"ubiquitin-conjugating enzyme E2, J1 (UBC6 homolog, yeast)"
"EVL",51466,"Enah/Vasp-like"
"PDE6C",5146,"phosphodiesterase 6C, cGMP-specific, cone, alpha prime"
"LIMA1",51474,"LIM domain and actin binding 1"
"CABP2",51475,"calcium binding protein 2"
"ISYNA1",51477,"myo-inositol 1-phosphate synthase A1"
"ANKFY1",51479,"ankyrin repeat and FYVE domain containing 1"
"PDE6D",5147,"phosphodiesterase 6D, cGMP-specific, rod, delta"
"PDE6G",5148,"phosphodiesterase 6G, cGMP-specific, rod, gamma"
"SPOUT1",51490,"chromosome 9 open reading frame 114"
"NOP16",51491,"hypothetical protein HSPC111"
"RTCB",51493,"chromosome 22 open reading frame 28"
"HACD3",51495,"protein tyrosine phosphatase-like A domain containing 1"
"NELFCD",51497,"TH1-like (Drosophila)"
"TRIAP1",51499,"TP53 regulated inhibitor of apoptosis 1"
"PDE6H",5149,"phosphodiesterase 6H, cGMP-specific, cone, gamma"
"ATP5F1E",514,"ATP synthase, H+ transporting, mitochondrial F1 complex, epsilon subunit"
"HIKESHI",51501,"chromosome 11 open reading frame 73"
"TRMT112",51504,"hypothetical protein HSPC152"
"UFC1",51506,"ubiquitin-fold modifier conjugating enzyme 1"
"RTF2",51507,"chromosome 20 open reading frame 43"
"CHMP5",51510,"chromatin modifying protein 5"
"GTSE1",51512,"G-2 and S-phase expressed 1"
"ETV7",51513,"ets variant gene 7 (TEL2 oncogene)"
"DTL",51514,"denticleless homolog (Drosophila)"
"NCKIPSD",51517,"NCK interacting protein with SH3 domain"
"PDE8A",5151,"phosphodiesterase 8A"
"PDE9A",5152,"phosphodiesterase 9A"
"TRMO",51531,"chromosome 9 open reading frame 156"
"PHF7",51533,"PHD finger protein 7"
"PDE1B",5153,"phosphodiesterase 1B, calmodulin-dependent"
"SCLY",51540,"selenocysteine lyase"
"VPS54",51542,"vacuolar protein sorting 54 homolog (S. cerevisiae)"
"SIRT7",51547,"sirtuin (silent mating type information regulation 2 homolog) 7 (S. cerevisiae)"
"SIRT6",51548,"sirtuin (silent mating type information regulation 2 homolog) 6 (S. cerevisiae)"
"PDGFA",5154,"platelet-derived growth factor alpha polypeptide"
"CINP",51550,"cyclin-dependent kinase 2-interacting protein"
"RAB14",51552,"RAB14, member RAS oncogene family"
"PEX5L",51555,"peroxisomal biogenesis factor 5-like"
"LGSN",51557,"glutamate-ammonia ligase (glutamine synthetase) domain containing 1"
"PDGFB",5155,"platelet-derived growth factor beta polypeptide (simian sarcoma viral (v-sis) oncogene homolog)"
"RAB6B",51560,"RAB6B, member RAS oncogene family"
"IL23A",51561,"interleukin 23, alpha subunit p19"
"MBIP",51562,"MAP3K12 binding inhibitory protein 1"
"HDAC7",51564,"histone deacetylase 7A"
"ARMCX3",51566,"armadillo repeat containing, X-linked 3"
"TDP2",51567,"TRAF and TNF receptor associated protein"
"UFM1",51569,"ubiquitin-fold modifier 1"
"PDGFRA",5156,"platelet-derived growth factor receptor, alpha polypeptide"
"CYRIB",51571,"family with sequence similarity 49, member B"
"GDE1",51573,"membrane interacting protein of RGS16"
"LARP7",51574,"La ribonucleoprotein domain family, member 7"
"ESF1",51575,"ESF1, nucleolar pre-rRNA processing protein, homolog (S. cerevisiae)"
"PDGFRL",5157,"platelet-derived growth factor receptor-like"
"AZIN1",51582,"antizyme inhibitor 1"
"PCF11",51585,"PCF11, cleavage and polyadenylation factor subunit, homolog (S. cerevisiae)"
"MED15",51586,"mediator complex subunit 15"
"PIAS4",51588,"protein inhibitor of activated STAT, 4"
"PDE6B",5158,"phosphodiesterase 6B, cGMP-specific, rod, beta (congenital stationary night blindness 3, autosomal dominant)"
"TRIM33",51592,"tripartite motif-containing 33"
"SRRT",51593,"ARS2 protein"
"NBAS",51594,"neuroblastoma-amplified protein"
"CUTA",51596,"cutA divalent cation tolerance homolog (E. coli)"
"LSR",51599,"lipolysis stimulated lipoprotein receptor"
"PDGFRB",5159,"platelet-derived growth factor receptor, beta polypeptide"
"ATP5PB",515,"ATP synthase, H+ transporting, mitochondrial F0 complex, subunit B1"
"LIPT1",51601,"lipoyltransferase 1"
"METTL13",51603,"KIAA0859"
"PIGT",51604,"phosphatidylinositol glycan anchor biosynthesis, class T"
"ATP6V1H",51606,"ATPase, H+ transporting, lysosomal 50/57kDa, V1 subunit H"
"PDHA1",5160,"pyruvate dehydrogenase (lipoamide) alpha 1"
"DPH5",51611,"DPH5 homolog (S. cerevisiae)"
"ERGIC3",51614,"ERGIC and golgi 3"
"TAF9B",51616,"TAF9B RNA polymerase II, TATA box binding protein (TBP)-associated factor, 31kDa"
"UBE2D4",51619,"ubiquitin-conjugating enzyme E2D 4 (putative)"
"PDHA2",5161,"pyruvate dehydrogenase (lipoamide) alpha 2"
"KLF13",51621,"Kruppel-like factor 13"
"DYNC2LI1",51626,"dynein, cytoplasmic 2, light intermediate chain 1"
"PDHB",5162,"pyruvate dehydrogenase (lipoamide) beta"
"LUC7L2",51631,"LUC7-like 2 (S. cerevisiae)"
"RBMX2",51634,"RNA binding motif protein, X-linked 2"
"RTRAF",51637,"chromosome 14 open reading frame 166"
"PDK1",5163,"pyruvate dehydrogenase kinase, isozyme 1"
"MRPL48",51642,"mitochondrial ribosomal protein L48"
"TMBIM4",51643,"transmembrane BAX inhibitor motif containing 4"
"YPEL5",51646,"yippee-like 5 (Drosophila)"
"CIAO2B",51647,"family with sequence similarity 96, member B"
"PDK2",5164,"pyruvate dehydrogenase kinase, isozyme 2"
"MRPS33",51650,"mitochondrial ribosomal protein S33"
"PTRH2",51651,"peptidyl-tRNA hydrolase 2"
"CHMP3",51652,"vacuolar protein sorting 24 homolog (S. cerevisiae)"
"CDK5RAP1",51654,"CDK5 regulatory subunit associated protein 1"
"GINS2",51659,"GINS complex subunit 2 (Psf2 homolog)"
"PDK3",5165,"pyruvate dehydrogenase kinase, isozyme 3"
"MPC1",51660,"brain protein 44-like"
"ZFR",51663,"zinc finger RNA binding protein"
"ASB1",51665,"ankyrin repeat and SOCS box-containing 1"
"ASB4",51666,"ankyrin repeat and SOCS box-containing 4"
"IFT25",51668,"chromosome 1 open reading frame 41"
"SARAF",51669,"transmembrane protein 66"
"PDK4",5166,"pyruvate dehydrogenase kinase, isozyme 4"
"PALS2",51678,"membrane protein, palmitoylated 6 (MAGUK p55 subfamily member 6)"
"ENPP1",5167,"ectonucleotide pyrophosphatase/phosphodiesterase 1"
"OAZ3",51686,"ornithine decarboxylase antizyme 3"
"ENPP2",5168,"ectonucleotide pyrophosphatase/phosphodiesterase 2 (autotaxin)"
"LSM7",51690,"LSM7 homolog, U6 small nuclear RNA associated (S. cerevisiae)"
"LSM8",51691,"LSM8 homolog, U6 small nuclear RNA associated (S. cerevisiae)"
"TRAPPC2L",51693,"trafficking protein particle complex 2-like"
"HECA",51696,"headcase homolog (Drosophila)"
"ATP5MC1",516,"ATP synthase, H+ transporting, mitochondrial F0 complex, subunit C1 (subunit 9)"
"CYB5R2",51700,"cytochrome b5 reductase 2"
"NLK",51701,"nemo-like kinase"
"PADI3",51702,"peptidyl arginine deiminase, type III"
"ACSL5",51703,"acyl-CoA synthetase long-chain family member 5"
"EMCN",51705,"endomucin"
"CYB5R1",51706,"cytochrome b5 reductase 1"
"PDPK1",5170,"3-phosphoinositide dependent protein kinase-1"
"ZNF44",51710,"zinc finger protein 44"
"SELENOT",51714,"selenoprotein T"
"RAB23",51715,"RAB23, member RAS oncogene family"
"CAB39",51719,"calcium binding protein 39"
"UIMC1",51720,"ubiquitin interaction motif containing 1"
"FBXO40",51725,"F-box protein 40"
"CMPK1",51727,"cytidylate kinase"
"POLR3K",51728,"polymerase (RNA) III (DNA directed) polypeptide K, 12.3 kDa"
"WBP11",51729,"WW domain binding protein 11"
"SLC26A4",5172,"solute carrier family 26, member 4"
"UPB1",51733,"ureidopropionase, beta"
"MSRB1",51734,"selenoprotein X, 1"
"RAPGEF6",51735,"Rap guanine nucleotide exchange factor (GEF) 6"
"PDYN",5173,"prodynorphin"
"WWOX",51741,"WW domain containing oxidoreductase"
"ARID4B",51742,"AT rich interactive domain 4B (RBP1-like)"
"CD244",51744,"CD244 molecule, natural killer cell receptor 2B4"
"LUC7L3",51747,"cisplatin resistance-associated overexpressed protein"
"PDZK1",5174,"PDZ domain containing 1"
"RTEL1",51750,"regulator of telomere elongation helicase 1"
"ERAP1",51752,"type 1 tumor necrosis factor receptor shedding aminopeptidase regulator"
"CDK12",51755,"Cdc2-related kinase, arginine/serine-rich"
"C9orf78",51759,"chromosome 9 open reading frame 78"
"PECAM1",5175,"platelet/endothelial cell adhesion molecule (CD31 antigen)"
"SYT17",51760,"synaptotagmin XVII"
"ATP8A2",51761,"ATPase, aminophospholipid transporter-like, Class I, type 8A, member 2"
"RAB8B",51762,"RAB8B, member RAS oncogene family"
"INPP5K",51763,"skeletal muscle and kidney enriched inositol phosphatase"
"GNG13",51764,"guanine nucleotide binding protein (G protein), gamma 13"
"STK26",51765,"serine/threonine protein kinase MST4"
"SERPINF1",5176,"serpin peptidase inhibitor, clade F (alpha-2 antiplasmin, pigment epithelium derived factor), member 1"
"RSF1",51773,"remodeling and spacing factor 1"
"MAP3K20",51776,"sterile alpha motif and leucine zipper containing kinase AZK"
"MYOZ2",51778,"myozenin 2"
"KDM3B",51780,"jumonji domain containing 1B"
"PEG3",5178,"paternally expressed 3"
"PENK",5179,"proenkephalin"
"ATP5MC2",517,"ATP synthase, H+ transporting, mitochondrial F0 complex, subunit C2 (subunit 9)"
"COQ3",51805,"coenzyme Q3 homolog, methyltransferase (S. cerevisiae)"
"CALML5",51806,"calmodulin-like 5"
"TUBA8",51807,"tubulin, alpha 8"
"GALNT7",51809,"UDP-N-acetyl-alpha-D-galactosamine:polypeptide N-acetylgalactosaminyltransferase 7 (GalNAc-T7)"
"ADA2",51816,"cat eye syndrome chromosome region, candidate 1"
"PEPD",5184,"peptidase D"
"PER1",5187,"period homolog 1 (Drosophila)"
"GATB",5188,"PET112-like (yeast)"
"PEX1",5189,"peroxisome biogenesis factor 1"
"ATP5MC3",518,"ATP synthase, H+ transporting, mitochondrial F0 complex, subunit C3 (subunit 9)"
"PEX6",5190,"peroxisomal biogenesis factor 6"
"PEX7",5191,"peroxisomal biogenesis factor 7"
"PEX10",5192,"peroxisome biogenesis factor 10"
"PEX12",5193,"peroxisomal biogenesis factor 12"
"PEX13",5194,"peroxisome biogenesis factor 13"
"PEX14",5195,"peroxisomal biogenesis factor 14"
"PF4",5196,"platelet factor 4 (chemokine (C-X-C motif) ligand 4)"
"PF4V1",5197,"platelet factor 4 variant 1"
"PFAS",5198,"phosphoribosylformylglycinamidine synthase (FGAR amidotransferase)"
"CFP",5199,"complement factor properdin"
"ACOX1",51,"acyl-Coenzyme A oxidase 1, palmitoyl"
"PFDN1",5201,"prefoldin subunit 1"
"PFDN2",5202,"prefoldin subunit 2"
"PFDN4",5203,"prefoldin subunit 4"
"PFDN5",5204,"prefoldin subunit 5"
"PFKFB1",5207,"6-phosphofructo-2-kinase/fructose-2,6-biphosphatase 1"
"PFKFB2",5208,"6-phosphofructo-2-kinase/fructose-2,6-biphosphatase 2"
"PFKFB3",5209,"6-phosphofructo-2-kinase/fructose-2,6-biphosphatase 3"
"PFKFB4",5210,"6-phosphofructo-2-kinase/fructose-2,6-biphosphatase 4"
"PFKL",5211,"phosphofructokinase, liver"
"PFKM",5213,"phosphofructokinase, muscle"
"PFKP",5214,"phosphofructokinase, platelet"
"PFN1",5216,"profilin 1"
"PFN2",5217,"profilin 2"
"CDK14",5218,"PFTAIRE protein kinase 1"
"ATP5ME",521,"ATP synthase, H+ transporting, mitochondrial F0 complex, subunit E"
"PGAM2",5224,"phosphoglycerate mutase 2 (muscle)"
"PGC",5225,"progastricsin (pepsinogen C)"
"PGD",5226,"phosphogluconate dehydrogenase"
"PGF",5228,"placental growth factor, vascular endothelial growth factor-related protein"
"PGGT1B",5229,"protein geranylgeranyltransferase type I, beta subunit"
"ATP5PF",522,"ATP synthase, H+ transporting, mitochondrial F0 complex, subunit F6"
"PGK1",5230,"phosphoglycerate kinase 1"
"PGK2",5232,"phosphoglycerate kinase 2"
"PGM1",5236,"phosphoglucomutase 1"
"PGM3",5238,"phosphoglucomutase 3"
"PGM5",5239,"phosphoglucomutase 5"
"ATP6V1A",523,"ATPase, H+ transporting, lysosomal 70kDa, V1 subunit A"
"PGR",5241,"progesterone receptor"
"ABCB1",5243,"ATP-binding cassette, sub-family B (MDR/TAP), member 1"
"ABCB4",5244,"ATP-binding cassette, sub-family B (MDR/TAP), member 4"
"PHB1",5245,"prohibitin"
"SLC25A3",5250,"solute carrier family 25 (mitochondrial carrier; phosphate carrier), member 3"
"PHEX",5251,"phosphate regulating endopeptidase homolog, X-linked (hypophosphatemia, vitamin D resistant rickets)"
"PHF1",5252,"PHD finger protein 1"
"PHF2",5253,"PHD finger protein 2"
"PHKA1",5255,"phosphorylase kinase, alpha 1 (muscle)"
"PHKA2",5256,"phosphorylase kinase, alpha 2 (liver)"
"PHKB",5257,"phosphorylase kinase, beta"
"ATP6V1B1",525,"ATPase, H+ transporting, lysosomal 56/58kDa, V1 subunit B1 (Renal tubular acidosis with deafness)"
"PHKG1",5260,"phosphorylase kinase, gamma 1 (muscle)"
"PHKG2",5261,"phosphorylase kinase, gamma 2 (testis)"
"PHYH",5264,"phytanoyl-CoA 2-hydroxylase"
"SERPINA1",5265,"serpin peptidase inhibitor, clade A (alpha-1 antiproteinase, antitrypsin), member 1"
"PI3",5266,"peptidase inhibitor 3, skin-derived (SKALP)"
"SERPINA4",5267,"serpin peptidase inhibitor, clade A (alpha-1 antiproteinase, antitrypsin), member 4"
"SERPINB5",5268,"serpin peptidase inhibitor, clade B (ovalbumin), member 5"
"SERPINB6",5269,"serpin peptidase inhibitor, clade B (ovalbumin), member 6"
"ATP6V1B2",526,"ATPase, H+ transporting, lysosomal 56/58kDa, V1 subunit B2"
"SERPINE2",5270,"serpin peptidase inhibitor, clade E (nexin, plasminogen activator inhibitor type 1), member 2"
"SERPINB9",5272,"serpin peptidase inhibitor, clade B (ovalbumin), member 9"
"SERPINB10",5273,"serpin peptidase inhibitor, clade B (ovalbumin), member 10"
"SERPINI1",5274,"serpin peptidase inhibitor, clade I (neuroserpin), member 1"
"SERPINB13",5275,"serpin peptidase inhibitor, clade B (ovalbumin), member 13"
"SERPINI2",5276,"serpin peptidase inhibitor, clade I (pancpin), member 2"
"PIGA",5277,"phosphatidylinositol glycan anchor biosynthesis, class A (paroxysmal nocturnal hemoglobinuria)"
"PIGC",5279,"phosphatidylinositol glycan anchor biosynthesis, class C"
"ATP6V0C",527,"ATPase, H+ transporting, lysosomal 16kDa, V0 subunit c"
"PIGF",5281,"phosphatidylinositol glycan anchor biosynthesis, class F"
"PIGH",5283,"phosphatidylinositol glycan anchor biosynthesis, class H"
"PIGR",5284,"polymeric immunoglobulin receptor"
"PIK3C2B",5287,"phosphoinositide-3-kinase, class 2, beta polypeptide"
"PIK3C2G",5288,"phosphoinositide-3-kinase, class 2, gamma polypeptide"
"PIK3C3",5289,"phosphoinositide-3-kinase, class 3"
"ATP6V1C1",528,"ATPase, H+ transporting, lysosomal 42kDa, V1 subunit C1"
"PIK3CA",5290,"phosphoinositide-3-kinase, catalytic, alpha polypeptide"
"PIK3CB",5291,"phosphoinositide-3-kinase, catalytic, beta polypeptide"
"PIM1",5292,"pim-1 oncogene"
"PIK3CD",5293,"phosphoinositide-3-kinase, catalytic, delta polypeptide"
"PIK3CG",5294,"phosphoinositide-3-kinase, catalytic, gamma polypeptide"
"PIK3R1",5295,"phosphoinositide-3-kinase, regulatory subunit 1 (p85 alpha)"
"PIK3R2",5296,"phosphoinositide-3-kinase, regulatory subunit 2 (p85 beta)"
"PI4KA",5297,"phosphatidylinositol 4-kinase, catalytic, alpha"
"PI4KB",5298,"phosphatidylinositol 4-kinase, catalytic, beta"
"ATP6V1E1",529,"ATPase, H+ transporting, lysosomal 31kDa, V1 subunit E1"
"ACP1",52,"acid phosphatase 1, soluble"
"PIN1",5300,"protein (peptidylprolyl cis/trans isomerase) NIMA-interacting 1"
"PIN4",5303,"protein (peptidylprolyl cis/trans isomerase) NIMA-interacting, 4 (parvulin)"
"PIP",5304,"prolactin-induced protein"
"PIP4K2A",5305,"phosphatidylinositol-5-phosphate 4-kinase, type II, alpha"
"PITPNA",5306,"phosphatidylinositol transfer protein, alpha"
"PITX1",5307,"paired-like homeodomain 1"
"PITX2",5308,"paired-like homeodomain 2"
"PITX3",5309,"paired-like homeodomain 3"
"PKD1",5310,"polycystic kidney disease 1 (autosomal dominant)"
"PKD2",5311,"polycystic kidney disease 2 (autosomal dominant)"
"PKLR",5313,"pyruvate kinase, liver and RBC"
"PKM",5315,"pyruvate kinase, muscle"
"PKNOX1",5316,"PBX/knotted 1 homeobox 1"
"PKP1",5317,"plakophilin 1 (ectodermal dysplasia/skin fragility syndrome)"
"PKP2",5318,"plakophilin 2"
"PLA2G1B",5319,"phospholipase A2, group IB (pancreas)"
"PLA2G2A",5320,"phospholipase A2, group IIA (platelets, synovial fluid)"
"PLA2G4A",5321,"phospholipase A2, group IVA (cytosolic, calcium-dependent)"
"PLA2G5",5322,"phospholipase A2, group V"
"PLAG1",5324,"pleiomorphic adenoma gene 1"
"PLAGL1",5325,"pleiomorphic adenoma gene-like 1"
"PLAGL2",5326,"pleiomorphic adenoma gene-like 2"
"PLAT",5327,"plasminogen activator, tissue"
"PLAU",5328,"plasminogen activator, urokinase"
"PLAUR",5329,"plasminogen activator, urokinase receptor"
"PLCB2",5330,"phospholipase C, beta 2"
"PLCB3",5331,"phospholipase C, beta 3 (phosphatidylinositol-specific)"
"PLCB4",5332,"phospholipase C, beta 4"
"BCL11A",53335,"B-cell CLL/lymphoma 11A (zinc finger protein)"
"BTBD1",53339,"BTB (POZ) domain containing 1"
"PLCD1",5333,"phospholipase C, delta 1"
"SPA17",53340,"sperm autoantigenic protein 17"
"NUDT9",53343,"nudix (nucleoside diphosphate linked moiety X)-type motif 9"
"UBASH3A",53347,"ubiquitin associated and SH3 domain containing, A"
"PLCL1",5334,"phospholipase C-like 1"
"LRP1B",53353,"low density lipoprotein-related protein 1B (deleted in tumors)"
"SHC3",53358,"SHC (Src homology 2 domain containing) transforming protein 3"
"PLCG1",5335,"phospholipase C, gamma 1"
"PLCG2",5336,"phospholipase C, gamma 2 (phosphatidylinositol-specific)"
"NUP54",53371,"nucleoporin 54kDa"
"PLD1",5337,"phospholipase D1, phosphatidylcholine-specific"
"PLD2",5338,"phospholipase D2"
"PLEC",5339,"plectin 1, intermediate filament binding protein 500kDa"
"ATP6V0B",533,"ATPase, H+ transporting, lysosomal 21kDa, V0 subunit b"
"CLIC5",53405,"chloride intracellular channel 5"
"STX18",53407,"syntaxin 18"
"PLG",5340,"plasminogen"
"PLEK",5341,"pleckstrin"
"SERPINF2",5345,"serpin peptidase inhibitor, clade F (alpha-2 antiplasmin, pigment epithelium derived factor), member 2"
"PLIN1",5346,"perilipin"
"PLK1",5347,"polo-like kinase 1 (Drosophila)"
"FXYD1",5348,"FXYD domain containing ion transport regulator 1 (phospholemman)"
"FXYD3",5349,"FXYD domain containing ion transport regulator 3"
"ATP6V1G2",534,"ATPase, H+ transporting, lysosomal 13kDa, V1 subunit G2"
"PLN",5350,"phospholamban"
"PLOD1",5351,"procollagen-lysine 1, 2-oxoglutarate 5-dioxygenase 1"
"PLOD2",5352,"procollagen-lysine, 2-oxoglutarate 5-dioxygenase 2"
"PLP1",5354,"proteolipid protein 1 (Pelizaeus-Merzbacher disease, spastic paraplegia 2, uncomplicated)"
"PLP2",5355,"proteolipid protein 2 (colonic epithelium-enriched)"
"PLS1",5357,"plastin 1 (I isoform)"
"PLS3",5358,"plastin 3 (T isoform)"
"PLSCR1",5359,"phospholipid scramblase 1"
"ATP6V0A1",535,"ATPase, H+ transporting, lysosomal V0 subunit a1"
"PLTP",5360,"phospholipid transfer protein"
"MBD3",53615,"methyl-CpG binding domain protein 3"
"ADAM22",53616,"ADAM metallopeptidase domain 22"
"PLXNA1",5361,"plexin A1"
"PLXNA2",5362,"plexin A2"
"BCO1",53630,"beta-carotene 15,15'-monooxygenase 1"
"PTOV1",53635,"prostate tumor overexpressed gene 1"
"S1PR5",53637,"endothelial differentiation, sphingolipid G-protein-coupled receptor, 8"
"PLXNB1",5364,"plexin B1"
"PLXNB3",5365,"plexin B3"
"PMAIP1",5366,"phorbol-12-myristate-13-acetate-induced protein 1"
"PMCH",5367,"pro-melanin-concentrating hormone"
"PNOC",5368,"prepronociceptin"
"PML",5371,"promyelocytic leukemia"
"PMM1",5372,"phosphomannomutase 1"
"PMM2",5373,"phosphomannomutase 2"
"PMP2",5375,"peripheral myelin protein 2"
"PMP22",5376,"peripheral myelin protein 22"
"PMS1",5378,"PMS1 postmeiotic segregation increased 1 (S. cerevisiae)"
"ATP6AP1",537,"ATPase, H+ transporting, lysosomal accessory protein 1"
"FXYD7",53822,"FXYD domain containing ion transport regulator 7"
"FXYD6",53826,"FXYD domain containing ion transport regulator 6"
"FXYD5",53827,"FXYD domain containing ion transport regulator 5"
"P2RY13",53829,"purinergic receptor P2Y, G-protein coupled, 13"
"IL20RA",53832,"interleukin 20 receptor, alpha"
"GPR87",53836,"G protein-coupled receptor 87"
"CDHR5",53841,"mucin-like protocadherin"
"ATP7A",538,"ATPase, Cu++ transporting, alpha polypeptide (Menkes syndrome)"
"MYO3A",53904,"myosin IIIA"
"DUOX1",53905,"dual oxidase 1"
"RAB4B",53916,"RAB4B, member RAS oncogene family"
"PELO",53918,"pelota homolog (Drosophila)"
"SLCO1C1",53919,"solute carrier organic anion transporter family, member 1C1"
"EXOSC9",5393,"exosome component 9"
"CNTN5",53942,"contactin 5"
"CSNK1G1",53944,"casein kinase 1, gamma 1"
"A4GALT",53947,"alpha 1,4-galactosyltransferase (globotriaosylceramide synthase)"
"EXOSC10",5394,"exosome component 10"
"PRRX1",5396,"paired related homeobox 1"
"ATP5PO",539,"ATP synthase, H+ transporting, mitochondrial F1 complex, O subunit (oligomycin sensitivity conferring protein)"
"BRWD1",54014,"bromodomain and WD repeat domain containing 1"
"MIS18A",54069,"chromosome 21 open reading frame 45"
"PNLIP",5406,"pancreatic lipase"
"PNLIPRP1",5407,"pancreatic lipase-related protein 1"
"SETD4",54093,"SET domain containing 4"
"PNMT",5409,"phenylethanolamine N-methyltransferase"
"ATP7B",540,"ATPase, Cu++ transporting, beta polypeptide"
"RIPK4",54101,"receptor-interacting serine-threonine kinase 4"
"POLE3",54107,"polymerase (DNA directed), epsilon 3 (p17 subunit)"
"GPR88",54112,"G protein-coupled receptor 88"
"PNN",5411,"pinin, desmosome associated protein"
"UBL3",5412,"ubiquitin-like 3"
"SEPTIN5",5413,"septin 5"
"MRPL39",54148,"mitochondrial ribosomal protein L39"
"SEPTIN4",5414,"septin 4"
"NANS",54187,"N-acetylneuraminic acid synthase (sialic acid synthase)"
"CYCS",54205,"cytochrome c, somatic"
"KCNK10",54207,"potassium channel, subfamily K, member 10"
"TREM2",54209,"triggering receptor expressed on myeloid cells 2"
"PODXL",5420,"podocalyxin-like"
"TREM1",54210,"triggering receptor expressed on myeloid cells 1"
"POLA1",5422,"polymerase (DNA directed), alpha 1"
"POLB",5423,"polymerase (DNA directed), beta"
"POLD1",5424,"polymerase (DNA directed), delta 1, catalytic subunit 125kDa"
"POLD2",5425,"polymerase (DNA directed), delta 2, regulatory subunit 50kDa"
"POLE",5426,"polymerase (DNA directed), epsilon"
"POLE2",5427,"polymerase (DNA directed), epsilon 2 (p59 subunit)"
"POLG",5428,"polymerase (DNA directed), gamma"
"POLH",5429,"polymerase (DNA directed), eta"
"POLR2A",5430,"polymerase (RNA) II (DNA directed) polypeptide A, 220kDa"
"POLR2B",5431,"polymerase (RNA) II (DNA directed) polypeptide B, 140kDa"
"GPR85",54329,"G protein-coupled receptor 85"
"POLR2C",5432,"polymerase (RNA) II (DNA directed) polypeptide C, 33kDa"
"GDAP1",54332,"ganglioside-induced differentiation-associated protein 1"
"POLR2D",5433,"polymerase (RNA) II (DNA directed) polypeptide D"
"DPM3",54344,"dolichyl-phosphate mannosyltransferase polypeptide 3"
"SOX18",54345,"SRY (sex determining region Y)-box 18"
"POLR2E",5434,"polymerase (RNA) II (DNA directed) polypeptide E, 25kDa"
"POLR2F",5435,"polymerase (RNA) II (DNA directed) polypeptide F"
"WNT4",54361,"wingless-type MMTV integration site family, member 4"
"HAO1",54363,"hydroxyacid oxidase (glycolate oxidase) 1"
"POLR2G",5436,"polymerase (RNA) II (DNA directed) polypeptide G"
"POLR2H",5437,"polymerase (RNA) II (DNA directed) polypeptide H"
"TERF2IP",54386,"telomeric repeat binding factor 2, interacting protein"
"POLR2I",5438,"polymerase (RNA) II (DNA directed) polypeptide I, 14.5kDa"
"POLR2J",5439,"polymerase (RNA) II (DNA directed) polypeptide J, 13.3kDa"
"SLC38A2",54407,"solute carrier family 38, member 2"
"POLR2K",5440,"polymerase (RNA) II (DNA directed) polypeptide K, 7.0kDa"
"NLGN3",54413,"neuroligin 3"
"POLR2L",5441,"polymerase (RNA) II (DNA directed) polypeptide L, 7.6kDa"
"POLRMT",5442,"polymerase (RNA) mitochondrial (DNA directed)"
"DNAJC10",54431,"DnaJ (Hsp40) homolog, subfamily C, member 10"
"YIPF1",54432,"Yip1 domain family, member 1"
"GAR1",54433,"nucleolar protein family A, member 1 (H/ACA small nucleolar RNPs)"
"GFOD1",54438,"glucose-fructose oxidoreductase domain containing 1"
"POMC",5443,"proopiomelanocortin (adrenocorticotropin/ beta-lipotropin/ alpha-melanocyte stimulating hormone/ beta-melanocyte stimulating hormone/ beta-endorphin)"
"SASH3",54440,"chromosome X open reading frame 9"
"KCTD5",54442,"potassium channel tetramerisation domain containing 5"
"PON1",5444,"paraoxonase 1"
"RIN2",54453,"Ras and Rab interactor 2"
"ATAD2B",54454,"ATPase family, AAA domain containing 2B"
"FBXO42",54455,"F-box protein 42"
"TAF7L",54457,"TAF7-like RNA polymerase II, TATA box binding protein (TBP)-associated factor, 50kDa"
"PRR13",54458,"proline rich 13"
"PON2",5445,"paraoxonase 2"
"CCSER2",54462,"KIAA1128"
"RETREG1",54463,"family with sequence similarity 134, member B"
"ETAA1",54465,"Ewing's tumor-associated antigen 1"
"MIOS",54468,"hypothetical protein FLJ20323"
"ZFAND6",54469,"zinc finger, AN1-type domain 6"
"PON3",5446,"paraoxonase 3"
"MIEF1",54471,"Smith-Magenis syndrome chromosome region, candidate 7-like"
"TOLLIP",54472,"toll interacting protein"
"KRT20",54474,"keratin 20"
"NLE1",54475,"notchless homolog 1 (Drosophila)"
"RNF216",54476,"ring finger protein 216"
"PIMREG",54478,"family with sequence similarity 64, member A"
"POR",5447,"P450 (cytochrome) oxidoreductase"
"CHPF2",54480,"chondroitin sulfate glucuronyltransferase"
"DGCR8",54487,"DiGeorge syndrome critical region gene 8"
"UGT2B28",54490,"UDP glucuronosyltransferase 2 family, polypeptide B28"
"PRMT7",54496,"protein arginine methyltransferase 7"
"SMOX",54498,"spermine oxidase"
"TMCO1",54499,"transmembrane and coiled-coil domains 1"
"POU1F1",5449,"POU class 1 homeobox 1"
"ZDHHC13",54503,"zinc finger, DHHC-type containing 13"
"CPVL",54504,"carboxypeptidase, vitellogenic-like"
"DHX29",54505,"DEAH (Asp-Glu-Ala-His) box polypeptide 29"
"RHOF",54509,"ras homolog gene family, member F (in filopodia)"
"POU2AF1",5450,"POU class 2 associating factor 1"
"EXOSC4",54512,"exosome component 4"
"DDX4",54514,"DEAD (Asp-Glu-Ala-Asp) box polypeptide 4"
"PUS7",54517,"pseudouridylate synthase 7 homolog (S. cerevisiae)"
"APBB1IP",54518,"amyloid beta (A4) precursor protein-binding, family B, member 1 interacting protein"
"POU2F1",5451,"POU class 2 homeobox 1"
"CCDC93",54520,"coiled-coil domain containing 93"
"WDR44",54521,"WD repeat domain 44"
"ASNSD1",54529,"asparagine synthetase domain containing 1"
"POU2F2",5452,"POU class 2 homeobox 2"
"MIER2",54531,"mesoderm induction early response 1, family member 2"
"CCHCR1",54535,"coiled-coil alpha-helical rod protein 1"
"SHLD2",54537,"family with sequence similarity 35, member A"
"ROBO4",54538,"roundabout homolog 4, magic roundabout (Drosophila)"
"NDUFB11",54539,"NADH dehydrogenase (ubiquinone) 1 beta subcomplex, 11, 17.3kDa"
"POU3F1",5453,"POU class 3 homeobox 1"
"DDIT4",54541,"DNA-damage-inducible transcript 4"
"RC3H2",54542,"ring finger and CCCH-type zinc finger domains 2"
"TOMM7",54543,"translocase of outer mitochondrial membrane 7 homolog (yeast)"
"CRCT1",54544,"cysteine-rich C-terminal 1"
"MTMR12",54545,"myotubularin related protein 12"
"POU3F2",5454,"POU class 3 homeobox 2"
"NECAB2",54550,"EF-hand calcium binding protein 2"
"MAGEL2",54551,"MAGE-like 2"
"GNL3L",54552,"guanine nucleotide binding protein-like 3 (nucleolar)-like"
"WDR5B",54554,"WD repeat domain 5B"
"DDX49",54555,"DEAD (Asp-Glu-Ala-Asp) box polypeptide 49"
"ING3",54556,"inhibitor of growth family, member 3"
"SPATA6",54558,"spermatogenesis associated 6"
"POU3F3",5455,"POU class 3 homeobox 3"
"EPB41L4B",54566,"erythrocyte membrane protein band 4.1 like 4B"
"POU3F4",5456,"POU class 3 homeobox 4"
"UGT1A8",54576,"UDP glucuronosyltransferase 1 family, polypeptide A8"
"EGLN1",54583,"egl nine homolog 1 (C. elegans)"
"GNB1L",54584,"guanine nucleotide binding protein (G protein), beta polypeptide 1-like"
"LZTFL1",54585,"leucine zipper transcription factor-like 1"
"POU4F2",5458,"POU class 4 homeobox 2"
"L1TD1",54596,"LINE-1 type transposase domain containing 1"
"POU4F3",5459,"POU class 4 homeobox 3"
"ATR",545,"ataxia telangiectasia and Rad3 related"
"DDX56",54606,"DEAD (Asp-Glu-Ala-Asp) box polypeptide 56"
"CCNJ",54619,"cyclin J"
"ARL15",54622,"ADP-ribosylation factor-like 15"
"PAF1",54623,"Paf1, RNA polymerase II associated factor, homolog (S. cerevisiae)"
"MINDY2",54629,"family with sequence similarity 63, member B"
"PPA1",5464,"pyrophosphatase (inorganic) 1"
"PPARA",5465,"peroxisome proliferator-activated receptor alpha"
"TBC1D13",54662,"TBC1 domain family, member 13"
"WDR74",54663,"WD repeat domain 74"
"TMEM106B",54664,"transmembrane protein 106B"
"RSBN1",54665,"round spermatid basic protein 1"
"GTPBP2",54676,"GTP binding protein 2"
"CROT",54677,"carnitine O-octanoyltransferase"
"PPARD",5467,"peroxisome proliferator-activated receptor delta"
"ZNHIT6",54680,"chromosome 1 open reading frame 181"
"P4HTM",54681,"hypoxia-inducible factor prolyl 4-hydroxylase"
"PPARG",5468,"peroxisome proliferator-activated receptor gamma"
"MED1",5469,"mediator complex subunit 1"
"ATRX",546,"alpha thalassemia/mental retardation syndrome X-linked (RAD54 homolog, S. cerevisiae)"
"RRN3",54700,"RRN3 RNA polymerase I transcription factor homolog (S. cerevisiae)"
"PDP1",54704,"protein phosphatase 2C, magnesium-dependent, catalytic subunit"
"GPN2",54707,"ATP binding domain 1 family, member B"
"MARCHF5",54708,"membrane-associated ring finger (C3HC4) 5"
"PPEF2",5470,"protein phosphatase, EF-hand calcium binding domain 2"
"CNGB3",54714,"cyclic nucleotide gated channel beta 3"
"RBFOX1",54715,"ataxin 2-binding protein 1"
"SLC6A20",54716,"solute carrier family 6 (proline IMINO transporter), member 20"
"PPAT",5471,"phosphoribosyl pyrophosphate amidotransferase"
"OTUD4",54726,"OTU domain containing 4"
"TMED9",54732,"transmembrane emp24 protein transport domain containing 9"
"MPHOSPH8",54737,"M-phase phosphoprotein 8"
"XAF1",54739,"XIAP associated factor-1"
"PPBP",5473,"pro-platelet basic protein (chemokine (C-X-C motif) ligand 7)"
"LEPROT",54741,"leptin receptor overlapping transcript"
"PPEF1",5475,"protein phosphatase, EF-hand calcium binding domain 1"
"GRAMD1C",54762,"GRAM domain containing 1C"
"TRIM44",54765,"tripartite motif-containing 44"
"BTG4",54766,"B-cell translocation gene 4"
"HYDIN",54768,"hydrocephalus inducing homolog (mouse)"
"DIRAS2",54769,"DIRAS family, GTP-binding RAS-like 2"
"CTSA",5476,"cathepsin A"
"RNF111",54778,"ring finger protein 111"
"NSMCE4A",54780,"non-SMC element 4 homolog A (S. cerevisiae)"
"ALKBH4",54784,"alkB, alkylation repair homolog 4 (E. coli)"
"BORCS6",54785,"chromosome 17 open reading frame 59"
"DNAJB12",54788,"DnaJ (Hsp40) homolog, subfamily B, member 12"
"TRPM4",54795,"transient receptor potential cation channel, subfamily M, member 4"
"BNC2",54796,"basonuclin 2"
"MED18",54797,"mediator complex subunit 18"
"DCHS2",54798,"dachsous 2 (Drosophila)"
"MBTD1",54799,"mbt domain containing 1"
"PPIB",5479,"peptidylprolyl isomerase B (cyclophilin B)"
"KIF1A",547,"kinesin family member 1A"
"KLHL24",54800,"kelch-like 24 (Drosophila)"
"HAUS6",54801,"family with sequence similarity 29, member A"
"TRIT1",54802,"tRNA isopentenyltransferase 1"
"CNNM2",54805,"cyclin M2"
"AHI1",54806,"Abelson helper integration site 1"
"SAMD9",54809,"sterile alpha motif domain containing 9"
"GIPC2",54810,"GIPC PDZ domain containing family, member 2"
"AFTPH",54812,"aftiphilin"
"QPCTL",54814,"glutaminyl-peptide cyclotransferase-like"
"GATAD2A",54815,"GATA zinc finger domain containing 2A"
"ZNF280D",54816,"suppressor of hairy wing homolog 4 (Drosophila)"
"ZCCHC10",54819,"zinc finger, CCHC domain containing 10"
"PPID",5481,"peptidylprolyl isomerase D (cyclophilin D)"
"NDE1",54820,"nudE nuclear distribution gene E homolog 1 (A. nidulans)"
"ERCC6L",54821,"excision repair cross-complementing rodent repair deficiency, complementation group 6-like"
"CDHR2",54825,"protocadherin LKC"
"BCAS3",54828,"breast carcinoma amplified sequence 3"
"ASPN",54829,"asporin"
"NUP62CL",54830,"nucleoporin 62kDa C-terminal like"
"BEST2",54831,"bestrophin 2"
"VPS13C",54832,"vacuolar protein sorting 13 homolog C (S. cerevisiae)"
"GDAP2",54834,"ganglioside induced differentiation associated protein 2"
"LRRC49",54839,"leucine rich repeat containing 49"
"APTX",54840,"aprataxin"
"SYTL2",54843,"synaptotagmin-like 2"
"ESRP1",54845,"RNA binding motif protein 35A"
"SIDT1",54847,"SID1 transmembrane family, member 1"
"FBXL12",54850,"F-box and leucine-rich repeat protein 12"
"ANKRD49",54851,"ankyrin repeat domain 49"
"PAQR5",54852,"progestin and adipoQ receptor family member V"
"TENT5C",54855,"family with sequence similarity 46, member C"
"PGPEP1",54858,"pyroglutamyl-peptidase I"
"MS4A12",54860,"membrane-spanning 4-domains, subfamily A, member 12"
"SNRK",54861,"SNF related kinase"
"CC2D1A",54862,"coiled-coil and C2 domain containing 1A"
"TMEM214",54867,"hypothetical protein FLJ20254"
"EPS8L1",54869,"EPS8-like 1"
"QRICH1",54870,"glutamine-rich 1"
"PIGG",54872,"phosphatidylinositol glycan anchor biosynthesis, class G"
"FNBP1L",54874,"formin binding protein 1-like"
"CNTLN",54875,"chromosome 9 open reading frame 39"
"DCAF16",54876,"chromosome 4 open reading frame 30"
"DPP8",54878,"dipeptidyl-peptidase 8"
"BCOR",54880,"BCL6 co-repressor"
"TEX10",54881,"testis expressed 10"
"ANKHD1",54882,"ankyrin repeat and KH domain containing 1"
"CWC25",54883,"coiled-coil domain containing 49"
"RETSAT",54884,"retinol saturase (all-trans-retinol 13,14-reductase)"
"TBC1D8B",54885,"TBC1 domain family, member 8B (with GRAM domain)"
"INO80D",54891,"hypothetical protein FLJ20309"
"NCAPG2",54892,"non-SMC condensin II complex, subunit G2"
"MTMR10",54893,"myotubularin related protein 10"
"RNF43",54894,"ring finger protein 43"
"ELOVL2",54898,"elongation of very long chain fatty acids (FEN1/Elo2, SUR4/Elo3, yeast)-like 2"
"LAX1",54900,"lymphocyte transmembrane adaptor 1"
"CDKAL1",54901,"CDK5 regulatory subunit associated protein 1-like 1"
"TTC19",54902,"tetratricopeptide repeat domain 19"
"MKS1",54903,"Meckel syndrome, type 1"
"NSD3",54904,"Wolf-Hirschhorn syndrome candidate 1-like 1"
"TASOR2",54906,"chromosome 10 open reading frame 18"
"SPDL1",54908,"coiled-coil domain containing 99"
"SEMA4C",54910,"sema domain, immunoglobulin domain (Ig), transmembrane domain (TM) and short cytoplasmic domain, (semaphorin) 4C"
"RPP25",54913,"ribonuclease P/MRP 25kDa subunit"
"YTHDF1",54915,"YTH domain family, member 1"
"CMTM6",54918,"CKLF-like MARVEL transmembrane domain containing 6"
"DNAAF5",54919,"HEAT repeat containing 2"
"DUS2",54920,"dihydrouridine synthase 2-like, SMM1 homolog (S. cerevisiae)"
"RASIP1",54922,"Ras interacting protein 1"
"LIME1",54923,"Lck interacting transmembrane adaptor 1"
"ZSCAN32",54925,"zinc finger protein 434"
"CHCHD3",54927,"coiled-coil-helix-coiled-coil-helix domain containing 3"
"BPNT2",54928,"inositol monophosphatase domain containing 1"
"HAUS4",54930,"chromosome 14 open reading frame 94"
"KANSL2",54934,"chromosome 12 open reading frame 41"
"SARS2",54938,"seryl-tRNA synthetase 2, mitochondrial"
"COMMD4",54939,"COMM domain containing 4"
"PPL",5493,"periplakin"
"RNF125",54941,"ring finger protein 125"
"ABITRAM",54942,"chromosome 9 open reading frame 6"
"DNAJC28",54943,"chromosome 21 open reading frame 55"
"SLC41A3",54946,"solute carrier family 41, member 3"
"MRPL16",54948,"mitochondrial ribosomal protein L16"
"PPM1A",5494,"protein phosphatase 1A (formerly 2C), magnesium-dependent, alpha isoform"
"COMMD8",54951,"COMM domain containing 8"
"TRNAU1AP",54952,"tRNA selenocysteine associated protein 1"
"ODR4",54953,"chromosome 1 open reading frame 27"
"FAM120C",54954,"family with sequence similarity 120C"
"PARP16",54956,"poly (ADP-ribose) polymerase family, member 16"
"TXNL4B",54957,"thioredoxin-like 4B"
"ODAM",54959,"odontogenic, ameloblast asssociated"
"PPM1B",5495,"protein phosphatase 1B (formerly 2C), magnesium-dependent, beta isoform"
"GEMIN8",54960,"gem (nuclear organelle) associated protein 8"
"SSH3",54961,"slingshot homolog 3 (Drosophila)"
"TIPIN",54962,"TIMELESS interacting protein"
"UCKL1",54963,"uridine-cytidine kinase 1-like 1"
"TMEM70",54968,"transmembrane protein 70"
"HPF1",54969,"chromosome 4 open reading frame 27"
"PPM1G",5496,"protein phosphatase 1G (formerly 2C), magnesium-dependent, gamma isoform"
"BANP",54971,"BTG3 associated nuclear protein"
"TMEM132A",54972,"transmembrane protein 132A"
"INTS11",54973,"cleavage and polyadenylation specific factor 3-like"
"THG1L",54974,"tRNA-histidine guanylyltransferase 1-like (S. cerevisiae)"
"SLC25A38",54977,"solute carrier family 25, member 38"
"NMRK1",54981,"chromosome 9 open reading frame 95"
"CLN6",54982,"ceroid-lipofuscinosis, neuronal 6, late infantile, variant"
"ACSM5",54988,"hypothetical protein FLJ20581"
"PPOX",5498,"protoporphyrinogen oxidase"
"GID8",54994,"chromosome 20 open reading frame 11"
"OXSM",54995,"3-oxoacyl-ACP synthase, mitochondrial"
"MTARC2",54996,"MOCO sulphurase C-terminal domain containing 2"
"TESC",54997,"tescalcin"
"AURKAIP1",54998,"aurora kinase A interacting protein 1"
"PPP1CA",5499,"protein phosphatase 1, catalytic subunit, alpha isoform"
"AUH",549,"AU RNA binding protein/enoyl-Coenzyme A hydratase"
"ACP5",54,"acid phosphatase 5, tartrate resistant"
"PAK1IP1",55003,"PAK1 interacting protein 1"
"RMND1",55005,"required for meiotic nuclear division 1 homolog (S. cerevisiae)"
"TRMT61B",55006,"hypothetical protein FLJ20628"
"HERC6",55008,"hect domain and RLD 6"
"PPP1CB",5500,"protein phosphatase 1, catalytic subunit, beta isoform"
"PARPBP",55010,"chromosome 12 open reading frame 48"
"PIH1D1",55011,"PIH1 domain containing 1"
"PPP2R3C",55012,"protein phosphatase 2 (formerly 2A), regulatory subunit B'', gamma"
"MCUB",55013,"coiled-coil domain containing 109B"
"STX17",55014,"syntaxin 17"
"PRPF39",55015,"PRP39 pre-mRNA processing factor 39 homolog (S. cerevisiae)"
"ANKRD40CL",55018,"chromosome 17 open reading frame 73"
"PPP1CC",5501,"protein phosphatase 1, catalytic subunit, gamma isoform"
"PHIP",55023,"pleckstrin homology domain interacting protein"
"BANK1",55024,"B-cell scaffold protein with ankyrin repeats 1"
"PPP1R1A",5502,"protein phosphatase 1, regulatory (inhibitor) subunit 1A"
"FBXO34",55030,"F-box protein 34"
"USP47",55031,"ubiquitin specific peptidase 47"
"FKBP14",55033,"FK506 binding protein 14, 22 kDa"
"MOCOS",55034,"molybdenum cofactor sulfurase"
"NOL8",55035,"nucleolar protein 8"
"CCDC40",55036,"coiled-coil domain containing 40"
"PTCD3",55037,"Pentatricopeptide repeat domain 3"
"CDCA4",55038,"cell division cycle associated 4"
"TRMT12",55039,"tRNA methyltransferase 12 homolog (S. cerevisiae)"
"EPN3",55040,"epsin 3"
"VPS37C",55048,"vacuolar protein sorting 37 homolog C (S. cerevisiae)"
"REX1BD",55049,"chromosome 19 open reading frame 60"
"PPP1R2",5504,"protein phosphatase 1, regulatory (inhibitor) subunit 2"
"MRPL20",55052,"mitochondrial ribosomal protein L20"
"ZWILCH",55055,"Zwilch, kinetochore associated, homolog (Drosophila)"
"WIPI1",55062,"WD repeat domain, phosphoinositide interacting 1"
"ZCWPW1",55063,"zinc finger, CW type with PWWP domain 1"
"SLC52A1",55065,"G protein-coupled receptor 172B"
"PDPR",55066,"pyruvate dehydrogenase phosphatase regulatory subunit"
"PPP1R3A",5506,"protein phosphatase 1, regulatory (inhibitor) subunit 3A (glycogen and sarcoplasmic reticulum binding subunit, skeletal muscle)"
"DET1",55070,"de-etiolated homolog 1 (Arabidopsis)"
"RNF31",55072,"ring finger protein 31"
"OXR1",55074,"oxidation resistance 1"
"TMEM45A",55076,"transmembrane protein 45A"
"FEZF2",55079,"FEZ family zinc finger 2"
"PPP1R3C",5507,"protein phosphatase 1, regulatory (inhibitor) subunit 3C"
"TAPBPL",55080,"TAP binding protein-like"
"IFT57",55081,"intraflagellar transport 57 homolog (Chlamydomonas)"
"ARGLU1",55082,"hypothetical protein FLJ10154"
"KIF26B",55083,"kinesin family member 26B"
"RADX",55086,"chromosome X open reading frame 57"
"CCDC186",55088,"chromosome 10 open reading frame 118"
"SLC38A4",55089,"solute carrier family 38, member 4"
"MED9",55090,"mediator complex subunit 9"
"NTAQ1",55093,"chromosome 8 open reading frame 32"
"GPATCH1",55094,"G patch domain containing 1"
"SAMD4B",55095,"sterile alpha motif domain containing 4B"
"EBLN2",55096,"hypothetical protein FLJ10213"
"PPP1R3D",5509,"protein phosphatase 1, regulatory (inhibitor) subunit 3D"
"AUP1",550,"ancient ubiquitous protein 1"
"WDR70",55100,"WD repeat domain 70"
"DMAC2",55101,"hypothetical protein FLJ10241"
"ATG2B",55102,"ATG2 autophagy related 2 homolog B (S. cerevisiae)"
"RALGPS2",55103,"Ral GEF with PH domain and SH3 binding motif 2"
"GPATCH2",55105,"G patch domain containing 2"
"SLFN12",55106,"schlafen family member 12"
"ANO1",55107,"transmembrane protein 16A"
"AGGF1",55109,"angiogenic factor with G patch and FHA domains 1"
"PPP1R7",5510,"protein phosphatase 1, regulatory (inhibitor) subunit 7"
"MAGOHB",55110,"mago-nashi homolog 2"
"PLEKHJ1",55111,"pleckstrin homology domain containing, family J member 1"
"DYNC2I1",55112,"WD repeat domain 60"
"XKR8",55113,"XK, Kell blood group complex subunit-related family, member 8"
"ARHGAP17",55114,"Rho GTPase activating protein 17"
"CRTAC1",55118,"cartilage acidic protein 1"
"PRPF38B",55119,"PRP38 pre-mRNA processing factor 38 (yeast) domain containing B"
"PPP1R8",5511,"protein phosphatase 1, regulatory (inhibitor) subunit 8"
"FANCL",55120,"Fanconi anemia, complementation group L"
"PIWIL2",55124,"piwi-like 2 (Drosophila)"
"CEP192",55125,"centrosomal protein 192kDa"
"HEATR1",55127,"HEAT repeat containing 1"
"RBM28",55131,"RNA binding motif protein 28"
"SRBD1",55133,"S1 RNA binding domain 1"
"WRAP53",55135,"WD repeat domain 79"
"FAM90A1",55138,"family with sequence similarity 90, member A1"
"ANKZF1",55139,"ankyrin repeat and zinc finger domain containing 1"
"ELP3",55140,"elongation protein 3 homolog (S. cerevisiae)"
"HAUS2",55142,"centrosomal protein 27kDa"
"CDCA8",55143,"cell division cycle associated 8"
"THAP1",55145,"THAP domain containing, apoptosis associated protein 1"
"RBM23",55147,"RNA binding motif protein 23"
"UBR7",55148,"chromosome 14 open reading frame 130"
"MTPAP",55149,"PAP associated domain containing 1"
"PPP1R10",5514,"protein phosphatase 1, regulatory (inhibitor) subunit 10"
"TMEM38B",55151,"transmembrane protein 38B"
"DALRD3",55152,"DALR anticodon binding domain containing 3"
"SDAD1",55153,"SDA1 domain containing 1"
"ARMC1",55156,"armadillo repeat containing 1"
"DARS2",55157,"aspartyl-tRNA synthetase 2, mitochondrial"
"RFWD3",55159,"ring finger and WD repeat domain 3"
"PPP2CA",5515,"protein phosphatase 2 (formerly 2A), catalytic subunit, alpha isoform"
"ARHGEF10L",55160,"Rho guanine nucleotide exchange factor (GEF) 10-like"
"TMEM33",55161,"transmembrane protein 33"
"PNPO",55163,"pyridoxamine 5'-phosphate oxidase"
"SHQ1",55164,"SHQ1 homolog (S. cerevisiae)"
"CEP55",55165,"centrosomal protein 55kDa"
"CENPQ",55166,"centromere protein Q"
"MSL2",55167,"male-specific lethal 2-like 1 (Drosophila)"
"MRPS18A",55168,"mitochondrial ribosomal protein S18A"
"PPP2CB",5516,"protein phosphatase 2 (formerly 2A), catalytic subunit, beta isoform"
"TBCCD1",55171,"TBCC domain containing 1"
"DNAAF2",55172,"chromosome 14 open reading frame 104"
"KLHL11",55175,"kelch-like 11 (Drosophila)"
"SEC61A2",55176,"Sec61 alpha 2 subunit (S. cerevisiae)"
"RMDN3",55177,"family with sequence similarity 82, member C"
"MRM3",55178,"RNA methyltransferase like 1"
"SMG8",55181,"chromosome 17 open reading frame 71"
"RNF220",55182,"chromosome 1 open reading frame 164"
"RIF1",55183,"RAP1 interacting factor homolog (yeast)"
"VPS13D",55187,"vacuolar protein sorting 13 homolog D (S. cerevisiae)"
"RIC8B",55188,"resistance to inhibitors of cholinesterase 8 homolog B (C. elegans)"
"PPP2R1A",5518,"protein phosphatase 2 (formerly 2A), regulatory subunit A , alpha isoform"
"NUDT11",55190,"nudix (nucleoside diphosphate linked moiety X)-type motif 11"
"NADSYN1",55191,"NAD synthetase 1"
"DNAJC17",55192,"DnaJ (Hsp40) homolog, subfamily C, member 17"
"PBRM1",55193,"polybromo 1"
"RPRD1A",55197,"hypothetical protein FLJ10656"
"APPL2",55198,"adaptor protein, phosphotyrosine interaction, PH domain and leucine zipper containing 2"
"PPP2R1B",5519,"protein phosphatase 2 (formerly 2A), regulatory subunit A, beta isoform"
"AVP",551,"arginine vasopressin (neurophysin II, antidiuretic hormone, diabetes insipidus, neurohypophyseal)"
"PLEKHG6",55200,"pleckstrin homology domain containing, family G (with RhoGef domain) member 6"
"MAP1S",55201,"microtubule-associated protein 1S"
"LGI2",55203,"leucine-rich repeat LGI family, member 2"
"ARL8B",55207,"ADP-ribosylation factor-like 8B"
"DCUN1D2",55208,"DCN1, defective in cullin neddylation 1, domain containing 2 (S. cerevisiae)"
"PPP2R2A",5520,"protein phosphatase 2 (formerly 2A), regulatory subunit B, alpha isoform"
"ATAD3A",55210,"ATPase family, AAA domain containing 3A"
"DPPA4",55211,"developmental pluripotency associated 4"
"BBS7",55212,"Bardet-Biedl syndrome 7"
"RCBTB1",55213,"regulator of chromosome condensation (RCC1) and BTB (POZ) domain containing protein 1"
"P3H2",55214,"leprecan-like 1"
"FANCI",55215,"Fanconi anemia, complementation group I"
"EXD2",55218,"exonuclease 3'-5' domain-like 2"
"MACO1",55219,"transmembrane protein 57"
"PPP2R2B",5521,"protein phosphatase 2 (formerly 2A), regulatory subunit B, beta isoform"
"KLHDC8A",55220,"kelch domain containing 8A"
"TRIM62",55223,"tripartite motif-containing 62"
"ETNK2",55224,"ethanolamine kinase 2"
"NAT10",55226,"N-acetyltransferase 10"
"LRRC1",55227,"leucine rich repeat containing 1"
"PNMA8A",55228,"hypothetical protein FLJ10781"
"PANK4",55229,"pantothenate kinase 4"
"MOB1A",55233,"MOB1, Mps One Binder kinase activator-like 1B (yeast)"
"SMU1",55234,"smu-1 suppressor of mec-8 and unc-52 homolog (C. elegans)"
"UBA6",55236,"ubiquitin-activating enzyme E1-like 2"
"OGFOD1",55239,"2-oxoglutarate and iron-dependent oxygenase domain containing 1"
"PPP2R3A",5523,"protein phosphatase 2 (formerly 2A), regulatory subunit B'', alpha"
"STEAP3",55240,"STEAP family member 3"
"KIRREL1",55243,"kin of IRRE like (Drosophila)"
"SLC47A1",55244,"solute carrier family 47, member 1"
"UQCC1",55245,"ubiquinol-cytochrome c reductase complex chaperone, CBP3 homolog (yeast)"
"NEIL3",55247,"nei endonuclease VIII-like 3 (E. coli)"
"PACC1",55248,"chromosome 1 open reading frame 75"
"YY1AP1",55249,"YY1 associated protein 1"
"PTPA",5524,"protein phosphatase 2A activator, regulatory subunit 4"
"PCMTD2",55251,"protein-L-isoaspartate (D-aspartate) O-methyltransferase domain containing 2"
"ASXL2",55252,"additional sex combs like 2 (Drosophila)"
"TYW1",55253,"tRNA-yW synthesizing protein 1 homolog (S. cerevisiae)"
"WDR41",55255,"WD repeat domain 41"
"ADI1",55256,"acireductone dioxygenase 1"
"MRGBP",55257,"chromosome 20 open reading frame 20"
"THNSL2",55258,"threonine synthase-like 2 (S. cerevisiae)"
"PPP2R5A",5525,"protein phosphatase 2, regulatory subunit B', alpha isoform"
"TRAPPC14",55262,"chromosome 7 open reading frame 43"
"ECHDC2",55268,"enoyl Coenzyme A hydratase domain containing 2"
"PSPC1",55269,"paraspeckle component 1"
"PPP2R5B",5526,"protein phosphatase 2, regulatory subunit B', beta isoform"
"NUDT15",55270,"nudix (nucleoside diphosphate linked moiety X)-type motif 15"
"IMP3",55272,"IMP3, U3 small nucleolar ribonucleoprotein, homolog (yeast)"
"PHF10",55274,"PHD finger protein 10"
"VPS53",55275,"vacuolar protein sorting 53 homolog (S. cerevisiae)"
"FGGY",55277,"hypothetical protein FLJ10986"
"QRSL1",55278,"glutaminyl-tRNA synthase (glutamine-hydrolyzing)-like 1"
"PPP2R5C",5527,"protein phosphatase 2, regulatory subunit B', gamma isoform"
"CWF19L1",55280,"CWF19-like 1, cell cycle control (S. pombe)"
"MCOLN3",55283,"mucolipin 3"
"UBE2W",55284,"ubiquitin-conjugating enzyme E2W (putative)"
"C4orf19",55286,"chromosome 4 open reading frame 19"
"RHOT1",55288,"ras homolog gene family, member T1"
"ACOXL",55289,"acyl-Coenzyme A oxidase-like"
"PPP2R5D",5528,"protein phosphatase 2, regulatory subunit B', delta isoform"
"BRF2",55290,"BRF2, subunit of RNA polymerase III transcription initiation factor, BRF1-like"
"PPP6R3",55291,"SAPS domain family, member 3"
"UEVLD",55293,"UEV and lactate/malate dehyrogenase domains"
"FBXW7",55294,"F-box and WD repeat domain containing 7"
"TBC1D19",55296,"TBC1 domain family, member 19"
"CCDC91",55297,"coiled-coil domain containing 91"
"RNF121",55298,"ring finger protein 121"
"BRIX1",55299,"brix domain containing 2"
"PPP2R5E",5529,"protein phosphatase 2, regulatory subunit B', epsilon isoform"
"AVPR1A",552,"arginine vasopressin receptor 1A"
"OLAH",55301,"oleoyl-ACP hydrolase"
"GIMAP4",55303,"GTPase, IMAP family member 4"
"SPTLC3",55304,"serine palmitoyltransferase, long chain base subunit 3"
"DDX19A",55308,"DEAD (Asp-Glu-Ala-As) box polypeptide 19A"
"PPP3CA",5530,"protein phosphatase 3 (formerly 2B), catalytic subunit, alpha isoform"
"PEF1",553115,"penta-EF-hand domain containing 1"
"ZNF444",55311,"zinc finger protein 444"
"RFK",55312,"riboflavin kinase"
"CPPED1",55313,"hypothetical protein FLJ11151"
"SLC29A3",55315,"solute carrier family 29 (nucleoside transporters), member 3"
"RSAD1",55316,"radical S-adenosyl methionine domain containing 1"
"AP5S1",55317,"chromosome 20 open reading frame 29"
"TMA16",55319,"hypothetical protein FLJ11184"
"PPP4C",5531,"protein phosphatase 4 (formerly X), catalytic subunit"
"MIS18BP1",55320,"chromosome 14 open reading frame 106"
"LARP6",55323,"La ribonucleoprotein domain family, member 6"
"ABCF3",55324,"ATP-binding cassette, sub-family F (GCN20), member 3"
"UFSP2",55325,"chromosome 4 open reading frame 20"
"AGPAT5",55326,"1-acylglycerol-3-phosphate O-acyltransferase 5 (lysophosphatidic acid acyltransferase, epsilon)"
"LIN7C",55327,"lin-7 homolog C (C. elegans)"
"RNLS",55328,"chromosome 10 open reading frame 59"
"MNS1",55329,"meiosis-specific nuclear structural 1"
"PPP3CB",5532,"protein phosphatase 3 (formerly 2B), catalytic subunit, beta isoform"
"DRAM1",55332,"damage-regulated autophagy modulator"
"SYNJ2BP",55333,"synaptojanin 2 binding protein"
"SLC39A9",55334,"solute carrier family 39 (zinc transporter), member 9"
"NIPSNAP3B",55335,"nipsnap homolog 3B (C. elegans)"
"FBXL8",55336,"F-box and leucine-rich repeat protein 8"
"PPP3CC",5533,"protein phosphatase 3 (formerly 2B), catalytic subunit, gamma isoform"
"GIMAP5",55340,"GTPase, IMAP family member 5"
"LSG1",55341,"large subunit GTPase 1 homolog (S. cerevisiae)"
"SLC35C1",55343,"solute carrier family 35, member C1"
"PPP3R1",5534,"protein phosphatase 3 (formerly 2B), regulatory subunit B, alpha isoform"
"LAPTM4B",55353,"lysosomal associated protein transmembrane 4 beta"
"HJURP",55355,"hypothetical protein DKFZp762E1312"
"TBC1D2",55357,"TBC1 domain family, member 2"
"STYK1",55359,"serine/threonine/tyrosine kinase 1"
"PI4K2A",55361,"phosphatidylinositol 4-kinase type 2 alpha"
"IMPACT",55364,"Impact homolog (mouse)"
"TMEM176A",55365,"transmembrane protein 176A"
"LGR4",55366,"leucine-rich repeat-containing G protein-coupled receptor 4"
"PIDD1",55367,"leucine-rich repeats and death domain containing"
"PPP5C",5536,"protein phosphatase 5, catalytic subunit"
"PPP6C",5537,"protein phosphatase 6, catalytic subunit"
"MCM10",55388,"minichromosome maintenance complex component 10"
"PPT1",5538,"palmitoyl-protein thioesterase 1 (ceroid-lipofuscinosis, neuronal 1, infantile)"
"PPY",5539,"pancreatic polypeptide"
"AVPR1B",553,"arginine vasopressin receptor 1B"
"NPY4R",5540,"pancreatic polypeptide receptor 1"
"NCBP3",55421,"chromosome 17 open reading frame 85"
"SIRPG",55423,"signal-regulatory protein gamma"
"YOD1",55432,"YOD1 OTU deubiquinating enzyme 1 homolog (S. cerevisiae)"
"AP1AR",55435,"chromosome 4 open reading frame 16"
"PRB3",5544,"proline-rich protein BstNI subfamily 3"
"CSGALNACT2",55454,"chondroitin sulfate GalNAcT-2"
"PRB4",5545,"proline-rich protein BstNI subfamily 4"
"PRCC",5546,"papillary renal cell carcinoma (translocation-associated)"
"NDUFAF7",55471,"chromosome 2 open reading frame 56"
"PRCP",5547,"prolylcarboxypeptidase (angiotensinase C)"
"PARL",55486,"presenilin associated, rhomboid-like"
"PRELP",5549,"proline/arginine-rich end leucine-rich repeat protein"
"AVPR2",554,"arginine vasopressin receptor 2 (nephrogenic diabetes insipidus)"
"ETNK1",55500,"ethanolamine kinase 1"
"CHST12",55501,"carbohydrate (chondroitin 4) sulfotransferase 12"
"TRPV6",55503,"transient receptor potential cation channel, subfamily V, member 6"
"NOP10",55505,"nucleolar protein family A, member 3 (H/ACA small nucleolar RNPs)"
"MACROH2A2",55506,"H2A histone family, member Y2"
"GPRC5D",55507,"G protein-coupled receptor, family C, group 5, member D"
"SLC35E3",55508,"solute carrier family 35, member E3"
"BATF3",55509,"Jun dimerization protein p21SNFT"
"PREP",5550,"prolyl endopeptidase"
"DDX43",55510,"DEAD (Asp-Glu-Ala-Asp) box polypeptide 43"
"SAGE1",55511,"sarcoma antigen 1"
"SMPD3",55512,"sphingomyelin phosphodiesterase 3, neutral membrane (neutral sphingomyelinase II)"
"ASIC4",55515,"amiloride-sensitive cation channel 4, pituitary"
"PRF1",5551,"perforin 1 (pore forming protein)"
"ELAC1",55520,"elaC homolog 1 (E. coli)"
"TRIM36",55521,"tripartite motif-containing 36"
"DHTKD1",55526,"dehydrogenase E1 and transketolase domain containing 1"
"SRGN",5552,"serglycin"
"SLC30A10",55532,"solute carrier family 30, member 10"
"PRG2",5553,"proteoglycan 2, bone marrow (natural killer cell activator, eosinophil granule major basic protein)"
"IL17RB",55540,"interleukin 17 receptor B"
"RBM38",55544,"RNA binding motif protein 38"
"KLK15",55554,"kallikrein-related peptidase 15"
"ENOSF1",55556,"enolase superfamily member 1"
"PLXNA3",55558,"plexin A3"
"HAUS7",55559,"UCHL5 interacting protein"
"DNAH3",55567,"dynein, axonemal, heavy chain 3"
"GALNT10",55568,"UDP-N-acetyl-alpha-D-galactosamine:polypeptide N-acetylgalactosaminyltransferase 10 (GalNAc-T10)"
"STAB2",55576,"stabilin 2"
"NAGK",55577,"N-acetylglucosamine kinase"
"SUPT20H",55578,"family with sequence similarity 48, member A"
"PRIM1",5557,"primase, DNA, polypeptide 1 (49kDa)"
"CHRNA9",55584,"cholinergic receptor, nicotinic, alpha 9"
"UBE2Q1",55585,"ubiquitin-conjugating enzyme E2Q (putative) 1"
"BMP2K",55589,"BMP2 inducible kinase"
"PRIM2",5558,"primase, DNA, polypeptide 2 (58kDa)"
"ZCCHC8",55596,"zinc finger, CCHC domain containing 8"
"DDX60",55601,"hypothetical protein FLJ20035"
"CDKN2AIP",55602,"CDKN2A interacting protein"
"TENT5A",55603,"family with sequence similarity 46, member A"
"CARMIL1",55604,"leucine rich repeat containing 16"
"PPP1R9A",55607,"protein phosphatase 1, regulatory (inhibitor) subunit 9A"
"OTUB1",55611,"OTU domain, ubiquitin aldehyde binding 1"
"FERMT1",55612,"chromosome 20 open reading frame 42"
"MTMR8",55613,"myotubularin related protein 8"
"KIF16B",55614,"chromosome 20 open reading frame 23"
"PRR5",55615,"proline rich 5 (renal)"
"ASAP3",55616,"development and differentiation enhancing factor-like 1"
"TASP1",55617,"taspase, threonine aspartase, 1"
"DOCK10",55619,"dedicator of cytokinesis 10"
"STAP2",55620,"signal transducing adaptor family member 2"
"TRMT1",55621,"TRM1 tRNA methyltransferase 1 homolog (S. cerevisiae)"
"TTC27",55622,"tetratricopeptide repeat domain 27"
"THUMPD1",55623,"THUMP domain containing 1"
"POMGNT1",55624,"protein O-linked mannose beta1,2-N-acetylglucosaminyltransferase"
"AMBRA1",55626,"hypothetical protein FLJ20294"
"ZNF407",55628,"zinc finger protein 407"
"PNRC2",55629,"proline-rich nuclear receptor coactivator 2"
"PRKAA1",5562,"protein kinase, AMP-activated, alpha 1 catalytic subunit"
"SLC39A4",55630,"solute carrier family 39 (zinc transporter), member 4"
"LRRC40",55631,"leucine rich repeat containing 40"
"KRBOX4",55634,"zinc finger protein 673"
"CHD7",55636,"chromodomain helicase DNA binding protein 7"
"SYBU",55638,"Golgi-localized protein"
"PRKAA2",5563,"protein kinase, AMP-activated, alpha 2 catalytic subunit"
"BTBD2",55643,"BTB (POZ) domain containing 2"
"OSGEP",55644,"O-sialoglycoprotein endopeptidase"
"RAB20",55647,"RAB20, member RAS oncogene family"
"PRKAB1",5564,"protein kinase, AMP-activated, beta 1 non-catalytic subunit"
"PIGV",55650,"phosphatidylinositol glycan anchor biosynthesis, class V"
"NHP2",55651,"nucleolar protein family A, member 2 (H/ACA small nucleolar RNPs)"
"BCAS4",55653,"breast carcinoma amplified sequence 4"
"TMEM127",55654,"transmembrane protein 127"
"NLRP2",55655,"NLR family, pyrin domain containing 2"
"INTS8",55656,"integrator complex subunit 8"
"ZNF692",55657,"zinc finger protein 692"
"RNF126",55658,"ring finger protein 126"
"PRKAB2",5565,"protein kinase, AMP-activated, beta 2 non-catalytic subunit"
"PRPF40A",55660,"PRP40 pre-mRNA processing factor 40 homolog A (S. cerevisiae)"
"DDX27",55661,"DEAD (Asp-Glu-Ala-Asp) box polypeptide 27"
"HIF1AN",55662,"hypoxia-inducible factor 1, alpha subunit inhibitor"
"ZNF446",55663,"zinc finger protein 446"
"CDC37L1",55664,"cell division cycle 37 homolog (S. cerevisiae)-like 1"
"NPLOC4",55666,"nuclear protein localization 4 homolog (S. cerevisiae)"
"GPATCH2L",55668,"chromosome 14 open reading frame 118"
"MFN1",55669,"mitofusin 1"
"PRKACA",5566,"protein kinase, cAMP-dependent, catalytic, alpha"
"PEX26",55670,"peroxisome biogenesis factor 26"
"PPP4R3A",55671,"SMEK homolog 1, suppressor of mek1 (Dictyostelium)"
"LIMS2",55679,"LIM and senescent cell antigen-like domains 2"
"PRKACB",5567,"protein kinase, cAMP-dependent, catalytic, beta"
"SCYL2",55681,"SCY1-like 2 (S. cerevisiae)"
"KANSL3",55683,"hypothetical protein FLJ10081"
"MREG",55686,"melanoregulin"
"TRMU",55687,"tRNA 5-methylaminomethyl-2-thiouridylate methyltransferase"
"YEATS2",55689,"YEATS domain containing 2"
"PRKACG",5568,"protein kinase, cAMP-dependent, catalytic, gamma"
"PACS1",55690,"phosphofurin acidic cluster sorting protein 1"
"FRMD4A",55691,"FERM domain containing 4A"
"LUC7L",55692,"LUC7-like (S. cerevisiae)"
"KDM4D",55693,"jumonji domain containing 2D"
"NSUN5",55695,"NOL1/NOP2/Sun domain family, member 5"
"RBM22",55696,"RNA binding motif protein 22"
"VAC14",55697,"Vac14 homolog (S. cerevisiae)"
"IARS2",55699,"isoleucyl-tRNA synthetase 2, mitochondrial"
"PKIA",5569,"protein kinase (cAMP-dependent, catalytic) inhibitor alpha"
"YJU2",55702,"coiled-coil domain containing 94"
"POLR3B",55703,"polymerase (RNA) III (DNA directed) polypeptide B"
"CCDC88A",55704,"coiled-coil domain containing 88A"
"NDC1",55706,"transmembrane protein 48"
"NECAP2",55707,"NECAP endocytosis associated 2"
"KBTBD4",55709,"kelch repeat and BTB (POZ) domain containing 4"
"FAR2",55711,"male sterility domain containing 1"
"TENM3",55714,"odz, odd Oz/ten-m homolog 3 (Drosophila)"
"DOK4",55715,"docking protein 4"
"LMBR1L",55716,"limb region 1 homolog (mouse)-like"
"WDR11",55717,"bromodomain and WD repeat domain containing 2"
"POLR3E",55718,"polymerase (RNA) III (DNA directed) polypeptide E (80kD)"
"SLF2",55719,"chromosome 10 open reading frame 6"
"PRKAG1",5571,"protein kinase, AMP-activated, gamma 1 non-catalytic subunit"
"TSR1",55720,"TSR1, 20S rRNA accumulation, homolog (S. cerevisiae)"
"IQCC",55721,"IQ motif containing C"
"CEP72",55722,"centrosomal protein 72kDa"
"ASF1B",55723,"ASF1 anti-silencing function 1 homolog B (S. cerevisiae)"
"INTS13",55726,"chromosome 12 open reading frame 11"
"BTBD7",55727,"BTB (POZ) domain containing 7"
"ATF7IP",55729,"activating transcription factor 7 interacting protein"
"HHAT",55733,"hedgehog acyltransferase"
"DNAJC11",55735,"DnaJ (Hsp40) homolog, subfamily C, member 11"
"VPS35",55737,"vacuolar protein sorting 35 homolog (S. cerevisiae)"
"ARFGAP1",55738,"ADP-ribosylation factor GTPase activating protein 1"
"NAXD",55739,"hypothetical protein FLJ10769"
"PRKAR1A",5573,"protein kinase, cAMP-dependent, regulatory, type I, alpha (tissue specific extinguisher 1)"
"ENAH",55740,"enabled homolog (Drosophila)"
"EDEM2",55741,"ER degradation enhancer, mannosidase alpha-like 2"
"PARVA",55742,"parvin, alpha"
"CHFR",55743,"checkpoint with forkhead and ring finger domains"
"COA1",55744,"chromosome 7 open reading frame 44"
"AP5M1",55745,"chromosome 14 open reading frame 108"
"NUP133",55746,"nucleoporin 133kDa"
"CNDP2",55748,"CNDP dipeptidase 2 (metallopeptidase M20 family)"
"AGK",55750,"acylglycerol kinase"
"SEPTIN11",55752,"septin 11"
"OGDHL",55753,"oxoglutarate dehydrogenase-like"
"TMEM30A",55754,"transmembrane protein 30A"
"CDK5RAP2",55755,"CDK5 regulatory subunit associated protein 2"
"INTS9",55756,"integrator complex subunit 9"
"UGGT2",55757,"UDP-glucose ceramide glucosyltransferase-like 2"
"RCOR3",55758,"REST corepressor 3"
"WDR12",55759,"WD repeat domain 12"
"PRKAR1B",5575,"protein kinase, cAMP-dependent, regulatory, type I, beta"
"DHX32",55760,"DEAH (Asp-Glu-Ala-His) box polypeptide 32"
"ZNF701",55762,"zinc finger protein 701"
"EXOC1",55763,"exocyst complex component 1"
"IFT122",55764,"intraflagellar transport 122 homolog (Chlamydomonas)"
"H2AJ",55766,"H2A histone family, member J"
"NGLY1",55768,"N-glycanase 1"
"ZNF83",55769,"zinc finger protein 83"
"PRKAR2A",5576,"protein kinase, cAMP-dependent, regulatory, type II, alpha"
"EXOC2",55770,"exocyst complex component 2"
"TDP1",55775,"tyrosyl-DNA phosphodiesterase 1"
"PRKAR2B",5577,"protein kinase, cAMP-dependent, regulatory, type II, beta"
"RIOK2",55781,"RIO kinase 2 (yeast)"
"FGD6",55785,"FYVE, RhoGEF and PH domain containing 6"
"TXLNG",55787,"chromosome X open reading frame 15"
"LMBRD1",55788,"LMBR1 domain containing 1"
"PRKCA",5578,"protein kinase C, alpha"
"CSGALNACT1",55790,"chondroitin beta1,4 N-acetylgalactosaminyltransferase"
"LRIF1",55791,"chromosome 1 open reading frame 103"
"MINDY1",55793,"family with sequence similarity 63, member A"
"DDX28",55794,"DEAD (Asp-Glu-Ala-Asp) box polypeptide 28"
"PCID2",55795,"PCI domain containing 2"
"MBNL3",55796,"muscleblind-like 3 (Drosophila)"
"CACNA2D3",55799,"calcium channel, voltage-dependent, alpha 2/delta 3 subunit"
"PRKCB",5579,"protein kinase C, beta 1"
"SCN3B",55800,"sodium channel, voltage-gated, type III, beta"
"IL26",55801,"interleukin 26"
"DCP1A",55802,"DCP1 decapping enzyme homolog A (S. cerevisiae)"
"ADAP2",55803,"centaurin, alpha 2"
"LRP2BP",55805,"LRP2 binding protein"
"PRKCD",5580,"protein kinase C, delta"
"FOXJ2",55810,"forkhead box J2"
"ADCY10",55811,"testicular soluble adenylyl cyclase"
"SPATA7",55812,"spermatogenesis associated 7"
"UTP6",55813,"UTP6, small subunit (SSU) processome component, homolog (yeast)"
"TSNAXIP1",55815,"translin-associated factor X interacting protein 1"
"DOK5",55816,"docking protein 5"
"KDM3A",55818,"jumonji domain containing 1A"
"RNF130",55819,"ring finger protein 130"
"PRKCE",5581,"protein kinase C, epsilon"
"ALLC",55821,"allantoicase"
"VPS11",55823,"vacuolar protein sorting 11 homolog (S. cerevisiae)"
"PECR",55825,"peroxisomal trans-2-enoyl-CoA reductase"
"DCAF6",55827,"IQ motif and WD repeats 1"
"PRKCG",5582,"protein kinase C, gamma"
"EMC3",55831,"transmembrane protein 111"
"CAND1",55832,"cullin-associated and neddylation-dissociated 1"
"UBAP2",55833,"ubiquitin associated protein 2"
"CENPJ",55835,"centromere protein J"
"EAPP",55837,"E2F-associated phosphoprotein"
"CENPN",55839,"centromere protein N"
"PRKCH",5583,"protein kinase C, eta"
"EAF2",55840,"ELL associated factor 2"
"WWC3",55841,"WWC family member 3"
"ARHGAP15",55843,"Rho GTPase activating protein 15"
"PPP2R2D",55844,"protein phosphatase 2, regulatory subunit B, delta isoform"
"ITFG2",55846,"integrin alpha FG-GAP repeat containing 2"
"CISD1",55847,"CDGSH iron sulfur domain 1"
"PLGRKT",55848,"chromosome 9 open reading frame 46"
"PRKCI",5584,"protein kinase C, iota"
"USE1",55850,"unconventional SNARE in the ER 1 homolog (S. cerevisiae)"
"PSENEN",55851,"presenilin enhancer 2 homolog (C. elegans)"
"ZC3H15",55854,"zinc finger CCCH-type containing 15"
"ACOT13",55856,"thioesterase superfamily member 2"
"TMEM165",55858,"transmembrane protein 165"
"BEX1",55859,"brain expressed, X-linked 1"
"PKN1",5585,"protein kinase N1"
"ACTR10",55860,"actin-related protein 10 homolog (S. cerevisiae)"
"ECHDC1",55862,"enoyl Coenzyme A hydratase domain containing 1"
"TMEM126B",55863,"transmembrane protein 126B"
"SLC22A11",55867,"solute carrier family 22 (organic anion/cation transporter), member 11"
"PKN2",5586,"protein kinase N2"
"ASH1L",55870,"ash1 (absent, small, or homeotic)-like (Drosophila)"
"PBK",55872,"PDZ binding kinase"
"GSDMB",55876,"gasdermin-like"
"GABRQ",55879,"gamma-aminobutyric acid (GABA) receptor, theta"
"PRKD1",5587,"protein kinase D1"
"WSB2",55884,"WD repeat and SOCS box-containing 2"
"LMO3",55885,"LIM domain only 3 (rhombotin-like 2)"
"ZKSCAN7",55888,"zinc finger protein 167"
"PRKCQ",5588,"protein kinase C, theta"
"GPRC5C",55890,"G protein-coupled receptor, family C, group 5, member C"
"MYNN",55892,"myoneurin"
"ZNF395",55893,"zinc finger protein 395"
"UNC45A",55898,"unc-45 homolog A (C. elegans)"
"PRKCSH",5589,"protein kinase C substrate 80K-H"
"AXL",558,"AXL receptor tyrosine kinase"
"ZNF302",55900,"zinc finger protein 302"
"RNF114",55905,"zinc finger protein 313"
"ZC4H2",55906,"KIAA1166"
"CMAS",55907,"cytidine monophosphate N-acetylneuraminic acid synthetase"
"ANGPTL8",55908,"hepatocellular carcinoma-associated gene TD26"
"BIN3",55909,"bridging integrator 3"
"PRKCZ",5590,"protein kinase C, zeta"
"APOBR",55911,"apolipoprotein B48 receptor"
"ERBIN",55914,"erbb2 interacting protein"
"LANCL2",55915,"LanC lantibiotic synthetase component C-like 2 (bacterial)"
"NXT2",55916,"nuclear transport factor 2-like export factor 2"
"PRKDC",5591,"protein kinase, DNA-activated, catalytic polypeptide"
"NKRF",55922,"NF-kappaB repressing factor"
"PRKG1",5592,"protein kinase, cGMP-dependent, type I"
"MYO5C",55930,"myosin VC"
"APOM",55937,"apolipoprotein M"
"PRKG2",5593,"protein kinase, cGMP-dependent, type II"
"MAPK1",5594,"mitogen-activated protein kinase 1"
"ZMAT5",55954,"zinc finger, matrin type 5"
"LIN37",55957,"lin-37 homolog (C. elegans)"
"KLHL9",55958,"kelch-like 9 (Drosophila)"
"MAPK3",5595,"mitogen-activated protein kinase 3"
"AJAP1",55966,"adherens junction associated protein 1"
"NSFL1C",55968,"NSFL1 (p97) cofactor (p47)"
"RAB5IF",55969,"chromosome 20 open reading frame 24"
"MAPK4",5596,"mitogen-activated protein kinase 4"
"GNG12",55970,"guanine nucleotide binding protein (G protein), gamma 12"
"BCAP29",55973,"B-cell receptor-associated protein 29"
"KLHL7",55975,"kelch-like 7 (Drosophila)"
"MAPK6",5597,"mitogen-activated protein kinase 6"
"MAPK7",5598,"mitogen-activated protein kinase 7"
"MAPK8",5599,"mitogen-activated protein kinase 8"
"ACP3",55,"acid phosphatase, prostate"
"NXF3",56000,"nuclear RNA export factor 3"
"MYDGF",56005,"chromosome 19 open reading frame 10"
"SMG9",56006,"chromosome 19 open reading frame 61"
"MAPK11",5600,"mitogen-activated protein kinase 11"
"MAPK9",5601,"mitogen-activated protein kinase 9"
"BARX1",56033,"BARX homeobox 1"
"PDGFC",56034,"platelet derived growth factor C"
"MAPK13",5603,"mitogen-activated protein kinase 13"
"MAP2K1",5604,"mitogen-activated protein kinase kinase 1"
"MAP2K2",5605,"mitogen-activated protein kinase kinase 2"
"UBFD1",56061,"ubiquitin family domain containing 1"
"MAP2K3",5606,"mitogen-activated protein kinase kinase 3"
"MAP2K5",5607,"mitogen-activated protein kinase kinase 5"
"MAP2K6",5608,"mitogen-activated protein kinase kinase 6"
"MAP2K7",5609,"mitogen-activated protein kinase kinase 7"
"EIF2AK2",5610,"eukaryotic translation initiation factor 2-alpha kinase 2"
"DNAJC3",5611,"DnaJ (Hsp40) homolog, subfamily C, member 3"
"THAP12",5612,"protein-kinase, interferon-inducible double stranded RNA dependent inhibitor, repressor of (P58 repressor)"
"PCDHA10",56139,"protocadherin alpha 10"
"PRKX",5613,"protein kinase, X-linked"
"PCDHA6",56142,"protocadherin alpha 6"
"PCDHA3",56145,"protocadherin alpha 3"
"PCDHA2",56146,"protocadherin alpha 2"
"TEX15",56154,"testis expressed 15"
"TEX14",56155,"testis expressed 14"
"TEX13A",56157,"testis expressed 13A"
"TEX12",56158,"testis expressed 12"
"TEX11",56159,"testis expressed 11"
"RNF17",56163,"ring finger protein 17"
"TDRD1",56165,"tudor domain containing 1"
"PRKY",5616,"protein kinase, Y-linked"
"DNAH7",56171,"dynein, axonemal, heavy chain 7"
"PRL",5617,"prolactin"
"MOSPD1",56180,"motile sperm domain containing 1"
"PRLR",5618,"prolactin receptor"
"PRM1",5619,"protamine 1"
"PRM2",5620,"protamine 2"
"PRNP",5621,"prion protein (p27-30) (Creutzfeldt-Jakob disease, Gerstmann-Strausler-Scheinker syndrome, fatal familial insomnia)"
"PSPN",5623,"persephin"
"BTNL2",56244,"butyrophilin-like 2 (MHC class II associated)"
"PROC",5624,"protein C (inactivator of coagulation factors Va and VIIIa)"
"YLPM1",56252,"YLP motif containing 1"
"CRTAM",56253,"cytotoxic and regulatory T cell molecule"
"MEPCE",56257,"methylphosphate capping enzyme"
"CTNNBL1",56259,"catenin, beta like 1"
"PRODH",5625,"proline dehydrogenase (oxidase) 1"
"KYAT3",56267,"cysteine conjugate-beta lyase 2"
"PROP1",5626,"PROP paired-like homeobox 1"
"WDR45B",56270,"WDR45-like"
"PROS1",5627,"protein S (alpha)"
"GKN1",56287,"gastrokine 1"
"PARD3",56288,"par-3 partitioning defective 3 homolog (C. elegans)"
"PROX1",5629,"prospero homeobox 1"
"IL36G",56300,"interleukin 1 family, member 9"
"SLC7A10",56301,"solute carrier family 7, (neutral amino acid transporter, y+ system) member 10"
"TRPV5",56302,"transient receptor potential cation channel, subfamily V, member 5"
"PRPH",5630,"peripherin"
"PRPS1",5631,"phosphoribosyl pyrophosphate synthetase 1"
"METTL3",56339,"methyltransferase like 3"
"PRMT8",56341,"protein arginine methyltransferase 8"
"PPAN",56342,"peter pan homolog (Drosophila)"
"PRPS2",5634,"phosphoribosyl pyrophosphate synthetase 2"
"PRPSAP1",5635,"phosphoribosyl pyrophosphate synthetase-associated protein 1"
"PRPSAP2",5636,"phosphoribosyl pyrophosphate synthetase-associated protein 2"
"PRRG1",5638,"proline rich Gla (G-carboxyglutamic acid) 1"
"PRRG2",5639,"proline rich Gla (G-carboxyglutamic acid) 2"
"AZGP1",563,"alpha-2-glycoprotein 1, zinc-binding"
"LTB4R2",56413,"leukotriene B4 receptor 2"
"LGMN",5641,"legumain"
"PRSS1",5644,"protease, serine, 1 (trypsin 1)"
"PRSS3",5646,"protease, serine, 3 (mesotrypsin)"
"CTPS2",56474,"CTP synthase II"
"RPRM",56475,"reprimo, TP53 dependent G2 arrest mediator candidate"
"EIF4ENIF1",56478,"eukaryotic translation initiation factor 4E nuclear import factor 1"
"MASP1",5648,"mannan-binding lectin serine peptidase 1 (C4/C2 activating component of Ra-reactive factor)"
"RELN",5649,"reelin"
"KLK7",5650,"kallikrein-related peptidase 7"
"TMPRSS15",5651,"protease, serine, 7 (enterokinase)"
"DNAJC12",56521,"DnaJ (Hsp40) homolog, subfamily C, member 12"
"PRSS8",5652,"protease, serine, 8"
"KLK6",5653,"kallikrein-related peptidase 6"
"MMP26",56547,"matrix metallopeptidase 26"
"CHST7",56548,"carbohydrate (N-acetylglucosamine 6-O) sulfotransferase 7"
"HTRA1",5654,"HtrA serine peptidase 1"
"KLK10",5655,"kallikrein-related peptidase 10"
"PRTN3",5657,"proteinase 3 (serine proteinase, neutrophil, Wegener granulomatosis autoantigen)"
"CYP26B1",56603,"cytochrome P450, family 26, subfamily B, polypeptide 1"
"ERO1B",56605,"ERO1-like beta (S. cerevisiae)"
"SLC2A9",56606,"solute carrier family 2 (facilitated glucose transporter), member 9"
"PSAP",5660,"prosaposin (variant Gaucher disease and variant metachromatic leukodystrophy)"
"DIABLO",56616,"diablo homolog (Drosophila)"
"INPP5E",56623,"inositol polyphosphate-5-phosphatase, 72 kDa"
"PSD",5662,"pleckstrin and Sec7 domain containing"
"PSEN1",5663,"presenilin 1 (Alzheimer disease 3)"
"BCCIP",56647,"BRCA2 and CDKN1A interacting protein"
"EIF5A2",56648,"eukaryotic translation initiation factor 5A2"
"TMPRSS4",56649,"transmembrane protease, serine 4"
"PSEN2",5664,"presenilin 2 (Alzheimer disease 4)"
"CLDND1",56650,"claudin domain containing 1"
"TWNK",56652,"progressive external ophthalmoplegia 1"
"NPDC1",56654,"neural proliferation, differentiation and control, 1"
"KCNK13",56659,"potassium channel, subfamily K, member 13"
"KCNK12",56660,"potassium channel, subfamily K, member 12"
"MUC13",56667,"mucin 13, cell surface associated"
"AKIP1",56672,"chromosome 11 open reading frame 17"
"ASCL3",56676,"achaete-scute complex homolog 3 (Drosophila)"
"SAR1A",56681,"SAR1 gene homolog A (S. cerevisiae)"
"CFAP298",56683,"chromosome 21 open reading frame 59"
"PSG1",5669,"pregnancy specific beta-1-glycoprotein 1"
"AZU1",566,"azurocidin 1 (cationic antimicrobial protein 37)"
"PSG2",5670,"pregnancy specific beta-1-glycoprotein 2"
"PSG3",5671,"pregnancy specific beta-1-glycoprotein 3"
"RETN",56729,"resistin"
"PSG4",5672,"pregnancy specific beta-1-glycoprotein 4"
"SLC2A4RG",56731,"SLC2A4 regulator"
"PSG5",5673,"pregnancy specific beta-1-glycoprotein 5"
"PSG6",5675,"pregnancy specific beta-1-glycoprotein 6"
"PSG9",5678,"pregnancy specific beta-1-glycoprotein 9"
"B2M",567,"beta-2-microglobulin"
"PSG11",5680,"pregnancy specific beta-1-glycoprotein 11"
"PSKH1",5681,"protein serine kinase H1"
"ZC3HAV1",56829,"zinc finger CCCH-type, antiviral 1"
"PSMA1",5682,"proteasome (prosome, macropain) subunit, alpha type, 1"
"PSMA2",5683,"proteasome (prosome, macropain) subunit, alpha type, 2"
"SPHK2",56848,"sphingosine kinase 2"
"PSMA3",5684,"proteasome (prosome, macropain) subunit, alpha type, 3"
"EMC7",56851,"chromosome 15 open reading frame 24"
"PSMA4",5685,"proteasome (prosome, macropain) subunit, alpha type, 4"
"PSMA5",5686,"proteasome (prosome, macropain) subunit, alpha type, 5"
"PSMA6",5687,"proteasome (prosome, macropain) subunit, alpha type, 6"
"CDC42SE1",56882,"CDC42 small effector 1"
"UGGT1",56886,"UDP-glucose ceramide glucosyltransferase-like 1"
"KCMF1",56888,"potassium channel modulatory factor 1"
"PSMA7",5688,"proteasome (prosome, macropain) subunit, alpha type, 7"
"TCIM",56892,"chromosome 8 open reading frame 4"
"AGPAT3",56894,"1-acylglycerol-3-phosphate O-acyltransferase 3"
"AGPAT4",56895,"1-acylglycerol-3-phosphate O-acyltransferase 4 (lysophosphatidic acid acyltransferase, delta)"
"BDH2",56898,"3-hydroxybutyrate dehydrogenase, type 2"
"PSMB1",5689,"proteasome (prosome, macropain) subunit, beta type, 1"
"NDUFA4L2",56901,"NADH dehydrogenase (ubiquinone) 1 alpha subcomplex, 4-like 2"
"PNO1",56902,"partner of NOB1 homolog (S. cerevisiae)"
"PAPOLB",56903,"poly(A) polymerase beta (testis specific)"
"SH3GLB2",56904,"SH3-domain GRB2-like endophilin B2"
"PSMB2",5690,"proteasome (prosome, macropain) subunit, beta type, 2"
"STARD7",56910,"StAR-related lipid transfer (START) domain containing 7"
"IFT46",56912,"chromosome 11 open reading frame 60"
"C1GALT1",56913,"core 1 synthase, glycoprotein-N-acetylgalactosamine 3-beta-galactosyltransferase, 1"
"EXOSC5",56915,"exosome component 5"
"PSMB3",5691,"proteasome (prosome, macropain) subunit, beta type, 3"
"SEMA3G",56920,"sema domain, immunoglobulin domain (Ig), short basic domain, secreted, (semaphorin) 3G"
"MCCC1",56922,"methylcrotonoyl-Coenzyme A carboxylase 1 (alpha)"
"PAK6",56924,"p21(CDKN1A)-activated kinase 6"
"LXN",56925,"latexin"
"NCLN",56926,"nicalin homolog (zebrafish)"
"SPPL2B",56928,"signal peptide peptidase-like 2B"
"FEM1C",56929,"fem-1 homolog c (C. elegans)"
"PSMB4",5692,"proteasome (prosome, macropain) subunit, beta type, 4"
"CA10",56934,"carbonic anhydrase X"
"PMEPA1",56937,"transmembrane, prostate androgen induced RNA"
"BMAL2",56938,"aryl hydrocarbon receptor nuclear translocator-like 2"
"PSMB5",5693,"proteasome (prosome, macropain) subunit, beta type, 5"
"DUSP22",56940,"dual specificity phosphatase 22"
"CMC2",56942,"chromosome 16 open reading frame 61"
"ENY2",56943,"enhancer of yellow 2 homolog (Drosophila)"
"MRPS22",56945,"mitochondrial ribosomal protein S22"
"EMSY",56946,"chromosome 11 open reading frame 30"
"MFF",56947,"chromosome 2 open reading frame 33"
"XAB2",56949,"XPA binding protein 2"
"PSMB6",5694,"proteasome (prosome, macropain) subunit, beta type, 6"
"SMYD2",56950,"SET and MYND domain containing 2"
"NT5M",56953,"5',3'-nucleotidase, mitochondrial"
"NIT2",56954,"nitrilase family, member 2"
"MEPE",56955,"matrix, extracellular phosphoglycoprotein with ASARM motif (bone)"
"OTUD7B",56957,"OTU domain containing 7B"
"PSMB7",5695,"proteasome (prosome, macropain) subunit, beta type, 7"
"PARP6",56965,"poly (ADP-ribose) polymerase family, member 6"
"PSMB8",5696,"proteasome (prosome, macropain) subunit, beta type, 8 (large multifunctional peptidase 7)"
"PRDM9",56979,"PR domain containing 9"
"PYY",5697,"peptide YY"
"POGLUT1",56983,"KTEL (Lys-Tyr-Glu-Leu) containing 1"
"PSMG2",56984,"tumor necrosis factor superfamily, member 5-induced protein 1"
"ADPRM",56985,"chromosome 17 open reading frame 48"
"DTWD1",56986,"DTW domain containing 1"
"PSMB9",5698,"proteasome (prosome, macropain) subunit, beta type, 9 (large multifunctional peptidase 2)"
"KIF15",56992,"kinesin family member 15"
"TOMM22",56993,"translocase of outer mitochondrial membrane 22 homolog (yeast)"
"CHPT1",56994,"choline phosphotransferase 1"
"TULP4",56995,"tubby like protein 4"
"COQ8A",56997,"chaperone, ABC1 activity of bc1 complex homolog (S. pombe)"
"CTNNBIP1",56998,"catenin, beta interacting protein 1"
"PSMB10",5699,"proteasome (prosome, macropain) subunit, beta type, 10"
"ACRV1",56,"acrosomal vesicle protein 1"
"SDHAF3",57001,"ACN9 homolog (S. cerevisiae)"
"CCDC47",57003,"coiled-coil domain containing 47"
"ACKR3",57007,"chemokine (C-X-C motif) receptor 7"
"AKR1B10",57016,"aldo-keto reductase family 1, member B10 (aldose reductase)"
"COQ9",57017,"coenzyme Q9 homolog (S. cerevisiae)"
"CCNL1",57018,"cyclin L1"
"CIAPIN1",57019,"cytokine induced apoptosis inhibitor 1"
"PSMC2",5701,"proteasome (prosome, macropain) 26S subunit, ATPase, 2"
"VPS35L",57020,"esophageal cancer associated protein"
"PSMC3",5702,"proteasome (prosome, macropain) 26S subunit, ATPase, 3"
"SLC17A7",57030,"solute carrier family 17 (sodium-dependent inorganic phosphate cotransporter), member 7"
"RSRP1",57035,"chromosome 1 open reading frame 63"
"ANKMY2",57037,"ankyrin repeat and MYND domain containing 2"
"TWSG1",57045,"twisted gastrulation homolog 1 (Drosophila)"
"PSMC4",5704,"proteasome (prosome, macropain) 26S subunit, ATPase, 4"
"UTP3",57050,"UTP3, small subunit (SSU) processome component, homolog (S. cerevisiae)"
"CHRNA10",57053,"cholinergic receptor, nicotinic, alpha 10"
"PSMC5",5705,"proteasome (prosome, macropain) 26S subunit, ATPase, 5"
"PCBP4",57060,"poly(rC) binding protein 4"
"DDX24",57062,"DEAD (Asp-Glu-Ala-Asp) box polypeptide 24"
"PSMC6",5706,"proteasome (prosome, macropain) 26S subunit, ATPase, 6"
"PSMD1",5707,"proteasome (prosome, macropain) 26S subunit, non-ATPase, 1"
"SLC17A6",57084,"solute carrier family 17 (sodium-dependent inorganic phosphate cotransporter), member 6"
"PSMD2",5708,"proteasome (prosome, macropain) 26S subunit, non-ATPase, 2"
"CASS4",57091,"chromosome 20 open reading frame 32"
"RPGRIP1",57096,"retinitis pigmentosa GTPase regulator interacting protein 1"
"PARP11",57097,"poly (ADP-ribose) polymerase family, member 11"
"AVEN",57099,"apoptosis, caspase activation inhibitor"
"PSMD3",5709,"proteasome (prosome, macropain) 26S subunit, non-ATPase, 3"
"BAAT",570,"bile acid Coenzyme A: amino acid N-acyltransferase (glycine N-choloyltransferase)"
"ANO2",57101,"transmembrane protein 16B"
"TIGAR",57103,"chromosome 12 open reading frame 5"
"PNPLA2",57104,"patatin-like phospholipase domain containing 2"
"CYSLTR2",57105,"cysteinyl leukotriene receptor 2"
"PDSS2",57107,"prenyl (decaprenyl) diphosphate synthase, subunit 2"
"REXO4",57109,"REX4, RNA exonuclease 4 homolog (S. cerevisiae)"
"PSMD4",5710,"proteasome (prosome, macropain) 26S subunit, non-ATPase, 4"
"PLAAT1",57110,"HRAS-like suppressor"
"RAB25",57111,"RAB25, member RAS oncogene family"
"TRPC7",57113,"transient receptor potential cation channel, subfamily C, member 7"
"INTS12",57117,"integrator complex subunit 12"
"CAMK1D",57118,"calcium/calmodulin-dependent protein kinase ID"
"EPPIN",57119,"serine peptidase inhibitor-like, with Kunitz and WAP domains 1 (eppin)"
"PSMD5",5711,"proteasome (prosome, macropain) 26S subunit, non-ATPase, 5"
"NUP107",57122,"nucleoporin 107kDa"
"CD248",57124,"CD248 molecule, endosialin"
"PLXDC1",57125,"plexin domain containing 1"
"CD177",57126,"CD177 molecule"
"LYRM4",57128,"LYR motif containing 4"
"CHMP1B",57132,"chromatin modifying protein 1B"
"MAN1C1",57134,"mannosidase, alpha, class 1C, member 1"
"APMAP",57136,"chromosome 20 open reading frame 3"
"PSMD7",5713,"proteasome (prosome, macropain) 26S subunit, non-ATPase, 7"
"RNPEPL1",57140,"arginyl aminopeptidase (aminopeptidase B)-like 1"
"RTN4",57142,"reticulon 4"
"PAK5",57144,"p21(CDKN1A)-activated kinase 7"
"SCYL3",57147,"SCY1-like 3 (S. cerevisiae)"
"RALGAPB",57148,"KIAA1219"
"LYRM1",57149,"LYR motif containing 1"
"PSMD8",5714,"proteasome (prosome, macropain) 26S subunit, non-ATPase, 8"
"SLURP1",57152,"secreted LY6/PLAUR domain containing 1"
"SMURF1",57154,"SMAD specific E3 ubiquitin protein ligase 1"
"JPH2",57158,"junctophilin 2"
"PSMD9",5715,"proteasome (prosome, macropain) 26S subunit, non-ATPase, 9"
"PELI2",57161,"pellino homolog 2 (Drosophila)"
"PELI1",57162,"pellino homolog 1 (Drosophila)"
"GJC2",57165,"gap junction protein, alpha 12, 47kDa"
"PSMD10",5716,"proteasome (prosome, macropain) 26S subunit, non-ATPase, 10"
"DOLPP1",57171,"dolichyl pyrophosphate phosphatase 1"
"CAMK1G",57172,"calcium/calmodulin-dependent protein kinase IG"
"CORO1B",57175,"coronin, actin binding protein, 1B"
"ZMIZ1",57178,"zinc finger, MIZ-type containing 1"
"PSMD11",5717,"proteasome (prosome, macropain) 26S subunit, non-ATPase, 11"
"ACTR3B",57180,"ARP3 actin-related protein 3 homolog B (yeast)"
"NIPAL3",57185,"NIPA-like domain containing 3"
"THOC2",57187,"THO complex 2"
"ADAMTSL3",57188,"ADAMTS-like 3"
"PSMD12",5718,"proteasome (prosome, macropain) 26S subunit, non-ATPase, 12"
"VN1R1",57191,"vomeronasal 1 receptor 1"
"MCOLN1",57192,"mucolipin 1"
"ATP10A",57194,"ATPase, Class V, type 10A"
"ATP8B2",57198,"ATPase, Class I, type 8B, member 2"
"PSMD13",5719,"proteasome (prosome, macropain) 26S subunit, non-ATPase, 13"
"BACH1",571,"BTB and CNC homology 1, basic leucine zipper transcription factor 1"
"ATP10D",57205,"ATPase, Class V, type 10D"
"PSME1",5720,"proteasome (prosome, macropain) activator subunit 1 (PA28 alpha)"
"ADGRG6",57211,"G protein-coupled receptor 126"
"THAP11",57215,"THAP domain containing 11"
"PSME2",5721,"proteasome (prosome, macropain) activator subunit 2 (PA28 beta)"
"LYRM2",57226,"LYR motif containing 2"
"PSPH",5723,"phosphoserine phosphatase"
"PTAFR",5724,"platelet-activating factor receptor"
"PTBP1",5725,"polypyrimidine tract binding protein 1"
"PTCH1",5727,"patched homolog 1 (Drosophila)"
"PTEN",5728,"phosphatase and tensin homolog (mutated in multiple advanced cancers 1)"
"PTGDR",5729,"prostaglandin D2 receptor (DP)"
"BAD",572,"BCL2-antagonist of cell death"
"PTGDS",5730,"prostaglandin D2 synthase 21kDa (brain)"
"PTGER1",5731,"prostaglandin E receptor 1 (subtype EP1), 42kDa"
"PTGER2",5732,"prostaglandin E receptor 2 (subtype EP2), 53kDa"
"CBX8",57332,"chromobox homolog 8 (Pc class homolog, Drosophila)"
"SENP7",57337,"SUMO1/sentrin specific peptidase 7"
"JPH3",57338,"junctophilin 3"
"PTGER3",5733,"prostaglandin E receptor 3 (subtype EP3)"
"ZNF304",57343,"zinc finger protein 304"
"PTGER4",5734,"prostaglandin E receptor 4 (subtype EP4)"
"GJD2",57369,"gap junction protein, alpha 9, 36kDa"
"AICDA",57379,"activation-induced cytidine deaminase"
"PTGFR",5737,"prostaglandin F receptor (FP)"
"MRS2",57380,"MRS2-like, magnesium homeostasis factor (S. cerevisiae)"
"CLK4",57396,"CDC-like kinase 4"
"PTGIR",5739,"prostaglandin I2 (prostacyclin) receptor (IP)"
"BAG1",573,"BCL2-associated athanogene"
"RAB22A",57403,"RAB22A, member RAS oncogene family"
"SPC25",57405,"SPC25, NDC80 kinetochore complex component, homolog (S. cerevisiae)"
"ABHD6",57406,"abhydrolase domain containing 6"
"PTGIS",5740,"prostaglandin I2 (prostacyclin) synthase"
"WDR18",57418,"WD repeat domain 18"
"PTH",5741,"parathyroid hormone"
"PTGS1",5742,"prostaglandin-endoperoxide synthase 1 (prostaglandin G/H synthase and cyclooxygenase)"
"PTGS2",5743,"prostaglandin-endoperoxide synthase 2 (prostaglandin G/H synthase and cyclooxygenase)"
"NDRG3",57446,"NDRG family member 3"
"NDRG2",57447,"NDRG family member 2"
"PTHLH",5744,"parathyroid hormone-like hormone"
"PTH1R",5745,"parathyroid hormone receptor 1"
"SCAF4",57466,"splicing factor, arginine/serine-rich 15"
"SLC12A5",57468,"solute carrier family 12, (potassium-chloride transporter) member 5"
"PTH2R",5746,"parathyroid hormone 2 receptor"
"LRRC47",57470,"leucine rich repeat containing 47"
"CNOT6",57472,"CCR4-NOT transcription complex, subunit 6"
"ZNF512B",57473,"zinc finger protein 512B"
"PTK2",5747,"PTK2 protein tyrosine kinase 2"
"HEG1",57493,"HEG homolog 1 (zebrafish)"
"MRTFB",57496,"MKL/myocardin-like 2"
"KIDINS220",57498,"kinase D-interacting substrate of 220 kDa"
"NLGN4X",57502,"neuroligin 4, X-linked"
"MTUS1",57509,"mitochondrial tumor suppressor 1"
"ALPK3",57538,"alpha-kinase 3"
"PTK6",5753,"PTK6 protein tyrosine kinase 6"
"PTK7",5754,"PTK7 protein tyrosine kinase 7"
"MICAL3",57553,"microtubule associated monoxygenase, calponin and LIM domain containing 3"
"SEMA6A",57556,"sema domain, transmembrane domain (TM), and cytoplasmic domain, (semaphorin) 6A"
"TRMT5",57570,"TRM5 tRNA methyltransferase 5 homolog (S. cerevisiae)"
"DOCK6",57572,"dedicator of cytokinesis 6"
"KIF17",57576,"kinesin family member 17"
"PTMA",5757,"prothymosin, alpha (gene sequence 28)"
"SYT13",57586,"synaptotagmin XIII"
"MRTFA",57591,"megakaryoblastic leukemia (translocation) 1"
"BEGAIN",57596,"brain-enriched guanylate kinase-associated homolog (rat)"
"BAHCC1",57597,"BAH domain and coiled-coil containing 1"
"WDR48",57599,"WD repeat domain 48"
"ADGRB1",575,"brain-specific angiogenesis inhibitor 1"
"USP36",57602,"ubiquitin specific peptidase 36"
"TRMT9B",57604,"chromosome 8 open reading frame 79"
"RANBP10",57610,"RAN binding protein 10"
"KLHL1",57626,"kelch-like 1 (Drosophila)"
"EP400",57634,"E1A binding protein p400"
"PTMS",5763,"parathymosin"
"PTN",5764,"pleiotrophin (heparin binding growth factor 8, neurite growth-promoting factor 1)"
"CALCOCO1",57658,"calcium binding and coiled-coil domain 1"
"PLEKHA4",57664,"pleckstrin homology domain containing, family A (phosphoinositide binding specific) member 4"
"EPB41L5",57669,"erythrocyte membrane protein band 4.1 like 5"
"CHD8",57680,"chromodomain helicase DNA binding protein 8"
"QSOX1",5768,"quiescin Q6 sulfhydryl oxidase 1"
"SHTN1",57698,"KIAA1598"
"ADGRB2",576,"brain-specific angiogenesis inhibitor 2"
"DENND1A",57706,"DENN/MADD domain containing 1A"
"MEAK7",57707,"KIAA1609"
"PTPN1",5770,"protein tyrosine phosphatase, non-receptor type 1"
"KIAA1614",57710,"KIAA1614"
"SEMA4G",57715,"sema domain, immunoglobulin domain (Ig), transmembrane domain (TM) and short cytoplasmic domain, (semaphorin) 4G"
"PRX",57716,"periaxin"
"PPP4R4",57718,"KIAA1622"
"PTPN2",5771,"protein tyrosine phosphatase, non-receptor type 2"
"GPR107",57720,"G protein-coupled receptor 107"
"WDR19",57728,"WD repeat domain 19"
"SPTBN4",57731,"spectrin, beta, non-erythrocytic 4"
"PTPN3",5774,"protein tyrosine phosphatase, non-receptor type 3"
"SCUBE2",57758,"signal peptide, CUB domain, EGF-like 2"
"PTPN4",5775,"protein tyrosine phosphatase, non-receptor type 4 (megakaryocyte)"
"TRIB3",57761,"tribbles homolog 3 (Drosophila)"
"ANKRA2",57763,"ankyrin repeat, family A (RFXANK-like), 2"
"PTPN6",5777,"protein tyrosine phosphatase, non-receptor type 6"
"MARK4",57787,"MAP/microtubule affinity-regulating kinase 4"
"PTPN7",5778,"protein tyrosine phosphatase, non-receptor type 7"
"SUGP1",57794,"splicing factor 4"
"GATAD1",57798,"GATA zinc finger domain containing 1"
"RAB40C",57799,"RAB40C, member RAS oncogene family"
"ADGRB3",577,"brain-specific angiogenesis inhibitor 3"
"POLD4",57804,"polymerase (DNA-directed), delta 4"
"PTPN9",5780,"protein tyrosine phosphatase, non-receptor type 9"
"HAMP",57817,"hepcidin antimicrobial peptide"
"G6PC2",57818,"glucose-6-phosphatase, catalytic, 2"
"LSM2",57819,"LSM2 homolog, U6 small nuclear RNA associated (S. cerevisiae)"
"PTPN11",5781,"protein tyrosine phosphatase, non-receptor type 11 (Noonan syndrome 1)"
"CCNB1IP1",57820,"cyclin B1 interacting protein 1"
"SLAMF7",57823,"SLAM family member 7"
"RAP2C",57826,"RAP2C, member of RAS oncogene family"
"CATSPERG",57828,"chromosome 19 open reading frame 15"
"PTPN12",5782,"protein tyrosine phosphatase, non-receptor type 12"
"CYP4F11",57834,"cytochrome P450, family 4, subfamily F, polypeptide 11"
"SLC4A5",57835,"solute carrier family 4, sodium bicarbonate cotransporter, member 5"
"PTPN13",5783,"protein tyrosine phosphatase, non-receptor type 13 (APO-1/CD95 (Fas)-associated phosphatase)"
"PTPN14",5784,"protein tyrosine phosphatase, non-receptor type 14"
"CADM3",57863,"cell adhesion molecule 3"
"PTPRA",5786,"protein tyrosine phosphatase, receptor type, A"
"PTPRB",5787,"protein tyrosine phosphatase, receptor type, B"
"PTPRC",5788,"protein tyrosine phosphatase, receptor type, C"
"PTPRD",5789,"protein tyrosine phosphatase, receptor type, D"
"BAK1",578,"BCL2-antagonist/killer 1"
"PTPRCAP",5790,"protein tyrosine phosphatase, receptor type, C-associated protein"
"PTPRE",5791,"protein tyrosine phosphatase, receptor type, E"
"PTPRF",5792,"protein tyrosine phosphatase, receptor type, F"
"PTPRG",5793,"protein tyrosine phosphatase, receptor type, G"
"PTPRH",5794,"protein tyrosine phosphatase, receptor type, H"
"PTPRJ",5795,"protein tyrosine phosphatase, receptor type, J"
"PTPRK",5796,"protein tyrosine phosphatase, receptor type, K"
"PTPRM",5797,"protein tyrosine phosphatase, receptor type, M"
"PTPRN",5798,"protein tyrosine phosphatase, receptor type, N"
"PTPRN2",5799,"protein tyrosine phosphatase, receptor type, N polypeptide 2"
"NKX3-2",579,"NK3 homeobox 2"
"PTPRR",5801,"protein tyrosine phosphatase, receptor type, R"
"PTPRS",5802,"protein tyrosine phosphatase, receptor type, S"
"PTPRZ1",5803,"protein tyrosine phosphatase, receptor-type, Z polypeptide 1"
"PTS",5805,"6-pyruvoyltetrahydropterin synthase"
"PTX3",5806,"pentraxin-related gene, rapidly induced by IL-1 beta"
"BARD1",580,"BRCA1 associated RING domain 1"
"RAD1",5810,"RAD1 homolog (S. pombe)"
"PURA",5813,"purine-rich element binding protein A"
"PTBP2",58155,"polypyrimidine tract binding protein 2"
"NGB",58157,"neuroglobin"
"NEUROD4",58158,"neurogenic differentiation 4"
"PVALB",5816,"parvalbumin"
"PVR",5817,"poliovirus receptor"
"NECTIN1",5818,"poliovirus receptor-related 1 (herpesvirus entry mediator C)"
"CTDSP1",58190,"CTD (carboxy-terminal domain, RNA polymerase II, polypeptide A) small phosphatase 1"
"NECTIN2",5819,"poliovirus receptor-related 2 (herpesvirus entry mediator B)"
"BAX",581,"BCL2-associated X protein"
"PWP2",5822,"PWP2 periodic tryptophan protein homolog (yeast)"
"PEX19",5824,"peroxisomal biogenesis factor 19"
"ABCD3",5825,"ATP-binding cassette, sub-family D (ALD), member 3"
"ABCD4",5826,"ATP-binding cassette, sub-family D (ALD), member 4"
"PXMP2",5827,"peroxisomal membrane protein 2, 22kDa"
"PEX2",5828,"peroxisomal membrane protein 3, 35kDa (Zellweger syndrome)"
"PXN",5829,"paxillin"
"BBS1",582,"Bardet-Biedl syndrome 1"
"PEX5",5830,"peroxisomal biogenesis factor 5"
"PYCR1",5831,"pyrroline-5-carboxylate reductase 1"
"ALDH18A1",5832,"aldehyde dehydrogenase 18 family, member A1"
"PCYT2",5833,"phosphate cytidylyltransferase 2, ethanolamine"
"PYGB",5834,"phosphorylase, glycogen; brain"
"PYGL",5836,"phosphorylase, glycogen; liver (Hers disease, glycogen storage disease type VI)"
"PYGM",5837,"phosphorylase, glycogen; muscle (McArdle syndrome, glycogen storage disease type V)"
"SQOR",58472,"sulfide quinone reductase-like (yeast)"
"SRPRB",58477,"signal recognition particle receptor, B subunit"
"ENOPH1",58478,"enolase-phosphatase 1"
"CREBZF",58487,"CREB/ATF bZIP transcription factor"
"PCTP",58488,"phosphatidylcholine transfer protein"
"JAM2",58494,"junctional adhesion molecule 2"
"OVOL2",58495,"ovo-like 2 (Drosophila)"
"PRUNE1",58497,"prune homolog (Drosophila)"
"MYL7",58498,"myosin, light chain 7, regulatory"
"ZNF250",58500,"zinc finger protein 250"
"OPRPN",58503,"proline rich, lacrimal 1"
"ARHGAP22",58504,"Rho GTPase activating protein 22"
"CACTIN",58509,"chromosome 19 open reading frame 29"
"PRODH2",58510,"proline dehydrogenase (oxidase) 2"
"DNASE2B",58511,"deoxyribonuclease II beta"
"EPS15L1",58513,"epidermal growth factor receptor pathway substrate 15-like 1"
"RBM25",58517,"RNA binding motif protein 25"
"WIZ",58525,"widely interspaced zinc finger motifs"
"MID1IP1",58526,"MID1 interacting protein 1 (gastrulation specific G12 homolog (zebrafish))"
"RRAGD",58528,"Ras-related GTP binding D"
"MYOZ1",58529,"myozenin 1"
"LY6G6D",58530,"lymphocyte antigen 6 complex, locus G6D"
"PZP",5858,"pregnancy-zone protein"
"QARS1",5859,"glutaminyl-tRNA synthetase"
"BBS4",585,"Bardet-Biedl syndrome 4"
"QDPR",5860,"quinoid dihydropteridine reductase"
"RAB1A",5861,"RAB1A, member RAS oncogene family"
"RAB2A",5862,"RAB2A, member RAS oncogene family"
"RGL2",5863,"ral guanine nucleotide dissociation stimulator-like 2"
"RAB3A",5864,"RAB3A, member RAS oncogene family"
"RAB3B",5865,"RAB3B, member RAS oncogene family"
"RAB3IL1",5866,"RAB3A interacting protein (rabin3)-like 1"
"RAB4A",5867,"RAB4A, member RAS oncogene family"
"RAB5A",5868,"RAB5A, member RAS oncogene family"
"RAB5B",5869,"RAB5B, member RAS oncogene family"
"BCAT1",586,"branched chain aminotransferase 1, cytosolic"
"RAB6A",5870,"RAB6A, member RAS oncogene family"
"MAP4K2",5871,"mitogen-activated protein kinase kinase kinase kinase 2"
"RAB27A",5873,"RAB27A, member RAS oncogene family"
"RAB27B",5874,"RAB27B, member RAS oncogene family"
"RABGGTA",5875,"Rab geranylgeranyltransferase, alpha subunit"
"RABGGTB",5876,"Rab geranylgeranyltransferase, beta subunit"
"RABIF",5877,"RAB interacting factor"
"RAB5C",5878,"RAB5C, member RAS oncogene family"
"RAC1",5879,"ras-related C3 botulinum toxin substrate 1 (rho family, small GTP binding protein Rac1)"
"BCAT2",587,"branched chain aminotransferase 2, mitochondrial"
"RAC2",5880,"ras-related C3 botulinum toxin substrate 2 (rho family, small GTP binding protein Rac2)"
"RAC3",5881,"ras-related C3 botulinum toxin substrate 3 (rho family, small GTP binding protein Rac3)"
"RAD9A",5883,"RAD9 homolog A (S. pombe)"
"RAD17",5884,"RAD17 homolog (S. pombe)"
"RAD21",5885,"RAD21 homolog (S. pombe)"
"RAD23A",5886,"RAD23 homolog A (S. cerevisiae)"
"RAD23B",5887,"RAD23 homolog B (S. cerevisiae)"
"RAD51",5888,"RAD51 homolog (RecA homolog, E. coli) (S. cerevisiae)"
"RAD51C",5889,"RAD51 homolog C (S. cerevisiae)"
"RAD51B",5890,"RAD51-like 1 (S. cerevisiae)"
"MOK",5891,"renal tumor antigen"
"RAD51D",5892,"RAD51-like 3 (S. cerevisiae)"
"RAD52",5893,"RAD52 homolog (S. cerevisiae)"
"RAF1",5894,"v-raf-1 murine leukemia viral oncogene homolog 1"
"RAG1",5896,"recombination activating gene 1"
"RAG2",5897,"recombination activating gene 2"
"IL22RA1",58985,"interleukin 22 receptor, alpha 1"
"RALA",5898,"v-ral simian leukemia viral oncogene homolog A (ras related)"
"RALB",5899,"v-ral simian leukemia viral oncogene homolog B (ras related; GTP binding protein)"
"ACTA1",58,"actin, alpha 1, skeletal muscle"
"RALGDS",5900,"ral guanine nucleotide dissociation stimulator"
"RANBP1",5902,"RAN binding protein 1"
"RANBP2",5903,"RAN binding protein 2"
"RANGAP1",5905,"Ran GTPase activating protein 1"
"IL21",59067,"interleukin 21"
"RAP1A",5906,"RAP1A, member of RAS oncogene family"
"RAP1GAP",5909,"RAP1 GTPase activating protein"
"BCHE",590,"butyrylcholinesterase"
"RAP1GDS1",5910,"RAP1, GTP-GDP dissociation stimulator 1"
"RAP2A",5911,"RAP2A, member of RAS oncogene family"
"RAP2B",5912,"RAP2B, member of RAS oncogene family"
"RAPSN",5913,"receptor-associated protein of the synapse"
"RARA",5914,"retinoic acid receptor, alpha"
"RARB",5915,"retinoic acid receptor, beta"
"RARG",5916,"retinoic acid receptor, gamma"
"RARS1",5917,"arginyl-tRNA synthetase"
"RARRES2",5919,"retinoic acid receptor responder (tazarotene induced) 2"
"PLAAT4",5920,"retinoic acid receptor responder (tazarotene induced) 3"
"RASA1",5921,"RAS p21 protein activator (GTPase activating protein) 1"
"RASA2",5922,"RAS p21 protein activator 2"
"RASGRF1",5923,"Ras protein-specific guanine nucleotide-releasing factor 1"
"RB1",5925,"retinoblastoma 1 (including osteosarcoma)"
"HIVEP3",59269,"human immunodeficiency virus type I enhancer binding protein 3"
"ARID4A",5926,"AT rich interactive domain 4A (RBP1-like)"
"ACE2",59272,"angiotensin I converting enzyme (peptidyl-dipeptidase A) 2"
"KDM5A",5927,"jumonji, AT rich interactive domain 1A"
"RBBP4",5928,"retinoblastoma binding protein 4"
"RBBP5",5929,"retinoblastoma binding protein 5"
"SIGIRR",59307,"single immunoglobulin and toll-interleukin 1 receptor (TIR) domain"
"RBBP6",5930,"retinoblastoma binding protein 6"
"RBBP7",5931,"retinoblastoma binding protein 7"
"RBBP8",5932,"retinoblastoma binding protein 8"
"PLEKHA1",59338,"pleckstrin homology domain containing, family A (phosphoinositide binding specific) member 1"
"HRH4",59340,"histamine receptor H4"
"TRPV4",59341,"transient receptor potential cation channel, subfamily V, member 4"
"SENP2",59343,"SUMO1/sentrin/SMT3 specific peptidase 2"
"ALOXE3",59344,"arachidonate lipoxygenase 3"
"ZNF350",59348,"zinc finger protein 350"
"KLHL12",59349,"kelch-like 12 (Drosophila)"
"RBL2",5934,"retinoblastoma-like 2 (p130)"
"RBM3",5935,"RNA binding motif (RNP1, RRM) protein 3"
"RBM4",5936,"RNA binding motif protein 4"
"RBMS1",5937,"RNA binding motif, single stranded interacting protein 1"
"RBMS2",5939,"RNA binding motif, single stranded interacting protein 2"
"BCKDHA",593,"branched chain keto acid dehydrogenase E1, alpha polypeptide"
"RBP1",5947,"retinol binding protein 1, cellular"
"CPLX3",594855,"complexin 3"
"RBP3",5949,"retinol binding protein 3, interstitial"
"BCKDHB",594,"branched chain keto acid dehydrogenase E1, beta polypeptide (maple syrup urine disease)"
"RBP4",5950,"retinol binding protein 4, plasma"
"RCN1",5954,"reticulocalbin 1, EF-hand calcium binding domain"
"RCN2",5955,"reticulocalbin 2, EF-hand calcium binding domain"
"RCVRN",5957,"recoverin"
"RDH5",5959,"retinol dehydrogenase 5 (11-cis/9-cis)"
"CCND1",595,"cyclin D1"
"PRPH2",5961,"peripherin 2 (retinal degeneration, slow)"
"RDX",5962,"radixin"
"RECQL",5965,"RecQ protein-like (DNA helicase Q1-like)"
"REL",5966,"v-rel reticuloendotheliosis viral oncogene homolog (avian)"
"REG1A",5967,"regenerating islet-derived 1 alpha (pancreatic stone protein, pancreatic thread protein)"
"REG1B",5968,"regenerating islet-derived 1 beta (pancreatic stone protein, pancreatic thread protein)"
"BCL2",596,"B-cell CLL/lymphoma 2"
"RELA",5970,"v-rel reticuloendotheliosis viral oncogene homolog A, nuclear factor of kappa light polypeptide gene enhancer in B-cells 3, p65 (avian)"
"RELB",5971,"v-rel reticuloendotheliosis viral oncogene homolog B, nuclear factor of kappa light polypeptide gene enhancer in B-cells 3 (avian)"
"REN",5972,"renin"
"RENBP",5973,"renin binding protein"
"UPF1",5976,"UPF1 regulator of nonsense transcripts homolog (yeast)"
"DPF2",5977,"D4, zinc and double PHD fingers family 2"
"REST",5978,"RE1-silencing transcription factor"
"RET",5979,"ret proto-oncogene"
"BCL2A1",597,"BCL2-related protein A1"
"REV3L",5980,"REV3-like, catalytic subunit of DNA polymerase zeta (yeast)"
"RFC1",5981,"replication factor C (activator 1) 1, 145kDa"
"RFC2",5982,"replication factor C (activator 1) 2, 40kDa"
"RFC3",5983,"replication factor C (activator 1) 3, 38kDa"
"RFC4",5984,"replication factor C (activator 1) 4, 37kDa"
"RFC5",5985,"replication factor C (activator 1) 5, 36.5kDa"
"RFNG",5986,"RFNG O-fucosylpeptide 3-beta-N-acetylglucosaminyltransferase"
"TRIM27",5987,"tripartite motif-containing 27"
"RFPL1",5988,"ret finger protein-like 1"
"RFX1",5989,"regulatory factor X, 1 (influences HLA class II expression)"
"BCL2L1",598,"BCL2-like 1"
"RFX2",5990,"regulatory factor X, 2 (influences HLA class II expression)"
"RFX3",5991,"regulatory factor X, 3 (influences HLA class II expression)"
"RFX5",5993,"regulatory factor X, 5 (influences HLA class II expression)"
"RFXAP",5994,"regulatory factor X-associated protein"
"RGR",5995,"retinal G protein coupled receptor"
"RGS1",5996,"regulator of G-protein signaling 1"
"RGS2",5997,"regulator of G-protein signaling 2, 24kDa"
"RGS3",5998,"regulator of G-protein signaling 3"
"RGS4",5999,"regulator of G-protein signaling 4"
"BCL2L2",599,"BCL2-like 2"
"ACTA2",59,"actin, alpha 2, smooth muscle, aorta"
"RGS7",6000,"regulator of G-protein signaling 7"
"RGS10",6001,"regulator of G-protein signaling 10"
"RGS12",6002,"regulator of G-protein signaling 12"
"RGS13",6003,"regulator of G-protein signaling 13"
"RGS16",6004,"regulator of G-protein signaling 16"
"RHAG",6005,"Rh-associated glycoprotein"
"RHCE",6006,"Rh blood group, CcEe antigens"
"RHD",6007,"Rh blood group, D antigen"
"RHEB",6009,"Ras homolog enriched in brain"
"RHO",6010,"rhodopsin (opsin 2, rod pigment) (retinitis pigmentosa 4, autosomal dominant)"
"RLN1",6013,"relaxin 1"
"RIT2",6014,"Ras-like without CAAX 2"
"RING1",6015,"ring finger protein 1"
"RIT1",6016,"Ras-like without CAAX 1"
"RLBP1",6017,"retinaldehyde binding protein 1"
"RLF",6018,"rearranged L-myc fusion"
"RLN2",6019,"relaxin 2"
"BCL3",602,"B-cell CLL/lymphoma 3"
"AFAP1",60312,"actin filament associated protein 1"
"GPBP1L1",60313,"GC-rich promoter binding protein 1-like 1"
"MYG1",60314,"chromosome 12 open reading frame 10"
"FAM3A",60343,"family with sequence similarity 3, member A"
"RNASE1",6035,"ribonuclease, RNase A family, 1 (pancreatic)"
"RNASE2",6036,"ribonuclease, RNase A family, 2 (liver, eosinophil-derived neurotoxin)"
"RNASE3",6037,"ribonuclease, RNase A family, 3 (eosinophil cationic protein)"
"TSKS",60385,"testis-specific kinase substrate"
"RNASE4",6038,"ribonuclease, RNase A family, 4"
"RNASE6",6039,"ribonuclease, RNase A family, k6"
"EDA2R",60401,"ectodysplasin A2 receptor"
"RNASEL",6041,"ribonuclease L (2',5'-oligoisoadenylate synthetase-dependent)"
"TGIF2",60436,"TGFB-induced factor homeobox 2"
"RNF2",6045,"ring finger protein 2"
"BACH2",60468,"BTB and CNC homology 1, basic leucine zipper transcription factor 2"
"BRD2",6046,"bromodomain containing 2"
"RNF4",6047,"ring finger protein 4"
"ELOVL5",60481,"ELOVL family member 5, elongation of long chain fatty acids (FEN1/Elo2, SUR4/Elo3-like, yeast)"
"SLC5A7",60482,"solute carrier family 5 (choline transporter), member 7"
"HAPLN2",60484,"hyaluronan and proteoglycan link protein 2"
"SAV1",60485,"salvador homolog 1 (Drosophila)"
"TRMT11",60487,"tRNA methyltransferase 11 homolog (S. cerevisiae)"
"MRPS35",60488,"mitochondrial ribosomal protein S35"
"APOBEC3G",60489,"apolipoprotein B mRNA editing enzyme, catalytic polypeptide-like 3G"
"RNF5",6048,"ring finger protein 5"
"PPCDC",60490,"phosphopantothenoylcysteine decarboxylase"
"NIF3L1",60491,"NIF3 NGG1 interacting factor 3-like 1 (S. pombe)"
"FASTKD5",60493,"FAST kinase domains 5"
"HPSE2",60495,"heparanase 2"
"AASDHPPT",60496,"aminoadipate-semialdehyde dehydrogenase-phosphopantetheinyl transferase"
"RNF6",6049,"ring finger protein (C3H2C3 type) 6"
"BCL6",604,"B-cell CLL/lymphoma 6 (zinc finger protein 51)"
"NYX",60506,"nyctalopin"
"RNH1",6050,"ribonuclease/angiogenin inhibitor 1"
"RNPEP",6051,"arginyl aminopeptidase (aminopeptidase B)"
"ELAC2",60528,"elaC homolog 2 (E. coli)"
"ALX4",60529,"aristaless-like homeobox 4"
"GUF1",60558,"GUF1 GTPase homolog (S. cerevisiae)"
"SPCS3",60559,"signal peptidase complex subunit 3 homolog (S. cerevisiae)"
"NAA35",60560,"MAK10 homolog, amino-acid N-acetyltransferase subunit, (S. cerevisiae)"
"RINT1",60561,"RAD50 interactor 1"
"KCNK15",60598,"potassium channel, subfamily K, member 15"
"ABCE1",6059,"ATP-binding cassette, sub-family E (OABP), member 1"
"BCL7A",605,"B-cell CLL/lymphoma 7A"
"DHX35",60625,"DEAH (Asp-Glu-Ala-His) box polypeptide 35"
"RIC8A",60626,"resistance to inhibitors of cholinesterase 8 homolog A (C. elegans)"
"MIIP",60672,"invasion inhibitory protein 45"
"ATG101",60673,"chromosome 12 open reading frame 44"
"PAPPA2",60676,"pappalysin 2"
"FKBP10",60681,"FK506 binding protein 10, 65 kDa"
"SMAP1",60682,"stromal membrane-associated protein 1"
"TRAPPC11",60684,"FLJ12716 protein"
"BCL9",607,"B-cell CLL/lymphoma 9"
"TNFRSF17",608,"tumor necrosis factor receptor superfamily, member 17"
"ROBO1",6091,"roundabout, axon guidance receptor, homolog 1 (Drosophila)"
"ROM1",6094,"retinal outer segment membrane protein 1"
"RORA",6095,"RAR-related orphan receptor A"
"RORB",6096,"RAR-related orphan receptor B"
"RORC",6097,"RAR-related orphan receptor C"
"ROS1",6098,"v-ros UR2 sarcoma virus oncogene homolog 1 (avian)"
"ACTB",60,"actin, beta"
"RP2",6102,"retinitis pigmentosa 2 (X-linked recessive)"
"RPGR",6103,"retinitis pigmentosa GTPase regulator"
"HCN2",610,"hyperpolarization activated cyclic nucleotide-gated potassium channel 2"
"RPA1",6117,"replication protein A1, 70kDa"
"RPA2",6118,"replication protein A2, 32kDa"
"RPA3",6119,"replication protein A3, 14kDa"
"OPN1SW",611,"opsin 1 (cone pigments), short-wave-sensitive (color blindness, tritan)"
"RPE",6120,"ribulose-5-phosphate-3-epimerase"
"RPE65",6121,"retinal pigment epithelium-specific protein 65kDa"
"RPL3",6122,"ribosomal protein L3"
"RPL3L",6123,"ribosomal protein L3-like"
"RPL4",6124,"ribosomal protein L4"
"RPL5",6125,"ribosomal protein L5"
"RPL8",6132,"ribosomal protein L8"
"RPL10",6134,"ribosomal protein L10"
"RPL11",6135,"ribosomal protein L11"
"RPL12",6136,"ribosomal protein L12"
"RPL13",6137,"ribosomal protein L13"
"RPL15",6138,"ribosomal protein L15"
"BCR",613,"breakpoint cluster region"
"RPL18",6141,"ribosomal protein L18"
"RPL19",6143,"ribosomal protein L19"
"RPL22",6146,"ribosomal protein L22"
"MRPL23",6150,"mitochondrial ribosomal protein L23"
"RPL24",6152,"ribosomal protein L24"
"RPL27",6155,"ribosomal protein L27"
"RPL30",6156,"ribosomal protein L30"
"RPL28",6158,"ribosomal protein L28"
"RPL35A",6165,"ribosomal protein L35a"
"RPL36AL",6166,"ribosomal protein L36a-like"
"RPL37",6167,"ribosomal protein L37"
"RPL37A",6168,"ribosomal protein L37a"
"RPL38",6169,"ribosomal protein L38"
"RPLP1",6176,"ribosomal protein, large, P1"
"BCS1L",617,"BCS1-like (yeast)"
"RPLP2",6181,"ribosomal protein, large, P2"
"MRPL12",6182,"mitochondrial ribosomal protein L12"
"MRPS12",6183,"mitochondrial ribosomal protein S12"
"RPN1",6184,"ribophorin I"
"RPN2",6185,"ribophorin II"
"RPS2",6187,"ribosomal protein S2"
"RPS3",6188,"ribosomal protein S3"
"RPS4X",6191,"ribosomal protein S4, X-linked"
"RPS4Y1",6192,"ribosomal protein S4, Y-linked 1"
"RPS5",6193,"ribosomal protein S5"
"RPS6",6194,"ribosomal protein S6"
"RPS6KA1",6195,"ribosomal protein S6 kinase, 90kDa, polypeptide 1"
"RPS6KA2",6196,"ribosomal protein S6 kinase, 90kDa, polypeptide 2"
"RPS6KA3",6197,"ribosomal protein S6 kinase, 90kDa, polypeptide 3"
"RPS6KB1",6198,"ribosomal protein S6 kinase, 70kDa, polypeptide 1"
"RPS6KB2",6199,"ribosomal protein S6 kinase, 70kDa, polypeptide 2"
"RPS9",6203,"ribosomal protein S9"
"RPS11",6205,"ribosomal protein S11"
"RPS13",6207,"ribosomal protein S13"
"RPS14",6208,"ribosomal protein S14"
"RPS16",6217,"ribosomal protein S16"
"RPS19",6223,"ribosomal protein S19"
"RPS20",6224,"ribosomal protein S20"
"RPS21",6227,"ribosomal protein S21"
"RPS23",6228,"ribosomal protein S23"
"RPS24",6229,"ribosomal protein S24"
"BDH1",622,"3-hydroxybutyrate dehydrogenase, type 1"
"RRAD",6236,"Ras-related associated with diabetes"
"RRAS",6237,"related RAS viral (r-ras) oncogene homolog"
"RRBP1",6238,"ribosome binding protein 1 homolog 180kDa (dog)"
"RREB1",6239,"ras responsive element binding protein 1"
"BDKRB1",623,"bradykinin receptor B1"
"RRM1",6240,"ribonucleotide reductase M1 polypeptide"
"RRM2",6241,"ribonucleotide reductase M2 polypeptide"
"RS1",6247,"retinoschisis (X-linked, juvenile) 1"
"CLIP1",6249,"CAP-GLY domain containing linker protein 1"
"BDKRB2",624,"bradykinin receptor B2"
"RSU1",6251,"Ras suppressor protein 1"
"RTN1",6252,"reticulon 1"
"RTN2",6253,"reticulon 2"
"RXRA",6256,"retinoid X receptor, alpha"
"RXRB",6257,"retinoid X receptor, beta"
"RXRG",6258,"retinoid X receptor, gamma"
"RYK",6259,"RYK receptor-like tyrosine kinase"
"RYR1",6261,"ryanodine receptor 1 (skeletal)"
"RYR2",6262,"ryanodine receptor 2 (cardiac)"
"RYR3",6263,"ryanodine receptor 3"
"S100A1",6271,"S100 calcium binding protein A1"
"SORT1",6272,"sortilin 1"
"S100A2",6273,"S100 calcium binding protein A2"
"S100A3",6274,"S100 calcium binding protein A3"
"S100A4",6275,"S100 calcium binding protein A4"
"S100A6",6277,"S100 calcium binding protein A6"
"S100A7",6278,"S100 calcium binding protein A7"
"S100A8",6279,"S100 calcium binding protein A8"
"BDNF",627,"brain-derived neurotrophic factor"
"S100A9",6280,"S100 calcium binding protein A9"
"S100A10",6281,"S100 calcium binding protein A10"
"S100A11",6282,"S100 calcium binding protein A11"
"S100A12",6283,"S100 calcium binding protein A12"
"S100A13",6284,"S100 calcium binding protein A13"
"S100B",6285,"S100 calcium binding protein B"
"S100P",6286,"S100 calcium binding protein P"
"SAA4",6291,"serum amyloid A4, constitutive"
"VPS52",6293,"vacuolar protein sorting 52 homolog (S. cerevisiae)"
"SAFB",6294,"scaffold attachment factor B"
"SAG",6295,"S-antigen; retina and pineal gland (arrestin)"
"ACSM3",6296,"acyl-CoA synthetase medium-chain family member 3"
"SALL2",6297,"sal-like 2 (Drosophila)"
"SALL1",6299,"sal-like 1 (Drosophila)"
"CFB",629,"complement factor B"
"MAPK12",6300,"mitogen-activated protein kinase 12"
"SARS1",6301,"seryl-tRNA synthetase"
"TSPAN31",6302,"tetraspanin 31"
"BCORL1",63035,"BCL6 co-repressor-like 1"
"CELA2A",63036,"elastase 2A"
"SAT1",6303,"spermidine/spermine N1-acetyltransferase 1"
"SATB1",6304,"SATB homeobox 1"
"SBF1",6305,"SET binding factor 1"
"MSMO1",6307,"sterol-C4-methyl oxidase-like"
"SC5D",6309,"sterol-C5-desaturase (ERG3 delta-5-desaturase homolog, S. cerevisiae)-like"
"ATXN1",6310,"ataxin 1"
"ATXN2",6311,"ataxin 2"
"ATXN7",6314,"ataxin 7"
"SERPINB3",6317,"serpin peptidase inhibitor, clade B (ovalbumin), member 3"
"SERPINB4",6318,"serpin peptidase inhibitor, clade B (ovalbumin), member 4"
"SCD",6319,"stearoyl-CoA desaturase (delta-9-desaturase)"
"BFSP1",631,"beaded filament structural protein 1, filensin"
"CLEC11A",6320,"C-type lectin domain family 11, member A"
"SCN1A",6323,"sodium channel, voltage-gated, type I, alpha subunit"
"SCN1B",6324,"sodium channel, voltage-gated, type I, beta"
"SCN2A",6326,"sodium channel, voltage-gated, type II, alpha subunit"
"SCN2B",6327,"sodium channel, voltage-gated, type II, beta"
"SCN3A",6328,"sodium channel, voltage-gated, type III, alpha subunit"
"SCN4A",6329,"sodium channel, voltage-gated, type IV, alpha subunit"
"BGLAP",632,"bone gamma-carboxyglutamate (gla) protein (osteocalcin)"
"SCN5A",6331,"sodium channel, voltage-gated, type V, alpha subunit"
"SCN7A",6332,"sodium channel, voltage-gated, type VII, alpha"
"SCN8A",6334,"sodium channel, voltage gated, type VIII, alpha subunit"
"SCN9A",6335,"sodium channel, voltage-gated, type IX, alpha subunit"
"SCN10A",6336,"sodium channel, voltage-gated, type X, alpha subunit"
"SCNN1A",6337,"sodium channel, nonvoltage-gated 1 alpha"
"SCNN1B",6338,"sodium channel, nonvoltage-gated 1, beta (Liddle syndrome)"
"SCNN1D",6339,"sodium channel, nonvoltage-gated 1, delta"
"BGN",633,"biglycan"
"SCP2",6342,"sterol carrier protein 2"
"SCT",6343,"secretin"
"SCTR",6344,"secretin receptor"
"CCL1",6346,"chemokine (C-C motif) ligand 1"
"CCL2",6347,"chemokine (C-C motif) ligand 2"
"CEACAM1",634,"carcinoembryonic antigen-related cell adhesion molecule 1 (biliary glycoprotein)"
"CCL4",6351,"chemokine (C-C motif) ligand 4"
"CCL5",6352,"chemokine (C-C motif) ligand 5"
"CCL7",6354,"chemokine (C-C motif) ligand 7"
"CCL8",6355,"chemokine (C-C motif) ligand 8"
"CCL11",6356,"chemokine (C-C motif) ligand 11"
"CCL13",6357,"chemokine (C-C motif) ligand 13"
"CCL14",6358,"chemokine (C-C motif) ligand 14"
"CCL15",6359,"chemokine (C-C motif) ligand 15"
"BHMT",635,"betaine-homocysteine methyltransferase"
"CCL16",6360,"chemokine (C-C motif) ligand 16"
"CCL17",6361,"chemokine (C-C motif) ligand 17"
"CCL18",6362,"chemokine (C-C motif) ligand 18 (pulmonary and activation-regulated)"
"CCL19",6363,"chemokine (C-C motif) ligand 19"
"CCL20",6364,"chemokine (C-C motif) ligand 20"
"CCL21",6366,"chemokine (C-C motif) ligand 21"
"CCL22",6367,"chemokine (C-C motif) ligand 22"
"CCL23",6368,"chemokine (C-C motif) ligand 23"
"CCL24",6369,"chemokine (C-C motif) ligand 24"
"BICD1",636,"bicaudal D homolog 1 (Drosophila)"
"CCL25",6370,"chemokine (C-C motif) ligand 25"
"CXCL6",6372,"chemokine (C-X-C motif) ligand 6 (granulocyte chemotactic protein 2)"
"CXCL11",6373,"chemokine (C-X-C motif) ligand 11"
"CXCL5",6374,"chemokine (C-X-C motif) ligand 5"
"XCL1",6375,"chemokine (C motif) ligand 1"
"CX3CL1",6376,"chemokine (C-X3-C motif) ligand 1"
"BID",637,"BH3 interacting domain death agonist"
"SRR",63826,"serine racemase"
"BCAN",63827,"brevican"
"SDC1",6382,"syndecan 1"
"SDC2",6383,"syndecan 2"
"SDC4",6385,"syndecan 4"
"SDCBP",6386,"syndecan binding protein (syntenin)"
"ABHD4",63874,"abhydrolase domain containing 4"
"MRPL17",63875,"mitochondrial ribosomal protein L17"
"PKNOX2",63876,"PBX/knotted 1 homeobox 2"
"CXCL12",6387,"chemokine (C-X-C motif) ligand 12 (stromal cell-derived factor 1)"
"SDF2",6388,"stromal cell-derived factor 2"
"RNF123",63891,"ring finger protein 123"
"THADA",63892,"thyroid adenoma associated"
"UBE2O",63893,"ubiquitin-conjugating enzyme E2O"
"VIPAS39",63894,"chromosome 14 open reading frame 133"
"PIEZO2",63895,"family with sequence similarity 38, member B"
"HEATR6",63897,"HEAT repeat containing 6"
"SH2D4A",63898,"SH2 domain containing 4A"
"NSUN3",63899,"NOL1/NOP2/Sun domain family, member 3"
"SDHA",6389,"succinate dehydrogenase complex, subunit A, flavoprotein (Fp)"
"BIK",638,"BCL2-interacting killer (apoptosis-inducing)"
"FAM111A",63901,"family with sequence similarity 111, member A"
"GPATCH3",63906,"G patch domain containing 3"
"SDHB",6390,"succinate dehydrogenase complex, subunit B, iron sulfur (Ip)"
"ELMO2",63916,"engulfment and cell motility 2"
"GALNT11",63917,"UDP-N-acetyl-alpha-D-galactosamine:polypeptide N-acetylgalactosaminyltransferase 11 (GalNAc-T11)"
"SDHC",6391,"succinate dehydrogenase complex, subunit C, integral membrane protein, 15kDa"
"TNN",63923,"tenascin N"
"CIDEC",63924,"cell death-inducing DFFA-like effector c"
"ZNF335",63925,"zinc finger protein 335"
"CHP2",63928,"calcineurin B homologous protein 2"
"XPNPEP3",63929,"X-prolyl aminopeptidase (aminopeptidase P) 3, putative"
"SDHD",6392,"succinate dehydrogenase complex, subunit D, integral membrane protein"
"MRPS14",63931,"mitochondrial ribosomal protein S14"
"MCUR1",63933,"coiled-coil domain containing 90A"
"GPSM3",63940,"G-protein signaling modulator 3 (AGS3-like, C. elegans)"
"NECAB3",63941,"amyloid beta (A4) precursor protein-binding, family A, member 2 binding protein"
"FKBPL",63943,"FK506 binding protein like"
"SEC13",6396,"SEC13 homolog (S. cerevisiae)"
"TP53AIP1",63970,"p53-regulated apoptosis-inducing protein 1"
"NEUROG2",63973,"neurogenin 2"
"NEUROD6",63974,"neurogenic differentiation 6"
"PRDM16",63976,"PR domain containing 16"
"PRDM14",63978,"PR domain containing 14"
"SEC14L1",6397,"SEC14-like 1 (S. cerevisiae)"
"ANO3",63982,"transmembrane protein 16C"
"SECTM1",6398,"secreted and transmembrane 1"
"TRAPPC2",6399,"trafficking protein particle complex 2"
"PRDM1",639,"PR domain containing 1, with ZNF domain"
"SEL1L",6400,"sel-1 suppressor of lin-12-like (C. elegans)"
"SELE",6401,"selectin E (endothelial adhesion molecule 1)"
"SELL",6402,"selectin L (lymphocyte adhesion molecule 1)"
"SELP",6403,"selectin P (granule membrane protein 140kDa, antigen CD62)"
"SELPLG",6404,"selectin P ligand"
"SEMA3F",6405,"sema domain, immunoglobulin domain (Ig), short basic domain, secreted, (semaphorin) 3F"
"TSPYL2",64061,"TSPY-like 2"
"RBM26",64062,"RNA binding motif protein 26"
"PERP",64065,"PERP, TP53 apoptosis effector"
"NPAS3",64067,"neuronal PAS domain protein 3"
"SEMG1",6406,"semenogelin I"
"LHPP",64077,"phospholysine phosphohistidine inorganic pyrophosphate phosphatase"
"SLC28A3",64078,"solute carrier family 28 (sodium-coupled nucleoside transporter), member 3"
"SEMG2",6407,"semenogelin II"
"RBKS",64080,"ribokinase"
"PBLD",64081,"phenazine biosynthesis-like protein domain containing"
"GOLPH3",64083,"golgi phosphoprotein 3 (coat-protein)"
"CLSTN2",64084,"calsyntenin 2"
"MCCC2",64087,"methylcrotonoyl-Coenzyme A carboxylase 2 (beta)"
"SNX16",64089,"sorting nexin 16"
"POPDC2",64091,"popeye domain containing 2"
"GFRA4",64096,"GDNF family receptor alpha 4"
"BLK",640,"B lymphoid tyrosine kinase"
"TNMD",64102,"tenomodulin"
"NPFFR1",64106,"neuropeptide FF receptor 1"
"RTP4",64108,"receptor (chemosensory) transporter protein 4"
"MAGEF1",64110,"melanoma antigen family F, 1"
"NPVF",64111,"neuropeptide VF precursor"
"MOAP1",64112,"modulator of apoptosis 1"
"SLC39A8",64116,"solute carrier family 39 (zinc transporter), member 8"
"DUS1L",64118,"dihydrouridine synthase 1-like (S. cerevisiae)"
"RRAGC",64121,"Ras-related GTP binding C"
"NOD2",64127,"nucleotide-binding oligomerization domain containing 2"
"TINAGL1",64129,"tubulointerstitial nephritis antigen-like 1"
"LIN7B",64130,"lin-7 homolog B (C. elegans)"
"XYLT2",64132,"xylosyltransferase II"
"ZNF674",641339,"zinc finger protein 674"
"IFIH1",64135,"interferon induced with helicase C domain 1"
"ABCG4",64137,"ATP-binding cassette, sub-family G (WHITE), member 4"
"C17orf75",64149,"chromosome 17 open reading frame 75"
"SELENOP",6414,"selenoprotein P, plasma, 1"
"NCAPG",64151,"non-SMC condensin I complex, subunit G"
"SELENOW",6415,"selenoprotein W, 1"
"ERAP2",64167,"leukocyte-derived arginine aminopeptidase"
"MAP2K4",6416,"mitogen-activated protein kinase kinase 4"
"CARD9",64170,"caspase recruitment domain family, member 9"
"OSGEPL1",64172,"O-sialoglycoprotein endopeptidase-like 1"
"DPEP2",64174,"dipeptidase 2"
"P3H1",64175,"leucine proline-enriched proteoglycan (leprecan) 1"
"DPEP3",64180,"dipeptidase 3"
"SET",6418,"SET translocation (myeloid leukemia-associated)"
"SETMAR",6419,"SET domain and mariner transposase fusion gene"
"BLM",641,"Bloom syndrome"
"MMS19",64210,"MMS19 nucleotide excision repair homolog (S. cerevisiae)"
"LHX5",64211,"LIM homeobox 5"
"DNAJC1",64215,"DnaJ (Hsp40) homolog, subfamily C, member 1"
"TFB2M",64216,"transcription factor B2, mitochondrial"
"SEMA4A",64218,"sema domain, immunoglobulin domain (Ig), transmembrane domain (TM) and short cytoplasmic domain, (semaphorin) 4A"
"PJA1",64219,"praja 1"
"SFPQ",6421,"splicing factor proline/glutamine-rich (polypyrimidine tract binding protein associated)"
"STRA6",64220,"stimulated by retinoic acid gene 6 homolog (mouse)"
"ROBO3",64221,"roundabout, axon guidance receptor, homolog 3 (Drosophila)"
"TOR3A",64222,"torsin family 3, member A"
"MLST8",64223,"G protein beta subunit-like"
"SFRP1",6422,"secreted frizzled-related protein 1"
"MS4A6A",64231,"membrane-spanning 4-domains, subfamily A, member 6A"
"MS4A5",64232,"membrane-spanning 4-domains, subfamily A, member 5"
"PDLIM2",64236,"PDZ and LIM domain 2 (mystique)"
"ABCG5",64240,"ATP-binding cassette, sub-family G (WHITE), member 5 (sterolin 1)"
"SFRP4",6424,"secreted frizzled-related protein 4"
"SFRP5",6425,"secreted frizzled-related protein 5"
"SRSF1",6426,"splicing factor, arginine/serine-rich 1 (splicing factor 2, alternate splicing factor)"
"SRSF2",6427,"splicing factor, arginine/serine-rich 2"
"ARHGEF28",64283,"Rho-guanine nucleotide exchange factor"
"RAB17",64284,"RAB17, member RAS oncogene family"
"RHBDF1",64285,"rhomboid 5 homolog 1 (Drosophila)"
"SRSF3",6428,"splicing factor, arginine/serine-rich 3"
"SRSF4",6429,"splicing factor, arginine/serine-rich 4"
"BLMH",642,"bleomycin hydrolase"
"SRSF5",6430,"splicing factor, arginine/serine-rich 5"
"NOC3L",64318,"nucleolar complex associated 3 homolog (S. cerevisiae)"
"FBRS",64319,"fibrosin"
"SRSF6",6431,"splicing factor, arginine/serine-rich 6"
"RNF25",64320,"ring finger protein 25"
"SOX17",64321,"SRY (sex determining region Y)-box 17"
"NSD1",64324,"nuclear receptor binding SET domain protein 1"
"XPO4",64328,"exportin 4"
"SRSF7",6432,"splicing factor, arginine/serine-rich 7, 35kDa"
"SFSWAP",6433,"splicing factor, arginine/serine-rich 8 (suppressor-of-white-apricot homolog, Drosophila)"
"HS1BP3",64342,"HCLS1 binding protein 3"
"AZI2",64343,"5-azacytidine induced 2"
"HIF3A",64344,"hypoxia inducible factor 3, alpha subunit"
"TRA2B",6434,"splicing factor, arginine/serine-rich 10 (transformer 2 homolog, Drosophila)"
"NXN",64359,"nucleoredoxin"
"SIL1",64374,"SIL1 homolog, endoplasmic reticulum chaperone (S. cerevisiae)"
"IKZF4",64375,"IKAROS family zinc finger 4 (Eos)"
"IKZF5",64376,"IKAROS family zinc finger 5 (Pegasus)"
"CHST8",64377,"carbohydrate (N-acetylgalactosamine 4-0) sulfotransferase 8"
"MMP25",64386,"matrix metallopeptidase 25"
"GREM2",64388,"gremlin 2, cysteine knot superfamily, homolog (Xenopus laevis)"
"ZMAT3",64393,"zinc finger, matrin type 3"
"ZNF106",64397,"zinc finger protein 106 homolog (mouse)"
"PALS1",64398,"membrane protein, palmitoylated 5 (MAGUK p55 subfamily member 5)"
"SFTPB",6439,"surfactant, pulmonary-associated protein B"
"CXCR5",643,"Burkitt lymphoma receptor 1, GTP binding protein (chemokine (C-X-C motif) receptor 5)"
"AKTIP",64400,"AKT interacting protein"
"CDH22",64405,"cadherin-like 22"
"SDHAF1",644096,"hypothetical protein LOC644096"
"SFTPC",6440,"surfactant, pulmonary-associated protein C"
"KLHL25",64410,"kelch-like 25 (Drosophila)"
"ARAP3",64411,"centaurin, delta 3"
"MTMR14",64419,"myotubularin related protein 14"
"SFTPD",6441,"surfactant, pulmonary-associated protein D"
"DCLRE1C",64421,"DNA cross-link repair 1C (PSO2 homolog, S. cerevisiae)"
"ATG3",64422,"ATG3 autophagy related 3 homolog (S. cerevisiae)"
"INF2",64423,"chromosome 14 open reading frame 173"
"POLR1E",64425,"polymerase (RNA) I polypeptide E, 53kDa"
"CIAO3",64428,"nuclear prelamin A recognition factor-like"
"SGCA",6442,"sarcoglycan, alpha (50kDa dystrophin-associated glycoprotein)"
"ACTR6",64431,"ARP6 actin-related protein 6 homolog (yeast)"
"SGCB",6443,"sarcoglycan, beta (43kDa dystrophin-associated glycoprotein)"
"DNAI2",64446,"dynein, axonemal, intermediate chain 2"
"SGCD",6444,"sarcoglycan, delta (35kDa dystrophin-associated glycoprotein)"
"SGCG",6445,"sarcoglycan, gamma (35kDa dystrophin-associated glycoprotein)"
"SGK1",6446,"serum/glucocorticoid regulated kinase"
"SCG5",6447,"secretogranin V (7B2 protein)"
"SGSH",6448,"N-sulfoglucosamine sulfohydrolase (sulfamidase)"
"SGTA",6449,"small glutamine-rich tetratricopeptide repeat (TPR)-containing, alpha"
"BLVRA",644,"biliverdin reductase A"
"SH3BGR",6450,"SH3 domain binding glutamic acid-rich protein"
"SH3BGRL",6451,"SH3 domain binding glutamic acid-rich protein like"
"SH3BP2",6452,"SH3-domain binding protein 2"
"ITSN1",6453,"intersectin 1 (SH3 domain protein)"
"SH3GL1",6455,"SH3-domain GRB2-like 1"
"SH3GL2",6456,"SH3-domain GRB2-like 2"
"MT1HL1",645745,"metallothionein 1 pseudogene 2"
"ALDH8A1",64577,"aldehyde dehydrogenase 8 family, member A1"
"SH3GL3",6457,"SH3-domain GRB2-like 3"
"CLEC7A",64581,"C-type lectin domain family 7, member A"
"GPR135",64582,"G protein-coupled receptor 135"
"BLVRB",645,"biliverdin reductase B (flavin reductase (NADPH))"
"PLA2G2F",64600,"phospholipase A2, group IIF"
"VPS16",64601,"vacuolar protein sorting 16 homolog (S. cerevisiae)"
"SHB",6461,"Src homology 2 domain containing adaptor protein B"
"SHBG",6462,"sex hormone-binding globulin"
"EBF2",64641,"early B-cell factor 2"
"SHC1",6464,"SHC (Src homology 2 domain containing) transforming protein 1"
"GORASP1",64689,"golgi reassembly stacking protein 1, 65kDa"
"FBXW4",6468,"F-box and WD repeat domain containing 4"
"CTAGE1",64693,"cutaneous T-cell lymphoma-associated antigen 1"
"TMPRSS3",64699,"transmembrane protease, serine 3"
"SHH",6469,"sonic hedgehog homolog (Drosophila)"
"COPS7B",64708,"COP9 constitutive photomorphogenic homolog subunit 7B (Arabidopsis)"
"SHMT1",6470,"serine hydroxymethyltransferase 1 (soluble)"
"PDIA2",64714,"protein disulfide isomerase family A, member 2"
"SHMT2",6472,"serine hydroxymethyltransferase 2 (mitochondrial)"
"METTL17",64745,"methyltransferase 11 domain containing 1"
"ACBD3",64746,"acyl-Coenzyme A binding domain containing 3"
"SHOX2",6474,"short stature homeobox 2"
"SMURF2",64750,"SMAD specific E3 ubiquitin protein ligase 2"
"SMYD3",64754,"SET and MYND domain containing 3"
"RUSF1",64755,"chromosome 16 open reading frame 58"
"MTARC1",64757,"MOCO sulphurase C-terminal domain containing 1"
"TNS3",64759,"tensin 3"
"PARP12",64761,"poly (ADP-ribose) polymerase family, member 12"
"GAREM1",64762,"family with sequence similarity 59, member A"
"CREB3L2",64764,"cAMP responsive element binding protein 3-like 2"
"S100PBP",64766,"S100P binding protein"
"IPPK",64768,"inositol 1,3,4,5,6-pentakisphosphate 2-kinase"
"MEAF6",64769,"chromosome 1 open reading frame 149"
"SI",6476,"sucrase-isomaltase (alpha-glucosidase)"
"ENGASE",64772,"endo-beta-N-acetylglucosaminidase"
"RMND5B",64777,"required for meiotic nuclear division 5 homolog B (S. cerevisiae)"
"MTHFSD",64779,"methenyltetrahydrofolate synthetase domain containing"
"SIAH1",6477,"seven in absentia homolog 1 (Drosophila)"
"MICAL1",64780,"microtubule associated monoxygenase, calponin and LIM domain containing 1"
"CERK",64781,"ceramide kinase"
"AEN",64782,"interferon stimulated exonuclease gene 20kDa-like 1"
"RBM15",64783,"RNA binding motif protein 15"
"GINS3",64785,"GINS complex subunit 3 (Psf3 homolog)"
"TBC1D15",64786,"TBC1 domain family, member 15"
"EPS8L2",64787,"EPS8-like 2"
"LMF1",64788,"transmembrane protein 112"
"SIAH2",6478,"seven in absentia homolog 2 (Drosophila)"
"IFT22",64792,"RAB, member RAS oncogene family-like 5"
"CEP85",64793,"coiled-coil domain containing 21"
"DDX31",64794,"DEAD (Asp-Glu-Ala-Asp) box polypeptide 31"
"RMND5A",64795,"required for meiotic nuclear division 5 homolog A (S. cerevisiae)"
"DEPTOR",64798,"DEP domain containing 6"
"IQCH",64799,"IQ motif containing H"
"EFCAB6",64800,"EF-hand calcium binding domain 6"
"IL25",64806,"interleukin 25"
"ST6GAL1",6480,"ST6 beta-galactosamide alpha-2,6-sialyltranferase 1"
"ST3GAL1",6482,"ST3 beta-galactoside alpha-2,3-sialyltransferase 1"
"ELOVL1",64834,"elongation of very long chain fatty acids (FEN1/Elo2, SUR4/Elo3, yeast)-like 1"
"KLC2",64837,"kinesin light chain 2"
"ST3GAL2",6483,"ST3 beta-galactoside alpha-2,3-sialyltransferase 2"
"PORCN",64840,"porcupine homolog (Drosophila)"
"MARCHF7",64844,"membrane-associated ring finger (C3HC4) 7"
"SPATA20",64847,"spermatogenesis associated 20"
"YTHDC2",64848,"YTH domain containing 2"
"SLC13A3",64849,"solute carrier family 13 (sodium-dependent dicarboxylate transporter), member 3"
"ST3GAL4",6484,"ST3 beta-galactoside alpha-2,3-sialyltransferase 4"
"ETNPPL",64850,"alanine-glyoxylate aminotransferase 2-like 1"
"TUT1",64852,"terminal uridylyl transferase 1, U6 snRNA-specific"
"USP46",64854,"ubiquitin specific peptidase 46"
"VWA1",64856,"von Willebrand factor A domain containing 1"
"DCLRE1B",64858,"DNA cross-link repair 1B (PSO2 homolog, S. cerevisiae)"
"METTL4",64863,"methyltransferase like 4"
"RFX7",64864,"regulatory factor X domain containing 2"
"CDCP1",64866,"CUB domain containing protein 1"
"PAPOLG",64895,"poly(A) polymerase gamma"
"C12orf43",64897,"chromosome 12 open reading frame 43"
"ST8SIA1",6489,"ST8 alpha-N-acetyl-neuraminide alpha-2,8-sialyltransferase 1"
"BMI1",648,"BMI1 polycomb ring finger oncogene"
"RANBP17",64901,"RAN binding protein 17"
"PMEL",6490,"silver homolog (mouse)"
"BCL11B",64919,"B-cell CLL/lymphoma 11B (zinc finger protein)"
"STIL",6491,"SCL/TAL1 interrupting locus"
"SLC30A5",64924,"solute carrier family 30 (zinc transporter), member 5"
"TTC23",64927,"tetratricopeptide repeat domain 23"
"SIM2",6493,"single-minded homolog 2 (Drosophila)"
"SIPA1",6494,"signal-induced proliferation-associated gene 1"
"SIX1",6495,"SIX homeobox 1"
"MRPS15",64960,"mitochondrial ribosomal protein S15"
"MRPS11",64963,"mitochondrial ribosomal protein S11"
"SIX3",6496,"SIX homeobox 3"
"MRPL40",64976,"mitochondrial ribosomal protein L40"
"MRPL34",64981,"mitochondrial ribosomal protein L34"
"SKIL",6498,"SKI-like oncogene"
"BMP1",649,"bone morphogenetic protein 1"
"MRPL11",65003,"mitochondrial ribosomal protein L11"
"MRPL9",65005,"mitochondrial ribosomal protein L9"
"NDRG4",65009,"NDRG family member 4"
"SKP1",6500,"S-phase kinase-associated protein 1A (p19A)"
"SLC26A6",65010,"solute carrier family 26, member 6"
"PINK1",65018,"PTEN induced putative kinase 1"
"SKP2",6502,"S-phase kinase-associated protein 2 (p45)"
"SLA",6503,"Src-like-adaptor"
"SLAMF1",6504,"signaling lymphocytic activation molecule family member 1"
"REEP1",65055,"receptor accessory protein 1"
"ACD",65057,"adrenocortical dysplasia homolog (mouse)"
"SLC1A1",6505,"solute carrier family 1 (neuronal/epithelial high affinity glutamate transporter, system Xag), member 1"
"SLC1A2",6506,"solute carrier family 1 (glial high affinity glutamate transporter), member 2"
"SLC1A3",6507,"solute carrier family 1 (glial high affinity glutamate transporter), member 3"
"MRPL44",65080,"mitochondrial ribosomal protein L44"
"VPS33A",65082,"vacuolar protein sorting 33 homolog A (S. cerevisiae)"
"NOL6",65083,"nucleolar protein family 6 (RNA-associated)"
"JMJD4",65094,"jumonji domain containing 4"
"KRI1",65095,"KRI1 homolog (S. cerevisiae)"
"SLC1A4",6509,"solute carrier family 1 (glutamate/neutral amino acid transporter), member 4"
"BMP2",650,"bone morphogenetic protein 2"
"MARCKSL1",65108,"MARCKS-like 1"
"UPF3B",65109,"UPF3 regulator of nonsense transcripts homolog B (yeast)"
"SLC1A5",6510,"solute carrier family 1 (neutral amino acid transporter), member 5"
"UPF3A",65110,"UPF3 regulator of nonsense transcripts homolog A (yeast)"
"RSRC2",65117,"arginine/serine-rich coiled-coil 2"
"SLC1A6",6511,"solute carrier family 1 (high affinity aspartate/glutamate transporter), member 6"
"INTS3",65123,"integrator complex subunit 3"
"WNK1",65125,"WNK lysine deficient protein kinase 1"
"SLC2A1",6513,"solute carrier family 2 (facilitated glucose transporter), member 1"
"SLC2A2",6514,"solute carrier family 2 (facilitated glucose transporter), member 2"
"SLC2A3",6515,"solute carrier family 2 (facilitated glucose transporter), member 3"
"SLC2A4",6517,"solute carrier family 2 (facilitated glucose transporter), member 4"
"SLC2A5",6518,"solute carrier family 2 (facilitated glucose/fructose transporter), member 5"
"SLC3A1",6519,"solute carrier family 3 (cystine, dibasic and neutral amino acid transporters, activator of cystine, dibasic and neutral amino acid transport), member 1"
"BMP3",651,"bone morphogenetic protein 3 (osteogenic)"
"SLC3A2",6520,"solute carrier family 3 (activators of dibasic and neutral amino acid transport), member 2"
"NADK",65220,"NAD kinase"
"SLC4A2",6522,"solute carrier family 4, anion exchanger, member 2 (erythrocyte membrane protein band 3-like 1)"
"SLC5A1",6523,"solute carrier family 5 (sodium/glucose cotransporter), member 1"
"SLC5A2",6524,"solute carrier family 5 (sodium/glucose cotransporter), member 2"
"CPLANE1",65250,"hypothetical protein FLJ13231"
"MPPE1",65258,"metallophosphoesterase 1"
"SMTN",6525,"smoothelin"
"PYCR3",65263,"pyrroline-5-carboxylate reductase-like"
"UBE2Z",65264,"ubiquitin-conjugating enzyme E2Z"
"C8orf33",65265,"chromosome 8 open reading frame 33"
"SLC5A5",6528,"solute carrier family 5 (sodium iodide symporter), member 5"
"SLC6A1",6529,"solute carrier family 6 (neurotransmitter transporter, GABA), member 1"
"BMP4",652,"bone morphogenetic protein 4"
"SLC6A2",6530,"solute carrier family 6 (neurotransmitter transporter, noradrenalin), member 2"
"SLC6A3",6531,"solute carrier family 6 (neurotransmitter transporter, dopamine), member 3"
"SLC6A4",6532,"solute carrier family 6 (neurotransmitter transporter, serotonin), member 4"
"SLC6A7",6534,"solute carrier family 6 (neurotransmitter transporter, L-proline), member 7"
"SLC6A8",6535,"solute carrier family 6 (neurotransmitter transporter, creatine), member 8"
"SLC6A9",6536,"solute carrier family 6 (neurotransmitter transporter, glycine), member 9"
"ZG16",653808,"similar to zymogen granule protein 16"
"SLC6A11",6538,"solute carrier family 6 (neurotransmitter transporter, GABA), member 11"
"SLC6A12",6539,"solute carrier family 6 (neurotransmitter transporter, betaine/GABA), member 12"
"BMP5",653,"bone morphogenetic protein 5"
"SLC6A13",6540,"solute carrier family 6 (neurotransmitter transporter, GABA), member 13"
"SLC7A1",6541,"solute carrier family 7 (cationic amino acid transporter, y+ system), member 1"
"SLC7A2",6542,"solute carrier family 7 (cationic amino acid transporter, y+ system), member 2"
"SLC8A2",6543,"solute carrier family 8 (sodium-calcium exchanger), member 2"
"SLC7A4",6545,"solute carrier family 7 (cationic amino acid transporter, y+ system), member 4"
"SLC8A1",6546,"solute carrier family 8 (sodium/calcium exchanger), member 1"
"SLC9A1",6548,"solute carrier family 9 (sodium/hydrogen exchanger), member 1 (antiporter, Na+/H+, amiloride sensitive)"
"SLC9A2",6549,"solute carrier family 9 (sodium/hydrogen exchanger), member 2"
"BMP6",654,"bone morphogenetic protein 6"
"SLC9A3",6550,"solute carrier family 9 (sodium/hydrogen exchanger), member 3"
"SLC10A1",6554,"solute carrier family 10 (sodium/bile acid cotransporter family), member 1"
"SLC10A2",6555,"solute carrier family 10 (sodium/bile acid cotransporter family), member 2"
"SLC11A1",6556,"solute carrier family 11 (proton-coupled divalent metal ion transporters), member 1"
"SLC12A2",6558,"solute carrier family 12 (sodium/potassium/chloride transporters), member 2"
"SLC12A3",6559,"solute carrier family 12 (sodium/chloride transporters), member 3"
"BMP7",655,"bone morphogenetic protein 7 (osteogenic protein 1)"
"SLC12A4",6560,"solute carrier family 12 (potassium/chloride transporters), member 4"
"SLC13A1",6561,"solute carrier family 13 (sodium/sulfate symporters), member 1"
"SLC15A1",6564,"solute carrier family 15 (oligopeptide transporter), member 1"
"SLC16A1",6566,"solute carrier family 16, member 1 (monocarboxylic acid transporter 1)"
"SLC16A2",6567,"solute carrier family 16, member 2 (monocarboxylic acid transporter 8)"
"SLC17A1",6568,"solute carrier family 17 (sodium phosphate), member 1"
"SLC34A1",6569,"solute carrier family 34 (sodium phosphate), member 1"
"BMP8B",656,"bone morphogenetic protein 8b (osteogenic protein 2)"
"SLC18A1",6570,"solute carrier family 18 (vesicular monoamine), member 1"
"SLC18A3",6572,"solute carrier family 18 (vesicular acetylcholine), member 3"
"SLC19A1",6573,"solute carrier family 19 (folate transporter), member 1"
"SLC20A1",6574,"solute carrier family 20 (phosphate transporter), member 1"
"SLC20A2",6575,"solute carrier family 20 (phosphate transporter), member 2"
"SLC25A1",6576,"solute carrier family 25 (mitochondrial carrier; citrate transporter), member 1"
"SLCO2A1",6578,"solute carrier organic anion transporter family, member 2A1"
"SLCO1A2",6579,"solute carrier organic anion transporter family, member 1A2"
"BMPR1A",657,"bone morphogenetic protein receptor, type IA"
"SLC22A1",6580,"solute carrier family 22 (organic cation transporter), member 1"
"SLC22A3",6581,"solute carrier family 22 (extraneuronal monoamine transporter), member 3"
"SLC22A2",6582,"solute carrier family 22 (organic cation transporter), member 2"
"SLC22A4",6583,"solute carrier family 22 (organic cation transporter), member 4"
"SLC22A5",6584,"solute carrier family 22 (organic cation transporter), member 5"
"SLIT1",6585,"slit homolog 1 (Drosophila)"
"SLIT3",6586,"slit homolog 3 (Drosophila)"
"SLN",6588,"sarcolipin"
"BMPR1B",658,"bone morphogenetic protein receptor, type IB"
"SLPI",6590,"secretory leukocyte peptidase inhibitor"
"SNAI2",6591,"snail homolog 2 (Drosophila)"
"SMARCA1",6594,"SWI/SNF related, matrix associated, actin dependent regulator of chromatin, subfamily a, member 1"
"SMARCA2",6595,"SWI/SNF related, matrix associated, actin dependent regulator of chromatin, subfamily a, member 2"
"HLTF",6596,"helicase-like transcription factor"
"PHACTR4",65979,"phosphatase and actin regulator 4"
"SMARCA4",6597,"SWI/SNF related, matrix associated, actin dependent regulator of chromatin, subfamily a, member 4"
"BRD9",65980,"bromodomain containing 9"
"CAPRIN2",65981,"caprin family member 2"
"ZSCAN18",65982,"zinc finger and SCAN domain containing 18"
"GRAMD2B",65983,"GRAM domain containing 3"
"AACS",65985,"acetoacetyl-CoA synthetase"
"ZNF747",65988,"zinc finger protein 747"
"SMARCB1",6598,"SWI/SNF related, matrix associated, actin dependent regulator of chromatin, subfamily b, member 1"
"DDRGK1",65992,"chromosome 20 open reading frame 116"
"MRPS34",65993,"mitochondrial ribosomal protein S34"
"SMARCC1",6599,"SWI/SNF related, matrix associated, actin dependent regulator of chromatin, subfamily c, member 1"
"BMPR2",659,"bone morphogenetic protein receptor, type II (serine/threonine kinase)"
"CYP4F12",66002,"cytochrome P450, family 4, subfamily F, polypeptide 12"
"TRAK2",66008,"trafficking protein, kinesin binding 2"
"SMARCC2",6601,"SWI/SNF related, matrix associated, actin dependent regulator of chromatin, subfamily c, member 2"
"SMARCD1",6602,"SWI/SNF related, matrix associated, actin dependent regulator of chromatin, subfamily d, member 1"
"MTMR9",66036,"myotubularin related protein 9"
"SMARCD2",6603,"SWI/SNF related, matrix associated, actin dependent regulator of chromatin, subfamily d, member 2"
"SMARCD3",6604,"SWI/SNF related, matrix associated, actin dependent regulator of chromatin, subfamily d, member 3"
"SMARCE1",6605,"SWI/SNF related, matrix associated, actin dependent regulator of chromatin, subfamily e, member 1"
"SMO",6608,"smoothened homolog (Drosophila)"
"SMPD1",6609,"sphingomyelin phosphodiesterase 1, acid lysosomal (acid sphingomyelinase)"
"BMX",660,"BMX non-receptor tyrosine kinase"
"SMPD2",6610,"sphingomyelin phosphodiesterase 2, neutral membrane (neutral sphingomyelinase)"
"SUMO3",6612,"SMT3 suppressor of mif two 3 homolog 3 (S. cerevisiae)"
"SIGLEC1",6614,"sialic acid binding Ig-like lectin 1, sialoadhesin"
"SNAI1",6615,"snail homolog 1 (Drosophila)"
"SNAP25",6616,"synaptosomal-associated protein, 25kDa"
"SNAPC1",6617,"small nuclear RNA activating complex, polypeptide 1, 43kDa"
"SNAPC2",6618,"small nuclear RNA activating complex, polypeptide 2, 45kDa"
"SNAPC3",6619,"small nuclear RNA activating complex, polypeptide 3, 50kDa"
"POLR3D",661,"polymerase (RNA) III (DNA directed) polypeptide D, 44kDa"
"SNCB",6620,"synuclein, beta"
"SNAPC4",6621,"small nuclear RNA activating complex, polypeptide 4, 190kDa"
"SNCA",6622,"synuclein, alpha (non A4 component of amyloid precursor)"
"SNCG",6623,"synuclein, gamma (breast cancer-specific protein 1)"
"FSCN1",6624,"fascin homolog 1, actin-bundling protein (Strongylocentrotus purpuratus)"
"SNRNP70",6625,"small nuclear ribonucleoprotein 70kDa polypeptide (RNP antigen)"
"SNRPA",6626,"small nuclear ribonucleoprotein polypeptide A"
"SNRPB",6628,"small nuclear ribonucleoprotein polypeptides B and B1"
"SNRPB2",6629,"small nuclear ribonucleoprotein polypeptide B''"
"BNIP1",662,"BCL2/adenovirus E1B 19kDa interacting protein 1"
"SNRPC",6631,"small nuclear ribonucleoprotein polypeptide C"
"SNRPD1",6632,"small nuclear ribonucleoprotein D1 polypeptide 16kDa"
"SNRPD2",6633,"small nuclear ribonucleoprotein D2 polypeptide 16.5kDa"
"SNRPD3",6634,"small nuclear ribonucleoprotein D3 polypeptide 18kDa"
"SNRPF",6636,"small nuclear ribonucleoprotein polypeptide F"
"BNIP2",663,"BCL2/adenovirus E1B 19kDa interacting protein 2"
"SNTA1",6640,"syntrophin, alpha 1 (dystrophin-associated protein A1, 59kDa, acidic component)"
"SNTB1",6641,"syntrophin, beta 1 (dystrophin-associated protein A1, 59kDa, basic component 1)"
"SNX1",6642,"sorting nexin 1"
"SNX2",6643,"sorting nexin 2"
"SNTB2",6645,"syntrophin, beta 2 (dystrophin-associated protein A1, 59kDa, basic component 2)"
"SOAT1",6646,"sterol O-acyltransferase (acyl-Coenzyme A: cholesterol acyltransferase) 1"
"SOD1",6647,"superoxide dismutase 1, soluble (amyotrophic lateral sclerosis 1 (adult))"
"SOD2",6648,"superoxide dismutase 2, mitochondrial"
"SOD3",6649,"superoxide dismutase 3, extracellular"
"BNIP3",664,"BCL2/adenovirus E1B 19kDa interacting protein 3"
"CAPN15",6650,"small optic lobes homolog (Drosophila)"
"SON",6651,"SON DNA binding protein"
"SORL1",6653,"sortilin-related receptor, L(DLR class) A repeats-containing"
"SOS1",6654,"son of sevenless homolog 1 (Drosophila)"
"SOS2",6655,"son of sevenless homolog 2 (Drosophila)"
"SOX1",6656,"SRY (sex determining region Y)-box 1"
"SOX2",6657,"SRY (sex determining region Y)-box 2"
"SOX3",6658,"SRY (sex determining region Y)-box 3"
"SOX4",6659,"SRY (sex determining region Y)-box 4"
"BNIP3L",665,"BCL2/adenovirus E1B 19kDa interacting protein 3-like"
"SOX5",6660,"SRY (sex determining region Y)-box 5"
"SOX9",6662,"SRY (sex determining region Y)-box 9 (campomelic dysplasia, autosomal sex-reversal)"
"SOX10",6663,"SRY (sex determining region Y)-box 10"
"SOX11",6664,"SRY (sex determining region Y)-box 11"
"SOX15",6665,"SRY (sex determining region Y)-box 15"
"SOX12",6666,"SRY (sex determining region Y)-box 12"
"SP1",6667,"Sp1 transcription factor"
"SP2",6668,"Sp2 transcription factor"
"SP3",6670,"Sp3 transcription factor"
"SP4",6671,"Sp4 transcription factor"
"SP100",6672,"SP100 nuclear antigen"
"SPAG1",6674,"sperm associated antigen 1"
"UAP1",6675,"UDP-N-acteylglucosamine pyrophosphorylase 1"
"SPAG4",6676,"sperm associated antigen 4"
"SPAM1",6677,"sperm adhesion molecule 1 (PH-20 hyaluronidase, zona pellucida binding)"
"SPARC",6678,"secreted protein, acidic, cysteine-rich (osteonectin)"
"DST",667,"dystonin"
"SPAST",6683,"spastin"
"SPG7",6687,"spastic paraplegia 7 (pure and complicated autosomal recessive)"
"SPI1",6688,"spleen focus forming virus (SFFV) proviral integration oncogene spi1"
"SPIB",6689,"Spi-B transcription factor (Spi-1/PU.1 related)"
"FOXL2",668,"forkhead box L2"
"SPINK1",6690,"serine peptidase inhibitor, Kazal type 1"
"SPINK2",6691,"serine peptidase inhibitor, Kazal type 2 (acrosin-trypsin inhibitor)"
"SPINT1",6692,"serine peptidase inhibitor, Kunitz type 1"
"SPN",6693,"sialophorin (leukosialin, CD43)"
"SPP2",6694,"secreted phosphoprotein 2, 24kDa"
"SPOCK1",6695,"sparc/osteonectin, cwcv and kazal-like domains proteoglycan (testican) 1"
"SPP1",6696,"secreted phosphoprotein 1 (osteopontin, bone sialoprotein I, early T-lymphocyte activation 1)"
"SPR",6697,"sepiapterin reductase (7,8-dihydrobiopterin:NADP+ oxidoreductase)"
"SPRR1A",6698,"small proline-rich protein 1A"
"SPRR1B",6699,"small proline-rich protein 1B (cornifin)"
"BPGM",669,"2,3-bisphosphoglycerate mutase"
"SPRR3",6707,"small proline-rich protein 3"
"SPTA1",6708,"spectrin, alpha, erythrocytic 1 (elliptocytosis 2)"
"SPTAN1",6709,"spectrin, alpha, non-erythrocytic 1 (alpha-fodrin)"
"SPTB",6710,"spectrin, beta, erythrocytic (includes spherocytosis, clinical type I)"
"SPTBN1",6711,"spectrin, beta, non-erythrocytic 1"
"SPTBN2",6712,"spectrin, beta, non-erythrocytic 2"
"SQLE",6713,"squalene epoxidase"
"SRC",6714,"v-src sarcoma (Schmidt-Ruppin A-2) viral oncogene homolog (avian)"
"SRD5A1",6715,"steroid-5-alpha-reductase, alpha polypeptide 1 (3-oxo-5 alpha-steroid delta 4-dehydrogenase alpha 1)"
"SRD5A2",6716,"steroid-5-alpha-reductase, alpha polypeptide 2 (3-oxo-5 alpha-steroid delta 4-dehydrogenase alpha 2)"
"SRI",6717,"sorcin"
"AKR1D1",6718,"aldo-keto reductase family 1, member D1 (delta 4-3-ketosteroid-5-beta-reductase)"
"BPI",671,"bactericidal/permeability-increasing protein"
"SREBF1",6720,"sterol regulatory element binding transcription factor 1"
"SREBF2",6721,"sterol regulatory element binding transcription factor 2"
"SRF",6722,"serum response factor (c-fos serum response element-binding transcription factor)"
"SRM",6723,"spermidine synthase"
"SRP9",6726,"signal recognition particle 9kDa"
"SRP14",6727,"signal recognition particle 14kDa (homologous Alu RNA binding protein)"
"SRP19",6728,"signal recognition particle 19kDa"
"SRP54",6729,"signal recognition particle 54kDa"
"BRCA1",672,"breast cancer 1, early onset"
"SRP72",6731,"signal recognition particle 72kDa"
"SRPK1",6732,"SFRS protein kinase 1"
"SRPK2",6733,"SFRS protein kinase 2"
"SRPRA",6734,"signal recognition particle receptor ('docking protein')"
"SRY",6736,"sex determining region Y"
"TRIM21",6737,"tripartite motif-containing 21"
"RO60",6738,"TROVE domain family, member 2"
"BRAF",673,"v-raf murine sarcoma viral oncogene homolog B1"
"SSB",6741,"Sjogren syndrome antigen B (autoantigen La)"
"SSBP1",6742,"single-stranded DNA binding protein 1"
"ITPRID2",6744,"sperm specific antigen 2"
"SSR1",6745,"signal sequence receptor, alpha (translocon-associated protein alpha)"
"SSR2",6746,"signal sequence receptor, beta (translocon-associated protein beta)"
"SSR3",6747,"signal sequence receptor, gamma (translocon-associated protein gamma)"
"SSR4",6748,"signal sequence receptor, delta (translocon-associated protein delta)"
"SSRP1",6749,"structure specific recognition protein 1"
"SST",6750,"somatostatin"
"SSTR1",6751,"somatostatin receptor 1"
"SSTR2",6752,"somatostatin receptor 2"
"SSTR3",6753,"somatostatin receptor 3"
"SSTR4",6754,"somatostatin receptor 4"
"SSTR5",6755,"somatostatin receptor 5"
"SSX1",6756,"synovial sarcoma, X breakpoint 1"
"SSX5",6758,"synovial sarcoma, X breakpoint 5"
"BRCA2",675,"breast cancer 2, early onset"
"SS18",6760,"synovial sarcoma translocation, chromosome 18"
"DENND2B",6764,"suppression of tumorigenicity 5"
"ST13",6767,"suppression of tumorigenicity 13 (colon carcinoma) (Hsp70 interacting protein)"
"ST14",6768,"suppression of tumorigenicity 14 (colon carcinoma)"
"STAC",6769,"SH3 and cysteine rich domain"
"BRDT",676,"bromodomain, testis-specific"
"STAR",6770,"steroidogenic acute regulatory protein"
"STAT1",6772,"signal transducer and activator of transcription 1, 91kDa"
"STAT2",6773,"signal transducer and activator of transcription 2, 113kDa"
"STAT3",6774,"signal transducer and activator of transcription 3 (acute-phase response factor)"
"STAT4",6775,"signal transducer and activator of transcription 4"
"STAT5A",6776,"signal transducer and activator of transcription 5A"
"STAT5B",6777,"signal transducer and activator of transcription 5B"
"STAT6",6778,"signal transducer and activator of transcription 6, interleukin-4 induced"
"STATH",6779,"statherin"
"ZFP36L1",677,"zinc finger protein 36, C3H type-like 1"
"STAU1",6780,"staufen, RNA binding protein, homolog 1 (Drosophila)"
"HSPA13",6782,"stress 70 protein chaperone, microsome-associated, 60kDa"
"SULT1E1",6783,"sulfotransferase family 1E, estrogen-preferring, member 1"
"ELOVL4",6785,"elongation of very long chain fatty acids (FEN1/Elo2, SUR4/Elo3, yeast)-like 4"
"STIM1",6786,"stromal interaction molecule 1"
"NEK4",6787,"NIMA (never in mitosis gene a)-related kinase 4"
"STK3",6788,"serine/threonine kinase 3 (STE20 homolog, yeast)"
"STK4",6789,"serine/threonine kinase 4"
"ZFP36L2",678,"zinc finger protein 36, C3H type-like 2"
"AURKA",6790,"aurora kinase A"
"CDKL5",6792,"cyclin-dependent kinase-like 5"
"STK10",6793,"serine/threonine kinase 10"
"STK11",6794,"serine/threonine kinase 11"
"AURKC",6795,"aurora kinase C"
"SULT1A2",6799,"sulfotransferase family, cytosolic, 1A, phenol-preferring, member 2"
"STRN",6801,"striatin, calmodulin binding protein"
"STX1A",6804,"syntaxin 1A (brain)"
"STX3",6809,"syntaxin 3"
"STX4",6810,"syntaxin 4"
"STX5",6811,"syntaxin 5"
"STXBP1",6812,"syntaxin binding protein 1"
"STXBP2",6813,"syntaxin binding protein 2"
"STXBP3",6814,"syntaxin binding protein 3"
"SULT1A1",6817,"sulfotransferase family, cytosolic, 1A, phenol-preferring, member 1"
"SULT1C2",6819,"sulfotransferase family, cytosolic, 1C, member 2"
"SULT2B1",6820,"sulfotransferase family, cytosolic, 2B, member 1"
"SUOX",6821,"sulfite oxidase"
"SULT2A1",6822,"sulfotransferase family, cytosolic, 2A, dehydroepiandrosterone (DHEA)-preferring, member 1"
"SUPT4H1",6827,"suppressor of Ty 4 homolog 1 (S. cerevisiae)"
"SUPT5H",6829,"suppressor of Ty 5 homolog (S. cerevisiae)"
"BSG",682,"basigin (Ok blood group)"
"SUPT6H",6830,"suppressor of Ty 6 homolog (S. cerevisiae)"
"SUPV3L1",6832,"suppressor of var1, 3-like 1 (S. cerevisiae)"
"ABCC8",6833,"ATP-binding cassette, sub-family C (CFTR/MRP), member 8"
"SURF1",6834,"surfeit 1"
"SURF2",6835,"surfeit 2"
"MED22",6837,"mediator complex subunit 22"
"SUV39H1",6839,"suppressor of variegation 3-9 homolog 1 (Drosophila)"
"BST1",683,"bone marrow stromal cell antigen 1"
"SVIL",6840,"supervillin"
"VAMP1",6843,"vesicle-associated membrane protein 1 (synaptobrevin 1)"
"VAMP2",6844,"vesicle-associated membrane protein 2 (synaptobrevin 2)"
"SYCP1",6847,"synaptonemal complex protein 1"
"BST2",684,"bone marrow stromal cell antigen 2"
"SYK",6850,"spleen tyrosine kinase"
"SYN1",6853,"synapsin I"
"SYN2",6854,"synapsin II"
"SYP",6855,"synaptophysin"
"SYPL1",6856,"synaptophysin-like 1"
"SYT1",6857,"synaptotagmin I"
"BTC",685,"betacellulin"
"SYT5",6861,"synaptotagmin V"
"TBXT",6862,"T, brachyury homolog (mouse)"
"TAC1",6863,"tachykinin, precursor 1 (substance K, substance P, neurokinin 1, neurokinin 2, neuromedin L, neurokinin alpha, neuropeptide K, neuropeptide gamma)"
"TACR2",6865,"tachykinin receptor 2"
"TAC3",6866,"tachykinin 3 (neuromedin K, neurokinin beta)"
"TACC1",6867,"transforming, acidic coiled-coil containing protein 1"
"ADAM17",6868,"ADAM metallopeptidase domain 17 (tumor necrosis factor, alpha, converting enzyme)"
"TACR1",6869,"tachykinin receptor 1"
"BTD",686,"biotinidase"
"TACR3",6870,"tachykinin receptor 3"
"TADA2A",6871,"transcriptional adaptor 2 (ADA2 homolog, yeast)-like"
"TAF1",6872,"TAF1 RNA polymerase II, TATA box binding protein (TBP)-associated factor, 250kDa"
"TAF2",6873,"TAF2 RNA polymerase II, TATA box binding protein (TBP)-associated factor, 150kDa"
"TAF4",6874,"TAF4 RNA polymerase II, TATA box binding protein (TBP)-associated factor, 135kDa"
"TAF4B",6875,"TAF4b RNA polymerase II, TATA box binding protein (TBP)-associated factor, 105kDa"
"TAGLN",6876,"transgelin"
"TAF5",6877,"TAF5 RNA polymerase II, TATA box binding protein (TBP)-associated factor, 100kDa"
"TAF6",6878,"TAF6 RNA polymerase II, TATA box binding protein (TBP)-associated factor, 80kDa"
"TAF7",6879,"TAF7 RNA polymerase II, TATA box binding protein (TBP)-associated factor, 55kDa"
"KLF9",687,"Kruppel-like factor 9"
"TAF9",6880,"TAF9 RNA polymerase II, TATA box binding protein (TBP)-associated factor, 32kDa"
"TAF10",6881,"TAF10 RNA polymerase II, TATA box binding protein (TBP)-associated factor, 30kDa"
"TAF11",6882,"TAF11 RNA polymerase II, TATA box binding protein (TBP)-associated factor, 28kDa"
"TAF12",6883,"TAF12 RNA polymerase II, TATA box binding protein (TBP)-associated factor, 20kDa"
"TAF13",6884,"TAF13 RNA polymerase II, TATA box binding protein (TBP)-associated factor, 18kDa"
"MAP3K7",6885,"mitogen-activated protein kinase kinase kinase 7"
"TAL1",6886,"T-cell acute lymphocytic leukemia 1"
"TALDO1",6888,"transaldolase 1"
"KLF5",688,"Kruppel-like factor 5 (intestinal)"
"TAP1",6890,"transporter 1, ATP-binding cassette, sub-family B (MDR/TAP)"
"TAP2",6891,"transporter 2, ATP-binding cassette, sub-family B (MDR/TAP)"
"TAPBP",6892,"TAP binding protein (tapasin)"
"TARBP1",6894,"TAR (HIV-1) RNA binding protein 1"
"TARBP2",6895,"TAR (HIV-1) RNA binding protein 2"
"TARS1",6897,"threonyl-tRNA synthetase"
"TAT",6898,"tyrosine aminotransferase"
"TBX1",6899,"T-box 1"
"BTF3",689,"basic transcription factor 3"
"CNTN2",6900,"contactin 2 (axonal)"
"TAFAZZIN",6901,"tafazzin (cardiomyopathy, dilated 3A (X-linked); endocardial fibroelastosis 2; Barth syndrome)"
"TBCA",6902,"tubulin folding cofactor A"
"TBCC",6903,"tubulin folding cofactor C"
"TBCD",6904,"tubulin folding cofactor D"
"TBCE",6905,"tubulin folding cofactor E"
"SERPINA7",6906,"serpin peptidase inhibitor, clade A (alpha-1 antiproteinase, antitrypsin), member 7"
"TBL1X",6907,"transducin (beta)-like 1X-linked"
"TBP",6908,"TATA box binding protein"
"TBX2",6909,"T-box 2"
"TBX5",6910,"T-box 5"
"TBX6",6911,"T-box 6"
"TBXA2R",6915,"thromboxane A2 receptor"
"TBXAS1",6916,"thromboxane A synthase 1 (platelet, cytochrome P450, family 5, subfamily A)"
"TCEA2",6919,"transcription elongation factor A (SII), 2"
"ELOC",6921,"transcription elongation factor B (SIII), polypeptide 1 (15kDa, elongin C)"
"ELOB",6923,"transcription elongation factor B (SIII), polypeptide 2 (18kDa, elongin B)"
"ELOA",6924,"transcription elongation factor B (SIII), polypeptide 3 (110kDa, elongin A)"
"TCF4",6925,"transcription factor 4"
"TBX3",6926,"T-box 3 (ulnar mammary syndrome)"
"HNF1A",6927,"HNF1 homeobox A"
"HNF1B",6928,"HNF1 homeobox B"
"TCF3",6929,"transcription factor 3 (E2A immunoglobulin enhancer binding factors E12/E47)"
"TCF7",6932,"transcription factor 7 (T-cell specific, HMG-box)"
"TCF7L2",6934,"transcription factor 7-like 2 (T-cell specific, HMG-box)"
"ZEB1",6935,"zinc finger E-box binding homeobox 1"
"GCFC2",6936,"chromosome 2 open reading frame 3"
"TCF12",6938,"transcription factor 12 (HTF4, helix-loop-helix transcription factors 4)"
"TCF15",6939,"transcription factor 15 (basic helix-loop-helix)"
"ZNF354A",6940,"zinc finger protein 354A"
"TCF20",6942,"transcription factor 20 (AR1)"
"TCF21",6943,"transcription factor 21"
"VPS72",6944,"vacuolar protein sorting 72 homolog (S. cerevisiae)"
"MLX",6945,"MAX-like protein X"
"TCN1",6947,"transcobalamin I (vitamin B12 binding protein, R binder family)"
"TCN2",6948,"transcobalamin II; macrocytic anemia"
"TCOF1",6949,"Treacher Collins-Franceschetti syndrome 1"
"BTG1",694,"B-cell translocation gene 1, anti-proliferative"
"TCP1",6950,"t-complex 1"
"TCP11",6954,"t-complex 11 (mouse)"
"BTK",695,"Bruton agammaglobulinemia tyrosine kinase"
"BTN1A1",696,"butyrophilin, subfamily 1, member A1"
"DYNLT3",6990,"dynein, light chain, Tctex-type 3"
"PPP1R11",6992,"protein phosphatase 1, regulatory (inhibitor) subunit 11"
"DYNLT1",6993,"dynein, light chain, Tctex-type 1"
"TDO2",6999,"tryptophan 2,3-dioxygenase"
"BUB1",699,"BUB1 budding uninhibited by benzimidazoles 1 homolog (yeast)"
"PRDX2",7001,"peroxiredoxin 2"
"TEAD1",7003,"TEA domain family member 1 (SV40 transcriptional enhancer factor)"
"TEAD4",7004,"TEA domain family member 4"
"TEAD3",7005,"TEA domain family member 3"
"TEC",7006,"tec protein tyrosine kinase"
"TECTA",7007,"tectorin alpha"
"TEF",7008,"thyrotrophic embryonic factor"
"TMBIM6",7009,"testis enhanced gene transcript (BAX inhibitor 1)"
"TEK",7010,"TEK tyrosine kinase, endothelial (venous malformations, multiple cutaneous and mucosal)"
"TEP1",7011,"telomerase-associated protein 1"
"TERF1",7013,"telomeric repeat binding factor (NIMA-interacting) 1"
"TERF2",7014,"telomeric repeat binding factor 2"
"TERT",7015,"telomerase reverse transcriptase"
"TESK1",7016,"testis-specific kinase 1"
"TF",7018,"transferrin"
"TFAM",7019,"transcription factor A, mitochondrial"
"BUB1B",701,"BUB1 budding uninhibited by benzimidazoles 1 homolog beta (yeast)"
"TFAP2A",7020,"transcription factor AP-2 alpha (activating enhancer binding protein 2 alpha)"
"TFAP2B",7021,"transcription factor AP-2 beta (activating enhancer binding protein 2 beta)"
"TFAP2C",7022,"transcription factor AP-2 gamma (activating enhancer binding protein 2 gamma)"
"TFAP4",7023,"transcription factor AP-4 (activating enhancer binding protein 4)"
"TFCP2",7024,"transcription factor CP2"
"NR2F1",7025,"nuclear receptor subfamily 2, group F, member 1"
"NR2F2",7026,"nuclear receptor subfamily 2, group F, member 2"
"TFDP1",7027,"transcription factor Dp-1"
"TFDP2",7029,"transcription factor Dp-2 (E2F dimerization partner 2)"
"TFE3",7030,"transcription factor binding to IGHM enhancer 3"
"TFF1",7031,"trefoil factor 1"
"TFF2",7032,"trefoil factor 2 (spasmolytic protein 1)"
"TFF3",7033,"trefoil factor 3 (intestinal)"
"TFPI",7035,"tissue factor pathway inhibitor (lipoprotein-associated coagulation inhibitor)"
"TFR2",7036,"transferrin receptor 2"
"TFRC",7037,"transferrin receptor (p90, CD71)"
"TG",7038,"thyroglobulin"
"TGFA",7039,"transforming growth factor, alpha"
"TGFB1",7040,"transforming growth factor, beta 1"
"TGFB1I1",7041,"transforming growth factor beta 1 induced transcript 1"
"TGFB2",7042,"transforming growth factor, beta 2"
"TGFB3",7043,"transforming growth factor, beta 3"
"LEFTY2",7044,"left-right determination factor 2"
"TGFBI",7045,"transforming growth factor, beta-induced, 68kDa"
"TGFBR1",7046,"transforming growth factor, beta receptor I (activin A receptor type II-like kinase, 53kDa)"
"TGM4",7047,"transglutaminase 4 (prostate)"
"TGFBR2",7048,"transforming growth factor, beta receptor II (70/80kDa)"
"TGFBR3",7049,"transforming growth factor, beta receptor III"
"TGIF1",7050,"TGFB-induced factor homeobox 1"
"TGM1",7051,"transglutaminase 1 (K polypeptide epidermal type I, protein-glutamine-gamma-glutamyltransferase)"
"TGM2",7052,"transglutaminase 2 (C polypeptide, protein-glutamine-gamma-glutamyltransferase)"
"TGM3",7053,"transglutaminase 3 (E polypeptide, protein-glutamine-gamma-glutamyltransferase)"
"TH",7054,"tyrosine hydroxylase"
"THBD",7056,"thrombomodulin"
"THBS1",7057,"thrombospondin 1"
"THBS2",7058,"thrombospondin 2"
"THBS3",7059,"thrombospondin 3"
"BYSL",705,"bystin-like"
"THBS4",7060,"thrombospondin 4"
"THOP1",7064,"thimet oligopeptidase 1"
"THPO",7066,"thrombopoietin (myeloproliferative leukemia virus oncogene ligand, megakaryocyte growth and development factor)"
"THRA",7067,"thyroid hormone receptor, alpha (erythroblastic leukemia viral (v-erb-a) oncogene homolog, avian)"
"THRB",7068,"thyroid hormone receptor, beta (erythroblastic leukemia viral (v-erb-a) oncogene homolog 2, avian)"
"TSPO",706,"translocator protein (18kDa)"
"THY1",7070,"Thy-1 cell surface antigen"
"KLF10",7071,"Kruppel-like factor 10"
"TIA1",7072,"TIA1 cytotoxic granule-associated RNA binding protein"
"TIAL1",7073,"TIA1 cytotoxic granule-associated RNA binding protein-like 1"
"TIAM1",7074,"T-cell lymphoma invasion and metastasis 1"
"TIE1",7075,"tyrosine kinase with immunoglobulin-like and EGF-like domains 1"
"TIMP1",7076,"TIMP metallopeptidase inhibitor 1"
"TIMP2",7077,"TIMP metallopeptidase inhibitor 2"
"TIMP3",7078,"TIMP metallopeptidase inhibitor 3 (Sorsby fundus dystrophy, pseudoinflammatory)"
"TIMP4",7079,"TIMP metallopeptidase inhibitor 4"
"NKX2-1",7080,"NK2 homeobox 1"
"TJP1",7082,"tight junction protein 1 (zona occludens 1)"
"TK1",7083,"thymidine kinase 1, soluble"
"TK2",7084,"thymidine kinase 2, mitochondrial"
"TKT",7086,"transketolase (Wernicke-Korsakoff syndrome)"
"ICAM5",7087,"intercellular adhesion molecule 5, telencephalin"
"TLE1",7088,"transducin-like enhancer of split 1 (E(sp1) homolog, Drosophila)"
"TLE2",7089,"transducin-like enhancer of split 2 (E(sp1) homolog, Drosophila)"
"C1QBP",708,"complement component 1, q subcomponent binding protein"
"TLE3",7090,"transducin-like enhancer of split 3 (E(sp1) homolog, Drosophila)"
"TLE4",7091,"transducin-like enhancer of split 4 (E(sp1) homolog, Drosophila)"
"TLL2",7093,"tolloid-like 2"
"TLN1",7094,"talin 1"
"SEC62",7095,"translocation protein 1"
"TLR1",7096,"toll-like receptor 1"
"TLR2",7097,"toll-like receptor 2"
"TLR3",7098,"toll-like receptor 3"
"TLR4",7099,"toll-like receptor 4"
"ACTC1",70,"actin, alpha, cardiac muscle 1"
"TLR5",7100,"toll-like receptor 5"
"NR2E1",7101,"nuclear receptor subfamily 2, group E, member 1"
"TSPAN7",7102,"tetraspanin 7"
"TSPAN8",7103,"tetraspanin 8"
"TSPAN6",7105,"tetraspanin 6"
"TSPAN4",7106,"tetraspanin 4"
"TM7SF2",7108,"transmembrane 7 superfamily member 2"
"TRAPPC10",7109,"transmembrane protein 1"
"SERPING1",710,"serpin peptidase inhibitor, clade G (C1 inhibitor), member 1, (angioedema, hereditary)"
"TMOD1",7111,"tropomodulin 1"
"TMPO",7112,"thymopoietin"
"TMPRSS2",7113,"transmembrane protease, serine 2"
"CLDN5",7122,"claudin 5 (transmembrane protein deleted in velocardiofacial syndrome)"
"CLEC3B",7123,"C-type lectin domain family 3, member B"
"TNF",7124,"tumor necrosis factor (TNF superfamily, member 2)"
"TNNC2",7125,"troponin C type 2 (fast)"
"TNFAIP1",7126,"tumor necrosis factor, alpha-induced protein 1 (endothelial)"
"TNFAIP2",7127,"tumor necrosis factor, alpha-induced protein 2"
"TNFAIP3",7128,"tumor necrosis factor, alpha-induced protein 3"
"C1QA",712,"complement component 1, q subcomponent, A chain"
"TNFAIP6",7130,"tumor necrosis factor, alpha-induced protein 6"
"TNFRSF1A",7132,"tumor necrosis factor receptor superfamily, member 1A"
"TNFRSF1B",7133,"tumor necrosis factor receptor superfamily, member 1B"
"TNNC1",7134,"troponin C type 1 (slow)"
"TNNI1",7135,"troponin I type 1 (skeletal, slow)"
"TNNI2",7136,"troponin I type 2 (skeletal, fast)"
"TNNI3",7137,"troponin I type 3 (cardiac)"
"TNNT1",7138,"troponin T type 1 (skeletal, slow)"
"TNNT2",7139,"troponin T type 2 (cardiac)"
"C1QB",713,"complement component 1, q subcomponent, B chain"
"TNNT3",7140,"troponin T type 3 (skeletal, fast)"
"TNP1",7141,"transition protein 1 (during histone to protamine replacement)"
"TNP2",7142,"transition protein 2 (during histone to protamine replacement)"
"TNR",7143,"tenascin R (restrictin, janusin)"
"TNS1",7145,"tensin 1"
"TNXB",7148,"tenascin XB"
"TOP1",7150,"topoisomerase (DNA) I"
"TOP2A",7153,"topoisomerase (DNA) II alpha 170kDa"
"TOP2B",7155,"topoisomerase (DNA) II beta 180kDa"
"TOP3A",7156,"topoisomerase (DNA) III alpha"
"TP53",7157,"tumor protein p53 (Li-Fraumeni syndrome)"
"TP53BP1",7158,"tumor protein p53 binding protein 1"
"TP53BP2",7159,"tumor protein p53 binding protein, 2"
"C1R",715,"complement component 1, r subcomponent"
"TP73",7161,"tumor protein p73"
"TPBG",7162,"trophoblast glycoprotein"
"TPD52",7163,"tumor protein D52"
"TPD52L1",7164,"tumor protein D52-like 1"
"TPD52L2",7165,"tumor protein D52-like 2"
"TPI1",7167,"triosephosphate isomerase 1"
"TPM1",7168,"tropomyosin 1 (alpha)"
"TPM2",7169,"tropomyosin 2 (beta)"
"C1S",716,"complement component 1, s subcomponent"
"TPM3",7170,"tropomyosin 3"
"TPM4",7171,"tropomyosin 4"
"TPMT",7172,"thiopurine S-methyltransferase"
"TPO",7173,"thyroid peroxidase"
"TPP2",7174,"tripeptidyl peptidase II"
"TPR",7175,"translocated promoter region (to activated MET oncogene)"
"TPSAB1",7177,"tryptase alpha/beta 1"
"TPT1",7178,"tumor protein, translationally-controlled 1"
"TPTE",7179,"transmembrane phosphatase with tensin homology"
"C2",717,"complement component 2"
"CRISP2",7180,"cysteine-rich secretory protein 2"
"NR2C1",7181,"nuclear receptor subfamily 2, group C, member 1"
"NR2C2",7182,"nuclear receptor subfamily 2, group C, member 2"
"HSP90B1",7184,"heat shock protein 90kDa beta (Grp94), member 1"
"TRAF1",7185,"TNF receptor-associated factor 1"
"TRAF2",7186,"TNF receptor-associated factor 2"
"TRAF3",7187,"TNF receptor-associated factor 3"
"TRAF5",7188,"TNF receptor-associated factor 5"
"TRAF6",7189,"TNF receptor-associated factor 6"
"C3",718,"complement component 3"
"C3AR1",719,"complement component 3a receptor 1"
"ACTG1",71,"actin, gamma 1"
"TRH",7200,"thyrotropin-releasing hormone"
"TRHR",7201,"thyrotropin-releasing hormone receptor"
"CCT3",7203,"chaperonin containing TCP1, subunit 3 (gamma)"
"TRIO",7204,"triple functional domain (PTPRF interacting)"
"TRIP6",7205,"thyroid hormone receptor interactor 6"
"TRO",7216,"trophinin"
"TRPC1",7220,"transient receptor potential cation channel, subfamily C, member 1"
"TRPC3",7222,"transient receptor potential cation channel, subfamily C, member 3"
"TRPC4",7223,"transient receptor potential cation channel, subfamily C, member 4"
"TRPC5",7224,"transient receptor potential cation channel, subfamily C, member 5"
"TRPC6",7225,"transient receptor potential cation channel, subfamily C, member 6"
"TRPM2",7226,"transient receptor potential cation channel, subfamily M, member 2"
"TRPS1",7227,"trichorhinophalangeal syndrome I"
"C4BPA",722,"complement component 4 binding protein, alpha"
"TSN",7247,"translin"
"TSC1",7248,"tuberous sclerosis 1"
"TSC2",7249,"tuberous sclerosis 2"
"TSG101",7251,"tumor susceptibility gene 101"
"TSHB",7252,"thyroid stimulating hormone, beta"
"TSHR",7253,"thyroid stimulating hormone receptor"
"TSNAX",7257,"translin-associated factor X"
"TSPYL1",7259,"TSPY-like 1"
"C4BPB",725,"complement component 4 binding protein, beta"
"EIPR1",7260,"tumor suppressing subtransferable candidate 1"
"PHLDA2",7262,"pleckstrin homology-like domain, family A, member 2"
"TST",7263,"thiosulfate sulfurtransferase (rhodanese)"
"GFUS",7264,"tissue specific transplantation antigen P35B"
"TTC1",7265,"tetratricopeptide repeat domain 1"
"DNAJC7",7266,"DnaJ (Hsp40) homolog, subfamily C, member 7"
"TTC3",7267,"tetratricopeptide repeat domain 3"
"TTC4",7268,"tetratricopeptide repeat domain 4"
"CAPN5",726,"calpain 5"
"TTF1",7270,"transcription termination factor, RNA polymerase I"
"TTK",7272,"TTK protein kinase"
"TTN",7273,"titin"
"TTPA",7274,"tocopherol (alpha) transfer protein"
"TTR",7276,"transthyretin (prealbumin, amyloidosis type I)"
"TUBA4A",7277,"tubulin, alpha 4a"
"MUC5B",727897,"mucin 5B, oligomeric mucus/gel-forming"
"TUBA3C",7278,"tubulin, alpha 3c"
"C5",727,"complement component 5"
"TUBB2A",7280,"tubulin, beta 2A"
"TUBG1",7283,"tubulin, gamma 1"
"TUFM",7284,"Tu translation elongation factor, mitochondrial"
"CDK11A",728642,"cell division cycle 2-like 2 (PITSLRE proteins)"
"TUFT1",7286,"tuftelin 1"
"TULP1",7287,"tubby like protein 1"
"TULP2",7288,"tubby like protein 2"
"TULP3",7289,"tubby like protein 3"
"C5AR1",728,"complement component 5a receptor 1"
"HIRA",7290,"HIR histone cell cycle regulation defective homolog A (S. cerevisiae)"
"TWIST1",7291,"twist homolog 1 (acrocephalosyndactyly 3; Saethre-Chotzen syndrome) (Drosophila)"
"CCR2",729230,"similar to C-C chemokine receptor type 2 (C-C CKR-2) (CC-CKR-2) (CCR-2) (CCR2) (Monocyte chemoattractant protein 1 receptor) (MCP-1-R) (CD192 antigen)"
"TNFSF4",7292,"tumor necrosis factor (ligand) superfamily, member 4 (tax-transcriptionally activated glycoprotein 1, 34kDa)"
"TNFRSF4",7293,"tumor necrosis factor receptor superfamily, member 4"
"TXK",7294,"TXK tyrosine kinase"
"TMEM242",729515,"chromosome 6 open reading frame 35"
"TXN",7295,"thioredoxin"
"TXNRD1",7296,"thioredoxin reductase 1"
"TYK2",7297,"tyrosine kinase 2"
"TYMS",7298,"thymidylate synthetase"
"TYR",7299,"tyrosinase (oculocutaneous albinism IA)"
"C6",729,"complement component 6"
"ACTG2",72,"actin, gamma 2, smooth muscle, enteric"
"TYRO3",7301,"TYRO3 protein tyrosine kinase"
"TYROBP",7305,"TYRO protein tyrosine kinase binding protein"
"TYRP1",7306,"tyrosinase-related protein 1"
"U2AF1",7307,"U2 small nuclear RNA auxiliary factor 1"
"C7",730,"complement component 7"
"UBA52",7311,"ubiquitin A-52 residue ribosomal protein fusion product 1"
"UBB",7314,"ubiquitin B"
"UBC",7316,"ubiquitin C"
"UBA1",7317,"ubiquitin-activating enzyme E1"
"UBA7",7318,"ubiquitin-activating enzyme E1-like"
"UBE2A",7319,"ubiquitin-conjugating enzyme E2A (RAD6 homolog)"
"C8A",731,"complement component 8, alpha polypeptide"
"UBE2B",7320,"ubiquitin-conjugating enzyme E2B (RAD6 homolog)"
"UBE2D1",7321,"ubiquitin-conjugating enzyme E2D 1 (UBC4/5 homolog, yeast)"
"UBE2D2",7322,"ubiquitin-conjugating enzyme E2D 2 (UBC4/5 homolog, yeast)"
"UBE2D3",7323,"ubiquitin-conjugating enzyme E2D 3 (UBC4/5 homolog, yeast)"
"UBE2E1",7324,"ubiquitin-conjugating enzyme E2E 1 (UBC4/5 homolog, yeast)"
"UBE2G1",7326,"ubiquitin-conjugating enzyme E2G 1 (UBC7 homolog, yeast)"
"UBE2G2",7327,"ubiquitin-conjugating enzyme E2G 2 (UBC7 homolog, yeast)"
"UBE2H",7328,"ubiquitin-conjugating enzyme E2H (UBC8 homolog, yeast)"
"UBE2I",7329,"ubiquitin-conjugating enzyme E2I (UBC9 homolog, yeast)"
"C8B",732,"complement component 8, beta polypeptide"
"UBE2L3",7332,"ubiquitin-conjugating enzyme E2L 3"
"UBE2N",7334,"ubiquitin-conjugating enzyme E2N (UBC13 homolog, yeast)"
"UBE2V2",7336,"ubiquitin-conjugating enzyme E2 variant 2"
"UBE3A",7337,"ubiquitin protein ligase E3A (human papilloma virus E6-associated protein, Angelman syndrome)"
"C8G",733,"complement component 8, gamma polypeptide"
"SUMO1",7341,"SMT3 suppressor of mif two 3 homolog 1 (S. cerevisiae)"
"UBP1",7342,"upstream binding protein 1 (LBP-1a)"
"UBTF",7343,"upstream binding transcription factor, RNA polymerase I"
"UCHL1",7345,"ubiquitin carboxyl-terminal esterase L1 (ubiquitin thiolesterase)"
"UCHL3",7347,"ubiquitin carboxyl-terminal esterase L3 (ubiquitin thiolesterase)"
"UPK1B",7348,"uroplakin 1B"
"UCN",7349,"urocortin"
"OSGIN2",734,"oxidative stress induced growth inhibitor family member 2"
"UCP1",7350,"uncoupling protein 1 (mitochondrial, proton carrier)"
"UCP2",7351,"uncoupling protein 2 (mitochondrial, proton carrier)"
"UCP3",7352,"uncoupling protein 3 (mitochondrial, proton carrier)"
"UFD1",7353,"ubiquitin fusion degradation 1 like (yeast)"
"SLC35A2",7355,"solute carrier family 35 (UDP-galactose transporter), member A2"
"SCGB1A1",7356,"secretoglobin, family 1A, member 1 (uteroglobin)"
"UGCG",7357,"UDP-glucose ceramide glucosyltransferase"
"UGDH",7358,"UDP-glucose dehydrogenase"
"UGP2",7360,"UDP-glucose pyrophosphorylase 2"
"UGT2B4",7363,"UDP glucuronosyltransferase 2 family, polypeptide B4"
"UGT2B17",7367,"UDP glucuronosyltransferase 2 family, polypeptide B17"
"UGT8",7368,"UDP glycosyltransferase 8 (UDP-galactose ceramide galactosyltransferase)"
"UMOD",7369,"uromodulin (uromucoid, Tamm-Horsfall glycoprotein)"
"UCK2",7371,"uridine-cytidine kinase 2"
"UMPS",7372,"uridine monophosphate synthetase (orotate phosphoribosyl transferase and orotidine-5'-decarboxylase)"
"COL14A1",7373,"collagen, type XIV, alpha 1 (undulin)"
"UNG",7374,"uracil-DNA glycosylase"
"USP4",7375,"ubiquitin specific peptidase 4 (proto-oncogene)"
"NR1H2",7376,"nuclear receptor subfamily 1, group H, member 2"
"UPP1",7378,"uridine phosphorylase 1"
"UPK2",7379,"uroplakin 2"
"UPK3A",7380,"uroplakin 3A"
"UQCRB",7381,"ubiquinol-cytochrome c reductase binding protein"
"UQCRC1",7384,"ubiquinol-cytochrome c reductase core protein I"
"UQCRC2",7385,"ubiquinol-cytochrome c reductase core protein II"
"UQCRFS1",7386,"ubiquinol-cytochrome c reductase, Rieske iron-sulfur polypeptide 1"
"UQCRH",7388,"ubiquinol-cytochrome c reductase hinge protein"
"UROD",7389,"uroporphyrinogen decarboxylase"
"VPS51",738,"chromosome 11 open reading frame2"
"UROS",7390,"uroporphyrinogen III synthase (congenital erythropoietic porphyria)"
"USF2",7392,"upstream transcription factor 2, c-fos interacting"
"USP1",7398,"ubiquitin specific peptidase 1"
"USH2A",7399,"Usher syndrome 2A (autosomal recessive, mild)"
"UTRN",7402,"utrophin"
"KDM6A",7403,"ubiquitously transcribed tetratricopeptide repeat, X chromosome"
"UTY",7404,"ubiquitously transcribed tetratricopeptide repeat gene, Y-linked"
"UVRAG",7405,"UV radiation resistance associated gene"
"VARS1",7407,"valyl-tRNA synthetase"
"VASP",7408,"vasodilator-stimulated phosphoprotein"
"VAV1",7409,"vav 1 guanine nucleotide exchange factor"
"MRPL49",740,"mitochondrial ribosomal protein L49"
"VAV2",7410,"vav 2 guanine nucleotide exchange factor"
"VBP1",7411,"von Hippel-Lindau binding protein 1"
"VCAM1",7412,"vascular cell adhesion molecule 1"
"VCL",7414,"vinculin"
"VCP",7415,"valosin-containing protein"
"VDAC1",7416,"voltage-dependent anion channel 1"
"VDAC3",7419,"voltage-dependent anion channel 3"
"ZNHIT2",741,"zinc finger, HIT type 2"
"VEGFB",7423,"vascular endothelial growth factor B"
"VEGFC",7424,"vascular endothelial growth factor C"
"VGF",7425,"VGF nerve growth factor inducible"
"VIL1",7429,"villin 1"
"EZR",7430,"villin 2 (ezrin)"
"VIM",7431,"vimentin"
"VIP",7432,"vasoactive intestinal peptide"
"VIPR1",7433,"vasoactive intestinal peptide receptor 1"
"VIPR2",7434,"vasoactive intestinal peptide receptor 2"
"VLDLR",7436,"very low density lipoprotein receptor"
"BEST1",7439,"bestrophin 1"
"VPREB1",7441,"pre-B lymphocyte gene 1"
"TRPV1",7442,"transient receptor potential cation channel, subfamily V, member 1"
"VRK1",7443,"vaccinia related kinase 1"
"VRK2",7444,"vaccinia related kinase 2"
"VSNL1",7447,"visinin-like 1"
"VTN",7448,"vitronectin"
"MPPED2",744,"metallophosphoesterase domain containing 2"
"VWF",7450,"von Willebrand factor"
"WARS1",7453,"tryptophanyl-tRNA synthetase"
"WAS",7454,"Wiskott-Aldrich syndrome (eczema-thrombocytopenia)"
"WIPF1",7456,"WAS/WASL interacting protein family, member 1"
"MYRF",745,"chromosome 11 open reading frame 9"
"CLIP2",7461,"CAP-GLY domain containing linker protein 2"
"LAT2",7462,"linker for activation of T cells family, member 2"
"CORO2A",7464,"coronin, actin binding protein, 2A"
"WEE1",7465,"WEE1 homolog (S. pombe)"
"WFS1",7466,"Wolfram syndrome 1 (wolframin)"
"NSD2",7468,"Wolf-Hirschhorn syndrome candidate 1"
"NELFA",7469,"Wolf-Hirschhorn syndrome candidate 2"
"TMEM258",746,"chromosome 11 open reading frame 10"
"WNT1",7471,"wingless-type MMTV integration site family, member 1"
"WNT2",7472,"wingless-type MMTV integration site family member 2"
"WNT3",7473,"wingless-type MMTV integration site family, member 3"
"WNT5A",7474,"wingless-type MMTV integration site family, member 5A"
"WNT6",7475,"wingless-type MMTV integration site family, member 6"
"WNT7A",7476,"wingless-type MMTV integration site family, member 7A"
"WNT7B",7477,"wingless-type MMTV integration site family, member 7B"
"WNT8B",7479,"wingless-type MMTV integration site family, member 8B"
"DAGLA",747,"diacylglycerol lipase, alpha"
"WNT10B",7480,"wingless-type MMTV integration site family, member 10B"
"WNT11",7481,"wingless-type MMTV integration site family, member 11"
"WNT2B",7482,"wingless-type MMTV integration site family, member 2B"
"GET1",7485,"tryptophan rich basic protein"
"WRN",7486,"Werner syndrome"
"WT1",7490,"Wilms tumor 1"
"XBP1",7494,"X-box binding protein 1"
"XDH",7498,"xanthine dehydrogenase"
"XK",7504,"X-linked Kx blood group (McLeod syndrome)"
"XPA",7507,"xeroderma pigmentosum, complementation group A"
"XPC",7508,"xeroderma pigmentosum, complementation group C"
"XPNPEP1",7511,"X-prolyl aminopeptidase (aminopeptidase P) 1, soluble"
"XPNPEP2",7512,"X-prolyl aminopeptidase (aminopeptidase P) 2, membrane-bound"
"XPO1",7514,"exportin 1 (CRM1 homolog, yeast)"
"XRCC1",7515,"X-ray repair complementing defective repair in Chinese hamster cells 1"
"XRCC2",7516,"X-ray repair complementing defective repair in Chinese hamster cells 2"
"XRCC3",7517,"X-ray repair complementing defective repair in Chinese hamster cells 3"
"XRCC4",7518,"X-ray repair complementing defective repair in Chinese hamster cells 4"
"XRCC5",7520,"X-ray repair complementing defective repair in Chinese hamster cells 5 (double-strand-break rejoining; Ku autoantigen, 80kDa)"
"YES1",7525,"v-yes-1 Yamaguchi sarcoma viral oncogene homolog 1"
"YY1",7528,"YY1 transcription factor"
"YWHAB",7529,"tyrosine 3-monooxygenase/tryptophan 5-monooxygenase activation protein, beta polypeptide"
"FMNL1",752,"formin-like 1"
"YWHAE",7531,"tyrosine 3-monooxygenase/tryptophan 5-monooxygenase activation protein, epsilon polypeptide"
"YWHAH",7533,"tyrosine 3-monooxygenase/tryptophan 5-monooxygenase activation protein, eta polypeptide"
"YWHAZ",7534,"tyrosine 3-monooxygenase/tryptophan 5-monooxygenase activation protein, zeta polypeptide"
"ZAP70",7535,"zeta-chain (TCR) associated protein kinase 70kDa"
"SF1",7536,"splicing factor 1"
"ZFP36",7538,"zinc finger protein 36, C3H type, homolog (mouse)"
"ZFP37",7539,"zinc finger protein 37 homolog (mouse)"
"LDLRAD4",753,"chromosome 18 open reading frame 1"
"ZBTB14",7541,"zinc finger protein 161 homolog (mouse)"
"ZFPL1",7542,"zinc finger protein-like 1"
"ZFX",7543,"zinc finger protein, X-linked"
"ZFY",7544,"zinc finger protein, Y-linked"
"ZIC1",7545,"Zic family member 1 (odd-paired homolog, Drosophila)"
"ZIC3",7547,"Zic family member 3 heterotaxy 1 (odd-paired homolog, Drosophila)"
"PTTG1IP",754,"pituitary tumor-transforming 1 interacting protein"
"ZNF3",7551,"zinc finger protein 3"
"ZNF711",7552,"zinc finger protein 711"
"CNBP",7555,"CCHC-type zinc finger, nucleic acid binding protein"
"ZNF10",7556,"zinc finger protein 10"
"CFAP410",755,"chromosome 21 open reading frame 2"
"ZNF16",7564,"zinc finger protein 16"
"ZNF23",7571,"zinc finger protein 23 (KOX 16)"
"ZNF24",7572,"zinc finger protein 24"
"TMEM50B",757,"transmembrane protein 50B"
"ZKSCAN1",7586,"zinc finger with KRAB and SCAN domains 1"
"ZNF37A",7587,"zinc finger protein 37A"
"MZF1",7593,"myeloid zinc finger 1"
"ZNF45",7596,"zinc finger protein 45"
"CA1",759,"carbonic anhydrase I"
"CA2",760,"carbonic anhydrase II"
"CA3",761,"carbonic anhydrase III, muscle specific"
"ZNF74",7625,"zinc finger protein 74"
"ZNF76",7629,"zinc finger protein 76 (expressed in testis)"
"CA4",762,"carbonic anhydrase IV"
"ZNF79",7633,"zinc finger protein 79"
"CA5A",763,"carbonic anhydrase VA, mitochondrial"
"ZNF91",7644,"zinc finger protein 91"
"CA6",765,"carbonic anhydrase VI"
"CA7",766,"carbonic anhydrase VII"
"ZNF222",7673,"zinc finger protein 222"
"CA8",767,"carbonic anhydrase VIII"
"MKRN3",7681,"makorin, ring finger protein, 3"
"CA9",768,"carbonic anhydrase IX"
"ZNF131",7690,"zinc finger protein 131"
"ZNF133",7692,"zinc finger protein 133"
"ZNF141",7700,"zinc finger protein 141"
"PCGF2",7703,"polycomb group ring finger 2"
"ZBTB16",7704,"zinc finger and BTB domain containing 16"
"ZNF146",7705,"zinc finger protein 146"
"TRIM25",7706,"tripartite motif-containing 25"
"ZNF148",7707,"zinc finger protein 148"
"ZBTB17",7709,"zinc finger and BTB domain containing 17"
"ZNF155",7711,"zinc finger protein 155"
"ZNF157",7712,"zinc finger protein 157"
"ZNF165",7718,"zinc finger protein 165"
"CA12",771,"carbonic anhydrase XII"
"TRIM26",7726,"tripartite motif-containing 26"
"ZNF174",7727,"zinc finger protein 174"
"RNF113A",7737,"ring finger protein 113A"
"ZNF185",7739,"zinc finger protein 185 (LIM domain)"
"CACNA1A",773,"calcium channel, voltage-dependent, P/Q type, alpha 1A subunit"
"ZKSCAN8",7745,"zinc finger protein 192"
"ZSCAN9",7746,"zinc finger protein 193"
"ZNF195",7748,"zinc finger protein 195"
"CACNA1B",774,"calcium channel, voltage-dependent, N type, alpha 1B subunit"
"ZMYM2",7750,"zinc finger, MYM-type 2"
"ZNF200",7752,"zinc finger protein 200"
"ZNF202",7753,"zinc finger protein 202"
"ZNF205",7755,"zinc finger protein 205"
"ZNF207",7756,"zinc finger protein 207"
"ZNF208",7757,"zinc finger protein 208"
"CACNA1C",775,"calcium channel, voltage-dependent, L type, alpha 1C subunit"
"ZNF214",7761,"zinc finger protein 214"
"ZNF215",7762,"zinc finger protein 215"
"ZFAND5",7763,"zinc finger, AN1-type domain 5"
"ZNF217",7764,"zinc finger protein 217"
"ZNF223",7766,"zinc finger protein 223"
"ZNF224",7767,"zinc finger protein 224"
"CACNA1D",776,"calcium channel, voltage-dependent, L type, alpha 1D subunit"
"ZNF227",7770,"zinc finger protein 227"
"ZNF230",7773,"zinc finger protein 230"
"ZNF232",7775,"zinc finger protein 232"
"ZNF236",7776,"zinc finger protein 236"
"CACNA1E",777,"calcium channel, voltage-dependent, R type, alpha 1E subunit"
"SLC30A3",7781,"solute carrier family 30 (zinc transporter), member 3"
"SLC30A4",7782,"solute carrier family 30 (zinc transporter), member 4"
"ZP2",7783,"zona pellucida glycoprotein 2 (sperm receptor)"
"MAP3K12",7786,"mitogen-activated protein kinase kinase kinase 12"
"ZXDA",7789,"zinc finger, X-linked, duplicated A"
"CACNA1F",778,"calcium channel, voltage-dependent, L type, alpha 1F subunit"
"ZYX",7791,"zyxin"
"PRDM2",7799,"PR domain containing 2, with ZNF domain"
"CACNA1S",779,"calcium channel, voltage-dependent, L type, alpha 1S subunit"
"DNALI1",7802,"dynein, axonemal, light intermediate chain 1"
"PTP4A1",7803,"protein tyrosine phosphatase type IVA, member 1"
"LRP8",7804,"low density lipoprotein receptor-related protein 8, apolipoprotein e receptor"
"LAPTM5",7805,"lysosomal associated multispanning membrane protein 5"
"DDR1",780,"discoidin domain receptor family, member 1"
"CSDE1",7812,"cold shock domain containing E1, RNA-binding"
"EVI5",7813,"ecotropic viral integration site 5"
"DAP3",7818,"death associated protein 3"
"CACNA2D1",781,"calcium channel, voltage-dependent, alpha 2/delta subunit 1"
"NPHS2",7827,"nephrosis 2, idiopathic, steroid-resistant (podocin)"
"CACNB1",782,"calcium channel, voltage-dependent, beta 1 subunit"
"BTG2",7832,"BTG family, member 2"
"CACNB2",783,"calcium channel, voltage-dependent, beta 2 subunit"
"ALMS1",7840,"Alstrom syndrome 1"
"MOGS",7841,"glucosidase I"
"RNF103",7844,"ring finger protein 103"
"TUBA1A",7846,"tubulin, alpha 1a"
"PAX8",7849,"paired box 8"
"CACNB3",784,"calcium channel, voltage-dependent, beta 3 subunit"
"IL1R2",7850,"interleukin 1 receptor, type II"
"MALL",7851,"mal, T-cell differentiation protein-like"
"CXCR4",7852,"chemokine (C-X-C motif) receptor 4"
"FZD5",7855,"frizzled homolog 5 (Drosophila)"
"SCG2",7857,"secretogranin II (chromogranin C)"
"CACNB4",785,"calcium channel, voltage-dependent, beta 4 subunit"
"BRPF1",7862,"bromodomain and PHD finger containing, 1"
"IFRD2",7866,"interferon-related developmental regulator 2"
"MAPKAPK3",7867,"mitogen-activated protein kinase-activated protein kinase 3"
"SEMA3B",7869,"sema domain, immunoglobulin domain (Ig), short basic domain, secreted, (semaphorin) 3B"
"CACNG1",786,"calcium channel, voltage-dependent, gamma subunit 1"
"MANF",7873,"arginine-rich, mutated in early stage tumors"
"USP7",7874,"ubiquitin specific peptidase 7 (herpes virus-associated)"
"RAB7A",7879,"RAB7A, member RAS oncogene family"
"KCNAB1",7881,"potassium voltage-gated channel, shaker-related subfamily, beta member 1"
"SLBP",7884,"stem-loop (histone) binding protein"
"SLC25A20",788,"solute carrier family 25 (carnitine/acylcarnitine translocase), member 20"
"CRELD1",78987,"cysteine-rich with EGF-like domains 1"
"MRPL57",78988,"mitochondrial ribosomal protein 63"
"COLEC11",78989,"collectin sub-family member 11"
"OTUB2",78990,"OTU domain, ubiquitin aldehyde binding 2"
"YIPF2",78992,"Yip1 domain family, member 2"
"PRR14",78994,"proline rich 14"
"CYREN",78996,"chromosome 7 open reading frame 49"
"LRFN4",78999,"leucine rich repeat and fibronectin type III domain containing 4"
"AUNIP",79000,"chromosome 1 open reading frame 135"
"VKORC1",79001,"vitamin K epoxide reductase complex, subunit 1"
"MIS12",79003,"MIS12, MIND kinetochore complex component, homolog (yeast)"
"CUEDC2",79004,"CUE domain containing 2"
"SCNM1",79005,"sodium channel modifier 1"
"DDX50",79009,"DEAD (Asp-Glu-Ala-Asp) box polypeptide 50"
"DDA1",79016,"chromosome 19 open reading frame 58"
"GGCT",79017,"chromosome 7 open reading frame 24"
"GID4",79018,"chromosome 17 open reading frame 39"
"CENPM",79019,"centromere protein M"
"C7orf25",79020,"chromosome 7 open reading frame 25"
"NUP37",79023,"nucleoporin 37kDa"
"AHNAK",79026,"AHNAK nucleoprotein"
"ERI3",79033,"prion protein interacting protein"
"NABP2",79035,"oligonucleotide/oligosaccharide-binding fold containing 2B"
"KXD1",79036,"chromosome 19 open reading frame 50"
"PVRIG",79037,"poliovirus receptor related immunoglobulin domain containing"
"DDX54",79039,"DEAD (Asp-Glu-Ala-Asp) box polypeptide 54"
"ST8SIA4",7903,"ST8 alpha-N-acetyl-neuraminide alpha-2,8-sialyltransferase 4"
"TSEN34",79042,"tRNA splicing endonuclease 34 homolog (S. cerevisiae)"
"KCTD15",79047,"potassium channel tetramerisation domain containing 15"
"SECISBP2",79048,"SECIS binding protein 2"
"NOC4L",79050,"nucleolar complex associated 4 homolog (S. cerevisiae)"
"ALG8",79053,"asparagine-linked glycosylation 8 homolog (S. cerevisiae, alpha-1,3-glucosyltransferase)"
"TRPM8",79054,"transient receptor potential cation channel, subfamily M, member 8"
"PRRG4",79056,"proline rich Gla (G-carboxyglutamic acid) 4 (transmembrane)"
"ASPSCR1",79058,"alveolar soft part sarcoma chromosome region, candidate 1"
"REEP5",7905,"receptor accessory protein 5"
"ATG9A",79065,"ATG9 autophagy related 9 homolog A (S. cerevisiae)"
"METTL16",79066,"methyltransferase 10 domain containing"
"FTO",79068,"fat mass and obesity associated"
"POGLUT2",79070,"KDEL (Lys-Asp-Glu-Leu) containing 1"
"ELOVL6",79071,"ELOVL family member 6, elongation of long chain fatty acids (FEN1/Elo2, SUR4/Elo3-like, yeast)"
"FASTKD3",79072,"FAST kinase domains 3"
"TMEM109",79073,"transmembrane protein 109"
"C2orf49",79074,"chromosome 2 open reading frame 49"
"DSCC1",79075,"defective in sister chromatid cohesion homolog 1 (S. cerevisiae)"
"DCTPP1",79077,"XTP3-transactivated protein A"
"C1orf50",79078,"chromosome 1 open reading frame 50"
"CCDC86",79080,"coiled-coil domain containing 86"
"MLPH",79083,"melanophilin"
"WDR77",79084,"WD repeat domain 77"
"ALG12",79087,"asparagine-linked glycosylation 12 homolog (S. cerevisiae, alpha-1,6-mannosyltransferase)"
"TMUB2",79089,"transmembrane and ubiquitin-like domain containing 2"
"TRAPPC6A",79090,"trafficking protein particle complex 6A"
"METTL22",79091,"chromosome 16 open reading frame 68"
"CARD14",79092,"caspase recruitment domain family, member 14"
"CHAC1",79094,"ChaC, cation transport regulator homolog 1 (E. coli)"
"C1orf116",79098,"chromosome 1 open reading frame 116"
"CAD",790,"carbamoyl-phosphate synthetase 2, aspartate transcarbamylase, and dihydroorotase"
"TAF1D",79101,"Josephin domain containing 3"
"MAPKAP1",79109,"mitogen-activated protein kinase associated protein 1"
"DHX58",79132,"DEXH (Asp-Glu-X-His) box polypeptide 58"
"APOO",79135,"apolipoprotein O"
"LY6G6E",79136,"lymphocyte antigen 6 complex, locus G6E"
"RETREG2",79137,"family with sequence similarity 134, member A"
"DERL1",79139,"Der1-like domain family, member 1"
"DEK",7913,"DEK oncogene (DNA binding)"
"CCDC28B",79140,"coiled-coil domain containing 28B"
"MBOAT7",79143,"leukocyte receptor cluster (LRC) member 4"
"CHCHD7",79145,"coiled-coil-helix-coiled-coil-helix domain containing 7"
"FKRP",79147,"fukutin related protein"
"MMP28",79148,"matrix metallopeptidase 28"
"FA2H",79152,"fatty acid 2-hydroxylase"
"GDPD3",79153,"glycerophosphodiester phosphodiesterase domain containing 3"
"DHRS11",79154,"short-chain dehydrogenase/reductase"
"TNIP2",79155,"TNFAIP3 interacting protein 2"
"PLEKHF1",79156,"pleckstrin homology domain containing, family F (with FYVE domain) member 1"
"MFSD11",79157,"major facilitator superfamily domain containing 11"
"GNPTAB",79158,"N-acetylglucosamine-1-phosphate transferase, alpha and beta subunits"
"NOL12",79159,"nucleolar protein 12"
"ALDH5A1",7915,"aldehyde dehydrogenase 5 family, member A1 (succinate-semialdehyde dehydrogenase)"
"PRRC2A",7916,"HLA-B associated transcript 2"
"PRR15L",79170,"ATPase family, AAA domain containing 4"
"RBM42",79171,"RNA binding motif protein 42"
"CENPO",79172,"centromere protein O"
"BRME1",79173,"chromosome 19 open reading frame 57"
"CRELD2",79174,"cysteine-rich with EGF-like domains 2"
"FBXL15",79176,"F-box and leucine-rich repeat protein 15"
"THTPA",79178,"thiamine triphosphatase"
"BAG6",7917,"HLA-B associated transcript 3"
"BRCC3",79184,"BRCA1/BRCA2-containing complex, subunit 3"
"TMEM43",79188,"transmembrane protein 43"
"DDX39B",7919,"HLA-B associated transcript 1"
"THOC6",79228,"THO complex 6 homolog (Drosophila)"
"SLC39A7",7922,"solute carrier family 39 (zinc transporter), member 7"
"HSD17B8",7923,"hydroxysteroid (17-beta) dehydrogenase 8"
"DCAF10",79269,"WD repeat domain 32"
"CPLANE2",79363,"chromosome 1 open reading frame 89"
"ZXDC",79364,"ZXD family zinc finger C"
"BHLHE41",79365,"basic helix-loop-helix domain containing, class B, 3"
"HMGN5",79366,"nucleosomal binding protein 1"
"FCRL2",79368,"Fc receptor-like 2"
"B3GNT4",79369,"UDP-GlcNAc:betaGal beta-1,3-N-acetylglucosaminyltransferase 4"
"NELFE",7936,"RD RNA binding protein"
"BCL2L14",79370,"BCL2-like 14 (apoptosis facilitator)"
"CALB1",793,"calbindin 1, 28kDa"
"LST1",7940,"leukocyte specific transcript 1"
"KREMEN2",79412,"kringle containing transmembrane protein 2"
"LRFN3",79414,"leucine rich repeat and fibronectin type III domain containing 3"
"PLA2G7",7941,"phospholipase A2, group VII (platelet-activating factor acetylhydrolase, plasma)"
"TFEB",7942,"transcription factor EB"
"HAUS3",79441,"chromosome 4 open reading frame 15"
"FYCO1",79443,"FYVE and coiled-coil domain containing 1"
"BIRC7",79444,"baculoviral IAP repeat-containing 7 (livin)"
"WDR25",79446,"WD repeat domain 25"
"PAGR1",79447,"chromosome 16 open reading frame 53"
"CALB2",794,"calbindin 2, 29kDa (calretinin)"
"RIPOR1",79567,"family with sequence similarity 65, member A"
"MAIP1",79568,"chromosome 2 open reading frame 47"
"NKAIN1",79570,"family with sequence similarity 77, member C"
"GCC1",79571,"GRIP and coiled-coil domain containing 1"
"CDC73",79577,"cell division cycle 73, Paf1/RNA polymerase II complex component, homolog (S. cerevisiae)"
"EPM2A",7957,"epilepsy, progressive myoclonus type 2A, Lafora disease (laforin)"
"SLC52A2",79581,"G protein-coupled receptor 172A"
"SPAG16",79582,"sperm associated antigen 16"
"CORO7",79585,"coronin 7"
"CHPF",79586,"chondroitin polymerizing factor"
"CARS2",79587,"cysteinyl-tRNA synthetase 2, mitochondrial (putative)"
"RNF128",79589,"ring finger protein 128"
"MRPL24",79590,"mitochondrial ribosomal protein L24"
"ARMH3",79591,"chromosome 10 open reading frame 76"
"MUL1",79594,"chromosome 1 open reading frame 166"
"SAP130",79595,"Sin3A-associated protein, 130kDa"
"S100G",795,"S100 calcium binding protein G"
"TCTN1",79600,"tectonic family member 1"
"ADIPOR2",79602,"adiponectin receptor 2"
"CERS4",79603,"LAG1 homolog, ceramide synthase 4"
"PGBD5",79605,"piggyBac transposable element derived 5"
"RIC3",79608,"resistance to inhibitors of cholinesterase 3 homolog (C. elegans)"
"VCPKMT",79609,"chromosome 14 open reading frame 138"
"ACSS3",79611,"FLJ21963 protein"
"NAA16",79612,"NMDA receptor regulated 1-like"
"RNASEH2B",79621,"ribonuclease H2, subunit B"
"SNRNP25",79622,"chromosome 16 open reading frame 33"
"GALNT14",79623,"UDP-N-acetyl-alpha-D-galactosamine:polypeptide N-acetylgalactosaminyltransferase 14 (GalNAc-T14)"
"ARMT1",79624,"chromosome 6 open reading frame 211"
"SH3TC2",79628,"SH3 domain and tetratricopeptide repeats 2"
"EFL1",79631,"elongation factor Tu GTP binding domain containing 1"
"CCDC121",79635,"coiled-coil domain containing 121"
"ARMC7",79637,"armadillo repeat containing 7"
"ROGDI",79641,"rogdi homolog (Drosophila)"
"CHMP6",79643,"chromatin modifying protein 6"
"SRD5A3",79644,"steroid 5 alpha-reductase 2-like"
"PANK3",79646,"pantothenate kinase 3"
"MCPH1",79648,"microcephaly, primary autosomal recessive 1"
"USB1",79650,"chromosome 16 open reading frame 57"
"RHBDF2",79651,"rhomboid 5 homolog 2 (Drosophila)"
"TMEM204",79652,"chromosome 16 open reading frame 30"
"RPAP3",79657,"RNA polymerase II associated protein 3"
"ARHGAP10",79658,"Rho GTPase activating protein 10"
"DYNC2H1",79659,"dynein, cytoplasmic 2, heavy chain 1"
"AIMP2",7965,"JTV1 gene"
"NEIL1",79661,"nei endonuclease VIII-like 1 (E. coli)"
"HSPBAP1",79663,"HSPB (heat shock 27kDa) associated protein 1"
"ICE2",79664,"NMDA receptor regulated 2"
"DHX40",79665,"DEAH (Asp-Glu-Ala-His) box polypeptide 40"
"PARP8",79668,"poly (ADP-ribose) polymerase family, member 8"
"TUT7",79670,"zinc finger, CCHC domain containing 6"
"NLRX1",79671,"NLR family member X1"
"FASTKD1",79675,"FAST kinase domains 1"
"OGFOD2",79676,"2-oxoglutarate and iron-dependent oxygenase domain containing 2"
"SMC6",79677,"structural maintenance of chromosomes 6"
"VTCN1",79679,"V-set domain containing T cell activation inhibitor 1"
"RTL10",79680,"chromosome 22 open reading frame 29"
"CENPU",79682,"MLF1 interacting protein"
"SAP30L",79685,"SAP30-like"
"STEAP4",79689,"STEAP family member 4"
"QTRT2",79691,"queuine tRNA-ribosyltransferase domain containing 1"
"YRDC",79693,"yrdC domain containing (E. coli)"
"MANEA",79694,"mannosidase, endo-alpha"
"ZC2HC1C",79696,"chromosome 14 open reading frame 140"
"RIOX1",79697,"chromosome 14 open reading frame 169"
"CALCA",796,"calcitonin/calcitonin-related polypeptide, alpha"
"TOP6BL",79703,"chromosome 11 open reading frame 80"
"LRRK1",79705,"leucine-rich repeat kinase 1"
"PRKRIP1",79706,"PRKR interacting protein 1 (IL11 inducible)"
"COLGALT1",79709,"glycosyltransferase 25 domain containing 1"
"MORC4",79710,"MORC family CW-type zinc finger 4"
"IPO4",79711,"importin 4"
"GTDC1",79712,"glycosyltransferase-like domain containing 1"
"CCDC51",79714,"coiled-coil domain containing 51"
"NPEPL1",79716,"aminopeptidase-like 1"
"PPCS",79717,"phosphopantothenoylcysteine synthetase"
"TBL1XR1",79718,"transducin (beta)-like 1X-linked receptor 1"
"AAGAB",79719,"hypothetical protein FLJ11506"
"VPS37B",79720,"vacuolar protein sorting 37 homolog B (S. cerevisiae)"
"ANKRD55",79722,"ankyrin repeat domain 55"
"SUV39H2",79723,"suppressor of variegation 3-9 homolog 2 (Drosophila)"
"THAP9",79725,"THAP domain containing 9"
"WDR59",79726,"WD repeat domain 59"
"LIN28A",79727,"lin-28 homolog (C. elegans)"
"PALB2",79728,"partner and localizer of BRCA2"
"NARS2",79731,"asparaginyl-tRNA synthetase 2, mitochondrial (putative)"
"E2F8",79733,"E2F transcription factor 8"
"KCTD17",79734,"potassium channel tetramerisation domain containing 17"
"TBC1D17",79735,"TBC1 domain family, member 17"
"BBS10",79738,"Bardet-Biedl syndrome 10"
"ADGB",79747,"chromosome 6 open reading frame 103"
"LMAN1L",79748,"lectin, mannose-binding, 1 like"
"SLC25A22",79751,"solute carrier family 25 (mitochondrial carrier: glutamate), member 22"
"ZFAND1",79752,"zinc finger, AN1-type domain 1"
"SNIP1",79753,"Smad nuclear interacting protein 1"
"ASB13",79754,"ankyrin repeat and SOCS box-containing 13"
"ZNF750",79755,"zinc finger protein 750"
"MAFK",7975,"v-maf musculoaponeurotic fibrosarcoma oncogene homolog K (avian)"
"GEMIN7",79760,"gem (nuclear organelle) associated protein 7"
"ISOC2",79763,"isochorismatase domain containing 2"
"ELMO3",79767,"engulfment and cell motility 3"
"KATNBL1",79768,"chromosome 15 open reading frame 29"
"FZD3",7976,"frizzled homolog 3 (Drosophila)"
"ZFHX4",79776,"zinc finger homeobox 4"
"ACBD4",79777,"acyl-Coenzyme A binding domain containing 4"
"MICALL2",79778,"MICAL-like 2"
"SUGCT",79783,"chromosome 7 open reading frame 10"
"MYH14",79784,"myosin, heavy chain 14"
"KLHL36",79786,"chromosome 16 open reading frame 44"
"MTERF1",7978,"mitochondrial transcription termination factor"
"GSDMD",79792,"gasdermin domain containing 1"
"SPRING1",79794,"chromosome 12 open reading frame 49"
"ALG9",79796,"asparagine-linked glycosylation 9 homolog (S. cerevisiae, alpha- 1,2-mannosyltransferase)"
"ZNF408",79797,"zinc finger protein 408"
"UGT2A3",79799,"UDP glucuronosyltransferase 2 family, polypeptide A3"
"SEM1",7979,"split hand/foot malformation (ectrodactyly) type 1"
"CALCB",797,"calcitonin-related polypeptide, beta"
"SHCBP1",79801,"SHC SH2-domain binding protein 1"
"HPS6",79803,"Hermansky-Pudlak syndrome 6"
"VASH2",79805,"vasohibin 2"
"GSTCD",79807,"glutathione S-transferase, C-terminal domain containing"
"TFPI2",7980,"tissue factor pathway inhibitor 2"
"PTCD2",79810,"pentatricopeptide repeat domain 2"
"SLTM",79811,"SAFB-like, transcription modulator"
"MMRN2",79812,"multimerin 2"
"EHMT1",79813,"euchromatic histone-lysine N-methyltransferase 1"
"NIPAL2",79815,"NIPA-like domain containing 2"
"TLE6",79816,"transducin-like enhancer of split 6 (E(sp1) homolog, Drosophila)"
"DNAI4",79819,"WD repeat domain 78"
"CATSPERB",79820,"chromosome 14 open reading frame 161"
"CAMKMT",79823,"chromosome 2 open reading frame 34"
"METTL8",79828,"methyltransferase like 8"
"NAA40",79829,"N-acetyltransferase 11"
"KDM8",79831,"jumonji domain containing 5"
"QSER1",79832,"glutamine and serine rich 1"
"GEMIN6",79833,"gem (nuclear organelle) associated protein 6"
"PEAK1",79834,"NKF3 kinase family member"
"PIP4K2C",79837,"phosphatidylinositol-5-phosphate 4-kinase, type II, gamma"
"NHEJ1",79840,"nonhomologous end-joining factor 1"
"AGBL2",79841,"ATP/GTP binding protein-like 2"
"FAM124B",79843,"family with sequence similarity 124B"
"CFAP69",79846,"hypothetical protein FLJ21062"
"CSPP1",79848,"centrosome and spindle pole associated protein 1"
"NHERF4",79849,"PDZ domain containing 3"
"ARHGEF5",7984,"Rho guanine nucleotide exchange factor (GEF) 5"
"TLCD3A",79850,"family with sequence similarity 57, member A"
"TUBAL3",79861,"tubulin, alpha-like 3"
"RBFA",79863,"chromosome 18 open reading frame 22"
"TREML2",79865,"triggering receptor expressed on myeloid cells-like 2"
"BORA",79866,"chromosome 13 open reading frame 34"
"TCTN2",79867,"tectonic family member 2"
"ALG13",79868,"chromosome X open reading frame 45"
"CPSF7",79869,"pre-mRNA cleavage factor I, 59 kDa subunit"
"BAALC",79870,"brain and acute leukemia, cytoplasmic"
"RPAP2",79871,"RNA polymerase II associated protein 2"
"CBLL1",79872,"Cas-Br-M (murine) ecotropic retroviral transforming sequence-like 1"
"NUDT18",79873,"nudix (nucleoside diphosphate linked moiety X)-type motif 18"
"RABEP2",79874,"rabaptin, RAB GTPase binding effector protein 2"
"THSD4",79875,"thrombospondin, type I, domain containing 4"
"UBA5",79876,"ubiquitin-activating enzyme E1-domain containing 1"
"DCAKD",79877,"dephospho-CoA kinase domain containing"
"ZC3H14",79882,"zinc finger CCCH-type containing 14"
"MAP9",79884,"microtubule-associated protein 9"
"HDAC11",79885,"histone deacetylase 11"
"CAAP1",79886,"chromosome 9 open reading frame 82"
"LPCAT1",79888,"acyltransferase like 2"
"ZNF212",7988,"zinc finger protein 212"
"RIN3",79890,"Ras and Rab interactor 3"
"MCMBP",79892,"chromosome 10 open reading frame 119"
"GGNBP2",79893,"gametogenetin binding protein 2"
"ATP8B4",79895,"ATPase, Class I, type 8B, member 4"
"RPP21",79897,"ribonuclease P/MRP 21kDa subunit"
"PRR5L",79899,"hypothetical protein FLJ14213"
"CYBRD1",79901,"cytochrome b reductase 1"
"NUP85",79902,"nucleoporin 85kDa"
"NAA60",79903,"hypothetical protein FLJ14154"
"MORN1",79906,"MORN repeat containing 1"
"BTNL8",79908,"butyrophilin-like 8"
"ACTR5",79913,"ARP5 actin-related protein 5 homolog (yeast)"
"ATAD5",79915,"ATPase family, AAA domain containing 5"
"SETD6",79918,"SET domain containing 6"
"TUSC3",7991,"tumor suppressor candidate 3"
"TCEAL4",79921,"transcription elongation factor A (SII)-like 4"
"MRM1",79922,"mitochondrial rRNA methyltransferase 1 homolog (S. cerevisiae)"
"ADM2",79924,"adrenomedullin 2"
"DOK3",79930,"docking protein 3"
"TNIP3",79931,"TNFAIP3 interacting protein 3"
"SYNPO2L",79933,"synaptopodin 2-like"
"CCNP",79935,"cyclin N-terminal domain containing 2"
"UBXN8",7993,"UBX domain containing 6"
"L2HGDH",79944,"L-2-hydroxyglutarate dehydrogenase"
"DHDDS",79947,"dehydrodolichyl diphosphate synthase"
"KAT6A",7994,"MYST histone acetyltransferase (monocytic leukemia) 3"
"SYNDIG1",79953,"chromosome 20 open reading frame 39"
"NOL10",79954,"nucleolar protein 10"
"PDZD7",79955,"PDZ domain containing 7"
"PAQR6",79957,"progestin and adipoQ receptor family member VI"
"DENND1C",79958,"DENN/MADD domain containing 1C"
"CEP76",79959,"centrosomal protein 76kDa"
"DENND2D",79961,"DENN/MADD domain containing 2D"
"SCD5",79966,"stearoyl-CoA desaturase 5"
"WDR76",79968,"WD repeat domain 76"
"ATAT1",79969,"chromosome 6 open reading frame 134"
"WLS",79971,"G protein-coupled receptor 177"
"CPED1",79974,"hypothetical protein FLJ21986"
"GRHL2",79977,"grainyhead-like 2 (Drosophila)"
"TRMT2B",79979,"chromosome X open reading frame 34"
"DSN1",79980,"DSN1, MIND kinetochore complex component, homolog (S. cerevisiae)"
"FRMD1",79981,"FERM domain containing 1"
"DNAJB14",79982,"DnaJ (Hsp40) homolog, subfamily B, member 14"
"POF1B",79983,"premature ovarian failure, 1B"
"SVEP1",79987,"sushi, von Willebrand factor type A, EGF and pentraxin domain containing 1"
"IFT56",79989,"tetratricopeptide repeat domain 26"
"STN1",79991,"oligonucleotide/oligosaccharide-binding fold containing 1"
"CALCR",799,"calcitonin receptor"
"ESRP2",80004,"RNA binding motif protein 35B"
"DOCK5",80005,"dedicator of cytokinesis 5"
"TRAPPC13",80006,"hypothetical protein FLJ13611"
"PSCA",8000,"prostate stem cell antigen"
"RMI1",80010,"RMI1, RecQ mediated genome instability 1, homolog (S. cerevisiae)"
"PSME3IP1",80011,"NEFA-interacting nuclear protein NIP30"
"MINDY3",80013,"chromosome 10 open reading frame 97"
"WWC2",80014,"WW and C2 domain containing 2"
"DGLUCY",80017,"chromosome 14 open reading frame 159"
"UBTD1",80019,"ubiquitin domain containing 1"
"GLRA3",8001,"glycine receptor, alpha 3"
"FOXRED2",80020,"FAD-dependent oxidoreductase domain containing 2"
"SLC8B1",80024,"solute carrier family 24 (sodium/potassium/calcium exchanger), member 6"
"PANK2",80025,"pantothenate kinase 2 (Hallervorden-Spatz syndrome)"
"SEMA6D",80031,"sema domain, transmembrane domain (TM), and cytoplasmic domain, (semaphorin) 6D"
"TRPM3",80036,"transient receptor potential cation channel, subfamily M, member 3"
"PGAP1",80055,"GPI deacylase"
"LRRTM4",80059,"leucine rich repeat transmembrane neuronal 4"
"ATF7IP2",80063,"activating transcription factor 7 interacting protein 2"
"DCAF17",80067,"chromosome 2 open reading frame 37"
"TUBA4B",80086,"tubulin, alpha 4b (pseudogene)"
"MZT2B",80097,"family with sequence similarity 128, member B"
"CALD1",800,"caldesmon 1"
"ARL14",80117,"ADP-ribosylation factor-like 14"
"VCPIP1",80124,"valosin containing protein (p97)/p47 complex interacting protein 1"
"TRIM46",80128,"tripartite motif-containing 46"
"CCDC170",80129,"chromosome 6 open reading frame 97"
"RPF1",80135,"brix domain containing 5"
"NR4A3",8013,"nuclear receptor subfamily 4, group A, member 3"
"PTGES2",80142,"prostaglandin E synthase 2"
"SIKE1",80143,"suppressor of IKK epsilon"
"THOC7",80145,"THO complex 7 homolog (Drosophila)"
"UXS1",80146,"UDP-glucuronate decarboxylase 1"
"ZC3H12A",80149,"zinc finger CCCH-type containing 12A"
"ASRGL1",80150,"asparaginase like 1"
"CENPT",80152,"centromere protein T"
"EDC3",80153,"enhancer of mRNA decapping 3 homolog (S. cerevisiae)"
"NAA15",80155,"NMDA receptor regulated 1"
"PGGHG",80162,"ATH1, acid trehalase-like 1 (yeast)"
"MOGAT2",80168,"monoacylglycerol O-acyltransferase 2"
"CTC1",80169,"chromosome 17 open reading frame 68"
"IFT74",80173,"intraflagellar transport 74 homolog (Chlamydomonas)"
"DBF4B",80174,"DBF4 homolog B (S. cerevisiae)"
"SPSB1",80176,"splA/ryanodine receptor domain and SOCS box containing 1"
"MYO19",80179,"myosin head domain containing 1"
"RUBCNL",80183,"chromosome 13 open reading frame 18"
"CEP290",80184,"centrosomal protein 290kDa"
"TTI2",80185,"chromosome 8 open reading frame 41"
"TMEM254",80195,"chromosome 10 open reading frame 57"
"RNF34",80196,"ring finger protein 34"
"MUS81",80198,"MUS81 endonuclease homolog (S. cerevisiae)"
"FUZ",80199,"fuzzy homolog (Drosophila)"
"BRD3",8019,"bromodomain containing 3"
"CALM1",801,"calmodulin 1 (phosphorylase kinase, delta)"
"HKDC1",80201,"hexokinase domain containing 1"
"FBXO11",80204,"F-box protein 11"
"CHD9",80205,"chromodomain helicase DNA binding protein 9"
"FHOD3",80206,"formin homology 2 domain containing 3"
"OPA3",80207,"optic atrophy 3 (autosomal recessive, with chorea and spastic paraplegia)"
"SPG11",80208,"spastic paraplegia 11 (autosomal recessive)"
"CCDC92",80212,"coiled-coil domain containing 92"
"CFAP43",80217,"chromosome 10 open reading frame 79"
"NAA50",80218,"N-acetyltransferase 13"
"COQ10B",80219,"coenzyme Q10 homolog B (S. cerevisiae)"
"NUP214",8021,"nucleoporin 214kDa"
"ACSF2",80221,"hypothetical protein FLJ20920"
"TARS2",80222,"threonyl-tRNA synthetase 2, mitochondrial (putative)"
"RAB11FIP1",80223,"RAB11 family interacting protein 1 (class I)"
"NUBPL",80224,"nucleotide binding protein-like"
"PAAF1",80227,"proteasomal ATPase-associated factor 1"
"ORAI2",80228,"ORAI calcium release-activated calcium modulator 2"
"LHX3",8022,"LIM homeobox 3"
"RUFY1",80230,"RUN and FYVE domain containing 1"
"TASL",80231,"chromosome X open reading frame 21"
"WDR26",80232,"WD repeat domain 26"
"FAAP100",80233,"chromosome 17 open reading frame 70"
"PIGZ",80235,"phosphatidylinositol glycan anchor biosynthesis, class Z"
"ELL3",80237,"elongation factor RNA polymerase II-like 3"
"CEP63",80254,"centrosomal protein 63kDa"
"EFHC2",80258,"EF-hand domain (C-terminal) containing 2"
"TRIM45",80263,"tripartite motif-containing 45"
"EDEM3",80267,"ER degradation enhancer, mannosidase alpha-like 3"
"ITPKC",80271,"inositol 1,4,5-trisphosphate 3-kinase C"
"GRPEL1",80273,"GrpE-like 1, mitochondrial (E. coli)"
"CDK5RAP3",80279,"CDK5 regulatory subunit associated protein 3"
"STAM",8027,"signal transducing adaptor molecule (SH3 domain and ITAM motif) 1"
"MLLT10",8028,"myeloid/lymphoid or mixed-lineage leukemia (trithorax homolog, Drosophila); translocated to, 10"
"CUBN",8029,"cubilin (intrinsic factor-cobalamin receptor)"
"PLEKHO2",80301,"pleckstrin homology domain containing, family Q member 1"
"EFHD1",80303,"EF-hand domain family, member D1"
"WDCP",80304,"chromosome 2 open reading frame 44"
"MED28",80306,"mediator complex subunit 28"
"FLAD1",80308,"FAD1 flavin adenine dinucleotide synthetase homolog (S. cerevisiae)"
"CCDC6",8030,"coiled-coil domain containing 6"
"PDGFD",80310,"platelet derived growth factor D"
"ZKSCAN3",80317,"zinc finger with KRAB and SCAN domains 3"
"CXXC4",80319,"CXXC finger 4"
"NCOA4",8031,"nuclear receptor coactivator 4"
"CEP70",80321,"centrosomal protein 70kDa"
"CCDC68",80323,"coiled-coil domain containing 68"
"PUS1",80324,"pseudouridylate synthase 1"
"ULBP2",80328,"UL16 binding protein 2"
"ULBP1",80329,"UL16 binding protein 1"
"PNPLA3",80339,"patatin-like phospholipase domain containing 3"
"TRAF3IP3",80342,"TRAF3 interacting protein 3"
"DCAF11",80344,"WD repeat domain 23"
"REEP4",80346,"receptor accessory protein 4"
"COASY",80347,"Coenzyme A synthase"
"SLC25A16",8034,"solute carrier family 25 (mitochondrial carrier; Graves disease autoantigen), member 16"
"TNKS2",80351,"tankyrase, TRF1-interacting ankyrin-related ADP-ribose polymerase 2"
"RNF39",80352,"ring finger protein 39"
"SHOC2",8036,"soc-2 suppressor of clear homolog (C. elegans)"
"PDCD1LG2",80380,"programmed cell death 1 ligand 2"
"ADAM12",8038,"ADAM metallopeptidase domain 12 (meltrin alpha)"
"RASSF7",8045,"Ras association (RalGDS/AF-6) domain family 7"
"CSRP3",8048,"cysteine and glycine-rich protein 3 (cardiac LIM protein)"
"PDHX",8050,"pyruvate dehydrogenase complex, component X"
"CALM2",805,"calmodulin 2 (phosphorylase kinase, delta)"
"FOSL1",8061,"FOS-like antigen 1"
"CUL5",8065,"cullin 5"
"UBXN6",80700,"UBX domain containing 1"
"SLC19A3",80704,"solute carrier family 19, member 3"
"TSGA10",80705,"testis specific, 10"
"ACAD10",80724,"acyl-Coenzyme A dehydrogenase family, member 10"
"SLC44A4",80736,"solute carrier family 44, member 4"
"VWA7",80737,"chromosome 6 open reading frame 27"
"MPIG6B",80739,"chromosome 6 open reading frame 25"
"PTP4A2",8073,"protein tyrosine phosphatase type IVA, member 2"
"LY6G6C",80740,"lymphocyte antigen 6 complex, locus G6C"
"LY6G5C",80741,"lymphocyte antigen 6 complex, locus G5C"
"PRR3",80742,"proline rich 3"
"THUMPD2",80745,"THUMP domain containing 2"
"TSEN2",80746,"tRNA splicing endonuclease 2 homolog (S. cerevisiae)"
"FGF23",8074,"fibroblast growth factor 23"
"AARSD1",80755,"alanyl-tRNA synthetase domain containing 1"
"ITIH5",80760,"inter-alpha (globulin) inhibitor H5"
"NDFIP1",80762,"Nedd4 family interacting protein 1"
"SPX",80763,"chromosome 12 open reading frame 39"
"THAP7",80764,"THAP domain containing 7"
"STARD5",80765,"StAR-related lipid transfer (START) domain containing 5"
"MFAP5",8076,"microfibrillar associated protein 5"
"CPTP",80772,"hypothetical protein MGC10334"
"B9D2",80776,"B9 protein domain 2"
"CYB5B",80777,"cytochrome b5 type B (outer mitochondrial membrane)"
"COL18A1",80781,"collagen, type XVIII, alpha 1"
"INTS5",80789,"integrator complex subunit 5"
"USP5",8078,"ubiquitin specific peptidase 5 (isopeptidase T)"
"MLF2",8079,"myeloid leukemia factor 2"
"SSPN",8082,"sarcospan (Kras oncogene-associated gene)"
"APOL6",80830,"apolipoprotein L, 6"
"KDM7A",80853,"jumonji C domain-containing histone demethylase 1 homolog D (S. cerevisiae)"
"KMT2D",8085,"myeloid/lymphoid or mixed-lineage leukemia 2"
"EGFL8",80864,"EGF-like-domain, multiple 8"
"AAAS",8086,"achalasia, adrenocortical insufficiency, alacrimia (Allgrove, triple-A)"
"FXR1",8087,"fragile X mental retardation, autosomal homolog 1"
"ILKAP",80895,"integrin-linked kinase-associated serine/threonine phosphatase 2C"
"NPL",80896,"N-acetylneuraminate pyruvate lyase (dihydrodipicolinate synthase)"
"YEATS4",8089,"YEATS domain containing 4"
"CALM3",808,"calmodulin 3 (phosphorylase kinase, delta)"
"HMGA2",8091,"high mobility group AT-hook 2"
"CDK2AP1",8099,"CDK2-associated protein 1"
"IFT88",8100,"intraflagellar transport 88 homolog (Chlamydomonas)"
"TUBB1",81027,"tubulin, beta 1"
"WNT5B",81029,"wingless-type MMTV integration site family, member 5B"
"ZBP1",81030,"Z-DNA binding protein 1"
"KCNH6",81033,"potassium voltage-gated channel, subfamily H (eag-related), member 6"
"SLC25A32",81034,"solute carrier family 25, member 32"
"COLEC12",81035,"collectin sub-family member 12"
"PABPN1",8106,"poly(A) binding protein, nuclear 1"
"CALML3",810,"calmodulin-like 3"
"DPF3",8110,"D4, zinc and double PHD fingers, family 3"
"GPR68",8111,"G protein-coupled receptor 68"
"TCL1A",8115,"T-cell leukemia/lymphoma 1A"
"CALR",811,"calreticulin"
"AP3B2",8120,"adaptor-related protein complex 3, beta 2 subunit"
"ANP32A",8125,"acidic (leucine-rich) nuclear phosphoprotein 32 family, member A"
"OR51E2",81285,"olfactory receptor, family 51, subfamily E, member 2"
"ST8SIA2",8128,"ST8 alpha-N-acetyl-neuraminide alpha-2,8-sialyltransferase 2"
"NPRL3",8131,"chromosome 16 open reading frame 35"
"GAN",8139,"giant axonal neuropathy (gigaxonin)"
"CALU",813,"calumenin"
"SLC7A5",8140,"solute carrier family 7 (cationic amino acid transporter, y+ system), member 5"
"TAF15",8148,"TAF15 RNA polymerase II, TATA box binding protein (TBP)-associated factor, 68kDa"
"PTDSS2",81490,"phosphatidylserine synthase 2"
"RSPH6A",81492,"radial spokehead-like 1"
"SYNC",81493,"syncoilin, intermediate filament 1"
"CFHR5",81494,"complement factor H-related 5"
"CAMK4",814,"calcium/calmodulin-dependent protein kinase IV"
"DCSTAMP",81501,"transmembrane 7 superfamily member 4"
"ITFG1",81533,"integrin alpha FG-GAP repeat containing 1"
"SGPP1",81537,"sphingosine-1-phosphate phosphatase 1"
"SLC38A1",81539,"solute carrier family 38, member 1"
"RND2",8153,"Rho family GTPase 2"
"TMX1",81542,"thioredoxin domain containing 1"
"LRRC3",81543,"leucine rich repeat containing 3"
"GDPD5",81544,"glycerophosphodiester phosphodiesterase domain containing 5"
"FBXO38",81545,"F-box protein 38"
"TDRD3",81550,"tudor domain containing 3"
"STMN4",81551,"stathmin-like 4"
"YIPF5",81555,"Yip1 domain family, member 5"
"INTS14",81556,"chromosome 15 open reading frame 44"
"LMAN2L",81562,"lectin, mannose-binding 2-like"
"NDEL1",81565,"nudE nuclear distribution gene E homolog (A. nidulans)-like 1"
"CSRNP2",81566,"family with sequence similarity 130, member A1"
"TXNDC5",81567,"thioredoxin domain containing 5"
"ACTL8",81569,"actin-like 8"
"CLPB",81570,"ClpB caseinolytic peptidase B homolog (E. coli)"
"GFOD2",81577,"glucose-fructose oxidoreductase domain containing 2"
"COL21A1",81578,"collagen, type XXI, alpha 1"
"PLA2G12A",81579,"phospholipase A2, group XIIA"
"CAMK2A",815,"calcium/calmodulin-dependent protein kinase (CaM kinase) II alpha"
"CDADC1",81602,"cytidine and dCMP deaminase domain containing 1"
"TRIM8",81603,"tripartite motif-containing 8"
"URM1",81605,"ubiquitin related modifier 1 homolog (S. cerevisiae)"
"FIP1L1",81608,"FIP1 like 1 (S. cerevisiae)"
"SNX27",81609,"sorting nexin family member 27"
"ANP32E",81611,"acidic (leucine-rich) nuclear phosphoprotein 32 family, member E"
"NIPA2",81614,"non imprinted in Prader-Willi/Angelman syndrome 2"
"ACSBG2",81616,"acyl-CoA synthetase bubblegum family member 2"
"CAB39L",81617,"calcium binding protein 39-like"
"ITM2C",81618,"integral membrane protein 2C"
"TSPAN14",81619,"tetraspanin 14"
"COIL",8161,"coilin"
"CDT1",81620,"chromatin licensing and DNA replication factor 1"
"UNC93B1",81622,"unc-93 homolog B1 (C. elegans)"
"DEFB126",81623,"defensin, beta 126"
"TSC22D4",81628,"TSC22 domain family, member 4"
"MAP1LC3B",81631,"microtubule-associated protein 1 light chain 3 beta"
"AKAP1",8165,"A kinase (PRKA) anchor protein 1"
"CCNL2",81669,"cyclin L2"
"VMP1",81671,"transmembrane protein 49"
"C6orf62",81688,"chromosome 6 open reading frame 62"
"ISCA1",81689,"iron-sulfur cluster assembly 1 homolog (S. cerevisiae)"
"REXO5",81691,"exonuclease NEF-sp"
"AMN",81693,"amnionless homolog (mouse)"
"OR2B2",81697,"olfactory receptor, family 2, subfamily B, member 2"
"CAMK2B",816,"calcium/calmodulin-dependent protein kinase (CaM kinase) II beta"
"MADCAM1",8174,"mucosal vascular addressin cell adhesion molecule 1"
"SF3A2",8175,"splicing factor 3a, subunit 2, 66kDa"
"ELL",8178,"elongation factor RNA polymerase II"
"RNF170",81790,"ring finger protein 170"
"ADAMTS12",81792,"ADAM metallopeptidase with thrombospondin type 1 motif, 12"
"SLCO5A1",81796,"solute carrier organic anion transporter family, member 5A1"
"NETO2",81831,"neuropilin (NRP) and tolloid (TLL)-like 2"
"SPACA1",81833,"sperm acrosome associated 1"
"VANGL1",81839,"vang-like 1 (van gogh, Drosophila)"
"RNF146",81847,"ring finger protein 146"
"SPRY4",81848,"sprouty homolog 4 (Drosophila)"
"ST6GALNAC5",81849,"ST6 (alpha-N-acetyl-neuraminyl-2,3-beta-galactosyl-1,3)-N-acetylgalactosaminide alpha-2,6-sialyltransferase 5"
"KRTAP1-3",81850,"keratin associated protein 1-3"
"KRTAP1-1",81851,"keratin associated protein 1-1"
"MED25",81857,"mediator complex subunit 25"
"SHARPIN",81858,"SHANK-associated RH domain interactor"
"ARPC5L",81873,"actin related protein 2/3 complex, subunit 5-like"
"RAB1B",81876,"RAB1B, member RAS oncogene family"
"ZNF239",8187,"zinc finger protein 239"
"LAS1L",81887,"LAS1-like (S. cerevisiae)"
"QTRT1",81890,"queuine tRNA-ribosyltransferase 1 (tRNA-guanine transglycosylase)"
"SLIRP",81892,"chromosome 14 open reading frame 156"
"SLC25A28",81894,"solute carrier family 25, member 28"
"SYMPK",8189,"symplekin"
"CAMK2G",818,"calcium/calmodulin-dependent protein kinase (CaM kinase) II gamma"
"MIA",8190,"melanoma inhibitory activity"
"SEH1L",81929,"SEH1-like (S. cerevisiae)"
"CLPP",8192,"ClpP caseinolytic peptidase, ATP-dependent, proteolytic subunit homolog (E. coli)"
"KIF18A",81930,"kinesin family member 18A"
"ZNF93",81931,"zinc finger protein 93"
"HDHD3",81932,"haloacid dehalogenase-like hydrolase domain containing 3"
"DPF1",8193,"D4, zinc and double PHD fingers family 1"
"MKKS",8195,"McKusick-Kaufman syndrome"
"CAMLG",819,"calcium modulating ligand"
"ACTN4",81,"actinin, alpha 4"
"GDF5",8200,"growth differentiation factor 5"
"NCOA3",8202,"nuclear receptor coactivator 3"
"NRIP1",8204,"nuclear receptor interacting protein 1"
"CHAF1B",8208,"chromatin assembly factor 1, subunit B (p60)"
"GATD3",8209,"chromosome 21 open reading frame 33"
"CAMP",820,"cathelicidin antimicrobial peptide"
"LZTR1",8216,"leucine-zipper-like transcription regulator 1"
"CLTCL1",8218,"clathrin, heavy chain-like 1"
"CANX",821,"calnexin"
"ESS2",8220,"DiGeorge syndrome critical region gene 14"
"SYN3",8224,"synapsin III"
"PUDP",8226,"haloacid dehalogenase-like hydrolase domain containing 1A"
"PNPLA4",8228,"patatin-like phospholipase domain containing 4"
"CAPG",822,"capping protein (actin filament), gelsolin-like"
"ZRSR2",8233,"zinc finger (CCCH type), RNA-binding motif and serine/arginine rich 2"
"USP11",8237,"ubiquitin specific peptidase 11"
"USP9X",8239,"ubiquitin specific peptidase 9, X-linked"
"CAPN1",823,"calpain 1, (mu/I) large subunit"
"RBM10",8241,"RNA binding motif protein 10"
"KDM5C",8242,"jumonji, AT rich interactive domain 1C"
"SMC1A",8243,"structural maintenance of chromosomes 1A"
"CAPN2",824,"calpain 2, (m/II) large subunit"
"CAPN3",825,"calpain 3, (p94)"
"NAA10",8260,"ARD1 homolog A, N-acetyltransferase (S. cerevisiae)"
"UBL4A",8266,"ubiquitin-like 4A"
"TMEM187",8269,"transmembrane protein 187"
"CAPNS1",826,"calpain, small subunit 1"
"LAGE3",8270,"L antigen family, member 3"
"SLC10A3",8273,"solute carrier family 10 (sodium/bile acid cotransporter family), member 3"
"TKTL1",8277,"transketolase-like 1"
"CAPN6",827,"calpain 6"
"KDM5D",8284,"jumonji, AT rich interactive domain 1D"
"USP9Y",8287,"ubiquitin specific peptidase 9, Y-linked (fat facets-like, Drosophila)"
"ARID1A",8289,"AT rich interactive domain 1A (SWI-like)"
"H3-4",8290,"histone cluster 3, H3"
"DYSF",8291,"dysferlin, limb girdle muscular dystrophy 2B (autosomal recessive)"
"COLQ",8292,"collagen-like tail subunit (single strand of homotrimer) of asymmetric acetylcholinesterase"
"TRRAP",8295,"transformation/transcription domain-associated protein"
"CAPZA1",829,"capping protein (actin filament) muscle Z-line, alpha 1"
"PICALM",8301,"phosphatidylinositol binding clathrin assembly protein"
"KLRC4",8302,"killer cell lectin-like receptor subfamily C, member 4"
"ACOX2",8309,"acyl-Coenzyme A oxidase 2, branched chain"
"CAPZA2",830,"capping protein (actin filament) muscle Z-line, alpha 2"
"ACOX3",8310,"acyl-Coenzyme A oxidase 3, pristanoyl"
"AXIN1",8312,"axin 1"
"BAP1",8314,"BRCA1 associated protein-1 (ubiquitin carboxy-terminal hydrolase)"
"BRAP",8315,"BRCA1 associated protein"
"CDC7",8317,"cell division cycle 7 homolog (S. cerevisiae)"
"CDC45",8318,"CDC45 cell division cycle 45-like (S. cerevisiae)"
"CAST",831,"calpastatin"
"FZD1",8321,"frizzled homolog 1 (Drosophila)"
"FZD4",8322,"frizzled homolog 4 (Drosophila)"
"FZD6",8323,"frizzled homolog 6 (Drosophila)"
"FZD7",8324,"frizzled homolog 7 (Drosophila)"
"PCDH11Y",83259,"protocadherin 11 Y-linked"
"FZD8",8325,"frizzled homolog 8 (Drosophila)"
"FZD9",8326,"frizzled homolog 9 (Drosophila)"
"GFI1B",8328,"growth factor independent 1B (potential regulator of CDKN1A, translocated in CML)"
"H2AC13",8329,"histone cluster 1, H2ai"
"CAPZB",832,"capping protein (actin filament) muscle Z-line, beta"
"H2AC15",8330,"histone cluster 1, H2ak"
"H2AC16",8332,"histone cluster 1, H2al"
"H2AC4",8335,"histone cluster 1, H2ab"
"H2AC17",8336,"histone cluster 1, H2am"
"PITPNM3",83394,"PITPNM family member 3"
"H2BC8",8339,"histone cluster 1, H2bg"
"CARS1",833,"cysteinyl-tRNA synthetase"
"H2BC13",8340,"histone cluster 1, H2bl"
"H2BC14",8342,"histone cluster 1, H2bm"
"TCF7L1",83439,"transcription factor 7-like 1 (T-cell specific, HMG-box)"
"H2BC7",8343,"histone cluster 1, H2bf"
"ADPGK",83440,"ADP-dependent glucokinase"
"SH3BGRL3",83442,"SH3 domain binding glutamic acid-rich protein like 3"
"SF3B5",83443,"splicing factor 3b, subunit 5, 10kDa"
"INO80B",83444,"zinc finger, HIT type 4"
"SLC25A31",83447,"solute carrier family 25 (mitochondrial carrier; adenine nucleotide translocator), member 31"
"PUS7L",83448,"pseudouridylate synthase 7 homolog (S. cerevisiae)-like"
"PMFBP1",83449,"polyamine modulated factor 1 binding protein 1"
"H2BC6",8344,"histone cluster 1, H2be"
"DRC3",83450,"leucine rich repeat containing 48"
"RAB33B",83452,"RAB33B, member RAS oncogene family"
"H2BC9",8345,"histone cluster 1, H2bh"
"EMC6",83460,"transmembrane protein 93"
"CDCA3",83461,"cell division cycle associated 3"
"MXD3",83463,"MAX dimerization protein 3"
"APH1B",83464,"anterior pharynx defective 1 homolog B (C. elegans)"
"H2BC10",8346,"histone cluster 1, H2bi"
"DOHH",83475,"deoxyhypusine hydroxylase/monooxygenase"
"ARHGAP24",83478,"Rho GTPase activating protein 24"
"PUS3",83480,"pseudouridylate synthase 3"
"SCRT1",83482,"scratch homolog 1, zinc finger protein (Drosophila)"
"PLVAP",83483,"plasmalemma vesicle associated protein"
"H2BC17",8348,"histone cluster 1, H2bo"
"H2BC21",8349,"histone cluster 2, H2be"
"CASP1",834,"caspase 1, apoptosis-related cysteine peptidase (interleukin 1, beta, convertase)"
"H3C1",8350,"histone cluster 1, H3a"
"H3C4",8351,"histone cluster 1, H3d"
"H3C3",8352,"histone cluster 1, H3c"
"H3C11",8354,"histone cluster 1, H3i"
"H3C8",8355,"histone cluster 1, H3g"
"H3C2",8358,"histone cluster 1, H3b"
"H4C1",8359,"histone cluster 1, H4a"
"CASP2",835,"caspase 2, apoptosis-related cysteine peptidase (neural precursor cell expressed, developmentally down-regulated 2)"
"H4C4",8360,"histone cluster 1, H4d"
"H4C6",8361,"histone cluster 1, H4f"
"ZMIZ2",83637,"zinc finger, MIZ-type containing 2"
"H4C3",8364,"histone cluster 1, H4c"
"DYNLRB1",83658,"dynein, light chain, roadblock-type 1"
"H4C8",8365,"histone cluster 1, H4h"
"TLN2",83660,"talin 2"
"H4C2",8366,"histone cluster 1, H4b"
"H4C5",8367,"histone cluster 1, H4e"
"H4C13",8368,"histone cluster 1, H4l"
"TRAPPC9",83696,"NIK and IKK{beta} binding protein"
"H4C7",8369,"histone cluster 1, H4g"
"CASP3",836,"caspase 3, apoptosis-related cysteine peptidase"
"JAM3",83700,"junctional adhesion molecule 3"
"CRISPLD2",83716,"cysteine-rich secretory protein LCCL domain containing 2"
"INHBE",83729,"inhibin, beta E"
"HYAL3",8372,"hyaluronoglucosaminidase 3"
"ITCH",83737,"itchy homolog E3 ubiquitin protein ligase (mouse)"
"GRWD1",83743,"glutamate-rich WD repeat containing 1"
"MAD1L1",8379,"MAD1 mitotic arrest deficient-like 1 (yeast)"
"CASP4",837,"caspase 4, apoptosis-related cysteine peptidase"
"NME5",8382,"non-metastatic cells 5, protein expressed in (nucleoside-diphosphate kinase)"
"OR1A1",8383,"olfactory receptor, family 1, subfamily A, member 1"
"CASP5",838,"caspase 5, apoptosis-related cysteine peptidase"
"OR1G1",8390,"olfactory receptor, family 1, subfamily G, member 1"
"RASSF4",83937,"Ras association (RalGDS/AF-6) domain family 4"
"TSSK1B",83942,"testis-specific serine kinase 1B"
"PIP5K1A",8394,"phosphatidylinositol-4-phosphate 5-kinase, type I, alpha"
"PIP5K1B",8395,"phosphatidylinositol-4-phosphate 5-kinase, type I, beta"
"PIP4K2B",8396,"phosphatidylinositol-5-phosphate 4-kinase, type II, beta"
"NCALD",83988,"neurocalcin delta"
"PLA2G6",8398,"phospholipase A2, group VI (cytosolic, calcium-independent)"
"BRIP1",83990,"BRCA1 interacting protein C-terminal helicase 1"
"PLA2G10",8399,"phospholipase A2, group X"
"CASP6",839,"caspase 6, apoptosis-related cysteine peptidase"
"SLC25A11",8402,"solute carrier family 25 (mitochondrial carrier; oxoglutarate carrier), member 11"
"SOX14",8403,"SRY (sex determining region Y)-box 14"
"SPARCL1",8404,"SPARC-like 1 (mast9, hevin)"
"SPOP",8405,"speckle-type POZ protein"
"RBM48",84060,"hypothetical protein DKFZp564O0523"
"MAGT1",84061,"implantation-associated protein"
"ANKRD27",84079,"ankyrin repeat domain 27 (VPS9 domain)"
"TAGLN2",8407,"transgelin 2"
"ULK1",8408,"unc-51-like kinase 1 (C. elegans)"
"UXT",8409,"ubiquitously-expressed transcript"
"CASP7",840,"caspase 7, apoptosis-related cysteine peptidase"
"EEA1",8411,"early endosome antigen 1"
"ZNF394",84124,"zinc finger protein 394"
"BCAR3",8412,"breast cancer anti-estrogen resistance 3"
"KAT8",84148,"MYST histone acetyltransferase 1"
"ARID5B",84159,"AT rich interactive domain 5B (MRF1-like)"
"ASCC2",84164,"activating signal cointegrator 1 complex subunit 2"
"ANTXR1",84168,"anthrax toxin receptor 1"
"POLR1B",84172,"polymerase (RNA) I polypeptide B, 128kDa"
"STX7",8417,"syntaxin 7"
"SETD3",84193,"SET domain containing 3"
"USP48",84196,"ubiquitin specific peptidase 48"
"BFSP2",8419,"beaded filament structural protein 2, phakinin"
"CASP8",841,"caspase 8, apoptosis-related cysteine peptidase"
"IQCG",84223,"IQ motif containing G"
"BBOX1",8424,"butyrobetaine (gamma), 2-oxoglutarate dioxygenase (gamma-butyrobetaine hydroxylase) 1"
"LTBP4",8425,"latent transforming growth factor beta binding protein 4"
"HSDL2",84263,"hydroxysteroid dehydrogenase like 2"
"POLDIP3",84271,"polymerase (DNA-directed), delta interacting protein 3"
"YIPF4",84272,"Yip1 domain family, member 4"
"STK24",8428,"serine/threonine kinase 24 (STE20 homolog, yeast)"
"GINS4",84296,"GINS complex subunit 4 (Sld5 homolog)"
"CASP9",842,"caspase 9, apoptosis-related cysteine peptidase"
"NR0B2",8431,"nuclear receptor subfamily 0, group B, member 2"
"UTF1",8433,"undifferentiated embryonic cell transcription factor 1"
"RECK",8434,"reversion-inducing-cysteine-rich protein with kazal motifs"
"SOAT2",8435,"sterol O-acyltransferase 2"
"ARFGAP2",84364,"zinc finger protein 289, ID1 regulated"
"CAVIN2",8436,"serum deprivation response (phosphatidylserine binding protein)"
"RASAL1",8437,"RAS protein activator like 1 (GAP1 like)"
"RAD54L",8438,"RAD54-like (S. cerevisiae)"
"NSMAF",8439,"neutral sphingomyelinase (N-SMase) activation associated factor"
"CASP10",843,"caspase 10, apoptosis-related cysteine peptidase"
"GNPAT",8443,"glyceronephosphate O-acyltransferase"
"DOT1L",84444,"DOT1-like, histone H3 methyltransferase (S. cerevisiae)"
"DYRK2",8445,"dual-specificity tyrosine-(Y)-phosphorylation regulated kinase 2"
"DUSP11",8446,"dual specificity phosphatase 11 (RNA/RNP complex 1-interacting)"
"DOC2A",8448,"double C2-like domains, alpha"
"DHX16",8449,"DEAH (Asp-Glu-Ala-His) box polypeptide 16"
"CASQ1",844,"calsequestrin 1 (fast-twitch, skeletal muscle)"
"CUL4B",8450,"cullin 4B"
"DCTN5",84516,"dynactin 5 (p25)"
"CUL4A",8451,"cullin 4A"
"HOPX",84525,"HOP homeobox"
"CUL3",8452,"cullin 3"
"CUL2",8453,"cullin 2"
"MAK16",84549,"RNA binding motif protein 13"
"CUL1",8454,"cullin 1"
"ATRN",8455,"attractin"
"MT4",84560,"metallothionein 4"
"SLC12A8",84561,"solute carrier family 12 (potassium/chloride transporters), member 8"
"FOXN1",8456,"forkhead box N1"
"TTF2",8458,"transcription termination factor, RNA polymerase II"
"TPST2",8459,"tyrosylprotein sulfotransferase 2"
"CASQ2",845,"calsequestrin 2 (cardiac muscle)"
"TPST1",8460,"tyrosylprotein sulfotransferase 1"
"PARD6B",84612,"par-6 partitioning defective 6 homolog beta (C. elegans)"
"TUBB6",84617,"tubulin, beta 6"
"ZGPAT",84619,"zinc finger, CCCH-type with G patch domain"
"KLF11",8462,"Kruppel-like factor 11"
"SUPT3H",8464,"suppressor of Ty 3 homolog (S. cerevisiae)"
"GLYR1",84656,"cytokine-like nuclear factor n-pac"
"ADGRE3",84658,"egf-like module containing, mucin-like, hormone receptor-like 3"
"SMARCA5",8467,"SWI/SNF related, matrix associated, actin dependent regulator of chromatin, subfamily a, member 5"
"FKBP6",8468,"FK506 binding protein 6, 36kDa"
"CASR",846,"calcium-sensing receptor (hypocalciuric hypercalcemia 1, severe neonatal hyperparathyroidism)"
"GTPBP3",84705,"GTP binding protein 3 (mitochondrial)"
"SORBS2",8470,"sorbin and SH3 domain containing 2"
"IRS4",8471,"insulin receptor substrate 4"
"PIGO",84720,"phosphatidylinositol glycan anchor biosynthesis, class O"
"PSRC1",84722,"proline/serine-rich coiled-coil 1"
"CBX2",84733,"chromobox homolog 2 (Pc class homolog, Drosophila)"
"OGT",8473,"O-linked N-acetylglucosamine (GlcNAc) transferase (UDP-N-acetylglucosamine:polypeptide-N-acetylglucosaminyl transferase)"
"UNC119B",84747,"unc-119 homolog B (C. elegans)"
"PCGF1",84759,"polycomb group ring finger 1"
"CDC42BPA",8476,"CDC42 binding protein kinase alpha (DMPK-like)"
"NAA11",84779,"ARD1 homolog B (S. cerevisiae)"
"TUBA1C",84790,"tubulin, alpha 1c"
"HIRIP3",8479,"HIRA interacting protein 3"
"CAT",847,"catalase"
"RAE1",8480,"RAE1 RNA export 1 homolog (S. pombe)"
"IL17RC",84818,"interleukin 17 receptor C"
"OFD1",8481,"oral-facial-digital syndrome 1"
"LMNB2",84823,"lamin B2"
"SEMA7A",8482,"semaphorin 7A, GPI membrane anchor (John Milton Hagen blood group)"
"CILP",8483,"cartilage intermediate layer protein, nucleotide pyrophosphohydrolase"
"GALR3",8484,"galanin receptor 3"
"KLHL22",84861,"kelch-like 22 (Drosophila)"
"RIOX2",84864,"MYC induced nuclear antigen"
"CBR4",84869,"carbonyl reductase 4"
"GEMIN2",8487,"survival of motor neuron protein interacting protein 1"
"ADO",84890,"chromosome 10 open reading frame 22"
"NFATC2IP",84901,"nuclear factor of activated T-cells, cytoplasmic, calcineurin-dependent 2 interacting protein"
"FAM136A",84908,"family with sequence similarity 136, member A"
"AOPEP",84909,"chromosome 9 open reading frame 3"
"RGS5",8490,"regulator of G-protein signaling 5"
"MAP4K3",8491,"mitogen-activated protein kinase kinase kinase kinase 3"
"TMEM209",84928,"hypothetical protein FLJ14803"
"PRSS12",8492,"protease, serine, 12 (neurotrypsin, motopsin)"
"RITA1",84934,"chromosome 12 open reading frame 52"
"PWWP3A",84939,"melanoma associated antigen (mutated) 1"
"PPM1D",8493,"protein phosphatase 1D magnesium-dependent, delta isoform"
"WDR73",84942,"WD repeat domain 73"
"TNS4",84951,"tensin 4"
"PPFIBP2",8495,"PTPRF interacting protein, binding protein 2 (liprin beta 2)"
"PPFIBP1",8496,"PTPRF interacting protein, binding protein 1 (liprin beta 1)"
"MFSD5",84975,"major facilitator superfamily domain containing 5"
"PPFIA4",8497,"protein tyrosine phosphatase, receptor type, f polypeptide (PTPRF), interacting protein (liprin), alpha 4"
"ARHGAP19",84986,"Rho GTPase activating protein 19"
"RANBP3",8498,"RAN binding protein 3"
"PPFIA2",8499,"protein tyrosine phosphatase, receptor type, f polypeptide (PTPRF), interacting protein (liprin), alpha 2"
"PPFIA1",8500,"protein tyrosine phosphatase, receptor type, f polypeptide (PTPRF), interacting protein (liprin), alpha 1"
"SLC43A1",8501,"solute carrier family 43, member 1"
"PKP4",8502,"plakophilin 4"
"PIK3R3",8503,"phosphoinositide-3-kinase, regulatory subunit 3 (p55, gamma)"
"PEX3",8504,"peroxisomal biogenesis factor 3"
"CNTNAP1",8506,"contactin associated protein 1"
"ENC1",8507,"ectodermal-neural cortex (with BTB-like domain)"
"NIPSNAP1",8508,"nipsnap homolog 1 (C. elegans)"
"NDST2",8509,"N-deacetylase/N-sulfotransferase (heparan glucosaminyl) 2"
"LIPF",8513,"lipase, gastric"
"KCNAB2",8514,"potassium voltage-gated channel, shaker-related subfamily, beta member 2"
"ITGA10",8515,"integrin, alpha 10"
"ITGA8",8516,"integrin, alpha 8"
"ELP1",8518,"inhibitor of kappa light polypeptide gene enhancer in B-cells, kinase complex-associated protein"
"IFITM1",8519,"interferon induced transmembrane protein 1 (9-27)"
"HAT1",8520,"histone acetyltransferase 1"
"GCM1",8521,"glial cells missing homolog 1 (Drosophila)"
"GAS7",8522,"growth arrest-specific 7"
"H2BC12",85236,"histone cluster 1, H2bk"
"DGKZ",8525,"diacylglycerol kinase, zeta 104kDa"
"DGKE",8526,"diacylglycerol kinase, epsilon 64kDa"
"DGKD",8527,"diacylglycerol kinase, delta 130kDa"
"CYP4F2",8529,"cytochrome P450, family 4, subfamily F, polypeptide 2"
"CST7",8530,"cystatin F (leukocystatin)"
"YBX3",8531,"cold shock domain protein A"
"CPZ",8532,"carboxypeptidase Z"
"COPS3",8533,"COP9 constitutive photomorphogenic homolog subunit 3 (Arabidopsis)"
"CHST1",8534,"carbohydrate (keratan sulfate Gal-6) sulfotransferase 1"
"CBX4",8535,"chromobox homolog 4 (Pc class homolog, Drosophila)"
"TRIM5",85363,"tripartite motif-containing 5"
"CAMK1",8536,"calcium/calmodulin-dependent protein kinase I"
"MICALL1",85377,"MICAL-like 1"
"BCAS1",8537,"breast carcinoma amplified sequence 1"
"API5",8539,"apoptosis inhibitor 5"
"AGPS",8540,"alkylglycerone phosphate synthase"
"PPFIA3",8541,"protein tyrosine phosphatase, receptor type, f polypeptide (PTPRF), interacting protein (liprin), alpha 3"
"APOL1",8542,"apolipoprotein L, 1"
"LMO4",8543,"LIM domain only 4"
"PIR",8544,"pirin (iron-binding nuclear protein)"
"CFAP74",85452,"KIAA1751"
"TSPYL5",85453,"TSPY-like 5"
"DIXDC1",85458,"DIX domain containing 1"
"CGGBP1",8545,"CGG triplet repeat binding protein 1"
"AP3B1",8546,"adaptor-related protein complex 3, beta 1 subunit"
"SCIN",85477,"scinderin"
"FCN3",8547,"ficolin (collagen/fibrinogen domain containing) 3 (Hakata antigen)"
"LGR5",8549,"leucine-rich repeat-containing G protein-coupled receptor 5"
"MAPKAPK5",8550,"mitogen-activated protein kinase-activated protein kinase 5"
"BHLHE40",8553,"basic helix-loop-helix domain containing, class B, 2"
"PIAS1",8554,"protein inhibitor of activated STAT, 1"
"CDC14B",8555,"CDC14 cell division cycle 14 homolog B (S. cerevisiae)"
"CDC14A",8556,"CDC14 cell division cycle 14 homolog A (S. cerevisiae)"
"TCAP",8557,"titin-cap (telethonin)"
"CDK10",8558,"cyclin-dependent kinase (CDC2-like) 10"
"PRPF18",8559,"PRP18 pre-mRNA processing factor 18 homolog (S. cerevisiae)"
"DEGS1",8560,"degenerative spermatocyte homolog 1, lipid desaturase (Drosophila)"
"DENR",8562,"density-regulated protein"
"THOC5",8563,"THO complex 5"
"KMO",8564,"kynurenine 3-monooxygenase (kynurenine 3-hydroxylase)"
"YARS1",8565,"tyrosyl-tRNA synthetase"
"PDXK",8566,"pyridoxal (pyridoxine, vitamin B6) kinase"
"MADD",8567,"MAP-kinase activating death domain"
"RRP1",8568,"ribosomal RNA processing 1 homolog (S. cerevisiae)"
"MKNK1",8569,"MAP kinase interacting serine/threonine kinase 1"
"KHSRP",8570,"KH-type splicing regulatory protein (FUSE binding protein 2)"
"PDLIM4",8572,"PDZ and LIM domain 4"
"CASK",8573,"calcium/calmodulin-dependent serine protein kinase (MAGUK family)"
"AKR7A2",8574,"aldo-keto reductase family 7, member A2 (aflatoxin aldehyde reductase)"
"PRKRA",8575,"protein kinase, interferon-inducible double stranded RNA dependent activator"
"SCARF1",8578,"scavenger receptor class F, member 1"
"CAV1",857,"caveolin 1, caveolae protein, 22kDa"
"CAV2",858,"caveolin 2"
"OR6A2",8590,"olfactory receptor, family 6, subfamily A, member 2"
"CAV3",859,"caveolin 3"
"TNFSF11",8600,"tumor necrosis factor (ligand) superfamily, member 11"
"RGS20",8601,"regulator of G-protein signaling 20"
"NOP14",8602,"nucleolar protein 14"
"FAM193A",8603,"chromosome 4 open reading frame 8"
"SLC25A12",8604,"solute carrier family 25 (mitochondrial carrier, Aralar), member 12"
"PLA2G4C",8605,"phospholipase A2, group IVC (cytosolic, calcium-independent)"
"RUVBL1",8607,"RuvB-like 1 (E. coli)"
"RDH16",8608,"retinol dehydrogenase 16 (all-trans)"
"RUNX2",860,"runt-related transcription factor 2"
"PLPP1",8611,"phosphatidic acid phosphatase type 2A"
"PLPP2",8612,"phosphatidic acid phosphatase type 2C"
"PLPP3",8613,"phosphatidic acid phosphatase type 2B"
"STC2",8614,"stanniocalcin 2"
"USO1",8615,"USO1 homolog, vesicle docking protein (yeast)"
"CADPS",8618,"Ca2+-dependent secretion activator"
"RUNX1",861,"runt-related transcription factor 1 (acute myeloid leukemia 1; aml1 oncogene)"
"NPFF",8620,"neuropeptide FF-amide peptide precursor"
"CDK13",8621,"cell division cycle 2-like 5 (cholinesterase-related cell division controller)"
"PDE8B",8622,"phosphodiesterase 8B"
"PSMG1",8624,"Down syndrome critical region gene 2"
"RFXANK",8625,"regulatory factor X-associated ankyrin-containing protein"
"TP63",8626,"tumor protein p63"
"RUNX1T1",862,"runt-related transcription factor 1; translocated to, 1 (cyclin D-related)"
"HSD17B6",8630,"hydroxysteroid (17-beta) dehydrogenase 6 homolog (mouse)"
"SKAP1",8631,"src kinase associated phosphoprotein 1"
"DNAH17",8632,"dynein, axonemal, heavy chain 17"
"UNC5C",8633,"unc-5 homolog C (C. elegans)"
"RTCA",8634,"RNA terminal phosphate cyclase domain 1"
"RNASET2",8635,"ribonuclease T2"
"SSNA1",8636,"Sjogren's syndrome nuclear autoantigen 1"
"OASL",8638,"2'-5'-oligoadenylate synthetase-like"
"AOC3",8639,"amine oxidase, copper containing 3 (vascular adhesion protein 1)"
"CBFA2T3",863,"core-binding factor, runt domain, alpha subunit 2; translocated to, 3"
"DCHS1",8642,"dachsous 1 (Drosophila)"
"PTCH2",8643,"patched homolog 2 (Drosophila)"
"AKR1C3",8644,"aldo-keto reductase family 1, member C3 (3-alpha hydroxysteroid dehydrogenase, type II)"
"KCNK5",8645,"potassium channel, subfamily K, member 5"
"CHRD",8646,"chordin"
"ABCB11",8647,"ATP-binding cassette, sub-family B (MDR/TAP), member 11"
"NCOA1",8648,"nuclear receptor coactivator 1"
"LAMTOR3",8649,"mitogen-activated protein kinase kinase 1 interacting protein 1"
"RUNX3",864,"runt-related transcription factor 3"
"NUMB",8650,"numb homolog (Drosophila)"
"SOCS1",8651,"suppressor of cytokine signaling 1"
"DDX3Y",8653,"DEAD (Asp-Glu-Ala-Asp) box polypeptide 3, Y-linked"
"PDE5A",8654,"phosphodiesterase 5A, cGMP-specific"
"DYNLL1",8655,"dynein, light chain, LC8-type 1"
"TNKS",8658,"tankyrase, TRF1-interacting ankyrin-related ADP-ribose polymerase"
"ALDH4A1",8659,"aldehyde dehydrogenase 4 family, member A1"
"CBFB",865,"core-binding factor, beta subunit"
"IRS2",8660,"insulin receptor substrate 2"
"EIF3A",8661,"eukaryotic translation initiation factor 3, subunit A"
"EIF3B",8662,"eukaryotic translation initiation factor 3, subunit B"
"EIF3D",8664,"eukaryotic translation initiation factor 3, subunit D"
"EIF3G",8666,"eukaryotic translation initiation factor 3, subunit G"
"EIF3H",8667,"eukaryotic translation initiation factor 3, subunit H"
"EIF3I",8668,"eukaryotic translation initiation factor 3, subunit I"
"EIF3J",8669,"eukaryotic translation initiation factor 3, subunit J"
"SERPINA6",866,"serpin peptidase inhibitor, clade A (alpha-1 antiproteinase, antitrypsin), member 6"
"SLC4A4",8671,"solute carrier family 4, sodium bicarbonate cotransporter, member 4"
"EIF4G3",8672,"eukaryotic translation initiation factor 4 gamma, 3"
"VAMP8",8673,"vesicle-associated membrane protein 8 (endobrevin)"
"VAMP4",8674,"vesicle-associated membrane protein 4"
"STX16",8675,"syntaxin 16"
"STX11",8676,"syntaxin 11"
"STX10",8677,"syntaxin 10"
"BECN1",8678,"beclin 1 (coiled-coil, myosin-like BCL2 interacting protein)"
"CBL",867,"Cas-Br-M (murine) ecotropic retroviral transforming sequence"
"JMJD7-PLA2G4B",8681,"phospholipase A2, group IVB (cytosolic)"
"PEA15",8682,"phosphoprotein enriched in astrocytes 15"
"SRSF9",8683,"splicing factor, arginine/serine-rich 9"
"MARCO",8685,"macrophage receptor with collagenous structure"
"KRT38",8687,"keratin 38"
"CBLB",868,"Cas-Br-M (murine) ecotropic retroviral transforming sequence b"
"HYAL2",8692,"hyaluronoglucosaminidase 2"
"GALNT4",8693,"UDP-N-acetyl-alpha-D-galactosamine:polypeptide N-acetylgalactosaminyltransferase 4 (GalNAc-T4)"
"DGAT1",8694,"diacylglycerol O-acyltransferase homolog 1 (mouse)"
"CDC23",8697,"cell division cycle 23 homolog (S. cerevisiae)"
"S1PR4",8698,"endothelial differentiation, lysophosphatidic acid G-protein-coupled receptor, 6"
"CBLN1",869,"cerebellin 1 precursor"
"ACTL6A",86,"actin-like 6A"
"B4GALT4",8702,"UDP-Gal:betaGlcNAc beta 1,4- galactosyltransferase, polypeptide 4"
"B4GALT3",8703,"UDP-Gal:betaGlcNAc beta 1,4- galactosyltransferase, polypeptide 3"
"B4GALT2",8704,"UDP-Gal:betaGlcNAc beta 1,4- galactosyltransferase, polypeptide 2"
"B3GALT4",8705,"UDP-Gal:betaGlcNAc beta 1,3-galactosyltransferase, polypeptide 4"
"B3GALNT1",8706,"beta-1,3-N-acetylgalactosaminyltransferase 1 (globoside blood group)"
"B3GALT2",8707,"UDP-Gal:betaGlcNAc beta 1,3-galactosyltransferase, polypeptide 2"
"B3GALT1",8708,"UDP-Gal:betaGlcNAc beta 1,3-galactosyltransferase, polypeptide 1"
"ABCC3",8714,"ATP-binding cassette, sub-family C (CFTR/MRP), member 3"
"TRADD",8717,"TNFRSF1A-associated via death domain"
"TNFRSF25",8718,"tumor necrosis factor receptor superfamily, member 25"
"SERPINH1",871,"serpin peptidase inhibitor, clade H (heat shock protein 47), member 1, (collagen binding protein 1)"
"MBTPS1",8720,"membrane-bound transcription factor peptidase, site 1"
"EDF1",8721,"endothelial differentiation-related factor 1"
"CTSF",8722,"cathepsin F"
"SNX4",8723,"sorting nexin 4"
"SNX3",8724,"sorting nexin 3"
"URI1",8725,"chromosome 19 open reading frame 2"
"EED",8726,"embryonic ectoderm development"
"CTNNAL1",8727,"catenin (cadherin-associated protein), alpha-like 1"
"ADAM19",8728,"ADAM metallopeptidase domain 19 (meltrin beta)"
"GBF1",8729,"golgi-specific brefeldin A resistance factor 1"
"RNMT",8731,"RNA (guanine-7-) methyltransferase"
"RNGTT",8732,"RNA guanylyltransferase and 5'-phosphatase"
"GPAA1",8733,"glycosylphosphatidylinositol anchor attachment protein 1 homolog (yeast)"
"MYH13",8735,"myosin, heavy chain 13, skeletal muscle"
"MYOM1",8736,"myomesin 1, 185kDa"
"RIPK1",8737,"receptor (TNFRSF)-interacting serine-threonine kinase 1"
"CRADD",8738,"CASP2 and RIPK1 domain containing adaptor with death domain"
"HRK",8739,"harakiri, BCL2 interacting protein (contains only BH3 domain)"
"CBR1",873,"carbonyl reductase 1"
"TNFSF14",8740,"tumor necrosis factor (ligand) superfamily, member 14"
"TNFSF12",8742,"tumor necrosis factor (ligand) superfamily, member 12"
"TNFSF10",8743,"tumor necrosis factor (ligand) superfamily, member 10"
"TNFSF9",8744,"tumor necrosis factor (ligand) superfamily, member 9"
"ADAM23",8745,"ADAM metallopeptidase domain 23"
"ADAM21",8747,"ADAM metallopeptidase domain 21"
"ADAM20",8748,"ADAM metallopeptidase domain 20"
"CBR3",874,"carbonyl reductase 3"
"ADAM15",8751,"ADAM metallopeptidase domain 15"
"ADAM9",8754,"ADAM metallopeptidase domain 9 (meltrin gamma)"
"CBS",875,"cystathionine-beta-synthase"
"CDS2",8760,"CDP-diacylglycerol synthase (phosphatidate cytidylyltransferase) 2"
"PABPC4",8761,"poly(A) binding protein, cytoplasmic 4 (inducible form)"
"CD164",8763,"CD164 molecule, sialomucin"
"TNFRSF14",8764,"tumor necrosis factor receptor superfamily, member 14 (herpesvirus entry mediator)"
"RAB11A",8766,"RAB11A, member RAS oncogene family"
"RIPK2",8767,"receptor-interacting serine-threonine kinase 2"
"TNFRSF6B",8771,"tumor necrosis factor receptor superfamily, member 6b, decoy"
"FADD",8772,"Fas (TNFRSF6)-associated via death domain"
"SNAP23",8773,"synaptosomal-associated protein, 23kDa"
"NAPG",8774,"N-ethylmaleimide-sensitive factor attachment protein, gamma"
"NAPA",8775,"N-ethylmaleimide-sensitive factor attachment protein, alpha"
"MTMR1",8776,"myotubularin related protein 1"
"MPDZ",8777,"multiple PDZ domain protein"
"RIOK3",8780,"RIO kinase 3 (yeast)"
"MATN4",8785,"matrilin 4"
"RGS11",8786,"regulator of G-protein signaling 11"
"RGS9",8787,"regulator of G-protein signaling 9"
"DLK1",8788,"delta-like 1 homolog (Drosophila)"
"FBP2",8789,"fructose-1,6-bisphosphatase 2"
"FPGT",8790,"fucose-1-phosphate guanylyltransferase"
"TNFRSF11A",8792,"tumor necrosis factor receptor superfamily, member 11a, NFKB activator"
"TNFRSF10D",8793,"tumor necrosis factor receptor superfamily, member 10d, decoy with truncated death domain"
"TNFRSF10C",8794,"tumor necrosis factor receptor superfamily, member 10c, decoy without an intracellular domain"
"TNFRSF10B",8795,"tumor necrosis factor receptor superfamily, member 10b"
"SCEL",8796,"sciellin"
"DYRK4",8798,"dual-specificity tyrosine-(Y)-phosphorylation regulated kinase 4"
"PEX11B",8799,"peroxisomal biogenesis factor 11B"
"ACTN1",87,"actinin, alpha 1"
"PEX11A",8800,"peroxisomal biogenesis factor 11A"
"SUCLG2",8801,"succinate-CoA ligase, GDP-forming, beta subunit"
"SUCLG1",8802,"succinate-CoA ligase, GDP-forming, alpha subunit"
"SUCLA2",8803,"succinate-CoA ligase, ADP-forming, beta subunit"
"CREG1",8804,"cellular repressor of E1A-stimulated genes 1"
"TRIM24",8805,"tripartite motif-containing 24"
"IL18RAP",8807,"interleukin 18 receptor accessory protein"
"IL1RL2",8808,"interleukin 1 receptor-like 2"
"IL18R1",8809,"interleukin 18 receptor 1"
"GALR2",8811,"galanin receptor 2"
"CCNK",8812,"cyclin K"
"DPM1",8813,"dolichyl-phosphate mannosyltransferase polypeptide 1, catalytic subunit"
"BANF1",8815,"barrier to autointegration factor 1"
"FGF18",8817,"fibroblast growth factor 18"
"DPM2",8818,"dolichyl-phosphate mannosyltransferase polypeptide 2, regulatory subunit"
"SAP30",8819,"Sin3A-associated protein, 30kDa"
"CCIN",881,"calicin"
"HESX1",8820,"HESX homeobox 1"
"INPP4B",8821,"inositol polyphosphate-4-phosphatase, type II, 105kDa"
"FGF17",8822,"fibroblast growth factor 17"
"FGF16",8823,"fibroblast growth factor 16"
"CES2",8824,"carboxylesterase 2 (intestine, liver)"
"LIN7A",8825,"lin-7 homolog A (C. elegans)"
"IQGAP1",8826,"IQ motif containing GTPase activating protein 1"
"NRP2",8828,"neuropilin 2"
"NRP1",8829,"neuropilin 1"
"CD84",8832,"CD84 molecule"
"TMEM11",8834,"transmembrane protein 11"
"SOCS2",8835,"suppressor of cytokine signaling 2"
"GGH",8836,"gamma-glutamyl hydrolase (conjugase, folylpolygammaglutamyl hydrolase)"
"CFLAR",8837,"CASP8 and FADD-like apoptosis regulator"
"CCN6",8838,"WNT1 inducible signaling pathway protein 3"
"CCN5",8839,"WNT1 inducible signaling pathway protein 2"
"KYAT1",883,"cysteine conjugate-beta lyase; cytoplasmic (glutamine transaminase K, kyneurenine aminotransferase)"
"CCN4",8840,"WNT1 inducible signaling pathway protein 1"
"HDAC3",8841,"histone deacetylase 3"
"PROM1",8842,"prominin 1"
"KSR1",8844,"kinase suppressor of ras 1"
"ALKBH1",8846,"alkB, alkylation repair homolog 1 (E. coli)"
"TSC22D1",8848,"TSC22 domain family, member 1"
"KAT2B",8850,"p300/CBP-associated factor"
"CDK5R1",8851,"cyclin-dependent kinase 5, regulatory subunit 1 (p35)"
"AKAP4",8852,"A kinase (PRKA) anchor protein 4"
"ASAP2",8853,"development and differentiation enhancing factor 2"
"ALDH1A2",8854,"aldehyde dehydrogenase 1 family, member A2"
"NR1I2",8856,"nuclear receptor subfamily 1, group I, member 2"
"FCGBP",8857,"Fc fragment of IgG binding protein"
"PROZ",8858,"protein Z, vitamin K-dependent plasma glycoprotein"
"STK19",8859,"serine/threonine kinase 19"
"CCK",885,"cholecystokinin"
"LDB1",8861,"LIM domain binding 1"
"PER3",8863,"period homolog 3 (Drosophila)"
"PER2",8864,"period homolog 2 (Drosophila)"
"SYNJ1",8867,"synaptojanin 1"
"ST3GAL5",8869,"ST3 beta-galactoside alpha-2,3-sialyltransferase 5"
"CCKAR",886,"cholecystokinin A receptor"
"IER3",8870,"immediate early response 3"
"SYNJ2",8871,"synaptojanin 2"
"CDC123",8872,"cell division cycle 123 homolog (S. cerevisiae)"
"ARHGEF7",8874,"Rho guanine nucleotide exchange factor (GEF) 7"
"VNN2",8875,"vanin 2"
"VNN1",8876,"vanin 1"
"SPHK1",8877,"sphingosine kinase 1"
"SQSTM1",8878,"sequestosome 1"
"SGPL1",8879,"sphingosine-1-phosphate lyase 1"
"CCKBR",887,"cholecystokinin B receptor"
"FUBP1",8880,"far upstream element (FUSE) binding protein 1"
"CDC16",8881,"cell division cycle 16 homolog (S. cerevisiae)"
"ZPR1",8882,"zinc finger protein 259"
"NAE1",8883,"amyloid beta precursor protein binding protein 1"
"DDX18",8886,"DEAD (Asp-Glu-Ala-Asp) box polypeptide 18"
"TAX1BP1",8887,"Tax1 (human T-cell leukemia virus type I) binding protein 1"
"MCM3AP",8888,"minichromosome maintenance complex component 3 associated protein"
"EIF2B4",8890,"eukaryotic translation initiation factor 2B, subunit 4 delta, 67kDa"
"EIF2B3",8891,"eukaryotic translation initiation factor 2B, subunit 3 gamma, 58kDa"
"EIF2B2",8892,"eukaryotic translation initiation factor 2B, subunit 2 beta, 39kDa"
"EIF2B5",8893,"eukaryotic translation initiation factor 2B, subunit 5 epsilon, 82kDa"
"EIF2S2",8894,"eukaryotic translation initiation factor 2, subunit 2 beta, 38kDa"
"BUD31",8896,"BUD31 homolog (S. cerevisiae)"
"MTMR3",8897,"myotubularin related protein 3"
"MTMR2",8898,"myotubularin related protein 2"
"PRP4K",8899,"PRP4 pre-mRNA processing factor 4 homolog B (yeast)"
"KRIT1",889,"KRIT1, ankyrin repeat containing"
"ACTN2",88,"actinin, alpha 2"
"CCNA1",8900,"cyclin A1"
"AP1S2",8905,"adaptor-related protein complex 1, sigma 2 subunit"
"AP1G2",8906,"adaptor-related protein complex 1, gamma 2 subunit"
"GYG2",8908,"glycogenin 2"
"ENDOU",8909,"26 serine protease"
"CCNA2",890,"cyclin A2"
"SGCE",8910,"sarcoglycan, epsilon"
"CACNA1I",8911,"calcium channel, voltage-dependent, T type, alpha 1I subunit"
"CACNA1H",8912,"calcium channel, voltage-dependent, T type, alpha 1H subunit"
"CACNA1G",8913,"calcium channel, voltage-dependent, T type, alpha 1G subunit"
"TIMELESS",8914,"timeless homolog (Drosophila)"
"BCL10",8915,"B-cell CLL/lymphoma 10"
"HERC3",8916,"hect domain and RLD 3"
"CCNB1",891,"cyclin B1"
"HERC2",8924,"hect domain and RLD 2"
"HERC1",8925,"hect (homologous to the E6-AP (UBE3A) carboxyl terminus) domain and RCC1 (CHC1)-like domain (RLD) 1"
"BSN",8927,"bassoon (presynaptic cytomatrix protein)"
"FOXH1",8928,"forkhead box H1"
"PHOX2B",8929,"paired-like homeobox 2b"
"CCNC",892,"cyclin C"
"MBD4",8930,"methyl-CpG binding domain protein 4"
"MBD2",8932,"methyl-CpG binding domain protein 2"
"RTL8C",8933,"family with sequence similarity 127, member A"
"RAB29",8934,"RAB7, member RAS oncogene family-like 1"
"SKAP2",8935,"src kinase associated phosphoprotein 2"
"WASF1",8936,"WAS protein family, member 1"
"BAIAP3",8938,"BAI1-associated protein 3"
"FUBP3",8939,"far upstream element (FUSE) binding protein 3"
"TOP3B",8940,"topoisomerase (DNA) III beta"
"CDK5R2",8941,"cyclin-dependent kinase 5, regulatory subunit 2 (p39)"
"KYNU",8942,"kynureninase (L-kynurenine hydrolase)"
"AP3D1",8943,"adaptor-related protein complex 3, delta 1 subunit"
"BTRC",8945,"beta-transducin repeat containing"
"CCND2",894,"cyclin D2"
"H3C7",8968,"histone cluster 1, H3f"
"H2AC11",8969,"histone cluster 1, H2ag"
"CCND3",896,"cyclin D3"
"H1-10",8971,"H1 histone family, member X"
"MGAM",8972,"maltase-glucoamylase (alpha-glucosidase)"
"CHRNA6",8973,"cholinergic receptor, nicotinic, alpha 6"
"P4HA2",8974,"procollagen-proline, 2-oxoglutarate 4-dioxygenase (proline 4-hydroxylase), alpha polypeptide II"
"USP13",8975,"ubiquitin specific peptidase 13 (isopeptidase T-3)"
"WASL",8976,"Wiskott-Aldrich syndrome-like"
"HPS4",89781,"Hermansky-Pudlak syndrome 4"
"NAV3",89795,"neuron navigator 3"
"NAV2",89797,"neuron navigator 2"
"MVB12B",89853,"family with sequence similarity 125, member B"
"PLOD3",8985,"procollagen-lysine, 2-oxoglutarate 5-dioxygenase 3"
"RPS6KA4",8986,"ribosomal protein S6 kinase, 90kDa, polypeptide 4"
"SLC25A21",89874,"solute carrier family 25 (mitochondrial oxodicarboxylate carrier), member 21"
"STBD1",8987,"starch binding domain 1"
"HSPB3",8988,"heat shock 27kDa protein 3"
"TRPA1",8989,"transient receptor potential cation channel, subfamily A, member 1"
"CCNE1",898,"cyclin E1"
"UBE3B",89910,"ubiquitin protein ligase E3B"
"SELENBP1",8991,"selenium binding protein 1"
"BMERB1",89927,"chromosome 16 open reading frame 45"
"ATP6V0E1",8992,"ATPase, H+ transporting, lysosomal 9kDa, V0 subunit e1"
"PGLYRP1",8993,"peptidoglycan recognition protein 1"
"RHOT2",89941,"ras homolog gene family, member T2"
"LIMD1",8994,"LIM domains containing 1"
"TNFSF18",8995,"tumor necrosis factor (ligand) superfamily, member 18"
"NOL3",8996,"nucleolar protein 3 (apoptosis repressor with CARD domain)"
"KALRN",8997,"kalirin, RhoGEF kinase"
"CCNF",899,"cyclin F"
"ACTN3",89,"actinin, alpha 3"
"HAP1",9001,"huntingtin-associated protein 1 (neuroan 1)"
"CCNG1",900,"cyclin G1"
"TSR2",90121,"TSR2, 20S rRNA accumulation, homolog (S. cerevisiae)"
"TAF1C",9013,"TATA box binding protein (TBP)-associated factor, RNA polymerase I, C, 110kDa"
"TAF1B",9014,"TATA box binding protein (TBP)-associated factor, RNA polymerase I, B, 63kDa"
"TAF1A",9015,"TATA box binding protein (TBP)-associated factor, RNA polymerase I, A, 48kDa"
"SLC25A14",9016,"solute carrier family 25 (mitochondrial carrier, brain), member 14"
"MPZL1",9019,"myelin protein zero-like 1"
"CCNG2",901,"cyclin G2"
"MAP3K14",9020,"mitogen-activated protein kinase kinase kinase 14"
"SOCS3",9021,"suppressor of cytokine signaling 3"
"CH25H",9023,"cholesterol 25-hydroxylase"
"BRSK2",9024,"BR serine/threonine kinase 2"
"RNF8",9025,"ring finger protein 8"
"NAT8",9027,"N-acetyltransferase 8"
"CCNH",902,"cyclin H"
"BAZ1B",9031,"bromodomain adjacent to zinc finger domain, 1B"
"TM4SF5",9032,"transmembrane 4 L six family member 5"
"ZNF468",90333,"zinc finger protein 468"
"PKD2L1",9033,"polycystic kidney disease 2-like 1"
"CCRL2",9034,"chemokine (C-C motif) receptor-like 2"
"MACIR",90355,"chromosome 5 open reading frame 30"
"FAM110B",90362,"family with sequence similarity 110, member B"
"DCAF15",90379,"hypothetical protein BC002926"
"SEMA5A",9037,"sema domain, seven thrombospondin repeats (type 1 and type 1-like), transmembrane domain (TM) and short cytoplasmic domain, (semaphorin) 5A"
"TAAR5",9038,"trace amine associated receptor 5"
"UBA3",9039,"ubiquitin-activating enzyme E1C (UBA3 homolog, yeast)"
"UBE2M",9040,"ubiquitin-conjugating enzyme E2M (UBC12 homolog, yeast)"
"IFT20",90410,"intraflagellar transport 20 homolog (Chlamydomonas)"
"MCFD2",90411,"multiple coagulation factor deficiency 2"
"SPAG9",9043,"sperm associated antigen 9"
"BTAF1",9044,"BTAF1 RNA polymerase II, B-TFIID transcription factor-associated, 170kDa (Mot1 homolog, S. cerevisiae)"
"RPL14",9045,"ribosomal protein L14"
"DOK2",9046,"docking protein 2, 56kDa"
"SH2D2A",9047,"SH2 domain protein 2A"
"GADD45GIP1",90480,"growth arrest and DNA-damage-inducible, gamma interacting protein 1"
"ARTN",9048,"artemin"
"AIP",9049,"aryl hydrocarbon receptor interacting protein"
"CCNT1",904,"cyclin T1"
"PSTPIP2",9050,"proline-serine-threonine phosphatase interacting protein 2"
"PSTPIP1",9051,"proline-serine-threonine phosphatase interacting protein 1"
"GPRC5A",9052,"G protein-coupled receptor, family C, group 5, member A"
"MAP7",9053,"microtubule-associated protein 7"
"NFS1",9054,"NFS1 nitrogen fixation 1 homolog (S. cerevisiae)"
"PRC1",9055,"protein regulator of cytokinesis 1"
"SLC7A7",9056,"solute carrier family 7 (cationic amino acid transporter, y+ system), member 7"
"SLC7A6",9057,"solute carrier family 7 (cationic amino acid transporter, y+ system), member 6"
"SLC13A2",9058,"solute carrier family 13 (sodium-dependent dicarboxylate transporter), member 2"
"CCNT2",905,"cyclin T2"
"PAPSS2",9060,"3'-phosphoadenosine 5'-phosphosulfate synthase 2"
"PAPSS1",9061,"3'-phosphoadenosine 5'-phosphosulfate synthase 1"
"STARD13",90627,"StAR-related lipid transfer (START) domain containing 13"
"N4BP2L1",90634,"hypothetical gene CG018"
"PIAS2",9063,"protein inhibitor of activated STAT, 2"
"MAP3K6",9064,"mitogen-activated protein kinase kinase kinase 6"
"TBL1Y",90665,"transducin (beta)-like 1Y-linked"
"ASH2L",9070,"ash2 (absent, small, or homeotic)-like (Drosophila)"
"CLDN10",9071,"claudin 10"
"CLDN8",9073,"claudin 8"
"CLDN6",9074,"claudin 6"
"CLDN1",9076,"claudin 1"
"DIRAS3",9077,"DIRAS family, GTP-binding RAS-like 3"
"LDB2",9079,"LIM domain binding 2"
"ANGEL2",90806,"angel homolog 2 (Drosophila)"
"CLDN9",9080,"claudin 9"
"JPT2",90861,"hematological and neurological expressed 1-like"
"SPSB3",90864,"splA/ryanodine receptor domain and SOCS box containing 3"
"IL33",90865,"interleukin 33"
"EIF1AY",9086,"eukaryotic translation initiation factor 1A, Y-linked"
"TMSB4Y",9087,"thymosin, beta 4, Y-linked"
"PKMYT1",9088,"protein kinase, membrane associated tyrosine/threonine 1"
"CCT6A",908,"chaperonin containing TCP1, subunit 6A (zeta 1)"
"PIGQ",9091,"phosphatidylinositol glycan anchor biosynthesis, class Q"
"SART1",9092,"squamous cell carcinoma antigen recognized by T cells"
"DNAJA3",9093,"DnaJ (Hsp40) homolog, subfamily A, member 3"
"UNC119",9094,"unc-119 homolog (C. elegans)"
"ADCK2",90956,"aarF domain containing kinase 2"
"DHX57",90957,"DEAH (Asp-Glu-Ala-Asp/His) box polypeptide 57"
"TBX19",9095,"T-box 19"
"USP14",9097,"ubiquitin specific peptidase 14 (tRNA-guanine transglycosylase)"
"USP6",9098,"ubiquitin specific peptidase 6 (Tre-2 oncogene)"
"CREB3L1",90993,"cAMP responsive element binding protein 3-like 1"
"USP2",9099,"ubiquitin specific peptidase 2"
"CD1A",909,"CD1a molecule"
"ACVR1",90,"activin A receptor, type I"
"USP10",9100,"ubiquitin specific peptidase 10"
"USP8",9101,"ubiquitin specific peptidase 8"
"RGN",9104,"regucalcin (senescence marker protein-30)"
"MTMR6",9107,"myotubularin related protein 6"
"CD1B",910,"CD1b molecule"
"MTMR4",9110,"myotubularin related protein 4"
"NMI",9111,"N-myc (and STAT) interactor"
"MTA1",9112,"metastasis associated 1"
"SLC25A46",91137,"solute carrier family 25, member 46"
"LATS1",9113,"LATS, large tumor suppressor, homolog 1 (Drosophila)"
"ATP6V0D1",9114,"ATPase, H+ transporting, lysosomal 38kDa, V0 subunit d1"
"INA",9118,"internexin neuronal intermediate filament protein, alpha"
"KRT75",9119,"keratin 75"
"CD1C",911,"CD1c molecule"
"SLC16A4",9122,"solute carrier family 16, member 4 (monocarboxylic acid transporter 5)"
"SLC16A3",9123,"solute carrier family 16, member 3 (monocarboxylic acid transporter 4)"
"PDLIM1",9124,"PDZ and LIM domain 1 (elfin)"
"SMC3",9126,"structural maintenance of chromosomes 3"
"P2RX6",9127,"purinergic receptor P2X-like 1, orphan receptor"
"LMF2",91289,"transmembrane protein 112B"
"PRPF4",9128,"PRP4 pre-mRNA processing factor 4 homolog (yeast)"
"PRPF3",9129,"PRP3 pre-mRNA processing factor 3 homolog (S. cerevisiae)"
"CD1D",912,"CD1d molecule"
"R3HDM4",91300,"chromosome 19 open reading frame 22"
"TMEM259",91304,"chromosome 19 open reading frame 6"
"FAM50A",9130,"family with sequence similarity 50, member A"
"AIFM1",9131,"apoptosis-inducing factor, mitochondrion-associated, 1"
"KCNQ4",9132,"potassium voltage-gated channel, KQT-like subfamily, member 4"
"CCNB2",9133,"cyclin B2"
"CCNE2",9134,"cyclin E2"
"RABEP1",9135,"rabaptin, RAB GTPase binding effector protein 1"
"RRP9",9136,"RRP9, small subunit (SSU) processome component, homolog (yeast)"
"UAP1L1",91373,"UDP-N-acteylglucosamine pyrophosphorylase 1-like 1"
"ARHGEF1",9138,"Rho guanine nucleotide exchange factor (GEF) 1"
"CBFA2T2",9139,"core-binding factor, runt domain, alpha subunit 2; translocated to, 2"
"CD1E",913,"CD1e molecule"
"ATG12",9140,"ATG12 autophagy related 12 homolog (S. cerevisiae)"
"PDCD5",9141,"programmed cell death 5"
"SYNGR3",9143,"synaptogyrin 3"
"FAAP24",91442,"chromosome 19 open reading frame 40"
"SYNGR2",9144,"synaptogyrin 2"
"SYNGR1",9145,"synaptogyrin 1"
"HGS",9146,"hepatocyte growth factor-regulated tyrosine kinase substrate"
"NEMF",9147,"serologically defined colon cancer antigen 1"
"NEURL1",9148,"neuralized homolog (Drosophila)"
"DYRK1B",9149,"dual-specificity tyrosine-(Y)-phosphorylation regulated kinase 1B"
"CD2",914,"CD2 molecule"
"CTDP1",9150,"CTD (carboxy-terminal domain, RNA polymerase II, polypeptide A) phosphatase, subunit 1"
"SLC6A5",9152,"solute carrier family 6 (neurotransmitter transporter, glycine), member 5"
"SLC28A2",9153,"solute carrier family 28 (sodium-coupled nucleoside transporter), member 2"
"RSAD2",91543,"radical S-adenosyl methionine domain containing 2"
"SLC28A1",9154,"solute carrier family 28 (sodium-coupled nucleoside transporter), member 1"
"EXO1",9156,"exonuclease 1"
"FIBP",9158,"fibroblast growth factor (acidic) intracellular binding protein"
"PCSK7",9159,"proprotein convertase subtilisin/kexin type 7"
"CD3D",915,"CD3d molecule, delta (CD3-TCR complex)"
"DGKI",9162,"diacylglycerol kinase, iota"
"ATPAF2",91647,"ATP synthase mitochondrial F1 complex assembly factor 2"
"EBAG9",9166,"estrogen receptor binding site associated, antigen, 9"
"COX7A2L",9167,"cytochrome c oxidase subunit VIIa polypeptide 2 like"
"TMSB10",9168,"thymosin, beta 10"
"SCAF11",9169,"splicing factor, arginine/serine-rich 2, interacting protein"
"CD3E",916,"CD3e molecule, epsilon (CD3-TCR complex)"
"LPAR2",9170,"endothelial differentiation, lysophosphatidic acid G-protein-coupled receptor, 4"
"MYOM2",9172,"myomesin (M-protein) 2, 165kDa"
"IL1RL1",9173,"interleukin 1 receptor-like 1"
"YTHDC1",91746,"YTH domain containing 1"
"ZNF804A",91752,"zinc finger protein 804A"
"NEK9",91754,"NIMA (never in mitosis gene a)- related kinase 9"
"MAP3K13",9175,"mitogen-activated protein kinase kinase kinase 13"
"HTR3B",9177,"5-hydroxytryptamine (serotonin) receptor 3B"
"CHMP7",91782,"CHMP family, member 7"
"AP4M1",9179,"adaptor-related protein complex 4, mu 1 subunit"
"CD3G",917,"CD3g molecule, gamma (CD3-TCR complex)"
"OSMR",9180,"oncostatin M receptor"
"ARHGEF2",9181,"rho/rac guanine nucleotide exchange factor (GEF) 2"
"RASSF9",9182,"peptidylglycine alpha-amidating monooxygenase COOH-terminal interactor"
"ZW10",9183,"ZW10, kinetochore associated, homolog (Drosophila)"
"BUB3",9184,"BUB3 budding uninhibited by benzimidazoles 3 homolog (yeast)"
"REPS2",9185,"RALBP1 associated Eps domain containing 2"
"CALML4",91860,"calmodulin-like 4"
"SLC24A1",9187,"solute carrier family 24 (sodium/potassium/calcium exchanger), member 1"
"DDX21",9188,"DEAD (Asp-Glu-Ala-Asp) box polypeptide 21"
"DEDD",9191,"death effector domain containing"
"COG7",91949,"component of oligomeric golgi complex 7"
"SLC16A7",9194,"solute carrier family 16, member 7 (monocarboxylic acid transporter 2)"
"KCNAB3",9196,"potassium voltage-gated channel, shaker-related subfamily, beta member 3"
"MYOZ3",91977,"myozenin 3"
"SLC33A1",9197,"solute carrier family 33 (acetyl-CoA transporter), member 1"
"CD247",919,"CD247 molecule"
"ACVR1B",91,"activin A receptor, type IB"
"HACD1",9200,"protein tyrosine phosphatase-like (proline instead of catalytic arginine), member A"
"DCLK1",9201,"doublecortin-like kinase 1"
"ZMYM4",9202,"zinc finger, MYM-type 4"
"ZMYM3",9203,"zinc finger, MYM-type 3"
"GGTLC1",92086,"gamma-glutamyltransferase-like activity 4"
"LRRFIP1",9208,"leucine rich repeat (in FLII) interacting protein 1"
"LRRFIP2",9209,"leucine rich repeat (in FLII) interacting protein 2"
"CD4",920,"CD4 molecule"
"IFT70A",92104,"tetratricopeptide repeat domain 30A"
"BMP15",9210,"bone morphogenetic protein 15"
"LGI1",9211,"leucine-rich, glioma inactivated 1"
"AURKB",9212,"aurora kinase B"
"MTDH",92140,"metadherin"
"FCMR",9214,"Fas apoptotic inhibitory molecule 3"
"MTSS2",92154,"actin-bundling protein with BAIAP2 homology"
"LARGE1",9215,"like-glycosyltransferase"
"MTG1",92170,"mitochondrial GTPase 1 homolog (S. cerevisiae)"
"VAPB",9217,"VAMP (vesicle-associated membrane protein)-associated protein B and C"
"VAPA",9218,"VAMP (vesicle-associated membrane protein)-associated protein A, 33kDa"
"MTA2",9219,"metastasis associated 1 family, member 2"
"CD5",921,"CD5 molecule"
"CDHR1",92211,"protocadherin 21"
"NOLC1",9221,"nucleolar and coiled-body phosphoprotein 1"
"MAGI1",9223,"membrane associated guanylate kinase, WW and PDZ domain containing 1"
"LRAT",9227,"lecithin retinol acyltransferase (phosphatidylcholine--retinol O-acyltransferase)"
"DLGAP2",9228,"discs, large (Drosophila) homolog-associated protein 2"
"DLGAP1",9229,"discs, large (Drosophila) homolog-associated protein 1"
"CD5L",922,"CD5 molecule-like"
"RAB11B",9230,"RAB11B, member RAS oncogene family"
"DLG5",9231,"discs, large homolog 5 (Drosophila)"
"PTTG1",9232,"pituitary tumor-transforming 1"
"STRADA",92335,"protein kinase LYK5"
"METTL18",92342,"chromosome 1 open reading frame 156"
"IL32",9235,"interleukin 32"
"CCPG1",9236,"cell cycle progression 1"
"TBRG4",9238,"transforming growth factor beta regulator 4"
"CD6",923,"CD6 molecule"
"PNMA1",9240,"paraneoplastic antigen MA1"
"MSC",9242,"musculin (activated B-cell factor-1)"
"CRLF1",9244,"cytokine receptor-like factor 1"
"GCNT3",9245,"glucosaminyl (N-acetyl) transferase 3, mucin type"
"UBE2L6",9246,"ubiquitin-conjugating enzyme E2L 6"
"GCM2",9247,"glial cells missing homolog 2 (Drosophila)"
"LDHAL6B",92483,"lactate dehydrogenase A-like 6B"
"GPR50",9248,"G protein-coupled receptor 50"
"DHRS3",9249,"dehydrogenase/reductase (SDR family) member 3"
"CD7",924,"CD7 molecule"
"RPS6KA5",9252,"ribosomal protein S6 kinase, 90kDa, polypeptide 5"
"CACNA2D2",9254,"calcium channel, voltage-dependent, alpha 2/delta subunit 2"
"ATXN3L",92552,"ataxin 3-like"
"AIMP1",9255,"small inducible cytokine subfamily E, member 1 (endothelial monocyte-activating)"
"TSPOAP1",9256,"benzodiazapine receptor (peripheral) associated protein 1"
"G6PC3",92579,"glucose 6 phosphatase, catalytic, 3"
"CD8A",925,"CD8a molecule"
"PDLIM7",9260,"PDZ and LIM domain 7 (enigma)"
"MAPKAPK2",9261,"mitogen-activated protein kinase-activated protein kinase 2"
"STK17B",9262,"serine/threonine kinase 17b"
"STK17A",9263,"serine/threonine kinase 17a"
"CYTH3",9265,"pleckstrin homology, Sec7 and coiled-coil domains 3"
"CYTH2",9266,"pleckstrin homology, Sec7 and coiled-coil domains 2 (cytohesin-2)"
"CYTH1",9267,"pleckstrin homology, Sec7 and coiled-coil domains 1(cytohesin 1)"
"CD8B",926,"CD8b molecule"
"ITGB1BP1",9270,"integrin beta 1 binding protein 1"
"PIWIL1",9271,"piwi-like 1 (Drosophila)"
"BCL7C",9274,"B-cell CLL/lymphoma 7C"
"BCL7B",9275,"B-cell CLL/lymphoma 7B"
"COPB2",9276,"coatomer protein complex, subunit beta 2 (beta prime)"
"WDR46",9277,"WD repeat domain 46"
"ZBTB22",9278,"zinc finger and BTB domain containing 22"
"ZNF276",92822,"zinc finger protein 276"
"MED14",9282,"mediator complex subunit 14"
"GPR37L1",9283,"G protein-coupled receptor 37 like 1"
"IMP4",92856,"IMP4, U3 small nucleolar ribonucleoprotein, homolog (yeast)"
"ADGRG1",9289,"G protein-coupled receptor 56"
"CD9",928,"CD9 molecule"
"GPR52",9293,"G protein-coupled receptor 52"
"S1PR2",9294,"endothelial differentiation, sphingolipid G-protein-coupled receptor, 5"
"SRSF11",9295,"splicing factor, arginine/serine-rich 11"
"ATP6V1F",9296,"ATPase, H+ transporting, lysosomal 14kDa, V1 subunit F"
"CD14",929,"CD14 molecule"
"ACVR2A",92,"activin A receptor, type IIA"
"SOCS6",9306,"suppressor of cytokine signaling 6"
"CD83",9308,"CD83 molecule"
"CD19",930,"CD19 molecule"
"ASIC3",9311,"amiloride-sensitive cation channel 3"
"ORAI3",93129,"ORAI calcium release-activated calcium modulator 3"
"KCNB2",9312,"potassium voltage-gated channel, Shab-related subfamily, member 2"
"MMP20",9313,"matrix metallopeptidase 20 (enamelysin)"
"KLF4",9314,"Kruppel-like factor 4 (gut)"
"COPS2",9318,"COP9 constitutive photomorphogenic homolog subunit 2 (Arabidopsis)"
"TRIP13",9319,"thyroid hormone receptor interactor 13"
"MS4A1",931,"membrane-spanning 4-domains, subfamily A, member 1"
"TRIP12",9320,"thyroid hormone receptor interactor 12"
"PGAP3",93210,"per1-like domain containing 1"
"TRIP11",9321,"thyroid hormone receptor interactor 11"
"TRIP10",9322,"thyroid hormone receptor interactor 10"
"HMGN3",9324,"high mobility group nucleosomal binding domain 3"
"TRIP4",9325,"thyroid hormone receptor interactor 4"
"ZNHIT3",9326,"zinc finger, HIT type 3"
"GTF3C5",9328,"general transcription factor IIIC, polypeptide 5, 63kDa"
"GTF3C4",9329,"general transcription factor IIIC, polypeptide 4, 90kDa"
"MS4A3",932,"membrane-spanning 4-domains, subfamily A, member 3 (hematopoietic cell-specific)"
"GTF3C3",9330,"general transcription factor IIIC, polypeptide 3, 102kDa"
"B4GALT6",9331,"UDP-Gal:betaGlcNAc beta 1,4- galactosyltransferase, polypeptide 6"
"CD163",9332,"CD163 molecule"
"TGM5",9333,"transglutaminase 5"
"SP140L",93349,"hypothetical protein BC004921"
"B4GALT5",9334,"UDP-Gal:betaGlcNAc beta 1,4- galactosyltransferase, polypeptide 5"
"CNOT8",9337,"CCR4-NOT transcription complex, subunit 8"
"TCEAL1",9338,"transcription elongation factor A (SII)-like 1"
"CD22",933,"CD22 molecule"
"MYL10",93408,"myosin light chain 2, precursor lymphocyte-specific"
"GLP2R",9340,"glucagon-like peptide 2 receptor"
"VAMP3",9341,"vesicle-associated membrane protein 3 (cellubrevin)"
"SNAP29",9342,"synaptosomal-associated protein, 29kDa"
"MGAM2",93432,"maltase-glucoamylase-like pseudogene"
"TAOK2",9344,"TAO kinase 2"
"NDST3",9348,"N-deacetylase/N-sulfotransferase (heparan glucosaminyl) 3"
"RPL23",9349,"ribosomal protein L23"
"CER1",9350,"cerberus 1, cysteine knot superfamily, homolog (Xenopus laevis)"
"NHERF2",9351,"solute carrier family 9 (sodium/hydrogen exchanger), member 3 regulator 2"
"TXNL1",9352,"thioredoxin-like 1"
"SLIT2",9353,"slit homolog 2 (Drosophila)"
"UBE4A",9354,"ubiquitination factor E4A (UFD2 homolog, yeast)"
"LHX2",9355,"LIM homeobox 2"
"SLC22A6",9356,"solute carrier family 22 (organic anion transporter), member 6"
"ITGBL1",9358,"integrin, beta-like 1 (with EGF-like repeat domains)"
"TBC1D31",93594,"WD repeat domain 67"
"PPIG",9360,"peptidylprolyl isomerase G (cyclophilin G)"
"LONP1",9361,"lon peptidase 1, mitochondrial"
"CPNE6",9362,"copine VI (neuronal)"
"RAB33A",9363,"RAB33A, member RAS oncogene family"
"TJAP1",93643,"tight junction associated protein 1 (peripheral)"
"RAB28",9364,"RAB28, member RAS oncogene family"
"KL",9365,"klotho"
"CADPS2",93664,"Ca2+-dependent activator protein for secretion 2"
"RAB9A",9367,"RAB9A, member RAS oncogene family"
"NHERF1",9368,"solute carrier family 9 (sodium/hydrogen exchanger), member 3 regulator 1"
"NRXN3",9369,"neurexin 3"
"ADIPOQ",9370,"adiponectin, C1Q and collagen domain containing"
"KIF3B",9371,"kinesin family member 3B"
"ZFYVE9",9372,"zinc finger, FYVE domain containing 9"
"PLAA",9373,"phospholipase A2-activating protein"
"PPT2",9374,"palmitoyl-protein thioesterase 2"
"TM9SF2",9375,"transmembrane 9 superfamily member 2"
"SLC22A8",9376,"solute carrier family 22 (organic anion transporter), member 8"
"COX5A",9377,"cytochrome c oxidase subunit Va"
"NRXN1",9378,"neurexin 1"
"NRXN2",9379,"neurexin 2"
"GRHPR",9380,"glyoxylate reductase/hydroxypyruvate reductase"
"OTOF",9381,"otoferlin"
"LIPG",9388,"lipase, endothelial"
"SLC22A14",9389,"solute carrier family 22 (organic cation transporter), member 14"
"SLC22A13",9390,"solute carrier family 22 (organic cation transporter), member 13"
"CIAO1",9391,"cytosolic iron-sulfur protein assembly 1 homolog (S. cerevisiae)"
"TGFBRAP1",9392,"transforming growth factor, beta receptor associated protein 1"
"ACTR8",93973,"ARP8 actin-related protein 8 homolog (yeast)"
"ATP5IF1",93974,"ATPase inhibitory factor 1"
"NMT2",9397,"N-myristoyltransferase 2"
"CD101",9398,"immunoglobulin superfamily, member 2"
"CD27",939,"CD27 molecule"
"ACVR2B",93,"activin A receptor, type IIB"
"RECQL5",9400,"RecQ protein-like 5"
"RECQL4",9401,"RecQ protein-like 4"
"MUC16",94025,"mucin 16, cell surface associated"
"GRAP2",9402,"GRB2-related adaptor protein 2"
"SELENOF",9403,"15 kDa selenoprotein"
"LPXN",9404,"leupaxin"
"TMPRSS11D",9407,"transmembrane protease, serine 11D"
"PEX16",9409,"peroxisomal biogenesis factor 16"
"CD28",940,"CD28 molecule"
"PAXBP1",94104,"chromosome 21 open reading frame 66"
"SNRNP40",9410,"WD repeat domain 57 (U5 snRNP specific)"
"ARHGAP29",9411,"Rho GTPase activating protein 29"
"MED21",9412,"mediator complex subunit 21"
"ARHGAP12",94134,"Rho GTPase activating protein 12"
"TJP2",9414,"tight junction protein 2 (zona occludens 2)"
"FADS2",9415,"fatty acid desaturase 2"
"DDX23",9416,"DEAD (Asp-Glu-Ala-Asp) box polypeptide 23"
"CRIPT",9419,"cysteine-rich PDZ-binding protein"
"CD80",941,"CD80 molecule"
"CYP7B1",9420,"cytochrome P450, family 7, subfamily B, polypeptide 1"
"HAND1",9421,"heart and neural crest derivatives expressed 1"
"H2AZ2",94239,"H2A histone family, member V"
"NTN1",9423,"netrin 1"
"CDYL",9425,"chromodomain protein, Y-like"
"ABCG2",9429,"ATP-binding cassette, sub-family G (WHITE), member 2"
"CD86",942,"CD86 molecule"
"CHST2",9435,"carbohydrate (N-acetylglucosamine-6-O) sulfotransferase 2"
"NCR2",9436,"natural cytotoxicity triggering receptor 2"
"NCR1",9437,"natural cytotoxicity triggering receptor 1"
"MED23",9439,"mediator complex subunit 23"
"TNFRSF8",943,"tumor necrosis factor receptor superfamily, member 8"
"MED17",9440,"mediator complex subunit 17"
"MED27",9442,"mediator complex subunit 27"
"MED7",9443,"mediator complex subunit 7"
"QKI",9444,"quaking homolog, KH domain RNA binding (mouse)"
"ITM2B",9445,"integral membrane protein 2B"
"GSTO1",9446,"glutathione S-transferase omega 1"
"AIM2",9447,"absent in melanoma 2"
"MAP4K4",9448,"mitogen-activated protein kinase kinase kinase kinase 4"
"TNFSF8",944,"tumor necrosis factor (ligand) superfamily, member 8"
"LY86",9450,"lymphocyte antigen 86"
"EIF2AK3",9451,"eukaryotic translation initiation factor 2-alpha kinase 3"
"GGPS1",9453,"geranylgeranyl diphosphate synthase 1"
"HOMER3",9454,"homer homolog 3 (Drosophila)"
"HOMER2",9455,"homer homolog 2 (Drosophila)"
"HOMER1",9456,"homer homolog 1 (Drosophila)"
"FHL5",9457,"four and a half LIM domains 5"
"ARHGEF6",9459,"Rac/Cdc42 guanine nucleotide exchange factor (GEF) 6"
"CD33",945,"CD33 molecule"
"RASAL2",9462,"RAS protein activator like 2"
"PICK1",9463,"protein interacting with PRKCA 1"
"HAND2",9464,"heart and neural crest derivatives expressed 2"
"AKAP7",9465,"A kinase (PRKA) anchor protein 7"
"IL27RA",9466,"interleukin 27 receptor, alpha"
"SH3BP5",9467,"SH3-domain binding protein 5 (BTK-associated)"
"PCYT1B",9468,"phosphate cytidylyltransferase 1, choline, beta"
"CHST3",9469,"carbohydrate (chondroitin 6) sulfotransferase 3"
"SIGLEC6",946,"sialic acid binding Ig-like lectin 6"
"EIF4E2",9470,"eukaryotic translation initiation factor 4E family member 2"
"AKAP6",9472,"A kinase (PRKA) anchor protein 6"
"ATG5",9474,"ATG5 autophagy related 5 homolog (S. cerevisiae)"
"ROCK2",9475,"Rho-associated, coiled-coil containing protein kinase 2"
"MED20",9477,"mediator complex subunit 20"
"CABP1",9478,"calcium binding protein 1"
"MAPK8IP1",9479,"mitogen-activated protein kinase 8 interacting protein 1"
"CD34",947,"CD34 molecule"
"ONECUT2",9480,"one cut homeobox 2"
"STX8",9482,"syntaxin 8"
"CHST10",9486,"carbohydrate sulfotransferase 10"
"PIGL",9487,"phosphatidylinositol glycan anchor biosynthesis, class L"
"PIGB",9488,"phosphatidylinositol glycan anchor biosynthesis, class B"
"PGS1",9489,"phosphatidylglycerophosphate synthase 1"
"CD36",948,"CD36 molecule (thrombospondin receptor)"
"PSMF1",9491,"proteasome (prosome, macropain) inhibitor subunit 1 (PI31)"
"KIF23",9493,"kinesin family member 23"
"AKAP5",9495,"A kinase (PRKA) anchor protein 5"
"TBX4",9496,"T-box 4"
"SLC4A7",9497,"solute carrier family 4, sodium bicarbonate cotransporter, member 7"
"SLC4A8",9498,"solute carrier family 4, sodium bicarbonate cotransporter, member 8"
"MYOT",9499,"myotilin"
"SCARB1",949,"scavenger receptor class B, member 1"
"ACVRL1",94,"activin A receptor type II-like 1"
"MAGED1",9500,"melanoma antigen family D, 1"
"RPH3AL",9501,"rabphilin 3A-like (without C2 domains)"
"PAGE4",9506,"P antigen family, member 4 (prostate associated)"
"ADAMTS3",9508,"ADAM metallopeptidase with thrombospondin type 1 motif, 3"
"ADAMTS2",9509,"ADAM metallopeptidase with thrombospondin type 1 motif, 2"
"SCARB2",950,"scavenger receptor class B, member 2"
"ADAMTS1",9510,"ADAM metallopeptidase with thrombospondin type 1 motif, 1"
"PMPCB",9512,"peptidase (mitochondrial processing) beta"
"FXR2",9513,"fragile X mental retardation, autosomal homolog 2"
"GAL3ST1",9514,"galactose-3-O-sulfotransferase 1"
"STXBP5L",9515,"syntaxin binding protein 5-like"
"LITAF",9516,"lipopolysaccharide-induced TNF factor"
"SPTLC2",9517,"serine palmitoyltransferase, long chain base subunit 2"
"GDF15",9518,"growth differentiation factor 15"
"TBPL1",9519,"TBP-like 1"
"CD37",951,"CD37 molecule"
"NPEPPS",9520,"aminopeptidase puromycin sensitive"
"EEF1E1",9521,"eukaryotic translation elongation factor 1 epsilon 1"
"SCAMP1",9522,"secretory carrier membrane protein 1"
"VPS4B",9525,"vacuolar protein sorting 4 homolog B (S. cerevisiae)"
"MPDU1",9526,"mannose-P-dolichol utilization defect 1"
"GOSR1",9527,"golgi SNAP receptor complex member 1"
"BAG5",9529,"BCL2-associated athanogene 5"
"CD38",952,"CD38 molecule"
"BAG4",9530,"BCL2-associated athanogene 4"
"BAG3",9531,"BCL2-associated athanogene 3"
"BAG2",9532,"BCL2-associated athanogene 2"
"POLR1C",9533,"polymerase (RNA) I polypeptide C, 30kDa"
"GMFG",9535,"glia maturation factor, gamma"
"PTGES",9536,"prostaglandin E synthase"
"TP53I11",9537,"tumor protein p53 inducible protein 11"
"EI24",9538,"etoposide induced 2.4 mRNA"
"ENTPD1",953,"ectonucleoside triphosphate diphosphohydrolase 1"
"TP53I3",9540,"tumor protein p53 inducible protein 3"
"CIR1",9541,"CBF1 interacting corepressor"
"NRG2",9542,"neuregulin 2"
"RAB3D",9545,"RAB3D, member RAS oncogene family"
"APBA3",9546,"amyloid beta (A4) precursor protein-binding, family A, member 3 (X11-like 2)"
"CXCL14",9547,"chemokine (C-X-C motif) ligand 14"
"ENTPD2",954,"ectonucleoside triphosphate diphosphohydrolase 2"
"ATP6V1G1",9550,"ATPase, H+ transporting, lysosomal 13kDa, V1 subunit G1"
"ATP5MF",9551,"ATP synthase, H+ transporting, mitochondrial F0 complex, subunit F2"
"MRPL33",9553,"mitochondrial ribosomal protein L33"
"SEC22B",9554,"SEC22 vesicle trafficking protein homolog B (S. cerevisiae)"
"MACROH2A1",9555,"H2A histone family, member Y"
"CHD1L",9557,"chromodomain helicase DNA binding protein 1-like"
"VPS26A",9559,"vacuolar protein sorting 26 homolog A (S. pombe)"
"ENTPD6",955,"ectonucleoside triphosphate diphosphohydrolase 6 (putative function)"
"MINPP1",9562,"multiple inositol polyphosphate histidine phosphatase, 1"
"H6PD",9563,"hexose-6-phosphate dehydrogenase (glucose 1-dehydrogenase)"
"GTPBP1",9567,"GTP binding protein 1"
"GABBR2",9568,"gamma-aminobutyric acid (GABA) B receptor, 2"
"GTF2IRD1",9569,"GTF2I repeat domain containing 1"
"ENTPD3",956,"ectonucleoside triphosphate diphosphohydrolase 3"
"GOSR2",9570,"golgi SNAP receptor complex member 2"
"NR1D1",9572,"nuclear receptor subfamily 1, group D, member 1"
"GDF3",9573,"growth differentiation factor 3"
"CLOCK",9575,"clock homolog (mouse)"
"SPAG6",9576,"sperm associated antigen 6"
"BABAM2",9577,"brain and reproductive organ-expressed (TNFRSF1A modulator)"
"CDC42BPB",9578,"CDC42 binding protein kinase beta (DMPK-like)"
"ENTPD5",957,"ectonucleoside triphosphate diphosphohydrolase 5"
"SOX13",9580,"SRY (sex determining region Y)-box 13"
"PREPL",9581,"prolyl endopeptidase-like"
"APOBEC3B",9582,"apolipoprotein B mRNA editing enzyme, catalytic polypeptide-like 3B"
"ENTPD4",9583,"ectonucleoside triphosphate diphosphohydrolase 4"
"RBM39",9584,"RNA binding motif protein 39"
"KIF20B",9585,"M-phase phosphoprotein 1"
"CREB5",9586,"cAMP responsive element binding protein 5"
"MAD2L1BP",9587,"MAD2L1 binding protein"
"PRDX6",9588,"peroxiredoxin 6"
"WTAP",9589,"Wilms tumor 1 associated protein"
"CD40",958,"CD40 molecule, TNF receptor superfamily member 5"
"AKAP12",9590,"A kinase (PRKA) anchor protein (gravin) 12"
"IER2",9592,"immediate early response 2"
"CYTIP",9595,"pleckstrin homology, Sec7 and coiled-coil domains, binding protein"
"CD40LG",959,"CD40 ligand (TNF superfamily, member 5, hyper-IgM syndrome)"
"ACY1",95,"aminoacylase 1"
"PITPNM1",9600,"phosphatidylinositol transfer protein, membrane-associated 1"
"PDIA4",9601,"protein disulfide isomerase family A, member 4"
"NFE2L3",9603,"nuclear factor (erythroid-derived 2)-like 3"
"RNF14",9604,"ring finger protein 14"
"VPS9D1",9605,"chromosome 16 open reading frame 7"
"CARTPT",9607,"CART prepropeptide"
"RAB36",9609,"RAB36, member RAS oncogene family"
"CD44",960,"CD44 molecule (Indian blood group)"
"RIN1",9610,"Ras and Rab interactor 1"
"NCOR1",9611,"nuclear receptor co-repressor 1"
"RNF7",9616,"ring finger protein 7"
"MTRF1",9617,"mitochondrial translational release factor 1"
"TRAF4",9618,"TNF receptor-associated factor 4"
"ABCG1",9619,"ATP-binding cassette, sub-family G (WHITE), member 1"
"CD47",961,"CD47 molecule"
"CELSR1",9620,"cadherin, EGF LAG seven-pass G-type receptor 1 (flamingo homolog, Drosophila)"
"TCL1B",9623,"T-cell leukemia/lymphoma 1B"
"AATK",9625,"apoptosis-associated tyrosine kinase"
"SNCAIP",9627,"synuclein, alpha interacting protein (synphilin)"
"RGS6",9628,"regulator of G-protein signaling 6"
"CD48",962,"CD48 molecule"
"GNA14",9630,"guanine nucleotide binding protein (G protein), alpha 14"
"NUP155",9631,"nucleoporin 155kDa"
"SEC24C",9632,"SEC24 related gene family, member C (S. cerevisiae)"
"TESMIN",9633,"metallothionein-like 5, testis-specific (tesmin)"
"CLCA2",9635,"chloride channel, calcium activated, family member 2"
"ISG15",9636,"ISG15 ubiquitin-like modifier"
"FEZ2",9637,"fasciculation and elongation protein zeta 2 (zygin II)"
"FEZ1",9638,"fasciculation and elongation protein zeta 1 (zygin I)"
"ARHGEF10",9639,"Rho guanine nucleotide exchange factor (GEF) 10"
"CD53",963,"CD53 molecule"
"ZNF592",9640,"zinc finger protein 592"
"IKBKE",9641,"inhibitor of kappa light polypeptide gene enhancer in B-cells, kinase epsilon"
"MORF4L2",9643,"mortality factor 4 like 2"
"SH3PXD2A",9644,"SH3 and PX domains 2A"
"MICAL2",9645,"microtubule associated monoxygenase, calponin and LIM domain containing 2"
"CTR9",9646,"Ctr9, Paf1/RNA polymerase II complex component, homolog (S. cerevisiae)"
"PPM1F",9647,"protein phosphatase 1F (PP2C domain containing)"
"GCC2",9648,"GRIP and coiled-coil domain containing 2"
"RALGPS1",9649,"Ral GEF with PH domain and SH3 binding motif 1"
"MTFR1",9650,"mitochondrial fission regulator 1"
"PLCH2",9651,"phospholipase C, eta 2"
"HS2ST1",9653,"heparan sulfate 2-O-sulfotransferase 1"
"TTLL4",9654,"tubulin tyrosine ligase-like family, member 4"
"SOCS5",9655,"suppressor of cytokine signaling 5"
"MDC1",9656,"mediator of DNA damage checkpoint 1"
"IQCB1",9657,"IQ motif containing B1"
"ZNF516",9658,"zinc finger protein 516"
"PDE4DIP",9659,"phosphodiesterase 4D interacting protein (myomegalin)"
"CD58",965,"CD58 molecule"
"CEP135",9662,"centrosomal protein 135kDa"
"LPIN2",9663,"lipin 2"
"MARF1",9665,"KIAA0430"
"DZIP3",9666,"DAZ interacting protein 3, zinc finger"
"SAFB2",9667,"scaffold attachment factor B2"
"EIF5B",9669,"eukaryotic translation initiation factor 5B"
"CD59",966,"CD59 molecule, complement regulatory protein"
"IPO13",9670,"importin 13"
"SLC25A44",9673,"solute carrier family 25, member 44"
"TTI1",9675,"KIAA0406"
"TGS1",96764,"trimethylguanosine synthase homolog (S. cerevisiae)"
"PPIP5K1",9677,"histidine acid phosphatase domain containing 2A"
"PHF14",9678,"PHD finger protein 14"
"CD63",967,"CD63 molecule"
"DEPDC5",9681,"DEP domain containing 5"
"KDM4A",9682,"jumonji domain containing 2A"
"N4BP1",9683,"Nedd4 binding protein 1"
"LRRC14",9684,"leucine rich repeat containing 14"
"CLINT1",9685,"clathrin interactor 1"
"VGLL4",9686,"vestigial like 4 (Drosophila)"
"GREB1",9687,"GREB1 protein"
"NUP93",9688,"nucleoporin 93kDa"
"CD68",968,"CD68 molecule"
"UBE3C",9690,"ubiquitin protein ligase E3C"
"PRORP",9692,"KIAA0391"
"RAPGEF2",9693,"Rap guanine nucleotide exchange factor (GEF) 2"
"EMC2",9694,"tetratricopeptide repeat domain 35"
"EDEM1",9695,"ER degradation enhancer, mannosidase alpha-like 1"
"CROCC",9696,"ciliary rootlet coiled-coil, rootletin"
"TRAM2",9697,"translocation associated membrane protein 2"
"PUM1",9698,"pumilio homolog 1 (Drosophila)"
"RIMS2",9699,"regulating synaptic membrane exocytosis 2"
"CD69",969,"CD69 molecule"
"ESPL1",9700,"extra spindle pole bodies homolog 1 (S. cerevisiae)"
"PPP6R2",9701,"SAPS domain family, member 2"
"CEP57",9702,"centrosomal protein 57kDa"
"DHX34",9704,"DEAH (Asp-Glu-Ala-His) box polypeptide 34"
"ULK2",9706,"unc-51-like kinase 2 (C. elegans)"
"HERPUD1",9709,"homocysteine-inducible, endoplasmic reticulum stress-inducible, ubiquitin-like domain member 1"
"CD70",970,"CD70 molecule"
"GARRE1",9710,"KIAA0355"
"RUBCN",9711,"KIAA0226"
"USP6NL",9712,"USP6 N-terminal like"
"FAM131B",9715,"family with sequence similarity 131, member B"
"AQR",9716,"aquarius homolog (mouse)"
"ECE2",9718,"endothelin converting enzyme 2"
"ADAMTSL2",9719,"ADAMTS-like 2"
"CD72",971,"CD72 molecule"
"NOS1AP",9722,"nitric oxide synthase 1 (neuronal) adaptor protein"
"SEMA3E",9723,"sema domain, immunoglobulin domain (Ig), short basic domain, secreted, (semaphorin) 3E"
"UTP14C",9724,"UTP14, U3 small nucleolar ribonucleoprotein, homolog C (yeast)"
"RAB11FIP3",9727,"RAB11 family interacting protein 3 (class II)"
"CD74",972,"CD74 molecule, major histocompatibility complex, class II invariant chain"
"DCAF1",9730,"Vpr (HIV-1) binding protein"
"CEP104",9731,"KIAA0562"
"DOCK4",9732,"dedicator of cytokinesis 4"
"SART3",9733,"squamous cell carcinoma antigen recognized by T cells 3"
"HDAC9",9734,"histone deacetylase 9"
"KNTC1",9735,"kinetochore associated 1"
"USP34",9736,"ubiquitin specific peptidase 34"
"GPRASP1",9737,"G protein-coupled receptor associated sorting protein 1"
"CCP110",9738,"CP110 protein"
"SETD1A",9739,"SET domain containing 1A"
"CD79A",973,"CD79a molecule, immunoglobulin-associated alpha"
"LAPTM4A",9741,"lysosomal-associated protein transmembrane 4 alpha"
"IFT140",9742,"intraflagellar transport 140 homolog (Chlamydomonas)"
"ARHGAP32",9743,"Rho GTPase-activating protein"
"ACAP1",9744,"centaurin, beta 1"
"SLK",9748,"STE20-like kinase (yeast)"
"PHACTR2",9749,"phosphatase and actin regulator 2"
"CD79B",974,"CD79b molecule, immunoglobulin-associated beta"
"RIPOR2",9750,"chromosome 6 open reading frame 32"
"SNPH",9751,"syntaphilin"
"PCDHA9",9752,"protocadherin alpha 9"
"STARD8",9754,"StAR-related lipid transfer (START) domain containing 8"
"TBKBP1",9755,"TBK1 binding protein 1"
"KMT2B",9757,"myeloid/lymphoid or mixed-lineage leukemia 4"
"HDAC4",9759,"histone deacetylase 4"
"CD81",975,"CD81 molecule"
"MLEC",9761,"KIAA0152"
"LZTS3",9762,"ProSAPiP1 protein"
"KIAA0513",9764,"KIAA0513"
"ZFYVE16",9765,"zinc finger, FYVE domain containing 16"
"JADE3",9767,"PHD finger protein 16"
"PCLAF",9768,"KIAA0101"
"ADGRE5",976,"CD97 molecule"
"RASSF2",9770,"Ras association (RalGDS/AF-6) domain family 2"
"RAPGEF5",9771,"Rap guanine nucleotide exchange factor (GEF) 5"
"TMEM94",9772,"KIAA0195"
"BCLAF1",9774,"BCL2-associated transcription factor 1"
"EIF4A3",9775,"eukaryotic translation initiation factor 4A, isoform 3"
"ATG13",9776,"KIAA0652"
"TM9SF4",9777,"transmembrane 9 superfamily protein member 4"
"TBC1D5",9779,"TBC1 domain family, member 5"
"CD151",977,"CD151 molecule (Raph blood group)"
"PIEZO1",9780,"family with sequence similarity 38, member A"
"RNF144A",9781,"ring finger protein 144A"
"MATR3",9782,"matrin 3"
"SNX17",9784,"sorting nexin 17"
"DHX38",9785,"DEAH (Asp-Glu-Ala-His) box polypeptide 38"
"KIAA0586",9786,"KIAA0586"
"DLGAP5",9787,"discs, large homolog 7 (Drosophila)"
"MTSS1",9788,"metastasis suppressor 1"
"CDA",978,"cytidine deaminase"
"BMS1",9790,"BMS1 homolog, ribosome assembly protein (yeast)"
"PTDSS1",9791,"phosphatidylserine synthase 1"
"CKAP5",9793,"cytoskeleton associated protein 5"
"MAML1",9794,"mastermind-like 1 (Drosophila)"
"PHYHIP",9796,"phytanoyl-CoA 2-hydroxylase interacting protein"
"TATDN2",9797,"TatD DNase domain containing 2"
"IST1",9798,"KIAA0174"
"ACYP1",97,"acylphosphatase 1, erythrocyte (common) type"
"MRPL19",9801,"mitochondrial ribosomal protein L19"
"DAZAP2",9802,"DAZ associated protein 2"
"TOMM20",9804,"translocase of outer mitochondrial membrane 20 homolog (yeast)"
"SPOCK2",9806,"sparc/osteonectin, cwcv and kazal-like domains proteoglycan (testican) 2"
"IP6K1",9807,"inositol hexaphosphate kinase 1"
"RNF40",9810,"ring finger protein 40"
"CTIF",9811,"KIAA0427"
"DELE1",9812,"KIAA0141"
"SFI1",9814,"Sfi1 homolog, spindle assembly associated (yeast)"
"GIT2",9815,"G protein-coupled receptor kinase interactor 2"
"URB2",9816,"KIAA0133"
"KEAP1",9817,"kelch-like ECH-associated protein 1"
"TSC22D2",9819,"TSC22 domain family, member 2"
"CUL7",9820,"cullin 7"
"RB1CC1",9821,"RB1-inducible coiled-coil 1"
"ARHGAP11A",9824,"Rho GTPase activating protein 11A"
"SPATA2",9825,"spermatogenesis associated 2"
"ARHGEF11",9826,"Rho guanine nucleotide exchange factor (GEF) 11"
"ARHGEF17",9828,"Rho guanine nucleotide exchange factor (GEF) 17"
"DNAJC6",9829,"DnaJ (Hsp40) homolog, subfamily C, member 6"
"TRIM14",9830,"tripartite motif-containing 14"
"MELK",9833,"maternal embryonic leucine zipper kinase"
"LCMT2",9836,"leucine carboxyl methyltransferase 2"
"ZEB2",9839,"zinc finger E-box binding homeobox 2"
"CDK1",983,"cell division cycle 2, G1 to S and G2 to M"
"TESPA1",9840,"KIAA0748"
"ZBTB24",9841,"zinc finger and BTB domain containing 24"
"PLEKHM1",9842,"pleckstrin homology domain containing, family M (with RUN domain) member 1"
"HEPH",9843,"hephaestin"
"ELMO1",9844,"engulfment and cell motility 1"
"GAB2",9846,"GRB2-associated binding protein 2"
"C2CD5",9847,"KIAA0528"
"KIAA0753",9851,"KIAA0753"
"EPM2AIP1",9852,"EPM2A (laforin) interacting protein 1"
"RUSC2",9853,"RUN and SH3 domain containing 2"
"FARP2",9855,"FERM, RhoGEF and pleckstrin domain protein 2"
"KIAA0319",9856,"KIAA0319"
"CEP350",9857,"centrosomal protein 350kDa"
"PPP1R26",9858,"KIAA0649"
"CEP170",9859,"centrosomal protein 170kDa"
"LRIG2",9860,"leucine-rich repeats and immunoglobulin-like domains 2"
"PSMD6",9861,"proteasome (prosome, macropain) 26S subunit, non-ATPase, 6"
"MED24",9862,"mediator complex subunit 24"
"MAGI2",9863,"membrane associated guanylate kinase, WW and PDZ domain containing 2"
"TRIL",9865,"KIAA0644 gene product"
"PJA2",9867,"praja 2, RING-H2 motif containing"
"TOMM70",9868,"translocase of outer mitochondrial membrane 70 homolog A (S. cerevisiae)"
"SETDB1",9869,"SET domain, bifurcated 1"
"AREL1",9870,"KIAA0317"
"SEC24D",9871,"SEC24 related gene family, member D (S. cerevisiae)"
"FCHSD2",9873,"FCH and double SH3 domains 2"
"TLK1",9874,"tousled-like kinase 1"
"ZC3H11A",9877,"zinc finger CCCH-type containing 11A"
"TOX4",9878,"TOX high mobility group box family member 4"
"DDX46",9879,"DEAD (Asp-Glu-Ala-Asp) box polypeptide 46"
"LRBA",987,"LPS-responsive vesicle trafficking, beach and anchor containing"
"TBC1D4",9882,"TBC1 domain family, member 4"
"OSBPL2",9885,"oxysterol binding protein-like 2"
"RHOBTB1",9886,"Rho-related BTB domain containing 1"
"SMG7",9887,"Smg-7 homolog, nonsense mediated mRNA decay factor (C. elegans)"
"CDC5L",988,"CDC5 cell division cycle 5-like (S. pombe)"
"PLPPR4",9890,"plasticity related gene 1"
"NUAK1",9891,"NUAK family, SNF1-like kinase, 1"
"SNAP91",9892,"synaptosomal-associated protein, 91kDa homolog (mouse)"
"TELO2",9894,"TEL2, telomere maintenance 2, homolog (S. cerevisiae)"
"TECPR2",9895,"KIAA0329"
"FIG4",9896,"FIG4 homolog (S. cerevisiae)"
"WASHC5",9897,"KIAA0196"
"UBAP2L",9898,"ubiquitin associated protein 2-like"
"SV2B",9899,"synaptic vesicle glycoprotein 2B"
"SEPTIN7",989,"septin 7"
"ACYP2",98,"acylphosphatase 2, muscle type"
"SV2A",9900,"synaptic vesicle glycoprotein 2A"
"SRGAP3",9901,"SLIT-ROBO Rho GTPase activating protein 3"
"KLHL21",9903,"kelch-like 21 (Drosophila)"
"RBM19",9904,"RNA binding motif protein 19"
"SGSM2",9905,"small G protein signaling modulator 2"
"AP5Z1",9907,"KIAA0415"
"G3BP2",9908,"GTPase activating protein (SH3 domain) binding protein 2"
"CDC6",990,"cell division cycle 6 homolog (S. cerevisiae)"
"TMCC2",9911,"transmembrane and coiled-coil domain family 2"
"ARHGAP44",9912,"Rho-type GTPase-activating protein RICH2"
"SUPT7L",9913,"suppressor of Ty 7 (S. cerevisiae)-like"
"ATP2C2",9914,"ATPase, Ca++ transporting, type 2C, member 2"
"ARNT2",9915,"aryl-hydrocarbon receptor nuclear translocator 2"
"FAM20B",9917,"family with sequence similarity 20, member B"
"NCAPD2",9918,"non-SMC condensin I complex, subunit D2"
"SEC16A",9919,"SEC16 homolog A (S. cerevisiae)"
"CDC20",991,"cell division cycle 20 homolog (S. cerevisiae)"
"IQSEC1",9922,"IQ motif and Sec7 domain 1"
"ZBTB40",9923,"zinc finger and BTB domain containing 40"
"PAN2",9924,"ubiquitin specific peptidase 52"
"LPGAT1",9926,"lysophosphatidylglycerol acyltransferase 1"
"MFN2",9927,"mitofusin 2"
"KIF14",9928,"kinesin family member 14"
"JOSD1",9929,"Josephin domain containing 1"
"HELZ",9931,"helicase with zinc finger"
"PUM3",9933,"KIAA0020"
"P2RY14",9934,"purinergic receptor P2Y, G-protein coupled, 14"
"MAFB",9935,"v-maf musculoaponeurotic fibrosarcoma oncogene homolog B (avian)"
"CD302",9936,"CD302 molecule"
"DCLRE1A",9937,"DNA cross-link repair 1A (PSO2 homolog, S. cerevisiae)"
"RBM8A",9939,"RNA binding motif protein 8A"
"CDC25A",993,"cell division cycle 25 homolog A (S. pombe)"
"DLEC1",9940,"deleted in lung and esophageal cancer 1"
"EXOG",9941,"endonuclease G-like 1"
"XYLB",9942,"xylulokinase homolog (H. influenzae)"
"OXSR1",9943,"oxidative-stress responsive 1"
"GFPT2",9945,"glutamine-fructose-6-phosphate transaminase 2"
"CRYZL1",9946,"crystallin, zeta (quinone reductase)-like 1"
"MAGEC1",9947,"melanoma antigen family C, 1"
"WDR1",9948,"WD repeat domain 1"
"AMMECR1",9949,"Alport syndrome, mental retardation, midface hypoplasia and elliptocytosis chromosomal region, gene 1"
"CDC25B",994,"cell division cycle 25 homolog B (S. pombe)"
"GOLGA5",9950,"golgi autoantigen, golgin subfamily a, 5"
"HS3ST3B1",9953,"heparan sulfate (glucosamine) 3-O-sulfotransferase 3B1"
"HS3ST3A1",9955,"heparan sulfate (glucosamine) 3-O-sulfotransferase 3A1"
"HS3ST2",9956,"heparan sulfate (glucosamine) 3-O-sulfotransferase 2"
"HS3ST1",9957,"heparan sulfate (glucosamine) 3-O-sulfotransferase 1"
"USP15",9958,"ubiquitin specific peptidase 15"
"CDC25C",995,"cell division cycle 25 homolog C (S. pombe)"
"USP3",9960,"ubiquitin specific peptidase 3"
"MVP",9961,"major vault protein"
"SLC23A2",9962,"solute carrier family 23 (nucleobase transporters), member 2"
"TNFSF15",9966,"tumor necrosis factor (ligand) superfamily, member 15"
"THRAP3",9967,"thyroid hormone receptor associated protein 3"
"MED12",9968,"mediator complex subunit 12"
"CDC27",996,"cell division cycle 27 homolog (S. cerevisiae)"
"NR1I3",9970,"nuclear receptor subfamily 1, group I, member 3"
"NR1H4",9971,"nuclear receptor subfamily 1, group H, member 4"
"NUP153",9972,"nucleoporin 153kDa"
"CCS",9973,"copper chaperone for superoxide dismutase"
"NR1D2",9975,"nuclear receptor subfamily 1, group D, member 2"
"CLEC2B",9976,"C-type lectin domain family 2, member B"
"RBX1",9978,"ring-box 1"
"CDC34",997,"cell division cycle 34 homolog (S. cerevisiae)"
"DOP1B",9980,"dopey family member 2"
"FGFBP1",9982,"fibroblast growth factor binding protein 1"
"THOC1",9984,"THO complex 1"
"REC8",9985,"REC8 homolog (yeast)"
"RCE1",9986,"RCE1 homolog, prenyl protein peptidase (S. cerevisiae)"
"HNRNPDL",9987,"heterogeneous nuclear ribonucleoprotein D-like"
"DMTF1",9988,"cyclin D binding myb-like transcription factor 1"
"PPP4R1",9989,"protein phosphatase 4, regulatory subunit 1"
"CDC42",998,"cell division cycle 42 (GTP binding protein, 25kDa)"
"SLC12A6",9990,"solute carrier family 12 (potassium/chloride transporters), member 6"
"PTBP3",9991,"ROD1 regulator of differentiation 1 (S. pombe)"
"KCNE2",9992,"potassium voltage-gated channel, Isk-related family, member 2"
"DGCR2",9993,"DiGeorge syndrome critical region gene 2"
"CASP8AP2",9994,"CASP8 associated protein 2"
"SCO2",9997,"SCO cytochrome oxidase deficient homolog 2 (yeast)"
"CDH1",999,"cadherin 1, type 1, E-cadherin (epithelial)"
"NAT1",9,"N-acetyltransferase 1 (arylamine N-acetyltransferase)"
