"","TCGA-AG-3731-11A-01R-1736-07","TCGA-AF-2691-11A-01R-A32Z-07","TCGA-AG-3732-11A-01R-1660-07","TCGA-AH-6643-11A-01R-1830-07","TCGA-AF-3400-11A-01R-A32Z-07","TCGA-AG-3742-11A-01R-1660-07","TCGA-AG-3725-11A-01R-1736-07","TCGA-AF-2692-11A-01R-A32Z-07","TCGA-AF-5654-11A-11R-1660-07","TCGA-AF-2689-11A-01R-A32Z-07"
"TSPAN6",91.0831,75.1427,61.6879,87.6843,79.9616,82.1872,122.584,68.1329,92.6196,57.5133
"TNMD",2.1054,0.8274,2.4773,1.6331,0.6181,1.208,2.3803,3.2632,1.879,1.224
"DPM1",82.3033,83.8509,90.7318,75.3288,82.3457,141.4912,138.1821,81.8707,93.2874,68.3828
"SCYL3",7.8825,5.1148,9.0709,6.8292,6.3062,7.7826,8.3501,4.9138,7.08,5.3846
"C1orf112",1.7237,2.5082,3.0318,1.9558,3.6594,2.4152,2.6205,2.5622,3.1191,2.6285
"FGR",9.1433,6.3274,4.0544,9.8003,2.4135,6.3723,3.5282,7.0739,2.9755,7.433
"CFH",27.4189,24.4671,47.8947,27.243,19.0315,28.7646,27.0809,34.2909,23.3545,24.4832
"FUCA2",56.8467,64.8788,46.1278,43.9907,71.2059,48.1282,48.4138,55.2545,59.7518,51.2162
"GCLC",16.0433,14.7937,23.4739,14.2214,12.6696,17.7657,9.4458,14.8259,9.6726,14.2014
"NFYA",22.1901,14.6717,21.1323,18.1849,18.634,16.558,14.3156,20.6521,14.7,16.5786
"NIPAL3",19.5078,15.1342,30.4225,23.1534,20.2516,14.6281,9.3622,25.7152,20.8722,18.6236
"LAS1L",7.3565,9.2285,9.276,7.1339,9.1479,7.465,4.3929,9.8143,6.5006,8.0912
"ENPP4",28.1814,24.4917,40.5297,31.0301,26.4476,38.0263,30.6756,25.2221,39.5339,18.2844
"SEMA3F",19.0854,12.3562,15.4566,11.894,13.6504,13.2683,10.9476,15.497,13.5786,11.9794
"CFTR",86.9506,60.3901,55.7197,49.0069,85.9123,51.3535,57.4087,69.9914,45.6207,44.2564
"ANKIB1",22.2142,16.4926,34.6527,20.8788,19.5205,24.1199,14.6863,24.2832,19.2064,15.5436
"CYP51A1",3.4934,8.9076,1.9946,1.3021,5.8369,1.9551,2.179,7.6791,9.4754,3.2326
"KRIT1",2.3649,1.6348,2.9469,2.5012,1.7723,2.599,1.8165,2.1158,2.0819,1.7306
"RAD52",6.5391,2.6178,6.9022,9.2342,6.0032,5.1991,6.1241,5.0308,8.3409,5.5138
"BAD",26.0385,19.1507,16.2703,17.5973,31.7102,27.1416,37.1426,21.4442,14.6137,23.5124
"LAP3",68.7503,68.1528,80.2554,67.0695,65.8764,79.8564,51.5609,74.5058,80.4736,68.0383
"CD99",179.2675,100.9419,164.9505,102.6971,138.4214,139.0057,119.6715,138.859,98.0613,114.4364
"HS3ST1",3.1382,6.0063,2.3975,3.5663,2.6413,3.3469,3.3346,3.652,1.8544,4.1239
"AOC1",436.3175,501.5722,252.5095,446.6006,737.7657,294.7906,344.9325,335.6348,908.6055,665.0016
"LASP1",142.1386,169.7973,120.9437,141.7815,248.8814,94.2313,72.5896,127.8056,230.9262,165.5727
"SNX11",19.5615,21.0575,23.2017,19.5749,20.5397,33.3119,44.8777,20.1188,19.4214,18.9714
"TMEM176A",145.5784,120.3869,84.9458,133.3257,198.095,118.0548,184.8763,128.3564,121.6266,124.0954
"M6PR",68.2943,55.3511,50.0542,41.9614,54.4305,63.7255,42.1409,52.8697,35.7402,46.5215
"KLHL13",5.2162,4.4484,9.8836,3.7109,1.9047,6.6054,4.2909,6.7535,1.8042,3.866
"CYP26B1",5.8207,2.52,9.9889,5.3023,1.0723,3.9263,0.9782,7.1768,0.6952,4.745
"ICA1",21.8464,21.0746,10.6147,21.1963,19.2139,20.2416,22.3049,23.5323,12.203,9.2391
"ALS2",5.0319,4.9396,7.8995,4.893,3.8962,6.4465,2.8706,5.7198,4.0993,3.7188
"CASP10",20.0253,19.3529,14.7231,19.3762,33.2261,13.3855,15.4511,14.3196,33.6353,16.4572
"CFLAR",12.1087,18.17,15.994,18.823,13.0146,11.5011,7.1719,18.1091,16.9729,12.1543
"TFPI",9.5199,6.7633,14.2653,6.4692,3.6399,12.8783,5.7496,7.8078,7.5626,7.8393
"NDUFAF7",8.9301,7.4901,11.1919,8.4386,8.8113,13.0795,10.2404,8.9592,6.9884,6.9843
"RBM5",13.9791,7.3315,20.4504,17.143,11.3814,12.6421,10.4968,13.1491,13.4041,11.6923
"ARF5",161.4285,170.4428,106.7408,102.6535,186.4827,169.1456,226.9845,154.5519,128.3012,145.2674
"SARM1",1.4863,1.3484,1.6546,1.7772,1.3101,1.3822,0.6745,2.3545,1.32,1.2876
"POLDIP2",128.6565,134.3403,118.8716,94.9368,170.1928,145.5488,122.1525,138.487,134.7945,114.5662
"PLXND1",22.1216,17.2295,27.6622,18.1681,11.8769,14.187,5.7294,28.9981,12.3455,21.3723
"AK2",38.389,37.3105,37.743,33.9273,51.5969,44.6685,52.178,39.313,45.5096,32.6712
"CD38",5.6315,4.7935,3.5462,8.9533,1.4705,3.3125,2.4555,3.6047,2.2881,4.321
"FKBP4",62.1526,81.6911,50.62,44.0038,77.8211,50.8552,42.3317,82.5762,59.8241,52.4884
"KDM1A",42.5342,47.087,45.4042,31.087,59.0568,42.0953,26.8085,47.7234,36.7352,37.2337
"CAMKK1",3.1664,4.8363,5.731,2.7261,3.7273,3.911,1.7837,5.7607,3.6352,4.4862
"RECQL",12.1596,13.2363,24.6494,12.9169,7.9284,19.2419,9.0164,16.0649,6.605,10.9684
"VPS50",8.4044,7.3103,12.7858,8.1168,8.9761,11.2564,9.1193,8.5049,9.367,7.2414
"HSPB6",45.0337,97.5138,88.8152,45.0924,8.5502,79.3202,24.6088,153.4135,4.2285,91.4703
"NDUFAB1",131.0449,150.2434,105.3498,100.7303,191.1298,189.8476,291.839,134.8521,157.0949,137.6495
"PDK4",144.2768,121.4493,186.3473,135.5553,17.3294,247.3216,53.2188,244.842,93.4679,78.3139
"SLC25A13",28.1494,48.6914,23.6788,33.7863,56.7121,25.0326,18.3861,32.6275,56.2999,33.1834
"CDC27",18.6858,17.7725,32.994,21.8568,19.3003,26.1965,14.2508,20.6084,18.3349,17.7306
"HCCS",48.7259,40.2951,50.0959,52.4054,47.9536,62.004,70.1096,44.5026,56.4781,41.5945
"DVL2",20.6513,13.1327,24.6357,15.3461,16.1885,17.4536,10.0538,20.5309,15.3235,17.1512
"UPF1",38.1736,56.7665,52.7496,43.5735,60.6559,26.6212,15.4185,65.0419,42.4152,46.6873
"SKAP2",30.3894,34.3301,55.23,44.5003,44.8983,49.6999,45.1579,42.7893,54.9245,33.7191
"SLC25A5",901.6531,1057.9309,893.1469,953.0665,1779.4911,1253.4555,1658.1044,1056.4306,1898.6662,1149.9821
"MCUB",11.5501,11.083,12.2399,14.2182,8.4685,16.3984,18.7216,9.6775,11.1224,13.4746
"HOXA11",6.6232,5.7695,26.2698,8.58,5.4869,14.4354,6.2093,9.5387,2.9392,10.7917
"POLR2J",71.9978,64.5426,50.7327,59.9295,88.0217,81.0686,123.9209,61.5614,64.0925,70.2089
"DHX33",8.8089,11.9793,14.2118,8.5361,12.4496,8.6239,4.5804,12.3796,10.4027,8.1498
"MEOX1",8.4207,7.2878,10.1874,4.5637,2.873,12.1182,2.8013,11.2231,4.5931,8.4165
"LIG3",5.6152,6.1163,6.5047,4.1165,7.7414,4.8372,2.8518,6.2279,5.0119,4.9574
"RPAP3",14.6451,14.0838,22.7252,15.2066,11.7211,19.7064,10.2595,14.543,9.0939,12.1955
"ACSM3",20.235,7.5513,8.5571,7.252,13.9314,9.1354,9.0299,9.8246,7.5229,5.5399
"REXO5",2.528,2.8933,2.1124,2.0889,3.4338,3.1303,3.4991,3.5663,3.4887,2.7373
"CIAPIN1",36.427,47.7003,33.8038,28.7242,50.6976,49.4735,51.4958,38.6131,36.9608,34.1937
"SPPL2B",18.8695,16.1683,13.4921,20.0328,28.8,10.4386,8.8994,18.5989,24.4049,17.8463
"COPZ2",21.7862,18.5536,42.6204,16.8339,5.7381,41.6273,14.5653,32.7614,5.6902,18.783
"PRKAR2B",28.233,20.9932,55.1655,20.0959,16.0764,38.5061,13.5629,36.834,13.758,23.5081
"MSL3",7.6311,5.0602,8.9357,8.488,5.8521,8.9015,10.906,7.2953,6.4817,7.1728
"CREBBP",20.0365,20.9565,32.5342,23.734,18.8195,15.0195,5.7344,28.6545,15.4597,21.3057
"TSPOAP1",3.2027,2.3545,4.559,3.4063,1.758,3.1039,1.2223,4.6845,1.3567,2.4882
"GCFC2",7.788,6.533,12.4685,6.8543,5.0898,13.1142,6.4809,8.0721,5.3532,4.8859
"WDR54",6.7699,5.1201,7.0836,5.3353,5.118,7.5564,7.3217,6.7738,6.1124,6.2804
"CROT",7.7002,9.6207,17.9533,17.2374,11.6601,15.1939,11.6655,14.8879,12.2943,11.1194
"KMT2E",31.9108,28.2818,52.97,36.858,33.1217,25.9782,14.5386,35.7558,33.7534,27.1245
"IBTK",24.014,47.8379,30.1112,24.3983,38.3173,34.6219,17.502,35.5671,32.5442,20.7682
"ZNF195",3.7411,3.4868,4.7459,4.5605,5.0266,5.7789,6.7473,3.4078,5.8392,3.1515
"MYCBP2",8.3392,8.8317,17.3026,11.186,6.5924,6.7111,2.405,12.5609,7.0976,8.2399
"FBXL3",23.9959,19.4359,41.0947,29.5737,19.5155,42.7595,32.2457,23.1881,27.6036,23.5406
"ITGAL",7.3647,5.4801,4.4854,14.38,3.0374,2.9314,1.922,7.5283,2.4903,10.3038
"PDK2",27.1339,15.1214,37.7283,24.2881,22.5638,29.3309,18.8898,31.9933,16.8297,19.8228
"ITGA3",51.796,50.5374,46.9377,50.5368,73.9183,26.7553,26.2063,51.3466,64.9623,55.1469
"ZFX",8.2811,11.0935,27.251,9.1525,6.8699,16.8305,9.5874,14.8824,8.6893,12.3663
"LAMP2",49.8114,41.3832,64.837,43.3116,38.2834,59.2045,43.9302,48.5555,48.2475,39.8941
"GDE1",99.4271,123.5929,118.5875,82.0552,113.3549,137.508,127.5367,118.5773,80.9352,84.5886
"OSBPL7",16.1931,8.7099,9.8897,17.216,22.1226,6.1456,8.1299,11.3074,23.6076,14.9311
"TMEM98",103.1935,82.0604,67.181,65.5986,99.5755,113.1213,154.4085,72.7349,66.2536,73.3229
"MAP3K14",10.7765,11.5793,14.5152,14.2604,6.2348,11.9401,7.0524,18.7791,5.7877,9.7718
"TMEM132A",4.3842,3.6354,3.0287,2.2369,4.8451,2.2274,1.6586,4.7515,3.573,2.7037
"AP2B1",106.2696,177.7382,122.3863,91.6826,190.9217,81.78,60.1772,151.9113,137.4434,113.3555
"TAC1",5.5943,6.2653,26.2173,5.1921,1.4023,13.6749,7.0085,9.8005,2.3142,5.4875
"ZNF263",10.8364,11.917,13.6485,8.7646,10.7458,14.7464,7.8786,11.7298,8.3161,10.1173
"CX3CL1",12.6248,15.9032,13.4513,10.086,3.8186,18.8731,4.3267,23.7025,5.9429,14.2384
"SPATA20",44.5673,26.0275,43.8483,23.924,49.3196,35.6015,25.7981,53.6725,29.2189,8.9658
"TNFRSF12A",11.5125,126.2777,6.0401,5.3119,21.2749,26.1275,12.5513,92.5151,12.1872,16.91
"RALA",59.2848,73.2773,79.3322,65.6259,82.9632,79.6225,60.5853,63.8132,93.7622,66.7046
"BAIAP2L1",37.6714,93.2907,21.18,37.0941,64.9663,22.0296,20.5154,45.1118,56.8032,42.9566
"KDM7A",22.5819,21.8446,24.72,26.7563,18.1554,19.2027,10.5394,26.058,23.126,18.885
"ETV1",4.5354,2.9932,8.3285,2.6089,1.3483,6.8048,2.2614,5.5158,2.0768,3.4842
"AGK",6.0483,4.5669,8.0757,5.3027,5.2203,6.131,4.3132,6.2147,4.8593,4.4733
"ALDH3B1",17.0914,12.4776,12.1958,6.5711,15.9422,13.7236,11.4652,12.7569,15.6898,11.592
"CCL26",1.2319,3.4745,0.7802,0.8572,1.366,2.5363,2.7346,1.5811,1.6907,1.4685
"FARP2",11.1806,12.3965,14.1277,13.1358,17.7647,9.235,6.444,14.0286,17.01,12.2806
"USH1C",88.4242,82.1941,63.2847,88.754,148.9407,71.973,77.388,71.892,140.5094,91.6377
"GGCT",23.9697,34.4116,22.0791,22.4002,40.5748,26.6997,27.2812,32.2088,43.3475,29.0152
"DBF4",5.1886,7.7425,5.6698,6.5083,12.0377,8.5366,11.9452,7.1992,9.6569,6.7065
"TBXA2R",2.2886,1.9534,2.8779,2.6913,1.5796,2.1663,1.3366,3.445,1.4295,3.5605
"IFRD1",2.0888,2.0899,3.1929,4.4614,2.309,3.1786,2.6425,3.8313,2.7075,2.7044
"COX10",13.6106,14.0845,13.6119,10.4809,21.2216,13.1612,11.6665,15.7783,15.0947,11.5905
"GTF2IRD1",7.1332,10.7686,8.7911,5.9693,13.9413,5.1888,5.2632,8.869,6.1694,7.1006
"PAF1",59.6309,69.0296,71.7836,54.2632,67.4233,59.5148,33.3776,74.3974,54.8831,66.9774
"VPS41",21.9823,17.1519,35.2824,19.2209,18.6746,30.0006,14.5458,24.9008,20.9851,17.4259
"ARHGAP44",25.909,15.1233,15.6017,16.8888,24.7286,13.6881,12.0818,24.7553,16.7453,13.7435
"ELAC2",26.243,35.2481,32.7819,22.2156,43.7978,24.4455,15.4033,33.0181,25.4283,27.8734
"SCIN",10.1922,5.5676,15.5999,19.1853,11.3739,9.1751,8.5357,12.3786,30.5136,13.8392
"ARSD",29.0609,39.0199,34.7907,20.5101,31.0875,33.3764,31.4373,39.6401,35.1532,35.2058
"PNPLA4",16.9961,16.3923,22.2169,12.4112,15.625,29.3632,52.3363,19.6912,21.1396,20.2177
"ADIPOR2",57.4699,86.311,59.2752,63.7666,101.8684,59.1748,35.5609,74.6049,102.3401,70.2795
"MARK4",11.1822,9.4935,13.6653,8.4994,6.2327,11.7167,4.3224,14.0353,5.7262,10.772
"PROM1",23.3984,4.7852,22.2006,11.1927,46.6371,8.7637,7.7962,27.4829,35.3104,31.0528
"CCDC124",83.8837,103.1624,82.3876,60.2721,99.2389,94.8367,59.4655,100.9183,66.5966,96.3381
"PAFAH1B1",26.0175,31.9269,47.4094,33.1762,28.5455,31.0964,14.6675,40.6296,36.3021,29.0123
"NOS2",27.5969,4.4059,10.6396,16.3192,28.3244,8.1064,12.161,10.6122,14.5724,14.7498
"SLC13A2",29.4987,53.7252,17.9936,108.6967,42.5527,29.8455,38.426,70.3365,56.1989,53.5707
"GAS7",18.0595,22.9534,55.6328,16.448,5.8282,23.7495,6.043,35.2702,6.6773,20.6718
"TRAPPC6A",99.1026,71.0842,58.2968,51.6725,77.4005,91.5635,131.5144,67.2813,40.511,56.8192
"CD79B",10.92,13.3908,4.3002,43.5095,1.7697,7.5191,5.5295,4.3637,2.4978,20.327
"RPUSD1",17.2388,26.7129,15.5492,14.6359,32.4782,19.3734,19.2239,19.7455,18.4289,23.3952
"RHBDF1",15.3329,25.0479,17.6911,15.0842,19.4738,13.6933,8.3908,16.7597,18.0439,21.8491
"LUC7L",8.7023,7.5144,9.4433,12.1726,9.9435,7.4936,7.7818,9.0071,7.8263,8.3412
"CACNA2D2",4.4775,3.1657,4.8319,2.1529,3.2463,1.9654,1.426,5.3108,2.0211,2.8792
"BAIAP3",4.5281,3.5029,2.6635,2.7251,3.8748,2.0811,1.9315,2.8331,3.3724,3.5235
"TSR3",69.1318,81.0978,68.2956,62.5665,82.3796,73.1009,55.9357,80.1367,60.5094,82.3338
"PIGQ",7.9178,8.4692,7.4704,8.1696,11.851,6.7792,5.2907,8.9135,10.8328,9.0937
"CRAMP1",3.3662,3.0392,4.945,4.627,3.4743,2.8498,1.2956,4.6858,3.4752,3.9933
"TEAD3",68.2367,74.7297,134.047,62.531,42.5978,99.7686,31.6775,108.4614,33.499,76.4036
"SELE",3.1548,4.122,0.3189,3.8108,0.1989,0.4395,0.3469,15.9502,0.2073,1.7559
"DNAJC11",28.0626,37.6702,28.6128,26.3495,49.6398,21.6566,14.7239,38.0071,39.9856,25.3574
"MYLIP",35.969,21.4162,53.8601,47.5219,30.9472,46.2555,30.5772,27.6704,10.9108,28.5482
"NOX1",171.1209,126.8923,129.8767,111.7046,266.6413,125.1075,166.7027,138.1184,187.7045,148.6647
"E2F2",8.0958,19.035,8.251,12.8674,21.4406,7.948,6.311,18.5086,16.6978,15.2909
"PSMB1",187.3367,198.8787,184.5158,149.7749,193.4451,296.9503,325.4457,188.268,159.334,183.4448
"SYN1",1.3237,2.5177,2.7426,1.3116,1.3763,0.8307,0.4439,2.935,1.0401,2.1156
"JARID2",11.4876,11.9568,11.9318,10.4355,9.3431,7.1512,3.3867,13.7832,9.3782,8.7051
"CDKL5",1.3126,1.1425,3.31,1.2057,0.7106,1.3506,0.5009,2.2137,1.0312,1.2487
"CDK11A",0.4408,0.5012,0.4314,0.9777,0.4532,0.3354,0.2216,0.8327,0.9973,0.5685
"NADK",49.4711,43.824,38.0916,52.3109,65.8419,42.0871,34.4899,43.4833,60.7021,45.6875
"CYTH3",19.2968,16.0451,37.0501,15.6157,13.6076,24.3322,10.3978,25.2706,16.1806,19.2859
"ADAM22",2.2175,1.641,3.2597,4.0755,1.1651,2.1288,1.0651,2.152,1.5589,1.6587
"SYPL1",150.7441,134.228,248.1267,158.9402,150.5669,201.0601,135.2003,171.5667,161.5805,132.8951
"CYB561",48.8082,49.791,28.0143,36.2989,78.7135,31.4419,34.3842,41.2656,52.2322,38.3338
"SPAG9",20.9207,34.2845,35.4393,21.8067,23.2692,25.1754,11.8941,34.1741,19.76,16.6598
"CELSR3",0.8607,0.4831,0.9174,0.6364,0.6518,0.5709,0.6126,0.7185,0.6522,0.4659
"AASS",2.8591,2.0637,7.4074,3.719,1.7797,3.6062,0.9251,3.8045,2.0452,1.9675
"PLEKHG6",51.3861,94.1959,36.8658,67.2124,87.8473,31.7911,39.2917,45.7473,100.8338,70.6181
"SS18L2",11.9925,10.9333,9.0592,11.379,11.6419,16.7077,23.0463,10.7453,12.3,11.7872
"MPND",42.4157,42.1118,28.9096,31.6168,55.3497,28.6402,30.8318,33.581,43.3124,42.6754
"MGST1",50.7656,37.2005,45.9831,35.6954,91.8875,62.9153,88.1611,45.1185,91.9959,29.205
"CRY1",11.0367,21.9639,14.4136,11.8617,14.3784,17.4756,12.0326,21.4615,16.421,11.7119
"NFIX",73.5298,71.6166,153.6483,54.0003,52.2756,91.1104,23.8685,122.7519,34.5768,74.3676
"ST3GAL1",8.3563,8.836,9.4284,9.0034,3.0267,7.3738,3.1977,13.2561,3.0435,8.5953
"MMP25",3.0115,1.8884,2.0668,4.2401,1.2665,1.5701,1.811,4.2882,0.7838,3.2945
"IL32",63.0247,118.4609,41.4195,127.5824,107.6561,66.6989,82.4856,69.3236,88.9674,102.1755
"PKD1",9.0211,10.0532,17.6523,10.1731,5.8782,8.7083,2.1889,21.0384,4.5575,11.455
"MAPK8IP2",2.2776,3.0432,3.2507,1.1963,0.9117,1.5255,0.8811,3.609,0.7386,2.4415
"MED24",37.5528,33.5058,26.9303,19.1081,52.0083,20.9003,18.3578,36.0664,36.0454,31.4071
"RHOBTB2",4.0687,5.1325,6.3606,7.0418,2.1571,4.1862,1.7748,7.0774,1.6181,6.8008
"HEATR5B",13.9634,12.7238,17.8654,14.4385,13.9009,9.2691,5.4558,15.921,14.7069,12.7261
"SEC62",66.9631,48.9002,97.2593,55.7079,47.1066,102.9155,56.2395,59.2911,47.4851,45.5699
"RPS20",339.9706,263.9759,329.3449,233.2241,217.1573,484.8389,448.3717,284.4773,174.0201,289.1403
"CSDE1",353.8281,371.1283,718.3022,346.2282,282.2402,557.5296,192.9502,494.9543,262.2769,358.096
"UBE3C",34.1928,36.7117,43.5689,30.344,39.4802,36.7544,20.3942,44.0546,32.6757,28.6241
"REV3L",6.3551,6.1497,15.5605,7.9906,5.9125,7.1002,3.3452,11.9191,4.7001,5.0019
"IYD",10.3883,7.8609,10.5599,12.5911,8.3222,8.5437,8.2271,7.5802,11.1647,7.0538
"POMT2",3.701,3.725,5.2161,4.1854,5.3931,3.2769,1.9873,5.7969,5.6774,4.8178
"VTA1",24.6646,23.9307,29.9253,25.7807,29.4058,34.2534,27.391,21.8264,30.6015,22.4738
"MLXIPL",3.9887,3.5731,2.1833,4.6308,3.6697,1.449,2.5883,2.946,3.9331,2.3478
"BAZ1B",33.3876,37.6662,59.2245,39.841,46.5189,34.6102,16.0937,47.5159,31.7852,39.7887
"RANBP9",29.7101,32.3911,42.3968,31.5848,26.1044,31.7757,15.6106,35.4468,31.691,29.2619
"ETV7",4.957,4.0485,4.4667,4.7913,5.6227,6.3676,5.2496,2.5862,5.7076,4.4139
"SPRTN",5.2876,5.6732,8.4355,5.9437,4.8129,7.7574,5.9937,5.9328,5.1386,4.5623
"EEF1AKNMT",31.0103,29.4398,30.9484,25.3455,43.1396,28.3092,20.5048,27.2035,27.6538,32.9572
"DYRK4",6.9258,4.7273,7.1405,4.6453,5.4522,10.671,8.1289,5.7401,4.1787,4.6979
"ZNF207",18.8728,23.1459,23.6133,19.306,25.7195,24.367,18.3012,19.8391,22.7627,18.5681
"UQCRC1",355.1267,403.3855,254.2114,277.4516,621.8731,356.4683,453.8718,351.5037,472.9578,381.5489
"STARD3NL",27.781,21.3062,29.703,18.7277,21.9866,45.6093,55.5432,23.3675,18.0504,17.4648
"CD9",317.4604,309.1153,322.8873,273.9827,407.2014,371.6218,408.3737,321.6949,337.6166,238.7879
"NCAPD2",28.1725,34.1988,34.5591,40.1443,61.9595,24.5265,18.4321,43.1611,49.1597,45.7546
"IFFO1",7.1393,3.8335,11.3319,8.0737,2.1167,7.8697,2.9626,8.1668,2.644,6.1065
"PHF7",8.0868,3.4726,6.4946,5.8221,6.6941,8.5956,6.6802,7.6624,6.5482,3.9742
"SEMA3G",13.2734,7.4279,21.1191,8.3433,7.6584,7.4496,2.732,17.1675,12.0577,9.2355
"NISCH",26.4556,25.5069,35.3165,27.1323,23.5201,23.2342,10.5338,35.0911,20.0938,23.9353
"STAB1",25.9433,25.6271,24.2865,28.3159,20.7606,17.6085,14.6504,53.1887,11.7121,23.7276
"FUZ",6.7798,5.3945,9.4726,7.0661,4.2763,10.7632,5.6121,8.6034,3.0858,5.9257
"IDS",2.6091,2.9081,2.7343,2.1965,1.5757,2.3689,1.9686,3.2176,1.3471,1.8495
"PRSS3",160.4099,207.2566,88.2059,131.4157,270.2322,204.3848,403.5088,141.8862,191.0621,163.9841
"CD4",69.121,42.5544,39.7589,45.8221,19.2608,45.9481,32.5268,55.6234,13.2673,39.8948
"BTK",9.721,6.1166,6.6337,18.5399,2.1095,6.7609,8.433,5.0673,2.4248,9.3647
"HFE",10.7632,4.0328,12.6932,7.2342,5.9479,11.215,11.4591,7.0696,5.4874,4.1386
"SCMH1",32.5686,27.9409,57.2901,26.4591,25.4058,35.928,16.9489,39.5865,17.7293,27.7884
"FYN",14.8411,16.3792,22.0423,17.5438,5.8828,14.2888,5.8678,21.9543,5.6988,16.8208
"HIVEP2",7.21,11.7462,12.3028,9.9684,6.2458,7.5957,2.3579,13.8345,4.6926,7.9063
"ELOA",26.1002,29.1453,30.929,24.369,28.109,26.502,16.2436,33.4401,24.8842,24.5693
"LYPLA2",109.3738,159.667,74.1801,97.1708,210.9717,88.1467,82.1328,102.8981,142.99,118.4596
"CLCN6",5.8966,3.7682,12.2809,7.2628,3.5602,5.6626,2.0845,8.2829,7.0775,5.04
"MRC2",21.5415,32.3464,47.0451,24.5153,11.4082,15.3255,5.0188,63.4246,10.9282,30.5827
"SLC6A7",2.2988,1.1422,1.3251,3.4344,2.0544,1.015,0.9145,1.5098,4.15,1.1827
"TSPAN9",10.1002,10.4815,20.3479,10.8002,7.3431,13.8764,4.5217,22.5206,7.5738,15.594
"BTBD7",12.9371,13.0582,22.3351,13.2937,13.5618,12.8325,6.5454,16.3741,14.0466,11.9288
"APBA3",6.8004,5.8262,4.819,5.2364,7.1731,5.4027,7.1668,5.6561,3.6816,6.6968
"MKS1",3.1781,1.5763,2.8514,2.3763,3.0422,2.8989,2.1793,2.5374,2.6542,2.3877
"ABHD5",9.7644,11.2905,13.7138,15.4474,13.4193,13.6657,11.9496,15.7403,14.7357,10.8523
"ANOS1",0.7697,0.9597,2.1943,1.1062,0.2644,1.1384,0.468,1.2481,0.4028,0.7216
"AKAP8L",8.8467,7.057,9.6651,9.6849,7.0997,7.9216,4.4637,11.9217,8.6431,7.9781
"MBTD1",11.3886,5.7727,16.4911,12.048,8.7021,10.9851,6.6715,9.9094,11.1953,7.4583
"UTP18",31.8327,37.8554,27.495,23.6326,40.2524,38.8611,36.2229,28.3736,27.4095,26.7164
"RNF216",17.8868,21.7698,37.4776,22.8691,15.4769,22.839,9.8963,28.728,11.1494,23.3701
"TTC19",34.2065,41.943,29.7312,24.5248,38.8784,34.3302,19.6987,31.1942,43.4149,26.5852
"PTBP1",89.3563,156.228,79.2103,80.6472,185.3889,65.4619,46.1765,132.4591,108.97,114.3762
"SYT7",8.8504,9.9843,7.4927,10.9522,10.8085,4.9785,5.4335,10.1344,12.0033,6.2883
"LARS2",8.364,10.3015,8.0015,6.8729,13.278,6.1982,4.3438,9.3085,9.714,8.3001
"PIK3C2A",16.0071,16.8057,32.9243,18.5867,14.9982,20.8712,9.7159,21.3866,19.7666,13.2019
"PLAUR",24.7003,91.5693,6.2146,33.2954,22.6448,20.0022,10.3815,111.0114,15.8761,74.3298
"ANLN",3.8652,8.7127,6.6155,5.5897,14.5478,5.7395,6.0133,7.1401,15.631,7.7122
"WIZ",12.9884,16.9134,18.8073,13.0589,16.7912,10.2106,5.0261,19.9755,10.7209,15.1971
"RABGAP1",41.8275,29.234,71.8674,34.6634,20.6021,53.9188,17.5076,49.6449,23.8254,33.0774
"DCN",279.5227,145.6149,509.6008,167.5848,59.6172,375.3033,287.479,288.4476,86.5678,172.4581
"PPP5C",24.843,23.7597,20.8514,17.0762,29.2466,25.9936,23.6957,26.1172,21.6735,22.6236
"MAP4K3",18.3215,15.2039,32.0913,17.4515,14.5488,31.6563,19.7579,17.4361,20.6339,13.0325
"TYROBP",203.7184,132.5444,89.7,76.5746,47.1681,266.7526,321.072,135.1521,35.9937,114.6194
"TMEM159",35.5092,38.5689,76.9759,45.2915,43.8105,63.2476,89.4838,44.5487,26.3302,36.807
"BRCA1",2.8959,3.7831,5.4027,4.9296,6.2018,3.3988,2.3792,5.3805,6.4031,4.4596
"ERCC1",18.888,15.6108,16.9381,13.3362,13.3236,19.6759,17.8121,14.6966,11.6974,15.305
"SEMA3B",31.0184,55.5025,41.1107,30.2073,32.307,25.1461,16.2737,48.0561,40.6908,43.0811
"MBTPS2",6.8798,5.9719,10.8122,5.5665,5.2014,8.2851,4.0537,9.4378,5.7137,4.4319
"PRICKLE3",8.0819,6.8844,6.0009,7.0466,9.5873,5.8735,5.9291,6.2976,5.4401,6.2123
"LTF",11.9154,29.099,3.3,51.1004,1.9981,4.3532,2.2933,5.1748,2.0659,29.2061
"EXTL3",7.6302,10.2447,13.7197,7.9394,7.8062,8.7766,3.2977,13.9483,5.2052,10.2161
"ELOVL5",28.5648,30.8878,71.4669,34.217,11.7488,50.9491,15.5077,44.5307,45.7601,32.4494
"ALOX5",15.7338,11.9866,8.2591,19.9934,4.7629,9.7266,5.8293,11.7493,5.6508,12.3719
"KDM5D",13.8732,0.0056,0.0097,16.2152,9.1941,0.0164,0.0911,0.0056,0.0084,0
"CALCOCO1",35.4453,20.4211,64.4352,35.1246,12.3572,50.5571,14.9447,44.5415,12.022,24.5678
"UBR7",33.5801,36.5448,42.828,36.473,42.0491,44.1402,31.1142,38.7048,39.0434,38.0115
"MAP4K5",14.8352,19.1981,24.5928,18.674,15.0598,17.0303,6.6377,19.171,17.7195,13.9275
"EHD3",4.1177,4.215,6.0626,6.9318,1.6121,4.1452,1.2365,5.7262,2.3484,5.0816
"PSMC4",89.7007,133.145,75.5325,73.7631,141.9175,88.4049,81.6538,109.3446,91.8545,102.3262
"MAN2B2",25.3227,26.2211,26.8457,20.35,31.8984,18.787,11.3717,29.6458,36.5421,16.1235
"MVP",201.9993,334.5689,162.4779,259.2041,435.1459,114.7106,91.2581,252.1118,395.0699,292.2279
"NUB1",38.2901,27.9384,54.4155,42.1123,31.5989,41.2608,27.1114,38.7942,40.432,36.4411
"PGM3",14.1836,13.0868,12.8722,9.6604,13.5287,12.7509,12.712,10.7585,15.7248,9.0012
"CLK1",28.1225,11.76,43.4788,31.5011,9.3615,39.1956,29.6061,20.6801,17.3957,16.0048
"POLR3B",8.0988,9.2546,9.3752,6.3985,11.7319,6.1783,4.9912,8.592,7.7776,7.9463
"ANGEL1",12.1874,7.7961,12.917,8.7508,9.11,9.1719,7.0913,12.5569,6.6184,6.574
"RNF14",40.6078,31.2445,51.4063,37.015,33.9224,72.4549,69.0677,35.4096,40.6518,33.0429
"DDX11",4.0246,4.6709,7.0579,5.771,7.5922,2.3256,3.0424,5.0797,4.1764,2.3197
"HEBP1",24.6396,15.9857,33.2533,34.544,22.1867,25.5541,14.7161,22.2492,30.6275,24.3336
"CD6",6.0708,5.588,2.7617,8.294,3.143,3.2008,2.3254,6.8848,1.5826,8.6118
"TACC3",7.0821,15.4836,6.9459,16.3338,25.3977,7.7275,7.0371,12.2914,18.1786,20.1783
"UFL1",36.9591,26.5908,56.9546,37.5731,29.8098,47.3429,30.655,35.7639,38.9646,23.0856
"POLA2",1.2352,2.203,1.4448,1.9076,3.0009,1.6707,1.1786,1.7681,2.1062,2.4196
"ZC3H3",17.3326,22.7183,17.246,14.6568,27.3561,13.2501,9.1035,20.2697,19.6552,19.976
"CAPN1",123.8366,162.2067,102.4107,97.4076,214.7117,78.1722,64.3913,143.7453,155.6795,136.4804
"ACP3",4.1898,4.1438,2.0931,6.8641,7.3481,3.2421,3.2216,1.9539,6.7019,1.99
"SLC30A9",41.7371,38.7166,43.0718,30.052,43.1262,50.2129,45.3137,38.6434,45.9097,28.0285
"COX15",19.2052,13.98,24.6281,20.468,23.9661,21.4801,19.9696,19.1315,26.0279,17.3811
"CCDC88C",12.615,8.7559,8.7102,15.7314,14.3319,6.875,6.6258,10.2782,18.4801,9.679
"YAF2",3.7036,2.8708,5.7518,3.6486,2.6845,7.1521,6.1037,3.3645,3.085,3.2955
"ZMYND11",58.7598,51.0057,130.7426,54.5479,39.6925,96.8837,32.6035,81.0481,34.5822,49.7186
"WAS",24.4469,17.9023,11.4993,34.426,6.6094,10.9338,9.5743,14.9079,5.6048,25.0769
"BID",16.7238,23.078,15.7802,14.4863,25.0613,28.483,41.2588,17.7587,18.967,18.4986
"XYLT2",27.2872,16.2055,21.5002,16.5608,17.681,17.7653,15.0098,17.2367,14.0608,16.2346
"NUDCD3",28.5795,28.7317,36.6097,22.8278,30.3437,33.5851,19.1439,33.4222,22.4348,28.2694
"CHDH",20.8629,11.265,14.6506,10.5249,26.7915,12.2151,11.7053,16.3401,18.6725,11.9584
"IL20RA",8.4547,6.107,7.0734,6.434,8.4052,7.7849,8.9975,3.771,10.0011,6.5151
"CLCA1",1618.4222,530.4518,1380.342,524.6843,1012.6829,801.6801,999.9587,1401.8443,117.7326,440.2394
"CLCA4",142.2786,383.2361,460.8327,1614.9904,873.7434,152.2543,141.9842,302.6167,1683.2489,220.7454
"ATP2C1",33.6791,36.4522,38.0155,31.6186,40.573,36.6929,24.4128,39.5131,36.053,25.3908
"SLC38A5",16.1529,21.7659,9.8284,8.8115,28.202,10.8816,14.9474,20.1677,21.7718,14.2857
"RALBP1",46.2934,39.4765,51.0669,40.1704,42.1513,42.9882,22.6875,47.5641,35.1306,36.764
"RUFY3",7.2312,6.0468,14.181,8.6662,6.1263,8.6877,4.5251,10.2199,6.9507,6.2348
"SLC11A1",0.8279,0.5569,0.4215,0.7293,0.4427,0.5719,0.596,0.6711,0.4749,0.3748
"WWTR1",27.457,32.9799,108.9672,28.8672,6.1851,78.0876,15.1103,54.4875,8.0728,30.3668
"AGPS",23.3134,27.4059,36.2592,24.6125,35.684,30.9069,20.0918,28.9404,37.6694,24.2763
"CXorf56",22.5999,20.7379,29.9635,26.1214,25.1888,26.7916,21.5745,24.3009,22.7799,21.8194
"TTC27",14.6483,14.9136,14.9479,10.5893,17.7947,13.7121,9.5498,15.6188,11.4612,10.5846
"VSIG2",566.0482,418.9631,199.8207,327.7088,459.8431,496.0948,806.7506,326.7171,316.3516,465.2449
"MARCO",58.2703,4.9805,30.8669,8.2974,0.4157,13.3863,3.89,8.5287,3.8495,3.9974
"SNAI2",6.9405,7.299,14.1536,6.3597,4.5805,6.2376,8.5666,9.3081,8.7667,6.9381
"CD74",1132.3341,915.2926,680.0543,1003.1177,368.5509,895.8275,755.3046,822.9977,284.5457,993.9383
"HGF",1.7812,1.9491,2.7088,1.259,0.7975,1.7407,0.8156,1.9754,1.3324,1.0268
"ZRANB1",7.642,7.3186,15.3449,7.4663,4.8312,10.1154,2.9091,11.3576,4.0459,7.571
"NCDN",12.4225,16.5876,17.9778,13.2519,11.9232,10.8786,4.476,19.968,7.6386,15.1171
"ADGRA2",18.2301,21.003,26.2859,19.0023,9.584,19.2053,5.4555,44.4784,7.8075,29.3797
"MNAT1",5.7947,3.6158,6.7434,3.8859,3.7278,9.2178,5.3005,5.3106,3.5358,4.0608
"SAMD4A",8.947,12.8777,24.0745,11.8554,2.4099,18.9388,3.3325,16.9777,2.5314,14.9419
"RUNX3",10.8056,16.56,5.4046,21.0896,5.5117,5.544,4.6869,14.9474,3.4613,15.8568
"MRE11",7.1496,5.0858,13.818,9.0603,6.0128,9.5765,5.1225,9.4146,6.4328,6.4708
"SERPINB1",173.5628,388.5673,129.6948,157.5056,376.9979,203.0265,252.9117,188.7856,265.0992,223.9572
"SPAST",8.5166,7.1352,10.5384,9.0735,9.3032,11.1364,8.4532,7.9329,8.6251,6.6803
"OSBPL5",14.0772,24.841,28.8075,14.8279,10.9741,19.606,9.0037,26.1704,15.5232,21.1779
"AQR",12.0503,14.458,16.7091,12.3669,15.5081,10.2392,5.4193,15.0183,12.7138,11.6719
"FHL1",173.2622,197.4346,675.9319,187.1654,26.9972,363.7639,102.9973,337.9512,33.9149,201.8337
"RTF2",48.3356,56.6153,62.3672,45.7201,51.6667,64.8716,44.2315,61.9955,43.666,56.7893
"ZDHHC6",29.9844,28.8025,33.902,33.4236,43.5569,42.3804,59.6752,27.3399,43.763,26.5668
"RNH1",56.1941,77.1149,56.7522,41.0764,66.3186,53.0161,35.9768,74.9573,46.8511,64.8207
"NDUFS1",42.3107,35.0465,45.8719,38.4131,59.8197,40.1808,32.4099,52.707,55.5073,31.58
"RB1CC1",20.3226,17.0466,36.9712,24.8655,17.3505,29.917,18.4947,23.3532,18.0792,18.4018
"ERP44",67.3668,74.1607,56.8672,64.1893,73.4107,63.5586,56.6251,65.7536,76.0413,62.4082
"ALAS1",94.3743,129.6086,83.3751,117.1814,157.1661,84.4605,55.1285,109.9899,190.0036,125.1791
"BIRC3",21.0944,38.3451,19.163,44.2374,9.6183,16.3437,13.9934,21.6911,31.7881,16.5333
"AKAP11",16.6729,16.4199,45.7758,22.1998,13.5014,26.3018,8.6916,26.1147,15.3442,15.863
"GLRX2",6.0132,9.6965,10.3778,7.9817,9.1082,11.0727,9.1909,8.5999,7.9366,7.7469
"SNAPC1",5.3635,2.826,6.4867,5.1129,2.111,9.8658,7.0304,4.4703,2.7808,3.4837
"DERA",67.7136,50.5703,67.8207,67.8039,72.9358,99.5681,125.4162,57.2752,66.9851,56.4263
"STRAP",123.2537,168.9123,153.3599,110.6296,146.6248,178.9819,125.6668,171.1403,129.0353,115.6815
"DEF6",23.7039,17.645,12.2641,25.7911,19.3438,11.6027,11.4382,16.049,12.5663,22.8171
"PLEKHO1",38.6554,34.7083,100.1562,37.886,5.9756,96.1154,31.84,52.9687,5.3909,47.5461
"GCLM",7.9993,9.3262,9.8388,9.6486,12.3887,9.6152,5.681,8.4085,10.1494,6.1265
"UBR2",20.4314,17.6221,33.953,28.5305,23.1039,17.1484,12.9981,23.7446,27.3772,20.8068
"EHD2",84.2478,127.6244,288.5086,92.4561,33.2508,102.4881,25.264,221.1882,40.3819,141.3065
"DEPDC1",2.2693,3.1658,3.5302,3.6108,7.5227,7.1823,11.3852,2.9315,8.5895,4.2316
"RRAGD",5.4193,4.9504,7.715,5.8992,1.5926,9.7834,3.7081,7.5108,2.3639,5.2277
"HSF2",12.4667,10.9665,25.048,13.8256,7.3349,20.408,10.6182,14.6599,6.6693,11.8089
"PHF20",15.5776,15.5836,25.2664,14.3693,10.3176,17.1858,9.3829,19.4721,9.6635,13.9035
"HSD17B6",18.9918,13.345,35.6882,10.0792,4.7339,40.8762,8.082,34.5947,3.662,12.6774
"NR1H3",21.6291,11.7817,16.5931,26.6658,19.115,22.0049,33.8176,14.5572,15.4143,15.8248
"TYMP",17.802,21.0481,8.151,15.8818,10.1499,15.5689,9.1517,21.2744,13.3385,18.6687
"NCAPH2",22.7927,28.2706,24.191,20.0528,31.7229,29.6247,28.2614,28.7731,21.4667,30.1793
"TOMM34",37.5945,51.7272,34.1931,28.7494,63.0304,29.5077,36.1185,46.4904,40.0811,41.9908
"SEC63",31.5157,31.1713,48.5428,30.4344,30.0331,33.6083,14.0653,37.3318,28.2482,25.9652
"KPNA6",21.8818,28.8321,35.4032,26.3252,32.7741,22.1535,9.2363,34.304,24.1955,23.6461
"VIM",187.8694,153.903,368.5852,152.4622,62.7925,173.9891,83.631,199.9451,107.7282,156.9799
"FAS",31.8558,15.5548,18.1745,23.9032,24.765,22.8757,63.426,23.9688,18.6093,16.398
"RNASET2",9.3514,8.9477,4.5759,5.9031,7.0626,5.359,6.6321,6.8539,6.8299,6.6186
"CD44",37.0861,56.724,65.7148,47.4499,37.4001,34.7574,25.2237,60.2282,30.6819,46.5766
"AGPAT4",1.7228,2.8016,3.8867,2.2039,1.5833,1.9798,0.7069,2.8891,1.729,4.154
"SLAMF7",32.3708,21.5234,22.1299,25.7486,10.7992,24.3488,53.7124,23.0311,14.2967,19.2034
"BTN3A1",27.0124,7.2186,24.9864,19.9372,8.2958,24.7862,23.9477,13.9895,12.5746,14.2303
"MIPEP",24.4343,24.8415,20.0473,18.9878,34.4524,18.9914,18.9009,28.2922,26.0308,19.136
"PRKCH",5.1924,5.3701,5.3419,5.5622,2.9418,4.6179,2.2072,5.9942,3.2036,5.5652
"IFNGR1",124.3112,160.5797,107.207,128.6982,115.1277,175.2279,199.2142,101.1883,115.665,110.044
"B4GALT7",14.0152,13.3239,11.8062,8.9412,15.4735,14.2711,15.0573,12.5215,9.519,11.3226
"SH2D2A",4.8945,5.8669,2.1225,4.6138,3.4599,3.0102,2.3353,10.0009,2.2522,4.2774
"VRK2",9.3779,10.8425,13.3068,9.1521,8.4988,13.2166,8.4482,11.0175,8.2807,7.4994
"TNFRSF1B",63.1065,67.2671,43.2145,66.9545,27.8838,46.6401,24.0034,59.8776,37.7106,64.3524
"VEZT",19.6371,19.2688,26.2999,18.8795,19.2641,26.5038,20.3196,16.6104,18.2323,16.2228
"POU2F2",4.8855,5.3556,6.0358,14.722,0.8521,3.1617,1.0961,3.4481,1.2578,6.3727
"BRD9",9.2989,9.8648,10.5208,9.5216,9.7398,11.8365,6.6714,10.1933,8.1653,8.822
"SNX1",40.4832,33.8376,60.2512,37.0141,35.5956,46.5493,29.0379,45.1644,32.1843,35.3035
"TBPL1",10.0189,5.1635,8.8892,8.3267,7.7849,11.5075,17.8782,5.1994,6.6202,7.2834
"ARNTL2",2.4877,2.9732,5.9825,3.0421,3.0598,2.9419,2.4112,2.9182,5.4808,2.7942
"BCLAF1",31.6467,42.5221,54.2075,37.5103,43.3611,35.4551,16.7168,48.115,44.2615,32.6887
"SLC39A9",41.273,42.7818,40.9042,33.4114,54.2036,46.0589,40.8346,43.0222,49.3992,37.4954
"TFB1M",7.398,4.0687,7.6715,5.3872,9.2736,8.9948,12.1583,5.5877,5.2427,4.5328
"RABEP1",15.6894,14.9768,27.8423,16.4018,12.1551,19.6467,9.7101,18.0853,11.8538,14.7126
"NUP160",15.9496,17.2376,23.0878,14.1329,17.5969,17.681,12.5453,20.5457,12.7321,14.295
"BAK1",53.7073,47.6025,44.1776,54.896,109.5968,72.6151,102.342,62.8349,82.5699,47.5115
"GRN",585.3169,588.1051,370.4524,392.3338,585.2825,350.1887,304.6258,497.0856,566.9015,532.6205
"ARHGAP31",8.929,10.2529,18.3334,9.2654,6.9866,11.2883,4.0379,16.7188,7.9965,12.0429
"CENPQ",10.7681,7.6859,11.5514,11.639,9.1838,25.514,19.0379,7.9956,8.784,8.776
"SARS1",124.5465,113.8147,128.9145,89.459,132.6933,140.8035,115.3058,119.5125,104.6426,99.7637
"RANBP3",24.4283,26.1112,34.9814,23.6054,25.0555,26.5729,14.3799,32.0701,19.1897,26.9845
"ARID4A",13.719,7.8413,22.6048,16.5442,8.5343,14.705,7.4931,11.1201,10.5311,9.6391
"EIPR1",12.6135,13.602,8.6254,9.5691,17.9123,13.952,16.2279,11.5235,14.0672,11.545
"PNPLA6",25.6603,32.8713,25.5437,27.792,37.7429,16.0867,13.7838,30.5776,28.5484,29.9072
"IFT88",7.2765,5.9868,11.5457,8.3809,7.517,10.4063,6.937,6.9125,7.0999,5.9649
"ALG1",13.677,14.0094,9.5385,7.3567,20.9943,10.5934,10.9909,13.07,11.6371,10.6093
"ZCCHC8",7.3024,5.6911,8.9059,8.5524,9.0084,7.2212,6.1895,7.0591,7.4853,6.7486
"ABCF2",6.1926,11.0667,7.922,10.8072,12.4459,7.695,4.7166,9.2559,9.202,10.3878
"CHPF2",41.4576,54.4888,27.7392,33.1769,54.1925,27.4137,21.8339,44.7975,44.0947,48.2919
"FUT8",13.2325,8.2359,16.5896,10.3447,7.6262,14.1241,10.8805,13.5812,9.6208,9.5749
"UBA6",7.4754,11.1245,13.5902,10.6311,9.5963,10.3561,6.5721,10.8985,10.8494,7.2939
"GAB2",28.0322,20.6286,23.6933,20.8474,18.2138,18.4335,10.1759,24.6246,19.1459,18.6513
"ATP6V0A1",17.1677,26.6179,22.8324,23.5928,23.9724,14.5947,7.7357,26.1156,23.0768,24.2408
"PIAS1",11.5122,8.249,19.3868,12.8626,8.2934,14.2272,6.9297,11.1107,10.0471,9.1437
"SLC4A7",7.1838,6.1791,22.5491,8.1157,5.208,13.3502,5.1151,12.4451,4.8041,4.7614
"APBA2",0.9567,1.4456,0.905,1.8862,0.9087,0.7561,0.579,2.0651,0.7037,1.6232
"MAP2K3",47.8668,146.4708,41.2389,45.1174,100.1893,47.4165,24.6371,76.5539,75.1664,73.2642
"TMSB10",6719.5866,6051.065,3675.9678,4273.6417,7696.3686,6658.9461,15823.052,5339.6036,5574.883,5729.7736
"ASTE1",8.5922,8.3206,10.5097,9.4958,9.8916,9.3198,10.8323,5.8844,10.1274,7.26
"RNF19A",25.3238,22.6118,40.5049,35.1285,19.9461,26.0701,17.8299,28.5718,26.309,24.0981
"PEX3",11.4668,9.0063,15.8924,8.5444,10.5531,22.6812,17.4041,11.9136,9.0998,8.1349
"GABARAPL2",94.4911,63.2081,100.5243,77.8064,67.6837,144.5609,170.2179,77.4237,73.2627,73.4321
"SH3YL1",22.424,18.2977,12.1616,15.5435,26.2159,8.287,25.2607,18.6049,14.7985,9.3574
"VCL",71.8319,188.5859,310.4597,107.7235,83.6179,121.395,25.0114,243.8473,47.2005,156.514
"DEPDC1B",4.0958,5.5388,4.5875,5.7793,11.6821,8.351,11.896,5.4514,12.3251,5.6284
"DAPK2",3.7089,3.8658,3.6667,5.379,5.3652,2.3976,2.5373,4.4289,8.2429,4.8312
"NSMAF",19.9976,17.6856,24.7127,17.8005,18.0621,21.7739,16.3523,20.1936,15.4881,17.6022
"ADSS2",42.416,46.8963,58.3122,39.4048,49.3546,54.9026,35.6784,43.6689,64.8231,36.7825
"TIMP2",151.3477,148.0627,428.8947,163.5355,60.1275,218.6098,60.4648,280.5609,83.557,178.1404
"RFC1",20.8354,18.7852,35.9177,22.6693,19.1374,21.6793,10.5666,22.9313,17.8549,20.228
"TBC1D23",27.3615,26.2113,33.6266,24.6099,25.9185,35.1513,35.7961,21.2083,31.1228,22.7576
"CUL3",16.9546,19.2876,22.327,18.4377,19.3813,17.957,9.9277,19.2071,16.6053,17.2286
"OTC",5.3274,3.2182,6.9524,4.8787,11.9824,7.1395,10.6348,4.9689,11.4879,6.1648
"ZZZ3",11.9781,8.4413,20.7527,10.0098,8.6617,16.8933,10.6706,11.9454,7.864,8.4064
"USP2",7.6477,10.3546,10.5905,18.3534,9.671,7.7813,3.4002,14.8851,20.6024,14.8476
"TUBG2",9.7035,9.1827,20.4232,11.2198,3.0772,19.3734,5.7674,16.449,4.0853,11.2552
"RPL26L1",31.2489,29.6519,23.0104,21.7444,41.0026,45.9535,60.0255,29.8293,26.8893,27.8935
"FLT4",3.8156,3.3232,6.2374,3.5486,2.327,3.6256,1.3704,5.3455,4.1266,5.7438
"NSUN2",28.6269,44.3334,31.6942,28.9221,45.4861,26.9622,14.279,38.2402,37.3598,28.3124
"FBXO42",9.0815,7.9747,12.0748,10.201,9.4122,10.0505,5.239,10.7867,7.397,9.7175
"MFAP3",6.8426,5.9265,9.3114,7.557,6.5293,7.6477,5.7573,7.245,7.4105,5.3373
"MRI1",5.6294,4.6573,5.4067,4.5423,6.2062,6.3968,5.6039,5.8029,5.1667,2.6658
"METTL1",8.87,22.1181,7.606,7.0415,21.7757,10.0734,10.6228,11.1458,8.8314,11.2145
"AGA",26.0487,25.4389,29.898,19.9527,26.4866,29.848,25.9562,25.9463,28.5624,19.1811
"PI4K2B",32.3772,35.2893,30.5125,26.6564,38.5163,40.8119,33.4239,31.1827,50.0804,23.421
"BOD1L1",9.0537,7.8033,16.8915,13.3637,7.9854,7.6192,2.9839,12.056,9.5764,8.7604
"MAT2B",80.7757,47.5054,84.702,66.9231,59.9277,103.6086,120.6389,56.2271,59.4867,54.3629
"EDC4",19.6556,22.8139,21.2752,22.8808,31.7259,11.2116,8.9394,23.4904,23.8619,21.547
"TRIO",13.9254,13.3939,20.5245,17.8242,14.6384,10.1308,4.5022,22.1495,15.1068,13.8006
"VCAN",8.5623,12.3108,22.7693,9.1351,6.4607,7.093,3.0485,17.114,5.8411,10.3146
"CLEC16A",8.0669,10.3545,7.9858,10.6349,11.0385,5.0204,2.8796,10.9382,13.1864,9.5917
"MSR1",8.9406,5.2067,6.8689,2.3335,1.2416,17.1178,13.5771,5.6506,1.0752,3.7003
"CDH1",225.8699,373.7601,209.5782,345.7249,540.1243,130.0832,111.1822,288.9356,558.8371,342.7142
"MTREX",28.2931,29.8085,39.7224,26.7395,28.7016,31.8172,17.7136,33.0148,25.7678,23.5931
"ZFYVE16",5.7521,4.1033,9.5898,5.432,3.5895,8.1175,4.7802,7.6437,4.8904,3.9555
"RIPOR1",12.3782,12.3813,25.4175,14.5754,6.7003,15.3338,4.9651,21.7174,7.4893,16.0248
"PNKP",12.4081,15.41,10.1772,13.2592,25.8405,10.7456,10.0784,17.8525,13.773,15.1165
"BEST2",21.756,37.9083,13.9918,53.3223,49.3216,26.1628,20.2177,21.1835,28.5091,24.1121
"PHLPP2",9.7051,15.1355,14.8904,26.9346,26.7728,7.4276,5.3645,10.634,31.2501,14.9489
"SPDL1",4.0648,3.5363,5.7624,4.4961,6.4556,6.6725,5.6086,4.0791,5.4098,4.4214
"STAU2",11.8266,8.1747,17.1833,12.5296,8.8649,16.2584,9.5545,12.6063,12.1722,9.5302
"SLC66A1",10.8677,11.3672,11.6734,12.0032,14.2651,11.0827,8.8354,9.7936,15.5468,12.5683
"CTNS",7.6585,6.4913,9.6604,6.3624,8.3437,6.3126,4.6212,8.8232,6.7566,7.6035
"RTN4R",3.5201,3.788,1.5206,2.0242,5.6524,2.7775,2.5447,4.7917,8.2128,4.5575
"PHF23",43.0588,31.5723,46.3589,41.8126,44.0094,53.8651,44.6542,30.4829,32.4724,38.9831
"INPP4A",8.1192,5.9988,14.271,8.5272,3.5022,9.8628,3.4731,12.7095,3.8331,7.0839
"RAB27B",6.3662,5.0769,8.689,4.791,8.6849,6.5992,10.7117,4.9496,7.7865,5.3321
"PSMA4",51.0675,42.0075,51.9543,43.922,51.0975,79.7937,90.2792,44.0442,50.4163,41.7214
"LSG1",19.9912,25.5268,22.5059,17.0082,33.9336,20.9103,15.8097,22.1483,22.6773,19.2239
"PARP3",27.4553,23.4488,31.2204,23.2572,12.8893,27.0849,9.5994,28.507,19.0789,19.6214
"TNC",29.1529,94.7576,174.5759,58.1827,9.3649,40.9041,9.0367,129.7493,8.7878,91.0113
"THAP3",7.4314,4.1729,9.6083,6.4007,6.5797,10.7563,15.3841,4.3284,3.9502,6.2241
"RIPOR3",2.2414,0.9345,2.656,2.2012,0.7494,2.0079,1.1887,2.6012,1.2761,1.9712
"TDP1",7.9653,8.456,7.2273,7.6261,10.6246,7.7484,7.1478,8.3693,7.6017,7.3575
"AIFM2",16.5282,27.4754,16.1998,16.9435,30.8849,15.4741,12.3285,22.7382,27.7605,19.4814
"SPATA7",3.499,1.5145,4.5095,2.28,1.7538,4.6251,4.9583,2.6726,1.7181,2.321
"RETSAT",173.6537,201.4354,148.6681,293.0734,345.2128,122.4185,108.0386,140.3677,368.9707,263.9827
"CAPG",114.9022,156.226,73.3877,97.999,155.518,138.635,165.5471,139.6409,116.9415,160.7239
"AP2S1",120.9176,140.9972,90.8266,90.0271,169.2547,132.4035,158.1942,128.7888,143.4227,137.8262
"TG",0.0915,0.2051,0.1396,0.2639,0.1251,0.1114,0.1667,0.0998,1.2457,0.0788
"ADAM28",5.7461,4.274,5.1112,7.4941,2.5919,5.3495,6.3174,4.459,4.9747,3.3404
"DCUN1D1",12.3817,10.9562,20.105,14.5815,12.2711,22.3223,14.0049,11.042,13.0204,10.0602
"JADE2",15.9634,13.1231,19.2415,18.6091,12.4741,12.3695,6.0941,14.4044,8.1188,17.2828
"LCP2",11.7373,5.6968,8.5478,10.4663,3.1105,9.6234,6.7524,8.0832,3.1124,9.3811
"TRIT1",7.9383,5.974,10.4384,6.7684,7.4599,5.2686,7.316,7.2673,6.3192,6.2815
"GUCA2B",228.1499,439.4793,97.9213,371.6552,279.7435,463.7172,597.9277,154.2295,154.0165,282.2784
"CUL7",12.0074,8.3118,12.2264,8.8898,9.2079,8.1829,5.248,14.0889,7.8186,9.8821
"CTNNA1",144.4826,263.7006,193.2415,147.8167,263.028,119.5131,68.3396,215.9889,244.8317,201.9905
"PHKA2",5.7876,5.2186,6.6525,6.3193,7.9435,4.0815,3.242,7.3631,7.9359,4.8013
"CNTLN",1.874,1.5838,5.0565,1.954,1.0546,3.8957,1.2702,3.3631,1.2318,1.6516
"EPHA3",7.1261,6.701,23.517,5.7954,4.592,19.3656,6.5212,13.0129,4.277,7.4716
"HSPA5",330.1917,731.1132,308.9544,277.2622,674.1091,265.3051,172.1243,498.1458,383.9863,412.4878
"DSG2",244.203,270.6104,198.5554,205.7112,349.5998,182.1039,185.8114,239.3068,433.1556,187.3389
"GEMIN8",11.9793,12.8806,23.947,9.1053,18.1443,19.2205,16.9554,13.2977,13.2391,12.3723
"OFD1",14.1827,12.3209,18.7383,23.2273,12.6253,14.8723,11.7058,16.2386,20.5751,14.251
"WDR37",12.7501,12.2616,13.9274,13.6048,13.3659,9.6456,6.5227,13.4653,15.6314,11.4854
"YTHDC2",9.5758,10.5708,9.9324,10.4157,9.5141,7.5907,5.0983,9.9146,10.0029,7.2185
"CTPS2",15.0132,12.9797,19.0396,14.4093,15.9385,16.6508,11.2541,16.3159,16.246,12.1697
"ATP6V1H",24.6134,25.2494,33.0263,27.6727,23.349,35.8446,21.1313,31.5561,30.1647,26.9521
"POLR2B",49.9751,52.5499,67.0354,47.3506,49.9712,58.2036,36.549,53.926,42.343,42.7774
"ARAP2",3.3656,7.4648,4.2444,5.4677,5.6102,3.3125,1.8617,4.5999,5.1011,4.6148
"TPR",18.9296,22.3922,38.0235,25.7216,25.7687,17.5883,7.9065,28.5087,20.3774,21.4792
"KATNIP",7.1282,7.7012,8.2126,8.9695,9.3537,4.4529,3.0421,9.6996,11.2897,7.1012
"DTNBP1",19.4676,23.9001,29.0806,22.8014,21.1071,31.5838,17.628,24.4139,17.4033,24.318
"XK",33.8607,23.6558,43.3392,33.5296,37.4915,39.5099,28.2764,32.4488,38.0112,23.8539
"C12orf4",11.1555,8.6669,15.0317,9.4696,9.0831,18.0129,16.3171,10.5493,9.8325,9.3043
"WWC3",12.602,11.6321,23.2046,17.8116,6.4145,13.9305,4.1286,18.2803,9.6992,13.7571
"ARHGAP6",5.1442,6.0486,17.043,6.624,1.3444,10.2862,2.1692,10.6298,0.9178,6.6925
"MAP4",60.9803,79.7189,144.978,55.5476,51.6781,82.8286,21.4579,106.0913,42.9414,72.7627
"GOPC",26.7707,25.9303,41.0847,33.5626,25.7816,32.295,18.0765,28.6488,35.7669,24.3928
"USP28",13.6645,8.3285,20.172,14.5415,11.1495,13.2975,9.5396,11.9296,10.8071,10.5421
"TSPAN17",28.0947,30.2409,22.0689,20.8147,36.9573,30.3694,32.3887,26.3781,27.5625,24.7749
"NOP16",9.6492,23.1156,8.2188,8.5394,24.5024,11.2398,14.9353,15.3858,12.3617,10.2724
"CC2D2A",4.7801,2.8397,10.3366,4.9725,1.0493,7.2855,3.0359,6.964,1.4598,3.5152
"RRM2B",19.1547,13.8388,31.5903,25.8082,15.4617,32.5271,21.8877,21.9137,16.1681,14.6593
"TNFRSF17",41.1062,21.6061,30.351,30.8737,16.415,44.6035,105.1498,13.9753,29.5876,33.2597
"MRPS10",44.321,66.0965,78.2673,53.7345,66.2608,109.0838,94.8579,52.3491,64.636,49.8488
"RSF1",8.7549,7.4016,17.6787,10.6102,7.8978,9.6385,3.9083,11.1877,8.1504,8.2708
"VPS13D",12.0098,16.9823,22.3251,15.6621,16.0012,9.037,3.5047,21.1073,16.2575,13.3495
"CELF2",17.7778,26.2451,44.7408,23.1105,17.5169,21.1987,7.7836,34.8439,13.6347,20.3315
"FAM120A",124.7789,115.7114,140.5642,111.8808,193.5181,95.1848,68.0008,135.5432,166.1974,110.9165
"COL9A2",12.3401,5.6942,4.5761,5.4508,2.6998,4.1749,4.152,4.2443,2.6507,5.1067
"KITLG",30.1557,16.4648,80.6883,26.4167,24.9013,49.5613,28.8664,29.8039,29.7416,25.4641
"ERCC8",2.2353,1.768,2.949,1.5495,2.5295,3.0687,2.3642,2.2597,1.882,1.6882
"H6PD",38.4618,27.7119,44.9026,39.7654,42.1123,17.4053,10.3254,47.3985,23.6814,26.6011
"VAMP3",138.4407,134.0608,174.4982,121.827,150.6862,195.5766,129.912,149.8776,153.8381,124.8063
"PER3",9.4163,7.389,22.7207,5.9805,5.1815,18.4639,1.9889,19.5272,7.8955,17.1956
"TNFRSF9",0.93,1.7549,0.3309,2.9164,0.2116,0.2562,0.4382,0.8913,0.2993,1.8116
"EPN3",22.7057,17.2282,10.6781,14.7211,30.7412,12.9461,11.7329,16.6321,16.8402,20.1981
"LTBP1",16.8056,31.1386,58.2468,30.8573,15.173,16.4686,7.0909,41.8431,30.5178,30.2349
"RCN1",16.7572,19.9124,20.9114,11.8249,18.0271,16.0694,10.9989,20.2507,16.7088,14.3821
"ELN",15.9026,17.6039,35.4183,17.4114,9.3278,11.349,5.1553,27.9198,8.9611,21.1432
"RFC2",20.7599,27.1863,29.0654,23.6105,33.2479,33.7294,33.8496,32.8201,26.0186,30.8871
"ARID1B",5.4492,4.9596,8.2117,6.096,5.1715,4.1891,2.1707,6.9337,4.7822,4.4976
"CLPTM1L",56.4122,69.2023,44.1643,53.4398,76.6452,39.6781,32.7452,58.9094,63.1464,60.068
"NEDD4L",12.648,19.2898,13.7484,15.5557,14.6332,11.2469,6.9244,16.9951,15.7229,12.3895
"FOXP3",1.4197,1.0496,0.7109,2.3678,0.9335,0.5024,0.7304,2.4355,1.5406,2.3752
"PPP1R3F",1.7222,1.6374,2.6935,1.8067,0.7348,2.3905,0.8782,3.1433,0.6516,1.8747
"HEXB",90.3576,81.7513,81.5885,74.6679,99.5535,107.9273,102.2044,86.934,141.065,78.5858
"PTCD2",1.9974,1.2842,3.6294,2.0146,1.7914,2.4507,1.6579,2.2194,1.5763,1.585
"JKAMP",26.2682,21.008,25.7849,22.3908,24.1179,33.0046,29.7315,23.6658,30.6207,20.505
"DKK3",12.8147,14.7692,54.0851,10.0161,5.1115,21.7693,7.5337,31.5014,6.7987,17.2709
"ARHGEF5",10.4987,13.9549,7.9032,14.3588,19.3034,6.9021,4.5006,15.0198,17.1742,12.1283
"NFE2L3",7.9559,13.4384,5.0561,10.6787,9.4736,5.747,5.5306,8.967,16.2602,6.8137
"MCUR1",21.7921,23.7226,21.4007,24.637,27.8007,23.8567,24.9094,21.4878,33.9481,19.3112
"LIMA1",173.1454,153.6168,148.7331,179.5155,252.5561,158.2951,157.3668,132.1752,269.9402,164.6695
"LETMD1",25.4549,11.039,34.568,21.2549,20.6404,29.7389,23.9356,20.287,22.9098,16.3276
"LAMC3",1.0486,2.7206,1.4112,0.6405,0.4029,0.9973,0.7564,2.6704,1.0992,3.3088
"MAPK9",19.8086,19.2653,28.1947,19.7596,21.013,27.1823,15.5084,24.8656,20.7586,16.8949
"BCAR1",31.1787,45.4456,24.7837,30.5852,54.9728,22.1634,18.5128,38.4178,40.2179,41.6248
"FAM160A2",51.364,53.5042,34.0818,55.7235,57.931,36.858,27.4783,56.2438,62.6396,51.4438
"HERPUD1",138.9527,81.9364,92.2983,97.2042,93.3553,110.0952,100.4435,110.7928,77.9392,108.9272
"HOMER3",4.2577,3.2276,3.5796,1.9151,1.4873,3.8738,2.2471,4.5319,0.8568,3.4091
"RAD51",7.5325,12.8961,6.4618,8.378,18.6829,9.8536,12.9829,10.778,14.7223,11.4317
"POLQ",0.9557,1.3527,1.3446,1.5255,2.7022,0.8015,0.756,1.794,3.5726,1.5295
"PIK3CB",23.1231,24.393,24.7158,25.4106,26.4478,18.4782,12.4785,25.4687,32.1966,21.8824
"CYBA",170.5899,177.2222,67.1901,101.8201,234.9831,145.9635,259.271,126.9118,141.7913,150.73
"THOC3",7.725,5.4963,5.3804,3.3198,7.6011,9.9346,14.7034,6.829,5.6976,7.6178
"HEBP2",24.9748,24.8572,22.509,22.3032,24.4296,33.6461,35.3991,22.1849,17.0617,21.3814
"MPHOSPH9",3.2433,1.9943,4.214,3.5968,3.4343,3.1824,2.8436,3.719,2.7761,2.5799
"PLEKHA5",7.4764,7.4165,11.9308,7.3241,7.0734,8.9324,5.4582,9.892,7.6916,6.5849
"PRSS8",275.6607,300.9817,136.4902,263.8913,451.5677,180.7098,190.2692,192.287,462.0336,325.0842
"SIKE1",17.2693,14.5948,25.8079,18.4935,15.3479,24.9111,20.076,17.6549,19.0635,14.1351
"RRP12",6.851,21.7342,5.1125,5.6879,18.4089,4.1083,2.8602,13.7643,8.9281,8.594
"FNIP2",20.1112,28.1239,27.5547,21.0668,30.2843,17.6772,12.4479,21.2033,35.1129,17.482
"MSMO1",48.425,96.5365,42.0207,39.2227,142.3785,78.7447,85.6983,74.4195,537.8604,54.7497
"FOXN3",26.3579,21.9749,60.7865,31.7551,13.3619,35.6749,10.9235,40.5388,15.9628,24.8884
"AKR7A2",101.7442,88.6387,89.5656,83.1535,66.6711,122.2672,150.595,93.4946,98.0137,93.4409
"MRTO4",31.0924,54.0554,24.9277,27.1136,65.0721,48.2538,59.5988,42.1401,36.9222,34.2306
"NNAT",34.8824,24.8917,88.662,22.9557,0.8671,89.246,16.3106,49.2249,1.1328,25.4791
"USE1",21.1235,19.3527,20.6818,17.1976,19.1981,28.7955,26.396,20.2919,14.6026,21.5944
"LAMA3",9.5959,187.4837,8.581,15.0574,83.2376,8.0047,3.5872,49.5312,16.8562,39.0346
"AP5M1",15.9573,14.2385,18.8458,16.6812,19.9931,19.9654,16.4007,16.0872,19.8842,14.0713
"ANAPC4",9.2594,6.477,13.0415,10.7873,8.3465,11.3929,6.6611,8.9803,9.4311,7.4474
"KCNQ1",59.3805,65.4016,27.0724,23.6212,78.975,31.0612,33.19,43.756,54.9829,38.5504
"TRAPPC3",42.855,40.6641,49.4778,34.7277,42.0251,69.6968,62.907,47.1512,40.282,44.6815
"THRAP3",91.6122,112.3194,126.4874,103.0983,122.1536,80.9706,37.5831,117.7552,104.756,89.392
"PHPT1",80.9662,86.1388,73.9473,69.581,89.9836,92.6699,169.8375,94.6282,94.2309,90.3325
"ENTPD2",23.079,27.8371,13.3657,16.8634,11.8583,9.0735,11.3246,18.505,46.1324,24.8512
"LY75",6.6883,6.7724,7.5373,12.3794,11.4625,5.2826,5.6917,6.3719,21.6252,7.5918
"ARID4B",11.2947,7.8501,17.6173,14.0208,7.1114,10.5644,5.364,10.9127,7.707,9.3839
"OPN3",2.8864,2.1103,3.142,4.9154,4.1646,3.1017,3.2575,3.3827,3.2555,4.2969
"SDCCAG8",9.2677,5.299,10.6858,8.3526,6.6053,9.9797,8.5339,7.6593,5.6588,6.3541
"HHAT",3.5802,3.2363,4.2783,3.0154,3.4539,3.3948,3.1923,4.2693,3.2077,3.115
"KIF1B",10.1831,14.3906,22.4779,16.1398,12.0312,9.5677,3.4262,18.2855,14.9253,11.9681
"FOXC1",2.5197,1.3332,3.8787,1.8156,1.1211,2.355,0.8155,3.4418,1.9496,1.9828
"TBC1D22A",27.8249,23.9074,23.2532,29.2386,30.1641,20.8426,17.6607,28.3117,30.7114,27.6788
"SYNE2",11.8103,10.6193,19.1653,17.7567,21.0037,5.9739,4.1625,19.2902,15.1737,12.4897
"CHRDL2",28.2788,14.462,16.4636,24.0027,0.7257,14.1814,2.6716,12.4323,0.7235,9.2153
"FAM168A",18.3183,17.3633,41.424,19.8852,15.0918,19.9529,6.9845,33.031,14.0554,19.1369
"RELT",2.0173,2.858,0.9752,2.1307,1.3193,1.2029,0.975,2.6862,0.9093,1.677
"GALC",23.5735,19.0847,22.7176,12.1783,16.5159,23.9493,12.1243,22.6456,14.3396,18.0772
"NOP58",27.3546,42.2981,32.3604,26.3214,49.643,35.9431,24.1957,36.3097,30.9064,26.1404
"SZRD1",71.9141,86.3906,71.6926,54.4394,80.0825,87.7716,79.9199,86.0343,59.7046,71.4735
"KCNH2",15.384,18.8708,45.1949,15.2864,3.7635,23.7305,5.4128,35.9879,2.3751,22.0524
"CUL1",47.6431,56.7446,67.9215,47.0079,52.7333,61.0351,36.8172,58.678,38.5696,49.0327
"CYFIP2",13.1848,11.6083,10.693,19.9695,9.0697,8.5216,5.6452,12.7305,7.9103,12.0958
"TAB2",60.9827,44.5367,108.1154,63.7789,50.8772,79.5898,44.9434,62.7512,53.1334,55.4974
"EIF2AK2",14.5824,14.7946,30.6893,19.2858,14.1772,22.356,8.4519,21.1016,20.3383,16.7774
"USP36",12.0257,19.5092,13.8481,10.8568,15.1662,9.5947,4.7806,25.3668,9.7986,11.2572
"KMT2C",10.9122,11.9812,21.3262,15.5849,11.3449,8.8152,3.3257,16.9771,13.5846,11.0285
"PUM2",62.34,52.3378,108.728,75.1774,62.2287,69.2454,39.9605,70.0628,66.7882,58.0403
"MRPL43",40.5638,28.4298,36.5602,27.9136,39.6027,62.0302,87.3663,31.6565,26.435,31.0896
"HPF1",32.9593,24.048,54.7066,30.7248,33.7659,73.3238,67.3623,30.4098,24.574,28.6044
"ZFR",45.0675,37.0153,71.7968,38.4598,40.8742,56.3866,35.8031,46.7143,31.9833,34.3895
"TRAF1",5.9525,10.6532,4.7381,10.4511,2.4351,4.7628,1.9253,11.3757,2.4961,8.1649
"RC3H2",11.3316,11.2968,17.8906,14.8078,9.3763,12.8052,6.3177,14.5333,13.1916,10.4371
"IL17RB",11.6481,8.0592,10.9312,9.4532,14.7799,14.1851,19.6867,12.0672,11.2194,10.5815
"TRAF3IP2",18.9445,18.5589,18.5126,19.916,32.13,14.2121,15.943,15.6412,22.6209,21.1432
"GYG2",13.3936,9.1066,11.007,3.495,12.0137,8.3495,6.9018,12.5269,16.3029,7.4698
"DCBLD2",7.8403,8.4075,23.1856,8.9019,5.0356,12.2467,3.9551,14.9965,4.2429,8.1089
"SOAT1",22.2756,16.3279,22.8892,20.292,18.7125,22.4099,14.8668,19.8719,19.3769,16.9262
"PKP2",78.44,89.4087,64.0287,53.8217,138.4791,68.1678,64.5496,97.4664,104.3515,61.7497
"GDI2",205.4258,251.6884,252.4017,231.2928,303.3234,289.4888,296.7487,208.8511,305.2643,232.5734
"PRDM1",19.7058,19.9104,9.6966,27.5982,8.9344,7.6718,4.5077,41.0021,11.8799,30.4358
"ATG5",33.4309,25.4466,37.5353,30.1182,33.1223,58.7957,63.6877,28.4065,33.8112,26.8271
"MTA3",11.4647,9.1344,17.0126,12.3673,9.5395,13.9143,9.3921,12.877,8.6503,9.6895
"USP13",5.035,5.9058,11.2431,5.8286,4.3511,7.5573,2.4793,8.4959,4.1393,6.0195
"ATP11B",33.1103,40.9909,36.7265,36.1762,39.4542,31.3141,20.9181,34.3544,44.0137,27.9022
"LAMC2",37.8729,223.8502,15.7442,33.9035,74.9021,16.2142,14.0903,49.3324,52.2599,47.3793
"CDK14",5.7282,6.3944,19.0721,9.4577,1.6901,10.1418,3.4576,9.4287,2.3827,6.6868
"SEC61A1",151.6012,230.0797,134.4604,132.0364,283.9512,109.5994,78.4052,201.038,199.0184,182.7231
"PPP1R12A",22.977,24.5582,79.4782,33.0675,12.9994,48.2222,13.7564,43.5779,15.1344,25.4351
"CROCC",4.2994,2.8539,6.4273,3.9977,3.0567,3.0222,1.2922,6.0771,2.2678,4.9379
"POLR3E",8.8612,10.8035,8.5188,6.9405,11.8595,7.5511,5.2481,10.2945,6.7494,7.7869
"ATP2B4",74.7924,121.1647,426.278,132.4263,13.7598,155.5819,19.702,265.4743,19.0439,134.3551
"RIOK2",12.1674,11.8118,17.47,11.2259,11.1618,18.3741,14.3111,11.1952,9.7009,10.2316
"YIPF1",54.0963,41.0245,42.923,48.2089,59.9717,60.6541,77.7183,38.9687,67.2126,50.9087
"NDC1",22.8383,34.6611,25.3905,22.7901,48.4016,28.8078,21.6426,34.0336,40.6769,27.9746
"TBXAS1",10.3171,11.3126,8.1924,6.3785,7.8098,10.7796,9.2178,9.1745,4.7384,9.0874
"PARP12",22.7906,19.457,23.0441,35.4086,26.6741,21.0054,16.8913,17.9439,29.265,30.2311
"ALDH18A1",87.1964,108.0358,98.2955,201.0771,163.1542,65.4571,59.1303,123.6975,151.6682,105.3381
"TARBP1",9.8838,6.8047,10.4168,9.8653,10.0034,6.5832,5.1547,10.296,9.2018,5.7699
"GATB",5.8316,4.2874,5.8082,4.7413,6.7886,7.6657,7.3398,6.1084,5.1359,4.7789
"MXD1",71.5906,97.4122,41.2663,164.1434,136.2809,46.9206,31.8038,108.741,126.8864,123.922
"CDK17",10.9024,14.2048,22.2773,14.2341,6.9569,18.832,7.4214,19.6426,8.2338,11.1347
"DNAJC25",9.3318,9.5841,15.0951,10.3852,15.2306,14.0515,12.5758,11.911,12.6587,8.722
"SLC2A3",19.5014,10.8019,6.1284,25.1882,2.175,9.2959,3.7125,31.011,3.2499,19.4027
"PSD",43.8546,37.4247,105.5863,30.0736,1.6222,119.2319,31.6206,78.1228,0.7157,49.5638
"CTDP1",23.3668,29.4754,17.8687,21.5327,36.1019,14.1733,10.4313,27.1834,23.1885,27.5721
"YBX3",47.794,56.9986,67.3009,40.0979,37.1712,63.4398,26.3745,67.6452,32.712,49.8283
"STYK1",31.8102,17.8594,17.0337,30.46,30.5119,22.2874,26.3811,20.433,39.9187,16.791
"WNK1",22.5502,24.4603,45.7384,26.5612,16.4468,21.6683,6.9206,35.0959,17.4297,22.1291
"CCAR1",25.661,22.9173,30.4007,28.1721,34.7652,21.7633,18.8728,24.7653,28.0258,20.063
"GNA15",7.0318,4.9956,4.8479,4.2138,2.7034,6.3921,5.8031,8.0749,1.583,5.2125
"PIGV",12.0679,5.9683,10.7417,9.3391,13.8027,9.5714,11.515,8.3017,10.593,8.817
"PTPRU",3.0953,4.0131,6.1426,2.9085,1.1641,3.6661,1.2103,5.7666,1.7788,3.175
"SNRNP40",22.6999,28.1687,26.8102,19.1277,32.3271,37.5143,36.0357,26.3622,20.202,25.4707
"COL11A1",0.1177,0.1519,0.4726,0.2734,0.1532,0.2388,0.7584,0.326,0.0261,0.2328
"QSER1",6.2208,5.9827,13.0399,7.0439,9.2702,6.0266,3.9502,8.5594,6.1674,5.9909
"MPC1",130.2588,123.3384,121.9239,125.077,198.0234,225.394,253.5402,118.4221,276.4121,107.9783
"ACAA1",26.1744,31.5415,20.9173,31.8552,42.0892,25.2659,26.8854,27.1049,33.7873,32.1072
"BCAT1",3.7756,3.54,5.7178,4.4412,1.3713,5.2021,2.0732,4.4884,1.9089,2.9483
"HDAC7",15.24,10.9644,21.6103,16.8898,9.7839,13.3992,5.5219,16.0418,6.1775,14.6672
"LZTS1",0.8571,0.8189,2.0987,0.8317,0.446,0.9782,0.244,1.4378,0.4027,1.6464
"SPAG4",4.7516,3.6184,2.1413,3.3686,1.7586,4.4902,7.0581,4.0576,3.7122,4.155
"NCKAP1",26.0102,26.9766,51.1785,24.4484,26.9157,35.8898,16.7639,35.2286,24.9362,23.2169
"MRPS35",165.4216,131.2636,149.2454,114.9447,199.6482,202.4798,261.1073,140.8782,166.6472,109.2816
"GUCY1B1",18.0189,10.7977,53.9348,15.91,2.6418,42.4757,12.0344,28.1553,3.9579,17.9827
"SFSWAP",8.5307,9.3988,11.1499,9.2919,10.8481,7.7232,4.033,10.2335,8.6743,8.7149
"TNK2",6.719,7.6278,7.876,10.3719,6.5131,5.3812,2.4145,11.9603,5.1316,9.253
"MON2",7.5013,8.0011,12.3643,9.6948,8.3953,7.5856,4.5079,9.6676,9.9852,6.9205
"CDH3",2.4734,1.844,0.8124,1.6737,0.3793,0.8676,0.8074,0.7492,2.2431,1.3678
"DGAT2",3.8414,2.1767,4.3139,2.1348,2.2416,1.942,1.9961,3.4085,1.7143,3.2327
"CS",88.2063,108.8042,111.4355,90.6628,154.8244,74.9661,49.0573,119.6912,147.1625,93.5118
"LTK",9.8648,13.5829,6.1798,12.17,17.6051,9.9483,14.4505,10.4766,23.2881,18.5123
"ELMO2",11.5911,8.1215,16.351,12.8802,9.9931,11.5043,6.0291,11.7299,7.8194,12.222
"WAPL",26.543,29.413,37.6565,28.7724,28.9357,28.4694,13.8192,33.3293,24.195,23.3197
"VMP1",71.993,62.226,41.8522,77.9115,74.9859,83.9911,104.8996,61.0449,74.695,54.5557
"APPBP2",13.7017,11.2642,25.446,14.3726,11.0352,18.7729,10.5568,16.1837,10.672,11.7538
"POLD1",9.499,12.8175,8.9116,10.7329,18.5482,6.7403,5.7638,16.0267,12.8638,12.8366
"EIF4B",182.0466,144.6236,280.1241,131.3505,156.9889,236.2683,118.5919,197.9209,115.0457,130.1853
"BICRA",5.2017,5.3321,5.4458,6.555,6.9137,2.8939,1.6555,6.6436,4.9473,7.1909
"SPHK2",9.6309,7.5377,8.1997,9.6527,15.8133,6.3085,6.8618,9.8388,10.813,10.5058
"RPL18",662.2804,513.9949,473.5862,371.1558,578.347,718.5763,1104.296,509.1973,390.7072,517.7114
"ISOC2",44.5757,50.0761,32.4551,27.4622,69.245,46.8857,55.0863,45.4361,37.2284,46.0796
"U2AF2",101.2189,124.3509,92.4572,92.038,152.1411,78.3502,64.4702,120.9028,95.0438,108.7175
"EPN1",37.4876,39.9635,25.7334,30.8781,67.2663,22.8041,22.7214,37.5152,43.8025,41.4566
"MED29",45.5427,43.0164,60.1009,42.5797,45.226,56.7629,34.7423,46.3523,34.8616,42.9998
"MTMR1",14.499,16.4049,17.2339,14.8801,16.3667,13.6471,7.6368,15.8418,12.3215,13.5817
"GPC1",10.498,22.2999,23.6453,9.4825,15.9093,12.8846,5.1735,21.5545,9.3065,19.169
"ADCK1",5.3706,7.2331,6.4074,4.1699,10.3959,5.1701,2.9181,7.2298,7.3205,6.651
"HAGH",19.7964,13.1135,18.1606,17.5453,18.1403,23.3268,23.3985,21.1661,18.1981,17.6099
"RNF4",24.5765,29.5354,30.1596,25.8234,27.6552,24.7622,15.3541,29.0919,24.6004,26.5141
"CASP8",12.5759,10.7402,12.6462,12.4699,15.4062,10.8314,8.8686,9.6971,18.2589,9.5141
"INTS13",15.1382,13.6264,19.7828,15.1199,18.7414,19.1333,18.0949,12.1984,15.5679,11.947
"SPA17",2.4292,1.9453,2.2503,1.7814,2.5408,2.3291,2.5699,2.3699,3.3483,1.751
"ATP2C2",49.4677,41.0598,20.7893,25.1028,26.6395,27.9529,28.3302,33.2604,45.4177,26.9256
"TAF2",13.4736,12.7827,17.5235,11.589,12.7873,14.6229,8.7967,14.4204,12.9676,9.0487
"HIPK2",11.0777,14.6668,18.3974,15.8691,13.8248,7.4882,3.993,19.1664,13.2588,9.8334
"TNPO3",36.5844,46.5588,53.6438,41.4985,48.6517,38.1639,18.614,49.8839,40.8732,41.849
"RFXANK",28.5349,22.6994,25.8207,26.1529,28.3717,31.7767,32.6816,26.3481,19.9442,25.1597
"LPAR2",8.8873,16.9205,5.9918,15.167,22.4339,9.3808,9.7374,11.4575,14.5959,12.8569
"CTSA",87.5466,74.9438,64.8962,103.4575,108.6378,52.5193,55.8962,75.3992,119.1371,90.3446
"SLC12A2",53.7938,75.1212,67.6268,43.1268,95.9806,44.0984,26.5397,74.0446,78.9261,33.8067
"SNX24",10.7049,7.8412,11.5517,11.514,10.8635,12.8087,13.0519,8.5472,14.2784,9.6283
"EYA2",13.1231,3.8453,9.9296,4.0392,20.0793,4.0496,2.5834,11.2938,15.8784,4.7938
"CNN2",87.8918,106.1703,61.7543,102.1905,87.7462,67.81,38.6085,122.0706,58.2533,88.9995
"ABCA7",4.6795,5.7025,1.8872,6.0712,5.9775,1.6004,1.9422,4.4756,8.5674,3.4445
"SNCAIP",1.0096,0.8696,3.2962,0.9434,0.5683,0.9069,0.6934,1.537,0.4144,1.3498
"DDX20",6.303,7.9388,12.554,6.8113,8.0469,9.8134,7.2996,9.6096,7.1222,7.1166
"BTBD1",50.8434,71.4352,70.4373,61.8415,65.1734,72.2784,45.8618,58.0576,73.9572,42.7827
"FAR2",22.8215,26.7118,36.6431,30.3208,46.9769,24.5989,27.5525,35.0967,56.7307,23.6581
"BCAS1",63.3964,64.3346,52.7643,84.4849,97.7136,60.8164,43.6967,72.9791,153.1918,97.8268
"PMS1",5.4923,4.4201,8.9,6.2843,5.0357,6.6947,4.4242,5.978,4.5474,4.1454
"HMG20B",45.9246,38.245,44.178,33.7681,55.808,44.9211,44.5486,46.6437,39.2597,43.5084
"CALCRL",11.2844,5.9137,14.6957,7.1526,4.0927,11.126,7.1832,7.944,9.0524,6.1654
"TAF11",22.5648,23.68,33.3206,30.9799,31.4065,48.9138,46.3264,29.1121,32.5878,27.9244
"ANKS1A",21.7551,30.7426,44.3083,25.4139,23.5894,25.0773,7.8007,35.9315,24.0102,26.028
"AP3D1",48.838,71.934,53.0353,49.572,83.7825,34.643,20.5266,65.2007,67.4351,58.4207
"SLC9A3R2",53.1894,51.2723,51.6085,36.5289,60.9201,54.1504,36.1616,55.8943,39.8221,59.6051
"NTHL1",26.0798,22.9443,10.157,17.0807,34.0453,23.735,33.0632,21.716,19.2064,23.9187
"GNAI3",29.2627,39.5488,41.8759,31.4592,39.356,41.958,31.811,35.4887,37.3062,32.9836
"IPO5",42.0559,54.1327,75.9098,37.415,48.0648,67.9196,44.0105,61.2755,31.5921,41.1175
"OAT",128.2613,100.4632,158.4355,70.2817,75.2539,178.5649,98.946,127.3696,78.9111,80.8559
"WDR3",7.7833,10.5104,10.7195,6.143,11.8356,8.585,4.7415,7.3449,6.6238,6.3041
"PKN2",30.0107,36.5393,45.9519,36.5558,31.9961,36.8781,22.51,33.398,36.2473,24.5257
"WDR18",34.5203,39.7259,20.3007,19.7643,81.5394,27.1648,22.358,42.751,31.0637,68.1917
"TRAM2",21.1813,22.7936,30.1728,22.48,30.259,11.0886,7.5913,25.9949,28.2569,23.2932
"NTN1",8.9419,20.6025,51.5563,19.9389,9.1614,20.181,4.0404,38.7374,7.0777,23.1499
"MCM10",1.3259,3.2506,1.91,2.9546,3.925,1.5061,1.8832,2.9685,3.0789,2.8288
"DGKA",10.5842,13.1251,8.4461,19.2388,14.4977,7.5003,5.0811,14.0001,18.9347,13.6944
"ERBB3",92.2543,53.0697,85.1447,123.9937,121.1054,45.4234,42.053,84.6309,86.3311,92.6588
"ANKRD44",4.0077,3.2209,7.9397,7.1065,1.3252,5.1737,1.7986,5.1707,1.8905,3.9601
"KARS1",101.5729,116.5284,96.6937,79.5685,126.6337,112.9047,67.2228,114.1672,96.9601,98.3696
"ADAT1",11.1631,9.3866,10.9835,10.4446,11.8379,11.2671,7.4477,12.2234,11.2517,8.6299
"PDIA5",31.0021,29.8988,24.7021,18.17,31.4866,25.0272,22.5259,29.2299,24.9776,25.7902
"TBC1D22B",16.7899,23.1755,15.7637,16.6454,26.7952,17.1748,14.7247,18.8813,21.8352,16.3712
"NDUFB4",155.9521,150.1616,143.086,128.0228,191.4719,238.4292,234.7876,159.5758,148.8518,142.0405
"SPEN",13.9335,21.0421,23.5037,20.8394,21.5391,10.4526,4.305,22.0487,17.2671,16.0156
"MYLK",120.0842,162.5905,584.7949,167.6521,19.1458,382.131,103.0671,298.4468,26.3914,185.4072
"ZC3H15",69.3446,74.1045,76.2483,63.9025,78.084,101.1417,91.3953,64.4905,68.4237,57.1455
"MAP2K4",19.5779,25.0477,23.9862,18.5386,23.1707,24.9443,17.1502,21.2216,21.4301,18.8789
"PACC1",4.9424,2.5121,4.074,4.1318,3.6871,4.6773,6.5904,3.4112,2.2546,3.8223
"SLK",31.696,54.1477,75.3678,46.8029,38.1005,46.3293,14.375,60.7372,42.7518,38.7378
"CYB5R4",11.6226,10.1608,11.1452,9.7714,12.5665,16.945,20.9047,10.0895,13.0046,9.3891
"COL17A1",70.2452,125.2239,54.8559,157.5772,126.5814,30.5361,29.0144,77.8065,200.7776,101.1101
"GSTO2",6.0767,3.8089,3.693,2.3678,7.493,5.178,7.9473,3.1994,5.141,2.8654
"SEC61A2",2.9531,2.617,3.6183,3.6356,2.2193,3.5039,2.7593,3.5142,3.7636,2.5572
"PRKCQ",3.3086,3.7226,2.7466,4.1379,1.6612,3.2703,0.9858,3.6624,1.2505,3.5718
"TLE2",51.9502,42.8125,54.2973,32.0919,52.1108,44.1219,25.3979,45.3529,27.533,36.4813
"ASB1",10.351,11.3626,19.3638,11.4412,9.1791,11.7742,4.7791,18.1503,9.1894,12.0213
"FAM107B",31.8116,69.1832,45.2183,62.8259,45.484,50.4072,39.5908,61.7665,42.6278,53.994
"ME1",22.8621,36.3012,26.0438,13.1566,24.0363,27.2881,16.8605,23.7846,23.1923,12.5412
"TBC1D1",35.545,55.1097,118.5693,48.2988,21.6187,74.8016,15.7233,79.5249,20.2503,57.2346
"CDK13",6.0156,5.6663,7.8499,7.6834,6.6626,5.0006,2.9109,7.0176,6.2701,5.8123
"MTHFD2",8.9529,10.3341,5.5041,6.346,10.1921,9.9925,12.8259,9.2647,10.9409,6.1484
"SLC9A7",1.5569,2.4634,1.7129,3.072,1.02,1.2661,0.8236,1.7555,0.9925,2.2706
"YBX1",507.4406,512.2911,578.5565,332.7335,503.1329,674.6084,516.5158,568.8086,366.621,428.9435
"PDE4A",12.8602,12.4308,18.7775,12.0981,10.154,11.086,5.7447,18.3787,7.1598,12.2367
"PPP2R5A",73.5206,53.5442,81.6042,70.6661,81.3771,80.8843,75.3709,59.8167,94.4349,57.1183
"ELAVL1",27.6963,40.2252,32.5632,28.554,38.5045,24.998,14.2254,38.2255,28.0897,35.4405
"TIE1",9.2238,6.779,13.0201,6.6285,4.8839,6.7983,2.6595,10.0805,7.2089,11.0782
"DIP2B",19.3666,35.8376,21.681,19.2779,31.7518,11.7582,6.6092,24.575,28.5078,21.3486
"SMARCD1",26.6511,37.7427,30.4463,31.6034,35.8913,24.0012,14.6695,34.2207,30.0599,31.9208
"KDM4A",15.3401,9.0036,14.0188,15.0251,14.4397,7.8808,6.5472,12.3337,12.4727,13.3726
"NFYC",23.5412,20.185,26.6457,26.1324,28.1517,22.1176,18.2713,22.3555,23.798,23.6549
"SLC9A3",7.3219,1.3842,24.1164,29.7702,9.2125,2.1152,1.5207,2.9803,24.2645,4.943
"NGEF",19.2066,11.1181,14.4979,20.7328,19.859,10.7432,11.4264,14.3057,26.14,14.7069
"ASPM",1.3148,2.5165,3.0897,4.3517,6.6193,2.0078,2.0274,2.5764,6.4625,3.3423
"CD84",5.7191,3.6031,5.7782,5.6812,1.3852,5.2602,2.9152,4.0547,1.036,2.8723
"ELOVL1",125.5092,137.2838,101.3353,111.4601,208.0589,121.0771,140.7011,121.9727,160.3425,139.6544
"SPI1",40.5052,30.4282,22.7189,37.3321,12.3804,28.1205,29.6031,29.8113,10.1767,39.1441
"POLR1H",7.575,7.0424,5.427,6.0723,8.6955,10.5135,20.49,6.544,5.5027,7.2536
"ATXN3",6.2065,4.5564,10.607,7.9843,4.8209,8.0643,6.4293,6.5086,6.2416,5.2254
"GOLGA5",62.245,56.2973,61.6933,46.2549,62.3222,72.4179,52.1427,58.7749,66.7037,48.2042
"FGFR2",21.2579,19.9439,89.93,26.0272,14.7846,37.2369,10.4507,41.938,17.8652,27.859
"LRRC40",18.5103,15.5209,29.5494,17.9909,16.8382,32.1757,22.804,18.9709,14.2144,12.4734
"ISOC1",49.3172,57.5839,58.2749,46.1592,66.8057,58.201,43.8975,55.736,57.9804,49.4922
"EML1",15.2203,23.8146,67.4084,17.8663,3.2207,43.4311,7.646,41.4421,3.5138,21.6937
"TRMT11",5.4665,5.0947,6.0069,5.7662,4.8502,6.8146,5.0511,5.55,5.9408,4.0234
"THUMPD1",26.8549,21.645,39.8923,25.8164,24.2623,33.3768,18.0485,27.9828,23.3657,23.4233
"KIF26A",5.6252,5.7768,7.929,4.2035,13.7308,4.2456,2.453,11.2188,10.544,10.1999
"ATG2B",6.4609,4.857,12.5232,8.1215,5.7156,6.1175,2.8272,9.0925,6.77,6.3147
"ARFGEF1",23.0741,28.0407,30.1708,23.9017,34.165,19.4873,13.8167,24.2413,30.8241,21.9002
"MTFR1",17.5205,20.5906,19.7875,11.4889,19.4799,25.2209,33.5675,18.066,18.4188,14.1285
"FECH",11.0482,8.6384,16.3491,9.6648,6.9803,14.7647,9.3428,13.2744,8.5697,8.891
"MYO9A",3.9486,3.9224,10.2525,5.19,3.3412,4.3339,1.5365,7.2204,3.338,3.8053
"DDX3Y",29.6221,0,0,33.7267,14.3122,0,0.2086,0.0093,0.0277,0
"PFKP",32.2551,61.2763,28.7086,38.6099,62.7899,24.8875,15.6375,43.258,78.49,39.1948
"IDI1",45.9841,68.8402,38.2485,34.7258,79.8962,79.1808,78.9378,61.1756,251.01,44.1936
"SP100",14.1722,8.5356,21.3432,18.8775,8.6015,19.4435,13.1933,12.7285,12.4178,13.2388
"KLF6",187.684,214.6478,118.1122,323.5125,163.5047,158.1873,82.9733,293.9835,208.8545,215.858
"PLPP1",82.326,84.7675,143.0489,105.2656,81.638,120.7092,73.4843,114.9662,98.9355,100.036
"NEO1",110.4269,99.8695,95.2218,90.1131,138.941,52.675,33.5483,117.4229,119.3495,86.4073
"TRAM1",164.3983,119.439,192.5412,142.6342,115.4756,226.8785,219.2178,130.6883,128.9568,104.899
"PHKA1",4.8778,4.641,6.5933,3.974,4.9981,5.2861,2.5159,7.1933,2.9574,3.5523
"TNFRSF1A",122.2266,171.4438,128.5722,121.0527,148.601,129.938,82.1964,144.3679,112.4573,143.3591
"CACNB1",3.2158,1.9079,3.8255,5.2859,7.0226,1.6385,2.2511,3.371,6.4199,3.7821
"EVI5",7.3805,9.3868,13.2437,8.1008,8.8708,9.9852,4.3814,9.0304,10.0915,7.2351
"PKM",204.25,305.3281,210.5035,194.584,356.8555,182.4663,167.9874,259.4132,348.507,249.9565
"DHX29",19.7178,25.8232,31.4607,23.1556,25.2236,23.1963,11.4545,27.2535,25.1343,20.9279
"DNTTIP2",19.441,22.9477,25.425,16.8833,20.7631,30.6869,19.8835,25.704,18.9717,18.4764
"METTL22",2.9749,2.4832,5.3382,2.8839,2.449,5.0059,3.3892,4.322,2.2752,2.8142
"TP53BP1",8.115,8.0042,12.2861,7.5933,7.8187,6.2849,2.82,10.9806,5.4409,6.9416
"TRO",1.335,1.5101,3.1987,1.3908,0.4433,1.6506,0.5626,2.9633,0.5899,1.6755
"RRP15",5.1028,7.8871,9.9804,5.3362,7.65,8.0602,5.5123,7.2502,5.3516,5.5308
"RHOA",371.3849,410.7079,452.9005,327.9036,420.1544,456.062,343.0942,400.2977,402.4425,386.5001
"DHX8",15.4798,15.8857,18.3107,15.6878,18.1132,12.1937,7.2647,18.0502,14.445,16.12
"PRKCZ",8.3615,6.6107,5.9754,7.5965,10.5078,6.3266,6.9779,6.9746,11.0079,6.9965
"IARS2",99.7805,93.2038,128.3988,94.9489,129.2053,91.1323,63.1319,116.1488,109.1517,88.2072
"SYT1",4.2898,6.7819,14.4939,3.9616,1.1273,5.1325,1.2451,10.5294,1.9348,6.0191
"IDH3G",66.1498,65.6857,56.8263,58.777,98.5219,56.7787,54.3837,67.8509,81.6008,65.0504
"ROGDI",8.5165,7.6865,10.7783,9.695,7.5352,11.0285,7.1739,10.6356,8.4875,7.9149
"ROCK1",16.7619,17.7159,33.5031,20.0378,14.5844,19.9141,8.2242,24.1919,13.4222,15.9307
"CBFB",19.7883,21.87,21.5761,25.6008,17.6599,28.2624,15.29,20.9462,18.975,20.2613
"PDK3",7.4873,8.9758,21.0699,13.3301,8.8131,12.9776,4.0247,16.1694,13.1419,9.7994
"HYAL2",20.2115,27.9611,13.3987,10.7686,26.3046,26.9335,17.9183,30.6247,19.5721,19.5336
"HDAC4",9.4789,13.7185,25.6944,9.1226,5.8256,14.4647,2.8197,23.7916,5.266,11.5222
"RASSF1",15.9207,18.5121,18.7394,16.6897,19.4902,17.807,17.513,24.0141,13.2961,17.4772
"FGFR3",20.6486,18.6747,16.744,25.3582,30.574,14.2794,16.258,22.6869,27.6223,24.883
"IFI35",57.5262,48.6793,55.651,54.7461,54.8323,84.6877,68.3553,55.0913,63.0104,63.4819
"HEATR6",6.0597,5.2685,12.9108,5.6136,4.6959,6.3052,2.8793,6.1756,3.8016,6.2719
"COASY",50.1097,51.1375,37.9075,43.9044,87.6227,31.8776,34.4932,47.7566,58.348,46.2544
"MEF2A",20.9145,19.2923,45.5021,21.0594,14.5536,30.9526,8.4526,28.3561,14.1428,20.5356
"OTUD5",58.6928,53.144,67.289,58.2353,57.1481,46.6509,27.5778,70.1644,48.235,62.2265
"TFE3",31.9926,44.4791,47.282,31.5138,33.7258,34.974,16.9074,49.4564,24.2405,35.4349
"TBC1D25",12.9222,11.1528,13.8987,12.6878,10.2059,13.2525,6.9031,16.1082,8.3914,12.7029
"ACSL4",18.1875,25.325,37.9143,17.5146,8.604,32.5316,14.1775,27.5721,11.8749,16.1653
"INPP5A",38.0408,39.2106,87.6483,42.8925,30.8714,70.4307,23.8814,61.6771,33.8655,44.5364
"GPKOW",46.2426,45.7657,51.8266,40.0269,56.0948,48.7198,34.6644,49.5449,46.788,48.4119
"GRIPAP1",17.4553,14.1268,16.1153,21.0868,19.8209,13.0203,7.3257,19.7216,18.799,17.762
"FTSJ1",21.5872,29.2677,23.7764,20.2748,30.9122,28.7737,22.4352,25.3586,18.7612,22.3225
"REEP1",12.1216,14.5511,52.54,20.5653,2.0123,37.3684,12.5073,22.5078,5.8555,17.58
"ATP11A",4.7334,3.391,8.1875,4.646,3.5313,3.4434,1.6509,7.7584,4.3678,3.9918
"POLR1A",9.6318,15.5658,12.3945,8.1185,18.6889,6.0095,3.3197,14.9793,10.3451,11.0423
"LAPTM4A",708.5317,569.0875,893.616,555.9517,564.2548,1018.2595,776.4,667.8403,560.7174,583.4635
"TTC7A",19.15,20.6482,15.7236,26.1238,22.5229,13.5393,10.0912,20.4417,25.2835,23.4944
"IP6K2",43.8963,26.531,35.7591,49.2637,54.9134,46.1077,54.3852,32.1864,42.8598,39.0352
"SRBD1",12.3194,9.6411,13.1005,11.4374,12.0109,11.6782,6.3334,12.2329,12.8007,9.4131
"KIF2A",8.596,10.4653,11.1517,10.1131,11.1557,8.2393,5.1305,8.0184,12.6782,8.7613
"RASGRP2",5.4259,6.2753,12.2756,11.8243,1.2706,6.2308,2.3426,7.4382,1.3936,7.9159
"PSME4",12.633,24.8841,18.0856,15.9907,24.063,15.2551,6.5958,21.0299,19.6647,15.2889
"IFT80",3.0077,1.3575,4.1446,3.16,1.9192,3.4491,3.1834,2.31,3.2009,1.7425
"SIRT2",24.3832,19.665,30.6376,18.9774,18.3065,30.0172,20.5665,25.2143,21.3246,19.7385
"ERLEC1",127.2215,85.652,111.4453,75.416,93.1589,168.5614,178.7684,96.8318,104.1534,80.1163
"PPP2R5B",21.9088,23.1679,24.6762,25.1768,18.6344,22.9334,13.3567,29.2211,17.3806,26.347
"PITX1",10.2568,7.405,9.4547,15.9981,14.3125,8.8512,13.0962,14.0087,6.0545,22.0601
"ADGRF5",6.9612,5.9205,15.4133,6.071,3.9643,6.8937,2.0888,11.2256,6.5182,4.8326
"NUP133",21.371,24.3537,34.9358,21.7402,22.7008,22.4622,12.9288,29.4803,18.5815,21.6796
"NUCKS1",118.1681,114.3674,238.9448,114.4124,104.1084,171.6797,65.9406,169.7101,103.4806,118.8612
"VPS35",42.7941,44.5889,64.4674,40.6325,48.8932,50.465,32.5355,48.7958,45.257,38.222
"DNAJA2",51.6639,52.1452,71.9896,54.2866,55.5505,86.4934,56.8908,64.3676,51.6627,47.8861
"BCL3",55.3234,116.102,27.2113,50.2516,50.7774,31.3945,25.689,89.8112,31.8593,59.1929
"KCNAB2",4.1804,3.0182,3.7295,4.6556,1.1693,3.2075,2.0083,4.1417,1.0105,4.057
"GAL",9.1699,13.9693,21.9392,5.8525,2.844,12.9998,3.7734,19.3394,10.9105,11.1973
"CLEC2D",2.8127,2.237,2.3264,7.8416,0.8077,2.1735,1.4202,2.4276,1.5267,3.2507
"FUNDC1",27.1537,19.1362,32.5074,23.7313,22.9953,48.5357,46.672,25.1801,30.3842,26.8975
"MAOB",27.0116,30.1174,139.0304,41.9447,12.3728,64.1594,11.9528,70.1329,11.6326,33.5565
"DRD4",0.4073,0.7783,0.4872,1.2546,0.8637,0.7231,0.2208,1.1989,1.003,0.5846
"TGFBR3",19.4046,27.3516,53.6629,21.0432,8.218,30.9833,7.0873,41.3026,12.6937,20.3537
"PLA2G10",41.7982,35.0938,17.3831,27.3467,46.7381,35.6681,50.6872,21.3263,38.6709,43.3816
"ATP1B3",305.3114,353.3151,233.3015,356.8402,419.2191,275.2206,344.9262,274.7158,809.1894,386.2221
"NEDD4",4.6074,4.9304,13.709,7.6221,4.3794,8.7363,3.1539,7.8912,10.1632,5.189
"PIGB",6.9428,4.5243,6.3599,5.3403,5.3914,6.7076,5.5607,5.5003,6.2456,4.2049
"MAPK6",31.8148,57.399,31.37,41.0508,55.6622,45.7612,32.9942,46.4258,76.0804,32.3254
"GNB5",2.6867,3.4377,6.9674,3.5037,1.3364,4.7281,1.651,4.3598,1.2483,3.1947
"RAB27A",48.3524,36.5813,51.1315,37.456,41.9307,59.798,64.8703,43.0005,50.1622,28.0986
"HDHD5",27.7527,24.6673,21.7607,15.7647,35.1942,24.6417,31.2111,24.7058,21.5273,18.0707
"UFD1",10.9165,12.4013,11.2144,9.2239,12.1111,15.4385,18.0584,11.263,11.8195,10.5758
"LRP6",11.3885,12.5618,25.2844,13.0912,11.0394,13.1508,4.456,15.8495,14.0916,11.5394
"GUCY2C",64.7887,68.6711,50.4508,57.9839,75.8778,50.1827,64.1547,58.9655,72.9236,48.9952
"SCT",5.4237,5.2494,2.0855,2.2914,1.6431,1.3264,7.4356,3.4212,2.4103,6.6731
"PHRF1",21.4606,29.2439,24.556,27.0194,36.445,15.1023,9.362,30.0006,22.8744,28.0891
"ELP1",3.7608,4.3664,5.2412,3.9215,4.7063,3.5468,1.9564,5.8184,3.7364,3.8
"NUCB2",25.5029,19.2689,24.4107,13.8555,18.0249,25.3738,22.6157,21.3885,22.6784,16.7467
"PFN2",45.6419,32.7847,70.7597,33.2876,26.9527,73.7802,63.6806,49.7179,32.8149,33.5681
"PTPN3",13.884,33.698,11.8988,16.136,33.1133,9.1909,7.7134,18.0101,26.6057,17.8483
"DAPP1",4.6615,7.7625,2.6886,9.3546,1.2867,3.5298,3.7694,3.9206,1.7091,5.0382
"SMG6",7.2839,7.3811,12.2657,7.0496,6.7334,6.2865,2.6847,9.9367,7.0931,6.804
"EXOC5",13.4752,13.1259,24.0187,14.8097,11.7766,21.9847,10.9013,15.9907,13.8883,11.0381
"CLTCL1",0.8768,0.5916,1.1731,0.9742,0.6926,0.9563,0.5276,1.2953,0.9459,0.7138
"FSTL3",8.0623,16.9471,14.6478,8.047,4.401,13.6487,3.6063,25.7402,3.5792,17.4274
"DGCR2",87.7448,101.2447,88.3635,83.4194,131.4268,63.0269,47.1304,94.3558,107.2724,115.6238
"RNF126",32.7769,48.0389,21.7146,26.0988,54.9558,27.667,25.8093,37.918,36.8877,34.7663
"MNT",6.7917,10.6431,9.0352,7.0732,6.7048,4.526,2.2704,15.9011,7.6406,8.6792
"ZXDC",9.0919,8.2812,11.4002,9.1681,9.7157,8.6946,4.423,10.7316,8.952,8.9165
"JMJD6",10.7537,13.4239,12.6652,11.5978,11.7363,14.4939,7.8629,18.8075,8.7615,13.257
"POLB",8.2755,5.3798,8.8831,7.3017,6.9228,12.3853,18.0659,6.5355,6.2333,6.1977
"ST6GALNAC1",497.4355,236.8848,339.9199,235.9902,648.3166,301.1149,517.7887,280.6813,380.0927,248.0002
"WIPI1",30.15,19.9885,22.6183,19.0812,39.4787,24.7622,35.0054,35.0888,31.5045,21.2966
"GBA2",77.9375,66.7865,53.4815,69.0239,97.5897,49.4859,42.6062,67.3318,92.3377,71.2429
"NDST1",25.3593,27.4488,41.0735,34.4009,32.4291,18.3737,8.2462,50.3908,33.1285,32.1598
"AP3M2",5.333,3.7143,10.3998,5.4372,4.5751,6.5095,4.0032,6.0721,4.0907,4.8197
"PABPC1",343.7121,288.5107,385.3228,289.1312,366.174,302.5174,249.619,330.4581,275.0022,275.71
"CFAP20",30.9822,26.6883,28.7503,26.3094,23.8407,32.396,34.0953,31.0629,20.9972,26.6165
"CSNK2A2",7.0298,6.6048,12.87,6.8474,6.1021,9.7547,4.0236,8.5346,5.1001,6.824
"PTPN21",13.3304,10.8553,28.3775,19.3478,13.5344,14.0489,6.9747,19.9915,18.5751,15.1356
"EIF2B3",15.4877,19.9883,19.9925,12.0137,15.9909,25.2496,18.3459,19.6291,12.0565,14.7546
"TCOF1",10.3455,15.5367,14.4005,11.0369,18.2843,8.2747,4.5318,14.9962,11.9769,13.0321
"CDC42",63.4777,65.3226,68.1304,55.2078,67.4329,97.0709,103.65,56.7396,68.3297,53.7749
"OSBPL3",4.1818,5.3828,4.0909,5.8389,5.5203,3.6322,2.942,4.4167,7.7289,3.3821
"RAD18",4.9237,6.8656,6.1649,5.9538,8.0575,7.004,5.2679,7.2603,11.0621,6.0754
"ATP2B1",24.6728,76.486,35.3433,33.1209,63.5922,30.5435,12.1834,40.549,29.3099,43.8106
"TRPM5",2.9574,0.6969,1.0152,1.9963,1.2967,0.6066,0.6023,1.7901,1.36,1.6416
"NCK2",49.9333,51.6004,75.3123,48.2611,57.9893,55.164,28.4992,60.152,60.8072,53.6486
"MAP4K4",16.7683,20.0395,29.5999,20.7956,16.3101,14.7253,5.5865,21.8645,12.7195,17.6162
"MGAT4A",33.1905,28.8312,28.6592,37.3439,43.964,32.5339,31.1775,31.6661,62.8086,32.0339
"RPL31",462.6535,320.963,425.643,269.325,252.8958,682.1511,916.3783,351.1733,232.0995,348.1637
"WDR1",168.2045,329.046,228.7378,188.2979,303.163,180.3487,107.57,268.7755,228.9888,235.2876
"SNX13",9.979,7.788,17.5054,11.7136,9.3965,16.6205,15.3632,12.8727,12.172,8.0613
"MS4A12",583.04,272.7749,271.705,694.016,944.7925,787.6506,1310.1932,264.2408,1656.3817,118.6469
"ARHGAP10",6.0678,7.9588,19.7021,8.5169,1.7456,15.0646,3.2174,12.8348,1.5398,9.7814
"RPS6KA2",13.1203,14.4929,23.9419,10.1887,8.5369,14.779,4.475,19.2381,11.2649,14.9019
"ING3",9.7871,6.7294,15.1008,8.3441,6.8237,13.8495,10.8614,9.4254,7.2534,8.4476
"VASH1",4.4222,4.0066,5.8217,4.1195,2.0009,4.5614,1.8263,5.6864,2.1282,5.1883
"LMCD1",4.9786,4.7246,4.5985,2.6459,2.0909,3.7623,2.5561,6.5567,2.9939,4.364
"BUD23",24.327,29.4211,20.1402,18.0474,35.9252,27.4736,28.1585,27.0341,21.2686,21.2505
"SEL1L",53.466,58.9583,84.648,55.4971,53.6092,49.7605,26.9518,70.5532,65.2621,47.9497
"TRIP13",3.0852,8.6873,3.8559,4.9932,12.398,4.5312,5.932,7.4792,13.5367,6.8742
"ATP6AP1",77.3343,81.1025,60.5294,61.676,96.5624,51.29,42.7275,76.7621,94.9105,78.5224
"TCF3",32.6407,36.4112,29.9608,37.5531,44.207,20.3033,15.3262,32.9914,31.4482,34.4887
"TRIB2",10.2376,11.0875,32.696,16.1888,5.1908,14.8014,4.6669,19.2888,4.6804,16.4374
"DAZAP1",25.7071,37.7256,27.0733,30.2183,47.9003,24.9221,14.5462,42.4534,39.0121,35.7981
"MBD3",9.7262,14.1796,11.6968,11.2484,19.0567,9.5762,6.2443,14.9638,12.5134,15.6507
"HLTF",8.1946,5.2447,17.0262,7.4779,3.0687,12.2768,3.9506,11.2641,3.7883,5.6897
"FAM50A",65.536,58.2183,48.7156,45.3094,57.6858,52.8859,34.5217,61.2248,46.7917,53.7828
"CPSF1",38.7754,38.9351,35.5966,32.4916,48.6254,20.692,15.5384,45.3363,39.6977,39.5447
"CYBRD1",103.2958,80.3683,243.4155,81.009,33.6625,164.7557,81.3502,123.0604,54.802,81.2304
"PDCD2",20.571,19.2441,23.5591,17.0409,22.9473,30.0701,30.0742,18.7817,18.8063,16.356
"RDH11",22.2751,22.9667,24.3414,16.1125,30.5487,26.0144,19.3758,26.7436,49.6646,19.0119
"PRKACA",39.0345,34.415,50.899,33.6767,33.3892,35.4159,18.579,44.4072,31.4852,36.1609
"ADGRL1",10.8826,13.8396,17.3413,12.8166,14.2342,9.9928,4.1163,23.686,16.6562,15.0531
"ACTN1",92.0442,158.5157,302.6409,115.977,56.8817,155.5457,33.0734,247.4186,38.3794,163.859
"ZFYVE26",5.2855,4.7236,8.27,6.6963,5.027,3.9776,2.4247,6.4511,5.672,5.4563
"RPS6KA6",4.2057,3.2908,8.5135,5.7649,6.2571,4.628,3.2489,6.2053,6.839,3.5395
"EPN2",6.3223,6.2782,12.7401,4.7318,4.3015,7.8732,3.1834,10.285,2.9585,5.4364
"PTPN18",58.7558,53.3684,43.1072,68.5739,71.4279,43.1291,36.2444,49.2814,66.6449,55.8421
"LIMS2",36.2574,52.5098,112.2591,41.1371,6.0163,92.0118,18.2979,78.8748,5.6359,67.1438
"LNX1",10.9152,6.477,6.9405,7.1123,9.8352,5.5412,5.3984,6.8984,7.8619,7.9392
"ALDH3A2",21.2168,20.7779,31.8763,18.4502,26.4708,23.0678,16.7336,23.2726,26.2147,18.9828
"TFRC",62.0684,95.8643,41.9887,70.7669,165.681,68.2018,53.3791,75.0265,306.7365,153.7563
"SREBF1",43.8673,40.4029,23.7988,30.8333,88.8596,22.1477,13.985,52.0298,37.2689,41.3049
"AFF4",23.5864,37.2607,47.0964,31.1438,26.3506,26.7934,10.6948,46.8387,28.0471,23.1394
"UBE2D1",24.5496,25.024,35.1469,25.694,27.3741,42.9264,27.7923,19.8635,19.7185,19.3421
"MPP5",9.12,9.9967,13.4669,10.6959,11.8864,11.3315,7.8385,9.7753,13.6509,10.5466
"RHOBTB1",7.6751,5.2666,12.5289,8.8585,4.6016,8.3377,5.1046,10.9091,4.3938,6.4699
"SMC1A",25.8905,50.354,44.812,30.7088,41.3648,24.6594,12.8357,56.4427,46.2261,41.3664
"HSD17B10",212.7996,203.8514,123.8849,127.2867,250.8701,170.7983,225.1001,169.4957,170.8758,172.3095
"MARK2",25.1388,29.6207,20.4613,29.5883,41.6498,16.2544,12.0778,25.4308,32.0609,30.3333
"HMMR",5.8044,4.8076,6.4631,11.3223,13.0539,15.043,26.9577,5.3844,12.3533,7.0365
"CHFR",4.9744,6.5409,4.845,5.5023,7.6794,4.5481,3.4863,5.3445,7.2001,5.4927
"P4HA2",16.0272,19.3051,16.3146,18.5375,18.4584,12.0466,9.8225,18.1651,26.5347,21.1694
"NFATC3",5.3223,6.0058,9.0417,6.4071,6.603,5.5373,2.0175,6.5815,3.3024,6.7234
"TRNT1",6.0672,5.5186,8.9964,6.6864,7.8039,9.0054,9.0261,6.3675,6.8832,5.6583
"ACADVL",194.1671,276.0304,177.6682,227.4241,264.5013,159.1282,125.2085,270.6723,295.862,239.855
"STK10",14.5374,23.9202,13.2378,18.9695,17.2079,9.5739,5.4207,19.9782,9.5282,18.4993
"FBXW11",24.3163,26.7641,40.1747,25.974,24.1582,29.6075,12.1241,31.8977,22.0794,24.9439
"ACAP1",5.6299,4.58,3.4496,12.1826,2.1096,2.9776,2.5194,4.4155,2.0504,7.068
"CRMP1",4.127,5.0731,11.6708,4.4675,1.7479,4.6505,1.2916,8.7928,1.7876,5.6109
"EVC",5.4837,5.7084,17.8758,6.2844,1.9693,8.8546,1.6146,14.7214,2.0298,7.276
"DERL2",13.7196,15.2569,16.355,15.6369,14.1946,19.1527,20.9578,14.1215,15.2071,14.4351
"SIDT1",12.1708,13.2783,9.765,13.582,22.3882,6.9887,5.5681,15.0139,18.7274,16.4229
"NDE1",5.9766,7.522,10.0013,6.5822,7.3042,6.67,4.4129,7.8391,5.2652,7.7016
"IRAG1",29.2496,30.9909,105.3509,35.6687,7.3769,63.7791,11.6223,74.5883,6.4214,39.9072
"AP1M1",6.7809,10.7827,11.2921,7.4613,7.9378,8.3495,3.9321,10.5827,5.2679,10.134
"PVR",18.6214,35.0486,12.892,15.8119,24.6926,11.721,8.6966,18.913,16.6455,20.5272
"XRCC1",21.0641,18.7832,24.5767,19.4291,25.3282,22.5081,12.2437,22.5791,19.7447,24.1451
"SCARB1",18.0517,16.5864,13.0371,29.0572,22.2863,12.6482,10.2505,15.9449,23.2567,17.8908
"MCM2",12.2848,19.8885,12.1367,12.5575,28.3712,9.5196,8.5622,19.1397,13.4445,16.9909
"SELENOO",16.3416,14.5165,14.7391,20.8804,25.7245,11.9415,11.053,18.5463,20.2875,18.9173
"ALPK1",4.1454,2.1367,5.8292,5.4269,3.5877,4.3459,3.1354,4.3499,4.8086,3.1534
"LLGL2",82.996,85.6792,47.8887,76.5433,150.4017,51.4206,65.7974,79.7098,134.1934,82.9252
"PDE8A",23.9315,23.3986,26.1997,37.8714,26.3231,20.5232,19.8108,29.5856,33.2833,19.5988
"NLE1",7.816,8.8839,7.8974,4.9806,12.0761,7.6318,8.1122,8.9713,6.7009,6.8165
"SDHA",4.1848,4.2831,3.5147,3.876,4.114,2.7329,2.3143,4.4928,4.7462,5.1884
"SMARCE1",1.4894,1.265,2.346,1.3418,1.253,2.1825,0.9547,1.6707,1.42,1.171
"GSDMB",26.7875,10.6469,17.4003,36.0124,34.5416,22.1865,40.1557,10.3079,74.9176,14.7994
"KDM5A",15.1488,13.6799,21.134,16.3007,13.6074,14.12,7.1476,17.0724,12.641,14.5042
"PPP2R3A",7.4861,8.8943,23.8485,15.5689,8.6902,13.0149,4.8706,14.1687,12.4583,9.6872
"FERMT2",32.6803,36.159,127.026,32.8,5.6225,84.1167,16.175,72.4792,5.2432,40.9265
"DHRS9",48.5798,214.1123,35.3465,87.5019,171.497,41.1381,40.9231,115.5964,115.5191,75.1979
"PTGS2",18.6648,5.8899,17.9007,24.151,0.7022,39.9313,2.7574,29.0932,0.6321,12.1473
"IGF2BP2",29.4288,25.4341,17.6996,24.1533,36.6824,15.8534,13.7679,20.6154,39.7382,20.5022
"MAP3K13",11.1232,8.2278,10.1611,10.3096,10.7162,14.1955,13.7429,8.9488,10.0588,9.141
"ST6GAL1",61.4232,31.5539,34.4174,34.2908,49.9241,34.5027,35.7628,35.3476,33.0623,34.4819
"PICALM",66.6396,82.5298,102.8148,83.3106,75.8081,71.3853,29.3403,88.3982,89.0715,72.2514
"NSF",37.9456,37.2282,33.7892,34.436,47.0653,28.4994,20.2513,39.3291,48.1605,33.3226
"GLI2",2.0853,2.5724,6.9389,3.1907,1.0262,2.1087,0.5581,4.5867,0.739,3.4301
"CLASP1",11.1516,14.0939,26.8868,15.4224,8.8034,12.8955,3.4051,22.4854,9.6613,13.1063
"MRPS34",125.3531,142.7663,102.1285,90.3669,203.6244,137.3664,171.0065,117.1024,141.5699,129.8027
"NOTCH3",9.579,7.7606,16.4793,9.6403,4.2922,6.6167,2.6916,16.4502,8.4393,8.9268
"CLNS1A",47.6297,34.3218,47.7521,35.7322,43.026,65.6589,56.1751,41.0975,34.8712,35.2011
"TEAD2",23.6255,21.0973,41.6575,16.9111,15.9191,43.2872,23.2905,33.8531,8.5886,25.1684
"EED",7.7085,6.3888,9.4945,10.2143,7.8085,9.0197,10.6637,6.3371,7.0659,8.1064
"CDHR2",41.9894,60.9733,29.776,59.7081,83.5954,21.9461,20.13,31.8285,178.6274,68.8859
"TSG101",69.1276,73.6949,67.5966,60.1275,78.4732,86.4981,78.9221,61.9436,71.8447,61.1211
"NCBP3",10.957,11.5615,15.0658,13.1518,10.5163,11.3438,5.6923,12.9769,11.1268,9.3453
"ATP2A3",178.3508,232.2814,92.6998,150.4281,261.3976,67.4335,74.705,191.6815,189.193,212.0832
"CA12",115.1655,176.903,128.1851,246.6538,344.49,91.0473,75.2134,170.5852,373.2973,166.9748
"MGLL",55.9481,81.4892,86.7073,99.9891,87.3016,59.713,36.6612,92.8498,121.1749,84.7749
"NTN4",28.267,21.5683,41.5915,28.7337,19.976,31.8078,23.8735,28.9683,14.3591,17.7383
"BCS1L",15.5741,16.0603,16.746,12.395,20.178,15.5089,14.9883,19.2824,15.6179,15.2763
"NUAK1",5.6483,3.5764,11.9093,4.5468,2.5556,5.2212,1.9581,4.5165,3.6182,4.795
"DPP8",15.8354,14.7219,26.7141,17.5652,14.9298,19.8682,9.4719,18.3548,17.8405,12.9565
"SLC24A1",3.892,2.0985,4.3674,2.7033,3.0868,2.9868,1.7368,3.1522,3.1838,2.7048
"ZNF532",7.2987,7.6392,25.1282,8.7864,2.018,11.4165,2.5153,15.3419,2.6022,8.7129
"SCARF1",5.2814,2.4526,6.0475,5.6216,2.9537,3.9245,3.2624,5.9569,4.2352,4.0812
"LMAN1",63.197,60.6492,74.3807,44.9863,54.3591,62.3748,32.9921,64.7527,61.9809,45.4362
"HACD3",32.531,41.6849,38.4132,24.9114,46.8035,37.1981,35.7148,43.2891,30.1696,25.4455
"ENO1",342.1115,613.1003,323.9952,316.378,722.463,305.2261,224.2628,471.3358,614.8275,443.4883
"MYDGF",153.685,197.6136,88.1838,82.9519,210.3175,158.8495,248.171,159.6737,169.1528,136.4338
"TUBE1",5.039,2.7797,7.7521,4.8788,2.4323,8.4555,5.3503,4.6752,3.0971,3.1902
"ARHGEF10L",45.333,33.8666,34.4668,33.2322,57.2028,27.4454,25.6109,37.7635,43.1458,34.3756
"TACR2",61.8402,89.7716,207.6354,48.5693,5.1433,146.6329,19.6465,123.0657,0.922,92.8322
"ACTR6",17.4622,12.1852,22.9912,18.1556,14.8339,31.7974,23.2093,15.7134,18.8069,13.9166
"TIPIN",3.9245,6.5139,6.3746,5.0604,6.4862,8.7739,5.1793,6.8407,5.6992,4.7491
"SRI",207.8732,207.109,141.3598,209.0703,233.9968,268.0417,387.1052,184.8999,171.3771,190.3878
"EIF4G3",26.8096,30.368,40.2958,35.7882,35.6761,21.4323,10.7559,39.9889,40.9982,28.6118
"NUP37",13.51,11.5851,15.122,11.9861,17.0696,19.5137,25.3909,11.7451,14.9254,11.2472
"SEMA3A",6.2173,7.0597,27.9897,8.9412,1.1824,18.9973,3.9664,14.0454,2.0539,8.4795
"GTSE1",2.663,5.3577,3.6228,6.5384,12.5612,4.2785,5.7538,4.4011,9.4208,7.6179
"SEMA3C",70.3106,59.5326,175.3938,68.648,40.6003,111.5547,35.9596,91.1242,44.4905,57.4066
"ACAT1",44.1558,38.3433,54.1097,41.6882,52.3756,53.7592,50.7595,45.1459,59.9993,39.5605
"CELSR1",4.5594,4.1004,1.2591,2.8732,2.7651,1.435,1.2147,3.7309,1.9112,2.5126
"ZNF638",14.7228,12.8939,26.9755,19.7108,15.9896,13.5479,7.2858,20.8974,16.3381,14.9095
"TIMM21",13.302,10.2889,17.361,10.9725,14.9857,17.2137,16.2249,13.7083,11.7707,11.9983
"RASAL2",3.5196,4.7087,7.0432,4.0332,4.8639,4.2518,1.8839,5.4637,5.9918,3.7235
"VPS9D1",9.1363,7.7742,9.8529,8.0516,11.515,7.3808,6.1527,9.4289,11.7197,9.6746
"ZNF37A",2.8195,2.7778,7.5543,5.0828,2.6938,3.2501,0.9549,4.2616,2.6253,2.9077
"MARK3",6.7862,6.5851,9.0097,7.7708,7.0004,7.0896,4.2674,7.1662,6.6799,6.4709
"SLC25A3",174.6033,215.2759,205.7623,143.9427,243.3354,216.7744,172.6776,212.3873,222.6356,196.5173
"FOSL2",163.2373,132.4602,55.5347,141.2441,95.9296,49.9419,21.0662,264.5994,127.6534,139.2447
"CACNG4",0.3128,0.5187,0.944,0.3784,0.2278,0.4327,0.3145,0.8125,0.0663,0.6771
"FRYL",23.4007,20.1086,31.0146,32.3045,35.293,14.288,14.6922,28.8726,37.2353,20.1558
"TMEM131",23.7258,27.7062,34.6603,35.6602,38.4908,15.3652,10.8823,36.3911,43.6109,32.9572
"FSCN1",20.9889,20.2982,18.0652,18.5929,8.9436,14.3139,8.9247,27.7164,10.6251,31.5098
"ACTB",3367.2411,6845.2356,6479.185,4807.6005,4911.6423,4638.6547,1832.2696,6432.4109,3816.1111,6095.0344
"MOCOS",2.9016,3.7489,3.4082,2.5815,5.4391,3.1486,3.1447,3.8208,5.9212,2.9155
"PLD1",10.5334,8.4522,10.7834,12.2131,14.0946,7.1433,7.2321,9.6597,21.7998,12.0376
"WDR62",0.8409,2.1047,0.5589,1.8652,3.2731,0.6319,0.743,1.6126,2.8501,1.5832
"DLG1",14.8288,14.1315,21.55,16.543,15.7575,16.9777,10.3248,17.4884,23.6394,13.0793
"RAB7A",128.0531,130.0109,135.7985,114.6057,140.0139,136.39,99.131,111.6698,141.9111,114.3946
"SEC31B",1.5089,0.5421,1.613,2.8483,0.7262,0.9282,0.5514,1.7612,1.7677,0.579
"SART3",16.3697,17.139,19.6784,15.9495,20.339,13.4904,8.6714,18.4007,15.885,17.9317
"ARHGAP15",6.3274,5.1999,7.1615,7.2907,1.4811,8.0849,7.8116,5.6496,1.2415,5.2655
"EXOSC7",11.9049,13.236,10.1754,8.7592,13.2369,13.3549,12.0487,11.592,9.3569,11.0603
"KIFAP3",24.2949,23.2111,30.061,24.5598,31.666,22.129,17.4581,26.475,16.6022,20.9253
"MKRN2",10.5033,7.36,13.549,9.0167,8.9473,12.8767,9.2696,9.8197,7.1925,10.1306
"MCM6",19.4288,41.7735,31.5028,33.2649,49.873,27.0529,20.5203,38.8869,28.7251,33.1557
"REXO2",21.7173,19.5814,27.6745,16.366,15.3517,31.6458,25.4627,22.4041,13.9373,19.5585
"RBM7",12.6309,9.9061,14.1439,11.3113,8.4826,20.3906,16.6797,11.9685,10.5517,9.7018
"RBMS2",16.2649,14.9458,23.0738,15.6928,12.1519,14.6712,7.4515,18.3,17.7962,16.0056
"BAZ2A",38.8832,29.235,39.5712,44.3115,37.3812,21.3794,12.0566,38.2494,40.054,32.2191
"PTPN23",32.459,36.2856,35.0813,25.9837,44.9935,18.5014,12.0931,38.4365,30.5814,33.2
"MLH1",12.2981,14.3443,16.2984,11.2662,13.1273,15.835,11.4781,15.1149,10.0316,12.7265
"UNG",76.5556,65.5815,62.164,47.0509,99.1821,64.8146,59.1503,73.3804,55.5666,58.0709
"FMO4",9.5995,5.1805,9.0982,13.4241,8.4432,8.7829,6.7281,8.8909,14.4948,7.8991
"KLHL20",16.373,10.5474,29.4229,17.4655,9.017,22.4308,11.2618,18.6947,13.0322,12.8073
"SLC46A1",2.3185,1.6222,2.9536,5.4266,0.8874,1.959,0.9251,2.5619,3.2576,2.8749
"PLXNA2",17.8606,29.7082,16.4934,20.9147,34.6908,9.5971,5.7313,25.7896,30.505,30.6915
"SPAG5",5.1061,13.2088,5.6936,9.2826,20.6581,6.8637,6.9237,11.3911,19.8172,11.8412
"TPD52",76.8536,82.0756,65.4737,63.428,104.3597,96.6915,92.5489,60.5094,108.5288,62.897
"ACACB",12.6964,9.9061,33.5466,16.4783,8.4775,18.2941,5.0683,24.7913,11.4665,13.0995
"TRAF4",44.1593,42.8815,17.9908,29.4364,42.5342,34.6838,50.7939,37.9402,36.0758,37.4638
"PAG1",15.0663,22.4673,20.6246,35.7475,35.126,13.6434,13.1642,18.4336,40.0326,24.3553
"GPATCH1",8.4583,15.0423,11.6798,9.7595,10.4647,8.0314,4.717,14.8281,9.7164,9.6677
"NT5C2",9.4394,13.2386,11.3354,10.9238,12.2547,11.2418,8.0604,11.0642,12.5314,7.9092
"MCAM",42.1716,64.7184,133.967,47.489,11.1013,79.788,18.3186,95.0464,12.6619,63.8869
"GPC4",27.2336,29.5748,56.8499,28.4059,25.0387,32.453,14.6376,52.3204,17.8323,31.9975
"MBNL3",10.8368,8.7535,12.8289,13.8135,15.9171,10.695,9.9552,11.5976,22.4354,9.4994
"CAMSAP3",23.6777,34.106,13.9254,21.4234,51.8197,10.2378,12.0527,22.3896,32.286,30.1637
"RAP1GAP",34.4699,20.594,22.5873,13.9793,37.3274,30.7257,18.0152,29.5316,14.2505,18.7908
"XAB2",30.1523,29.3857,34.4003,26.939,34.1874,26.4569,15.8851,34.2507,24.1309,32.1271
"ARHGEF1",30.7233,31.7281,21.2104,35.3322,31.457,17.1511,13.7284,29.4165,19.6259,27.5032
"STXBP2",21.3869,23.7612,10.1318,21.7775,33.2351,13.4982,13.157,17.336,28.5264,22.9786
"MAP2K7",21.5161,18.0715,27.3974,22.1374,20.9512,20.13,12.1371,22.1488,17.7882,21.5504
"DGKD",20.5618,28.0261,16.9952,23.8983,38.0921,14.2223,8.8554,29.3478,31.5286,25.1973
"CTTNBP2",3.3845,1.6306,4.8271,2.3456,1.5502,3.237,2.1022,3.1215,2.0807,2.1258
"RARB",4.1201,2.7433,9.4455,4.0955,0.7143,7.7794,1.9545,4.8677,0.5573,3.6721
"TOP2B",68.9391,85.0439,125.459,90.2475,86.0204,77.2778,32.476,102.0393,66.7837,77.7695
"NFKB2",24.8342,46.4876,34.983,33.0462,18.6397,22.6283,11.1093,37.2208,13.8844,26.8057
"UBE2T",13.5994,21.632,10.8457,13.9987,31.39,26.2785,44.7418,18.9031,28.7311,21.6848
"PPP1R12B",62.8036,80.4825,256.3254,89.6444,22.6026,140.031,20.7878,167.3175,20.9031,87.523
"DNAJC10",11.9411,15.0247,15.6598,11.9056,14.846,11.3732,7.7888,15.3683,15.1608,10.5913
"GTF3C1",19.1887,25.3099,21.6951,20.158,27.0889,11.7335,6.3412,30.1129,22.1226,24.3628
"IL4R",51.3765,67.7283,68.8863,77.9789,52.5032,58.7472,24.9771,88.9192,53.3823,68.5148
"USP33",28.896,20.348,41.0818,30.6411,25.3887,40.0382,31.1711,26.8087,30.731,22.5113
"CAPN6",14.3081,13.3501,47.2078,14.6307,9.9238,10.8864,2.3461,21.9238,13.1915,14.5561
"SNRPA",42.4133,55.9883,49.8442,49.3015,78.4403,41.6435,37.0188,59.6095,63.6467,56.7958
"EXOSC5",36.7926,35.0893,26.3949,19.1075,46.4005,29.6939,43.8542,36.5239,20.3309,31.507
"DYNC1I2",44.8222,49.7485,72.9971,40.141,40.8348,59.6987,39.6215,52.5996,46.1906,42.8483
"APBB1IP",12.8983,10.6117,9.5624,22.0321,3.6108,6.8585,4.7954,9.9302,3.7733,14.493
"LRCH4",5.2755,3.9916,2.6588,5.1969,4.3583,3.0608,2.2727,3.7854,4.4646,4.8014
"SIRT6",41.826,77.8435,30.7593,47.6251,101.829,38.6057,42.9957,41.9156,102.6728,72.1984
"POLD3",14.808,32.7228,16.2022,13.1322,19.124,20.6029,10.7732,30.7508,20.5118,14.4506
"CAPZB",48.6758,52.5936,53.5104,42.6984,54.8927,52.4917,34.6483,55.4152,43.1799,51.5915
"JADE1",5.2171,5.5258,10.9268,5.8252,4.2488,8.5212,2.878,6.8003,3.3264,7.1737
"SLC25A43",29.5003,19.6763,32.4889,28.6562,42.4339,32.8217,28.1599,29.7363,52.1372,27.6911
"UBE2A",45.543,43.2079,56.2841,60.5003,55.0693,68.9163,75.049,48.0699,62.4229,51.916
"FGFR1",15.2695,23.2916,37.332,16.5648,5.0891,21.4517,4.9345,35.5967,5.3518,23.3012
"FBLN1",131.0618,153.4608,249.3069,174.2644,57.8554,129.2061,43.059,270.0347,83.8503,161.1832
"ITGA8",5.0804,4.2364,5.9693,5.732,4.9261,3.9502,3.6586,8.149,8.4218,5.3664
"CST7",17.4386,24.315,8.1051,24.5178,7.4367,14.4428,15.1775,30.3553,3.0237,21.2615
"PIAS2",3.5008,3.2856,5.5051,4.4334,4.3429,5.1372,3.0848,4.3315,3.8501,2.9938
"ARAF",90.0701,86.0411,70.493,71.2587,112.9407,66.2935,62.6708,85.8389,79.8213,88.2261
"MCCC1",27.0967,16.4312,21.6288,14.7128,26.1738,19.0252,15.2232,19.4477,14.2817,15.039
"LAMP3",4.0378,5.7238,2.391,7.9011,2.6386,2.6011,2.1717,9.2153,5.5268,7.8826
"FAP",1.1698,0.3582,3.5815,0.7676,0.2136,1.8023,0.9228,0.9951,0.2161,0.5111
"NEBL",5.7952,5.8407,4.7477,3.9081,4.416,5.3625,4.6786,4.6718,5.0942,2.8548
"ACER3",12.0872,13.2907,12.7017,12.769,18.991,13.3335,13.3648,13.7494,19.9457,13.617
"UBE2K",57.9164,69.1527,88.2545,63.6368,79.3361,93.6993,56.8713,71.8421,88.998,58.7037
"PIK3C3",7.1429,5.772,10.3284,7.6372,6.0232,8.5391,5.3661,6.9013,6.571,6.4106
"N4BP2",4.3773,3.7723,6.1681,5.1596,3.1517,4.4959,2.6892,4.6503,4.7894,3.0884
"TIGAR",0.8955,2.0579,1.723,1.3719,0.8999,1.6828,0.4703,2.1745,2.106,1.3227
"TULP3",16.3776,12.5275,32.6949,13.4829,10.1951,18.9475,8.8415,21.2614,10.8676,14.2889
"SYNJ2",9.0882,15.4841,15.1832,11.6029,17.9601,7.2957,4.8353,13.6836,18.6812,9.5715
"PPP2R5C",33.6986,35.0394,48.6655,32.274,28.5758,44.7747,26.3787,40.7458,26.1023,27.2127
"GNB1",188.4843,218.0754,240.9769,180.3923,213.2282,196.5642,114.6156,222.3882,229.7385,201.3502
"HOXA9",5.9795,5.1296,14.9794,9.0404,13.6304,10.0448,8.5677,4.9735,8.7782,8.2372
"EDN1",25.5845,17.5347,33.5557,26.763,22.1082,21.4851,31.5,10.1956,14.1734,34.4716
"MLLT10",9.7144,6.0544,14.2076,9.3975,6.7684,11.2419,8.5749,9.9886,6.1881,6.3604
"ZCWPW1",3.1015,2.1285,5.5653,3.6779,1.751,3.6681,1.7981,3.2702,1.5284,3.1114
"NRDC",35.0129,37.7178,50.0729,39.6052,40.5785,37.0382,17.4999,46.8568,41.3566,36.7953
"VDAC3",102.4478,104.1462,142.5658,92.0711,122.1886,179.3644,184.5536,116.1238,115.4575,103.2534
"PCM1",22.4338,19.8762,41.4276,24.9003,22.3065,22.7544,10.4302,27.8686,18.8442,20.2113
"TNRC6C",4.1081,3.6894,7.709,5.0847,2.7441,3.3141,1.0262,6.3737,2.7242,4.2322
"CBFA2T2",14.8085,8.7985,21.0337,14.3218,13.8201,9.6318,6.8204,17.2996,13.9424,12.281
"ITCH",22.017,23.6426,32.4531,23.0964,25.2644,26.5376,17.6146,23.1734,28.9426,18.8542
"TP53INP2",124.4882,205.906,126.325,158.733,198.5175,103.4919,41.1795,212.6142,204.2301,153.4353
"SDF4",133.1579,150.8484,98.4659,100.703,181.6759,114.1579,109.2305,133.5938,157.1073,143.8335
"MYH7B",0.4509,0.4121,0.6429,0.4932,0.524,0.3008,0.1447,0.8343,0.5188,0.4819
"TP73",0.4141,0.6827,0.2702,0.5789,0.4044,0.4697,0.4604,0.5632,0.5386,0.7323
"TOLLIP",36.7836,38.5978,38.0443,32.1561,44.6525,37.6141,25.1288,41.4106,29.0307,40.791
"UBE2D4",4.9485,6.3742,9.5582,5.8793,4.8779,9.2894,5.6941,8.1161,4.0333,7.74
"CDH17",513.5743,774.1085,429.1573,607.8943,1122.6959,346.7278,374.4928,579.35,1147.4869,585.9201
"THOC1",4.9296,4.6402,6.8825,6.4711,5.3692,6.4777,4.4428,5.1217,5.0661,3.829
"XRCC5",152.5138,184.1626,190.022,136.4826,181.2672,180.7132,107.8746,184.5385,138.0255,148.0526
"MKNK1",10.5031,9.1975,14.8486,11.2093,9.0724,12.083,7.392,14.0864,11.4769,9.1968
"TNS1",118.5086,175.8445,520.5133,124.3496,16.8426,278.6603,34.6495,316.3826,14.9366,173.6313
"REXO1",16.9751,19.3497,12.2726,16.5807,19.898,9.949,8.0679,22.2568,16.2056,15.9417
"SAR1A",38.543,44.2139,56.7599,35.0714,38.5496,56.4873,31.9945,46.6514,36.7312,34.925
"CDC14A",7.8489,5.5057,10.6017,12.0804,8.7401,8.9787,9.4496,5.0815,19.8035,9.0947
"RAPGEF3",2.365,3.0747,3.0657,2.0472,2.8953,2.5742,1.1663,2.8419,2.1534,2.456
"CEACAM1",140.9222,517.9793,117.893,350.5984,572.4019,115.2233,90.8895,245.9506,911.1207,309.3939
"SENP1",8.1157,8.6068,12.335,9.5485,7.2722,11.1198,6.6247,8.9167,5.9358,7.3451
"CIC",22.6064,21.5497,27.7783,21.3831,21.5142,15.7182,6.5424,34.6206,17.9443,23.1452
"LIPE",6.7418,2.7162,5.9691,3.7219,2.6422,1.9226,1.2074,6.8097,2.1648,3.9307
"FDFT1",101.3089,82.679,87.7899,78.2857,158.1809,98.6136,95.5511,109.0452,376.3409,92.1129
"PAFAH1B3",25.059,24.4356,17.136,15.3949,38.7098,24.3108,36.6721,24.2077,28.3114,26.1912
"OPHN1",4.8872,4.5623,9.0521,4.1999,4.1907,5.1943,3.0322,6.2554,3.8596,3.6756
"KIF22",25.4659,30.3128,24.0461,30.2468,51.2228,24.4019,27.5863,35.1508,45.1058,37.1903
"CARMIL1",24.1077,32.1946,23.1435,23.3362,39.7825,14.1401,11.7819,24.5605,35.74,20.1036
"PGM1",82.8818,94.4516,98.7677,95.4128,125.2373,90.1851,76.1759,114.0753,103.7272,92.2601
"DDX1",33.5197,38.3682,48.1218,30.3993,40.4228,46.3981,31.0598,37.8003,33.198,31.5931
"DNM2",78.3349,78.7233,55.9374,81.3302,116.7356,49.3743,42.2554,80.2298,113.7974,73.7128
"EPB41L2",31.0154,43.4574,66.8505,30.3359,43.3997,38.7608,16.9579,56.6727,40.7403,45.8765
"MOXD1",7.3348,8.428,16.6095,8.4083,2.4361,8.7273,4.8737,13.8022,2.8977,10.1893
"STX7",15.5688,10.6219,26.9102,18.5943,10.0384,25.6024,15.5218,14.6606,13.1234,13.1952
"RABL2B",4.6786,4.0352,5.9032,5.0698,5.4977,5.3759,4.1791,5.5463,4.9144,4.0985
"KEAP1",62.0221,65.613,66.4173,49.418,80.7508,63.9178,48.1081,63.6241,44.5536,65.0541
"PTPRH",64.5208,76.3805,46.0749,114.2501,162.986,47.2087,51.842,72.4679,175.8566,105.1023
"SLC35C2",22.577,21.3625,15.37,16.4574,26.6363,17.7813,16.3575,20.3805,16.6434,19.0924
"RFX3",2.9784,1.645,3.724,2.7248,1.7583,3.4079,2.2494,2.5874,2.2915,1.6684
"RIF1",5.1432,8.126,12.0066,7.5553,7.747,6.3371,2.7405,9.3877,6.1721,6.0211
"RAB21",9.4948,14.1451,17.4932,13.5421,11.8931,13.2262,5.6054,17.5759,13.9043,11.3929
"SLC4A4",75.2439,86.8868,97.4257,103.8867,143.038,60.718,60.9089,86.8094,228.7727,104.8726
"SMARCA2",20.7583,20.9286,32.8046,23.2691,18.7826,18.7769,7.3331,27.0664,19.7084,20.814
"SESN1",21.6369,13.2205,27.3473,17.3722,12.4702,25.5377,24.7892,14.3769,17.5157,14.2831
"MID2",4.1273,5.1736,14.8604,5.1356,2.1865,7.9328,1.641,9.2489,1.7518,4.9883
"COL5A3",2.2757,4.7205,8.14,3.0873,1.7131,1.5315,0.9578,6.5312,2.827,3.4169
"SRCAP",0.7654,0.973,0.8107,0.7177,0.8939,0.5057,0.2526,0.8767,0.7782,0.6848
"PUM3",28.3328,42.3271,25.6512,21.4305,51.1315,25.4287,19.1682,30.9797,32.7979,25.7591
"CNOT4",8.8218,7.215,15.229,10.2785,8.3764,8.4289,5.0482,10.126,8.1627,8.415
"PSEN1",38.8671,56.623,43.8641,39.9174,60.2711,40.6663,27.4704,46.0805,58.1204,47.5242
"CPOX",15.1685,9.4358,19.6899,13.3621,14.3422,11.9339,12.6827,13.9824,29.8682,10.6932
"CLDND1",30.1555,18.0498,43.7416,25.9096,12.6996,56.9285,50.5001,28.7502,17.4294,21.5688
"MOK",1.1917,0.8458,1.3729,0.9188,0.8785,1.4607,1.2068,0.9058,1.5363,0.841
"HSP90AA1",433.6356,795.6104,520.4841,386.7232,519.1695,470.7413,309.0025,592.3098,368.4271,439.5832
"RBL1",3.7464,4.4488,6.8453,5.6535,5.3932,4.2041,3.8176,5.4475,5.3349,4.3247
"DLGAP4",17.8723,19.0518,33.0483,17.9126,15.9103,18.4075,7.8099,27.3109,13.2139,21.9401
"NDC80",4.3003,7.1118,6.4303,9.7075,15.2124,7.329,8.58,5.4805,12.218,9.5568
"AP4E1",6.1307,6.7656,9.9071,8.1331,6.7772,7.5582,3.3623,8.0106,8.3182,6.4155
"RSBN1",15.8456,12.0387,25.9132,17.7413,15.0052,20.1563,14.4557,14.3363,13.6654,15.1245
"MAGI3",14.737,14.332,20.914,17.628,21.1086,11.6918,8.2882,17.1669,25.333,14.7788
"CXCL2",29.3345,7.5965,8.9582,16.8116,2.1638,14.4174,5.5005,40.5484,2.3239,11.4093
"TCF7",4.1641,5.5662,3.3783,8.9114,3.9723,3.3565,2.4958,5.3542,3.2816,7.6356
"OSTM1",20.7506,18.1187,37.6469,23.9637,11.7581,43.5576,23.6777,24.7796,17.1572,19.523
"PCNP",114.9703,87.802,204.6519,104.3718,85.8752,244.8356,178.1015,119.2418,86.1865,86.6243
"EXD2",16.1786,10.8692,20.5509,12.8936,15.6473,15.3731,12.6272,15.964,10.6022,11.7528
"ARG2",1.7175,5.0914,1.721,0.8905,1.1983,1.2558,1.0158,3.1748,1.4224,1.6724
"MEF2C",9.283,7.8735,17.4584,13.9315,3.5291,11.1452,4.1844,11.2972,4.5501,10.091
"PTPRC",28.7447,26.1618,19.8421,57.8359,6.4523,18.2389,12.7981,21.9786,7.8651,32.0533
"PKP1",0.2133,0.3676,0.3238,0.2426,0.7576,0.1498,0.1708,0.3579,0.1531,0.4903
"UBA5",12.2247,12.2619,17.5534,11.6931,13.3897,14.6649,9.1568,14.5829,13.959,9.5474
"STK17B",29.1184,44.0746,23.7792,54.4946,30.9546,32.3262,30.621,31.3735,37.4711,33.3563
"CDC14B",8.7929,5.6775,13.9018,7.6659,7.3295,8.4737,5.2779,8.7061,8.0941,5.8493
"ZNF510",4.9128,3.6948,11.4402,5.5088,3.6573,7.5414,4.859,5.5959,2.904,4.5333
"JMJD4",2.4911,3.1257,2.7117,2.8281,3.0044,3.7368,2.9343,2.5023,2.0934,3.182
"DUSP12",18.8509,17.4488,22.6718,17.571,22.318,26.1778,23.7771,18.9246,19.1126,15.9074
"AACS",9.3254,10.9318,6.258,6.3028,16.3902,5.8676,5.2366,10.6524,24.4499,7.6628
"DELE1",40.5341,24.6206,40.0238,31.2614,41.533,32.1973,23.8423,36.1944,31.0087,29.7323
"CADPS2",11.2692,10.0276,13.8449,7.4204,10.6063,10.3403,7.155,12.8476,9.785,9.0424
"HSPB11",13.4731,9.8392,14.7794,17.0655,10.1908,24.3447,23.464,11.3218,11.5457,11.7799
"PHLPP1",12.2195,12.6017,13.0793,10.0871,14.7159,7.1689,4.5922,15.5202,10.8733,10.3454
"ATP8B1",167.0383,144.4225,150.3222,165.4596,284.3124,120.8709,106.1792,160.8573,268.9125,134.2465
"SMARCD3",8.1091,5.1707,13.5104,6.0337,1.4837,15.5705,8.2745,12.4602,2.4002,8.5524
"WDR70",12.4982,9.6885,15.8786,9.1485,9.7671,16.1253,14.7597,12.6585,8.6564,10.3741
"FYB1",10.3758,5.6211,6.807,12.0895,2.4489,6.9412,3.7191,6.7908,2.9727,6.9503
"STRADB",24.2932,20.3073,22.9037,33.3372,33.8841,23.132,31.6949,19.3756,42.5997,19.8221
"BZW1",38.5559,60.4949,35.1633,31.9204,46.5185,60.042,46.2842,49.3151,53.4137,33.3972
"ME2",13.6356,14.8774,19.9422,17.7838,20.2517,15.5804,10.133,18.0891,16.713,13.5825
"C5orf22",18.0502,20.5432,27.2079,19.4409,23.139,26.364,13.9583,21.3324,24.6163,16.8202
"CCNT2",11.8706,7.584,18.9652,13.6207,9.6654,16.8429,15.8772,9.3489,13.9786,7.651
"EPB41L3",13.192,13.9157,23.5818,20.9943,17.474,14.4777,6.66,21.4959,38.9472,18.9419
"COBLL1",4.5196,4.2689,5.9867,5.3324,5.0592,4.2105,1.8485,5.4938,6.0566,4.3391
"DLG3",30.2231,41.1439,29.7936,32.9934,41.9018,28.0043,21.639,37.8572,52.094,29.3052
"SERTAD4",8.1305,7.135,28.1426,8.552,7.4788,17.701,4.3143,11.0792,3.0421,11.8808
"TRAF5",6.5444,5.7796,11.6015,12.7747,4.8696,8.6526,4.2763,8.6474,5.2697,6.202
"MRPL22",13.6069,12.2258,14.6393,9.6451,15.3878,20.3671,28.473,12.3876,12.5391,12.6007
"GEMIN5",9.6399,13.6418,17.0712,11.3847,14.3688,10.6311,4.2988,14.2731,6.9636,11.9535
"NFE2L1",168.5478,153.0352,220.3835,179.9926,179.4913,141.8658,77.3441,185.3181,208.5819,192.3654
"GSK3B",9.7663,11.4394,14.435,10.0025,11.6605,9.6907,4.5885,14.3613,13.0401,10.1989
"ITGB5",50.0131,60.1661,77.3962,44.3417,55.9525,53.1882,29.304,69.9732,50.8878,58.8127
"ERC1",11.6667,15.8307,28.0192,12.458,12.7124,12.5619,3.5741,25.4438,10.3779,14.4282
"XPO1",14.6701,14.6897,20.4772,16.1538,15.6553,15.5316,10.6012,17.4594,16.3043,13.5222
"RNF13",55.1212,40.1109,68.3106,40.4789,35.1277,103.2318,72.9135,46.9885,40.5396,40.1189
"PALB2",6.4283,5.772,8.3191,5.7127,7.6772,7.6917,6.3399,5.207,5.9759,5.3826
"DOP1A",6.5271,6.7663,9.8921,7.8291,6.2522,6.7527,3.656,8.4043,7.4545,5.185
"LYRM2",19.4848,10.8036,17.9139,11.9137,14.3852,26.2992,29.2517,14.1611,14.7516,11.0377
"BCKDHB",25.453,18.2216,36.9381,22.9076,28.0825,31.6103,26.0047,24.3646,25.2644,16.4201
"KAT6A",7.9212,7.5747,12.3964,9.4321,7.4281,6.5021,2.3476,9.1112,7.5028,7.3335
"TUT7",17.4623,15.2483,17.3777,20.8005,15.5779,11.8357,8.0849,17.8271,17.8987,13.4145
"ULK2",6.7371,4.7837,14.9422,6.3894,2.6567,11.7209,3.7485,10.0837,3.0513,5.3721
"GRHL2",20.5188,15.15,13.456,16.9997,26.2881,10.5018,11.324,18.6689,16.7693,15.35
"TNPO1",27.337,29.4072,44.2298,29.0824,28.1949,34.1814,21.9454,29.971,30.6448,23.3118
"PLOD1",46.5196,45.8035,61.3604,35.2431,40.6865,43.2197,27.002,60.9874,52.6966,49.3869
"ITGAE",6.204,5.3084,6.0508,6.9601,5.9346,9.3702,12.0089,5.8124,4.3448,5.2228
"DIS3",11.9801,11.3943,15.9457,11.6174,10.024,13.4938,8.4124,12.5104,10.0483,9.59
"PIBF1",11.6052,8.7801,19.512,11.302,8.4793,15.0257,10.977,10.8923,9.8787,7.6952
"TDRD3",8.3484,6.5297,11.6268,8.3485,8.605,10.9697,7.2281,10.2772,8.1639,7.4561
"NUFIP1",5.0358,7.4157,8.1957,5.1734,6.4434,7.1952,3.886,7.0115,4.6906,4.9839
"PDS5B",8.7346,9.6721,18.9592,10.2194,8.5384,11.8807,5.1325,11.8083,9.2656,8.8151
"OXCT1",29.6467,32.4038,64.2123,28.5882,41.7028,39.4792,25.1256,39.5416,37.0488,30.8578
"RRAGB",14.1479,11.1871,23.7708,14.2056,7.7814,28.4959,16.3345,15.7519,9.1059,11.4645
"CYLD",13.1017,11.7006,18.7033,15.4647,8.2521,14.3288,6.5512,15.7781,10.1067,12.8369
"SLC27A5",1.0157,0.8866,1.7542,0.7697,0.718,1.8644,1.8338,1.4774,0.8393,0.9134
"ZNF324",3.7056,4.2562,4.5836,4.6017,4.0013,3.4901,2.212,7.1394,5.526,3.8914
"ZNF416",3.9634,3.9016,9.734,3.5518,3.113,8.0415,6.6681,5.4697,3.5494,4.6244
"ZNF446",2.1369,1.9489,2.3774,2.117,2.3665,2.2274,1.3208,3.0083,1.3129,1.8404
"ZNF264",4.3944,5.093,9.9423,6.3956,4.8582,5.7343,1.9942,6.1959,4.837,5.4082
"RPS5",663.1405,435.588,501.75,298.2328,495.4566,890.3078,2015.8267,472.159,297.8727,486.1308
"FAT1",32.4184,78.0583,69.3898,52.9822,84.085,22.2202,14.9252,70.2312,93.011,49.2176
"YTHDC1",33.3709,26.8934,48.2608,34.2209,27.247,33.1007,16.9472,35.785,30.1947,29.9744
"CHMP2B",36.7847,58.4142,43.0063,43.4993,47.9626,64.8724,44.9466,41.5121,46.9298,38.3116
"SMAP2",57.2108,70.7357,41.6831,62.2336,40.9215,42.0007,27.4659,52.9581,47.2218,47.9059
"PPIE",10.6705,10.1101,14.6603,9.9003,10.165,14.2652,13.8194,11.781,8.7829,9.5776
"ZMPSTE24",65.2565,75.4909,78.6401,61.9749,76.38,77.2131,58.2634,69.5233,85.0898,56.7137
"STARD7",115.7138,124.3886,116.8037,107.5492,161.4172,116.4403,95.6055,118.9758,118.5705,112.8498
"NOA1",50.9436,39.0707,53.1253,32.57,58.1896,48.1975,42.5595,42.93,40.7267,36.1656
"REST",10.6891,11.926,23.0768,13.5076,11.7792,13.9502,6.6445,13.0015,11.0587,11.7031
"SSH1",11.9107,11.1802,18.0714,12.0574,8.5475,9.9395,4.1038,17.7703,6.982,10.4459
"GSTP1",515.5299,576.2705,344.6657,297.4291,662.8203,486.5749,568.2382,494.4517,360.7058,512.3816
"APLP2",267.5513,250.3933,330.8667,256.4388,294.3955,230.0092,164.4061,314.2534,378.355,236.2295
"WBP11",50.5173,57.1292,61.006,47.0053,59.6673,54.6395,31.4935,62.522,54.1317,47.996
"EIF3I",54.8182,65.1827,47.0372,37.7262,70.118,63.9338,70.6727,59.7591,48.7728,48.1583
"COL16A1",8.1318,10.496,17.3382,11.3323,5.2566,7.8334,3.1666,19.5859,4.6243,11.6815
"TXLNA",35.553,43.298,47.3691,38.342,58.2396,34.1374,20.0789,45.6943,40.0066,38.7493
"NCOA1",27.4457,27.1434,41.3176,30.1996,26.4631,24.0925,11.0266,36.9208,30.9501,26.7869
"AGBL5",17.9937,10.825,23.1518,13.8024,15.2598,23.0965,15.5342,19.0155,10.7991,13.0634
"KIF3C",5.6427,5.2428,13.1386,5.3546,1.8828,5.8616,2.1437,10.9645,2.1787,5.9675
"RAB10",176.8528,236.8126,208.9699,153.9766,215.5159,203.3295,147.8011,188.4663,188.251,155.2795
"HADHA",234.1454,293.9059,277.2162,246.6839,349.8637,218.8895,161.6155,315.4583,340.5005,263.909
"MAPRE3",12.6657,20.3881,16.9321,16.6936,25.5957,13.9316,7.0712,23.9697,22.3432,18.112
"CAD",12.4538,19.2953,14.5083,12.9905,22.7706,6.5466,4.1534,21.0825,12.0129,14.4652
"CD59",47.8118,97.1206,89.1447,49.3201,54.0369,78.6156,54.9372,76.6331,41.4769,54.0535
"CD82",31.5197,30.7108,20.8447,29.8219,30.0644,19.865,13.9178,22.2251,15.008,26.6208
"BCORL1",7.9066,4.2169,12.347,8.7142,5.3564,5.0511,2.6944,8.1088,3.1414,6.5007
"ATRX",7.2428,6.4261,17.334,9.8915,5.9079,8.734,3.0959,11.5563,5.9063,6.4194
"AK6",16.6162,16.9721,22.597,17.1426,17.9047,25.9371,18.3692,18.8466,18.0323,16.1851
"MYNN",8.946,6.6927,12.4598,8.3277,7.0187,17.6506,15.9918,8.8744,8.3918,7.0457
"MECOM",31.3254,22.7423,22.3696,17.7584,33.2943,22.5449,16.5797,27.5904,24.208,15.9705
"SCAMP1",29.5573,22.016,50.9644,27.8268,22.4346,44.3686,24.1439,29.7754,24.2672,20.1776
"PREP",34.5642,43.1967,31.8927,25.6052,50.6266,26.7852,21.9455,36.9914,36.9134,29.3318
"HACE1",2.7852,1.9373,6.1754,2.2916,1.5854,4.3305,1.8946,3.3234,1.9387,1.8609
"SEH1L",7.8352,13.4105,9.9865,7.4244,12.8593,12.7588,8.5511,11.9179,9.8887,7.6288
"WDR47",10.0551,7.6354,21.9285,10.917,5.3953,15.1257,5.3206,15.3294,5.6791,10.6552
"OVGP1",3.2547,2.1282,2.5755,2.1224,3.9441,2.338,5.1559,2.6884,2.1067,1.823
"SLC25A24",48.891,57.7339,54.9894,51.272,59.8011,69.2691,54.3547,45.3349,85.8476,34.2052
"MAP3K4",9.8542,10.5465,15.9202,10.7355,11.7899,9.4712,5.5785,13.2779,8.2378,10.7327
"PILRA",13.9519,6.3773,6.1095,4.2775,2.3163,13.4007,9.1607,7.2877,2.628,3.6315
"ABCB1",18.8877,93.5901,23.2163,79.8565,85.346,18.976,11.303,53.0606,63.4081,59.2625
"ZNF213",9.2208,8.5395,12.6577,10.9918,12.3578,7.8821,5.742,9.2514,10.9965,11.4183
"AKR1B1",36.8205,29.3109,41.4287,32.0364,21.524,60.0399,38.007,36.7199,17.6519,35.9098
"RRN3",33.2568,35.0876,43.1337,37.5097,33.5375,42.8719,21.7497,42.5195,31.9711,29.3574
"CTTN",96.9608,133.1352,86.2698,91.2314,157.8714,69.6344,42.8801,111.7072,141.2929,92.8674
"WNT11",5.35,3.5609,3.7398,2.4146,4.6982,3.9235,3.0475,5.938,6.9848,4.3542
"MTIF2",41.4162,32.1526,41.2634,36.816,55.4151,43.5168,33.0272,35.2806,53.9451,32.8621
"DDHD2",11.2097,9.0362,25.5053,11.6835,5.9086,16.301,5.8384,14.7827,7.0464,9.3371
"EPS15",30.899,28.7018,44.542,36.5821,26.9231,39.6539,22.5879,35.1734,28.6539,30.147
"ORC1",4.9948,11.0419,5.3307,6.3478,15.4461,4.3964,5.5012,8.3268,12.8721,8.5342
"MGST2",71.7579,68.9359,52.8826,52.2219,81.4531,78.5968,113.2281,62.9905,81.7865,63.6282
"CHERP",14.1948,18.8828,16.3526,13.3375,22.0239,8.6479,5.8741,18.6461,12.2645,14.8548
"ATG16L1",17.0093,25.2371,20.4081,16.9667,21.28,22.8834,17.4194,21.4621,18.0701,20.0601
"USP40",10.2922,7.0781,12.3122,11.555,10.7065,8.0712,6.8097,10.8856,9.6391,8.7125
"POMGNT1",24.6199,20.6942,20.3978,23.1987,24.6553,24.2748,23.1357,26.8193,16.0551,20.1503
"RAD54L",1.1743,2.7735,1.6812,2.4937,4.7685,1.3117,1.9507,3.2448,4.2942,2.9113
"MAST2",35.0514,41.7316,39.8445,59.0147,55.0131,23.4334,17.1687,49.3376,49.0842,48.4364
"DNAJA1",147.3126,185.9685,168.0252,135.4676,148.8323,173.697,130.6421,169.7569,90.554,156.8678
"B4GALT1",77.175,283.6107,74.6655,82.1601,259.15,65.4088,34.6886,156.2349,124.15,140.5805
"CHMP5",141.7729,96.4056,137.6362,133.5503,108.782,246.2143,323.3824,103.8873,146.1488,118.3924
"NFX1",20.1393,22.2846,30.4072,20.8614,20.3725,21.2734,11.271,27.2051,17.8192,19.4382
"DIMT1",4.7049,6.171,5.6679,2.751,4.8319,7.0085,6.0469,6.2284,2.9067,4.0216
"IPO11",7.5267,9.1903,11.2751,5.9843,8.4568,10.9599,6.9016,9.7995,7.2828,7.3457
"EIF2AK1",99.4199,75.2504,83.1243,79.5533,112.1343,88.9691,83.5265,81.8699,110.9223,76.9109
"SNX10",7.8429,4.9049,8.089,9.7583,2.1577,10.8165,8.2564,4.1403,4.6378,5.527
"SEPHS1",34.6794,34.8894,51.8966,32.0205,44.0344,47.922,29.4585,44.2617,35.845,34.8864
"MRPL28",41.6493,42.9946,37.9666,35.6535,70.9768,46.391,43.0353,37.6205,37.1925,42.4378
"ITPKC",21.5484,52.0302,21.1204,25.1914,29.5543,19.4722,19.9106,34.5228,26.2642,26.742
"CEACAM6",510.5221,704.9905,208.4324,490.2232,835.5533,199.4422,224.9736,368.8181,1203.7227,672.2114
"RBM22",39.5534,38.1631,45.4646,38.4099,39.5284,42.7481,34.836,39.2797,35.3889,37.8757
"TMED2",234.2636,217.2753,221.0806,164.7878,263.6507,298.7399,293.4023,212.4745,258.8843,182.1531
"ERO1B",7.3317,4.2017,10.3606,4.5161,1.9744,10.8353,5.4745,7.3065,2.738,3.7635
"ZFAND6",46.5146,45.5258,57.9028,47.0713,46.6174,78.018,79.6176,41.815,49.6375,39.2574
"HSD17B2",12.5849,18.5841,10.8691,32.1742,29.8853,15.0992,20.3482,12.4643,15.5084,21.0613
"TXLNG",11.0692,13.8739,20.3141,13.544,15.2937,16.1481,8.4518,16.8707,13.2865,12.0501
"LAT2",9.023,8.7039,6.2149,17.585,4.2891,9.4152,9.0575,6.7893,2.9464,12.8223
"HUWE1",32.3326,45.5682,60.3163,39.6214,47.3327,23.86,9.6809,57.9539,39.275,38.6597
"ZW10",17.2433,20.7409,23.8565,17.463,25.5718,20.5767,13.7991,19.9481,17.1194,19.118
"ALG9",2.0895,2.1187,4.9841,2.2963,2.1003,2.6705,1.2239,3.2334,2.17,2.2579
"ACOX3",13.0737,15.8498,15.0692,16.2174,21.9476,13.666,10.9794,15.6612,21.3239,15.8909
"MTMR2",7.153,8.7992,12.5929,7.251,10.1695,10.7403,5.616,11.1495,7.8602,7.8619
"PPP1R15A",137.8553,148.5753,48.883,173.588,62.3961,70.9455,33.8912,212.6993,55.0404,139.2102
"HSD17B14",14.2477,7.2105,15.7014,8.6032,3.9293,23.6329,12.8169,14.6601,2.209,7.5664
"TRIP6",40.7868,46.3817,62.3745,29.9486,41.0376,48.2801,26.7186,64.1447,11.6701,46.3617
"ACHE",19.2695,33.3405,8.347,16.0309,24.8915,7.8777,5.5974,15.1225,19.7415,22.8064
"FTL",8309.1345,4841.8292,4888.4641,4698.2324,4140.046,9195.9554,12588.949,5158.6387,3350.578,4479.9114
"SRRT",48.4583,69.0362,45.9701,47.7124,87.1348,38.1384,28.1781,64.7391,54.9352,58.1001
"BAX",65.7324,72.0243,40.4593,58.877,87.0099,54.9273,67.4688,73.9611,70.2947,66.1045
"NLK",13.6626,11.9249,14.7596,15.8903,13.5417,13.6707,8.6876,12.9519,15.4855,12.1767
"PIGS",47.5779,49.7804,40.7435,44.3321,70.6032,37.4278,30.6127,45.9708,77.7082,49.4849
"ADAMTS2",3.5146,3.8816,5.7009,2.4866,1.5137,2.0454,1.06,5.4349,1.3395,3.6378
"ATXN7L3",39.1231,45.0662,35.679,37.5152,46.7289,33.6204,22.5594,46.6684,36.9959,39.213
"PGS1",10.4546,9.0494,10.9161,9.9038,11.2016,8.261,6.9986,10.8725,9.6816,8.1439
"PSMC5",52.9795,69.2071,57.574,50.6652,67.3939,62.394,31.9909,68.8482,49.4986,59.3752
"UIMC1",13.9034,13.7121,18.4284,15.0278,11.9861,18.9942,13.8087,15.0226,9.3417,14.2717
"MMP2",174.3298,96.9471,199.3185,100.8439,58.5955,86.8781,34.9903,207.0137,58.7974,121.4013
"MT3",2.0025,4.5541,2.2323,2.0638,3.5461,6.6025,11.2918,5.1069,3.6339,5.3494
"LPCAT2",10.9832,7.6609,14.6912,8.8213,14.0438,11.2054,9.0596,13.2879,14.7798,7.9381
"OGFOD1",10.9398,14.2788,16.2769,10.6495,14.8224,12.9985,8.867,13.3077,11.1474,11.8886
"SH3BP2",9.9999,6.234,9.4119,13.7906,11.8916,6.0377,6.4156,10.3667,18.6681,9.5686
"NOP14",19.1665,35.3451,18.3392,15.3663,36.2103,17.97,10.4306,23.9436,21.3514,19.9716
"ADD1",61.5275,65.8779,116.4593,67.1108,63.6244,75.4175,31.2832,87.6304,57.3187,71.5292
"L2HGDH",5.2652,3.8611,8.0683,4.7655,6.9607,6.0741,6.0934,5.2203,6.6797,3.297
"TXNDC16",13.1853,9.0762,21.651,9.7085,12.052,18.4591,11.4148,14.37,13.4268,8.1578
"RTRAF",38.4029,39.3106,40.7814,33.9148,43.8086,52.7131,48.5157,39.3054,34.9674,36.9745
"NID2",9.6117,6.355,13.6863,4.1601,5.2582,3.3958,3.0075,9.7792,5.4545,3.8278
"SF3B2",60.6955,77.9609,67.1018,59.3248,81.6722,52.4566,29.3788,70.8797,66.117,68.614
"KLHL42",12.2428,12.9148,41.6621,16.5755,7.7391,31.3802,7.0707,24.6313,14.5246,15.2871
"GNAS",179.529,186.3427,210.5901,133.2592,168.0816,180.182,109.1853,201.4735,143.6264,190.7935
"DNM1L",23.1142,27.3082,41.1247,28.8302,24.8911,29.6907,17.0595,33.4421,26.7356,23.144
"ERGIC2",16.7626,12.6506,26.5328,16.5113,12.1974,30.8303,23.701,16.8253,14.2401,14.0254
"TFAP2C",4.855,7.1307,6.4577,3.9911,1.536,6.9488,1.6567,11.8521,0.5017,3.4057
"AURKA",13.2057,18.4434,11.4267,17.2886,30.9441,18.6655,17.6366,13.1418,34.9645,21.0846
"PIR",8.903,6.6163,11.9725,8.3665,8.2,13.0231,12.4558,10.8302,10.0941,6.3907
"RFX2",2.8065,8.6417,5.2773,3.6447,2.4129,2.9836,1.4141,7.3393,2.1696,5.0063
"SULT2B1",0.4861,1.3056,1.5096,0.774,1.9382,0.7112,1.2893,0.7575,1.1341,0.985
"ALG6",7.9196,6.8322,8.5799,7.5782,10.5358,8.1237,7.1884,8.3054,10.672,6.811
"CNOT3",19.7023,16.7061,16.7388,17.0293,20.6815,12.0129,8.1441,17.9792,15.3342,18.8357
"PTPN4",3.6569,2.9118,6.5069,3.8527,2.6185,4.8816,3.0658,4.3536,2.7754,2.3445
"DDX18",31.1482,41.8378,44.2432,25.5855,39.6087,41.4216,22.7108,39.7101,29.5013,25.0622
"KHSRP",109.1442,139.3417,129.5974,94.3137,166.0903,89.0911,48.8713,141.5609,113.7089,116.3256
"GNA11",63.7829,102.9721,73.7852,94.5535,154.5879,53.1735,36.4622,90.3873,174.1986,117.6509
"ASAP3",19.589,12.9662,20.1593,16.3253,23.9305,12.5576,12.7052,22.4746,16.3465,15.8643
"EDEM2",53.242,46.8428,37.6522,43.462,61.9812,60.3631,81.807,42.9273,53.078,48.4404
"DNMT3B",1.0783,0.9175,1.7769,1.4968,1.4311,1.1385,1.1024,1.2461,1.2322,1.0034
"TPX2",13.7922,32.832,19.7027,28.0628,75.0261,18.7299,22.066,25.5174,60.0278,39.4764
"PDRG1",18.6646,18.532,26.9989,16.0511,20.8793,34.8193,52.0294,21.3392,17.775,20.2043
"EPB41L1",19.0433,15.3987,35.1256,23.62,17.6112,17.2012,9.2831,34.1444,16.018,20.928
"SLC15A1",8.0711,7.5046,5.1678,9.5906,8.1774,5.6346,2.4721,3.7214,45.021,13.8916
"DOCK9",10.635,12.3754,25.2226,13.8547,10.0561,9.2193,3.1275,18.8051,12.8249,12.0023
"TGDS",16.5057,7.6004,16.1422,10.4013,10.3463,23.4283,33.1837,9.6552,8.9378,9.7174
"C3orf18",6.9254,5.5981,19.3028,5.991,1.5837,15.5091,5.64,11.3885,1.9297,8.1788
"COQ9",61.7127,47.3459,54.4374,50.3703,74.9075,68.6906,72.1225,54.5464,63.0018,52.1564
"KIF9",2.9557,4.5533,2.9687,2.254,5.151,4.6391,4.8499,3.602,4.1347,3.0608
"CRLS1",0.4746,1.2565,0.2896,0.393,0.6084,0.3322,0.6793,0.7495,0.6496,0.8945
"PPP1R13B",14.2672,12.1586,15.3167,13.0859,19.21,10.009,6.6062,12.4733,15.9421,14.742
"ATRN",20.9443,20.4807,28.807,19.6245,21.4155,13.6641,7.1195,27.4389,16.4241,17.0669
"SMOX",6.8132,10.2378,6.7645,6.3925,5.3296,6.6312,4.1628,10.9594,2.098,5.1338
"SIGLEC1",11.7766,4.7538,9.7603,6.4955,3.7263,9.7615,4.2451,10.2622,3.346,5.2168
"FKBP1A",114.3737,100.9099,99.387,127.3136,132.2605,89.2802,96.2,89.34,116.9275,104.8618
"NSFL1C",31.1699,41.5545,42.6064,31.0266,43.9274,37.3542,24.3602,41.6801,34.748,37.8742
"SLC4A11",0.4954,0.2336,0.1482,0.2616,0.567,0.1077,0.3684,0.1838,0.422,0.4661
"C20orf194",7.8434,9.425,27.6777,9.7987,1.5516,13.5601,2.6854,20.4626,2.3286,8.3946
"MAVS",34.4673,34.4555,40.919,42.992,67.0237,22.3786,15.6785,40.1946,56.1758,39.0505
"LZTS3",8.914,3.435,6.371,3.8258,4.2008,5.8339,4.3006,6.0434,3.569,4.5256
"XRN2",62.7079,72.8563,91.5207,58.7511,79.4193,81.0473,52.3824,74.035,60.8704,57.7225
"KIZ",17.3954,10.9422,59.567,17.6785,3.1168,57.4972,10.0065,34.0017,2.5718,15.3161
"DYNLL1",166.9095,185.4414,171.4118,162.4028,209.7199,242.0597,305.1922,167.5445,194.2438,203.9911
"TESC",4.8669,3.8047,2.8003,6.1014,1.2465,4.991,3.6139,4.452,3.0445,4.6366
"SNX5",51.7251,36.1142,48.7929,39.9708,45.6907,54.1471,53.6872,38.487,40.9095,32.1732
"RPL6",536.7926,377.8594,483.646,343.6632,396.2134,638.2319,606.0913,396.4836,299.9017,361.9568
"SIRPG",3.8174,2.8184,2.4056,6.0814,1.8204,2.5933,1.9219,3.5412,1.7318,7.0912
"MAPKAPK5",9.0431,8.6992,9.5472,8.2895,12.1121,9.5463,9.601,8.7444,11.8281,7.6414
"ESF1",16.0149,15.9993,22.7965,17.5205,16.5724,16.2949,7.503,16.0959,17.6168,13.3862
"RBBP9",23.1719,17.2854,28.6395,16.3869,15.7801,28.8058,22.2002,20.3837,12.7837,13.7273
"ANAPC5",26.6125,25.6251,26.002,24.0261,31.1105,31.2894,35.3161,28.2065,23.3275,22.746
"SLC23A2",11.0335,10.6468,20.3087,11.9009,6.3799,11.1863,3.5761,19.2909,5.3275,9.4719
"SLC8B1",17.8995,21.3795,16.1945,22.3493,27.8314,13.0921,10.539,15.8677,21.7063,19.9976
"TMEM230",113.7925,76.8562,127.757,84.1677,76.0435,170.7963,169.0169,103.4288,66.2009,84.8467
"KDM2B",4.7947,5.5351,6.9338,5.8574,4.6388,4.2821,2.1931,6.686,4.0282,5.8086
"TASP1",11.2016,9.5862,14.3573,9.2568,10.74,13.4599,9.8852,10.889,8.5885,7.145
"OAS1",41.5739,35.6958,32.7792,59.4254,43.6334,44.1954,38.3799,24.076,67.3623,52.6688
"GCN1",33.9519,52.1653,38.969,33.5003,61.4404,21.5391,12.0228,51.9973,42.1129,38.062
"RPLP0",1474.7466,1011.9306,1078.0956,665.0768,1300.7293,1849.475,2638.2385,1066.2064,920.8394,934.7388
"PXN",26.264,35.248,23.0739,24.1436,35.5415,16.4292,13.3291,28.9051,34.8076,25.1658
"SIRT4",3.5019,0.7822,5.012,2.5274,1.611,5.1385,4.5025,1.5593,0.7133,2.7034
"KIF16B",21.4773,38.8208,26.4017,28.9629,33.2474,19.4129,10.687,26.112,41.8781,29.2427
"TRMT6",11.5408,20.1001,12.5654,11.6289,16.3985,17.2338,10.5489,15.7821,11.5203,9.3331
"PEBP1",553.0783,383.1668,662.6564,350.4231,660.8891,625.446,437.2343,568.1275,517.9287,500.5706
"BRAP",16.3685,14.7803,23.8743,18.5248,16.861,16.3668,9.2971,15.4034,15.6571,17.2616
"ERP29",183.5241,175.4085,142.8015,154.8329,223.5717,174.3916,179.0636,170.5733,195.6663,182.231
"FUS",55.2879,90.8371,77.065,73.3779,69.2299,57.6337,24.0822,95.9291,63.9667,81.2426
"IGBP1",127.1951,75.462,139.1308,88.9882,104.0928,167.8524,188.9125,95.4648,97.7303,91.551
"FXYD5",34.6607,38.0805,29.3709,34.1259,14.7047,31.3093,24.0471,35.2858,18.5711,42.5409
"ZNF302",13.1409,6.4053,23.1803,14.446,7.3759,20.0736,12.5018,9.5297,7.9522,8.268
"FXYD3",7.4719,5.2717,6.0869,12.7205,8.9578,4.9759,13.6,3.7784,27.5695,5.9608
"HEPH",114.9652,182.5606,195.8711,135.0369,167.8671,125.8784,86.2153,189.7785,238.1945,176.9531
"CDIP1",21.5742,25.1957,30.0719,22.4541,14.6944,24.5769,11.8342,27.034,19.5037,21.1957
"CMTM1",1.391,0.5799,1.56,0.8227,1.0816,0.6879,1.1312,0.831,1.244,0.7399
"GANAB",231.748,239.2443,230.7506,189.1157,349.4505,147.5066,102.1763,297.569,267.7568,222.9553
"GMIP",26.0181,38.8923,16.0035,34.3523,46.509,15.92,14.9464,23.8818,31.6954,38.3472
"RBM41",5.0852,2.9766,9.3346,5.8401,4.116,6.1118,3.1075,4.3984,4.6237,2.7159
"BIRC5",9.6412,23.7174,9.6805,16.7441,43.1569,32.9187,52.0242,17.2591,44.4068,25.5454
"LAG3",5.5345,5.1084,4.0083,8.6273,2.1682,5.5554,2.7332,6.5295,3.293,7.6516
"MLF2",179.3543,171.4426,143.2423,131.7974,193.4436,171.6433,137.6203,170.0574,150.7108,142.2692
"OTUB2",1.3814,1.3272,1.2933,0.9591,2.0832,0.7494,0.9691,0.8736,2.6718,1.0832
"DDX24",39.0112,56.1967,63.1089,42.9462,42.1687,46.5291,19.2393,61.5196,32.8756,45.4954
"ZBTB25",1.9507,1.3425,3.4031,2.9461,1.3357,2.3088,1.4644,1.8838,1.5236,1.6598
"NECAP1",13.181,11.6294,12.2058,11.4129,13.6147,16.6338,14.8351,13.1222,14.9367,10.5235
"ARHGAP4",10.9465,9.9919,7.9618,16.1052,8.9232,5.2376,5.4529,13.678,4.3879,11.8131
"DHX32",51.359,49.9611,39.6862,42.9902,60.603,48.33,50.2116,39.7134,54.2052,43.1097
"RCOR1",21.1286,33.9293,31.7197,25.142,31.6718,20.559,10.298,35.1521,29.9237,22.3161
"GPATCH2L",4.3096,3.7554,9.6332,5.0808,2.614,5.6836,2.8582,6.4178,3.0597,3.6014
"LTBP4",87.8731,166.1674,209.0447,103.0082,109.3157,78.3053,41.0573,243.3156,73.3957,175.8914
"BLVRB",128.8909,120.2233,96.7973,79.0649,134.341,152.64,168.8691,111.764,113.3312,99.429
"SLC9A1",50.2529,93.6509,51.587,80.3507,108.0359,27.5298,15.58,70.2555,80.1083,87.5474
"SPTLC1",46.626,48.3058,55.0052,43.0599,61.086,58.3584,43.8371,44.022,55.5631,36.7187
"PAPOLA",42.1828,40.538,53.9666,46.7075,46.2154,48.3007,33.6005,46.8023,45.3058,37.0021
"CCNK",3.7681,4.1924,3.4252,3.4824,4.6087,2.8104,2.0887,4.5073,3.9426,3.2089
"PCBP4",16.5587,15.356,19.2218,12.4742,12.5368,17.9183,10.3744,17.7137,12.1677,15.4524
"RGS1",96.3352,38.7756,88.2496,98.4969,6.1404,124.6547,44.2422,90.2283,4.8041,70.1805
"MRPS33",31.5375,21.6145,24.7313,20.2074,26.493,42.3893,61.5506,22.7861,27.9639,21.0805
"NDUFB2",39.3275,42.3054,33.4038,39.1296,47.594,45.1148,87.5917,37.9083,41.3209,35.6118
"NUDC",85.2161,130.7357,99.3414,77.7357,112.0464,97.9362,57.1659,120.2977,71.7821,108.2395
"MAEA",26.4444,29.775,21.8271,21.5839,37.3472,23.7593,21.6872,25.6587,28.481,25.4703
"ICAM1",18.4685,72.1959,12.7258,19.859,5.9183,12.5006,8.8246,64.5798,9.8359,17.321
"STRN4",31.6922,38.429,30.9539,27.3421,39.0684,29.691,18.263,35.1796,28.4188,31.72
"IRAK3",3.1708,3.2447,3.7743,2.3326,1.4075,3.0407,1.4506,3.4747,2.3637,2.2751
"LYZ",297.2106,164.6892,218.671,179.8453,78.9854,390.6652,512.7099,324.0197,120.8341,159.796
"SI",43.5747,25.4557,66.278,78.9609,39.4977,39.3479,48.6782,48.6179,22.0071,45.0433
"MUL1",60.7001,90.2345,71.4214,54.48,86.8345,74.3606,52.1202,83.5568,67.0982,70.1145
"TFAP4",3.8659,4.7248,4.2412,3.5141,8.2822,3.6263,2.7217,2.2337,4.3411,4.009
"PDCD7",19.6688,16.8573,30.7725,18.838,18.642,22.6214,13.0121,20.7297,12.1491,18.6369
"SPG21",70.7941,54.7528,57.469,52.0474,56.755,91.3403,48.8979,61.181,58.8867,44.089
"DNAJB11",13.2981,29.7881,11.6919,12.9732,22.6796,14.2436,9.8666,20.5767,18.4719,15.5639
"P3H2",17.2219,50.6034,37.4478,16.2742,40.6831,31.2562,10.1463,41.9118,26.8157,40.3094
"CHRD",2.0855,2.0454,2.3613,2.2644,1.1677,2.0727,0.761,3.2221,1.2807,2.7525
"RAB11FIP3",15.2337,17.4578,30.2724,17.2776,12.8458,18.9889,9.4896,26.1739,12.8808,20.2221
"GNPTG",39.5205,32.3086,31.5503,28.0045,35.2666,39.4803,39.7676,32.3339,28.4128,27.7888
"ZNF268",3.3611,2.4938,5.7328,3.3827,3.1849,4.9496,2.8922,3.7924,3.2379,2.9002
"GOLGA3",23.7369,47.322,27.6436,32.6366,42.284,18.4547,8.6555,49.1143,41.2204,38.1973
"PABPC4",28.5411,26.4103,37.2896,26.5051,20.0211,26.0694,12.4205,31.6367,19.0422,26.3921
"CD209",12.3839,10.8148,8.8224,7.7991,4.6014,7.3061,6.4728,11.9671,4.1827,7.9638
"CERS4",8.0074,7.2212,15.6522,10.6154,1.8217,11.3446,7.5942,10.5884,2.2645,10.6442
"MCOLN1",17.1185,13.8317,12.9106,14.1598,17.3233,15.0225,10.0658,14.4959,16.4363,14.9065
"USP48",16.1891,14.8838,23.2263,16.6965,15.668,16.7499,8.6135,20.6655,16.103,15.0285
"EFNB1",86.4021,123.8994,70.269,80.6654,164.1642,63.0405,61.0519,108.2772,89.3622,103.8466
"PDPR",11.7425,12.991,17.2929,10.7012,8.1406,9.0184,4.2942,16.8974,12.1572,8.2822
"AARS1",24.93,30.3738,42.4687,25.4771,25.8442,23.7981,11.734,36.6029,23.3973,30.1965
"GLG1",37.2032,47.8842,59.9619,38.3557,50.5467,25.6116,12.2799,60.8244,47.0624,46.6729
"KIF4A",4.3335,10.3575,6.6766,7.2644,22.3013,6.5774,7.1175,12.4885,21.0875,12.7325
"TNRC6A",10.6971,7.3049,19.3358,13.7611,6.5684,9.1283,3.2716,11.0119,9.2143,8.0246
"PLEKHG2",5.2587,6.7977,11.5721,9.1475,2.4913,5.417,1.5198,12.0942,3.0249,7.3895
"NAT14",8.2117,11.2424,14.689,9.4399,3.7121,12.2217,4.4551,12.7842,3.6436,12.3895
"PITPNM2",5.8612,5.3442,10.5274,7.9679,4.3817,5.3227,2.1274,10.1571,7.6462,6.6207
"EXOC1",18.1867,14.5933,23.4708,19.3269,18.2148,17.954,15.2169,16.4299,20.8763,16.8119
"RBM27",7.8128,11.0518,15.6791,11.5073,11.5282,12.8892,5.9188,11.5246,11.8073,9.4887
"OSBPL8",17.8563,14.5883,32.7768,17.1738,10.0227,29.237,15.8987,18.414,17.8412,13.4013
"DTX2",22.5215,17.6929,13.2714,16.5389,24.0171,11.8389,11.3595,17.1845,15.7157,21.1306
"PUS7",7.0216,14.4458,8.3515,4.5541,13.4633,6.6802,4.7703,9.9816,7.7397,6.6255
"LAMB1",24.3539,27.698,47.0883,25.2217,15.7433,20.0433,8.4966,41.6951,23.8031,26.5367
"SLC26A3",1444.618,3587.5443,1624.7092,3848.2269,3027.0651,1498.4894,1558.5027,1684.4237,4379.8827,3194.5822
"DLD",91.8124,89.6409,106.1413,87.7753,103.5025,105.9501,68.5119,105.9924,105.672,76.3858
"WDR7",8.2607,8.7356,13.2616,9.3198,7.8775,7.4568,3.2776,12.1096,9.02,7.9003
"TXNL1",16.428,17.0011,27.5931,16.9035,19.1941,25.9114,26.4233,17.6632,15.7677,17.0798
"ABCC6",4.2625,2.4742,3.1254,5.4551,5.0287,2.136,3.8443,2.5579,6.0698,6.8135
"CMTM6",90.1981,95.5712,92.6458,89.8594,96.7646,124.4927,111.7496,97.8571,100.0291,74.3163
"ITGA6",89.9599,235.4035,87.4898,83.0525,189.0119,58.1354,36.998,153.5486,160.827,96.329
"RAPGEF4",1.5015,1.3564,2.0015,1.0784,0.4582,1.73,0.6606,2.236,1.379,1.2533
"MAP3K20",26.9185,26.6845,121.2532,36.9113,7.0645,72.7087,11.7751,52.5875,7.0835,27.4397
"FH",155.5259,182.5179,149.5739,120.7165,226.3857,165.0961,132.3629,176.2061,193.9785,154.6866
"SEL1L3",86.515,73.5222,58.0144,77.02,86.5721,53.1763,48.1916,71.7505,87.8792,65.3734
"ALKBH5",71.1598,84.8917,97.7852,77.2324,85.5098,102.1278,44.3836,102.4034,57.4319,85.6917
"NLRP1",3.3579,1.6909,3.8421,4.7137,1.0604,2.9995,1.0214,3.7198,1.6686,2.2535
"PITPNM3",11.8205,19.5311,20.1742,7.9345,12.0184,9.7565,4.9697,13.655,10.678,10.4775
"SPAG7",49.1819,42.8279,50.5145,34.4081,45.9222,60.8499,54.2547,44.7111,44.7572,47.974
"ORC6",1.6079,2.3907,1.782,2.6922,3.8555,2.2488,4.4152,2.4321,5.4983,2.2281
"ZC3HC1",9.6979,8.8382,13.9702,7.8582,11.1822,12.697,11.7384,10.0758,7.3447,10.4952
"ANGPT2",1.5222,1.485,1.9375,0.9203,0.9682,1.6431,1.0635,1.8619,1.7844,1.2536
"CD200",13.4726,5.1307,13.2643,11.6355,7.3684,12.9591,11.2811,7.9632,3.1791,11.1832
"CCDC80",73.5268,53.0388,124.2909,52.6517,12.8525,64.3699,15.7304,102.8968,16.0381,46.0372
"PSME1",345.8201,268.2792,309.8584,288.8451,302.4463,428.1143,503.4089,295.191,324.1818,302.6197
"PPP2R3C",11.7501,12.0825,16.4464,12.441,9.4837,20.9306,19.5455,11.564,9.7843,10.6631
"HAUS4",15.7305,7.1943,16.4177,11.1851,12.5947,15.4188,24.6205,11.9866,11.4847,9.7585
"SLC7A8",30.3485,18.8699,15.5026,15.0758,23.691,15.9675,12.4702,24.1011,12.975,12.476
"OSGEP",16.8192,12.9926,16.2622,17.5483,17.3603,19.3688,21.1348,15.8755,15.0885,14.7951
"SLC22A17",13.7183,19.0404,26.5821,11.5511,3.6926,16.2545,3.595,28.8027,3.2229,21.2121
"SCFD1",5.8979,4.9916,6.0735,4.4755,5.9556,7.0827,6.3633,5.1207,6.2127,4.3869
"G2E3",5.4174,3.8405,7.5728,5.5613,4.8896,9.1089,7.8034,4.5096,5.9265,3.0631
"HECTD1",24.6908,34.4004,42.165,27.2832,34.5401,22.1261,9.4074,38.4879,30.5734,26.4855
"HNRNPC",141.2119,150.8573,140.9785,116.791,154.9306,178.9178,162.0746,149.4301,127.7638,122.5032
"SUPT16H",45.709,63.9198,75.8996,48.8764,63.8113,51.4338,19.7237,67.5494,46.1191,51.3941
"TOX4",33.5577,34.0719,45.2619,29.288,37.8243,39.9032,24.0817,37.6868,32.1156,31.5637
"GEMIN2",7.5759,5.4891,8.7534,7.1039,8.0112,10.4037,18.8026,5.9898,5.7769,6.4406
"TINF2",58.9083,58.1121,59.021,49.2192,52.7245,87.5261,77.3873,61.6331,43.885,54.9685
"SEMA6A",24.7104,33.8872,28.4231,29.3482,33.4512,16.171,9.2208,42.9458,36.575,29.4253
"TRPM7",10.736,8.4797,15.8829,11.2141,13.4543,13.5631,11.416,11.8983,13.6907,8.0096
"TYRO3",1.2913,2.1693,3.3442,1.5038,1.0343,1.7131,0.6709,2.5801,1.2507,2.3149
"WDR76",5.4035,8.6448,10.3725,9.4393,10.3042,8.5668,7.4074,8.0947,6.5283,9.4859
"SNAP23",9.9067,8.9558,8.9039,8.3541,7.5075,10.8228,11.0899,8.5833,8.0972,6.9066
"PHGDH",5.8557,5.4909,12.4777,7.9289,2.7021,9.5436,3.3264,12.9571,7.4866,10.4395
"COL9A3",2.0415,2.2267,3.9466,2.7542,0.6149,2.2099,1.205,4.4062,0.8839,2.7297
"EZR",318.5753,1262.4146,267.1444,577.7338,849.4796,286.5334,194.1668,844.4206,798.5596,620.6593
"MYL6",507.0527,687.0197,1036.645,584.8026,486.4674,1539.3206,1576.6219,765.3372,395.279,820.2966
"AGO1",8.8684,9.4349,15.308,11.66,9.9522,7.4284,3.2453,13.8476,9.0762,10.5244
"CLSPN",1.0198,3.0893,1.1342,2.3798,3.234,0.7032,0.4907,1.9922,2.3216,2.0344
"RFFL",8.4815,12.8957,8.1395,7.7066,11.4141,7.7827,5.7757,14.4736,10.5784,7.6129
"UNC13D",11.339,8.4208,7.23,17.4207,20.5339,6.9702,7.1028,12.0778,13.2223,13.7512
"MFSD11",12.792,12.7449,12.157,12.5338,18.8576,13.4871,10.3757,12.6396,17.1541,12.7891
"DPYSL2",24.3826,41.113,68.9359,27.9592,19.1902,29.9525,9.9671,62.9762,31.8648,42.4495
"TGFB2",1.6336,1.3692,6.9051,1.6311,0.373,2.7165,0.5917,3.8056,0.275,1.7917
"GPATCH2",3.9183,4.2223,5.3353,3.5445,3.6876,5.5592,3.944,4.5619,3.6478,2.9018
"NUP50",16.8183,18.6777,19.7678,21.7864,24.2815,15.7377,10.6164,17.5122,22.5227,18.1379
"CDC45",5.1149,7.6315,3.8677,7.4115,12.1086,6.0393,9.7498,8.7444,10.2973,7.3147
"COMT",26.5354,23.9726,26.1376,19.6492,24.4437,28.9865,28.229,28.6817,21.5392,23.3879
"ADA2",41.14,27.8432,18.9884,20.7275,13.4601,32.072,13.7927,36.2,9.6226,25.7559
"ECHDC1",39.4463,55.2795,53.7754,36.4965,38.6591,73.9295,60.871,48.2103,42.2159,39.8325
"LRRFIP2",20.6228,18.5307,22.2153,24.3827,23.0314,18.222,13.5884,19.8991,30.8966,18.9858
"SEC22C",10.2961,8.7079,21.31,9.3342,5.8437,16.1238,8.1817,14.421,7.2256,9.6733
"XYLB",5.7248,3.8774,5.7937,5.0481,6.2001,3.3449,4.0547,4.7349,6.6251,3.4918
"HDAC6",13.954,12.0353,10.8727,12.5264,16.3175,8.7159,5.8024,13.679,13.752,12.0064
"CDC6",4.4411,11.7277,5.0087,6.0564,11.554,5.8094,3.757,12.4374,12.2938,7.3866
"UPRT",11.1996,10.4501,11.6218,9.7607,11.0764,13.6172,8.9489,11.2917,10.9546,9.5569
"CDC23",21.3884,18.4055,31.3887,20.203,22.1456,23.243,15.8832,21.4765,20.1014,19.48
"AAAS",21.2526,20.9276,19.9381,16.8283,27.0802,18.5809,13.4768,24.5105,19.8809,22.2876
"CBX5",13.283,17.2526,24.6922,17.6475,20.7508,11.0318,5.2986,21.9768,20.4182,16.9465
"SUCO",14.8752,16.0967,18.5282,13.9512,15.0906,17.8631,11.2191,17.4596,15.5686,13.2479
"MSH2",5.2531,6.3491,9.6735,6.7925,7.704,6.5423,3.9462,7.3119,6.3048,5.5454
"MAP3K1",11.4905,8.1903,14.8557,13.8766,7.4867,9.8842,6.003,8.6631,7.4417,10.1423
"DHPS",0.7341,0.3559,0.6433,1.3127,0.4827,0.8313,0.1999,0.8159,0.8232,0.2941
"HOOK2",12.7145,9.4598,11.1847,14.6606,22.9181,11.5957,10.5507,12.9164,21.8272,15.5289
"NXPE1",84.4338,28.7104,70.4719,49.2462,84.5709,31.1712,57.7677,27.5562,57.5459,23.8502
"ARCN1",158.3802,174.8592,174.3573,130.5134,183.7263,158.6064,95.1422,160.8263,170.2006,131.8702
"EPB41L4B",78.9791,62.2383,69.3345,100.0145,110.4121,67.2102,60.4932,71.913,147.4244,69.707
"TMEM38B",12.75,13.1138,16.6646,17.9386,15.2597,24.5003,38.785,13.7725,26.5819,11.2442
"PSMD5",24.25,23.164,37.9244,27.1588,24.9517,26.9801,19.56,25.3394,26.0105,18.5986
"PTGS1",59.0115,85.9657,219.1297,70.3407,13.3818,148.8509,20.3432,185.9918,13.4941,91.1714
"NUP188",16.561,31.5257,21.5545,17.3591,28.9727,13.2079,6.1006,28.5477,17.3436,21.1584
"CRAT",51.1978,41.8607,72.785,77.1091,93.231,48.7767,34.6073,63.395,78.3645,48.5144
"SH2D3C",8.1347,5.5876,8.7897,10.5799,3.6208,6.0804,3.1942,7.9599,4.9824,9.0567
"NANS",92.2585,89.4974,35.4456,48.9156,92.8558,70.2583,64.7172,56.2777,82.2113,60.8724
"TBC1D2",24.53,36.4184,19.2891,21.2562,45.9193,14.9784,13.951,21.6453,30.9508,21.2387
"WHRN",3.4653,5.5483,6.715,3.6581,1.894,3.5744,1.1622,6.4027,3.973,3.9999
"CWF19L1",12.6304,12.3389,10.7586,11.9846,15.1696,17.5469,21.1263,12.9499,12.2288,9.9869
"SEMA4G",68.8268,45.8621,33.2729,45.2145,82.9775,33.9129,31.3341,44.4247,63.792,43.8753
"BTAF1",11.5448,11.5641,17.4844,14.1794,9.8741,10.0826,5.0454,15.8137,10.954,8.2116
"IKZF5",12.3121,7.6503,19.737,13.1458,8.769,19.8523,15.8865,11.1485,11.1429,8.7567
"BLNK",9.1988,6.9272,7.2262,11.9703,9.0814,5.6644,5.9689,6.7081,9.5301,8.4529
"SORBS1",84.6331,88.5836,328.9496,107.8582,12.6099,188.8096,28.6141,196.3308,10.159,100.6447
"BAMBI",9.7648,18.6432,6.8806,17.1154,21.8863,13.8807,12.1795,15.4406,3.8156,16.0237
"IL11",0.1902,0.0793,0.1707,0.0563,0.1614,0.0579,0.1733,1.0277,0.0888,0.1542
"WAC",37.0219,33.6789,58.9097,39.754,33.7149,44.0226,21.0974,40.7983,34.4777,35.2947
"CREM",11.6923,14.619,9.8808,7.5606,4.7265,18.9077,11.0387,27.1284,4.6995,9.7277
"NUBP2",23.1393,22.9809,21.0101,15.8058,30.7968,29.2723,31.2087,23.2707,17.1547,24.4476
"SMIM24",47.0222,30.0815,18.4555,22.3799,49.2471,52.1347,89.3417,24.9455,93.6844,39.6986
"HIVEP1",5.6938,8.7478,9.1538,8.3166,8.6781,4.6703,2.2769,11.1437,6.8834,6.9372
"TREM2",6.3272,9.6501,3.7567,3.7836,3.2887,25.4865,26.2133,9.7157,0.7236,6.6939
"FKBP5",19.3315,39.2952,17.6754,26.5153,35.3427,31.474,8.3518,23.1177,49.8036,20.4813
"SRPK1",21.4371,21.5192,21.5556,18.5058,31.5054,17.7354,17.4938,22.4148,23.575,16.098
"BRPF3",48.1395,32.3432,49.1971,42.1809,51.8415,27.4543,21.0709,39.7546,47.0542,36.6474
"MRPS18A",42.6676,65.2532,27.721,30.5122,61.2929,51.9422,60.3551,58.4318,38.332,40.9594
"EFHC1",1.0684,0.656,1.7644,1.0897,0.4813,1.3736,1.093,1.1287,0.9023,0.6332
"HSP90AB1",743.5206,1137.2072,926.9255,661.0732,912.8987,712.4955,533.7018,1052.9268,603.8079,735.9111
"CDC5L",24.4964,25.0907,38.2439,26.4936,26.3117,29.2895,17.9507,29.8779,23.2218,24.3495
"ITPR3",41.8337,59.8946,33.1107,36.6798,90.3287,12.7317,12.4453,55.6315,87.8126,39.7468
"DSP",94.4901,194.8329,104.4776,134.9591,231.8992,50.0788,37.684,170.6857,181.7012,141.5966
"SIRT1",21.3753,28.3532,37.675,25.3187,15.2861,29.4697,13.3045,44.1382,17.5873,21.1609
"HNRNPH3",58.8891,50.7872,88.5211,66.1037,52.6977,63.8582,31.1278,70.414,71.5403,53.5784
"IFT74",9.0588,5.9397,13.8433,9.6684,8.8152,12.3468,10.6126,9.0627,9.6149,8.1006
"JAK2",8.9287,7.977,16.3915,11.0402,7.031,12.9301,6.4714,9.5242,9.7695,8.2115
"IL12RB1",4.0247,2.8214,2.0664,5.8985,1.4882,2.6557,3.5068,3.0714,1.2188,4.499
"ABL1",71.4576,96.9989,96.9753,64.4127,70.6337,64.5313,25.3145,137.7068,46.7889,66.3951
"ACOT7",34.6126,62.6577,39.8562,34.0271,86.3037,35.7485,39.8119,59.9153,61.0363,54.5387
"SH3GLB1",67.8829,62.3985,106.8106,79.5545,66.695,93.508,69.2669,72.328,78.847,61.3782
"CDC7",3.1849,4.7655,4.2925,4.9396,7.3243,3.7695,3.0576,4.8679,5.3281,3.8725
"PCSK5",9.7717,10.7903,13.2587,16.623,18.2652,5.5551,3.9801,12.7154,24.1618,11.2941
"SCD",86.0166,45.7599,67.1875,21.6148,123.0266,38.0144,20.3104,82.1329,166.0609,37.683
"TMED1",11.6543,9.0191,9.2675,7.4369,9.2003,11.9739,15.1651,10.3666,7.6547,9.425
"ABLIM1",50.7146,86.1346,65.7612,50.2585,73.3484,38.363,18.5698,67.1503,68.1865,48.324
"RAB18",45.3214,41.9168,64.6575,43.3458,39.6308,80.9711,51.9885,45.8716,47.2503,36.4522
"NRP1",16.9915,9.7379,30.8149,12.9776,5.93,15.4343,7.1054,23.5611,7.9018,12.2125
"PRTFDC1",10.5438,12.2239,27.4948,10.8909,11.4666,24.951,17.6564,18.3338,8.3535,10.8168
"TSPAN15",143.0688,145.178,115.5512,111.274,181.2293,135.5384,147.1585,134.2885,137.255,145.2953
"MACROH2A2",4.1909,5.6012,4.6414,3.2317,5.5934,4.5102,2.4414,5.9645,3.9439,4.1293
"WASHC2A",24.9389,18.2897,33.9126,26.851,23.5052,23.4727,12.0714,24.5777,37.3934,23.7693
"MAST3",13.2098,13.8316,11.2984,17.6308,18.4417,6.4105,5.4034,16.5539,21.2839,17.5924
"MZF1",4.8922,3.7347,4.0802,5.4114,4.777,3.2738,2.66,5.4806,4.6443,4.5925
"MYO9B",23.8792,32.6776,24.875,30.7812,28.3708,15.0087,8.2296,32.6415,21.8806,29.2962
"PSMD8",120.8373,144.0448,104.75,92.1898,149.674,153.9944,199.5961,120.5684,114.8639,123.1199
"FBXL19",10.3982,12.7265,9.0568,9.6774,16.64,5.5293,3.7471,13.6429,9.9353,11.65
"HSD3B7",9.4522,9.4897,12.8126,9.8623,10.8371,9.8381,8.2796,10.9896,8.8149,12.1687
"SETD1A",15.2303,20.6249,22.2508,15.262,18.9287,13.0662,5.9819,22.0703,13.48,18.5185
"BCL7C",17.7349,16.2849,16.5717,11.4,16.112,22.1372,25.2399,17.8741,10.4451,17.3902
"EFNA2",39.868,58.9924,16.3669,32.8786,75.9446,32.8443,25.6519,35.0893,58.5463,48.8715
"CIRBP",92.8633,98.0277,138.0388,103.4233,59.9284,121.8213,38.8288,126.1297,72.0214,91.362
"ATP5F1D",134.2792,170.3252,80.5202,91.473,237.2359,117.6783,137.9741,139.8411,135.4347,158.3673
"HNRNPM",87.5044,152.7634,104.733,87.2977,163.5369,71.5562,39.3915,152.5355,113.6777,133.5426
"MARCHF2",56.6679,59.0183,118.9694,50.7857,28.6877,109.7055,60.1876,72.8965,36.7586,62.8461
"NDUFB7",569.6165,552.8326,385.6448,376.2215,606.0669,742.033,1449.832,523.9451,465.5076,573.3039
"TECR",50.4082,49.9582,37.4858,38.8967,71.229,40.0289,43.0509,45.5534,61.8837,48.4334
"TIMM13",99.4074,115.8685,59.3308,63.287,159.7136,89.9604,134.0541,103.4719,94.7624,97.5603
"CDC34",73.4298,71.2108,75.3412,62.1244,96.3344,81.2052,70.6301,82.02,64.3447,98.495
"MTAP",4.11,4.3863,8.0735,3.9409,4.6141,5.7313,2.058,5.3523,3.0546,3.7096
"MISP",362.5033,600.4902,252.8899,466.3559,728.5885,260.2433,209.0362,543.3012,787.7848,611.4029
"POLR2E",77.1582,86.6169,72.7177,55.4061,99.8161,71.3134,52.8415,93.4459,58.7374,68.1217
"POLRMT",21.5755,21.1769,20.2519,20.7675,39.2091,14.1255,12.9305,28.2426,22.6754,27.1151
"CDHR5",215.478,303.9928,169.4498,322.6787,482.4514,144.4016,156.6513,201.7626,642.4043,348.6694
"RASSF7",52.9903,56.4581,26.6531,47.6123,97.8828,39.6242,101.5709,42.5914,83.399,66.4635
"GADD45B",41.8414,51.6592,24.8843,57.9588,9.6794,30.8926,15.8129,100.7082,10.5627,36.6738
"PALM",16.1481,19.1124,41.9102,15.4277,6.0508,24.0834,6.6533,38.7052,6.5817,25.3154
"MADCAM1",7.3051,9.037,2.3112,9.3806,6.704,5.7337,1.8761,15.3993,6.1298,12.1352
"MKNK2",169.682,91.6049,131.9812,180.3505,160.976,117.3884,77.7934,134.0808,128.1232,160.7383
"ARVCF",6.2369,5.0217,8.1909,3.9696,4.4301,5.5156,2.0583,7.6914,3.5148,5.5593
"TRMT2A",12.6522,8.7559,10.5424,11.2403,14.4992,9.4892,10.998,9.7853,9.2184,10.4047
"RANBP1",28.2947,42.02,28.5123,28.3869,47.6305,39.1299,34.2068,40.0288,39.9451,33.094
"ZDHHC8",13.1195,12.1713,12.2654,10.3789,11.7072,8.2345,5.2004,14.9575,7.6023,13.3305
"KLHL22",9.4103,8.8749,13.1753,8.6333,6.2221,11.863,5.5398,11.799,4.9363,9.5013
"MED15",21.2977,26.5243,23.5098,23.7953,28.8303,14.4596,9.5914,23.3419,28.0703,26.1476
"SNAP29",27.1217,23.655,40.5931,27.2866,26.0305,28.3957,21.0109,23.4391,26.9813,21.1191
"CRKL",50.5145,45.3266,74.0103,57.6881,55.1607,48.3385,29.3478,50.7985,42.8529,49.3768
"LZTR1",2.9428,2.951,3.6574,4.1169,2.5909,2.9407,1.6815,3.9607,3.0424,3.0413
"MMP11",4.4028,2.3513,6.5511,4.1695,3.5249,4.2156,4.2872,4.2968,2.1545,5.4536
"SMARCB1",13.8102,17.3925,11.7544,13.6472,17.4703,13.4159,10.9868,14.5629,13.1665,15.0583
"DERL3",11.877,4.0426,3.8771,5.3183,3.782,4.697,6.5312,4.9499,5.0933,4.5418
"SLC7A4",4.4706,5.0932,3.3954,2.552,6.3106,3.1009,2.354,3.9535,3.2989,3.982
"BCL2L13",27.6194,24.4292,33.1436,25.5913,26.9654,32.9735,22.9619,29.2068,24.3341,24.3137
"OSM",1.0309,1.0495,0.4732,2.6941,0.113,1.0944,1.123,2.5157,0.2237,2.2348
"CABIN1",23.2253,22.1098,33.9246,28.0036,29.5824,15.3672,9.2642,29.8979,25.4309,26.832
"TBC1D10A",6.4889,5.9458,5.1311,6.5701,7.3045,6.3039,7.7472,5.6448,5.9075,7.199
"SUSD2",5.9251,5.5972,12.2802,4.9403,1.5983,4.3008,1.2741,8.9246,3.0144,4.9297
"SF3A1",73.1774,77.2689,84.9719,63.2183,77.3911,52.7924,28.6159,91.695,61.6705,68.8958
"GGT5",5.9746,9.9463,7.2176,9.2948,2.8631,5.4421,2.8907,9.923,4.8035,11.3145
"SPECC1L",12.2767,14.1984,16.6384,22.8177,21.694,11.1591,6.5037,18.0544,32.031,23.0661
"PPIL2",17.2181,15.8766,15.9964,17.8966,25.0437,9.8759,8.2981,17.4819,20.7059,19.2367
"SNRPD3",39.659,39.506,55.3058,33.3918,51.9529,45.7325,26.0316,50.0348,37.9389,35.318
"PES1",39.7016,64.5478,37.3367,28.9368,64.3807,40.1393,26.6507,43.2479,43.3562,43.0782
"MAPK1",67.7709,91.7794,105.246,71.5008,93.1783,72.9673,43.353,91.2612,93.7679,76.8807
"PPM1F",9.5485,7.3263,15.9468,8.6013,5.059,8.8286,3.4824,14.5739,4.9166,10.2531
"CRYBB3",0.4767,0.4347,0.5346,1.5859,1.5724,0.7253,0.6978,0.681,1.9462,0.6037
"CYTH4",12.003,4.6666,9.6524,11.9434,3.8891,7.7916,9.6952,6.014,2.0527,8.0995
"ESS2",6.1781,8.0583,10.6443,5.2453,7.3426,8.4973,4.9693,9.6811,4.5935,7.9281
"MFNG",17.2107,10.886,14.9443,21.4267,7.4222,15.2539,12.3447,14.3051,7.6522,19.1571
"CARD10",25.4453,52.8044,20.0652,26.5497,53.8146,15.1971,11.4631,30.7233,41.4232,39.8308
"SLC25A1",150.3589,184.7732,113.0892,119.4182,295.9208,126.5784,128.9987,164.7437,328.4493,175.2036
"GRK3",5.7679,5.5918,9.5397,7.7817,1.14,5.2025,2.4552,7.6849,1.9565,5.2452
"LGALS2",306.2122,169.2434,108.7523,184.0265,225.7227,281.2365,987.4276,111.1948,89.8924,208.0854
"GGA1",18.5585,20.8987,16.9414,20.4864,27.1905,16.2286,10.766,22.1025,20.2636,17.7288
"HIRA",5.5696,11.8576,6.7194,7.2192,14.7094,4.5081,2.976,9.0615,8.8657,8.5851
"SH3BP1",6.6571,5.4511,5.496,11.4765,16.7218,3.3926,4.5956,6.7541,18.9589,10.9782
"LGALS1",520.8951,653.2709,1167.3839,319.0354,152.3252,1142.5522,771.7482,790.2108,139.837,672.783
"HPS4",8.2145,6.3412,9.2136,7.4336,7.409,7.2344,4.6077,8.4091,6.8028,6.0736
"SRRD",6.8059,7.0693,10.4345,7.116,6.448,10.0873,5.3106,8.0024,4.3481,7.1709
"PATZ1",15.4928,16.4411,29.4846,16.734,15.9995,17.5014,8.0023,18.0926,9.3607,19.0936
"TRIOBP",31.9772,38.4057,42.4181,28.8918,33.1406,31.1574,16.9029,41.6517,21.5502,31.9731
"TFIP11",12.8952,15.1895,14.008,12.9012,15.3249,12.5209,8.085,16.679,10.7721,14.9177
"GCAT",23.3391,20.8913,10.7417,9.9626,26.5887,18.735,25.1663,16.0901,20.2431,16.6741
"ANKRD54",12.5096,16.7887,14.2846,13.0925,17.9482,15.4337,14.1489,13.407,12.5265,13.8512
"EIF3L",168.5551,128.04,213.5958,96.4229,135.7745,194.0203,125.6826,168.2484,77.5969,122.0895
"SNU13",102.8793,117.7555,97.9407,74.4023,117.3884,127.4722,131.4025,113.7778,79.5633,93.4143
"MICALL1",22.2366,28.276,51.8336,26.4181,20.3549,28.9277,8.8527,44.2285,15.6007,29.8052
"POLR2F",16.0362,13.4189,14.2964,10.4695,14.7581,20.1326,30.8559,15.2714,12.9011,14.0021
"DEPDC5",2.3473,2.2333,2.2895,3.0128,3.6881,1.7297,1.2092,2.3944,2.9703,2.4302
"PICK1",12.6339,20.1295,9.934,12.977,24.2767,11.4039,8.4322,17.2433,17.2218,15.1986
"CENPM",11.062,24.4259,9.6115,17.0458,42.3356,16.1245,30.2662,25.5268,32.3293,31.915
"SLC5A1",36.7263,29.6067,12.5939,21.4081,31.988,17.2558,19.7918,15.1776,60.3841,17.8394
"KDELR3",65.4038,62.7315,24.1794,16.8535,57.7034,52.3564,55.7904,27.6956,41.8767,38.2889
"CYP2D6",1.0113,0.4831,0.4915,1.6823,2.4226,1.7954,1.8917,0.6348,2.3595,0.6191
"DDX17",118.8923,95.4648,175.1183,138.0889,95.1752,122.8774,64.0223,150.7916,113.5273,79.1189
"HSCB",14.4002,12.1246,17.918,10.8279,14.6291,27.9376,39.4823,11.3211,9.319,11.4668
"CBY1",23.888,16.5767,30.2505,15.8806,17.8727,35.9544,27.8938,23.2859,15.0513,20.7969
"TOMM22",119.5144,119.4865,101.2585,91.1057,170.7594,189.0075,292.4115,110.248,116.8967,105.3426
"XBP1",327.5837,266.1299,181.0758,162.3251,283.0796,291.5249,324.204,274.1702,199.9542,201.309
"RTCB",120.6469,158.1798,114.5387,85.8559,184.4687,140.282,103.9544,133.0507,168.796,138.3048
"JOSD1",79.3242,124.8322,63.9429,85.1149,109.1161,75.5145,55.7168,147.0161,105.9627,100.8268
"FBXO7",33.7552,36.5049,42.0967,30.349,38.4695,36.6182,21.8996,37.6048,30.8083,35.4987
"GTPBP1",24.5223,46.7113,27.8195,28.3246,36.0068,20.7214,10.5704,36.3196,32.8868,32.7885
"POLDIP3",78.1322,71.0227,102.6084,71.5314,87.7558,70.6189,48.0921,75.8984,68.7312,79.7189
"RAB36",4.4655,3.9175,6.0542,2.3844,2.385,5.2285,1.4204,6.4824,2.0837,3.5443
"TIMP3",152.2768,233.2022,487.0939,149.8546,68.4975,231.0299,48.6973,321.3145,88.0466,223.5308
"PPP6R2",33.1148,30.0889,30.5737,32.8551,37.1984,27.4057,18.639,36.6019,34.2789,31.5173
"SBF1",28.8458,29.0947,28.8592,31.0496,39.6942,16.8871,9.3698,38.207,26.1222,32.9743
"SUN2",39.8269,67.3791,66.8731,51.4729,55.9473,40.0092,13.9854,73.2307,48.0633,68.4907
"CYB5R3",108.9879,142.8114,159.3781,93.3391,136.4085,126.3185,62.9395,157.8002,112.6589,132.1318
"DNAL4",24.8848,13.8977,18.8093,15.2208,22.8813,23.9902,20.0234,17.8607,20.1194,17.6098
"PACSIN2",101.8426,157.9594,110.8272,121.2565,183.5592,87.5901,61.0107,132.4612,189.6474,154.097
"TTLL1",7.3361,5.5999,13.4575,6.4118,4.4982,8.8809,4.081,10.3987,4.2843,6.3003
"AP1B1",65.5195,93.8351,53.711,71.5629,112.9329,46.679,33.1007,85.7444,87.5031,85.6418
"HMGXB4",13.9531,12.9522,18.8884,12.2036,12.2796,20.5743,17.2182,14.9374,16.8346,10.6744
"TOM1",25.346,26.2287,19.0646,23.3084,31.0065,19.7733,16.4454,23.3575,36.2912,25.9016
"BIK",43.1226,34.674,13.8418,40.2387,64.8279,30.0793,71.5877,33.2266,26.4961,38.8089
"HMOX1",65.8335,57.4288,59.4623,96.1046,85.8691,60.0069,58.7009,42.4624,55.5632,85.9563
"MCAT",18.9359,22.8936,16.0327,12.7072,35.2526,17.8147,16.4823,17.8349,23.2176,19.2084
"THOC5",9.8486,9.652,11.8357,9.0743,10.5441,13.3729,8.5997,12.604,7.7448,9.8415
"MCM5",19.7522,26.6887,19.2939,26.0769,36.6785,13.642,10.8994,27.899,19.3081,29.5024
"ARSA",46.5635,48.9707,25.3463,43.2124,51.2154,25.4731,17.2463,38.9351,62.6725,51.091
"TSPO",384.6567,374.1253,187.4553,204.0022,589.1132,303.1625,500.9516,302.3117,334.8411,344.8861
"RASD2",21.0602,50.3885,59.0859,27.4698,13.1913,39.2893,6.7502,56.7214,11.6547,33.1844
"TTLL12",70.9442,69.1227,48.4651,54.1135,143.4324,42.7768,52.2663,63.4275,72.1254,60.618
"CBX7",26.2939,20.964,58.6774,30.4967,10.3335,47.1857,13.0858,45.0111,9.5931,26.4695
"PDGFB",8.7288,11.7187,20.8382,5.9252,2.61,10.8748,3.6533,19.835,3.5332,10.8358
"RPL3",1687.132,1324.0433,1455.4912,911.4622,1441.1556,1855.9077,2162.7312,1422.3224,909.2742,1278.1022
"ZMAT5",6.1451,5.2934,7.5987,4.967,4.7115,9.7871,8.1205,7.0958,3.4667,6.3878
"RBFOX2",32.2012,29.4183,76.0417,29.7105,17.6788,45.4945,12.9996,53.9301,18.1793,29.485
"SYNGR1",7.4801,6.7637,16.4649,8.1733,1.6535,9.4612,3.3718,14.1245,2.0095,8.0849
"TAB1",25.7543,19.7547,30.2643,19.5354,20.1883,25.8756,17.2363,24.7696,16.4789,20.7572
"ASCC2",33.5673,38.3809,30.1673,37.1845,56.3146,27.8448,21.4724,35.9114,48.5089,38.2731
"MTMR3",2.1684,2.1742,3.7708,2.8331,2.2961,1.9202,0.8378,2.6703,2.5956,3.0321
"MIEF1",19.8717,23.5452,24.3204,18.5954,27.5697,20.4603,13.688,24.4922,23.2734,17.7573
"APOL4",6.4829,2.6204,9.8159,4.4574,1.9088,3.6485,7.3757,1.6083,1.8103,4.6701
"APOL1",39.8356,29.621,54.9591,54.3073,24.6879,34.6583,26.2438,46.9134,48.5101,40.2589
"MYH9",355.2159,676.9693,508.3708,556.929,699.8969,217.1107,102.7202,688.5728,623.3683,602.9332
"SAMM50",23.4293,27.3783,25.1708,20.3423,33.9551,25.905,19.6905,25.8699,24.1177,24.1262
"TXN2",187.1021,165.832,138.8375,128.7894,275.3155,217.718,295.6537,155.6105,190.5085,159.955
"FOXRED2",7.2091,9.2653,10.8987,5.8964,6.4467,6.054,3.2911,13.1483,4.8672,7.7348
"EIF3D",180.0329,169.1448,188.6764,119.1866,191.2418,195.1354,174.0093,164.0194,130.4017,143.9174
"TNRC6B",4.2135,4.6706,8.3149,7.4545,6.6075,3.2136,1.5215,7.9719,6.9975,5.7483
"IFT27",5.5848,4.0775,5.5928,4.3077,5.0899,4.8977,4.8834,5.2869,4.9864,4.518
"KIAA0930",22.1325,28.7027,26.1546,20.5284,22.4805,20.3449,11.0886,25.7705,15.5437,22.8518
"NCF4",24.5503,17.2177,13.4732,23.719,10.4008,21.2587,31.1762,20.1408,6.2994,22.8238
"CSF2RB",21.7149,16.4726,16.982,28.0634,6.6778,9.6319,7.0408,18.3819,10.5916,17.751
"SLC25A17",11.4812,11.3414,11.2061,9.4232,13.3369,15.4693,13.6934,10.6813,10.5479,10.0157
"UPK3A",2.3968,1.4695,0.253,1.9458,1.1074,3.5757,8.7449,0.6836,4.3128,7.3809
"KCTD17",22.5461,17.306,25.4947,21.5766,21.6809,22.622,12.6822,28.1172,15.7282,21.5479
"ST13",207.7537,164.7869,303.6508,144.6337,140.2693,265.6203,149.5049,219.8146,116.4789,153.3609
"IL2RB",11.1126,9.526,7.6557,20.9962,9.1541,5.5864,7.6318,15.3598,3.9954,16.6663
"RBX1",46.2315,40.6663,41.7746,34.1806,41.2756,78.0731,115.6432,42.8634,37.5947,44.6237
"EP300",30.3954,28.7707,46.0429,34.9327,30.2414,21.9463,9.1169,40.1085,27.2509,26.2949
"L3MBTL2",10.0225,13.704,12.0756,10.79,14.6215,10.5811,6.1152,12.8045,9.3982,12.7548
"RANGAP1",25.7217,68.9793,31.2683,29.363,64.6037,26.0602,16.3883,49.0777,39.4638,42.0815
"ZC3H7B",30.2069,33.9229,40.9544,25.9663,37.4693,25.3886,11.5104,46.6359,23.9176,29.9743
"PHF5A",59.8016,71.2119,57.5707,44.37,65.1918,118.991,157.5079,68.2525,50.1668,59.5203
"ACO2",43.1632,58.6605,39.0511,45.1322,72.0755,36.2209,26.2365,56.7286,71.9801,48.9922
"POLR3H",6.1296,9.6479,7.0233,5.3309,8.8623,5.721,3.1744,9.0313,5.7637,7.2825
"TRMU",4.0947,5.2069,4.829,4.4614,8.4426,4.9612,5.8603,4.128,6.0424,4.3729
"PMM1",18.274,10.3742,15.8893,15.6258,17.6128,17.9509,24.1067,14.5588,18.0038,17.2708
"DESI1",20.0605,23.9429,20.6094,18.1316,31.4406,19.9989,18.193,22.4885,20.8124,20.3893
"CERK",50.334,35.1018,50.2681,55.7708,62.5267,48.9816,39.5186,53.1435,52.3971,46.7604
"BRD1",22.6416,26.2049,33.4089,25.5088,25.9117,20.0098,8.7707,32.3182,20.453,24.7416
"HDAC10",0.1955,0.2467,0.1662,0.3347,0.2231,0.1879,0.1741,0.2138,0.2881,0.2294
"ABHD4",25.6846,20.3788,37.5311,24.4865,20.256,26.0564,16.1735,23.2002,18.768,23.5898
"KHNYN",28.005,24.4785,29.3812,27.7977,28.8785,16.9747,11.0786,30.5739,29.112,24.2268
"FKBP3",36.9414,34.6802,42.2529,38.6796,41.2255,54.2616,50.7062,38.4043,44.5738,36.6097
"GZMH",5.1961,2.5684,4.0372,5.6239,1.2117,7.0104,5.3673,3.8959,1.4165,3.1481
"GZMB",5.2713,3.4622,2.2675,3.2566,2.0417,2.8569,6.8122,4.8765,2.4148,3.2925
"RBM23",15.3681,17.503,15.2356,14.4458,16.909,14.6728,10.1785,18.8131,13.1443,15.6048
"PRMT5",17.7276,22.0438,18.2492,11.9569,24.0369,19.2147,16.4309,19.921,13.8353,14.8112
"COCH",0.7583,0.6718,1.7915,1.7566,0.7504,0.4808,1.3485,0.9848,0.9829,1.3446
"AP4S1",3.3617,2.8157,5.6797,3.9621,2.1397,5.6885,5.0135,3.4076,1.4685,2.7593
"POLE2",3.4135,4.8697,3.6503,4.0532,6.4833,5.1681,5.7429,4.1376,5.5239,3.7557
"VCPKMT",6.619,7.0024,9.8308,12.7931,6.5889,12.7505,8.7096,9.9934,7.9046,6.8825
"SOS2",28.2507,22.9273,42.207,37.6319,26.1637,28.6745,18.2708,29.9686,31.7615,26.1808
"NIN",9.234,7.6192,14.2742,12.1496,5.5624,7.999,3.8517,8.5712,4.7589,7.8175
"PYGL",35.1764,29.6569,36.2959,21.6906,39.4387,16.0466,20.0503,15.2872,29.1262,19.5983
"PSMC6",24.3377,24.175,29.6644,21.9067,26.5595,38.6726,43.6616,22.71,25.4275,21.3059
"GNPNAT1",18.294,24.6828,16.0486,8.3406,31.1918,21.7679,21.2756,16.961,23.0207,11.0832
"DDHD1",2.1789,1.6788,3.8054,2.8817,1.842,2.5606,1.4104,2.9378,1.5868,2.0252
"CDKN3",7.9634,12.0313,8.5638,13.7857,27.695,23.8982,37.8027,11.3295,26.0676,15.1257
"CNIH1",68.8993,53.4171,83.7273,51.4199,64.7759,129.2952,172.9565,58.4441,61.5247,50.2404
"CGRRF1",10.9125,7.3571,15.5204,11.5636,7.962,26.9885,31.5924,8.253,8.3996,8.6731
"ATP6V1D",45.2699,55.1502,50.9048,48.3509,59.8182,65.5839,60.5305,43.7936,71.0665,50.5612
"PLEK2",44.4499,116.42,27.325,26.2138,113.1369,69.962,80.6973,65.8826,59.189,50.4342
"PIGH",10.3394,10.2656,11.069,8.7586,10.3397,15.867,15.5521,11.8166,7.932,9.482
"PSMA3",58.4204,64.311,66.4932,57.6543,62.8199,94.6626,97.5682,62.6048,65.3902,54.1937
"VTI1B",22.6102,24.5982,30.2387,23.6121,21.7017,27.8475,19.0779,28.0978,25.0162,22.337
"TIMM9",28.8537,24.7874,40.6066,23.9924,30.0433,53.9256,46.9555,25.4178,23.5029,26.028
"GSTZ1",9.2813,8.5379,6.8191,4.9349,15.6013,6.9042,9.2957,6.6817,9.0274,8.8057
"KIAA0586",2.4218,2.2967,4.3199,2.8419,3.1192,2.2732,1.5813,3.0385,3.1056,2.285
"TMED8",10.5878,11.8706,15.9717,15.9665,8.3521,11.5568,4.0059,13.7283,8.0862,11.6326
"AHSA1",93.8235,110.0773,97.3751,72.9492,116.629,94.3213,92.4774,108.5003,75.6588,89.7188
"DAAM1",12.0463,12.0059,22.9131,15.3864,11.2283,15.2771,6.7206,15.263,11.6136,12.124
"SPTLC2",34.858,35.7968,44.2909,43.9913,56.5818,23.1351,15.4998,36.1516,46.3449,36.7468
"RIN3",13.1234,13.8258,18.8285,11.6605,13.4537,12.5182,6.4563,18.8508,7.7083,14.5646
"LGMN",223.5947,153.3535,126.9316,128.2299,124.8689,172.8634,94.5266,158.3356,92.2814,117.327
"ALKBH1",11.2194,8.7847,13.6462,9.2077,10.0179,13.9141,16.0428,8.3474,8.7115,8.8841
"SNW1",63.5748,55.8726,78.5208,54.7311,58.9527,68.1182,43.8845,58.3043,59.7221,56.9672
"CHGA",665.0132,596.4413,223.3038,179.1799,361.7485,151.3515,173.025,259.953,196.1572,295.1169
"ITPK1",59.3917,87.6185,76.5099,58.61,88.0394,54.0595,29.5523,81.7784,86.8006,78.743
"PPM1A",23.9637,17.5929,42.1636,29.7469,23.6789,36.1272,25.1977,24.2262,33.0343,23.4185
"ASB2",20.5515,20.29,61.2791,25.6951,2.7217,41.3708,10.713,42.5983,1.9272,32.1851
"CEP128",0.9205,1.2263,2.0916,1.2564,1.4426,1.3925,0.5245,1.7147,1.2369,1.4128
"ERH",182.4908,143.7939,190.3829,146.2583,160.0502,293.4395,333.4158,149.6081,162.2502,137.4176
"HIF1A",68.1721,74.6138,64.2254,61.2604,73.9009,64.985,31.5557,70.695,77.4848,45.5859
"SRSF5",128.0771,143.5784,121.7025,168.53,113.2123,156.5335,71.3884,197.6751,140.7271,120.9669
"EIF5",86.6924,105.3057,149.055,97.2717,108.8854,145.4717,115.8124,123.0253,96.4427,79.4943
"DICER1",14.0055,17.2658,24.735,18.7015,18.7327,13.444,5.5102,18.9592,17.1538,12.7622
"MTHFD1",11.0125,14.5363,13.5308,8.7312,18.9693,9.7283,6.7333,17.6762,13.0853,11.5135
"ZC3H14",7.7903,6.1425,10.3089,7.3004,8.0764,7.3837,5.1553,7.8392,6.7812,6.1014
"TELO2",16.7889,29.9508,18.8692,15.9045,30.1524,13.1123,10.243,24.8974,18.5993,23.9888
"BDKRB1",3.5008,3.2908,1.503,3.6204,3.9675,3.9545,2.3196,6.7165,4.0755,8.8135
"GSKIP",79.522,75.7372,69.0354,62.6613,101.2974,165.0918,219.5251,63.3476,136.8412,66.0858
"VRK1",12.8794,20.446,16.8953,16.0166,24.0075,23.4428,20.1958,21.7322,23.3667,17.1222
"PSMC1",8.4366,10.5957,9.2174,7.0179,8.1083,12.193,9.1718,9.9312,6.9684,8.7336
"RPS6KA5",2.334,2.5087,5.4785,3.4189,1.8395,4.4299,1.3882,3.9987,1.8661,2.2302
"PPP4R3A",34.0543,40.3278,48.8455,47.5774,44.4172,38.2363,22.7171,46.7513,39.9677,36.6446
"PSMB5",174.3068,190.7339,140.2183,99.2064,176.1896,195.3802,202.8502,170.3697,142.3121,148.4575
"YY1",42.6267,38.8521,63.1679,43.25,47.6896,48.8665,30.0037,46.9969,41.8185,39.7168
"ACIN1",41.001,42.0485,51.336,46.6608,47.6251,29.128,15.652,51.1974,43.5768,40.5866
"CCNB1IP1",24.3228,16.2906,27.2004,16.5396,22.2461,37.3915,49.2852,19.8483,17.398,16.0046
"TRIP11",12.9962,9.7527,19.3456,14.017,12.7445,11.3308,6.0589,14.1201,13.484,10.1973
"APEX1",200.8033,151.9508,178.8523,112.9932,217.2135,218.0549,246.8128,172.3692,122.4709,136.6551
"PABPN1",3.851,3.6441,3.8207,5.5583,3.8402,2.26,1.659,4.1786,4.334,3.1696
"EFS",7.8084,4.9063,14.2939,7.2163,1.7509,9.3189,2.1714,13.085,1.91,7.545
"ARHGAP5",13.4377,16.3035,24.4401,12.6055,11.7833,14.4605,6.5389,17.6559,13.2671,9.9558
"CINP",14.1754,12.1621,14.0952,10.3041,15.5887,16.6677,23.6059,12.8954,11.1503,11.4847
"SRP54",18.6719,20.6774,19.5293,17.266,21.4898,19.2318,13.7241,18.694,20.0223,16.4775
"CHD8",10.2456,9.2094,14.6589,10.9616,10.1287,7.6696,3.4833,11.769,8.7774,10.1744
"PCK2",97.5698,86.1647,64.8451,86.9969,134.4238,61.9318,72.0192,79.8303,144.8943,87.9382
"PRORP",1.873,2.3701,2.6155,1.9398,2.8301,2.0295,1.8019,2.6048,2.2899,1.7797
"DCAF11",47.4217,40.1384,38.2209,39.4319,64.4461,43.2167,35.4104,43.9767,59.4476,46.5136
"PSMA6",1.9262,2.2445,1.2224,1.702,0.9594,2.0971,3.1892,2.2047,1.425,2.0866
"NFKBIA",187.1228,506.519,103.7509,153.1039,111.3601,114.5003,82.3104,299.111,109.7842,127.4027
"EMC9",13.4804,18.8569,11.3189,11.9314,27.9157,21.4877,22.9578,15.2033,22.3123,20.894
"PSME2",87.9211,93.3915,63.0349,78.2099,101.4054,88.9485,113.4815,86.7813,122.4635,95.1384
"BRMS1L",5.2034,5.1497,11.5062,4.3328,3.0218,11.7372,6.8564,5.9523,3.9854,4.4735
"REC8",3.2072,3.8264,7.2769,6.7608,1.0867,4.9207,1.621,7.1462,3.1126,4.1494
"TM9SF1",2.5833,3.4748,2.5119,1.6645,2.802,2.0643,1.6338,3.4636,2.4243,2.5444
"SEC23A",30.625,36.2439,77.9758,39.9695,29.0863,59.0452,24.6712,53.0815,55.3022,35.6681
"GMPR2",55.2089,38.5886,51.5795,46.2505,52.327,60.7063,64.5683,42.1353,50.6872,40.1795
"PNN",44.7136,39.1141,55.2656,51.6351,43.0685,38.1982,18.2325,51.7828,52.1658,32.8281
"RABGGTA",21.2972,24.4004,17.7412,19.6556,28.6871,18.1066,16.7361,22.5451,23.8945,24.3168
"NFATC4",8.6345,7.3888,16.3931,9.4909,2.8171,12.7625,2.4671,16.7061,2.1319,9.1649
"PLTP",189.6402,76.2747,100.1554,70.4966,29.8181,82.6469,45.2369,127.8747,28.0656,48.9574
"GSS",40.6244,40.4922,28.5685,28.3796,62.7248,30.0104,36.5316,37.7609,42.5492,36.0978
"MMP9",12.5833,26.5044,8.4135,48.1446,3.9876,8.6614,10.8402,36.2526,3.7991,32.9024
"TRPC4AP",85.9049,104.8056,92.83,82.2851,113.3866,85.3178,65.6821,106.4099,100.5893,88.5123
"PYGB",449.3123,488.1814,473.4991,357.7948,554.7163,335.3814,152.6635,463.0672,416.2332,445.2218
"ABHD12",68.9257,50.456,37.1042,44.9214,52.8605,36.4675,33.4188,41.4425,59.3891,65.0793
"PROCR",25.0365,23.9997,37.9228,26.6336,16.1559,34.2154,39.1803,31.3455,18.9575,32.6989
"GINS1",8.2028,9.63,6.9722,6.1284,13.7186,9.4603,13.4988,8.4583,12.4326,8.8364
"NINL",3.3456,2.2279,5.1695,4.1724,1.7757,4.0368,1.5501,5.4333,1.3535,2.6451
"CD40",24.9161,16.071,14.9757,21.753,4.8948,21.5867,16.6974,16.9641,6.5377,17.1175
"UQCC1",16.1184,12.1926,18.8252,16.3709,19.9991,16.1852,17.884,18.9281,12.7195,13.3302
"ZMYND8",23.257,17.4794,24.8884,31.3368,29.0294,14.447,10.789,19.6374,27.3931,22.6039
"SGK2",18.2664,19.68,15.5794,32.7695,40.0842,13.8302,18.4168,18.2058,47.1731,25.8695
"IFT52",29.6753,24.699,42.8444,26.3161,24.6032,51.6301,50.0243,28.8304,29.9602,26.9986
"MYBL2",18.59,44.4347,14.4562,44.5569,53.7575,17.9562,22.2559,33.7478,44.4717,55.542
"R3HDML",1.1167,0.2408,1.0364,0.9679,0.8347,0.293,0.3006,0.28,1.5572,0.117
"HNF4A",96.1351,121.8719,76.3853,127.1109,193.9699,62.4649,55.2387,125.0407,182.2528,119.6817
"NDRG3",53.3345,37.8376,74.7851,44.8276,45.9678,62.3739,27.7158,59.0984,46.6924,39.4898
"SLA2",4.2624,4.8502,2.7721,4.1559,2.1227,3.5121,2.5915,4.9699,1.4475,4.2057
"RAB5IF",1.1178,7.9791,0.4862,0.601,2.7775,0.9278,2.4242,2.8154,1.3171,3.3634
"NFATC2",8.8779,16.0209,9.7967,10.7548,4.9197,7.8495,3.5681,17.496,4.9345,9.5438
"PABPC1L",1.5334,0.5993,1.4843,4.117,1.5973,0.614,0.7614,1.6455,2.0869,0.879
"STK4",17.3494,15.5368,20.571,23.2536,13.3919,15.399,9.7635,18.9586,15.0112,16.0983
"SALL4",0.1235,0.0644,0.0792,0.0913,0.0416,0.0269,0.0574,0.0642,0.0412,0.1073
"ADNP",27.604,29.2355,51.4618,31.2612,33.3536,27.9578,16.17,34.7949,24.4292,29.9293
"PFDN4",23.1482,14.623,40.331,22.3869,15.1786,58.6192,41.7593,19.6775,19.6391,21.2634
"CSTF1",16.4533,15.6208,21.0939,14.7106,19.6949,19.7322,15.0477,15.0846,14.3168,15.6267
"BMP7",5.2963,6.5971,5.0383,6.8178,2.3454,3.7868,2.5538,4.3124,4.6594,3.8631
"RAE1",10.5373,14.1926,17.0286,13.4315,17.3355,14.8668,16.3787,14.297,13.6652,12.6622
"TPD52L2",62.2958,66.8328,86.7005,45.4316,55.0526,91.9226,57.4071,71.3986,45.9327,58.6235
"DNAJC5",56.3688,89.8313,66.6053,64.6984,104.9268,45.8774,24.5781,77.8131,89.8125,78.8529
"NELFCD",28.7154,25.4454,29.0438,24.3521,33.5984,25.9595,21.2617,29.8596,21.0489,24.6209
"CTSZ",455.3539,488.2838,391.58,430.0186,474.5157,398.5629,314.9184,454.0743,430.1352,555.6632
"PRPF6",114.8614,126.798,135.845,97.2574,123.9221,97.0863,56.0213,143.0657,98.5605,129.5801
"PRELID3B",127.4565,182.4622,143.8085,152.5427,184.6169,245.5252,220.0913,166.0715,204.6375,121.3584
"MTG2",14.5623,16.0961,16.1276,12.8416,15.7531,14.2125,9.6845,12.4168,12.352,12.6842
"PSMA7",231.5144,262.286,204.8453,176.2831,268.0019,315.2187,418.702,236.5178,204.0662,224.476
"SLCO4A1",4.0847,8.5018,1.6721,5.0395,6.3643,2.0978,3.322,7.6522,6.6909,2.6644
"MRGBP",16.4197,14.1239,17.0736,14.3431,17.4473,21.155,17.1988,16.2517,13.6479,13.0359
"DIDO1",14.2288,19.1803,25.3463,19.741,18.504,14.7596,7.5308,27.6857,16.2975,18.8474
"GID8",50.3226,60.8902,55.2778,46.1581,68.7408,57.6602,40.2733,55.0717,52.9694,53.686
"BIRC7",0.6245,0.4111,0.7077,0.1458,0.031,2.7007,0.4277,0.2049,0,0.4995
"ARFGAP1",23.0287,28.7028,23.3166,23.7269,30.0149,22.1306,15.2036,29.1949,25.4258,25.1143
"PTK6",64.2273,54.4124,50.9537,89.7925,124.0945,50.3247,50.8905,56.6569,149.1927,69.1511
"GMEB2",11.702,18.7693,13.4618,11.9938,17.8281,9.4483,6.3551,20.8406,15.0432,15.9718
"C20orf27",60.8845,55.0957,90.3017,51.052,43.6621,142.7441,44.9263,93.803,33.3336,57.6393
"CDC25B",15.883,20.5309,20.3,26.0176,42.4389,15.3641,11.1405,22.1089,35.4865,27.8195
"ISM1",1.0881,1.4091,2.0709,1.9259,0.2952,1.6056,0.3862,2.0726,0.4616,1.1192
"ARFRP1",13.1651,12.2532,13.7474,13.4223,18.8799,11.9326,9.552,12.6232,12.4255,15.8977
"NDUFAF5",5.5015,5.2224,7.1644,4.8409,5.2657,10.7218,13.7248,5.982,5.8671,4.3052
"TRIB3",3.9006,4.2935,3.2583,5.0965,5.5146,6.4729,6.2133,7.7384,21.4441,6.3714
"RASSF2",18.5719,25.8817,26.9032,36.3479,5.3201,15.7563,8.6541,27.1859,5.3453,24.5644
"CSNK2A1",10.2291,9.626,14.1008,11.1043,11.1812,9.8573,5.6494,11.0418,11.4498,9.9153
"SLC52A3",11.7058,15.6619,10.6781,13.6206,19.5141,9.8586,5.9931,11.8435,16.2344,15.7858
"CDS2",15.7709,17.3969,34.0166,21.673,14.4615,20.3198,10.6851,28.9762,12.7655,19.9694
"HM13",35.6884,46.9151,26.8838,24.9807,53.0269,26.2031,30.037,39.4822,33.7889,35.1897
"SNPH",7.3172,4.6412,10.3278,5.3439,1.8167,5.4723,2.0204,9.4843,0.9022,5.3798
"SEC23B",50.5335,70.5187,38.2519,39.3886,73.7512,41.3733,32.0242,60.4048,57.966,44.0426
"FERMT1",79.8169,98.8455,32.8107,52.5358,98.0617,45.5849,44.4397,66.7809,68.5589,55.9015
"CCM2L",2.0777,1.328,3.2007,1.71,0.9237,2.3265,1.0202,2.7493,1.9817,2.3833
"PLCB4",17.7898,11.5912,32.5744,24.4843,21.6057,16.5948,17.9843,28.0406,22.0165,16.7251
"MYL9",1622.2317,2895.8449,7145.3487,1886.68,161.6405,5530.254,1414.6131,4771.8621,101.7853,3234.7823
"HCK",29.8094,16.0867,14.8847,22.0635,6.9461,25.0191,21.5878,22.8677,8.79,20.2088
"TM9SF4",79.9425,77.4418,62.3409,60.1386,87.9984,42.8177,31.1908,71.683,77.5798,60.3522
"CRNKL1",24.6631,22.963,31.2651,26.4566,26.3573,27.074,18.6373,26.7367,22.0348,23.7353
"POFUT1",42.4252,34.3158,58.7057,44.1384,39.732,40.3494,28.3362,47.5509,47.5777,41.9577
"SAMHD1",26.2658,23.3506,40.7435,23.3619,12.2685,33.2895,14.6742,26.9889,14.5102,27.8722
"KIF3B",45.1129,48.7934,47.0519,49.9687,53.9502,33.8681,18.8487,46.3949,68.7183,47.2298
"NOP56",31.6468,45.9339,39.6494,31.3033,61.178,43.7409,31.0291,37.9911,33.6964,38.9903
"IDH3B",103.9314,116.6456,104.3045,77.8818,155.6796,112.0695,83.0756,120.3526,104.4886,102.473
"MAPRE1",152.6321,261.1876,274.9537,156.5674,175.137,267.8456,115.1408,269.5606,156.4048,186.1049
"JAG1",36.5229,35.0705,42.8556,38.3773,27.8599,30.2316,13.8384,38.0315,48.6015,34.0367
"CDK5RAP1",11.3109,13.2778,12.7502,11.8098,15.7702,13.223,8.9993,16.1324,12.8739,11.2799
"SNTA1",19.5618,18.9487,44.0736,18.7044,11.1188,34.8163,15.0509,30.4502,10.1064,25.5875
"TTI1",13.7042,13.3937,17.5386,14.7558,16.7709,11.9957,8.5531,14.5341,10.8085,13.6318
"E2F1",9.4501,15.1009,5.5052,11.3133,20.9731,7.7233,7.319,15.8983,12.8431,13.6242
"RPRD1B",22.4611,24.2087,26.8752,24.549,20.8185,22.8492,15.0738,24.2499,21.9727,20.8605
"PXMP4",14.6889,7.7621,19.7404,14.7523,17.7485,15.2495,17.5607,12.5867,16.8896,11.3996
"CHMP4B",538.2153,594.1402,527.5385,548.9784,668.7942,523.5363,461.796,517.4925,642.7616,607.0821
"CST3",504.5322,428.5287,337.9134,274.7885,379.4187,430.1103,496.6346,394.2935,282.2775,465.9379
"ACTR5",9.8007,10.5074,11.7003,9.7599,12.4421,11.3223,9.1874,8.9981,9.2709,9.8697
"AHCY",98.4596,105.1085,91.9533,57.5702,153.3054,189.4439,215.3491,110.5333,80.378,89.1063
"PPP1R16B",12.8313,13.6561,12.2113,20.1958,4.7805,7.7546,3.5173,18.2872,7.9881,15.3212
"FAM83D",17.3517,30.4438,37.341,20.8181,31.0982,16.5379,18.7755,83.5953,22.1227,26.0908
"DHX35",8.3989,7.1926,9.0901,7.2947,10.6732,7.7863,7.9978,10.4523,10.0832,6.269
"DNTTIP1",63.0926,100.0244,44.7759,52.3184,71.7138,70.002,76.8055,66.3169,55.416,47.8288
"MAP1LC3A",69.6053,64.2083,58.1649,58.1967,59.7271,56.8626,62.6648,64.8285,46.6352,63.9855
"PIGU",33.8181,35.4652,30.4261,28.6344,49.3276,28.2365,34.7735,34.3538,37.1458,31.997
"TNNC2",12.1495,11.786,8.9579,18.9434,24.6595,18.8541,51.0285,14.7476,17.6813,14.2606
"ACOT8",17.9835,13.5006,15.1166,17.6817,27.4372,20.689,34.3326,14.3688,21.948,17.9728
"APMAP",96.3031,101.9772,95.2325,79.6265,113.3941,84.417,75.1347,125.1173,87.4258,92.3152
"ZNF516",6.9302,5.5659,12.4565,7.9045,4.4202,5.9177,2.2432,10.5833,4.5591,6.4692
"ADNP2",13.9764,19.815,21.1849,14.5944,16.2455,15.0877,10.1363,25.4492,18.5595,13.2765
"RBFA",5.3476,3.6625,3.6358,2.5031,3.342,3.4541,2.8285,3.7906,2.6729,2.9561
"USP14",24.8975,34.0221,44.0806,25.529,33.1863,35.4913,18.5019,34.4784,31.2613,25.6498
"VAPA",47.4962,52.7596,61.6536,53.6811,54.8495,65.6509,45.4299,48.7804,66.3103,52.5887
"METTL4",5.5981,4.5456,7.1706,5.6062,4.0516,10.4689,8.7437,6.1029,4.8036,4.6893
"LPIN2",23.1702,27.2347,23.6911,33.9428,30.4721,16.8983,12.32,26.4364,39.7448,28.7021
"SMCHD1",14.4191,21.0616,31.3377,29.3097,18.4854,18.8961,6.9022,23.762,20.7725,19.7525
"MYL12A",227.0957,247.7579,150.5366,229.1913,264.9856,263.2714,242.4004,212.4482,280.8367,246.2267
"CEP76",2.3303,2.1963,3.3807,2.8225,2.5857,3.5837,3.4193,2.6872,3.2775,2.6291
"CEP192",7.5276,5.2987,10.2853,9.9211,8.3266,7.2346,5.4098,9.0932,10.0519,5.8912
"RNMT",14.3051,16.2038,25.1714,13.7275,13.7441,16.1374,7.8921,21.3383,14.6898,13.6442
"SMAD7",30.7403,21.7231,25.882,43.06,30.5377,22.3492,10.9583,20.2755,31.2672,39.6806
"LIPG",3.1993,3.7444,1.9695,1.7553,5.2861,2.523,1.6966,4.5573,6.4292,2.2084
"RNF125",17.3482,7.1314,13.574,18.0461,15.028,9.5287,11.3637,11.2215,15.7536,11.3355
"POLI",3.9589,2.2538,9.9608,4.1916,1.9518,7.0392,3.4996,4.3367,3.0537,2.5452
"MIB1",12.4307,14.8581,28.6008,15.3269,12.2664,18.6736,6.926,19.2122,13.045,11.8962
"RBBP8",13.8645,16.9505,14.6175,13.6773,17.5683,18.2736,20.0515,16.1246,14.6524,12.5641
"RIOK3",86.8643,99.3761,105.5508,136.355,144.2034,108.6993,101.1688,97.7699,177.7971,102.9183
"CSTF2",19.2943,25.7175,21.5439,20.8749,36.6818,19.108,17.0324,22.9453,24.4711,23.9399
"PSMD10",57.5727,46.3234,69.0764,41.5727,49.3209,92.442,94.3871,56.1399,43.8298,43.8434
"ATG4A",23.0961,25.9603,18.3326,22.8792,28.9534,29.8221,32.5902,20.6507,35.0848,23.8782
"STS",6.9634,9.8438,12.1173,7.141,6.2869,8.8627,6.0693,10.0994,16.9558,9.4354
"TBL1X",11.2776,12.7066,20.9647,13.7424,9.466,11.7667,4.5616,16.8114,12.0799,13.2373
"GPR143",1.2042,1.7707,2.0065,1.9079,0.3243,2.0616,3.19,1.0054,2.0403,1.5906
"PGRMC1",240.5686,260.8223,344.1221,257.3504,301.2264,372.4587,271.6891,280.1169,328.144,237.4885
"POLA1",3.0834,4.5972,5.2918,3.8229,4.8179,3.5403,2.0509,5.665,3.2109,3.9477
"MID1",14.7548,12.9013,29.0104,16.66,12.2858,19.2286,6.622,23.1822,15.0176,16.3104
"NKAP",6.0307,3.9118,7.6749,5.3485,4.0861,6.6267,5.1025,4.948,4.8109,4.7534
"NXT2",14.0653,9.3061,14.195,13.0806,12.5916,24.5252,30.8386,8.9863,12.9937,9.3791
"ALG13",9.7619,9.0337,12.9618,9.3103,8.8372,16.8998,20.2238,12.2884,9.4548,7.9622
"PRPS2",85.6695,75.8182,100.9591,61.29,86.6987,96.8597,70.0877,84.3252,52.5192,57.5328
"MOSPD1",12.8365,11.8221,16.8456,14.5898,9.6066,21.8658,17.4762,13.9339,10.1022,11.1623
"AMMECR1",7.8553,6.3683,7.0981,6.1807,10.9208,5.4589,4.9494,6.3062,8.98,5.5335
"SUV39H1",5.5466,8.8034,6.8708,5.7551,12.2377,6.4501,5.9257,7.8583,7.9655,9.2763
"XIAP",24.4525,30.6404,35.1793,33.1092,35.5096,30.3416,19.0927,29.1414,42.2,25.9929
"STAG2",45.4883,42.4202,80.933,48.8686,41.8953,60.7578,32.3567,51.3665,40.7162,39.3608
"ATP11C",7.8407,7.7567,14.6247,9.458,7.0399,9.3252,4.3227,11.0259,9.7457,6.5856
"ABCD1",16.7208,16.3008,22.8857,16.4948,17.1984,14.3775,6.8824,24.2038,14.0042,20.0725
"CCDC22",29.1803,33.8466,24.2845,22.4754,41.465,23.7172,20.3074,33.3998,21.0502,28.2492
"SYP",6.1105,7.0091,11.1779,3.8807,3.6123,6.6159,3.8274,12.5531,4.7599,7.0745
"PLP2",206.0813,250.3389,245.6866,113.8892,330.0622,150.4619,257.3764,244.699,199.0996,183.9729
"BMX",7.9802,2.4597,8.6629,5.4073,2.4619,6.5241,4.5709,7.2992,5.7439,4.1799
"PLS3",54.7467,46.493,115.7665,37.8941,24.5405,83.4411,37.3417,69.0308,36.0526,49.0622
"NAA10",7.8247,10.0425,5.1489,5.2547,9.3201,7.4566,11.2446,8.7947,6.5403,7.8054
"RENBP",17.0476,13.2814,12.8166,11.9231,3.9407,16.8146,10.3953,16.7552,3.9871,12.9614
"ELF4",45.8172,68.8157,39.1348,63.8935,72.2656,37.3619,24.5059,63.5913,70.8108,63.8308
"SMARCA1",19.2192,17.1725,58.4769,20.0969,4.1599,30.6675,6.2902,32.718,6.0659,18.3262
"MTMR8",3.3078,3.4857,2.446,2.2843,3.2547,2.655,2.1048,2.9646,1.9506,1.8231
"ASB9",3.7639,2.4178,1.8848,1.9091,3.2381,5.0615,8.0015,3.2967,3.4037,1.9512
"RBBP7",48.681,51.2116,77.4772,44.3147,50.6513,67.0973,41.3907,62.8367,43.6675,51.2529
"KCND1",1.4156,1.3271,3.2766,2.3904,0.6947,1.1854,0.4796,2.6978,1.0423,1.5786
"FMR1",13.2894,12.0188,25.3682,18.0769,13.4856,17.5292,8.5612,16.4386,17.3951,13.725
"PIM2",64.1547,40.9258,27.0168,67.8532,28.1726,29.397,44.3935,43.7846,47.6981,46.4212
"SCML2",2.237,1.2394,4.69,1.6016,1.1873,2.5261,1.7465,2.055,0.9339,1.348
"SLC35A2",46.2778,53.993,24.8732,31.2378,68.516,33.7617,37.88,39.8838,46.1678,39.5995
"PQBP1",46.3794,42.2925,47.0771,35.2331,53.4178,61.0328,65.2846,43.3138,36.6426,45.3916
"PCSK1N",30.9545,33.4155,9.36,10.2465,9.7968,10.5448,16.7459,14.8738,3.9086,23.9575
"EMD",70.4144,80.5237,70.9582,57.6203,66.1689,80.9111,49.4789,93.1426,48.505,65.2136
"TAZ",6.2646,6.9739,6.4083,7.5367,10.0336,7.1983,5.6563,7.8813,9.121,6.3822
"PGK1",219.4877,259.2482,193.8898,173.8367,273.2717,276.5794,328.5973,243.0906,283.0695,217.6392
"MAGT1",63.3192,60.3199,64.9854,49.3026,67.7767,82.3746,102.8047,63.5357,64.9064,47.5486
"SMS",105.4578,120.431,119.8391,88.4165,109.5625,142.2248,118.2162,115.1318,101.5316,91.5937
"UBL4A",50.548,52.378,69.7227,44.1149,71.8641,77.2807,70.8467,52.4354,52.1589,56.6902
"CD99L2",23.7613,26.2965,61.5291,23.2274,12.8057,36.7901,11.6062,46.9223,12.4158,30.3191
"EEA1",10.1084,8.1925,22.9209,12.869,12.2994,12.5638,7.0143,12.5569,11.2261,8.2285
"RP2",27.1516,30.683,28.5358,26.6908,29.99,49.9909,42.0315,26.9507,35.3789,20.8567
"JADE3",6.0452,7.4457,11.7529,5.691,5.5298,7.302,3.7078,7.8021,4.1858,5.4135
"CDK16",34.329,42.4082,30.989,31.0496,55.7566,28.44,24.2485,42.2312,46.4439,34.9498
"USP11",30.1781,39.2123,50.508,32.9388,19.685,31.5687,13.055,54.0407,14.4537,39.7198
"HTATSF1",69.3867,78.459,112.8978,77.9671,82.7022,76.202,33.221,92.8116,79.9388,77.3011
"CD40LG",4.4562,2.8958,4.5904,5.7351,1.4259,2.5952,3.0067,2.4007,0.8557,4.3759
"TIMP1",281.8811,227.6752,190.1601,134.9771,90.1196,181.6341,128.3625,207.286,132.9957,181.4147
"GABRE",2.0193,0.9778,2.0352,4.1614,1.1739,1.2178,1.0759,2.6486,3.1903,0.9989
"FGD1",3.4956,2.7632,6.3356,2.7578,3.2393,3.1773,1.4043,5.1795,2.0435,3.4111
"PIN4",11.2831,8.921,11.4345,8.8866,9.3782,16.1555,16.4014,8.4914,9.8025,8.8025
"PORCN",6.7677,5.1495,7.8025,5.7291,4.4491,6.6167,3.0602,7.2247,4.1317,4.783
"MAGED2",143.9162,144.035,214.0744,101.0015,87.1385,201.4822,140.5989,180.1879,71.4573,137.404
"RBM3",119.7223,133.1457,133.1432,61.0051,123.2884,165.9921,141.7722,133.9069,96.0598,98.3207
"SRPX2",2.0283,2.4594,4.4524,2.1094,0.822,1.5432,1.8651,3.0416,2.1137,1.7743
"SYTL4",7.6196,5.6903,6.5471,8.5896,6.2895,5.333,4.7835,6.8904,5.9525,5.6636
"CENPI",1.1554,1.831,2.4329,2.0048,3.7559,1.4532,1.8716,2.2783,4.071,2.1981
"PBDC1",63.057,78.1318,69.2227,65.0935,80.5953,78.4849,75.1324,64.5494,62.4323,63.2082
"GLA",7.0721,11.2799,6.5664,7.1498,10.1378,8.5968,10.4331,9.1077,7.6488,8.4989
"ARMCX3",33.1572,25.1031,63.4869,29.1612,18.0439,43.0492,20.0481,40.3927,17.0291,26.753
"RUBCNL",6.4307,7.8567,4.0474,8.0424,6.1545,6.3193,4.6294,12.3954,6.9968,5.1155
"NDFIP2",68.2343,57.5548,56.1586,67.4852,77.2433,90.7781,123.9255,52.9605,110.734,54.2336
"TNFSF13B",12.8067,5.2249,11.804,9.8255,3.4846,15.9909,17.3147,9.6549,4.4554,6.2266
"FNDC3A",34.9882,28.2122,62.9847,32.2237,25.4733,40.6338,27.9782,39.425,28.5641,23.9116
"CDADC1",6.9235,5.3883,10.3884,5.2455,4.4125,9.5322,6.5209,8.0702,4.9639,5.2781
"CAB39L",23.4728,26.3565,61.0347,19.335,7.5558,72.7078,16.7066,42.8654,7.7411,21.3198
"KLF5",497.2508,196.6379,361.2555,397.6516,499.2054,311.1396,304.9812,177.2156,349.5195,320.5431
"STK24",22.9135,34.2112,26.2425,28.773,31.8219,23.3072,15.2648,31.3313,35.5415,26.7218
"ACP5",59.792,74.8017,35.8263,38.9418,26.4502,86.0996,75.2605,77.462,18.5406,51.1411
"DNAJC3",46.7333,81.8249,64.1529,55.7217,87.6812,51.1725,29.3384,71.7615,83.0657,61.8961
"UGGT2",4.6638,5.3001,8.0642,5.214,4.4194,6.8483,5.0219,6.2365,5.7192,3.8595
"ARHGEF7",14.3896,14.8903,18.2392,16.6878,14.0969,11.9892,7.4188,19.3535,17.1836,13.8696
"PARP4",75.5429,78.5908,88.3123,102.1046,116.1324,50.9028,46.5446,81.701,114.1307,79.3541
"SUPT20H",10.2139,6.4887,13.194,10.4315,9.9605,10.1396,7.8702,8.3898,8.1464,7.4031
"MRPS31",26.1359,22.8665,31.7478,29.388,30.043,34.3578,28.2998,28.9285,23.9412,25.4248
"SLC25A15",12.097,13.9282,9.8926,7.1622,17.9053,13.5561,14.1258,11.9994,12.6827,8.8908
"KPNA3",32.8805,45.6165,71.8186,42.4639,40.8162,62.6121,27.6811,49.5439,35.8844,38.7323
"FLT1",4.4193,5.8488,10.5273,5.4016,3.0456,3.9609,1.2873,10.8722,6.5648,5.168
"RGCC",35.1659,47.4289,33.2816,22.9643,4.2421,35.6749,23.5555,53.6482,12.0012,26.0097
"DGKH",2.7508,2.3992,7.2049,3.9378,2.9575,4.0013,1.914,3.7481,4.6599,2.8526
"KATNAL1",5.4048,5.2957,21.5557,6.7567,1.557,11.6586,2.8959,12.876,1.6872,7.024
"INTS6",3.0136,2.806,4.6013,3.8448,3.5105,3.7714,2.4947,4.4756,2.6963,3.353
"TSC22D1",138.134,218.503,135.0865,172.17,147.9766,274.7472,180.8655,201.975,186.0434,152.986
"CLN5",0.8954,0.782,1.3183,1.3207,0.7072,1.5563,1.1652,0.9396,0.9378,1.0204
"OLFM4",114.8606,14.3255,55.4654,46.1299,1148.984,23.2864,187.3983,20.5162,1992.0829,44.3379
"MSLN",17.1059,13.0082,4.8744,22.2086,2.3748,10.7536,12.5767,4.8879,12.2471,8.4369
"MGRN1",23.3886,28.3094,21.9625,22.6837,32.1515,15.9914,10.1469,28.7899,22.2117,21.9094
"ZNF629",14.3711,16.8561,21.0087,14.885,19.8438,12.6038,6.7565,21.9442,16.9732,15.6137
"TRADD",25.6008,23.2388,17.8788,19.2049,29.5205,20.2633,25.3202,23.2614,22.3531,26.7001
"HSF4",3.1679,0.7076,2.328,2.9221,1.0095,2.066,1.5311,2.7272,1.7363,0.7948
"CORO1A",45.2832,46.6664,19.8933,104.2371,14.7893,25.8892,21.1535,26.9018,11.1919,77.3469
"MAPK3",153.3169,161.253,136.5844,159.0137,237.7329,141.922,122.8417,155.9155,235.6206,175.5932
"GDPD3",19.2173,26.1445,13.2584,27.266,49.0841,17.4571,26.6931,23.8718,46.1216,31.9825
"ELMO3",73.7347,45.408,32.6603,57.1036,101.9598,40.3714,63.0464,49.7016,85.1468,55.8082
"PHKB",28.721,25.8986,35.8632,26.864,30.9446,32.0198,25.02,30.7982,31.3013,23.5475
"LYRM1",25.0394,14.8378,31.1665,18.9527,14.4727,48.5669,50.1465,19.1651,16.4961,17.6994
"NUTF2",53.4468,58.2176,55.2083,42.891,59.954,63.8339,77.2967,56.1296,44.7535,51.967
"NUP93",8.0975,13.6007,10.0018,7.3412,14.6596,7.9591,4.8691,13.0573,9.2895,10.7618
"CENPT",7.3895,6.5765,7.6393,9.1832,6.0655,6.8619,6.3362,7.5466,6.6919,6.1559
"NFAT5",4.9512,4.6103,11.7102,7.831,4.1718,5.516,2.0977,7.9808,4.7154,3.9498
"LONP2",21.2722,26.6112,30.7038,22.3799,27.2614,20.3131,11.6555,28.2592,25.8423,20.8331
"N4BP1",23.1953,19.5062,30.3736,28.704,21.9295,18.9387,12.3413,21.7611,22.5033,25.4061
"PLLP",13.5538,12.7427,3.9485,3.972,8.3895,11.7373,14.6897,5.758,4.6059,5.906
"ZNF423",4.4449,5.0413,7.701,5.431,2.5682,4.5093,1.3223,8.5344,2.8873,4.6189
"CCL22",3.7374,12.5422,1.5356,7.334,2.288,1.4617,1.7044,14.4978,3.6129,9.945
"DHODH",4.4091,5.6314,4.3983,3.4503,7.2775,4.9956,3.1704,4.9403,4.259,4.117
"CCL17",0.8203,1.4536,2.5025,1.8195,0.3093,0.9987,1.708,2.4717,1.5312,2.5768
"CTCF",20.5418,21.8315,29.0902,23.2039,23.1571,20.2203,10.3902,21.447,20.284,22.1777
"ACD",11.0802,11.6645,16.9326,10.1903,10.8306,13.8783,8.0214,15.1577,9.1457,13.8376
"POLR2C",52.0414,56.8801,59.3963,38.4863,51.9312,80.2916,64.1925,55.0078,37.1768,44.1137
"PARD6A",10.0583,11.2712,10.2255,8.9339,7.7005,14.8879,13.6243,15.1582,7.2084,9.3567
"MMP15",100.033,146.3474,76.203,103.7084,230.8264,57.1655,46.1571,100.6159,217.0397,163.0786
"USB1",16.5708,19.0844,17.6542,19.507,22.36,16.3743,11.1436,16.2521,23.4645,16.7276
"CYB5B",51.9016,59.6914,50.7091,48.1055,70.8975,58.1724,61.0994,52.1901,78.3538,52.0584
"NME3",60.9913,56.407,40.8672,35.3967,55.0263,56.0086,78.2636,60.6574,34.6566,56.1553
"PSMD7",43.9085,47.2413,41.8654,33.0487,42.6287,55.4217,44.766,41.8962,35.5561,33.0428
"SETD6",3.7061,2.9504,4.146,3.3581,3.6916,3.5961,2.1928,3.2897,2.3549,2.4812
"VAC14",12.7682,16.8315,12.5714,13.5637,18.5562,10.0427,7.0095,16.6174,13.4538,15.1394
"HAS3",0.9895,3.3289,3.428,6.0553,6.4451,0.7603,0.5992,7.634,2.301,8.2093
"TANGO6",4.0525,5.7677,6.4521,3.9113,4.7501,5.2137,1.9271,6.3003,3.0714,4.4869
"COG4",37.3686,36.3735,40.267,37.8141,50.104,32.9479,27.0651,39.8765,42.329,38.166
"SMPD3",38.3171,23.0829,22.4214,33.35,50.2976,20.5681,20.8153,31.8679,72.6693,32.1951
"SLC7A6OS",2.1819,1.8986,3.0238,1.9588,2.2125,2.3864,2.2181,2.0949,1.6817,2.1417
"SLC7A6",2.4035,3.9118,3.313,3.1768,3.6828,2.033,1.6948,3.5853,2.8091,2.4898
"PLA2G15",10.1088,7.6316,9.8997,7.7187,9.3231,9.2817,7.8924,8.5089,7.1599,9.6061
"ESRP2",44.68,40.1957,23.2013,21.8771,68.7886,23.0368,19.2649,26.6735,41.7189,31.4944
"FA2H",37.862,77.0667,21.2155,38.5489,63.8883,19.6463,21.5913,53.865,65.3917,42.7715
"WDR59",10.4087,7.8108,11.9298,9.4862,9.7746,8.6327,6.5923,9.5927,8.2761,7.5106
"MON1B",26.9447,26.7681,24.2011,25.602,38.5159,20.4228,15.4087,25.9034,31.3412,24.5402
"CMC2",2.1977,2.4471,2.2992,2.5541,2.4611,3.8317,4.8013,2.7636,3.0083,2.2268
"AXIN1",17.6684,29.146,17.1013,17.8902,28.4574,16.0453,10.9325,29.003,22.5089,21.0323
"NPRL3",12.066,12.2627,14.0975,10.2806,12.3736,7.1176,6.2102,13.9529,10.6662,12.8042
"MLYCD",4.4051,3.3393,5.7052,3.8355,5.5644,4.3303,3.4582,3.8455,3.5297,4.0823
"MPG",27.4286,29.5471,25.0975,21.9394,29.0271,48.2114,73.6852,25.6335,21.4373,27.723
"TAF1C",10.8702,7.0552,10.7854,12.2239,9.8148,7.7563,5.3607,11.2748,8.5106,8.256
"NAGPA",9.8469,9.5181,7.8845,10.2059,18.9906,6.7287,7.4582,8.3292,15.0559,13.3094
"COTL1",72.9531,75.9544,45.8892,77.9805,72.9778,60.8958,48.9454,63.9044,48.4151,83.6082
"USP10",38.0045,45.7547,54.0915,43.2973,55.2717,36.3396,21.9182,46.3687,37.9096,39.1894
"CRISPLD2",17.9154,92.0942,20.0806,13.605,12.2721,25.1297,3.9714,114.1006,12.3107,28.9147
"TSC2",13.2632,14.3909,16.0145,13.4488,15.4126,8.7135,4.8692,18.5865,13.4633,12.9667
"ZNF500",5.1393,3.2617,6.1668,4.9069,5.3788,4.2701,2.7488,4.1603,4.0091,4.5125
"NME4",55.9337,60.257,97.1252,40.1,25.0491,110.0742,50.6264,82.3898,19.9123,63.2944
"ABCC1",13.5057,19.3957,20.8547,16.0384,15.5763,13.0267,4.1507,27.1187,12.1905,17.4012
"NOMO3",0.7088,1.6989,1.0206,0.7406,0.9801,1.2531,0.5026,0.8996,0.1651,0.6322
"LMF1",4.6059,4.7039,3.8265,3.2174,5.7433,3.5374,1.8069,3.9674,2.7673,5.0626
"FOXF1",41.739,47.7143,80.3503,56.5394,14.0635,81.9702,14.2185,119.6911,12.6962,74.8616
"CIAO3",7.2255,7.2492,7.0023,8.1713,11.7635,7.9878,9.5987,7.2063,7.3228,7.9335
"MTHFSD",5.8287,3.5291,7.368,5.841,5.7316,5.5816,3.1691,5.9401,5.6475,5.1912
"CLCN7",13.4259,13.6946,14.4021,12.5004,14.3422,9.8745,5.3742,18.5455,10.4986,14.308
"SLC7A5",9.0146,35.6227,10.1123,13.4719,5.9868,10.0238,5.7468,55.2952,21.1735,16.8161
"FBXO31",18.21,24.6672,30.4006,22.9584,23.2084,24.0979,11.5024,26.4261,19.8154,22.7839
"STUB1",32.3068,35.8503,25.673,22.2282,35.276,33.042,31.8581,36.6026,24.5099,34.0041
"RHBDL1",3.2535,3.589,1.8001,2.1649,2.8364,3.2593,3.7749,3.0985,4.2592,2.4175
"NUBP1",16.6511,16.5139,17.0202,12.0218,14.0238,19.192,14.9534,16.19,9.687,14.9971
"UBE2I",14.0151,18.3832,18.2797,13.5563,15.3448,14.1752,9.2994,17.7421,12.1114,16.4239
"CRYM",10.719,7.7736,4.0962,5.7445,11.8401,11.7803,12.841,8.1021,7.6305,6.3069
"EEF2K",18.7724,15.8241,36.9183,30.8351,18.2433,19.6555,10.0302,25.7064,22.5381,21.451
"CAPN15",20.4743,42.5356,13.6914,23.4884,57.3573,11.3683,12.4667,27.4909,33.5118,30.1819
"PIEZO1",21.8626,29.1785,30.7302,20.9602,22.2004,18.5016,7.5965,40.409,34.1669,25.7681
"GSPT1",54.0493,101.8811,76.8399,57.8481,96.7098,69.831,35.4743,88.541,61.2736,64.8725
"ZNF174",6.8747,6.3389,13.4431,7.8457,6.2303,11.3734,6.8354,7.454,4.9901,8.359
"CLUAP1",5.6363,3.8046,10.8927,7.0894,2.777,11.4391,3.2264,6.3137,2.7927,4.8713
"UBFD1",16.6708,14.6506,21.7356,13.1324,16.9564,13.9088,8.515,16.859,11.55,14.7669
"EARS2",13.0529,16.0818,12.0446,6.9402,16.0325,9.8926,7.3782,13.5161,10.4858,9.2013
"ELOB",368.6191,374.3746,243.7142,259.2096,420.2075,410.4942,606.933,328.5775,304.116,365.3257
"GGA2",27.6535,25.4886,26.3545,41.0368,18.737,22.5661,13.9732,24.1333,17.7808,26.8723
"AQP8",425.2893,574.2963,971.6708,2255.9529,1076.3062,646.3852,485.251,331.7682,593.2889,1226.6017
"CPPED1",14.5679,15.4686,23.3209,16.6567,19.7834,17.1416,10.2972,21.0665,15.2765,14.7853
"HMOX2",41.9376,74.9717,35.3526,33.5935,71.6032,48.5055,42.8324,45.9698,44.8635,48.8672
"DNAJA3",26.1959,27.5524,26.36,20.1026,40.7018,31.5633,30.1591,26.9996,25.3931,21.046
"BFAR",53.0242,43.6694,51.136,39.5366,51.612,66.6305,68.3321,46.2339,43.6043,41.1744
"SALL1",1.9801,3.2179,2.6326,2.7017,2.5789,1.3012,1.6982,2.2163,1.722,3.2011
"TOX3",18.54,12.4219,14.0084,16.4621,28.7635,10.6974,11.4638,11.3867,18.7713,15.7133
"RBL2",34.9764,20.5663,44.776,34.5965,21.365,38.6861,23.6776,38.9173,23.4837,22.7198
"QPRT",70.795,43.3167,42.8749,29.8859,60.8669,43.669,57.2833,48.9591,35.5281,48.2662
"XYLT1",13.5277,17.9954,19.1603,13.614,13.4345,10.2262,3.8041,21.2326,14.6351,12.3888
"PYCARD",47.9975,35.2186,27.2037,32.8089,78.01,41.2358,70.2835,33.0964,36.9939,46.7366
"RPGRIP1L",1.4435,0.8959,1.9409,1.0338,1.2055,1.5521,1.0275,1.5511,0.838,1.1501
"MAZ",20.4094,21.8779,14.472,11.7111,24.6775,14.3035,14.6284,23.5708,14.6654,21.1648
"STX4",29.4732,34.3086,31.8087,28.4968,35.2032,29.766,15.7429,33.2583,29.3505,33.3389
"CDIPT",79.4605,62.489,104.3202,84.7355,80.5847,91.2033,54.9437,88.338,59.1056,80.4961
"BCKDK",34.0808,38.8548,34.6724,30.7889,42.3743,35.0678,24.7325,42.4879,31.589,33.826
"KAT8",20.0981,16.7757,22.2387,17.6285,19.6471,21.5668,16.3815,19.014,15.4851,18.6245
"NOMO1",15.7876,24.5366,21.2074,16.0282,25.8946,13.8642,7.6091,24.3384,25.9281,18.4812
"CCP110",4.9075,4.1152,9.8696,6.395,3.5176,6.5811,3.0459,6.0799,4.4924,4.5959
"VPS35L",19.5179,20.083,23.436,17.6078,21.3947,19.1601,10.8798,23.2156,13.1834,18.7987
"RNF40",28.827,32.8769,28.1831,25.8725,39.9336,20.2251,12.2752,32.4679,31.9046,29.2664
"KNOP1",4.682,3.9561,4.3244,3.8936,7.7549,3.7871,4.1869,2.8109,4.8924,3.2802
"AQP9",0.8504,1.149,0.4521,2.7244,0.0594,1.2221,0.6762,2.4215,0.3674,0.6223
"AAGAB",51.4361,60.1318,36.0749,38.9751,68.2515,60.9793,57.2389,42.1972,68.4576,45.843
"LACTB",19.2186,16.6349,16.6628,16.1596,20.4421,21.5108,16.9133,15.8289,25.2461,12.5148
"CSK",58.3678,61.7212,40.3259,82.8287,81.4575,36.0806,29.8378,47.1031,61.2755,80.1613
"HERC1",10.3207,9.9358,21.7722,13.5299,8.5706,8.7524,2.8562,18.9729,9.2249,10.6662
"TRIP4",28.3531,30.1007,30.9916,30.6365,31.6129,36.9745,25.4863,27.8204,32.3032,28.6622
"MTFMT",11.7711,9.67,12.2524,10.6452,15.7672,14.8402,13.5786,12.4919,10.1126,10.2425
"RAB11A",104.6587,132.8708,127.2867,111.6272,135.3552,129.7666,105.3522,121.8479,141.0947,105.4637
"CTSH",20.2819,15.366,9.0304,23.3428,12.3414,20.3482,20.3202,15.278,12.1821,18.093
"TTC23",9.5954,8.3778,18.586,9.459,8.0285,12.7984,6.9439,13.215,6.9211,7.5648
"CD276",31.0476,32.0613,31.5161,20.4605,27.6511,25.1005,16.2883,31.4657,26.2346,26.6661
"FAH",7.4403,8.1754,7.0308,5.3754,9.9456,7.8565,7.206,9.7951,7.8985,6.7864
"RPAP1",11.2284,13.1581,14.1674,11.1721,16.7569,8.4497,4.6665,16.2407,10.4362,10.3589
"EHD4",28.9052,55.0309,19.4474,24.7424,40.3524,23.4122,16.7411,40.1273,24.9384,34.9922
"ZNF106",26.5219,24.2914,45.0188,26.7711,20.1431,27.8484,9.3585,32.6205,19.5018,21.7012
"CEP152",1.3851,0.93,2.2503,2.4356,1.9994,1.1393,1.3315,1.6725,2.6397,1.7701
"DTWD1",3.9747,2.2804,8.077,3.9282,2.6127,7.8938,4.5443,4.786,2.6843,3.6831
"GABPB1",7.4263,7.404,9.7368,8.3949,7.8363,10.3589,10.0019,7.3616,6.2916,7.3247
"TJP1",22.2189,43.3104,55.2439,30.7706,31.6225,25.0138,9.5202,46.9833,25.6939,31.9292
"BMF",12.9159,6.9311,13.8119,12.9167,8.3742,11.2717,5.3913,9.5324,7.4482,13.6083
"DMXL2",6.6968,4.3266,9.5141,6.9453,5.6059,5.6427,4.057,6.8734,9.1595,4.2508
"DNAJC17",4.7069,4.8967,4.7591,4.7248,5.9806,4.9174,5.2533,4.091,4.3505,4.9803
"EIF3J",60.2624,74.4279,69.3713,52.7566,71.9996,78.2404,48.2919,64.0324,53.9997,50.9913
"SPG11",21.5156,15.5585,24.3707,22.3514,22.0854,14.5586,10.1116,21.7958,25.8847,16.9013
"RHOV",9.0155,7.6592,4.543,10.1808,15.5976,4.5103,6.7094,4.0098,7.0594,9.7919
"VPS18",18.6755,27.7558,29.1325,22.7164,26.2301,21.723,9.5593,27.6795,23.3448,29.2877
"OIP5",1.4846,2.1222,1.7506,1.9444,4.1179,2.8401,6.3475,2.7324,4.9483,2.7507
"SLC30A4",5.0969,4.8363,10.1937,9.1416,6.3474,6.8577,5.4017,6.0275,8.4017,7.081
"BLOC1S6",26.6264,21.5362,39.4375,24.3236,18.0633,43.3333,28.3247,25.3352,19.5025,18.6187
"MYEF2",2.3526,1.4858,4.4385,2.926,1.3539,3.4406,1.2589,2.8326,1.5503,1.5669
"SGK3",5.1919,4.7212,4.8028,5.2946,4.961,6.9335,5.6028,4.7897,6.5858,3.5646
"PDGFRL",11.1992,6.6265,16.054,5.4162,2.2023,9.8984,4.4102,9.9952,1.015,7.1669
"CSPP1",1.2127,0.9526,1.4843,1.1875,1.1414,1.0681,0.8402,1.0463,1.1217,0.7242
"ZDHHC2",25.0663,13.8032,30.282,19.6296,21.3935,28.3579,27.3518,16.5645,14.0515,15.3985
"BRF2",5.7375,5.5894,9.8243,4.2974,6.5917,11.1275,14.9561,6.039,4.4038,5.3765
"ZFAND1",27.2489,17.4017,35.3809,17.7328,17.1141,53.6433,52.7143,22.3446,17.8634,15.4341
"CA2",1802.572,2069.0902,970.9768,1215.019,2377.428,1650.1227,2655.5994,1180.5194,1902.9476,1851.8645
"FZD3",1.759,1.4444,3.6138,1.6229,1.6021,2.6823,1.4426,2.3036,1.1668,1.6288
"INTS9",10.9677,11.9082,10.8093,10.566,15.0849,8.8032,8.1089,12.4741,8.9335,11.2603
"RIPK2",11.1746,13.0363,15.5095,10.8351,9.6219,14.369,7.9314,15.7281,8.0041,9.7534
"NBN",28.1385,28.5623,48.8893,26.4586,24.5648,45.8762,24.7579,25.0168,21.1183,21.7416
"TRPA1",2.7941,13.0887,5.4603,3.7516,8.8084,6.8541,5.3596,11.3949,7.1433,7.7123
"DECR1",60.2382,49.8388,50.415,52.9898,70.5768,61.0436,59.7504,52.5093,66.0373,48.3566
"BPNT2",32.3354,48.9251,63.1219,35.949,41.6942,50.4058,20.7249,52.2757,43.7533,35.3993
"LAPTM4B",63.3569,81.0697,68.1669,40.8335,78.2479,69.0346,51.7133,71.554,83.4024,58.416
"UBE2W",8.7979,6.4834,12.4385,10.109,5.6355,18.5127,13.3732,9.1232,7.3826,6.4445
"POP1",2.5488,4.1653,3.5572,2.9778,6.9991,2.6974,1.6242,4.0429,4.0459,3.2627
"NIPAL2",30.7606,28.0464,22.7147,29.7768,39.493,39.1203,42.8178,24.916,36.2269,28.1665
"IKBKB",10.3197,6.6375,11.4184,10.3366,7.7794,7.9851,6.2582,9.4475,8.1189,7.868
"PLAT",26.8618,46.5391,49.7185,23.9753,18.3038,38.0524,17.3702,58.3034,18.54,40.3116
"JPH1",11.4096,14.1484,5.4768,4.9891,16.6013,5.8268,4.3327,8.9483,10.5479,5.4205
"DKK4",0.0569,0.1185,0.102,0,0,0,0.074,0.1181,0.1769,0.0576
"STK3",3.8438,3.383,6.8611,3.4186,2.0229,7.1039,2.8664,4.8251,2.5336,3.047
"RAB2A",94.8087,90.2467,120.3479,79.5317,96.0645,127.8162,89.4418,92.4171,129.386,84.9694
"EIF3E",29.9583,18.9022,36.9808,18.1016,19.7396,51.0754,44.6814,23.4108,15.7759,16.8863
"EMC2",18.8338,13.9432,26.4479,18.425,14.5416,30.2333,15.2952,18.0215,19.656,14.7044
"ESRP1",107.1541,85.0467,77.4998,73.011,176.6068,83.3734,82.9884,94.6312,133.0231,80.8532
"CCN4",1.2368,1.5244,4.5442,2.2787,0.111,1.8671,0.5365,2.519,0.3206,1.5018
"NDRG1",90.482,64.2355,134.7666,193.3179,144.9854,64.8941,66.7651,110.122,130.9792,100.2911
"IL7",5.3467,1.9725,6.7105,5.0856,4.8695,7.1762,12.6444,2.8555,8.2229,4.261
"STMN2",36.0747,31.3346,92.3087,37.7751,17.2826,59.9444,56.6485,65.0075,29.2585,41.1533
"ARMC1",41.5565,29.6017,65.0776,37.1026,32.0335,76.5465,65.5339,38.0517,34.8102,34.7848
"SPAG1",23.7992,29.1544,19.8159,21.1713,36.1063,28.6413,23.2461,18.7805,31.8615,19.0098
"CHRAC1",30.7511,33.6593,43.0652,31.4535,33.3418,39.2651,27.7195,37.0261,31.5995,30.7837
"NCALD",5.7005,9.6521,16.2301,7.0899,2.3581,10.1203,3.7171,12.9574,2.7684,7.5987
"SNX16",7.4293,4.2867,10.7323,8.6478,4.0325,12.0623,7.6245,6.237,6.1905,6.0715
"UBR5",16.6117,17.3766,32.9745,21.2688,16.0306,15.8913,6.8789,24.5155,15.1592,15.75
"GSDMD",51.5047,39.4201,33.0059,38.6347,53.5956,45.1408,68.8191,49.7541,45.3615,44.5635
"GFUS",82.1339,77.0594,39.8793,41.7774,125.6004,66.1769,105.094,57.7111,76.3834,62.2055
"PYCR3",6.6213,13.0092,4.9563,4.5613,17.2621,7.4242,8.5991,8.5689,7.1268,8.056
"EEF1D",18.7824,18.4577,18.9057,13.8945,13.479,22.9427,16.9361,21.4984,11.3584,19.7459
"ANXA13",31.5231,17.5043,13.2755,10.5234,38.6672,19.8444,28.2007,18.9101,26.3503,12.1679
"SQLE",19.9514,37.3487,14.2694,10.5863,58.9119,16.6388,11.4718,34.6219,138.4143,25.2038
"SH2D4A",17.2022,15.1788,15.0186,14.4849,27.5214,17.8383,17.826,13.3752,26.9512,19.7373
"INTS10",27.1191,22.4498,26.6312,19.0997,26.3365,35.0006,43.0214,22.3536,22.5335,19.2029
"ERI1",5.3243,8.9692,9.4106,6.7279,7.2602,8.3328,5.287,6.925,9.8583,6.2926
"SLC39A14",74.1367,73.9537,62.7772,76.1466,103.5855,62.4392,58.2965,79.6996,120.4063,74.2222
"MTMR9",4.5767,6.4637,14.6083,9.3309,2.8624,8.6617,3.3918,11.6262,3.564,7.0266
"LEPROTL1",28.6587,21.8444,34.3962,29.6387,26.4788,36.0745,31.2645,31.2525,35.7166,24.7552
"DCTN6",23.8222,23.5307,34.3558,19.8982,18.6821,45.4614,25.3194,24.9934,20.3652,17.952
"GSR",160.2985,135.3733,99.3568,93.544,212.8686,155.8608,168.1729,119.4644,161.2048,103.4808
"TNFRSF10A",9.7292,20.4634,5.7465,9.2906,14.0584,8.8725,8.0853,15.0631,12.6966,7.7066
"UBXN8",7.0936,8.1485,6.2102,5.1356,8.5597,8.5346,9.3263,6.4392,6.6621,5.9316
"PPP2CB",69.2201,120.3751,91.9809,79.3708,89.2484,92.046,55.1339,88.9813,100.2516,89.1136
"TUSC3",19.6707,15.4797,29.4143,10.3777,8.5391,25.8256,15.5699,18.2344,11.9392,15.6944
"MCM4",21.9029,41.1822,26.193,26.7156,55.7961,19.4888,19.2891,40.8598,34.4772,33.1268
"KCTD9",33.7648,35.739,52.266,48.1568,40.0728,50.3545,45.6907,41.0943,59.117,34.7539
"ASAH1",51.5962,34.105,45.4808,33.2264,30.6768,54.5847,41.6199,37.5575,34.4614,28.6725
"BNIP3L",64.7815,33.1473,99.0146,52.8518,32.6465,96.6917,61.1134,55.2122,48.5286,40.832
"MAN2B1",54.4701,45.3334,41.7263,33.7396,38.4996,35.7314,25.9659,48.4671,30.2121,44.4723
"KCNN4",33.4636,56.1104,13.7765,18.9428,70.8519,20.9518,16.4362,37.7063,22.2538,28.4023
"NUCB1",236.8498,204.322,218.2728,178.9853,209.3719,171.1801,128.2149,244.9701,201.255,223.1046
"DHDH",0.383,0.1996,0.4296,0.5664,0.8123,1.1657,1.8691,0.5472,2.7555,0.4366
"GYS1",47.6403,47.0022,43.4327,38.6857,65.4844,30.6723,19.8354,48.1613,46.0372,42.0032
"MAP4K1",6.7986,6.7882,3.4755,17.6068,2.0216,2.9869,2.4358,4.6324,1.9208,10.4844
"ECH1",180.3267,212.3067,154.724,159.6198,236.2392,161.8089,165.4229,194.2483,175.0954,184.1727
"HNRNPL",67.6585,58.3544,69.0995,60.2321,67.4647,62.9173,52.6258,63.7302,62.882,53.9494
"NFKBIB",30.2505,52.46,24.4267,31.2465,56.5685,22.9162,24.2455,35.2327,40.233,35.5822
"SARS2",1.5293,1.5597,1.1803,1.2887,1.9218,1.3262,1.1127,1.9306,0.9975,1.283
"SNRNP70",58.9919,69.1181,54.528,72.1123,88.0345,40.151,27.3567,75.7094,61.1205,65.1954
"RELB",19.4417,38.2226,14.2455,28.1734,27.9557,16.0132,12.7701,28.2895,17.3137,27.0073
"CLASRP",14.4164,12.4287,12.3221,14.8486,14.7964,10.6384,8.6126,15.6766,13.8659,12.0087
"LIN7B",5.2019,3.9681,5.6319,4.6839,4.492,8.3138,12.479,5.2234,4.8366,7.332
"PPP1R37",14.0176,13.549,11.4074,10.5936,21.685,10.5395,10.1574,14.7219,12.4399,14.6792
"FCGRT",292.1338,232.5537,204.3265,260.1929,360.1605,267.7477,334.5587,252.3782,231.5164,237.4174
"PIH1D1",44.7038,41.128,36.9386,41.1583,52.0079,48.4539,48.9961,44.825,40.9633,44.5987
"ARHGEF18",19.3507,53.5931,19.2287,37.3144,54.0458,12.6429,8.7721,25.0653,42.8944,36.6259
"PPP1R13L",7.7915,11.8809,6.2542,6.9066,12.9587,2.8215,4.0344,7.8951,9.5345,8.9213
"PEX11G",12.6843,12.1105,7.6486,8.7426,16.653,12.1356,15.9239,11.4286,7.7528,9.4739
"ERCC2",9.7227,8.3642,10.8562,7.0657,10.2134,7.6921,5.6321,10.9468,7.1745,9.1713
"DOT1L",7.9023,17.4904,6.143,10.6488,18.4612,3.8599,2.7929,14.0016,12.3741,12.5452
"PLEKHJ1",57.9696,58.0276,43.0458,54.7772,104.2819,64.7317,89.6589,46.243,77.5533,72.5654
"CD37",19.7482,23.8126,8.1505,50.8347,4.3849,10.3027,6.6433,14.8826,4.0181,31.7452
"SF3A2",50.3411,50.3401,52.6856,51.2452,75.8087,38.344,29.4385,51.8853,50.1276,57.65
"AMH",0.1575,0.1026,0.212,0.2329,0.167,0.1199,0.0512,0.3069,0.1531,0.1995
"LYL1",6.0597,4.852,5.9496,8.2115,1.9705,4.8218,4.7396,4.0897,1.6767,8.5562
"OAZ1",317.4933,256.7981,272.0319,282.4829,279.5662,380.072,464.8022,279.8477,243.8728,280.6873
"TRMT1",16.961,18.0577,15.0544,15.4733,21.4669,15.532,12.3161,19.8404,12.4134,16.7868
"STX10",54.1772,43.9344,49.7786,37.9999,64.8845,59.3065,64.8875,52.192,48.7961,46.3015
"DMPK",18.9057,30.0883,80.0005,28.1107,6.1515,32.7417,10.1573,45.3922,4.5513,41.8097
"TBC1D17",23.5075,18.5055,36.9236,23.4748,20.0215,27.3432,13.353,28.8844,17.6642,23.6884
"IL4I1",3.1648,10.1092,1.9418,7.3668,1.2701,3.4799,4.0651,6.6187,1.2068,9.641
"CCDC130",14.9732,8.3061,14.9235,17.4177,11.8026,14.003,14.2785,11.8934,15.7149,11.4388
"PTOV1",7.733,7.8643,9.2763,9.0844,7.4334,8.0226,4.6254,10.4402,8.5857,8.3462
"TLE5",166.4619,149.3911,156.0801,99.369,150.9229,169.1674,150.3174,178.4677,117.7076,161.8157
"SGTA",25.2124,35.6466,29.9909,23.6087,41.5766,30.1514,22.7852,34.4666,25.8332,28.9885
"LILRB1",6.1848,3.4248,3.742,6.3326,1.6011,3.4365,3.0974,3.2024,1.9462,4.329
"MED25",18.5726,16.836,17.0143,14.9912,22.2983,11.6741,8.2226,19.2894,14.7173,18.0393
"SNAPC2",24.3128,23.3821,41.9171,20.9458,26.1922,36.6836,24.0963,28.2572,16.4646,31.5766
"TIMM44",21.2897,25.788,25.0869,16.8697,36.247,25.7067,25.9153,26.3673,19.9678,21.8947
"CCDC61",13.3461,10.6897,10.8439,9.4598,15.4732,8.3872,9.2724,10.9825,13.1962,13.0443
"IL27RA",9.0835,9.018,6.7863,12.5633,5.9083,6.2017,5.0785,6.6744,4.4857,10.8137
"ASF1B",22.0114,48.7877,22.3164,28.5465,70.257,34.4848,39.3068,40.9536,48.5224,44.4479
"VRK3",14.2195,14.6641,12.0111,13.4815,18.5737,13.0746,13.1768,12.1312,14.4401,14.1602
"FAM32A",158.8243,187.3002,156.226,134.3056,202.4332,213.5171,233.8614,138.1217,158.3945,150.6908
"PPP6R1",37.2785,49.3942,33.6954,43.4115,57.9946,25.5941,14.6408,44.7563,39.0675,44.7111
"C19orf44",2.2548,1.2853,4.6571,1.8928,0.9962,2.7878,1.2989,2.489,1.0594,2.2132
"MED26",2.5529,3.2789,2.8652,2.8277,2.5233,1.9206,1.605,3.3478,2.6472,2.6352
"OLFM2",5.3185,5.3737,6.8012,3.2843,1.7285,4.2792,2.519,7.0289,2.0602,6.793
"RASAL3",6.7976,5.7618,3.2409,13.7094,3.3427,2.815,2.3075,5.6636,2.5709,11.0801
"AKAP8",23.7642,25.9566,28.8114,22.795,25.807,24.018,12.3445,30.6287,25.2324,22.4089
"ILVBL",57.0032,59.8034,54.4802,44.2771,73.4846,64.6289,67.258,65.8782,61.9686,57.2896
"POP4",19.7483,21.3853,19.7129,17.3809,24.5202,27.0462,30.4214,20.3582,20.6925,21.4598
"CCNE1",4.3885,7.1202,4.2345,5.2341,7.8627,6.0165,3.9327,6.5811,5.0872,6.2085
"URI1",39.8628,37.739,50.5056,33.6684,37.5448,48.8921,29.0445,40.5126,30.0635,31.7973
"PDCD5",55.3642,47.5208,51.0663,38.901,58.1946,81.194,83.3912,49.9,47.7215,48.3743
"ANKRD27",22.7166,17.86,31.1893,20.4613,16.1926,25.0668,15.3204,25.1663,13.871,18.5916
"RPS16",820.4516,801.5,790.6197,542.5137,650.3583,1358.2789,2439.4945,709.174,375.0345,767.9855
"TIMM50",17.333,22.8214,17.2989,12.6944,27.4524,19.9085,25.1722,20.8124,16.3391,16.565
"FBL",163.2674,184.5576,145.4148,119.4761,211.172,149.0966,147.0288,188.7165,131.2364,169.2452
"DYRK1B",22.1681,10.5301,20.2759,17.6286,14.937,12.4588,11.0483,13.2819,9.1849,19.9553
"CLC",67.8979,1.8513,23.1793,0.7163,0.0761,14.1283,75.0097,9.814,0.1256,0.4908
"CCNP",0.1743,0.2595,0.0894,0.0736,0.3051,0.1894,0.162,0.1811,0.1549,0.2018
"GPI",66.1838,97.6975,69.9038,61.5114,126.1475,48.2187,34.5726,95.3857,107.8474,81.4877
"AKT2",18.6097,17.8713,23.7013,17.2808,19.2006,19.8557,11.3888,25.0997,16.0799,18.6096
"PLD3",121.9071,107.5817,109.9217,74.6897,74.6798,110.9158,67.3255,121.5953,61.1936,96.6082
"PRX",2.457,1.9871,5.718,2.4628,1.213,3.3304,0.8777,4.2117,1.017,3.0126
"PIAS4",19.1254,20.6217,23.7017,17.6035,20.6724,16.3283,8.6871,22.7582,13.0579,20.8739
"NUMBL",9.0986,9.1281,16.5935,7.322,4.5929,10.1312,4.3032,15.0796,4.0824,10.6287
"EBI3",8.4771,10.3156,5.0947,7.9767,2.7907,8.0237,8.339,7.796,3.9115,12.3293
"YJU2",34.3595,46.8602,30.9644,27.7741,46.5758,34.6244,27.8991,40.9024,32.3985,41.9942
"TBCB",38.5891,42.0957,42.6849,34.5936,41.5239,52.4241,50.4103,41.8189,34.4158,48.4814
"POLR2I",7.4825,9.0134,6.6731,6.1615,9.375,9.1362,12.7683,7.7741,5.4359,9.6246
"CLIP3",30.945,33.3125,106.1512,37.9945,7.537,59.9788,10.5994,75.0562,6.1244,42.8578
"SLC1A5",80.6506,138.821,58.8755,65.9014,179.264,55.8378,57.6358,98.7569,157.0739,97.1489
"PRKD2",25.6067,26.4936,22.7242,33.9804,27.6273,14.2615,10.4749,28.0156,25.9372,29.7007
"TJP3",99.7925,103.9624,56.43,100.6981,193.211,52.7631,54.8348,81.8767,170.9704,117.3658
"CACTIN",5.9868,7.2847,5.7325,5.6231,9.3721,5.6955,3.767,8.6583,5.5552,6.2918
"CCDC9",19.2807,28.2141,22.1945,18.6081,25.906,14.5571,7.3811,29.859,20.0768,23.0311
"HNRNPUL1",112.4323,105.5328,141.1709,90.7976,124.4187,99.8592,50.7157,124.8584,91.2113,99.7038
"FZR1",18.2397,22.7172,21.7207,19.0968,23.8333,16.0142,11.4424,24.6707,17.5922,22.2668
"BBC3",8.2533,6.6354,7.6058,10.714,10.5829,4.9653,6.8684,6.7303,6.6675,11.3772
"TGFB1",35.7261,42.8995,40.0494,33.5795,16.9759,29.3793,17.4255,50.1072,15.1485,45.0872
"DENND3",7.0662,8.0483,10.6824,11.1406,3.4966,7.2757,2.7296,12.8098,6.1695,7.3987
"DMAC2",35.2919,31.998,34.2826,27.8894,35.6853,40.3975,33.3493,33.236,30.9828,32.4604
"PLIN3",91.36,195.9203,78.0969,70.6259,181.3494,80.9462,66.6289,75.1322,130.2994,101.3903
"MYH14",83.712,225.398,80.9935,167.2,252.6472,33.3322,26.3923,169.9157,283.1579,205.7891
"MRPL4",19.903,25.1963,18.3499,14.7519,34.6462,19.8744,22.3404,22.0666,21.0137,21.1029
"CD79A",146.7662,137.3718,67.7438,262.0253,22.7214,53.9882,45.5744,60.2143,33.9004,171.6778
"RPS19",713.7849,646.6015,469.6656,444.1372,556.3006,754.7652,1183.9127,630.4806,426.5966,623.0918
"NOP53",225.5623,184.0764,222.8169,127.1111,168.2379,210.4176,131.3708,229.8523,98.3141,208.8625
"NKG7",21.5722,11.0696,14.0941,29.5263,7.5594,16.5817,27.207,12.9305,7.227,20.569
"ETFB",10.9243,12.9888,8.6685,8.3145,14.539,11.6473,14.5622,12.9063,13.735,13.3814
"CEACAM5",1643.1941,3320.5978,1115.9495,2954.3205,3152.6245,738.4186,554.1191,1983.1948,5576.0954,2733.7124
"BABAM1",19.4024,18.2897,16.8943,19.3794,22.882,26.251,30.307,19.7893,18.3283,23.0794
"TYK2",25.4909,19.6666,20.4649,29.1985,24.1983,14.8092,11.7789,22.4048,25.7237,23.1273
"CDC37",162.0584,202.6936,124.7693,110.3188,185.3679,128.8712,103.1397,182.2231,143.6556,149.307
"NAPA",27.6564,30.1614,20.9496,20.5334,27.7458,25.1093,18.4191,33.4502,20.9446,29.1114
"RABAC1",25.2607,26.77,15.3461,17.2905,32.6403,22.6138,41.9723,22.7621,25.0853,32.6561
"MEIS3",2.4448,2.4861,4.387,2.3954,1.405,2.7071,2.0433,4.7394,1.3912,4.0179
"PTPRS",6.6676,8.3261,17.0553,7.1767,3.386,5.865,1.4241,16.8087,2.3499,9.2992
"MEGF8",14.2635,14.8718,21.8405,16.633,20.6804,9.0051,3.8007,25.352,14.0402,17.5527
"KDELR1",297.6933,302.8861,259.3305,227.3962,406.9299,258.0941,240.5231,277.9703,362.7527,292.1602
"CYTH2",15.9932,17.3244,12.9191,13.8744,16.4783,14.4527,10.2919,17.5011,18.2198,16.8578
"GRWD1",16.0698,28.5834,15.3682,12.798,26.6058,16.105,11.9574,23.1299,16.3913,19.1081
"GRIN2D",0.4601,0.3232,0.4128,0.3254,0.4054,0.1827,0.7159,0.4261,0.6068,0.375
"CLEC11A",17.3365,15.0708,14.7893,9.7707,8.1364,10.9741,9.6153,24.0283,6.5203,15.8023
"CARD8",5.8347,1.9201,5.7881,7.2941,2.8114,5.6826,3.5555,4.8849,3.2309,1.9681
"LIG1",9.5519,15.5924,8.2016,11.8102,21.9558,7.863,5.3024,14.2061,14.1101,14.7179
"PLA2G4C",1.7718,1.7264,4.3129,2.6541,0.6389,4.3725,1.0525,3.2735,1.4379,1.725
"RAB3D",14.6068,16.1455,16.2225,9.8972,19.999,10.0262,7.3185,14.2222,8.5131,13.1755
"DBP",4.572,2.1125,5.2297,3.6822,3.6946,6.0487,2.5964,3.9503,2.4071,8.4373
"RASIP1",6.5823,7.3866,7.4896,5.2767,3.0901,5.3344,2.5597,13.8479,4.8445,8.4966
"BCAT2",40.8735,32.0371,29.1326,29.7477,58.3922,26.5102,32.2787,37.4442,34.7723,35.3383
"MIER2",4.7677,4.6084,5.4694,4.5355,3.5744,3.7008,2.0875,5.4869,2.7547,4.2002
"PLEKHA4",17.052,18.978,31.0748,12.3519,7.0596,23.5636,8.2085,23.0149,10.4522,17.9373
"PPP2R1A",115.5561,145.0089,119.6525,95.0628,174.0344,116.3607,87.7876,140.5293,120.6054,129.3493
"TNPO2",23.4751,24.446,40.6542,24.8631,28.9634,23.9325,9.8365,34.7211,18.5329,22.7507
"GCDH",16.1792,17.1559,12.289,12.9313,23.8516,18.8283,14.0962,19.0581,12.8104,16.1743
"LILRB5",8.5836,5.947,8.4428,4.7811,3.2251,9.1345,5.1885,7.5322,2.571,4.4589
"DNASE2",50.6238,36.3852,49.7436,43.482,53.723,55.4559,39.7629,46.5259,41.9908,44.1426
"LENG1",19.256,16.4182,23.0354,16.7458,18.5315,23.0712,20.9287,17.8984,15.7788,23.4358
"PRPF31",24.6428,34.6648,23.8708,23.7287,35.2254,25.4925,16.7151,33.9591,22.7073,33.2344
"TFPT",23.5409,19.6555,20.4206,17.4957,19.632,26.1323,26.3022,20.5312,14.9531,21.7298
"JAK3",4.479,4.3334,2.3078,13.2127,1.6985,1.3313,1.1287,3.6203,3.0007,7.0461
"RPL18A",498.3084,344.1069,301.7453,241.4489,334.2635,485.6801,1128.0319,305.8291,218.2972,343.183
"RAB3A",7.2736,4.311,10.5438,7.2123,5.0005,7.8563,3.7117,9.7797,6.5662,11.8786
"ISYNA1",10.2858,10.6537,13.03,8.896,5.6094,7.8998,5.3663,15.0889,5.6599,11.9296
"ELL",12.3889,17.5128,12.0633,12.4833,12.1746,8.8114,6.1869,21.4169,9.9894,12.9519
"CRTC1",9.3343,8.334,13.7698,8.0369,7.9428,6.8906,3.1032,12.0617,6.2126,8.6945
"COMP",0.6096,0.1202,2.6017,0.1462,0.0155,0.2006,0.2573,0.2739,0.0256,0.217
"COPE",85.8157,89.7801,48.3299,52.9529,114.1673,84.7748,132.534,75.2969,85.3846,88.6044
"DDX49",31.8513,38.9013,30.0011,26.2033,50.9779,34.4227,34.709,36.0703,32.0214,36.5827
"ETV2",2.8881,1.4805,1.2319,1.0501,2.3651,1.6931,5.5139,1.3527,1.9883,1.4392
"TMEM147",68.4448,68.5584,50.2845,41.3976,71.4869,70.3607,79.5687,65.8107,51.8525,52.2615
"USF2",64.0487,50.6735,60.2982,50.6892,47.9378,60.0917,38.0954,66.4592,37.0832,58.8813
"LSR",301.3641,422.8494,153.4215,260.6541,559.1714,184.1003,233.8339,252.2465,397.85,356.9046
"KXD1",21.1976,14.9537,20.0523,16.4324,20.703,26.0919,22.9887,20.1701,18.4993,18.7544
"FKBP8",275.2836,270.5468,309.1971,207.3078,247.6208,322.2409,196.3305,300.4678,198.0541,280.3407
"SUGP1",14.996,14.4673,16.0943,14.8677,17.4713,13.8492,9.9679,15.5276,13.7298,16.2638
"PBX4",0.7212,0.6834,0.6275,2.0682,1.0505,0.3658,0.7963,1.1353,1.6657,0.9522
"ERF",36.5753,37.6522,32.7735,26.7534,30.3307,36.6383,21.7384,63.5987,23.9727,32.1333
"GSK3A",17.1985,23.9693,17.47,17.9137,25.4359,16.5447,10.7655,19.2784,19.9809,21.6402
"ATP13A1",24.1585,29.7674,16.7648,22.5292,40.3639,12.2139,11.0153,26.6955,26.3718,25.5962
"SIPA1L3",28.3556,22.7644,22.3412,35.1175,40.3713,13.3446,10.2137,34.2615,50.2512,34.9293
"ETHE1",268.175,310.9173,191.4507,291.745,681.9348,297.2145,430.8855,267.906,486.0459,380.7438
"CADM4",15.7774,20.4917,47.59,14.1179,4.9568,30.6377,6.5791,43.0325,4.1427,21.2009
"SMG9",6.3905,9.1521,9.9875,7.9825,12.6413,5.5387,5.3733,8.5872,7.6453,8.8185
"AVL9",18.3628,19.996,17.9272,18.2581,22.043,17.0671,12.3042,17.8413,27.4721,14.9555
"CFAP69",0.9198,0.5345,1.9305,1.1127,0.3152,1.4251,1.1896,1.0772,1.1792,0.6213
"GTPBP10",4.7751,4.6514,8.6823,4.4256,5.4393,8.6705,6.8107,4.6973,4.9363,4.3337
"CDK6",10.3061,12.2781,18.9414,12.6789,17.6933,6.3593,5.2538,15.7242,12.3788,10.5228
"PMPCB",34.401,26.1816,40.7447,29.4446,30.9844,48.9005,47.7441,32.7714,27.9286,24.2006
"DNAJC2",8.6831,9.0901,9.3922,8.6719,10.919,9.1787,6.4649,7.6244,8.4012,6.6274
"TFPI2",7.1288,12.08,2.3938,1.387,2.1807,5.1702,1.6274,21.0935,2.3668,2.6612
"BET1",13.5811,6.7235,14.8521,9.7249,8.2589,18.3899,22.2105,8.5187,11.1665,8.3176
"NAMPT",30.4958,36.7553,23.5084,28.4776,24.0429,32.7844,24.9104,56.1068,32.918,21.3269
"POLR1F",16.1167,18.9238,28.8503,13.2608,17.3307,30.3763,13.5166,23.3675,14.9124,13.8068
"PIK3CG",8.4436,5.7921,7.2872,10.7779,2.2879,6.5192,4.3283,9.0793,2.9797,7.3389
"PON3",2.2633,1.895,2.3969,0.951,2.6811,2.9548,5.327,2.0431,1.0965,2.0552
"PON2",55.6616,78.061,68.8454,57.3588,80.5039,65.3407,59.3403,61.328,76.5381,59.6219
"ITGB8",1.8924,2.0145,4.8976,1.8141,1.9135,2.6853,1.5746,3.0313,1.809,1.4304
"HBP1",31.7595,14.9238,35.8362,19.889,17.0217,35.7425,35.2035,21.617,17.1867,19.3326
"DUS4L",1.0378,0.792,1.4465,1.192,1.1615,1.5087,1.3383,1.1071,1.7583,0.9389
"SP4",3.92,3.1817,7.4012,5.1308,2.206,5.3051,3.4822,4.0983,2.0112,3.9719
"WDR91",4.2059,3.7149,6.0922,5.245,2.5791,5.0764,2.6375,4.7997,2.023,3.7995
"CBLL1",15.3932,17.1617,31.4851,20.2548,15.1602,22.3862,10.9279,19.9609,16.6842,15.992
"MTPN",130.9825,151.535,183.6969,138.9659,137.5196,180.9928,108.497,150.8931,147.226,122.5088
"PTN",49.4046,37.8769,106.7429,41.9835,14.2091,109.0654,37.9267,67.1888,15.7305,36.343
"MPP6",1.1527,1.9497,2.1368,1.6,1.6502,1.5887,0.7429,1.6383,1.2602,1.73
"ZC3HAV1",13.9151,19.6136,30.7263,24.2595,27.2383,12.0972,6.9178,30.1156,21.1437,24.115
"TTC26",2.4865,2.2519,3.3647,1.9288,2.0459,2.9929,1.7371,3.0811,2.1082,2.2097
"OGDH",121.0327,250.649,147.4019,125.1528,205.6907,97.2962,51.8742,212.7919,155.496,160.513
"ADAP1",11.6316,20.7239,6.1027,13.6434,35.5348,11.2692,11.404,17.0714,21.989,20.4925
"H2AZ2",75.7644,82.565,121.3319,73.8121,86.445,125.6196,85.0043,102.7285,66.9505,79.5249
"CAV2",16.8599,11.4466,51.4322,13.5816,4.4307,42.4141,12.8086,26.2874,8.0949,11.7236
"CAV1",152.9758,202.3089,649.1579,176.0528,34.621,441.4196,96.2303,336.3466,60.3302,213.6005
"MET",19.7809,55.5989,20.9932,17.8207,36.7026,16.0215,11.7549,24.8158,22.3763,18.6567
"RNF32",0.7226,0.5831,0.8784,0.7066,0.747,0.7272,1.0313,0.6902,0.9789,0.4488
"LMBR1",9.6191,11.2902,13.954,8.2125,9.6193,10.5201,7.637,11.339,9.2831,7.757
"WNT2",0.4206,0.0974,0.4822,0.0691,0.0771,0.1956,0.2433,0.2185,0.0182,0.071
"HOXA1",1.5425,2.4013,2.8758,2.3401,3.9839,2.6521,2.2679,1.2488,3.3652,1.9486
"DNAJB6",17.5196,21.3023,28.3375,16.2866,15.3426,25.0919,15.1333,26.936,10.4622,17.5485
"HOXA2",1.3538,1.2063,3.2914,2.3248,4.0544,2.2927,2.1595,2.1553,2.1058,3.0976
"HOXA3",2.6738,1.9977,5.9017,5.8255,6.9915,2.9705,3.9719,3.958,4.3244,5.2386
"LFNG",52.858,42.4676,31.9396,38.5936,113.0269,31.9782,42.5009,44.5021,94.7634,54.9799
"HOXA5",11.6104,7.2858,30.1877,19.3139,16.554,11.0874,11.3695,12.2167,14.5578,23.7385
"HOXA6",2.2598,0.9091,5.8334,3.4001,4.1476,2.3528,4.4365,2.2654,2.8982,3.3341
"BRAT1",14.6731,17.7211,14.3839,14.8332,22.5936,11.9076,10.0732,17.4103,12.7888,18.2788
"IQCE",11.9157,7.3164,13.0803,16.0295,21.739,9.5402,5.8476,17.3068,23.5597,11.8166
"TSPAN12",63.4909,27.6009,79.4238,37.4481,41.2677,79.3723,80.4135,61.7902,35.5843,35.1768
"SSBP1",31.3547,32.6603,34.4707,24.8017,33.046,49.1151,46.8761,33.1084,28.271,28.4084
"HOXA13",25.5974,19.3613,56.6219,32.5469,39.6922,37.6219,15.8437,18.8398,34.2987,38.3144
"HIBADH",97.809,72.1686,125.6469,71.1382,59.5248,131.0958,80.5615,100.567,66.3367,65.4162
"TAX1BP1",65.4458,53.6212,79.7635,64.348,52.8035,91.5287,66.5722,57.2485,60.408,48.7068
"GRB10",8.4984,7.6654,24.2742,8.0828,3.9853,15.9317,3.702,13.4983,4.3442,9.7493
"COBL",10.0368,14.2954,14.8119,13.6021,18.4344,9.4167,5.8764,15.4408,23.5026,14.429
"FKBP14",5.7674,4.9582,12.7267,7.1889,3.0549,8.6312,3.9074,7.4481,4.3445,4.2597
"PLEKHA8",3.1448,1.9462,4.1987,4.1657,2.6244,2.8271,1.9182,2.363,3.3556,2.2997
"STX1A",2.9658,2.5162,5.1239,2.2437,1.4042,3.6315,1.7232,3.6834,0.8368,3.0191
"NOD1",4.7134,3.1377,4.7315,4.2193,3.8933,2.8758,2.8771,4.3616,4.0084,3.3681
"GARS1",10.0737,18.6458,12.1807,10.879,21.3864,11.8519,8.2605,14.8308,15.5,12.2314
"CASP2",11.5227,13.3147,13.6892,15.0094,18.0745,8.5738,6.6125,12.9748,16.8159,12.3447
"CHCHD2",516.6715,672.4243,469.2494,377.0103,666.9798,716.9231,1432.2009,532.1193,437.7387,523.7176
"CCL24",71.6078,47.0499,11.4188,9.4096,40.9298,21.1229,120.5688,92.1985,32.2501,15.3049
"HSPB1",483.8546,576.343,947.3084,460.9304,343.5607,678.5401,424.1666,733.5996,271.6469,677.2751
"NPTX2",1.9173,6.4687,2.4144,1.7657,2.0924,4.0949,0.8754,4.386,5.2581,3.9707
"PDAP1",106.9956,114.478,106.9838,82.8047,115.2725,100.762,70.2511,122.0342,93.9324,107.5801
"BUD31",31.0941,31.0233,29.4571,27.5423,30.8842,50.2878,76.7893,30.1208,27.9705,28.4185
"PTCD1",1.1287,1.2605,0.9805,1.0597,1.3846,0.8997,0.7344,1.1727,0.9196,1.0983
"CYP3A5",8.1991,17.0544,21.3332,23.91,9.9874,8.8601,10.9459,19.0968,26.5958,11.8149
"ZKSCAN1",37.851,22.2505,48.7319,37.5731,43.0596,20.7871,14.6854,28.9238,42.0266,26.4721
"EIF3B",42.9049,79.1942,54.7246,43.4118,83.8258,40.7723,22.483,64.8124,47.2871,53.9776
"SNX8",15.3362,23.3731,14.7056,12.7993,21.469,14.628,10.3643,18.4284,19.9268,23.1341
"NUDT1",13.7034,16.8712,14.413,14.7562,20.8761,21.0008,20.9987,19.2192,18.4751,22.6895
"TAF6",18.5831,17.107,25.5102,17.552,18.2717,17.1655,11.0538,22.8272,12.8421,17.8631
"WASL",103.5453,111.9561,146.2027,121.3582,128.242,107.6026,74.4491,98.2148,174.0414,98.2918
"AIMP2",25.4161,30.878,22.0032,19.4091,45.546,26.5473,25.2033,26.8987,26.6585,22.4772
"TFR2",0.2716,0.3145,0.379,0.3123,0.3792,0.1837,0.445,0.3135,0.4068,0.2955
"PCOLCE",37.1191,25.3596,45.3242,31.9686,12.0683,21.0137,11.5304,42.1722,14.1853,34.2941
"RBM28",2.8834,4.0228,4.5977,3.3757,5.066,2.8388,1.4958,4.7538,3.2912,3.4681
"USP42",6.5264,7.4484,8.1305,8.4681,8.0319,5.7878,3.5432,9.3329,7.888,6.6859
"IMPDH1",26.223,31.0594,28.6322,23.7794,51.293,20.2166,18.5547,36.8709,31.3968,26.2463
"AGFG2",39.1431,19.8967,28.3386,40.5405,48.7764,20.7402,23.8485,32.2473,41.1861,36.1528
"LSM5",18.5111,18.4577,22.1962,18.0179,21.7423,38.6865,37.4161,19.9652,23.8812,20.6035
"SERPINE1",13.2202,35.0633,1.9696,6.1581,2.3734,3.7827,0.9032,58.8321,9.6663,4.2034
"AP1S1",97.1197,110.7312,83.6656,63.4908,150.6017,114.5712,166.2519,79.5956,128.7217,78.233
"MOGAT3",16.6466,18.8988,12.9089,24.6457,36.5041,14.2568,14.6676,15.1877,59.4614,23.0546
"C1GALT1",16.3848,15.3499,15.4767,16.2423,14.9302,20.2156,16.3828,12.9853,21.3158,11.3424
"PLOD3",39.6877,52.3507,38.461,36.3958,55.6436,26.5741,26.0204,51.1461,60.5572,47.0948
"RPA3",15.7938,13.85,13.8874,19.6713,18.1839,31.757,36.0575,14.4604,17.7012,16.4822
"ZNHIT1",46.4925,42.6344,32.6594,31.9167,54.624,65.676,125.0823,37.218,47.3408,44.3695
"CLDN15",19.4582,8.5532,15.0091,14.3471,35.169,13.8001,24.1513,17.1428,22.3226,16.2546
"GLCCI1",6.8167,4.1968,9.8412,8.4051,3.174,4.6403,2.8989,5.4751,5.0769,6.052
"PHF14",6.6781,4.454,10.2388,6.6993,8.0754,7.7279,4.6116,7.8014,6.7367,5.7301
"NRF1",11.7743,11.4218,16.2232,12.1067,13.2773,12.7791,7.4836,13.4281,8.4644,14.1359
"TMEM106B",21.4664,12.5861,37.7135,19.9345,16.4468,42.1836,32.4552,16.4738,19.9098,14.1785
"EZH2",7.2889,10.5213,7.6009,12.7269,17.0208,6.5144,10.4082,9.118,14.9821,10.4904
"CEP41",1.9662,1.7782,2.1532,1.8331,2.1052,2.0185,1.6461,2.0916,1.5741,1.7505
"SFRP4",14.8997,3.436,23.6351,4.1014,1.6972,5.4362,3.3069,5.5222,2.5524,4.0465
"MEST",17.1201,14.1243,15.7437,11.7568,26.3192,13.6439,19.6492,15.5666,17.5864,11.9978
"ANKMY2",31.2166,18.3456,46.6526,28.5885,24.2349,40.5961,28.6459,31.9132,20.9283,24.0983
"ACTR3C",1.4037,1.0357,1.0047,0.9912,2.2521,1.608,1.6419,1.1553,1.2757,1.1586
"RARRES2",185.4412,210.5074,160.7515,139.4115,154.2318,267.8533,415.728,236.5019,63.8391,302.6541
"AGR2",1612.0231,2028.3173,492.3887,633.1814,2220.7667,1385.2903,1844.2982,1220.5783,1758.8995,1094
"AHR",14.3953,13.1117,26.2511,16.7387,12.9953,20.0953,17.9908,15.8832,16.2985,13.7205
"CHCHD3",62.0745,76.691,60.6934,47.8386,81.3371,77.0918,67.0442,73.1399,65.6699,57.9881
"GIMAP2",25.4111,7.8497,21.709,18.3921,8.6551,30.0918,29.1777,7.8245,10.8448,13.0462
"TMEM176B",473.4231,409.0745,297.4746,438.6122,531.8537,415.8898,614.8329,371.8652,448.1239,363.1819
"MRPL32",32.7842,31.2779,34.2188,22.9261,47.0571,55.544,82.1223,26.7323,30.0389,24.641
"COA1",6.3529,4.3306,6.4036,5.2386,4.7162,8.3752,11.755,5.3287,4.3239,3.9391
"BLVRA",36.0326,33.1545,80.0683,33.4243,7.4092,86.7594,33.9641,54.2367,9.0944,40.3934
"RHEB",42.4795,53.6107,60.442,38.0162,34.4518,96.8745,72.238,52.6441,35.8401,42.0634
"PRKAG2",7.7313,7.3474,9.2153,8.0249,7.5529,10.7125,9.1806,8.3194,9.5268,6.0709
"POLD2",57.7821,69.3242,45.1995,39.7336,86.0373,49.1564,46.0173,66.2505,66.7791,53.4207
"BCL7B",58.877,72.6299,74.6024,58.5839,53.1139,89.9057,73.8631,74.1822,49.0886,64.1477
"YKT6",31.6881,54.945,33.7312,31.5022,56.9706,36.0112,21.7084,43.4012,53.8879,41.5743
"TBL2",23.8868,22.8472,17.2365,14.451,29.4276,27.1131,26.7295,20.5972,19.9955,18.554
"CLIP2",26.0417,26.0639,45.2171,52.3165,51.967,23.9765,14.2018,46.4696,54.183,44.0805
"EIF4H",120.2312,141.2945,163.7475,121.8596,152.8925,127.8364,70.491,167.7277,140.8199,133.4598
"LIMK1",9.5691,11.7019,9.6505,11.8805,9.9878,6.4656,5.2369,10.7467,8.1738,11.7422
"SLC1A1",3.8458,23.4098,22.7038,42.9719,36.5248,19.6242,25.2883,19.6452,68.232,38.045
"FKTN",3.0428,2.2501,4.5522,2.7551,3.3919,2.9153,2.3137,3.151,3.4785,2.1087
"SPIN1",55.2972,48.3887,102.2271,54.8334,49.0923,78.233,39.6415,67.1244,47.1908,54.5138
"NMRK1",16.041,7.3364,15.3026,13.565,13.9262,17.7908,28.1969,8.5179,15.7247,12.4339
"PRUNE2",18.4546,30.4285,116.6403,38.3801,5.69,51.8359,6.3432,70.1523,7.8952,29.3617
"TRIM14",33.4233,30.5461,39.1605,42.7976,46.2981,26.8164,18.5409,24.4992,59.5915,37.7933
"CORO2A",42.242,32.962,30.0125,47.6836,63.9893,24.4476,23.9684,39.0157,109.2337,37.6705
"TGFBR1",21.2302,27.4528,42.7453,22.6472,19.0878,35.4426,14.5271,37.7298,13.2529,22.9113
"SEC61B",161.9325,194.9186,115.382,125.4857,174.5064,184.346,233.4683,165.6595,164.1135,165.6576
"C5",2.0278,1.2763,4.3384,2.0989,1.3305,2.8602,1.3295,2.0987,1.0311,1.6358
"ASPN",23.0999,11.3509,83.1973,26.0144,7.4258,30.5378,17.901,28.5001,8.0201,21.2744
"ECM2",7.6892,4.2774,21.8492,6.7882,1.7288,9.9977,4.9488,8.1826,1.8375,4.9141
"TLE4",8.9417,10.1244,14.8168,10.7376,7.5421,9.5919,4.1295,12.4451,8.3429,9.6403
"LHX6",2.2512,1.1455,3.7532,2.5686,1.7291,2.7108,0.9226,2.698,1.3096,2.2361
"AMBP",0.5908,0.6998,0.5301,0.3574,1.3415,0.4495,1.3628,0.4743,0.3342,0.4354
"DNM1",3.7729,2.7568,5.8515,3.9669,1.3759,2.8634,1.2274,5.609,1.9611,3.1025
"ENG",44.0511,54.5393,64.6518,44.6356,28.9142,35.1029,15.6393,67.8167,40.2389,60.1768
"AK1",8.0158,6.4711,7.9674,8.2504,5.9255,7.6834,5.7266,7.5933,20.841,6.5693
"CDC37L1",16.6502,13.3758,22.1938,14.3411,11.6938,24.2181,16.4131,14.6995,11.0733,10.2584
"RLN2",0.8911,0.3096,0.6219,0.6589,0.6999,0.9794,2.5125,0.3086,0.7701,1.0534
"PLGRKT",91.9761,75.4484,78.6084,79.8231,106.368,147.9042,194.4423,70.1254,106.5249,59.2174
"TBC1D13",27.8628,23.5849,39.3001,31.3886,29.0216,23.0731,15.2614,28.585,27.414,30.5562
"RIC1",8.8889,7.0894,12.1196,11.0218,6.187,8.5634,4.406,8.841,8.1535,7.6187
"KDM4C",12.0364,10.0356,13.1944,13.0328,9.4514,10.4158,8.6306,13.1258,12.6499,8.8356
"DOCK8",7.7428,7.8548,7.5404,14.2034,3.2918,4.6229,2.6451,7.4148,3.1272,8.819
"KANK1",14.9605,14.4477,32.0653,15.5491,15.4997,15.3311,7.5208,23.2863,10.7266,14.968
"NCS1",39.8539,76.0915,170.3248,53.1797,6.0041,99.9321,20.1832,115.7029,5.5127,95.8185
"TESK1",30.5113,37.7308,38.798,32.4899,40.082,33.0412,18.4525,41.1738,29.4565,35.8441
"CA9",1.5524,2.6418,3.3541,1.218,3.1353,3.5193,1.278,3.1928,2.6117,2.6644
"FUBP3",27.0341,29.9395,42.0864,25.7142,30.5193,32.0159,12.1376,34.0754,27.9249,23.296
"CREB3",94.8455,106.1994,102.7073,77.4481,103.5187,141.1508,139.6754,104.336,68.2856,93.7343
"RGP1",23.7346,25.0297,21.795,24.3767,33.872,14.6645,7.6002,27.6825,30.1676,24.2591
"MPDZ",6.3114,7.1295,25.8735,8.4251,1.3088,13.8302,1.906,15.5859,1.5189,6.9034
"DDX58",12.0662,7.5873,32.6448,20.1959,10.4619,25.1277,8.3291,11.9204,20.6293,16.8094
"EDF1",639.3801,609.8647,410.5373,468.1233,687.26,567.328,665.0706,528.118,552.9186,637.2064
"PIP5K1B",52.3143,47.0202,41.6495,55.9788,52.2301,55.2942,48.3767,45.7462,89.509,53.0378
"BAG1",53.5798,81.5677,47.1994,44.3154,68.72,67.5916,57.0396,64.0862,42.5376,58.5589
"RAPGEF1",43.7845,66.3178,58.984,53.8877,43.9418,36.7679,16.4447,70.8136,40.2982,57.2139
"NPDC1",66.9759,70.8452,47.1854,51.3731,60.0365,59.9652,71.9199,77.4667,108.5159,76.2513
"APBA1",3.7294,3.9058,5.7019,2.8428,4.2533,3.0001,1.5752,5.7983,4.8594,3.8871
"SETX",17.1952,30.4883,33.1139,26.5242,20.1694,18.4082,6.5848,32.5917,21.1655,21.36
"ABCA2",14.6363,20.3825,17.5645,15.8814,14.9758,8.7647,5.5535,25.8089,22.2835,19.2263
"SHB",4.6005,9.6697,5.453,3.8569,7.0014,4.6243,2.3177,6.7444,5.3832,7.0649
"UBE2R2",60.6385,63.4896,81.0408,58.6208,57.9677,60.9333,33.1672,66.1343,48.7254,56.8877
"EXOSC3",3.3719,3.4314,4.1052,4.091,3.8048,4.7161,5.1059,2.9505,3.1344,3.3222
"ZFAND5",45.9394,65.6963,73.1825,49.5901,40.8179,58.0122,28.2331,87.1807,39.8379,49.5801
"DVL1",44.5527,55.4935,44.1054,34.482,52.6162,36.0848,22.7627,54.8921,33.4141,41.8985
"PDLIM1",360.174,418.5746,284.3789,441.656,582.7353,317.048,320.3474,369.5268,670.1292,484.4543
"CCNJ",6.6811,5.8374,7.6472,6.6467,5.4057,7.6998,4.251,5.7675,5.5589,4.2435
"GATA3",2.0701,1.8294,1.4805,3.2607,1.1594,1.0044,0.6637,1.9794,0.6067,1.8392
"HPS1",57.9399,55.4136,43.4735,46.3398,62.7248,51.6956,45.7065,51.7206,56.5327,52.6118
"PHYH",56.1179,51.5431,70.2722,62.5472,52.0104,79.7023,99.4057,48.117,69.5947,37.7701
"RASSF4",9.0915,6.4463,9.3139,8.3902,4.406,10.1062,10.1312,9.8701,9.6196,6.7838
"DNMBP",27.7552,26.9283,31.7239,31.0491,36.0862,18.1179,15.7506,24.2977,34.1727,26.9433
"RAB11FIP2",7.6412,5.9571,23.1097,10.1411,3.3132,16.9768,4.9511,10.7289,5.0171,7.0443
"CXCL12",122.6017,71.6414,248.1865,70.1474,31.4227,145.1439,59.3196,164.1514,37.3439,82.7239
"ERLIN1",88.4181,69.0859,68.0821,62.5546,105.094,70.1269,75.5187,73.048,87.5005,63.551
"EIF3A",105.7398,134.129,162.7959,101.9129,140.4142,97.8489,39.3017,147.956,114.3552,96.7894
"TRDMT1",1.3253,0.9587,2.0054,1.1894,0.9881,1.6103,1.7288,1.3495,1.0307,1.0856
"DDX50",43.7121,40.6161,71.8978,41.1446,36.709,75.4419,42.0117,51.6864,28.7549,41.0025
"MAPK8",10.2846,13.7991,13.2197,9.4297,9.6685,15.1052,10.2786,12.9668,11.6392,8.4146
"SEC23IP",19.379,26.0457,29.1586,19.8042,27.1863,24.6978,13.1871,25.3076,21.347,18.399
"ATE1",31.7298,31.8401,48.1257,33.0691,34.6047,40.9993,25.3466,38.4704,39.7002,25.977
"NSMCE4A",27.0319,19.4534,27.8652,24.1741,26.7789,33.4548,36.8029,25.0228,22.4766,20.9942
"PLEKHA1",6.6308,5.4282,9.726,8.2125,7.0423,11.0242,7.0364,6.5339,7.869,4.9583
"UNC5B",19.8011,15.3454,16.583,24.5333,23.5899,10.21,7.4129,27.7139,43.0652,35.5165
"VSIR",52.1102,44.2274,57.2287,51.4861,43.645,45.9142,30.5657,60.9713,40.2728,57.0679
"SPOCK2",18.0301,30.5131,18.2941,28.1881,7.9913,11.1609,4.8288,35.7564,7.3911,34.0742
"MICU1",49.5682,44.8012,61.1321,39.8937,51.4305,55.2633,39.6157,52.7501,56.5695,46.2986
"PPP3CB",38.7007,35.0277,84.8928,39.6701,25.937,74.612,32.5393,52.1279,27.7311,38.189
"CCSER2",18.4568,16.975,48.68,21.8457,13.0981,29.9356,9.7263,29.8824,13.1406,19.1854
"BMPR1A",14.4513,13.0713,28.3134,12.9637,10.6795,28.9789,10.461,21.9044,11.6968,15.1309
"MINPP1",31.3058,33.5811,26.5726,29.5373,38.3389,33.1207,38.9567,22.8241,29.9147,28.4013
"ACTA2",272.3156,387.8814,565.8967,284.5585,64.1008,511.8868,128.9716,596.5689,59.6419,483.2303
"LIPA",82.0868,57.9743,74.2558,42.4928,27.8313,174.0787,123.2147,65.7957,30.5711,54.4892
"TLX1",0.0776,0.0202,0.1044,0.1434,0.1828,0.1181,0.1515,0.0806,0.2716,0.0197
"TWNK",5.7658,10.9667,9.5282,6.0117,12.8892,7.0866,5.2904,11.1106,5.6339,6.8159
"LZTS2",27.6233,25.9132,46.6352,21.5159,18.5694,35.4039,14.8133,38.2878,10.8806,28.8881
"FBXW4",32.358,31.3982,39.2109,33.4628,31.3461,33.6829,13.6712,35.8461,25.6526,34.0674
"NPM3",46.2775,64.2575,38.1217,31.3329,65.969,61.8167,113.6503,63.1951,49.0117,52.5085
"TNKS2",31.2093,27.3665,48.211,32.813,20.2768,36.0658,16.5884,35.8342,26.0997,25.5447
"GBF1",14.5105,17.0306,18.238,17.7031,21.0733,8.3848,5.329,19.3216,21.0648,16.8373
"ARHGAP21",19.8961,33.4943,30.3428,22.2894,33.1707,16.8718,9.8817,27.1144,27.5161,20.2292
"CPEB3",5.0114,2.5816,6.9261,5.8692,3.6501,4.3562,2.6704,4.6653,5.4533,3.9631
"FBXL15",18.5267,17.7955,10.4352,10.5745,30.183,16.2936,21.5513,14.3498,16.4711,20.743
"CUEDC2",89.2945,74.4987,97.3707,65.1721,60.3875,113.6401,84.4143,94.1616,48.196,75.3206
"SUFU",11.0329,7.4942,16.2498,10.1059,7.5163,8.1916,3.9504,11.8243,7.1867,9.6185
"ACBD5",15.5328,9.1621,17.9354,14.588,15.1487,16.0249,13.9224,12.2875,15.4325,11.0642
"LHPP",29.0535,17.7737,23.9357,16.0085,20.0308,26.1195,19.0655,20.1064,14.1171,15.2892
"LARP4B",19.4604,23.7417,21.8809,22.8906,31.3401,14.7698,9.501,23.1318,28.3853,19.0958
"GTPBP4",17.1199,27.7947,16.3681,15.6909,25.8863,20.897,11.2523,24.4366,18.6154,15.6854
"EDRF1",3.7183,2.6272,5.3849,4.4763,3.0393,3.7254,2.4235,3.0632,2.8968,3.4208
"BCCIP",22.4578,27.2349,26.7571,20.1726,27.7026,34.3812,28.2352,25.3342,24.0747,19.6325
"MTPAP",5.6068,6.9263,9.3485,6.6018,8.1052,7.649,5.142,6.885,6.7449,5.5759
"NEURL1",17.0052,9.9114,10.6136,17.4466,28.8226,8.4381,14.1239,15.2993,20.5404,12.798
"SH3PXD2A",35.703,32.214,59.2056,36.1265,26.5521,32.3116,13.3979,58.318,31.8679,31.4471
"PITRM1",13.0433,15.0873,15.7504,12.1444,16.4927,10.3751,6.8887,16.1698,12.6619,14.0618
"STN1",11.3768,10.2901,12.4269,9.7128,10.6497,13.8309,16.3278,12.4406,8.3231,11.2289
"MAP3K8",11.1534,8.4247,6.0561,12.0586,3.454,8.7947,6.4462,12.4007,5.3622,7.7787
"GLRX3",23.6899,37.4635,26.2137,22.7336,30.2211,38.8728,49.4014,26.5409,23.1806,22.432
"TASOR2",12.2339,10.9833,18.6747,14.3097,14.1899,10.8431,6.2963,15.1591,9.6807,10.7288
"XPNPEP1",38.3581,60.1786,29.3873,32.5138,55.8011,32.3711,22.9157,42.1943,52.8888,34.6155
"SMC3",30.0212,33.1605,56.6046,36.8227,35.8233,33.584,14.7324,37.0119,30.3122,32.7441
"SHOC2",45.9562,48.5677,61.436,58.1039,51.4009,65.8278,38.9844,50.5613,58.0275,47.425
"TFAM",31.249,28.2187,42.1935,25.913,36.0159,50.8689,43.9005,31.5448,32.5535,21.871
"CCDC6",27.9941,32.2503,52.0708,34.8477,49.8733,30.684,17.0358,37.5844,36.9183,34.5712
"CUL2",20.0236,20.0144,36.0171,21.645,20.2759,35.1193,24.6213,24.611,21.039,18.8292
"CCNY",51.2022,41.6939,65.4471,37.9357,40.2798,60.2607,32.7218,53.7693,38.5425,40.4633
"UBE2S",9.2641,17.6999,4.8336,9.258,21.2028,9.0843,12.4338,14.6362,14.1265,15.2145
"RPL28",284.6935,264.8794,176.4886,197.0941,315.3439,276.0894,338.0627,239.0635,184.4736,273.5231
"ZMIZ1",35.5098,42.7157,59.591,46.9102,39.5108,27.349,10.4232,59.8609,44.9971,44.7652
"DNAJC12",11.9797,16.4339,13.0774,10.565,15.0622,19.317,22.0037,22.0969,13.6324,7.7705
"PPIF",103.8518,149.9754,89.5995,80.3206,201.9833,95.7482,87.8573,134.5512,124.3015,96.106
"PBLD",21.3152,11.5193,41.5708,55.4042,29.6706,34.7138,32.1838,19.4236,44.4299,26.5678
"TSPAN14",20.3501,16.6966,18.2735,17.5005,22.6078,14.9201,11.795,19.3294,17.9747,17.968
"CYP2C18",1.1688,1.0114,2.691,3.6197,5.1964,1.4095,1.2053,2.1538,0.8576,2.9496
"NUFIP2",19.4979,21.8267,32.0791,28.2769,21.498,19.8205,9.6781,29.1967,24.2516,19.723
"GIT1",31.6121,29.8674,31.1776,29.6782,38.548,23.7916,17.2823,31.2139,31.5131,29.7561
"RPL19",1084.8256,811.3863,848.3803,626.5651,804.4765,1235.5732,1636.6504,823.2919,566.4305,792.1604
"FBXL20",5.0238,3.5118,8.8494,8.8871,5.6864,4.8534,3.9164,6.9435,5.7137,6.4074
"UBTF",53.5152,65.2793,72.8117,54.1833,65.3796,51.5036,23.4617,62.7682,48.4405,68.4483
"CSF3",0.9179,1.7461,0.0412,1.4591,0.1298,0.0349,0.1493,7.8201,0.1071,0.186
"PSMD3",74.0755,100.0136,67.6234,68.8042,125.4422,70.3532,65.1926,91.6021,82.3421,81.6747
"CASC3",44.2957,38.3822,80.159,41.568,38.8162,52.8821,27.43,53.9428,25.4464,43.926
"RGS9",4.8552,5.2264,10.242,6.3353,3.8815,9.2463,4.2495,6.4932,3.3826,5.0733
"RNF43",10.5123,8.4067,6.1674,8.9742,15.4765,6.308,6.2006,8.0618,12.9205,10.2193
"WNT3",0.406,0.5477,0.8143,0.6357,0.3039,0.7087,0.2175,0.7692,0.4829,0.4719
"RAD51C",4.0802,4.7954,6.8394,5.2263,4.8427,8.3679,4.4572,5.9401,3.9828,5.3677
"SEPTIN4",1.4426,1.0898,2.5435,1.3304,0.3032,1.9964,0.7914,1.6398,0.7271,1.3344
"MTMR4",18.5578,17.823,22.8197,19.0161,22.6939,13.1398,10.8636,18.8278,26.2786,18.5896
"TRIM37",13.4933,14.1418,25.0628,12.5731,13.7774,16.2764,9.5892,16.2977,13.5437,13.2295
"P2RX1",7.4363,7.8317,5.4209,7.7887,4.1858,6.9349,3.763,12.3402,4.1768,6.0566
"DHX40",23.6777,16.1025,36.652,17.4738,17.0646,34.9674,25.0748,23.7489,13.3764,17.0256
"TUBD1",7.0615,3.3297,10.0656,6.3735,2.982,10.9316,9.5865,5.3516,3.2333,4.863
"KPNB1",43.5184,69.2641,68.8284,48.1943,66.5874,45.9261,19.8838,64.5366,52.2874,48.0421
"GOSR2",8.266,7.4663,9.742,8.1747,9.111,9.9667,8.0336,8.4923,7.9922,8.0198
"PNPO",6.3558,7.2954,6.1222,6.3567,13.2487,5.3402,7.6489,6.3705,10.2952,5.7189
"RPS6KB1",11.1061,10.7483,17.4466,10.8829,9.1514,14.9765,5.8306,13.0586,8.7196,8.631
"TRIM16L",3.8011,3.0052,6.6517,3.0626,3.272,6.7332,4.2417,4.7317,1.9219,3.1837
"CDK5RAP3",1.4083,0.367,0.9778,1.7478,0.5373,0.6123,0.5018,0.8013,1.2909,0.5861
"CBX1",48.701,39.9992,84.5664,54.2199,43.1252,56.1038,30.0962,64.8568,37.7971,50.9742
"RECQL5",6.7878,5.1064,6.1318,9.023,7.3343,4.0061,2.9039,7.4629,9.0122,6.7718
"PIGL",2.5298,1.8527,3.0263,3.1662,2.4311,2.3022,3.0552,2.5167,2.7904,1.734
"GALK1",16.1097,17.1871,11.8429,9.6344,17.946,15.4979,19.0694,15.3572,11.8071,15.8958
"INTS2",4.9367,4.6409,8.4664,4.9072,4.7308,5.2747,2.9968,5.9021,5.3365,4.32
"CAMTA2",26.4362,23.3402,24.7736,24.9053,30.9044,16.8122,11.6464,30.3844,24.7242,23.5378
"MED13",17.9929,23.6651,26.3788,23.5384,23.6988,16.8953,9.7712,25.3513,23.1532,17.9828
"HOXB6",6.006,2.3858,5.8274,5.4096,5.4764,3.1259,4.6586,2.7643,7.1205,4.6584
"ENO3",1.1276,1.2619,1.7039,2.4747,1.376,1.2282,0.7568,2.0348,1.8093,1.2869
"PFN1",1107.4107,1207.5123,1230.5075,938.524,1447.0885,1220.3214,1107.2805,1111.0403,1166.2775,1228.7093
"RNF167",130.4409,110.9211,120.7962,115.7658,143.1003,133.346,117.3605,125.6093,109.9636,118.0794
"SLC25A11",104.6499,92.9191,83.7185,77.0359,147.6206,124.3293,136.5506,96.8397,112.7489,100.4588
"RASD1",36.4882,18.7429,20.134,42.1462,34.1709,22.3517,22.792,17.5016,6.2103,34.9045
"RAI1",8.2282,10.0697,13.3617,7.612,9.6742,5.5658,2.506,14.5189,6.1951,8.6669
"NUP88",16.2005,21.9635,16.6441,16.3758,29.1546,20.5588,20.1421,19.8824,16.4074,18.8142
"C1QBP",132.5625,155.6834,99.439,79.0388,178.612,159.5582,217.3236,146.4778,123.422,111.2839
"SLC6A4",0.0292,0.076,0.3535,0.1834,0.0688,0.222,0.1899,0.2047,0.7603,0.0887
"BLMH",15.0273,26.026,24.34,16.7463,18.3468,20.0202,8.4044,19.2421,15.5876,18.181
"CPD",26.836,29.9668,32.4514,22.2133,38.5886,20.976,12.4632,30.8222,41.6905,23.8081
"GOSR1",17.3741,16.9617,21.5385,15.3256,17.1987,17.99,8.6974,19.9899,18.0106,15.3153
"CCDC47",107.9949,117.1511,111.1069,86.4534,141.4206,97.1957,55.9066,127.897,123.2073,89.9116
"MED31",4.207,3.6794,3.7745,3.9684,3.3727,8.7934,13.9691,3.5922,3.159,3.7973
"DRG2",9.0755,9.6962,8.6919,7.1524,9.4681,9.7687,8.049,9.3934,6.3892,7.4946
"FTSJ3",25.2173,37.4269,28.7379,22.4655,37.22,26.9478,12.3434,34.9875,24.6516,25.4423
"AKAP10",20.0658,12.0816,26.0506,18.0577,13.2267,24.9914,21.7131,16.1116,13.9024,14.4327
"ALDH3A1",10.1808,4.9567,2.923,1.7871,10.3137,3.8781,4.2906,4.3266,3.4736,4.8318
"SMARCD2",81.4096,84.1881,71.3184,74.8351,119.3165,72.6738,58.2708,72.3543,101.0713,82.8547
"ICAM2",6.4249,7.2044,5.9476,6.5736,2.6354,6.1673,5.0285,7.5892,3.323,5.937
"SYNGR2",206.4657,204.4818,100.0334,122.9322,309.7452,172.0744,278.2678,161.7652,163.9147,147.0193
"B9D1",2.8749,1.6953,2.8863,1.2868,2.2684,3.4523,3.2645,2.7188,1.3816,1.6116
"UTP6",15.4394,18.8609,16.285,14.7403,17.7764,18.8221,17.6518,16.447,14.1037,14.3511
"DDX5",132.3024,196.2198,151.8516,182.5414,114.9402,170.8704,81.4547,259.3799,136.6909,134.715
"C17orf75",7.6389,3.9857,10.3481,6.3758,5.9789,12.8122,15.978,6.5723,6.2927,5.196
"CYTH1",27.1406,39.9583,24.2622,37.2855,25.568,19.7953,12.9605,40.799,33.5593,33.5447
"PSMD11",30.8337,41.9745,36.8983,34.0325,48.7675,34.9794,20.4963,37.3483,39.9716,32.8237
"LGALS3BP",811.2126,754.5375,592.1033,612.8443,1059.6571,445.3296,407.0389,710.4084,1002.0126,794.748
"CCL2",53.0214,36.1752,39.3547,51.6605,9.8158,77.1312,35.8153,94.0778,9.6554,33.4247
"CCL8",15.3658,4.312,11.2411,37.0527,2.5066,14.6589,13.6118,14.2453,2.7577,4.6708
"PEX12",7.5459,5.4145,14.9467,5.7676,5.3598,12.3979,7.2575,6.609,3.5438,6.5931
"DHX58",9.059,3.4715,10.0163,8.6084,5.9642,6.6493,5.0446,9.6196,5.1182,7.6132
"KAT2A",20.9847,20.8601,21.0675,19.6154,32.3196,16.9418,13.1175,27.6772,21.3682,18.4596
"RAB5C",55.7629,59.3354,51.7534,49.4729,66.88,58.2746,49.4713,53.1398,63.9594,58.0171
"NAGLU",29.0387,35.9124,26.038,27.8473,42.6819,29.9521,23.3992,31.1621,32.9373,37.2322
"MLX",54.6312,57.8544,41.034,48.2246,72.0621,79.6531,101.4215,45.1916,77.5625,49.3743
"CNTNAP1",7.9736,6.669,19.3525,6.0922,1.8122,7.6833,1.4297,15.8719,2.5508,5.9919
"ABI3",19.1711,17.622,9.6563,21.9488,10.5878,14.7741,14.3842,11.3685,7.4984,23.1966
"EZH1",16.0675,11.4816,34.8098,19.7377,9.4546,20.7782,6.9819,21.0109,10.0125,15.5491
"PPP1R9B",30.1345,31.361,31.9305,38.4709,32.3823,19.0278,11.1119,30.4922,27.6778,40.0897
"COL1A1",119.8677,168.6728,327.9799,165.444,76.226,48.8436,50.827,214.3652,54.2626,154.466
"SGCA",15.4557,6.4396,24.0011,17.5019,2.49,17.1883,13.0469,15.4312,1.8443,15.3022
"MRPL27",43.5214,44.6249,33.0541,35.3696,61.0523,62.8643,96.7791,39.5914,47.8842,50.1828
"ALOX12",1.3457,0.7414,1.2763,1.1939,1.5039,1.3749,0.5753,1.4381,1.4951,1.0519
"HDAC5",24.4286,13.5224,39.3589,27.4696,15.0953,23.8528,14.1404,33.6971,14.9157,26.2429
"ABCC3",47.452,64.1504,37.345,70.2834,111.406,20.5918,16.7328,60.4924,78.9583,54.6089
"LUC7L3",25.86,12.9225,37.7855,36.9422,19.841,28.1463,16.157,21.2209,26.1109,15.8929
"SMURF2",11.138,13.4498,18.4778,11.4878,8.1944,14.2726,8.1702,12.8488,9.7991,10.5055
"DUSP3",62.4332,84.6918,130.6898,68.9823,43.8353,87.5123,40.1163,99.2586,52.7252,75.3051
"EFTUD2",23.372,30.9299,23.6884,21.9539,38.2352,20.1802,13.0778,29.6001,24.5372,26.2491
"PRKAR1A",82.4538,81.841,141.5225,78.3106,49.7467,102.1725,38.4854,103.8012,62.4521,66.4284
"EFNB3",2.2811,2.5097,2.4445,1.4757,1.0451,1.0847,0.7833,1.8927,0.7884,2.5841
"FAM20A",2.827,2.268,2.5586,1.8403,0.7147,1.7182,1.0725,2.3891,0.9487,1.4197
"YWHAE",390.8625,375.384,343.395,269.5741,466.3894,456.637,559.1697,344.4818,384.6547,323.4839
"MMD",21.2039,19.3241,37.8766,23.639,11.8496,39.5255,22.8787,29.5227,13.0782,18.5911
"RANGRF",0.6816,1.0096,1.03,0.6896,0.8115,1.6378,1.1671,1.3791,0.9486,1.1269
"DPH1",6.5262,7.5477,5.6341,4.983,9.304,6.0161,3.9466,7.6003,4.091,5.0969
"MAP2K6",19.9096,6.4223,17.6407,17.1185,15.2778,13.3592,15.3987,16.6506,21.403,14.7513
"WSB1",25.5962,17.0559,38.661,40.8958,13.8709,27.8382,21.3235,33.8727,27.0269,18.3023
"SLC9A3R1",130.9637,138.8902,120.6078,209.6581,259.1254,107.3171,115.6604,116.3346,362.7558,219.9803
"NAT9",11.524,11.4764,11.3059,9.8907,12.6679,11.5701,12.029,13.3786,10.0923,9.5571
"TNFAIP1",34.9099,41.7944,34.9294,27.9505,35.2366,33.7076,26.7103,50.0707,31.3164,27.9396
"IFT20",12.6136,8.0464,12.1809,8.3336,10.2071,20.9959,35.415,10.4972,7.9312,8.4938
"TMEM97",17.3581,23.2051,23.6258,13.785,49.3757,23.582,21.6139,35.6533,72.5023,22.4168
"CDR2L",7.5061,8.4996,11.5559,7.8396,3.7885,8.4186,3.0558,14.0704,2.8011,8.6712
"PMP22",29.7637,36.5948,71.0172,24.6894,16.6654,43.7112,18.3098,74.2214,16.308,31.553
"UNC119",12.5608,8.8986,9.8597,11.2623,9.603,14.5296,15.1985,10.0034,13.6527,9.7761
"ALDOC",26.7396,17.0155,17.2188,18.2266,27.1142,15.1363,25.7851,13.0903,101.3233,16.3432
"SUPT6H",28.5988,37.2021,48.6906,35.6213,32.4472,26.9791,10.4911,46.7332,26.6642,36.636
"RAB34",27.0836,24.2751,55.2964,19.3168,8.286,54.6148,23.2808,39.7086,7.4129,28.9583
"PHF12",11.0537,8.6596,17.2554,12.8207,9.1891,9.6942,5.2373,10.9476,9.1895,11.1537
"TMEM33",18.1632,24.4728,21.0547,23.1452,33.4437,21.5836,15.1898,23.4933,35.5365,21.4234
"SLAIN2",36.8465,39.1048,65.5231,37.1268,36.7461,54.2749,24.3253,45.5593,38.5135,35.4683
"OCIAD1",89.4053,72.9136,102.331,79.132,92.6994,114.1115,125.2115,76.2268,95.6611,66.7516
"DCUN1D4",11.2577,9.0461,25.0083,12.9714,7.6887,22.865,13.7709,14.1328,8.6357,9.7144
"USP46",5.9334,4.3877,7.5536,4.9288,4.8906,6.1006,3.5698,5.76,4.5254,4.0448
"ODAM",2.2504,0.6799,4.6233,1.3503,0.2152,2.9778,1.061,4.1001,0.2029,1.0575
"CHIC2",39.2097,31.0071,31.8056,37.9393,27.8822,51.4295,57.688,27.0439,25.6417,30.0585
"NMU",2.7692,1.4705,1.5001,1.4679,3.1518,2.7033,2.1077,1.0314,7.6394,4.3942
"LAMTOR3",45.4382,45.0532,58.5933,40.8845,48.0958,71.6757,72.9127,41.5778,49.6858,39.6685
"NFKB1",38.9668,47.0708,45.4264,40.2527,46.8674,31.4036,17.3987,48.6921,31.4636,43.2333
"AREG",116.4071,116.6448,4.8435,126.9395,36.7862,30.9708,27.5738,254.1998,59.6943,83.6208
"MANBA",9.21,6.9274,10.2755,7.6336,8.652,8.0274,6.3225,9.1362,7.996,7.0946
"UBE2D3",91.1802,95.7106,102.8628,83.3836,98.755,132.668,111.249,91.2657,93.3285,79.1084
"ELF2",11.2659,8.5667,21.5291,10.8945,7.9539,17.3518,10.896,11.6616,8.1923,9.8654
"NDUFC1",59.3321,50.8828,46.47,42.797,67.6926,73.0939,87.3904,52.4868,59.7068,55.5667
"ZNF330",38.9309,34.4855,53.8892,34.7831,33.9286,55.176,26.7147,42.1593,29.7457,31.6713
"INPP4B",3.8407,2.1611,7.318,5.4662,2.3918,4.6174,2.3044,3.9267,5.985,3.618
"GAB1",17.3286,12.3789,36.5238,17.9407,17.9932,22.5539,12.5715,17.7946,18.1985,17.7775
"KLHL2",14.5868,13.65,20.1719,13.0565,11.4141,21.1907,12.2659,16.3676,13.6938,12.8094
"CPE",85.6683,61.7652,87.2223,48.0858,37.7624,85.4004,44.3988,69.5931,55.688,57.6758
"RPL34",492.1548,359.5382,506.2356,317.3666,323.5534,816.2948,946.2502,377.3806,270.9942,377.0149
"WFS1",24.089,35.0155,60.8275,27.1905,15.3738,25.2679,9.107,57.9249,11.7813,36.109
"GRPEL1",24.9253,36.8359,27.1197,19.6171,38.3055,32.7292,24.2927,34.9943,29.8976,25.612
"GAR1",25.2124,36.7697,28.811,26.158,35.8402,23.5249,14.8849,34.2797,34.8585,28.1221
"FRG1",43.6929,42.2377,57.7318,43.907,42.0095,69.4493,72.1308,41.7429,35.4449,39.9782
"CLCN3",72.3364,86.6223,72.0227,71.2552,83.6804,55.1952,44.6507,73.3361,109.6533,75.7619
"AADAT",4.2367,4.5591,8.3103,3.4494,5.2057,6.6298,3.5042,5.2929,5.0424,3.3022
"GALNT7",63.4494,54.6677,48.3455,59.3047,74.9464,44.0621,33.033,41.8873,123.9156,41.9045
"DHX15",44.1374,58.2757,51.3934,43.9279,62.7559,44.6465,39.2496,52.2482,53.3982,42.1558
"SOD3",159.0411,82.123,94.4937,70.0281,68.2395,70.1074,86.3282,104.1002,58.3491,99.5026
"SEPSECS",8.2388,3.9831,12.0439,11.3736,6.1722,8.5859,9.297,6.2693,10.5668,6.1886
"TRIM2",18.547,14.3474,21.9239,14.3889,24.4713,18.8696,11.3654,17.0255,24.2268,12.8608
"SLC2A9",1.714,1.7865,2.1653,1.3525,2.1008,1.9883,1.6102,2.3238,1.3031,1.2772
"FBXW7",4.5195,5.088,6.2447,5.5919,4.1022,5.0344,2.1676,6.8505,4.2582,4.5605
"NEIL3",1.0489,1.5307,1.694,3.283,4.3665,1.6494,3.4806,0.6902,3.9429,2.0548
"TBC1D19",3.7426,2.374,8.0633,3.6044,2.0654,6.126,2.5792,4.6303,1.7426,2.9315
"NSD2",10.7835,12.5026,15.6308,15.2864,19.9449,9.0274,5.3841,16.8705,19.3658,12.618
"SH3D19",67.7586,86.9831,106.0993,72.2523,79.1426,66.7052,38.739,72.9492,93.6937,68.0777
"STIM2",11.1473,15.7222,11.5548,13.1237,13.4438,11.1854,7.2092,11.2346,12.3025,5.8537
"NKX3-2",7.3743,3.1733,15.0535,8.1698,0.4676,11.8393,2.2889,7.4977,0.3858,11.2651
"MFSD10",49.1231,53.625,34.6519,40.5247,51.9065,31.8595,31.5586,48.5208,54.0814,49.3456
"BST1",7.3081,5.6529,14.1348,7.9404,14.9324,10.3362,13.3737,6.817,11.4502,8.2518
"RAPGEF2",10.0928,20.3119,17.353,13.9876,11.2306,10.0734,3.7752,18.4284,15.2866,13.205
"SNX25",8.3415,8.2441,20.1438,11.9331,6.6211,11.4394,5.4533,13.2609,10.364,9.7759
"UFSP2",23.7297,21.3508,44.4233,19.6592,18.9952,31.7844,18.9946,27.7219,14.4044,20.3093
"KLF3",117.3186,74.8933,85.2435,123.4453,99.2354,70.1827,39.9248,142.9178,98.1382,136.9558
"KLHL5",20.1734,17.7033,56.1382,21.0434,2.5669,40.5843,11.2374,28.5943,3.0038,17.2497
"NCAPG",3.2687,6.4964,5.0167,6.574,11.2534,4.5742,7.2075,4.3352,10.1848,6.8796
"UGDH",101.8113,202.9135,119.9843,95.5786,304.6482,153.8874,77.407,136.7731,140.8181,125.2696
"PPARGC1A",10.3715,6.5361,11.4624,16.8052,16.8207,6.4471,8.5134,8.5212,21.3878,11.5346
"CRYAB",48.5404,36.6059,119.6624,38.7459,8.1192,90.9835,32.148,74.7613,6.7898,46.572
"HTATIP2",91.52,85.385,67.0234,90.2544,109.3734,82.2072,112.475,65.612,134.7564,73.0709
"CTSC",20.9257,16.2383,24.8353,18.1403,21.0251,18.6901,21.0269,18.725,18.9829,16.0408
"CCDC34",14.6375,7.5857,14.4151,10.0325,17.7444,18.9241,22.8306,10.0362,16.788,10.6699
"ELP4",1.6023,1.2141,2.3116,1.4929,1.3657,2.0912,1.7104,1.5676,1.457,1.3583
"ZPR1",12.2631,21.261,12.8481,11.5907,17.9597,18.1997,14.154,18.7853,12.2596,13.8298
"MTCH2",113.098,130.3625,111.7521,100.665,190.9437,131.8754,156.602,132.7903,161.3374,120.0611
"SC5D",13.7265,14.1384,17.2571,10.1822,19.8001,20.1167,18.6989,15.567,44.3874,11.9882
"HSPA8",571.7895,927.3233,601.2282,406.0981,823.7422,592.8821,670.8025,684.1878,310.3521,562.0346
"DNAJC4",35.372,22.4922,26.7043,24.0719,25.1793,29.8818,26.2846,23.9471,20.4095,22.3245
"SIAE",118.3073,82.4068,65.1401,59.7204,117.8357,83.3939,104.6085,63.6141,127.8173,58.3464
"LPXN",29.5915,30.5641,18.9348,49.6797,13.118,18.6026,18.5677,19.3307,12.6872,30.8623
"DTX4",43.1512,36.1867,47.0069,49.9889,74.9149,28.9576,27.0601,32.6969,59.5428,49.0348
"ATG2A",17.1373,20.825,16.4201,19.0029,27.4249,10.4015,6.4826,22.1094,15.8922,22.287
"EHD1",36.4458,72.9934,49.1134,50.6587,45.7309,37.1849,17.2837,52.2115,32.5612,62.0968
"OSBP",52.9826,53.3278,66.8556,48.1945,71.3383,42.605,25.2244,58.6536,66.6457,47.6479
"UNC93B1",40.6713,40.6507,20.0872,30.2508,51.0432,29.7721,24.6526,31.2992,27.0702,37.8526
"PUS3",15.6379,10.7256,20.4657,13.0045,14.2612,21.3281,16.3581,13.3244,12.0238,11.2739
"DCPS",10.7008,12.2724,9.653,6.7307,10.3904,8.8649,5.3762,8.7733,8.126,8.2875
"KMT5B",19.1629,19.3403,31.3572,26.4244,21.2319,20.6107,13.0706,18.4135,22.0678,20.4812
"FOXRED1",10.9956,14.7275,11.7963,8.8285,18.0789,14.5944,16.3821,15.5783,18.4614,11.05
"PPP6R3",33.8847,38.7395,50.5883,37.7506,38.0305,37.2906,21.1761,43.2034,41.8852,34.458
"NRXN2",4.0316,4.9394,13.2083,3.9838,0.9341,7.3576,1.9094,11.3115,1.2272,6.2445
"MS4A6A",47.7767,17.4126,29.061,17.7168,8.9381,57.5086,77.4052,20.5738,8.2372,18.2996
"MS4A4A",33.4609,14.9242,19.2074,10.5859,4.5636,48.1023,41.2232,13.9598,5.487,9.4091
"ST3GAL4",72.6301,141.6111,32.7506,60.4702,99.2193,63.9988,78.6541,87.4896,87.6647,68.4669
"CPT1A",99.639,82.0617,131.4511,148.2043,152.2292,59.5657,59.5309,132.6561,171.3196,89.2386
"CCND1",53.9076,71.2792,60.7886,31.1536,55.3671,40.1855,15.8172,64.4128,45.4693,37.5457
"CCDC86",6.509,16.9849,7.0023,4.8912,17.4992,7.5156,5.0977,12.2107,8.5356,8.6803
"PRPF19",131.4342,159.0081,117.0931,93.0836,208.1311,97.1475,66.5626,161.4517,120.5543,115.1736
"TMEM109",121.0775,146.4777,201.6056,107.9348,111.1065,147.3888,69.268,189.6221,74.4553,141.4257
"TRIM3",7.5838,8.5812,11.1034,10.6114,10.6044,7.9692,6.2254,10.937,8.7912,10.4522
"CHORDC1",3.6811,4.191,6.0289,5.864,5.3514,3.9672,3.9598,4.7449,4.2835,3.9903
"FOLR1",0.9546,0.597,0.3426,0.894,0.4799,1.3558,0.9523,1.6861,0.5444,1.2897
"ANAPC15",6.7324,7.0726,5.2001,4.9383,6.7784,8.8465,13.6121,8.7021,6.0741,8.4688
"PANX1",12.8967,20.8154,28.6228,14.4741,16.3642,17.3418,7.74,27.9676,12.1692,15.0765
"ARHGEF17",12.6473,11.9516,33.1156,14.1835,4.1719,17.0733,3.7685,27.8168,3.5302,17.2582
"CEP164",3.6264,3.0017,4.6571,4.1707,3.6004,2.8253,1.429,4.2028,2.8694,3.3062
"EIF4G2",358.7188,386.974,515.9119,343.2276,406.6144,436.9801,316.1064,423.6483,380.1486,337.2697
"IL10RA",21.9411,13.8072,12.2186,19.923,6.1802,18.8143,9.4677,16.966,5.7958,13.7032
"GALNT18",8.0223,13.4433,19.9919,8.1021,4.2506,16.7186,3.7112,16.772,8.8941,12.5132
"BIRC2",48.2683,29.7368,49.3777,49.8646,37.0708,56.3793,70.4003,34.4995,37.8883,34.3972
"UBE4A",18.2468,18.1936,25.943,18.6686,21.9694,16.6362,9.6086,22.1605,21.9805,14.8695
"DDX6",33.352,41.2447,59.3684,45.2222,34.233,37.4148,15.1469,50.6245,33.8952,35.7979
"CBL",7.4342,7.4724,14.7519,12.3812,6.7241,6.3774,2.5514,10.5108,4.889,8.907
"NECTIN1",22.8161,18.7958,21.3068,17.5192,52.6157,11.593,12.3812,29.21,26.4162,21.0119
"HIPK3",38.5135,43.233,94.8621,41.4751,27.454,69.9441,28.265,60.8318,29.3602,36.4188
"FBXO3",13.1555,11.0585,19.023,11.7054,11.5042,21.1773,16.1864,12.1754,11.7527,9.4602
"PDHX",33.8666,23.7093,32.0438,24.8463,38.283,38.0522,29.5632,31.8426,33.5912,21.5077
"COMMD9",13.7947,9.8434,11.9398,9.5075,15.0266,16.6521,19.891,10.5103,10.7222,12.5758
"SLC15A3",11.1999,11.0458,11.8814,9.2931,3.9465,11.3978,5.3977,13.9132,4.1634,11.2611
"CD5",8.8789,10.3584,4.2096,10.8404,5.6353,4.4128,2.4167,14.9968,2.9395,15.1703
"ACCS",5.2156,1.8273,6.5575,4.2559,2.1537,2.9862,2.179,5.7722,5.5213,1.8647
"MDK",140.9069,91.4495,63.5231,128.6695,92.3787,125.1782,130.6482,71.5117,255.6488,147.7335
"AMBRA1",14.4472,17.6607,18.1683,16.8074,21.664,10.9013,6.7042,18.5696,16.5437,16.9932
"MADD",25.7641,20.5709,27.2186,29.3355,21.6946,15.2893,9.2232,27.5905,24.6827,26.4078
"PTPMT1",1.8778,1.9186,1.6681,1.0447,1.4545,2.8293,2.4435,2.1249,1.2435,1.7709
"NAA40",11.3453,6.1477,10.8244,14.5921,12.8625,8.5665,8.8603,8.3199,17.5124,8.7456
"CARS1",10.9937,15.4109,12.3226,12.0307,16.6381,11.7862,9.3257,12.1709,16.4366,12.5896
"SLC22A18",37.8157,49.5469,21.0578,37.326,79.0216,27.031,31.3645,18.7492,66.999,60.0852
"CD81",163.0875,185.6325,342.1664,156.1157,83.7457,227.2004,88.5039,264.3271,73.3031,200.2851
"C11orf58",39.0427,27.7564,53.7767,31.5242,24.6436,64.2614,49.349,37.2067,23.7823,27.7009
"PITPNM1",29.9794,46.4973,16.8012,32.4491,55.7145,14.3442,15.2605,35.3625,44.9084,30.2724
"RPS13",715.5714,495.5472,673.8225,405.3864,469.7759,985.4945,1438.3849,521.1042,380.3447,514.1356
"AIP",93.6686,81.8153,107.9285,79.2887,65.8575,134.3394,126.6521,87.6602,55.5388,99.8999
"NUP98",25.3741,42.4144,34.9353,26.6054,39.3662,26.6363,13.4267,41.2945,27.0182,29.0302
"NDUFS8",44.1406,51.867,35.187,39.2716,66.168,51.0069,58.9766,54.8128,43.5698,52.1892
"TCIRG1",41.2207,51.0728,28.0404,42.0808,40.8265,25.1967,19.3946,43.4439,53.2845,47.4537
"CHKA",12.4698,19.9552,13.4161,19.3908,19.6296,12.477,7.4036,22.5394,26.6104,15.4709
"EXPH5",6.0561,5.3711,6.3314,7.4957,10.6349,5.2347,3.6222,6.2437,10.904,7.8249
"HPS5",8.22,7.4701,12.6185,10.1875,6.2547,10.8576,7.0793,9.5194,4.8531,7.9518
"GTF2H1",13.2424,10.2297,22.6031,13.2205,11.1805,22.374,19.7151,17.1523,10.9724,12.2055
"POU2AF1",17.2069,16.7512,7.5916,40.0225,5.4631,5.0418,5.1736,7.4521,11.2696,22.5776
"VWF",36.0681,46.5255,84.716,33.0338,25.6509,17.9717,5.763,61.2398,54.7277,50.2271
"PSMD9",1.202,1.1318,0.9795,0.8844,1.1329,1.2636,1.5792,1.448,1.0206,1.1062
"P3H3",7.8963,7.9534,14.4473,6.8615,3.6011,8.6622,2.9542,13.1056,4.2892,10.4696
"PPFIBP1",11.1867,9.7796,28.1591,11.8052,6.5184,17.1688,5.9485,17.0241,7.6866,10.9684
"PRPF40B",1.5697,0.8153,2.1198,1.2363,0.788,1.2723,0.6739,1.8831,0.6209,0.798
"CD69",10.1995,10.0874,4.3899,19.4174,2.221,11.4968,10.2057,12.8023,2.0145,14.2717
"PRDM4",23.0805,26.7947,29.8645,24.0414,29.1089,22.3532,13.6136,31.6774,28.3445,23.224
"CLEC2B",11.162,5.8172,16.4253,10.5083,2.8212,23.1272,16.3087,9.4301,5.3767,9.0988
"COQ5",43.6922,20.552,39.4382,36.1132,47.6503,56.785,88.4751,30.8557,49.425,30.5047
"SELPLG",29.631,16.3965,19.1867,28.2449,11.0344,19.3045,15.2578,23.1034,8.062,23.4864
"CORO1C",80.9879,128.5667,210.1998,79.1057,73.4864,162.7688,55.6828,154.4533,63.8617,102.1188
"ASIC1",2.9351,3.9836,9.1652,3.1862,0.8107,4.8038,1.0616,7.1585,1.1448,4.4296
"CAPRIN2",3.703,2.2715,7.7884,5.4576,2.2371,5.4224,2.4724,4.6924,2.8893,2.7741
"KCTD10",35.3306,46.4629,48.3176,23.5378,36.3944,37.7158,19.4741,48.8666,34.4832,34.7536
"SLC11A2",15.7859,10.0421,15.3742,20.8739,16.0002,15.774,11.464,14.2171,17.9905,10.994
"MLEC",189.9981,188.3976,153.0798,139.0505,358.435,113.7897,93.1644,221.4161,246.3802,159.8588
"MVK",7.7263,6.6538,8.2424,4.6558,14.5348,8.0294,6.2224,7.3911,20.4325,7.8367
"CSRNP2",12.0102,8.9041,19.7684,13.9423,8.382,16.0527,9.7217,13.0551,7.8632,12.8997
"CAMKK2",34.6087,29.3,41.0232,26.9474,35.0625,33.6326,21.0339,35.8983,37.9236,29.85
"BIN2",13.8926,8.0595,8.9441,14.8541,9.179,10.0743,11.0927,10.676,7.0571,11.5125
"IL23A",1.2541,1.8932,0.9312,2.2381,0.9375,0.9871,0.7878,3.28,0.8744,0.6573
"ATP5F1B",1703.1745,1762.1137,1473.8467,1413.1719,2588.802,1832.0431,1931.8017,1806.9562,2171.1274,1626.2849
"PTGES3",222.944,258.4374,292.582,229.4214,300.0695,348.9038,301.6501,255.7989,262.3099,227.2797
"BCL7A",7.884,6.9559,8.3685,12.9889,7.1602,7.1794,3.0091,5.5468,4.5503,9.5453
"RSRC2",24.2339,17.457,23.4988,24.722,19.9418,20.0341,14.7438,20.7539,20.9943,19.703
"CYP27B1",1.2876,0.8246,0.6402,1.1928,1.3451,0.4721,0.8074,0.9831,0.8928,0.6287
"KRT18",418.4383,1061.1986,268.8786,504.5482,1217.3362,337.3411,331.6664,760.8701,730.3676,698.8102
"TNS2",32.489,24.4629,57.3113,27.2504,15.2474,46.3046,10.8624,50.1574,15.5711,34.5269
"GLI1",3.1058,2.1776,8.159,4.1299,2.7377,2.7031,1.8608,3.7955,1.4597,5.2637
"PPM1H",6.1866,5.8258,5.6527,3.4489,4.6045,4.6314,2.9333,7.8241,5.1874,3.336
"METAP2",55.5151,51.5154,73.5826,57.3981,49.1804,83.0107,62.9689,52.1745,40.422,45.0326
"LTA4H",35.1274,25.2125,44.9351,27.9546,31.3962,36.7979,25.2806,32.1647,32.3802,27.437
"ELK3",26.6785,24.4231,47.5176,26.7641,10.7424,30.8317,14.517,31.4108,19.1954,24.4532
"WNT5B",16.0521,10.9957,9.8744,7.0354,3.4199,14.4804,4.2682,14.7302,3.5321,12.089
"MAGOHB",5.9903,6.8473,6.9897,5.4173,7.2137,10.1728,11.0141,7.1972,5.4037,6.6137
"TRPV4",0.5915,0.3151,0.566,0.2915,0.4212,0.44,0.3763,0.833,0.2862,0.7857
"ITFG2",10.5064,8.0647,14.7021,9.8632,12.0901,12.4183,8.7115,10.3488,8.9563,9.1024
"FOXM1",6.0586,14.8537,7.099,8.8667,28.8735,8.258,8.2071,15.1502,26.1766,13.7573
"PARP11",5.9243,3.9054,7.9471,5.03,3.9496,7.077,3.8812,4.9685,3.5785,4.3376
"ARPC3",183.7976,164.1232,135.7158,169.2471,173.5014,236.6877,315.179,137.2266,190.0205,149.8763
"GPN3",17.1711,15.6248,24.5015,14.4383,12.5547,34.9789,31.6495,18.126,11.7956,15.3084
"VPS29",61.0722,48.9263,80.1393,58.3628,58.8889,125.7828,169.2775,54.9841,62.2043,51.6025
"RAD51AP1",6.236,8.2443,9.3308,7.0409,15.5481,15.7347,20.6622,9.1492,14.1929,8.9429
"SH2B3",25.2531,27.5408,23.5621,28.141,20.007,20.552,11.5691,38.2103,19.6604,21.8612
"DUSP16",33.7148,35.9309,26.1218,28.7394,38.5427,21.5325,15.1876,63.89,32.4531,35.9854
"CREBL2",66.5437,46.9395,83.5586,57.1592,40.6941,69.714,43.2356,62.0921,36.8716,48.8284
"ACAD10",9.4144,8.85,9.2805,10.3288,14.2798,6.7248,5.3424,11.6,12.621,8.3431
"ALDH2",60.469,79.4339,83.3937,68.1391,96.1931,70.0986,36.6256,80.5553,87.5103,81.3963
"CDKN1B",120.9737,64.6305,158.0222,104.3737,83.4508,147.6686,94.4601,73.9145,65.7695,101.4461
"GPRC5D",1.9489,2.5511,2.3585,2.9488,2.9903,2.8277,3.9515,4.0497,3.8068,2.2503
"NAA25",5.3866,7.0035,9.4164,5.9794,6.585,6.4588,3.267,6.8366,5.2975,4.5457
"SCNN1A",120.6833,143.1596,71.7181,121.2747,204.5462,65.6479,57.5582,111.208,250.796,144.8764
"LTBR",47.7301,60.8951,49.2214,34.7803,66.3281,43.9469,40.2633,60.3204,52.1214,43.6043
"CDK2AP1",36.8447,43.7167,59.8502,30.4465,33.1493,58.4209,37.1321,39.3431,27.9248,36.014
"OAS3",13.4148,13.2017,17.0259,15.6177,17.5916,15.3409,6.9369,17.3165,20.3315,22.9472
"OAS2",8.6126,5.6711,10.2008,11.8693,4.1086,12.2025,4.6141,7.7483,7.1092,12.4432
"MGP",195.6574,92.5337,429.9943,155.9543,26.5605,346.9537,150.4902,189.5498,70.3458,132.5955
"RASAL1",4.4244,4.1041,1.7284,3.6154,7.512,2.3516,2.1073,4.0579,5.2848,2.3487
"ARHGDIB",174.9846,147.9615,101.0382,273.2789,50.9308,146.0457,152.2204,123.2239,59.0602,193.6328
"GTF2H3",22.6147,19.7695,28.2205,19.9544,25.5944,32.2586,24.7799,24.0923,23.966,15.0823
"EIF2B1",37.9233,39.2355,46.1982,37.4671,42.1108,43.8156,34.1046,41.2835,36.3531,36.2767
"DDX55",6.6487,5.453,7.7244,6.128,6.4765,7.1066,7.1555,4.704,6.1688,4.5243
"SLC38A1",49.4074,88.1143,104.8584,70.9362,90.2434,60.9103,20.3338,92.3439,93.3535,62.1278
"SPRING1",21.1101,33.2378,17.7391,19.557,33.7677,20.5997,19.1354,30.5264,32.1045,23.7334
"RFC5",11.164,12.3066,15.0808,9.761,14.5715,15.3898,16.343,13.8472,14.5112,12.2175
"STX2",10.591,10.2691,36.8551,11.9377,3.2113,26.4652,9.0274,18.24,4.6398,13.1161
"COPZ1",143.787,120.1759,113.2935,87.4069,143.1337,156.455,168.4122,114.4662,125.5456,101.1184
"CAND1",20.7976,23.3044,33.7179,24.0797,27.9287,24.8834,14.9665,26.0317,23.7657,21.9132
"RAB5B",124.4586,111.1717,166.8557,113.7378,126.2005,135.2141,80.4015,129.0894,123.6363,107.2005
"NUP107",8.4623,10.5046,13.7521,10.1796,11.1401,9.8349,6.6756,11.836,10.9328,9.7338
"CNOT2",11.6786,10.2061,15.6027,12.5126,13.0329,11.6074,8.7455,11.3919,11.8815,10.9992
"TIMELESS",11.4843,18.6589,10.5459,13.0419,23.1007,8.2808,7.6589,18.0198,17.1722,17.5914
"CPSF6",22.7696,20.1251,31.4439,22.3741,29.8886,24.9802,15.6708,21.9802,24.244,19.692
"KRR1",5.9822,7.4706,11.4405,6.4345,6.0628,10.4521,6.0079,8.9191,6.363,6.0807
"MRPL51",152.3171,140.8979,133.8929,114.8384,161.4455,223.4608,242.4746,144.4482,136.3838,146.265
"GAPDH",1454.0622,1757.8535,1367.7669,995.7169,2052.9851,1449.3869,1333.3545,1550.64,2111.3617,1465.4634
"CHD4",3.7267,5.5134,5.8459,5.6113,6.2129,3.0855,1.4861,5.021,4.5064,5.855
"UHRF1BP1L",10.2179,10.0511,18.5688,10.7677,9.97,14.8954,10.0642,12.2486,10.2536,8.9863
"COPS7A",63.0697,51.2113,82.2399,47.6905,68.7765,82.9262,76.7471,63.1604,45.9806,56.7623
"ING4",39.3972,17.1119,43.159,32.7565,22.6694,55.4297,66.4369,26.9431,19.1588,28.5627
"CDCA3",2.3598,5.5178,2.6793,5.4964,10.3628,4.3853,5.4891,4.4261,8.3153,7.0144
"CHPT1",35.2209,33.8842,51.5278,43.2282,42.2446,44.4866,52.9458,34.0843,51.1856,32.2756
"USP5",66.4405,85.4908,79.3413,60.7817,100.3822,67.9512,43.29,97.8143,63.4675,80.2878
"TPI1",577.8329,638.1407,438.9535,450.8288,871.1713,586.6368,605.5475,543.0293,785.1947,569.8882
"GNPTAB",39.5394,30.782,46.801,37.3176,30.0057,37.6266,27.5836,32.0096,47.9614,18.8381
"SPSB2",7.7704,7.168,6.2632,6.9123,15.4698,8.6627,12.0847,7.037,8.2405,12.4205
"ENO2",17.719,18.841,45.7601,18.863,3.2302,24.917,5.7758,34.272,5.3122,21.9448
"ATN1",107.3142,121.3011,169.7651,101.7292,95.0635,101.0689,33.1969,185.2299,73.8485,112.1059
"C12orf57",36.4165,34.2237,30.4205,19.145,23.9278,54.0418,102.6652,29.6882,18.0327,33.212
"PTPN6",39.1459,27.4986,23.1773,51.2669,31.125,23.9575,23.8745,23.5849,22.6215,39.2936
"LPCAT3",17.7049,15.8518,13.7325,16.597,21.3423,11.6456,12.7128,14.7407,15.8376,11.989
"APOBEC1",1.3106,2.3758,2.8631,1.3482,5.9616,2.2545,4.968,1.7761,12.4087,0.9816
"SUDS3",39.3947,31.9668,47.8613,37.1223,42.8317,46.1949,22.9713,39.6251,41.8005,29.6635
"GOLT1B",28.8802,23.8942,39.8079,24.4734,24.0139,60.0899,62.826,25.731,27.4376,20.5984
"PRKAB1",28.4397,30.6365,29.987,32.7397,37.9384,27.8292,29.9413,38.203,36.2881,37.1035
"CMAS",139.2046,164.3563,124.7556,140.2779,204.5627,124.49,131.9085,135.5126,230.5703,127.9743
"HCFC2",8.6313,5.4614,22.0789,8.7484,4.5155,23.2252,12.1022,8.462,5.926,6.8809
"C2CD5",28.6487,16.2387,33.1761,26.7702,27.904,27.2054,19.3996,25.1684,28.7106,17.8095
"RAB35",41.4345,56.7604,49.8019,39.6517,54.5637,47.9059,28.4595,54.773,41.8674,51.0919
"PHC1",3.5629,2.6922,6.3784,3.4263,1.2837,4.0189,1.2536,5.6691,1.0593,2.8612
"COX6A1",105.9582,99.6165,72.1613,77.354,117.3303,123.2007,254.8133,91.9434,112.3186,122.3194
"RIC8B",5.5409,3.9915,8.5189,5.9049,4.0049,7.344,4.5223,6.0362,4.3551,5.4748
"SRSF9",39.4313,38.7578,27.4859,28.154,41.5568,37.8901,34.9839,37.7735,33.8184,34.1283
"FGFR1OP2",19.9913,14.412,29.3318,21.4567,12.3955,33.4117,22.1042,19.9877,15.2579,16.1593
"KLRB1",17.234,13.2929,8.1023,20.7944,5.2953,16.8365,15.1597,11.746,4.289,15.7161
"COL12A1",14.2836,22.1749,55.1497,23.7398,6.9582,17.8729,5.5759,46.7891,8.5694,26.0305
"BTN3A3",18.2057,6.2597,18.9516,13.074,6.492,14.0163,9.8533,10.8608,8.991,9.9077
"TDP2",247.9759,148.1156,280.5043,359.1591,343.4925,351.9325,643.9957,168.3692,525.2311,265.41
"FRK",9.058,10.4586,9.6455,11.945,15.8853,4.9252,3.6412,10.1833,18.0322,8.8419
"DSE",2.4949,2.2685,4.1244,2.7904,0.823,3.6269,1.6819,3.7062,1.1724,2.5522
"RWDD1",29.4791,22.4545,47.5063,23.7144,20.5498,61.2693,56.9912,25.6299,16.7472,23.0687
"TMEM14C",269.7583,206.4498,278.8765,204.2031,213.578,459.6128,665.0084,247.8957,201.7852,174.159
"PAK1IP1",25.7896,38.8399,31.3915,19.4875,44.8939,52.9875,45.7023,35.2742,32.3093,25.2162
"NEDD9",57.3712,43.5808,21.0906,44.2636,35.6718,20.0408,15.1023,54.0579,38.4604,33.1168
"ASF1A",23.6517,16.6129,35.7321,28.281,24.907,45.0337,43.1436,18.4811,25.1886,20.3165
"MCM9",3.0657,4.1091,4.3673,4.0269,3.9846,3.9642,2.7108,3.3758,3.5827,3.1807
"RNGTT",8.8572,12.9167,12.9508,13.9681,9.292,12.0735,5.6349,12.1508,9.1793,12.2281
"MAN1A1",77.5728,56.6764,126.1169,81.1383,59.2773,86.3582,48.0464,85.9433,79.4122,60.0537
"HDDC2",20.7651,18.2891,22.4497,15.5186,21.1208,28.3069,34.6987,17.5201,12.8924,18.3663
"TPD52L1",6.3789,7.9982,14.4673,7.2998,2.8385,18.5664,9.3915,9.1989,3.4846,11.3092
"HINT3",47.4197,34.0637,77.1171,46.6699,34.7586,73.0451,32.0585,60.4582,39.3928,35.3956
"SASH1",12.2917,10.3168,24.0698,9.9415,6.469,13.2191,4.137,22.0682,7.2068,9.3279
"FBXO5",4.0427,5.646,6.8038,6.0169,8.044,7.1973,8.2863,4.667,7.3772,5.1404
"MTRF1L",5.1335,5.3878,6.2758,4.5755,6.3134,6.188,5.3686,5.8385,6.2329,4.2645
"PPARD",47.4346,137.7233,53.5928,80.2977,148.4298,35.0995,29.1367,74.1857,70.1181,51.6302
"FANCE",8.8197,11.3687,9.1447,6.9795,12.1589,9.0427,8.0263,12.5044,6.0255,9.5272
"MAPK14",34.9625,28.9572,51.1169,39.1797,35.2134,43.7443,32.8745,33.7787,39.6423,35.1849
"KCTD20",37.2503,38.5971,66.3879,36.0888,21.895,56.3364,33.2566,57.2469,22.264,31.6959
"STK38",77.1046,63.5419,106.1772,101.594,107.16,61.7145,45.3213,82.0285,98.7773,76.5999
"SRSF3",99.7115,141.8803,123.5712,97.4575,131.6333,186.1366,162.8661,145.6916,105.7997,115.9424
"SOD2",46.6309,61.1449,66.847,54.3335,46.7634,58.5128,30.4451,67.812,48.7554,39.4792
"MRPL18",105.4096,98.4316,113.7677,85.7454,117.1372,151.0372,175.2297,108.3229,102.7101,99.0671
"MCM3",55.8773,83.7796,77.3942,68.7362,107.2403,55.3178,43.7387,84.686,68.5429,84.5723
"RNF8",8.2345,6.1642,9.6371,6.2889,7.4612,10.0622,8.5337,6.9023,5.9393,7.3763
"CILK1",19.2069,17.0034,30.5485,20.8941,20.9523,18.3901,10.7082,21.7611,20.608,15.5134
"FBXO9",16.4474,13.1067,29.9031,16.7856,13.671,30.0528,23.3081,19.3066,13.023,13.565
"CD83",19.6381,34.9024,11.0049,44.1103,5.881,16.6164,8.1472,52.3515,4.8195,27.3466
"MDN1",5.557,7.831,8.6792,8.1041,9.7655,3.3958,1.7856,10.1442,6.925,5.7827
"BMP5",5.9926,6.4469,9.2795,11.0242,5.4425,9.0409,12.2728,8.7992,8.0636,9.0885
"CAP2",27.7404,30.1999,116.466,31.9911,4.305,74.2548,16.1862,60.0787,3.8601,29.3112
"ZNF451",4.5624,3.5294,8.0086,5.2272,3.8906,7.0135,4.5354,5.4947,3.9441,3.7234
"BAG2",14.4765,13.756,48.7098,18.1102,2.5267,47.9978,13.4155,34.2592,1.8109,18.0832
"RAB23",21.6969,16.0195,60.1184,22.7564,3.5238,56.8764,15.9155,40.2426,2.3358,20.106
"FHL5",7.6833,4.2281,5.0952,3.8458,1.012,10.3483,3.2291,4.0409,3.266,1.4265
"FBXL4",8.7479,4.7226,13.4339,9.1029,8.7241,10.9722,10.3706,7.6544,7.4963,6.6065
"CCNC",22.7748,20.6057,27.1144,19.094,21.3201,42.0219,49.3926,19.2846,23.4326,15.2279
"E2F3",9.6489,10.5586,9.4408,9.9713,10.2506,10.0375,5.8116,11.7687,8.9162,7.4195
"ASCC3",8.0556,13.4435,12.3355,8.5982,11.6733,6.8858,4.6167,13.7657,11.8273,8.2679
"COL9A1",1.0251,0.8904,1.8394,0.6255,0.6288,1.1513,1.5244,1.6313,0.6327,0.6677
"MED23",16.6291,10.9689,20.0898,16.4839,13.6946,12.3078,9.8462,12.9435,13.9356,11.4136
"WASF1",7.3446,5.3425,21.7317,7.3018,2.2535,9.3692,3.2738,7.5009,2.3091,7.0144
"ALDH5A1",15.4454,9.1413,14.2867,13.0877,11.6117,9.2558,6.0654,12.7161,9.8066,9.0433
"CRYBG1",27.1999,22.413,37.7025,40.5764,54.8319,15.9829,14.1382,35.8899,47.2429,34.24
"VNN1",38.0524,4.3136,2.7047,1.6032,1.6449,11.6695,2.856,0.9616,1.7275,0.7502
"VNN2",9.0108,4.072,2.8534,14.6594,0.7771,9.5894,5.6455,5.0583,1.6184,6.7035
"ACOT13",25.4486,14.2357,24.7361,18.755,22.587,26.1287,50.8113,22.5977,30.6386,18.7373
"SMAP1",11.3848,13.2462,12.0506,9.0242,14.0338,11.3009,7.1441,9.8931,13.8196,9.1764
"RPS12",5155.671,3477.4918,3855.3842,2764.8844,3661.0179,6145.7935,8147.9732,3783.867,2438.1645,3689.3143
"C6orf62",131.4586,110.5032,147.5104,150.5413,131.1844,136.9417,103.9252,123.4459,141.0757,118.9558
"GMNN",35.8005,23.526,29.1666,28.1722,55.7138,43.7702,99.9706,25.1818,34.4028,29.7703
"SNX3",263.023,204.9626,381.8559,222.3188,180.792,489.3439,482.4887,226.8292,211.8372,214.9456
"HBS1L",10.2393,10.6726,15.6355,10.37,11.1191,16.2176,11.2248,13.8756,9.5286,10.5519
"TRIM38",11.2511,6.9518,14.1905,15.1089,8.5344,11.2191,9.3473,9.8405,9.6166,8.2267
"PEX7",11.9103,7.8505,9.1708,5.9883,11.7045,14.8949,13.048,7.8562,9.5997,7.6012
"ZBTB24",5.7324,8.1952,9.2892,7.8738,7.0177,6.8911,3.5429,8.3516,7.1878,5.8271
"FIG4",2.8217,1.9913,3.5291,2.5726,2.4323,3.0517,2.0213,2.7946,2.3203,2.1889
"PERP",132.9898,199.1303,172.1786,157.566,214.844,162.0602,130.2589,146.7707,203.8343,161.1759
"ARFGEF3",8.458,11.4926,8.2253,6.1291,13.3941,4.8363,3.1809,10.9106,9.5135,5.5652
"SLC16A10",1.1243,0.7419,1.1633,0.9854,1.9997,0.7451,1.0678,1.0174,1.1565,0.7442
"HECA",19.264,27.6596,32.8026,37.5443,25.7084,20.3072,7.89,33.7578,32.9388,24.8219
"ADGRG6",8.3573,9.2061,11.8245,5.6277,12.2234,7.5024,4.0292,9.695,8.8656,7.0181
"PHACTR2",8.0246,10.8054,14.489,10.8993,10.0317,8.3917,5.0911,11.8882,16.4633,9.8188
"SLC39A7",215.6106,310.4048,147.3539,148.301,384.7113,149.3754,111.2135,243.8443,255.5963,235.0686
"PHF1",37.4286,23.7886,51.5026,35.0249,18.3728,46.2413,23.0614,44.5538,21.9691,31.7951
"CUTA",145.0101,135.5232,130.3469,103.3964,169.6652,165.2497,182.8277,154.3003,135.9641,144.4274
"QKI",12.0112,9.0793,31.1292,12.16,3.2325,22.2555,6.1999,18.2007,3.9701,9.9022
"TFEB",11.9743,14.2505,17.0941,15.6552,12.4431,13.7698,8.0175,13.9684,8.0629,16.963
"CCND3",37.2638,45.4403,31.3227,37.2002,49.8487,44.4326,30.6078,40.3236,56.035,49.6026
"BYSL",15.2542,32.0188,15.2434,13.6113,27.8373,20.611,15.503,27.653,13.745,17.4016
"FAM120B",21.9609,17.3417,30.3549,24.7514,13.7698,21.3316,11.3251,24.1511,22.2246,19.3323
"TBP",17.472,14.1569,23.7407,20.1483,15.9912,24.748,20.9909,20.2992,16.8869,14.9422
"BICRAL",16.8472,13.7502,26.6505,19.9688,14.2017,13.6623,6.7617,17.4031,12.4364,14.9206
"PPP2R5D",25.5727,21.1586,34.6632,26.1174,28.8192,25.3219,16.7169,29.2666,30.7789,25.3663
"MRPL2",3.0271,3.1307,1.8106,1.8043,1.9463,2.4281,2.9313,3.0231,1.9344,3.2098
"PTK7",10.0016,10.9804,8.1494,7.0592,9.4908,6.5054,4.4415,12.1704,5.4766,8.8013
"SRF",69.2694,102.0955,157.1161,78.9074,40.3209,124.3715,30.9437,153.5572,41.3141,95.9781
"CUL9",6.2213,4.7192,8.2961,7.1748,4.9968,4.667,2.5234,8.5563,5.327,5.5616
"DUSP22",22.99,19.0789,37.7486,20.879,12.5738,36.1158,23.4685,27.749,12.8209,21.1068
"EXOC2",17.5699,21.3889,26.1233,18.6586,20.4858,17.3841,8.4623,23.9505,19.1347,21.7232
"COX7A2",264.0216,262.9293,189.4854,188.5179,306.8518,424.7146,803.793,242.7232,311.3471,273.8577
"TMEM30A",99.1003,87.4958,160.1146,107.6262,83.5071,127.7935,60.3743,105.5304,112.5786,81.1055
"GMDS",78.9946,95.8742,44.7204,48.8378,136.7695,45.3143,60.7253,76.6005,118.2658,73.4558
"SENP6",16.3803,14.0412,31.3866,20.2755,15.2747,19.7521,9.6848,19.9578,15.3105,14.1785
"PRPF4B",25.9704,25.9293,35.1056,28.6784,27.4225,28.7774,18.3479,29.626,25.8049,22.8729
"TTK",3.3599,6.1693,5.2105,5.4782,13.2437,6.0439,9.2797,4.4387,11.4557,6.155
"SLC29A1",44.1875,37.7554,109.3005,39.1016,13.6962,71.0824,22.2098,74.849,16.8322,42.9835
"BTN2A1",27.3619,19.0974,33.9149,26.4954,23.6589,31.9339,19.7977,24.305,22.9325,22.7356
"LAMA4",21.4862,23.2641,64.5455,23.5359,8.9435,24.8097,7.2635,49.033,10.0511,28.5253
"TENT5A",45.229,40.4498,35.777,53.1769,49.9109,26.562,14.5985,36.271,49.4701,27.7749
"CLIC5",41.504,49.6486,33.5965,60.3887,53.8605,28.8625,20.8682,32.8927,92.4322,50.0946
"FBRSL1",15.7535,21.5955,16.1031,15.3662,28.083,9.0929,6.3689,21.7799,16.6876,18.1804
"LY86",23.418,12.5356,7.5988,28.5536,4.0312,24.1006,19.2864,10.7353,4.6107,20.2098
"PRSS16",14.4549,7.7291,7.4306,9.9394,14.6768,9.9796,13.6214,9.5752,11.8184,7.6696
"MEP1A",280.489,284.5939,254.2157,426.6272,410.9066,248.8178,308.5235,211.2001,665.4066,362.1785
"ERBIN",19.1064,31.8693,45.9232,41.3297,31.9026,28.753,13.9227,36.5518,48.4018,30.0276
"HARS2",25.8211,25.6575,27.8247,22.9693,35.3109,19.6983,16.5057,23.9097,35.4965,26.0522
"NUDT12",28.8416,13.9632,29.5855,14.5368,24.415,44.213,54.7922,20.3544,25.3504,14.2698
"CEP72",1.9015,1.9524,2.6737,1.7416,3.0895,1.6195,0.9971,2.7128,2.0527,1.7973
"MAN2A1",22.4083,29.5183,27.1803,25.0756,39.424,17.079,13.258,26.928,49.0387,23.8236
"SEMA5A",9.2756,20.0569,18.9689,21.6781,19.3652,5.0073,3.4362,22.5339,18.9341,14.5948
"C7",94.2633,104.0221,319.0302,70.639,6.1079,127.8954,22.1727,142.3183,17.1592,25.4308
"TENT4A",8.3437,9.1813,13.2892,10.9509,8.4608,9.2206,4.2865,13.5986,8.6145,10.2003
"HMGCS1",27.7203,69.5336,23.8224,20.3582,71.9828,26.2967,14.6144,57.9205,239.2818,28.2044
"DAP",135.3387,147.4904,106.7361,92.2398,202.406,117.717,123.0845,117.2938,148.128,118.0719
"BRD8",20.9255,10.7124,23.8674,19.4314,18.2566,19.6652,16.0783,15.4958,15.2169,16.6514
"KIF20A",3.8882,6.2997,4.6988,6.0818,17.9246,4.3671,5.6618,2.6382,11.9927,8.4155
"NNT",22.7886,23.0726,35.5978,27.5604,35.0704,21.9831,14.8378,30.569,41.3994,22.21
"MRPS30",19.4872,17.9405,23.7409,16.175,25.9033,22.3658,19.4151,18.7906,21.1944,16.4545
"HSPA9",80.4984,105.0052,82.6477,67.8282,107.6044,68.5109,48.5621,108.8443,84.5362,67.6551
"MRPS27",33.1755,27.0428,36.8066,24.5162,40.5074,44.0601,47.2788,31.1059,29.412,24.7598
"PFDN1",56.483,62.402,64.8219,48.2706,61.1567,94.6685,79.0121,63.1603,53.6112,56.9435
"HBEGF",85.6671,49.832,10.7617,191.0428,16.171,38.4496,5.2988,137.5439,20.1409,101.3727
"LOX",7.2738,5.4941,13.2154,5.1556,2.677,6.7603,3.6841,7.7369,4.6303,4.1786
"APBB3",6.361,4.4105,4.8704,6.8537,4.3292,4.8928,4.0933,7.1006,6.2785,4.2451
"TMCO6",7.3339,4.0577,5.5989,5.6486,7.8055,5.1252,6.3558,4.9384,4.9893,5.3776
"SPARC",281.2932,286.3907,864.6748,208.7488,96.9406,379.2056,159.1333,447.0489,99.0097,300.8692
"IK",79.7658,69.0415,92.9079,72.6231,76.0368,78.8657,49.6888,78.2328,72.2902,75.2989
"HMGCR",41.5571,60.0389,41.0915,35.451,94.744,43.8701,37.9984,76.2054,218.8577,47.4539
"CERT1",9.5405,9.8087,18.2108,13.0729,10.1417,11.7951,6.253,12.772,12.0946,9.6491
"FAF2",33.2372,39.5111,37.2042,32.1076,39.7964,32.6627,19.1127,42.1536,35.8071,30.2793
"CLK4",5.3632,2.4867,8.5851,5.5151,2.3395,6.7716,4.7278,2.9063,3.1107,3.1602
"HAVCR1",8.0288,3.4314,6.2472,8.3348,5.2011,7.4602,5.9479,7.9479,10.5357,4.2955
"RNF130",15.3423,12.582,20.7333,10.8318,10.8752,23.3224,16.0695,16.3655,8.6676,13.1936
"THG1L",25.7267,18.1191,28.5705,17.3623,27.3388,32.0119,32.1942,20.0028,17.9198,18.8878
"ARSB",5.6903,7.2379,10.0052,5.1636,4.9693,6.4028,3.1659,9.9862,4.7459,5.6439
"CLINT1",84.4452,72.034,80.9422,58.1308,84.8483,76.6286,50.7269,66.0148,85.7771,50.2911
"THBS4",28.2651,34.7195,222.7271,25.9439,1.1991,67.9597,5.4702,100.6623,0.5678,57.8733
"CNOT6",20.9604,19.2781,30.2254,22.3969,24.5263,20.6779,11.7813,21.1651,21.1238,17.6172
"BTNL8",12.9436,28.1196,9.9008,78.7842,16.3109,31.6882,59.2286,40.5328,20.9404,81.9793
"TTC1",85.2478,66.8267,104.4792,79.7599,86.7145,123.9624,124.5077,77.1536,73.6779,74.7644
"MSH3",11.0606,9.6853,16.2276,11.4923,11.3167,12.8014,11.009,12.9417,13.2634,8.7661
"RASGRF2",1.8794,2.4162,4.4414,2.2943,2.3459,2.3892,0.7751,3.3968,1.573,1.8622
"CCNG1",178.8293,83.6286,221.5948,115.5723,141.2071,268.2955,263.3189,119.1068,135.1354,104.1541
"POLR3G",1.7344,1.8078,2.6125,2.2651,2.2552,3.2557,1.8286,1.7099,2.1464,1.4367
"DROSHA",18.4982,17.1038,25.7908,18.4352,23.3163,14.9264,8.7592,21.2599,20.8383,18.6703
"LMNB1",37.7485,64.1348,38.1455,49.3483,113.8194,27.3555,21.0384,60.2423,77.6681,61.4791
"ARRDC3",44.0966,47.5607,65.2272,51.1359,32.4017,74.94,50.0666,49.0215,20.5686,32.0377
"GOLPH3",173.5651,171.6349,183.5935,132.1138,180.3279,235.1938,144.4505,178.5718,164.1988,140.511
"SUB1",49.0853,48.1542,63.0699,44.225,38.8484,95.8687,95.715,50.2269,48.4359,40.6665
"TARS1",52.607,83.6349,79.6888,60.0578,82.4163,76.4107,42.8698,71.3798,79.3688,65.0658
"LNPEP",10.2902,14.1921,27.7856,18.7491,12.0054,13.219,5.7183,19.4159,11.8704,13.5341
"PDE4D",9.4445,14.3346,19.2556,10.3463,4.5631,16.5776,5.6303,21.3984,7.9795,10.676
"RAD1",8.2623,8.4473,13.5702,8.423,7.9505,14.5539,10.6632,9.3974,7.4557,7.3425
"BRIX1",10.5889,12.6943,13.2947,9.5161,14.2618,19.3721,16.284,13.3614,12.197,9.5566
"PRLR",5.3074,4.9605,8.4975,5.9019,7.7453,3.5882,5.8206,10.8779,12.5444,5.469
"GNPDA1",32.8386,22.5597,36.1128,18.2661,20.5935,46.133,32.9692,26.9122,19.2742,22.8431
"PCDH12",4.0245,2.5013,7.2216,4.3122,2.0419,3.1825,2.2227,6.51,2.4106,3.2758
"SKP1",40.8327,34.0588,54.5514,38.6937,33.4861,77.0392,68.2636,40.2562,36.7641,34.8853
"NUP155",7.1203,10.6686,11.6188,7.954,13.1231,7.1613,5.523,11.5821,9.1196,9.069
"PPP2CA",57.883,83.0004,71.575,62.2937,73.5075,85.8779,61.3485,73.5931,74.4649,61.2521
"NR3C1",22.3271,16.16,51.3595,22.5304,9.3714,33.84,12.7139,29.4138,12.6716,21.0678
"PPWD1",15.2413,11.2751,21.2015,16.4938,11.9752,19.3137,12.4436,14.616,14.2449,11.9036
"TRIM23",8.7679,3.845,20.0151,9.2745,3.157,17.0068,7.7201,7.4264,3.3371,6.2444
"TRAPPC13",9.705,6.1731,11.2763,8.7128,6.5478,18.185,16.3348,8.768,8.7548,6.3521
"SEC24A",17.0557,24.0846,21.8033,17.44,24.8011,18.6707,13.4926,19.3682,28.9197,15.6675
"TTC33",7.7612,5.1251,15.97,7.7827,5.0795,17.1684,12.6394,7.2622,5.4442,5.7691
"RARS1",50.064,64.304,60.8352,42.4592,70.6385,64.7487,42.719,54.9114,52.3387,48.6124
"WWC1",10.0149,20.5352,6.7912,10.0717,16.9115,6.0129,4.9182,8.7042,7.097,10.7108
"MACROH2A1",29.3536,30.3804,22.0465,26.0273,39.9801,27.9567,27.776,28.3123,36.9199,27.594
"TCERG1",10.9908,13.9056,19.638,14.86,16.5579,12.2857,7.0976,15.5859,15.413,9.7918
"DPYSL3",71.2813,99.8606,253.612,91.6768,16.1655,125.4663,27.0184,162.4136,21.2473,109.0181
"SMAD5",19.0588,15.6597,39.063,18.7655,18.0269,30.0653,18.6477,19.8073,15.1114,15.0573
"CSNK1A1",29.5239,41.6744,41.2086,25.9156,34.4376,37.553,23.8036,43.1894,25.4812,27.0929
"ERGIC1",69.8735,64.3451,59.2918,50.1837,81.9284,59.6644,45.6367,66.6123,57.3543,60.4653
"PDGFRB",24.7043,17.9505,41.2161,21.8965,12.7188,20.1328,7.1632,45.1471,12.6049,24.3081
"CDX1",434.6425,364.7876,211.461,278.5255,851.5304,404.5531,582.3443,323.6257,438.4678,444.6468
"ATP6V0E1",284.3851,239.0973,245.2651,239.9847,245.4469,391.0283,447.9627,224.6758,231.9043,252.0295
"BNIP1",9.6041,11.6428,9.516,8.4899,16.7659,17.5059,25.864,11.8656,10.2945,8.5678
"STC2",1.5878,1.8803,4.5796,1.4136,0.2116,2.8337,1.3089,2.7466,0.8276,1.1456
"CPEB4",13.1408,11.7192,18.2144,14.0574,9.0798,15.1272,5.96,22.1871,12.4351,9.5043
"DBN1",29.3381,37.1978,74.3236,29.1956,13.8258,46.098,14.1153,56.0203,11.3308,43.7734
"ZNF346",4.7622,3.1529,7.0002,4.2588,3.0306,5.8321,4.075,4.3065,2.9154,4.2385
"EHHADH",18.0181,11.805,21.6986,20.0834,26.511,12.6508,12.3715,18.9365,29.9508,14.8607
"SMC4",10.5207,9.3269,13.8956,14.9569,15.5561,11.727,9.5002,10.0878,17.1988,9.8192
"SELENOK",85.137,82.4889,65.7302,62.1851,54.7714,131.4811,157.0503,95.952,49.2081,68.3244
"ACTR8",17.1377,14.6897,24.3784,15.9248,16.834,17.7975,14.3111,18.8203,12.3514,16.375
"TBCCD1",9.73,8.6729,9.4426,8.0915,10.1456,11.9317,13.0122,9.4861,6.9258,7.9296
"TIMMDC1",74.5485,51.8676,70.0331,57.5995,64.8336,97.3373,113.7064,63.7484,59.9761,57.3603
"CRBN",14.5481,7.424,23.1479,12.1938,8.7246,27.5668,30.6555,12.4712,9.7428,9.8976
"BCL6",12.5214,13.3465,14.8608,23.1215,1.9575,11.2573,2.334,18.8675,4.7922,10.3828
"HGD",22.2617,27.4804,13.6677,29.3507,29.4679,25.2046,32.6507,14.8406,26.5901,17.2254
"ARL6",4.5906,2.7126,8.2976,3.3197,2.2844,10.6569,6.0607,4.5374,1.911,3.1915
"NPHP3",1.522,0.5599,1.909,1.7133,0.8041,1.3704,1.1582,1.5047,1.2943,0.8752
"CD86",14.4219,11.2163,7.7929,8.46,2.4867,15.2923,14.5811,12.2274,2.3285,8.095
"AMOTL2",16.1818,13.6376,30.8991,13.3357,6.4252,15.6383,5.1874,27.8409,5.9193,11.4726
"NIT2",9.387,7.8619,10.4928,7.3565,8.6027,11.3686,13.3644,9.8216,7.3948,6.809
"OGG1",6.4518,4.1164,6.2282,6.4434,6.6692,7.0305,9.0254,5.2608,5.6891,5.7393
"KPNA1",10.8326,16.3273,21.0408,12.1618,12.6846,14.614,6.1781,17.8879,10.2661,11.5774
"PCCB",21.0487,23.7738,21.9938,17.712,35.4574,22.9835,28.8837,24.3608,23.4291,20.9627
"UBE3A",11.4291,12.189,17.9772,12.1069,11.4784,16.569,7.2131,14.1909,10.6953,10.1051
"ARMC8",11.4744,11.8197,19.8002,14.1964,10.5513,16.3344,9.2199,15.976,11.9224,11.8152
"CEP70",15.5292,8.3461,18.4527,13.8903,18.4481,25.776,21.4552,15.4381,17.0015,11.2275
"RBP2",2.4718,6.8496,2.9209,5.6162,11.0804,6.1467,13.3365,2.1923,6.189,7.4526
"RBP1",7.2013,5.2488,7.8655,6.5587,2.3608,13.4794,8.5897,9.3388,1.5624,6.411
"RNF7",50.7301,52.7916,63.9776,46.2123,60.0266,99.6884,114.1805,48.5948,58.7009,53.4989
"TFDP2",13.2316,10.4664,25.5177,15.3228,10.792,15.5799,8.163,18.5342,11.4292,13.1379
"XRN1",10.2423,8.8765,17.8676,15.189,8.9602,12.0533,7.4356,12.1256,16.4336,9.3915
"KAT2B",22.0746,14.1436,40.1194,26.7142,13.5909,29.4109,18.6493,26.3171,25.3332,16.1661
"PDCD10",48.6881,42.4798,49.5167,42.9202,54.8178,89.3095,124.8075,36.8158,60.439,40.0655
"LRRC31",28.1698,12.608,26.21,42.16,39.8871,38.8228,80.0784,29.7248,27.0298,26.0323
"WNT5A",3.8601,3.9121,6.5432,4.6863,2.2957,5.538,2.632,4.8837,1.9718,4.3875
"PFKFB4",4.8967,1.4955,4.8199,3.3797,4.3164,3.6431,4.6241,3.2328,5.5014,2.4512
"COL7A1",0.9985,1.0456,0.7266,1.4017,0.5118,0.3431,0.2934,1.9076,0.7372,1.2402
"PRKAR2A",45.6696,52.7651,55.2458,39.2523,72.1991,49.6533,30.1662,53.8579,62.9628,42.7354
"HES1",214.3393,73.0089,63.7097,108.4749,101.2304,174.5081,81.2287,49.6641,120.9551,110.7079
"USP4",24.9713,25.847,31.6479,27.2203,26.9299,28.2877,16.3373,27.49,21.6262,25.4782
"ACAP2",16.4593,17.8068,27.8952,22.4846,22.0992,19.8555,13.2807,17.0626,27.3936,15.5982
"ECT2",13.5071,19.5539,13.0662,11.6986,26.6488,18.3689,18.4561,17.8354,29.9576,14.6811
"GNAI2",100.3462,94.9556,167.5932,94.2296,76.2276,128.3894,53.05,125.9497,45.4886,105.893
"TFG",25.065,25.4447,26.8795,22.8138,35.1206,21.8309,17.4266,23.6095,30.8437,23.4922
"HYAL1",4.8714,10.2585,6.993,4.2487,11.3462,5.1262,3.0513,9.7451,6.2415,5.371
"TUSC2",40.6447,46.2524,35.9722,29.768,47.9751,54.2715,58.2658,42.4046,32.203,36.8459
"NPRL2",16.1252,11.2985,15.432,13.8868,18.8852,20.5391,29.7256,13.8062,14.3521,13.54
"RPL24",611.9074,479.0333,621.3526,352.4454,433.4012,1093.7698,1582.8337,504.4,345.1323,485.3487
"C3orf14",2.1594,2.0935,4.229,2.7467,1.0833,3.2153,2.7948,2.3762,1.5169,2.9879
"FXR1",20.4993,14.1939,31.9031,18.6958,13.3443,23.3792,11.8299,19.3056,12.3189,15.7195
"CBLB",7.7439,7.522,10.0064,9.2833,5.882,6.4322,4.5116,7.3338,9.1839,6.9882
"IFT57",51.2804,41.0934,49.1684,44.4795,39.1817,65.5015,59.4073,48.8472,38.7572,32.5832
"GNB4",7.9593,6.858,18.4661,9.644,2.1072,14.2115,6.2425,10.5127,2.8814,7.903
"HHLA2",126.8183,115.7009,106.6363,211.8635,170.204,138.5641,138.2094,111.1693,359.5771,163.7648
"IQCG",2.2307,1.5714,3.2193,2.1485,1.2987,3.0622,2.299,2.1191,1.7401,1.7003
"GBE1",16.3204,20.8243,21.4628,13.621,19.9762,18.3511,10.8322,22.3846,21.3472,17.713
"UMPS",11.3389,15.0138,12.0473,9.1654,18.3892,14.8191,11.8161,13.4929,13.1431,12.0938
"NCBP2",36.7799,39.5417,55.6243,40.8258,41.3826,46.9437,32.8662,41.1334,37.41,34.9443
"SNX4",66.2004,48.4133,68.7963,60.8361,63.7246,85.6229,81.2959,53.6715,77.278,51.8473
"FRMD4B",9.8922,12.9087,8.8549,12.9527,9.7736,7.5854,5.6874,20.5364,14.2404,6.9034
"SLC41A3",24.0417,15.7929,21.9309,13.8655,15.6432,19.6333,13.3787,17.8624,10.8457,18.5796
"PLXNA1",8.579,13.0129,13.423,8.9825,10.9596,6.453,2.7621,13.5707,9.4994,9.8719
"ATP6V1A",35.3797,45.8447,47.3684,40.9184,48.8222,40.3669,28.7395,45.9661,55.0457,40.4393
"ABTB1",15.3534,9.5674,19.2926,16.3998,8.8073,20.2148,12.8272,15.367,5.8318,11.3804
"PODXL2",26.6546,37.0599,18.0725,14.477,45.8737,16.5736,20.908,33.9717,20.8752,21.9527
"KLHL18",6.5699,9.2985,9.0068,7.3473,8.544,7.0783,3.7255,11.0068,7.0556,6.5985
"SCAP",50.1821,51.7908,46.5063,55.7179,78.7805,32.7198,25.3121,67.7182,56.8708,60
"MRPL3",81.1908,82.6126,78.0128,52.3556,90.2117,103.4762,88.8995,77.1025,74.7147,56.6378
"HEMK1",3.6867,2.1686,3.429,3.3783,2.9727,3.1418,3.7592,3.2494,3.2898,2.4599
"CISH",11.7585,9.6411,9.6187,8.5222,14.9667,9.0309,9.6367,10.1963,9.8891,12.7617
"MAPKAPK3",42.1082,40.8929,29.5371,22.5505,49.1311,36.8895,41.5858,37.4219,31.999,31.8282
"ACVR2B",1.6673,0.9873,3.5739,2.0673,1.2932,1.5203,0.8146,1.4155,1.0848,1.4659
"WDR48",19.149,14.8293,33.4803,20.8255,15.7673,23.2264,14.947,20.2564,15.1627,16.8746
"COMMD2",17.8277,13.679,24.9309,13.0652,13.919,34.081,28.2359,16.0462,14.9574,12.4433
"GORASP1",32.0841,31.5492,35.4928,27.0201,42.1897,30.5204,24.6892,33.6981,37.7573,27.5255
"RRP9",28.9077,69.2845,24.78,21.5434,75.9772,33.5826,26.9545,36.8991,31.2432,35.7179
"ABCC5",8.0551,17.1984,10.5208,8.2785,7.1611,7.7146,4.9287,9.8127,7.7321,5.5593
"EIF1B",61.8389,61.3922,87.6388,67.114,45.6003,110.9268,75.9757,79.0709,46.2679,60.2809
"ARHGEF26",8.6881,10.3009,30.9958,13.8404,3.1576,20.4774,4.323,21.7959,3.3095,17.4079
"KLHL24",20.2302,8.1338,34.0819,23.0428,13.4165,24.8875,12.7369,15.2484,15.6645,16.0405
"PLCH1",4.1524,2.4785,5.5915,4.0514,5.0109,2.7652,2.4477,5.2066,6.1386,2.8697
"VIPR1",30.1357,16.8993,22.6057,37.8684,31.3359,21.3331,23.9072,21.6905,38.7393,31.255
"DNAH1",2.4275,0.7081,1.8451,3.4319,1.3291,0.8662,0.7072,2.1405,2.6504,1.0605
"SSR3",88.9817,81.8898,96.638,63.9546,84.5154,124.6122,136.2793,84.9783,85.8787,68.8115
"ZBTB47",15.986,17.3294,40.7317,12.8336,4.7368,27.1622,5.6589,34.4027,3.548,19.5707
"TNNC1",29.066,25.3166,1.8427,4.6214,3.1561,18.0046,31.7797,4.0821,1.1111,5.9716
"NKTR",6.6075,3.6997,12.0307,10.8756,4.8656,6.2567,2.8647,6.9903,8.1624,3.9037
"CLCN2",13.5399,16.0321,10.6088,24.8297,29.2474,8.7419,7.9421,13.4092,46.8346,21.1514
"FOXP1",4.717,6.6399,9.6562,6.5639,7.048,5.192,1.9629,6.9347,6.0785,6.6134
"EIF4G1",102.8128,207.3935,122.8733,105.746,204.7334,71.9324,35.6824,173.1312,139.6995,134.673
"SPCS1",60.3345,57.828,53.5342,48.9394,62.3512,83.7886,95.9983,54.4274,62.6202,52.9894
"NEK4",8.0483,7.982,9.3944,7.5883,9.6436,9.0217,4.9254,9.6701,8.5646,6.8873
"INO80D",2.5236,3.6242,6.1438,5.2515,4.0388,3.2847,1.6142,3.7709,5.4524,3.5231
"EEF1B2",788.9479,584.8734,640.8006,396.548,573.2473,1258.3987,2625.7792,584.2615,407.6541,529.8788
"DGUOK",56.7908,45.2899,46.4292,48.4072,60.5881,54.931,84.8331,46.9993,42.4239,52.0443
"MOB1A",81.8658,79.7238,103.9756,98.4889,86.278,104.6179,81.6171,86.9872,95.0616,76.466
"KANSL3",17.4593,14.967,31.0858,16.9577,14.726,20.1408,11.1977,21.8943,13.8417,15.6595
"LMAN2L",27.5874,21.9926,35.7352,25.054,28.4475,32.3936,28.8505,29.5221,20.9138,27.3051
"RTKN",17.3803,20.3561,15.1622,14.0325,36.2772,13.6047,16.3458,21.1062,20.0424,19.0027
"TTL",4.628,6.9978,8.9031,5.1432,6.0103,7.1509,3.8055,6.7835,4.4732,5.7853
"IL1A",1.0355,1.5532,0.1813,1.6806,0.1666,0.9609,0.3287,9.5256,0.0786,0.4862
"CCL20",56.9201,163.9629,10.036,65.4992,6.7775,30.4445,29.9428,39.7796,8.2022,19.6565
"PIKFYVE",8.07,6.6626,14.135,12.5791,5.8208,7.7886,4.0304,9.8933,8.6995,6.7672
"FAHD2A",6.3612,4.9845,6.2466,6.4079,6.9088,8.1918,6.7247,6.2642,7.3824,5.3637
"NCL",148.7355,241.2915,190.0013,142.313,241.7765,137.3901,67.4049,218.3022,178.1289,156.4415
"ACTR1B",93.852,78.2072,93.2077,72.9789,89.0795,114.4482,107.6952,87.7693,65.2961,80.0604
"ZAP70",3.9995,2.4908,1.22,6.4462,1.3382,1.5824,1.4832,2.7945,1.1509,4.5185
"ACTR3",62.7435,85.2147,71.6783,78.1664,84.6715,89.2218,66.3123,64.7542,90.9458,66.0161
"STEAP3",9.0452,22.4411,8.3759,14.0519,46.2679,12.8466,5.6525,30.6179,38.1776,15.1167
"EPB41L5",6.5111,8.8221,10.1251,7.5991,8.0503,8.3759,5.9963,8.4891,8.4668,5.7678
"SF3B6",149.8875,159.6768,160.8875,135.7257,161.8855,232.9091,202.8182,150.3647,156.3639,157.3793
"TP53I3",42.0858,50.9179,33.5288,44.6369,86.6847,46.1038,30.6792,36.5831,65.358,57.87
"DNAJC27",3.7139,2.5681,6.4529,4.2727,1.9551,5.2793,2.711,5.5903,2.1698,2.3772
"STAM2",22.5322,19.4344,31.8787,22.2451,18.0623,32.7659,25.7393,21.8714,26.2998,16.9193
"GPD2",30.9572,67.7883,31.7937,35.241,53.2019,29.6778,20.7891,41.8776,63.988,40.0773
"CENPA",2.7184,8.3913,3.6115,6.3772,15.1756,7.2391,9.5575,4.508,14.9614,8.2367
"CYTIP",20.5942,14.9068,8.5362,23.5736,5.0512,9.988,8.2471,15.6409,6.5095,15.9706
"ACVR1",16.4885,17.5419,30.3623,17.6888,12.604,19.8822,9.322,24.9639,12.2218,19.4491
"TANC1",9.2563,10.9582,21.0468,11.394,7.8485,9.7402,4.1823,15.2984,10.535,9.5589
"MPV17",16.311,12.2814,17.8764,12.1196,13.1369,19.0875,18.3609,14.613,11.9316,12.2967
"GTF3C2",24.944,24.1991,22.4972,23.9184,29.6198,20.4724,13.1808,22.7524,25.5262,21.1991
"EIF2B4",15.4691,16.2638,18.5856,13.2308,17.6712,18.8404,13.0658,15.3545,14.5141,15.8198
"NRBP1",56.8898,57.5737,76.9183,55.963,56.5477,63.3381,39.5078,62.4041,51.4924,61.2662
"ITGB6",13.3501,13.7132,10.2712,15.7429,12.3918,10.5327,13.6362,11.6196,21.4362,10.7163
"ITGA4",7.9758,5.5622,8.0053,8.4209,2.997,7.1744,6.3839,7.7898,2.8188,6.9332
"PSMD14",19.3295,26.0088,20.7809,16.9492,24.9697,32.0329,34.0382,22.0591,21.5898,19.4443
"SNX17",98.885,89.1574,101.3871,82.1678,109.7961,133.6613,151.8319,98.1015,78.5023,99.4826
"ASB3",4.9469,2.8225,7.3294,5.3015,3.0014,5.6055,5.0296,5.0689,3.5296,4.6752
"PPM1G",73.1956,124.4355,75.5791,70.6148,133.2163,64.7921,47.5397,97.3386,86.9739,91.8152
"PDE1A",7.7519,5.1235,15.3994,4.2657,1.6329,18.6263,13.5789,8.6066,2.7073,5.7318
"REEP6",14.8816,11.6662,6.6646,5.9001,10.3836,10.2726,10.6456,10.4032,8.9778,8.3403
"IFIH1",13.681,8.3496,17.6761,19.8452,11.8859,14.579,11.1134,10.9203,16.9397,14.5412
"RPS15",395.7543,399.4649,257.6506,215.9096,382.7282,406.9335,716.0134,375.7248,233.5645,417.9463
"GCA",18.0116,9.6064,17.0187,15.128,13.1245,21.8598,26.7626,11.077,13.844,8.7178
"MOGS",51.0005,47.6772,32.8517,41.826,63.9844,27.9026,26.9858,43.5215,46.4509,42.9915
"NDUFS7",3.8262,4.857,2.6973,2.4146,4.92,4.0549,4.0009,4.9976,3.5602,4.6731
"PCGF1",17.7017,13.0009,17.4021,14.8584,16.987,20.4472,27.2914,12.9894,14.5392,16.2788
"GRB14",3.0188,3.0221,9.7014,4.5646,0.9323,12.1719,2.1749,4.5717,0.9815,3.0242
"SPTBN1",79.9274,142.3658,154.5115,88.1371,128.1251,84.089,29.0595,175.413,113.6868,120.2822
"AUP1",175.6362,186.4438,114.8718,156.2113,237.6697,194.9879,279.5254,163.4862,179.7471,156.1383
"RTN4",131.6376,161.5929,191.5361,143.458,143.8429,156.8399,126.8531,159.2244,206.0869,143.6836
"HTRA2",18.24,17.1047,21.3426,15.1406,20.3656,24.6754,22.3416,19.962,11.2333,16.9235
"LOXL3",3.4721,4.1831,10.3571,2.7338,1.9869,2.8991,1.9803,5.54,1.3151,3.2783
"DOK1",13.1996,14.002,15.3805,13.4401,15.8265,17.696,18.0673,13.2105,11.5908,15.4229
"GALNT3",77.6199,67.8876,53.1468,49.5735,90.9869,55.831,70.2337,63.24,91.2564,49.1214
"POLE4",47.1483,37.515,45.7981,42.3724,44.3179,68.0639,139.176,39.1673,39.5004,49.5796
"EVA1A",0.5196,0.8705,1.0324,0.3567,0.5597,1.3273,1.0143,1.3304,0.866,0.5265
"MRPL19",13.9046,14.042,17.6962,12.3092,17.4415,17.0258,11.5213,13.6596,16.3755,10.131
"LANCL1",38.6586,27.2472,77.8249,35.5425,25.0219,71.3393,28.3884,50.1584,22.924,27.1553
"WDR75",14.7069,14.1494,19.0807,14.438,15.1857,18.1806,13.1659,14.7654,12.2945,12.8227
"EFEMP1",125.4047,62.0926,169.7677,66.9822,39.0834,89.2026,66.357,87.3551,60.9388,67.4351
"REG1A",3.5052,0.2477,0,2.8989,0.084,0.3164,0.5798,0,0.5082,0.6622
"FANCL",13.0316,9.3563,17.1305,13.7416,11.9042,15.3629,15.1434,12.2886,10.7425,9.5233
"FN1",116.0228,306.8563,446.288,149.6599,103.8951,152.2647,39.9335,457.3682,57.6292,185.4983
"STAT1",37.0684,37.5013,62.5391,39.777,28.6469,55.971,24.9283,46.1244,40.6249,44.1162
"GLS",17.6098,28.1672,26.8857,22.8292,30.2115,21.8303,15.8023,19.7871,27.8419,17.1344
"PAPOLG",6.3507,4.4338,9.3688,7.7559,4.4,7.6342,5.9574,5.1562,4.8782,5.1259
"PECR",15.6848,10.816,18.992,14.1654,17.0216,25.7596,27.4826,15.2361,26.9748,12.5332
"IGFBP2",14.7502,10.19,24.3859,23.4151,69.7646,36.1451,51.8634,33.1391,95.798,10.0799
"IGFBP5",290.9444,214.7147,798.8845,266.7846,53.0498,353.8223,45.5501,538.8484,76.6773,209.2764
"USP34",10.4716,12.5444,23.0925,13.2457,10.1352,10.5419,3.4146,17.1187,10.1008,9.9694
"CCT4",93.7393,128.5914,124.8177,74.9941,113.7536,155.3587,134.5681,115.3811,78.0063,98.6314
"GGCX",10.0533,10.0587,12.013,10.3545,10.8207,8.6968,6.3151,12.8236,9.7601,10.1921
"EHBP1",14.3341,11.9965,44.9397,13.5013,6.1303,22.1894,6.6258,25.898,5.3282,12.5783
"TXNDC9",23.319,25.4373,28.8588,21.6945,29.6684,48.038,57.9567,20.9948,27.998,20.9517
"COQ10B",49.5213,47.8132,44.2962,47.7654,36.4258,77.8348,59.739,63.8567,51.2343,41.5869
"GNLY",5.6344,4.287,1.4101,8.7764,5.862,6.4877,7.1794,2.3972,2.5485,5.6413
"SF3B1",66.9439,69.3542,92.1239,75.4444,69.5461,68.8625,45.3554,74.083,67.9089,58.3204
"CHST10",2.5817,2.6674,7.335,3.784,0.5336,3.808,1.3408,3.9882,0.6869,4.291
"PDCL3",45.2241,46.5489,50.5996,36.4843,46.8554,61.0254,36.1307,48.852,36.4125,36.9619
"MOB4",21.7955,26.8166,41.8427,24.1251,21.8956,61.7171,40.9338,28.0921,28.1733,22.8432
"HSPE1",34.0369,37.7786,24.9218,19.7103,32.8704,35.5502,60.2174,34.6664,35.6421,26.4747
"KDM3A",11.5724,8.9677,20.4218,16.6925,12.5571,12.7366,6.779,10.8293,12.6076,12.8474
"CHMP3",57.2,55.1045,98.1466,47.8653,56.5249,94.3423,53.9368,65.3409,57.8343,53.8175
"IL1R2",67.4827,106.0199,39.9103,30.9263,104.555,54.9231,68.5095,61.3773,37.7837,40.1846
"IL1R1",22.114,24.347,32.3662,21.4364,13.8457,18.741,11.1957,37.9113,17.2872,19.9575
"IL1RL2",1.2682,2.2981,1.0503,0.9521,3.163,0.5344,0.457,1.9055,0.8497,1.0083
"IL18R1",2.0377,2.5842,2.8643,2.8123,1.3871,1.5332,1.1932,3.3051,1.9369,2.2942
"SLC9A2",44.4014,54.3982,32.968,41.4034,78.9313,30.8956,37.3371,48.2402,57.3725,33.5709
"FHL2",31.5534,111.7691,38.105,32.2529,53.2108,60.3114,32.4147,92.4536,55.8831,44.4593
"MLPH",27.2567,42.694,13.168,16.7577,26.045,20.7072,17.2078,22.9939,26.9635,21.4458
"UXS1",15.867,17.6644,17.3921,15.3571,20.8845,18.9583,16.4111,18.5478,19.0263,15.9071
"HDLBP",157.4351,175.609,134.9174,106.8665,191.7049,109.7733,61.0076,169.1065,147.6534,139.0985
"PPP1R7",51.4826,49.7854,57.5413,46.2811,56.7901,57.7157,42.2882,53.5167,59.7275,53.994
"PASK",2.3931,2.7234,1.8086,4.6617,2.5617,1.4538,0.9137,2.8288,2.8976,3.4703
"STK25",28.9764,26.3959,29.7684,27.8562,34.6825,28.4627,20.4077,32.9375,20.3631,26.0474
"PROC",2.1269,0.9806,2.1652,1.3306,2.0046,1.2137,3.7257,1.0836,1.1133,4.9111
"ID2",243.8987,118.3886,292.8285,184.3223,173.7048,549.4814,309.5833,150.2717,122.9217,295.623
"TAF1B",5.9338,5.0228,9.2908,5.4767,5.6773,9.0686,8.4051,5.4327,5.2427,6.4799
"ODC1",137.2247,309.6564,87.7778,118.7555,209.0918,166.3477,117.4743,357.8332,113.7048,169.4665
"BIRC6",14.2864,21.382,24.9342,19.3194,24.0586,10.2317,5.8168,21.9741,25.3627,17.4153
"NOL10",14.5952,24.6396,19.4456,15.2778,24.9213,18.9762,12.546,20.0483,19.8096,16.0265
"GORASP2",84.0651,87.623,83.1949,57.2851,98.2753,85.9245,66.0646,76.9351,72.3167,64.6521
"STRN",12.1653,12.2694,16.1093,13.7472,14.6979,11.0791,7.4785,11.6693,17.1828,10.0209
"CEBPZ",31.5206,32.1592,34.3321,24.4089,28.1091,37.4805,28.3885,34.9342,21.0957,21.9879
"PRKD3",13.1812,12.0326,25.4861,12.8079,7.3035,20.9336,10.9418,17.1636,7.3845,11.9383
"DCAF17",6.4869,5.4785,12.1534,7.0341,6.0262,9.78,5.2118,6.8917,6.2091,5.3729
"RAB3GAP1",37.2785,43.2209,61.9939,39.1582,34.6121,42.3517,18.0326,49.9322,38.5877,38.9835
"SLC25A12",17.7962,17.0845,37.5144,19.3056,11.6785,33.9014,14.6085,26.9741,14.2283,18.5544
"RMDN2",6.5126,4.9569,9.1701,10.1046,7.0777,12.7382,14.6408,8.2144,10.1298,6.3678
"DARS1",37.929,34.0701,68.233,38.9167,33.1316,55.8572,34.7353,41.6569,33.1661,30.3933
"SRSF7",69.6712,90.8406,74.3737,73.1685,96.4337,107.5527,97.0506,108.8932,70.1491,73.3252
"SDC1",205.2691,158.094,122.0785,145.6954,357.2359,135.904,132.8921,155.4462,286.3595,219.5897
"SLC1A4",15.2809,17.1363,16.107,15.8667,23.4645,9.1806,8.987,19.8645,15.5372,17.6921
"SOS1",20.2687,15.5188,33.7743,25.2319,16.0034,18.3821,8.1549,24.1852,17.771,17.1242
"WIPF1",23.5086,20.3352,37.1126,35.1413,6.4803,23.4579,9.4555,26.5775,7.5755,24.6803
"ORC2",10.5364,9.0882,14.6268,13.177,13.348,10.2236,10.7319,9.6853,11.6731,8.7551
"COX7A2L",63.2774,44.4503,69.9341,41.8374,70.5192,104.0766,131.362,49.0098,58.6266,52.5856
"PNO1",15.4574,27.5796,17.9351,11.8865,25.5228,33.2782,23.0125,24.311,14.2207,15.4856
"ORC4",10.1933,7.9626,14.8152,10.0117,10.0381,15.4156,17.0112,9.5932,10.7713,9.2399
"PLEK",33.7452,25.7795,22.7321,43.129,5.8427,26.3404,22.9585,25.234,6.3786,31.8731
"RND3",32.1197,57.5173,53.6933,59.9025,51.6222,50.7104,31.2268,106.8147,53.0461,45.3422
"ATF2",24.0766,15.5578,34.8105,20.9574,17.75,31.2458,16.3218,20.5512,20.3918,16.6407
"THADA",5.0944,6.7514,6.7306,5.4457,6.6991,4.8683,3.0348,7.4108,5.3829,5.9278
"AAK1",3.4553,6.9979,6.1744,6.9255,6.5017,3.0549,1.3262,5.6928,7.4158,6.0194
"TRAK2",38.5263,38.0303,57.2611,39.0074,37.2251,47.9404,32.5188,46.2528,36.4143,35.0946
"TIA1",19.1993,11.332,32.196,25.1628,15.5884,27.092,26.0665,18.185,20.2444,12.7738
"PCYOX1",59.0317,45.0225,106.4411,54.9294,50.8891,58.7228,24.5649,69.8526,61.6585,44.242
"EPAS1",88.5487,128.2157,111.5491,100.4453,112.8957,76.1818,34.1224,145.574,164.9326,142.4307
"ARID3A",3.8188,3.1343,4.2179,6.0434,2.8475,2.7928,2.1769,4.107,3.3926,4.9852
"SUMO1",121.1715,102.9686,141.4296,118.7137,113.6929,211.5729,186.0617,114.6831,129.5124,107.6726
"NFE2L2",69.8802,66.4894,80.7101,63.281,73.4323,77.4532,47.4352,87.5644,65.238,64.5983
"MSH6",8.9611,11.4633,14.294,11.1876,12.3204,9.1851,4.9377,11.8854,7.1608,11.9399
"PLEKHA3",4.6443,3.626,7.1174,5.1492,3.2044,7.0836,4.0367,4.9892,4.1725,4.4187
"SPR",116.8419,88.536,98.4355,120.0197,169.2712,118.4622,175.455,87.0166,138.4771,113.8583
"EPHA4",7.5667,9.3772,16.3247,8.0674,6.5978,10.6523,2.7818,11.2037,5.3182,9.4436
"PARD3B",9.9935,10.1584,32.6781,12.3272,4.9855,14.0481,3.0419,18.4608,8.0497,11.2017
"FARSB",24.6995,30.4336,28.3664,16.9019,39.358,27.6101,25.4336,28.4489,29.2412,20.0107
"ALMS1",3.5746,4.3187,7.4595,4.6689,4.4347,3.4043,1.3501,6.3891,3.8442,4.0376
"BCL9",16.5521,15.7345,24.5608,13.8616,15.5019,12.7958,5.8636,19.2537,10.3882,14.1134
"PRRX1",6.578,3.3863,9.7753,4.9318,0.9955,5.2821,1.8003,5.307,1.9406,3.949
"DHCR24",85.0482,129.3483,67.317,79.8989,219.684,62.2892,64.6259,96.701,377.3711,123.2566
"MORN1",1.038,0.8337,1.0966,0.9967,1.152,0.6359,0.5789,1.4006,1.1882,1.0654
"GPX7",8.7616,6.7159,14.2631,11.9315,4.7391,20.984,16.8468,11.3553,5.1046,12.7521
"CACYBP",34.7689,37.1733,47.8775,30.2393,34.9986,55.9513,55.4933,37.5012,29.3686,34.1773
"SCP2",96.5972,83.5968,108.3935,84.8487,107.6485,128.1505,105.2304,83.9113,128.4061,73.8722
"RALGPS2",10.4296,21.1809,19.2528,21.6022,15.6318,14.4434,7.6272,13.7483,13.9086,14.0154
"CEP104",8.5856,7.5193,11.2142,8.8227,8.3587,7.4097,4.1832,10.0781,7.8938,7.2314
"FAM20B",34.4876,38.5206,67.0103,37.926,30.5991,58.4424,26.1169,53.8917,31.1266,34.0737
"TCEANC2",3.7052,2.4525,5.0935,3.9187,4.0131,3.7716,3.6773,3.4886,2.6504,3.241
"TMEM59",245.8201,150.3786,169.0283,184.0364,181.8947,274.5493,377.9889,143.4323,171.451,155.5215
"WRAP73",6.7934,5.8636,5.7837,6.5718,8.1702,7.3927,7.0423,6.6421,6.5288,7.377
"MRPL37",87.0379,104.4913,73.4822,66.3153,146.9273,90.8118,90.684,88.0208,95.8074,87.1582
"ICMT",49.1694,78.9142,79.7028,58.0845,83.2685,63.0592,33.1855,79.1883,79.9808,72.9704
"RPL22",84.5129,83.5937,130.1146,66.6736,87.9607,100.5204,55.9593,102.0112,77.8457,81.6381
"QSOX1",156.8785,179.3575,100.3123,88.2653,247.2704,83.0958,88.9942,153.7707,171.0171,149.6582
"STXBP3",33.0459,27.2348,42.5572,34.3403,30.5187,45.234,35.1702,29.9588,40.5203,24.355
"ERRFI1",40.1064,79.0206,50.2238,79.9794,33.1245,55.0015,16.2751,179.7728,60.3343,79.4474
"PARK7",182.3939,207.481,189.31,139.8469,181.6841,274.8019,250.7242,196.1698,163.1381,172.751
"ELAPOR1",94.2019,61.8611,46.8799,26.5134,88.2069,43.0272,33.9526,60.9251,45.9538,40.9569
"AMPD2",8.8459,7.943,8.3968,6.9699,10.2605,5.0045,3.6045,10.7895,5.532,7.1728
"SRSF4",32.3677,35.9626,38.0664,34.8158,36.6138,29.7462,15.9741,37.8844,35.714,32.1165
"MECR",13.53,12.5242,12.349,8.028,12.6942,13.3386,9.8362,13.2642,8.7894,10.0293
"KCNC4",1.0884,2.0714,1.5919,1.2973,2.8436,1.0467,0.5162,1.7094,1.1063,1.382
"EDEM3",38.6065,29.228,39.8643,37.152,46.6101,29.4486,24.2888,34.8126,52.0765,23.3251
"WDR77",16.2223,28.4583,15.4569,14.0838,31.2411,19.5753,14.5172,20.8364,15.9067,17.5715
"ATP5PB",280.6445,241.6562,237.098,207.1421,345.4392,373.0074,592.8293,239.5625,293.2178,213.9424
"RAP1A",91.3983,68.9663,174.0027,95.7678,52.3462,193.2713,91.5023,99.3036,66.4475,84.2861
"HDAC1",200.3706,258.416,143.6661,168.3406,281.1896,176.9938,142.2077,193.5916,226.0874,173.0771
"CAPZA1",155.2651,175.2975,148.0661,164.6241,210.3321,209.918,239.384,124.9391,209.9196,135.892
"S100PBP",5.0112,2.8659,8.077,7.1066,3.0774,5.812,4.2991,4.3599,4.2766,4.4261
"RNF19B",61.397,97.9257,46.8435,61.3872,66.8066,67.0587,49.172,94.145,95.4688,77.4845
"SCAMP3",66.3811,68.1468,56.0384,47.9673,85.9434,51.554,44.492,62.8556,53.9613,60.6867
"TRIM62",4.8817,3.5792,5.8398,6.6121,4.6131,3.685,2.2341,5.6842,4.504,4.8555
"ASH1L",16.2629,16.7085,39.8271,22.5227,15.1957,17.087,6.1033,27.964,16.2064,15.4635
"SFPQ",67.0184,112.913,89.8732,73.491,119.5555,70.4371,39.4667,105.7362,85.6681,84.048
"RHOU",46.4724,67.7507,57.1074,88.9127,57.3759,60.805,21.8013,85.4469,85.8733,71.9926
"GON4L",7.2582,7.0906,9.3957,8.2272,6.853,5.7265,2.4318,9.4031,7.4027,6.496
"ARHGEF2",22.7758,18.5777,25.2223,31.5221,18.7078,15.3688,9.8765,24.1027,17.3191,24.7296
"LAMTOR2",78.7739,76.3592,57.8821,74.7922,86.0099,91.27,132.2496,67.3673,71.2243,78.4205
"MEF2D",55.4356,67.865,63.2164,61.0482,43.0253,44.4916,15.427,130.1509,48.0347,69.3531
"DOCK7",5.1476,6.4812,8.0395,5.142,6.0458,4.3199,2.381,7.3173,4.9823,4.5418
"SRM",41.4758,101.5455,43.7278,42.0791,89.4135,48.8295,35.49,66.2587,42.8407,62.6836
"FBXO2",2.0616,1.6956,3.2947,1.9291,0.2581,2.4264,0.8802,2.4097,0.7265,2.301
"FBXO6",21.1115,15.2413,17.8085,12.3305,14.197,22.0724,24.8731,14.7041,11.0523,14.8757
"MAD2L2",10.2531,8.8819,11.3854,8.1357,7.3525,15.369,14.7777,10.5412,5.6258,10.8393
"DNAJC6",2.3429,3.3426,6.5427,1.9054,1.0696,2.841,0.9813,5.1499,2.699,2.8191
"LEPR",5.8471,3.3111,16.9159,6.2277,1.9468,11.0385,5.5621,6.7965,3.8818,4.0223
"IVNS1ABP",86.5841,59.3249,63.8721,91.2403,86.4003,63.5592,70.0454,58.5154,155.3871,81.3322
"MFN2",49.0023,76.9515,81.0787,52.4151,73.0407,59.1221,24.5171,77.3244,67.1057,61.9937
"MIIP",14.0136,12.0844,12.3137,14.74,15.7611,14.3446,17.5066,13.2838,16.1791,15.718
"SMG7",26.2099,38.6644,38.6778,33.3939,39.7941,22.0065,12.9121,30.8841,37.0326,28.9466
"NCF2",24.0369,12.0376,16.1042,10.1073,4.2622,20.0619,14.5526,15.3781,4.3555,8.6883
"SLC35D1",62.0323,79.9111,49.67,65.5615,111.6682,54.6644,47.6651,66.9023,129.8293,77.7571
"PLA2G4A",16.5978,12.6525,39.658,12.4807,10.2067,30.777,16.0487,23.2931,10.5963,16.2261
"GADD45A",35.4356,70.8088,25.0259,37.9579,34.496,42.6066,33.7821,89.1403,47.2138,44.2713
"WLS",100.4363,101.1026,141.21,76.1397,83.033,109.2499,46.8892,130.7372,90.0785,97.6458
"PRDM2",12.821,10.8698,21.2151,16.965,10.3301,11.3482,6.4026,15.6707,10.6856,12.3293
"RGS2",211.9724,109.8361,267.1477,180.8179,19.4774,321.3356,139.025,277.0394,22.3522,169.2437
"RO60",6.5996,7.0078,18.2625,8.9116,6.6491,12.171,5.3792,8.9868,7.4958,6.5391
"UCHL5",16.4127,15.3296,21.8618,16.8164,16.6874,24.8241,17.6946,18.1091,19.0572,13.4607
"BCAS2",87.3828,86.6321,97.4414,77.9586,74.3507,145.7212,109.5406,94.8529,69.4028,79.1298
"SRSF11",38.7624,23.3255,46.0142,41.0028,27.5578,37.3746,30.4185,30.834,33.6013,20.9508
"CTH",11.9234,14.2538,9.4291,8.6438,16.9863,8.0604,14.2521,11.6645,12.2436,10.5204
"AGMAT",20.8219,17.9287,12.8776,16.088,40.1651,14.9032,26.259,20.6243,30.2105,14.1263
"OLFML3",67.8285,62.1536,140.4415,50.9491,16.3057,96.7576,34.6372,100.0599,18.2015,72.771
"PLEKHM2",41.1468,40.8459,43.5618,36.6622,41.2786,34.4853,21.4072,46.3863,30.3422,41.5546
"CRYZ",24.6425,15.2345,37.7738,18.3113,8.7215,32.2801,31.9848,13.6565,8.981,14.6832
"PHTF1",4.4691,3.8436,5.5842,4.0238,4.1854,4.0761,2.7552,4.3185,3.0944,4.0388
"ZBTB17",13.1805,9.9938,14.596,13.6267,13.0683,11.9756,7.3326,12.4832,11.0261,13.1968
"CD58",34.1528,50.0935,34.5362,34.6242,46.8039,62.8341,91.2232,24.7139,48.6357,31.0753
"CD2",25.612,18.3494,14.7603,38.9314,12.7453,22.3319,20.4749,15.6358,6.9788,27.3089
"TTF2",4.5587,4.5426,5.4265,5.8658,9.3166,4.2508,3.6545,5.8462,9.4543,4.858
"NR5A2",24.4554,11.5027,16.7848,20.7721,23.2787,15.4776,17.9017,15.0583,25.4639,17.7035
"KIF21B",3.2332,4.9546,1.8788,5.7283,3.9473,1.3957,0.97,4.6036,3.3353,3.6452
"TMEM9",61.3299,32.9655,42.6627,27.7942,41.1663,79.1435,101.152,43.4613,22.524,31.0844
"ADPRS",43.3839,56.8627,47.5062,37.3678,56.9725,54.8426,50.6712,58.4428,42.9068,47.4916
"WARS2",9.4971,10.9111,12.0055,11.0928,11.5963,14.1887,11.5964,8.7201,14.5029,10.1216
"OSCP1",6.0116,3.8473,7.4429,2.4047,3.5994,8.3416,4.0183,6.6256,3.4674,4.1287
"MRPS15",50.1963,54.1754,46.8402,39.6246,65.7755,84.5886,115.3072,52.2632,51.8939,47.9225
"EXOC8",8.6904,10.6304,13.0847,14.9328,9.217,9.181,4.2374,14.4568,13.6259,10.3338
"GNPAT",51.631,42.2388,75.8554,51.2587,51.2985,81.6341,67.0625,58.9342,43.9566,45.7302
"TSNAX",16.9919,10.0716,24.4757,15.1298,12.41,32.0068,22.528,14.1632,15.0669,10.3026
"C1orf109",7.0889,6.5626,11.4421,6.2179,6.4107,9.004,7.0416,8.523,5.0574,4.9826
"RRAGC",9.9079,14.0845,18.2434,12.7658,12.3416,15.9559,9.4848,13.0873,15.1631,14.297
"NID1",47.095,80.7781,136.892,51.7488,21.822,53.1751,11.2138,120.5584,19.0631,60.5015
"LGALS8",11.1934,10.6009,17.4286,12.8494,10.3317,11.9945,7.5944,13.358,11.632,8.9686
"MTR",8.1299,9.0927,19.419,9.7415,6.8077,9.473,2.854,16.1609,6.3932,7.7321
"BMP8B",6.8403,5.9965,9.7551,7.6172,10.1582,4.7547,4.1208,8.6643,16.0086,7.6797
"MYCL",9.8205,6.8066,7.9804,6.606,12.7838,6.3083,8.4712,4.9866,7.6061,7.9217
"SIPA1L2",30.9701,30.2318,60.2439,35.9115,36.0675,31.228,13.0456,45.1862,35.6536,30.9216
"RLF",9.8912,13.4283,18.5555,12.6193,10.5553,12.912,9.7329,16.8163,10.5405,9.3347
"KCNQ4",4.1837,4.963,14.4544,5.4514,2.9301,6.7884,2.0001,10.2664,1.2943,6.3821
"AKT3",7.2799,7.6587,26.792,7.5028,1.6731,15.5395,3.1144,14.3564,2.1344,7.0813
"ETV3",17.1508,20.8852,20.5397,23.8667,15.449,15.1414,6.0587,32.1897,18.7611,20.0333
"ACADM",65.2372,39.7443,87.1514,77.5652,31.0296,78.964,82.4641,54.478,44.9289,29.1818
"ST6GALNAC5",1.0174,1.8229,3.4701,1.2433,0.8479,1.932,0.7659,3.1448,0.7324,1.2609
"SLAMF1",4.6486,2.5908,2.4231,5.2304,1.8922,2.2731,3.1256,1.912,2.342,3.8626
"CD48",13.7614,8.6813,6.6299,15.8806,3.7479,16.4858,31.1486,8.572,3.1656,14.4989
"ADGRL2",6.3362,5.0828,9.6826,3.6652,2.898,5.8734,2.3503,8.2516,2.463,4.1889
"PADI2",217.317,246.8606,143.2143,247.1663,386.2893,113.8403,108.318,196.5862,318.7236,258.7639
"SDHB",176.2422,147.6693,139.2441,143.5914,220.5718,221.3566,291.3454,154.3679,188.2425,145.6825
"MFAP2",4.3768,2.2712,6.3369,1.9999,1.7882,3.5731,2.0043,5.4646,1.4025,3.6354
"RPF1",46.8281,42.3175,50.4969,39.046,47.449,68.3814,65.2769,44.1458,39.8615,42.0162
"KDM5B",9.0188,7.7179,12.5744,8.3652,7.3722,6.5009,4.305,8.8027,6.2534,8.3091
"UAP1",117.6432,138.8287,92.7964,80.9614,131.081,140.1116,120.1592,128.3872,165.6008,107.6826
"CTBS",4.2024,2.573,3.6782,3.2591,1.9735,4.226,3.891,2.351,2.5369,1.8015
"RGS4",5.9034,2.2232,11.3856,2.4849,0.4163,5.0818,1.9485,7.331,0.3184,5.021
"KLHL12",47.4148,34.4361,48.8858,37.3638,43.4983,52.6828,35.6205,41.5977,48.1349,37.5515
"SSX2IP",8.4658,7.9684,17.0379,8.4363,7.8446,12.8916,9.2433,10.1494,6.8939,7.6135
"ZNHIT6",8.4427,8.586,15.4001,9.5087,8.9482,12.1475,3.9862,11.2035,7.6645,9.0122
"PLA2G2D",11.6101,10.4179,2.455,36.3579,0.8238,3.8168,4.3765,3.5733,2.0098,14.8059
"RBBP5",17.0969,15.9998,23.6836,18.644,20.5514,18.0602,14.0437,16.0445,16.499,17.593
"GBP3",84.7871,33.1068,46.0268,61.5783,83.7462,50.6134,98.584,54.2507,84.029,77.1387
"GBP1",20.9663,15.2244,30.1202,22.2795,9.3423,34.4717,14.6842,23.6993,10.4793,19.0783
"GPR89A",0.8336,0.9071,1.4959,1.0837,1.3556,1.1989,0.8106,1.4277,1.5246,1.281
"CDK18",14.94,12.1748,12.1126,13.268,14.8474,9.2617,7.7646,17.1185,19.9894,14.1252
"RAB29",18.3601,11.0171,26.7637,20.0092,9.7408,19.7179,10.8502,18.6823,8.4231,14.7161
"ECE1",73.4319,151.5827,120.0082,119.3324,145.1359,68.5686,28.0472,137.5148,122.1105,128.6721
"HMGCL",46.1371,29.3615,38.9498,32.9664,63.5765,49.6562,55.548,34.6933,45.0257,34.2014
"GALE",83.8799,101.7286,34.6469,52.4349,112.796,70.3084,79.7492,70.3129,115.7423,68.9248
"ID3",304.4359,121.3201,123.3103,200.0039,213.9816,313.0397,280.8023,146.1201,92.3743,381.5151
"CD46",91.9453,64.5109,100.4382,76.2195,85.8329,105.6165,111.942,78.3997,114.7689,57.3546
"PRPF3",14.4975,13.0982,19.7769,16.9518,16.443,13.9762,11.7675,14.622,16.3517,14.0118
"APH1A",209.1432,196.8803,136.87,145.6255,251.7854,197.1631,193.5067,178.4612,183.8935,168.4701
"P3H1",6.6409,5.5721,7.9848,6.2904,4.3431,5.1788,3.341,6.8293,3.9467,6.2406
"SLC2A1",32.0111,121.2366,15.3692,40.4206,59.0642,22,13.7211,80.5055,38.7207,42.8776
"EBNA1BP2",35.8651,53.5918,34.3731,27.3096,53.5164,47.1747,49.9642,47.3995,40.1422,35.6445
"CDC20",19.0912,45.6837,21.3086,38.3757,126.5765,40.1478,48.4985,39.6703,86.3668,66.6783
"ARTN",1.7831,4.0569,0.4473,1.5026,2.3493,2.0423,0.8982,1.6733,1.6701,1.5348
"IPO13",19.4253,19.9543,24.6376,19.6045,27.0842,17.852,10.1945,24.6277,16.0133,21.6977
"ATP6V0B",117.757,134.692,57.7719,77.0265,155.7266,151.7402,312.8056,106.5275,113.4879,110.297
"B4GALT2",27.6224,34.3421,37.12,16.5057,31.3519,31.819,21.3698,35.2762,18.9987,26.7337
"ERI3",41.3951,38.1327,46.117,29.6176,54.1527,52.5253,53.4605,47.7024,26.9155,36.1979
"PTCH2",1.4422,0.5674,2.365,1.5535,0.4411,0.9301,0.3977,1.3396,0.3268,1.0451
"AKR1A1",135.9857,106.9481,77.7643,87.9761,151.2606,122.4547,180.0303,96.3266,159.4164,100.657
"PRDX1",221.6139,231.7825,254.1857,216.2231,195.7713,289.7608,264.175,229.1796,250.6235,208.0701
"PIK3R3",6.0262,5.9582,8.7125,6.1917,3.8687,7.0741,2.0074,10.8476,6.9308,4.6545
"TSPAN1",1571.9227,1820.6036,646.2964,1762.6298,2326.4418,1437.3207,2225.4165,1011.6314,2874.9863,1923.3472
"BLZF1",17.2035,17.32,30.2956,19.2069,13.487,32.0842,23.2189,17.569,16.0551,16.445
"SLC19A2",11.697,9.7706,6.8916,6.9046,4.6431,14.7795,8.4002,22.0132,8.7881,6.1389
"FAAH",46.5674,55.6339,31.7799,45.0479,92.5753,41.7774,46.2376,45.72,63.2977,50.2732
"NSUN4",6.371,6.5967,8.5714,5.6488,8.1877,8.1934,6.1374,6.4942,5.3431,5.4252
"TMED5",27.8141,23.3475,29.257,26.1373,27.2577,37.6456,32.8032,24.2722,40.9311,19.502
"DR1",18.447,18.5327,29.2021,20.1543,19.6323,27.6452,23.7188,17.9013,18.0526,17.6897
"CNN3",139.1935,118.0291,238.3383,127.0006,128.0344,204.0128,179.4096,166.1274,94.4712,112.3441
"PRRC2C",26.1458,34.9777,38.1056,37.4066,39.7319,14.3579,8.1711,37.5688,37.8777,25.7273
"F3",39.1698,74.6634,23.7561,35.002,29.5311,34.651,23.6586,65.3081,46.8402,51.4576
"ABCD3",42.0992,43.9503,48.7578,52.8531,65.0509,51.7688,42.6577,43.2833,76.2884,49.0697
"VAMP4",11.7499,8.7328,21.5608,13.9598,8.1759,23.1974,15.2496,11.3479,9.7101,9.4003
"DPH5",20.669,11.2278,22.4378,12.4026,18.43,30.6171,43.4568,15.3975,11.9525,14.0083
"PTBP2",4.5353,3.2769,17.198,5.8443,1.2559,11.733,3.242,8.0037,1.7865,4.6798
"TNFSF4",2.391,1.0451,3.2755,2.5281,0.5089,2.7581,1.7898,2.6845,2.6993,1.4197
"PRDX6",460.8073,623.0659,488.9488,814.9915,874.3273,598.0997,511.819,477.2519,1169.8563,711.1793
"DARS2",13.0598,14.3564,13.0164,11.3203,20.8568,11.07,10.8725,16.7503,18.6754,12.1728
"HSD11B1",5.7952,5.8649,5.9854,3.9856,1.175,12.4075,8.4178,7.0012,1.939,6.384
"IRF6",88.8721,104.5972,51.0488,82.9662,117.6181,56.1255,50.0343,91.8028,112.7925,93.3932
"UTP25",7.2567,6.1714,8.9122,5.4628,6.6043,5.7335,3.5402,5.9482,4.795,5.0077
"RCAN3",7.1584,9.3806,13.2932,10.2577,10.6416,8.1887,6.2222,10.6925,8.7142,9.5384
"SYF2",60.9487,36.4506,74.9624,57.7394,43.5355,71.8713,47.3852,44.5398,52.9237,48.0615
"RSRP1",13.2998,3.4006,14.0991,23.0911,9.2463,8.858,15.7303,7.5264,18.1672,9.8712
"SLC35A3",16.2344,13.3776,19.7515,18.8291,26.2786,20.3635,19.7362,13.0559,34.7633,12.8827
"RCOR3",11.2455,6.1556,24.6732,11.9141,7.5307,18.8347,9.77,11.3577,10.0573,9.0043
"STMN1",41.0028,43.8262,45.992,52.454,67.092,66.4896,83.5232,46.0828,46.2594,60.5591
"MTFR1L",19.9838,14.4543,33.3516,15.7623,13.8405,35.7853,19.863,24.3233,13.9833,18.1115
"MAN1C1",6.5923,5.9242,12.8015,5.6668,1.9949,6.347,1.8948,10.221,2.3264,6.1478
"NEK2",5.0368,8.4067,7.3544,8.8837,20.5557,14.6527,18.5698,8.3626,20.2513,10.7407
"RPS6KA1",84.7877,133.9225,54.5,83.3686,161.7857,77.2317,67.5631,80.3556,109.431,107.6937
"DHDDS",37.1994,50.3349,30.4168,35.1928,65.3272,32.6646,26.5728,41.7069,57.4931,40.1866
"NENF",109.8674,89.9419,104.4311,67.1046,87.6731,158.8455,202.4365,96.1427,60.7453,99.6026
"NSL1",6.4658,3.6033,8.906,5.7419,4.6537,10.6273,13.6624,5.2368,4.3542,5.3789
"PROX1",4.4068,2.3234,6.4448,6.2549,3.9332,3.1838,2.2848,3.3465,3.813,3.5525
"ARID1A",21.7339,19.1224,28.7391,24.8733,26.3045,12.4752,6.2218,22.7734,19.5374,22.6177
"CENPF",2.4527,6.4413,5.6541,7.5374,18.5964,3.367,3.0382,6.3117,17.0451,7.7872
"RPA2",50.0436,46.613,69.356,48.8249,59.7462,79.9869,78.7048,50.7646,34.4793,56.6736
"PPP1R8",47.1251,43.8757,61.018,38.8017,47.8786,78.3201,77.4051,41.3653,40.2807,43.5686
"STX12",69.0507,68.7041,76.8151,62.8632,71.0562,93.7356,67.04,69.8615,95.8533,60.7581
"MTARC2",25.8936,20.4057,37.3468,30.1953,20.5224,27.1937,20.2163,26.6988,30.1759,22.5198
"OSBPL9",22.2212,14.4521,26.6596,21.1182,15.9941,22.7441,15.874,18.1461,19.1444,15.3906
"TXNDC12",7.951,8.2134,4.0855,4.4187,7.1084,7.606,9.9991,7.0042,5.7548,6.3081
"ESYT2",62.2836,106.9027,101.4974,60.142,67.6527,68.5549,33.6961,89.6463,72.7637,60.978
"POLR1G",1.0517,2.2256,2.1731,1.5316,3.2741,2.1581,0.9953,2.1688,1.9333,1.9052
"MESD",27.5868,24.8796,23.2365,20.5424,31.2307,22.5753,19.6247,24.7427,29.3889,22.6623
"RCN2",15.9247,12.5818,20.0627,12.5383,14.9705,28.8367,27.0958,15.027,12.973,10.453
"MUC5B",31.3693,66.3504,22.5461,32.0668,186.4992,7.4154,11.2527,63.1087,140.5527,61.5854
"CTSD",224.9139,229.1481,122.2054,215.9504,298.7015,176.1209,144.4488,168.4113,250.4281,262.2789
"STAG1",14.0496,15.1385,22.9961,17.2018,14.9622,15.8839,7.7929,19.402,21.0851,15.3743
"STK11",17.4842,18.2242,17.8137,18.0478,28.239,13.9365,10.4126,20.7486,18.382,20.1647
"KMT2A",5.6043,4.6786,12.786,8.2749,4.5177,4.647,1.4093,8.1223,4.0152,5.4343
"TREH",2.4335,4.0551,2.1546,2.6041,1.0563,3.0453,2.7291,3.3101,0.2988,2.482
"IFT46",17.1072,8.3316,20.5214,12.9375,8.8445,25.7446,31.1509,15.6696,6.6785,10.3018
"KPTN",3.3962,4.0672,4.5815,3.3836,4.1772,3.6653,2.7895,4.4295,3.2595,3.5389
"RPS25",1037.7394,813.2491,1039.1541,691.1173,670.5531,1556.2036,1521.3055,921.3257,539.8088,859.3776
"KIF14",0.8032,1.6161,1.4413,2.0552,2.8504,0.9459,0.9543,1.2191,3.2591,1.8046
"CAMSAP2",9.1053,11.8735,23.2618,8.146,5.2479,15.9389,4.2278,15.2858,3.8921,9.2657
"ATF6",26.8711,32.7349,31.99,24.9052,28.7028,25.8569,14.6084,31.7411,27.669,26.3081
"MREG",4.9991,4.6707,3.5932,7.3507,9.1596,4.6027,11.6071,3.3753,6.6649,5.0228
"FASTKD2",11.0981,15.4691,16.5516,9.9497,15.4933,16.61,12.5665,14.3074,11.8626,10.182
"NRP2",16.7539,14.2264,84.5982,25.4023,1.9903,27.7428,4.4604,42.4466,2.2524,24.0374
"CREB1",11.3292,8.7186,20.0956,11.8532,8.6832,15.8979,8.6769,11.1206,9.3529,9.9306
"KLF7",6.1548,5.1082,17.8445,7.1571,1.7833,6.7796,2.0112,10.4635,2.4468,5.5564
"B4GALT6",3.8405,5.0438,12.4905,4.9121,3.7192,6.6038,4.2103,7.4016,4.6295,2.9769
"ATP10B",69.2536,58.0106,49.5863,48.7206,81.0865,42.9418,42.7691,66.7249,62.0176,49.7565
"SPCS2",44.1318,45.1632,48.5251,37.311,41.0638,53.9065,48.2958,43.8471,43.7086,37.5895
"USP35",2.7358,2.2517,4.2736,3.1943,1.936,2.5867,1.6244,3.8082,1.8453,2.8348
"CASP8AP2",6.9159,4.4255,14.149,9.8564,5.6755,10.6857,5.2075,6.5162,5.8454,6.1332
"HMGN3",84.5544,51.7382,107.0095,84.6892,52.7976,109.631,84.3335,75.4261,74.2372,65.3632
"UBE3D",1.2971,1.1695,1.9276,1.1766,1.8075,1.3562,2.1434,1.3889,1.0149,1.1127
"PHF3",12.1285,10.7032,21.0383,14.0643,12.6497,11.2211,5.2143,12.5025,10.2163,11.1298
"PLAGL1",9.3977,5.8675,12.8123,9.635,8.764,6.8884,7.9323,10.4185,8.529,4.5335
"FBXO30",10.3677,8.982,41.1365,12.0346,4.8699,23.8791,6.8919,17.5318,5.0865,10.5963
"TNFAIP3",39.2342,119.5351,28.9612,56.8451,21.0693,18.6977,12.3873,131.6004,27.7532,33.3132
"AKAP7",24.5346,21.6885,20.8581,15.5643,21.7338,33.3344,45.2325,15.8222,34.435,18.3862
"RAB32",129.9182,111.8335,107.7219,81.4824,163.1611,210.0724,338.0482,102.975,139.8764,119.0862
"MYB",41.959,30.0062,26.2439,26.0501,61.1276,24.5814,28.7337,27.7732,34.087,26.776
"SGK1",62.3285,113.3258,10.9509,166.6551,30.2112,26.425,12.6516,120.4722,205.8757,29.1207
"RNF146",22.4182,17.6999,44.1297,24.2506,13.0006,35.814,19.5381,24.5453,17.0293,19.8022
"CCN2",277.292,201.1567,108.4605,229.7238,119.1341,221.5232,47.1799,555.4802,171.4574,349.4962
"TCF21",8.9591,6.8846,19.853,7.4325,7.4522,8.7868,6.1623,13.2789,5.1261,9.6531
"PMFBP1",0.5103,0.2279,0.7521,0.5524,1.1851,0.1941,0.2608,0.5585,1.1621,0.397
"FBXL5",78.0355,73.4766,124.8986,59.8977,49.9659,149.123,102.6008,91.9864,33.5596,61.4679
"MED28",18.3865,11.8811,22.9533,12.6189,11.1679,22.0228,24.9887,14.5636,12.1761,11.4697
"RXYLT1",3.6393,2.7749,3.5535,2.4434,3.0964,3.7219,3.7544,3.0521,2.1215,2.259
"VAMP8",530.4399,437.257,271.2781,477.8959,615.5586,632.5582,1496.1558,324.9056,593.9788,527.9513
"DCLRE1B",6.9145,8.429,12.0057,7.1083,9.7569,8.8985,5.467,10.0986,6.9856,7.4465
"MYL12B",892.4222,952.4343,681.4978,762.9097,1083.6267,1292.709,1584.2488,727.9378,1099.9013,926.9959
"FOXO3",27.0061,36.9275,36.3627,31.094,31.5635,17.3539,7.718,40.045,41.3239,25.5872
"RPN2",277.8315,371.4817,236.9299,223.6428,463.5589,226.7935,204.5171,332.7062,434.7845,306.1364
"TGIF2",10.0143,10.9728,15.1857,12.4568,6.091,10.556,6.1568,14.8009,5.4448,10.5888
"PKD2",17.454,14.3526,53.896,18.8628,4.9048,34.9555,7.5027,32.7467,6.1603,15.7627
"ABCG2",7.4478,22.256,23.4326,53.0475,53.7148,14.5578,10.2003,17.0351,61.9113,26.9519
"SPP1",13.4986,9.3342,38.3219,7.8542,13.7156,39.6793,18.022,17.9926,3.0384,10.6973
"STBD1",4.6177,3.1363,3.9559,3.2819,4.9559,3.8534,3.2757,2.631,4.657,2.913
"CCNI",228.9695,262.5078,401.3336,244.9302,195.4527,338.697,165.7743,299.084,185.0986,261.5103
"RAB3GAP2",11.3186,10.4012,18.2774,12.3084,10.8954,12.2619,7.0501,12.4966,11.5146,9.9664
"EEF2KMT",4.7287,7.5203,5.7443,2.8353,8.5922,5.1928,4.0176,6.4325,4.3221,5.0054
"PPL",14.9344,14.2146,28.8524,9.4124,12.7599,14.7914,5.0198,22.068,17.3936,20.1137
"UBN1",22.4361,28.7933,27.2687,26.451,35.0054,16.809,9.9991,29.1379,30.4614,29.2157
"UCHL3",2.5405,3.4564,1.1037,2.0562,2.0164,2.6858,2.9926,2.7228,1.955,2.7367
"PCDH17",1.2687,1.8666,4.0631,2.0825,0.6465,1.5611,0.7188,3.4121,1.0009,2.3251
"HS1BP3",8.9138,7.5629,12.2322,7.1852,7.4592,11.2214,8.0092,9.8873,8.5659,8.8766
"WDR35",3.8434,4.3802,11.3462,3.9367,1.7528,7.06,1.7916,6.9627,1.969,4.0002
"CCND2",28.482,54.0835,67.7361,47.0946,70.4417,31.4919,10.5062,88.5768,32.1696,56.6396
"ELL2",18.8566,23.6065,15.5871,14.1904,12.7536,18.0498,16.4326,25.9059,17.6804,11.5684
"NDUFB3",215.0415,183.1025,165.0006,173.7667,207.6466,302.3431,476.4845,178.6109,233.664,185.6059
"GTF3C3",13.1842,10.2143,16.3746,10.8728,11.7909,14.8274,10.2465,13.5391,10.9615,8.9083
"SATB2",51.5666,33.6634,33.0433,48.5877,75.1906,25.475,22.9517,43.2829,48.6509,47.3508
"UBE2B",71.4388,55.3143,94.0235,82.5064,56.395,124.104,113.4821,63.5756,70.3156,61.3892
"TRPM6",25.591,18.4604,35.4695,72.2969,32.5393,17.9869,14.9915,24.4464,66.9041,43.2803
"GDA",6.4453,9.3516,6.176,20.2046,10.4304,6.1005,7.4308,8.8527,31.95,7.4711
"KLF9",60.2464,85.0416,55.9609,46.682,36.909,69.672,14.872,124.7584,59.8997,47.1998
"ITGB1BP1",14.046,17.5511,27.4556,16.7875,12.1137,34.855,22.2493,14.49,11.1855,18.046
"CPSF3",25.0848,28.8692,30.0082,24.912,32.1229,31.526,24.5306,27.4695,30.139,25.8093
"PIGZ",65.6947,37.4421,63.8293,69.9582,84.8146,50.0811,47.2405,55.9741,135.9294,84.8204
"SENP5",8.7622,9.3896,14.5274,11.2324,9.9647,12.4189,8.5277,12.1732,9.8555,9.4946
"CCDC92",13.506,12.4302,24.8804,13.8853,9.6334,16.7889,8.0977,17.7996,9.0142,15.5879
"C1orf198",22.0516,29.4667,55.5813,22.1272,20.7188,35.4337,11.3416,45.3397,11.5611,26.2644
"HEATR1",8.2873,11.7908,12.7319,7.848,11.2129,7.6144,4.0457,10.4561,6.7686,7.0241
"PTBP3",51.9952,67.0903,60.835,67.088,80.0037,53.8396,39.2299,66.5915,86.435,54.0002
"RAD23B",103.4996,126.4586,142.8569,100.1009,127.1312,114.0724,66.4194,127.2447,112.15,104.3897
"FKBP15",11.7406,9.0516,13.7489,11.8562,11.5363,8.9786,6.6368,11.0739,11.7452,11.0809
"CTNNAL1",30.8043,41.3206,59.4304,24.7157,27.0969,53.5752,38.3014,39.561,26.5819,31.2289
"ABITRAM",19.3687,20.1464,26.9353,17.9894,22.724,27.3244,25.0458,21.0248,22.6261,17.3357
"DYNC2I2",42.0031,66.9864,44.7589,42.6111,113.9713,50.9368,58.2457,65.3276,85.294,75.3663
"SET",163.7699,199.1331,216.9888,163.5148,197.1052,182.8042,101.9672,188.778,151.642,159.1543
"PTPA",57.9728,59.0102,71.9409,56.0814,80.4406,60.8152,43.6708,74.791,61.1478,70.2963
"GLE1",33.2992,32.0596,40.5471,34.744,50.6841,34.1643,28.3452,38.9422,38.7383,34.7704
"RAB14",96.2584,110.3656,128.2291,99.7215,131.2724,115.4725,74.0608,100.8079,142.2173,99.6066
"CNTRL",5.219,3.1324,6.5151,9.4566,4.4805,3.5477,2.2892,4.2112,4.1503,4.9359
"TRIM32",12.7595,12.6669,22.6779,10.71,12.026,14.8804,11.3204,14.0695,8.6015,12.8466
"FBXW2",16.63,15.5006,23.5044,17.9781,17.0037,16.0382,7.8957,19.2652,16.2317,16.012
"PHF19",11.6736,17.1443,22.4998,13.7771,14.8036,18.869,9.6309,21.6724,11.5241,17.8794
"NEK6",40.7503,41.0376,33.3856,26.2708,43.3251,25.9513,21.683,28.4165,34.4445,27.1542
"PPP6C",74.4261,69.724,76.0235,69.0048,69.0237,80.4179,57.7856,69.7259,74.548,56.7189
"NDUFA8",225.1911,196.0199,247.6347,173.0501,224.0106,320.6922,314.7129,228.9629,181.1447,211.9315
"HDHD3",106.8243,86.8515,66.5298,78.1558,178.3971,100.6859,126.1243,59.9189,119.0648,117.7541
"RBM18",20.7755,14.5626,34.9398,21.0648,15.7001,33.897,23.2832,22.1046,16.7291,17.8718
"HSDL2",65.7322,56.2629,97.7158,57.4704,71.0861,98.2674,78.7984,83.5624,87.8404,44.9068
"MAPKAP1",38.391,34.9351,43.1098,30.7528,35.8564,41.17,30.308,43.6715,28.5169,31.8931
"NR4A3",15.1766,18.838,0.7818,8.4348,0.3802,7.6245,0.7139,81.1451,0.9412,19.2691
"INVS",5.4794,4.155,8.153,5.398,4.2891,4.9355,4.0903,5.6336,4.9781,4.2491
"GALNT12",77.5257,74.1484,75.7351,87.8677,112.2728,75.5137,66.2901,69.0782,122.1114,89.7048
"DENND1A",12.5422,12.6847,15.0811,13.5072,13.6517,10.1059,7.5817,15.761,16.1938,13.7653
"ALG2",34.8029,36.5977,38.8122,31.2982,45.9942,43.955,38.8812,36.2304,38.6054,31.927
"CSF3R",4.6417,2.3687,1.6918,3.8607,0.6038,2.7315,1.3842,3.5918,0.7803,0.8818
"KDSR",18.6716,18.8327,33.7979,18.7759,15.9288,27.9407,12.4638,26.5259,15.1265,18.3531
"VPS4B",76.3741,109.7681,92.2396,74.2639,102.8958,81.9949,48.5922,84.0482,102.0643,75.6993
"C19orf25",13.1041,11.7456,11.9293,13.4752,17.4801,14.7931,23.3973,10.8541,12.2493,14.986
"ZBTB45",14.4391,16.4811,15.8438,12.0787,16.3245,11.9145,9.8134,16.9034,12.4683,16.09
"YLPM1",13.0983,15.1388,20.6881,14.9296,16.1936,9.6234,4.3454,18.9636,12.606,13.5656
"DCAF4",5.9354,8.575,8.0251,7.2118,9.289,8.2479,7.1367,7.1515,5.4247,5.9861
"FCF1",25.2196,22.7299,31.7742,21.994,24.1542,29.8034,21.8686,25.8902,23.7198,22.4112
"PGF",1.5975,1.2717,2.2365,3.063,0.9265,1.91,1.6447,2.0427,1.2014,2.6948
"NEK9",14.9196,16.1646,32.6981,19.7889,12.7,20.7139,6.3917,25.2868,11.0828,16.5891
"ACYP1",7.4028,4.3882,7.2502,8.6484,7.3234,9.1581,15.0743,7.7793,12.3494,6.9855
"IFT43",11.2421,9.4889,9.4944,9.5223,9.755,17.6836,24.1691,11.2104,9.8834,10.3881
"NPC2",201.1524,115.4878,117.0261,88.8845,104.3919,204.244,260.5939,107.0455,151.3627,119.7575
"DNAL1",4.1402,3.6579,7.0793,3.3493,2.3618,5.7068,3.3802,5.5228,3.1217,3.858
"IRF2BPL",32.6377,34.4779,47.1549,33.6683,21.4489,35.9695,10.3429,65.5066,11.6024,40.2318
"ACOT2",25.8657,36.5685,34.4567,21.2482,27.6894,31.7796,27.9787,38.4192,21.4901,32.3344
"LTBP2",9.54,7.8614,19.9583,11.4346,3.237,4.2783,2.0592,15.9637,3.8581,9.075
"AREL1",20.2253,26.4152,19.0794,21.8234,30.7423,15.5425,10.4018,20.6652,30.5031,20.564
"MLH3",5.571,3.5895,9.2201,6.6424,5.3427,5.5094,4.4178,4.4202,4.5222,4.1749
"TTLL5",4.942,4.6966,7.6532,4.8021,5.8204,4.8471,2.6479,6.0924,5.7554,4.4772
"ABCD4",14.0863,10.2902,11.9876,13.6862,12.9967,13.4329,14.1541,10.352,13.9347,11.5826
"DLST",110.3779,121.5643,111.7342,85.7966,146.1461,118.7368,89.8735,116.8436,107.9685,100.2181
"TGFB3",7.0324,5.5713,13.3016,7.2545,2.2063,8.8757,3.1603,9.6474,3.1252,6.2361
"ZC2HC1C",1.7082,1.027,1.6634,1.1466,1.654,1.4816,2.109,0.9147,1.061,1.0988
"SLIRP",36.9637,44.7644,32.0346,30.4923,42.8686,54.2739,74.8566,43.9966,37.7068,42.574
"RBM25",18.7942,17.9602,27.2282,23.9549,21.228,17.2058,9.6584,20.1295,21.2511,15.4013
"ALDH6A1",24.2062,15.8059,27.0601,14.2045,22.8937,18.4,12.4405,19.5413,20.4322,13.4338
"GPR68",3.4754,3.271,4.5786,5.2474,3.5521,2.7447,2.2707,5.3325,2.3721,4.101
"EIF2B2",10.5898,11.9562,11.0819,8.8549,14.7331,13.7189,10.6459,10.282,10.1307,10.3978
"NRDE2",2.6126,2.2683,3.3584,2.7632,2.3079,2.1661,1.2196,2.5775,2.4054,2.3445
"COQ6",3.1621,2.1205,3.0353,3.1997,2.851,3.432,3.1727,3.1428,3.8043,2.3779
"RHOQ",18.2633,15.2918,49.3496,20.6028,4.5668,40.0761,12.7441,25.4427,6.2414,17.4044
"SUPT7L",17.3009,13.6148,22.1822,17.9246,14.9957,19.0593,13.2405,19.8483,15.5285,15.091
"KLHL29",1.8756,1.9645,4.0403,2.7191,0.8385,1.8702,0.6206,3.4733,1.6691,2.5463
"DNMT3A",8.0513,6.2742,11.385,8.2637,7.2102,7.0065,3.5728,9.7475,4.8358,6.7198
"TMEM214",72.9234,91.1208,58.5649,53.0171,118.4972,48.1805,33.7595,78.0831,72.8787,71.2292
"ATAD2B",3.6676,4.1262,4.962,5.4447,3.754,3.263,2.2473,4.7178,4.5501,3.6375
"FKBP1B",3.8276,3.293,2.562,3.1892,4.4093,5.0387,8.6173,2.5565,3.7328,2.5548
"ATL2",37.8614,35.6801,71.6675,37.2884,25.8918,76.4541,41.5768,52.2091,30.5498,32.8724
"YPEL5",120.3527,92.4162,173.4476,120.3807,54.4012,238.6602,173.6602,129.2198,64.9241,102.6638
"FAM98A",20.1641,26.5553,25.8128,18.882,26.8431,21.9689,12.4926,23.4892,19.5076,20.3998
"YIPF4",16.3957,13.6057,26.6943,18.5814,16.9322,22.9923,17.9767,15.8583,19.3516,14.9723
"AFTPH",46.8978,48.3394,52.1026,51.2685,58.4973,50.1934,34.0359,41.3371,54.8225,40.6629
"BCL11A",1.7394,1.761,3.0392,3.2296,2.1369,2.046,0.9302,2.1678,1.0602,2.3647
"CRIPT",9.8565,4.9798,13.7694,8.9121,6.7821,16.9113,20.6876,7.5602,8.1285,7.373
"EPCAM",1540.4474,2199.5305,1071.6808,1556.2057,2459.0634,1430.0325,1506.476,1442.9945,2851.1507,1709.5732
"SLC17A5",62.1361,79.2252,68.9652,56.8085,77.0111,54.9026,48.2775,50.16,92.5025,50.8685
"SLF2",9.1516,6.1825,20.1665,11.3096,8.0043,10.8206,6.4695,9.9527,10.7096,9.2377
"IDE",6.9274,11.0457,11.6693,8.4689,10.6392,8.6325,4.3731,10.7299,9.3987,7.5535
"IFIT3",17.6104,9.4604,40.464,14.1334,10.3714,52.2819,18.5518,17.1283,12.5557,18.4541
"NKX2-3",31.1566,43.1054,70.6177,40.1537,15.1772,49.7133,17.4297,74.4501,15.3316,66.2043
"IFIT2",8.6031,3.8059,20.8451,10.7058,6.6589,16.098,6.7364,7.99,5.621,9.5407
"GPAM",5.4013,3.4754,12.3108,3.9089,5.5118,4.9869,3.5548,6.0488,2.8435,4.7309
"CUTC",22.9133,21.9866,30.046,20.5557,16.9607,36.6843,22.5653,24.131,19.8538,18.4064
"PPP1R3C",10.726,12.3711,78.0665,14.5262,3.6092,38.1658,11.2701,31.4531,2.9937,15.256
"PYROXD2",9.9119,9.0125,4.9668,5.3403,1.8635,7.9828,2.4012,9.2026,1.1686,2.6177
"MXI1",44.6134,36.1999,73.6785,82.7635,69.5963,65.8546,33.0833,43.2068,98.8368,61.8951
"SMNDC1",18.4864,18.1192,23.7161,18.2607,16.624,26.223,18.5107,19.1088,16.9503,14.433
"HELLS",1.3953,3.2069,2.3867,3.5623,4.9671,1.3213,1.4238,3.3582,4.4655,2.9191
"TCTN3",51.2281,46.625,49.1811,44.0801,58.3838,49.2357,42.1023,54.3246,55.4153,43.3224
"DENND10",6.9237,4.0937,9.0382,6.1307,8.0292,8.6381,7.7449,5.5444,9.0436,4.8739
"WDR11",17.8757,12.4232,23.0092,17.5816,15.718,17.507,12.6116,17.8802,17.7319,13.2964
"ARMH3",25.1016,32.7189,33.4303,27.1672,37.1922,29.1012,17.0508,32.9704,28.4938,30.621
"GOT1",114.6442,119.2991,88.5473,102.5516,217.91,112.8603,115.5427,118.3473,181.9805,123.957
"GNA13",55.5302,92.939,88.3715,84.1724,82.9419,82.8375,36.758,85.323,81.9985,75.5055
"HOXB8",3.8992,0.7952,2.3196,4.5122,4.4939,1.7736,2.2887,2.2237,4.9112,2.7055
"KANSL1",6.3162,5.1836,9.5521,7.0094,7.2793,5.1469,3.023,6.5113,5.7524,5.6123
"HOXB5",13.154,5.7497,18.3633,15.6858,11.9038,8.8498,6.301,11.5919,17.587,14.7193
"HOXB3",6.7711,3.0267,13.2412,8.8806,3.9283,7.3404,3.2629,6.4173,5.6219,5.4
"DUSP1",661.2296,339.5428,239.909,943.2749,153.4431,1026.6497,102.8435,544.6954,91.7954,772.381
"PANK3",38.3357,36.9769,46.9346,42.367,50.052,39.42,23.4911,39.8142,80.3718,31.4061
"MSX2",0.8246,0.7879,1.973,0.5758,0.1079,1.8823,0.6557,1.7135,0.1069,0.998
"TEK",10.3075,10.7658,21.3881,9.0633,5.0474,8.0039,3.7257,15.9646,10.0945,10.9813
"RCL1",8.183,9.9017,8.2581,6.5139,13.0824,9.943,7.2215,8.3612,7.254,7.8425
"CAAP1",37.1598,29.5241,35.9579,30.0123,42.4234,46.9054,42.2494,30.166,36.8609,24.9272
"CD274",1.823,3.1539,2.203,4.5109,0.8415,2.4532,1.533,2.5897,1.0995,2.4
"NUP43",14.799,11.9174,23.5358,15.4237,19.2386,17.5563,16.8275,18.094,18.4471,15.6958
"MTHFD1L",4.8538,15.5358,4.5043,5.0517,8.639,4.1685,3.2664,10.681,9.7529,6.86
"CCDC170",1.3786,0.5767,1.9521,1.0817,0.6276,1.527,1.257,0.8964,4.4491,0.7317
"PCMT1",53.57,55.0685,82.6658,49.102,51.4907,84.666,63.9727,62.5352,55.7915,55.3369
"PLEKHG1",6.4385,9.0374,7.9567,11.5254,6.8147,4.6615,3.0588,10.777,7.6821,6.0123
"CXorf21",10.0068,4.9781,5.9174,8.4493,2.0364,7.9598,14.353,4.2237,4.2449,4.9257
"WDR55",12.7708,17.2548,10.5051,10.227,22.2214,10.0601,9.5959,12.1719,14.5778,12.4759
"ARAP3",9.9667,4.3543,7.6288,5.8853,10.2773,4.9303,2.7714,8.1251,4.8093,7.1241
"MRPS14",33.7988,23.377,43.7332,29.2429,28.7646,48.4435,48.7592,29.8311,26.3008,26.0481
"CENPL",2.6332,3.1661,3.7391,2.6673,3.8107,4.9536,6.0435,3.6621,3.612,3.4034
"GORAB",10.2647,5.107,11.3855,10.5775,9.2474,11.4446,19.7484,5.7141,12.3459,6.7145
"ACAT2",23.8985,41.7916,24.3515,19.1248,55.2019,38.4229,49.0331,36.7031,148.3582,27.9315
"TCP1",80.7607,144.0533,101.4851,80.4813,128.9022,104.8596,79.7843,122.7995,112.3586,87.7505
"PDZD11",79.3956,66.2281,75.4715,61.5822,98.574,117.7939,161.7497,69.0917,89.617,71.7115
"SLC10A7",7.8469,7.1387,6.4934,6.0042,7.0296,6.4572,5.9579,8.026,6.7187,5.1333
"NUDCD1",4.9654,4.382,5.4121,3.5635,5.1735,6.9213,6.5937,4.5896,3.8767,3.9846
"ENY2",20.7559,19.1062,26.9093,17.8217,18.77,36.0068,34.4153,21.986,17.1115,17.4319
"MASTL",4.8867,4.011,7.0031,5.9487,5.1518,5.3566,5.5621,5.8494,8.587,4.8739
"KIAA1217",19.7609,27.1272,27.3809,26.111,28.7726,15.1858,10.8142,25.0465,31.6969,20.9445
"PLXDC2",10.9411,9.583,23.8735,11.6886,11.1871,10.7766,5.5281,17.7566,9.8236,10.3755
"EPC1",7.633,7.0103,12.3683,8.5501,6.4241,8.2151,6.2613,7.4005,5.7572,7.2539
"TAF12",24.0222,14.8597,23.5476,22.2086,18.1007,27.9635,26.5217,14.7213,15.3934,19.8788
"TNFSF11",2.0869,2.855,0.8693,9.3954,0.843,2.4669,0.8971,2.4199,1.1883,2.0013
"MTRF1",6.3,3.4976,6.7114,6.7464,5.8128,7.3667,10.2343,5.1399,5.9826,3.9645
"DNAJC15",24.238,17.6272,33.8745,29.1523,25.4992,15.7147,25.7616,19.943,18.5196,18.2924
"UFM1",52.641,50.5671,61.2274,49.0617,47.1385,79.6621,53.5525,46.5271,56.3458,35.8809
"WBP4",20.2665,13.7864,32.3851,18.8006,12.9689,32.6902,20.4034,21.699,13.6378,15.4121
"SMAD9",7.1866,9.2201,26.8098,10.8848,8.1397,15.3342,5.4655,15.3778,6.533,15.5457
"HSPH1",17.8312,44.3289,22.0826,22.6408,31.5008,20.9902,16.535,29.3691,17.8478,25.2833
"KBTBD7",5.4429,4.5184,15.0361,7.078,5.5152,8.0697,5.2489,5.9008,5.4711,5.1226
"ALG5",58.4105,62.2393,44.2111,40.4162,56.5592,91.9069,150.3486,49.7734,51.9969,45.441
"EXOSC8",13.3785,13.8821,16.3729,13.5587,15.8114,23.6979,27.4823,15.1649,17.4423,13.0531
"ETF1",73.1536,137.4952,94.5968,77.0057,109.2272,107.5425,50.218,130.7761,88.5997,80.0162
"TGFBI",40.3351,53.3474,45.8192,26.3558,21.6401,42.3018,33.9654,64.9315,21.604,40.8962
"FAM53C",13.8215,11.2887,22.8825,13.8778,8.8117,16.8874,7.8691,19.6522,6.0685,12.0573
"SIL1",23.7489,28.7462,20.7789,17.8046,27.5389,23.9562,17.7518,26.2049,22.0162,25.7249
"PAIP2",33.0214,24.8516,46.4304,32.7029,19.4158,52.8511,40.8698,37.4926,19.4207,29.6995
"KDM3B",41.657,37.0794,62.0106,43.5877,45.6485,34.3194,15.9494,44.2485,41.1895,37.0156
"EGR1",585.7625,169.7092,168.7811,1216.0423,56.311,347.1787,32.6484,552.7739,39.8087,793.8268
"SERP1",115.9737,151.2459,100.2157,81.2575,118.6206,140.5322,159.8326,107.9588,99.6586,88.5956
"PLS1",172.6477,224.991,140.2836,208.5929,266.4437,173.0747,146.8586,182.6983,501.3692,189.1477
"ZFP30",2.7703,1.4403,5.9321,3.3632,1.4271,4.608,3.6995,2.2669,1.3986,1.9026
"NR2C1",7.3724,5.5288,10.722,7.2831,7.3949,9.477,8.7099,6.2409,6.7894,5.6865
"UTP20",6.0086,11.0276,8.877,5.1521,11.8865,4.4442,2.7759,9.314,6.3833,6.2014
"TMPO",36.4782,34.7104,40.823,49.1614,55.3885,46.3049,38.5509,36.0934,47.9552,34.8416
"ARL1",71.4037,59.717,87.6531,46.7695,58.3381,110.8864,104.3179,63.4287,52.6972,46.0645
"MTERF2",4.9486,3.0831,9.3828,6.4052,3.6071,8.5116,5.5272,5.2288,3.6414,4.1619
"SOCS2",9.4856,15.5848,15.2426,10.7696,8.2657,23.0278,11.8211,16.8012,8.2945,11.2769
"NFYB",20.496,16.5401,36.013,20.9118,12.3199,40.0821,16.8601,21.5215,12.7778,18.2598
"WASHC3",19.0415,15.7458,25.6605,21.3157,17.2413,34.8759,28.724,20.7407,18.3317,19.5271
"APAF1",15.4886,13.3793,15.6813,13.5046,15.1614,12.3191,11.551,12.9269,17.8514,12.3009
"DUSP4",5.5265,5.629,1.3323,2.7136,1.0101,2.0145,1.0755,8.7547,1.5144,4.9752
"CLU",241.271,181.2234,384.9834,264.8073,46.6094,223.7825,62.5458,259.7088,82.176,248.8861
"TNFRSF10B",24.1703,28.5106,16.6953,22.0573,21.5253,17.3147,16.3807,31.5354,29.2439,18.185
"SORBS3",54.0268,42.013,59.5079,49.309,54.268,44.5523,28.9428,54.5174,38.547,45.9208
"PTK2B",37.9679,49.5327,27.8194,56.9279,45.5777,19.4987,16.2352,35.9188,53.5616,50.9159
"PPP3CC",14.1637,13.829,15.1988,15.3308,10.4841,16.9002,15.1376,15.2086,10.7966,14.1199
"PDLIM2",3.3762,5.5166,5.0474,5.1687,3.6395,4.5369,2.7933,4.3324,4.7461,6.0877
"EPHX2",63.7374,51.4249,66.2501,77.6327,114.7887,88.8395,67.4939,69.8255,92.7952,55.7999
"RNF170",13.6298,6.0685,16.8032,15.1031,10.8242,15.8628,15.1739,8.5578,15.6252,10.1447
"UBIAD1",13.4615,20.0089,17.1692,10.9515,20.9229,14.6971,8.0225,17.7088,13.1078,14.2585
"TARDBP",36.5238,43.0231,46.936,41.7517,42.3168,36.2895,19.5117,42.9243,47.6295,41.0949
"LYPLA1",58.1717,38.9594,59.4752,45.4476,55.0833,106.5054,149.9506,40.8523,55.7235,29.3172
"CRISPLD1",2.3945,1.8777,10.7014,2.3163,0.2636,4.8015,1.4996,3.4526,0.5743,2.6983
"COPS5",13.8443,13.0923,16.4048,13.8669,14.7644,22.1134,23.4687,14.8669,14.1385,12.7205
"RDH10",11.9738,21.3554,22.9434,18.864,18.9592,14.5707,11.3779,27.5913,17.8365,14.3304
"AKAP1",116.1877,103.5942,128.1328,94.4008,141.4556,97.8165,59.959,114.223,116.9435,93.6674
"COIL",22.1421,18.939,27.3573,19.1196,22.2074,30.4788,24.9852,18.5093,18.8763,17.1605
"TRIM25",22.8847,38.8258,24.8233,20.8044,46.0997,14.0911,10.082,30.0325,32.9514,27.3278
"SPOP",42.3147,33.3159,97.4692,33.6814,23.8009,94.4294,40.043,55.0602,20.5221,39.1701
"TBX2",3.1075,5.7011,4.5241,4.0625,3.8368,3.7218,1.9401,4.0467,2.8272,7.6893
"SLC35B1",16.6098,25.7666,13.2052,13.0529,27.4593,17.6651,16.6119,21.1518,22.7317,18.6678
"NCAPH",3.2769,7.3179,3.7012,5.4094,11.4664,4.418,4.1931,6.7445,9.9517,6.6327
"TENT4B",7.1328,6.3779,12.331,9.7054,6.5495,8.1383,4.0428,7.7927,8.9549,6.9389
"ADCY7",5.6308,3.7315,5.1051,4.0579,3.5083,2.8591,1.9744,5.025,2.1942,3.7475
"CEP89",6.5383,4.7216,9.2275,5.5724,6.2405,6.9268,4.7601,7.4466,5.7071,5.7919
"ECHDC2",13.2114,9.6224,13.5793,14.1648,11.9,13.0632,8.7646,10.7714,15.9408,8.7696
"PYROXD1",11.2071,10.0298,9.9032,10.6879,9.9671,16.3225,10.9924,12.2079,15.0363,8.7669
"KCNJ8",8.521,6.9785,21.2242,6.4199,0.4016,17.9988,5.6496,12.9002,0.5996,7.3594
"BCL2L14",22.5918,10.3561,11.6591,15.6935,18.9449,14.3306,29.4752,9.6912,17.097,14.6717
"PSPC1",19.121,22.9728,20.5524,15.7163,24.2019,23.6894,13.6654,20.6683,18.4895,18.9993
"ZSCAN18",5.9886,6.2226,11.3386,6.616,2.69,8.0224,2.8787,10.9289,3.1502,6.7499
"ZNF211",5.3266,3.4337,9.0371,7.6617,3.8416,7.7997,3.1532,5.5922,4.0644,5.6122
"RNF2",17.5551,14.0702,24.0352,16.3733,14.7512,27.4878,21.9609,15.7052,12.3747,13.7306
"SEC22A",6.9961,5.7796,8.3562,5.9411,6.2367,10.2011,9.3855,6.7736,5.0703,6.3097
"CSTA",10.1813,3.3042,3.0783,13.0143,1.2654,5.2778,5.8234,3.371,3.1324,6.4996
"B4GALT4",19.2971,20.1138,17.346,23.3489,22.0287,18.6815,17.0373,19.0492,32.3621,19.597
"NAA50",44.2018,73.9256,67.63,52.0445,64.9524,67.154,34.4218,66.2144,56.0503,47.9304
"KIF18A",1.8271,3.2798,2.125,2.6349,4.4645,2.3684,3.3901,1.8748,4.0874,2.6055
"DESI2",30.4465,33.1766,47.2994,37.5423,39.163,41.572,29.3041,37.048,43.5041,30.7662
"MAPK8IP1",5.6798,8.1061,9.0943,3.9839,2.2786,5.3188,1.8572,11.0306,3.1034,6.8175
"CRY2",22.2919,29.3676,25.9791,19.3303,16.8905,22.8563,9.3234,47.3542,19.5029,28.0239
"PEX16",25.4803,25.1164,17.8345,20.9593,33.6535,24.1629,24.8121,22.3707,28.2151,25.0142
"DEPDC7",2.6287,3.4129,6.9236,4.5688,7.0125,4.4679,3.7606,2.3957,7.0535,6.7911
"CAT",169.869,96.6151,164.1048,128.1578,151.2763,148.5017,154.5101,136.8842,141.0529,79.7283
"PILRB",0.2917,0.2027,0.9516,0.4182,0.2499,0.2152,0.2875,0.2479,1.9246,0.206
"ZMYM2",14.3688,11.764,23.0312,15.0458,12.1959,15.1593,8.1049,15.1192,12.6381,9.6202
"TBC1D15",17.6479,13.4314,22.8783,15.584,12.7406,28.0894,20.0796,16.7915,14.0909,12.1407
"ZCCHC17",39.726,34.5798,44.3505,28.9786,27.8442,62.5499,82.4399,35.1573,24.8316,31.9761
"FABP3",14.977,9.6096,18.1781,9.6451,5.2549,29.1122,23.2347,13.8947,2.7206,11.2616
"KHDRBS1",124.0529,168.1991,189.2236,140.6251,172.0089,141.3718,66.1404,161.2953,141.6634,139.1983
"CCRL2",14.7329,21.7654,11.5833,15.5141,21.9929,21.5899,22.0967,20.9875,20.1606,17.793
"CCR2",6.647,2.1809,8.7682,6.4142,3.0423,5.8243,8.6494,2.4522,3.4926,4.3436
"POLR3GL",30.5212,14.719,33.3146,26.4961,15.9873,41.0509,28.0754,19.6693,20.9582,23.1443
"TNFSF10",159.0045,51.6646,113.9944,146.7171,185.0555,137.1326,212.5097,52.375,183.2088,115.913
"ZNF639",11.4453,11.1666,18.339,12.0963,10.7029,18.5306,10.9268,13.172,8.8081,9.3184
"PIK3CA",4.2441,3.9356,8.9185,5.0134,3.1621,5.5968,2.1558,5.4564,3.2868,4.0901
"PDS5A",26.7283,30.531,37.7294,27.7082,32.9189,26.4376,17.1374,30.8578,30.2501,23.9398
"LIAS",4.051,1.9376,5.888,4.0001,4.2466,5.1507,6.5658,2.7545,4.0816,2.2713
"ZSCAN20",1.3149,1.0404,3.1171,1.7739,1.5106,1.5627,0.7493,1.1667,1.5824,1.5462
"LRIF1",6.9971,5.5647,13.3126,11.2068,5.923,10.5148,6.4927,7.7383,12.8519,8.9028
"CLCC1",5.065,4.8957,7.6756,4.7886,5.0022,5.8923,3.2499,6.2548,4.508,4.8441
"GPSM2",2.8259,3.412,5.7384,4.3247,4.7775,4.8941,3.0541,4.7933,5.5205,3.9258
"GTDC1",2.9497,3.1495,4.3957,3.367,3.0378,3.8919,2.7196,4.0663,3.1277,3.182
"CXCR4",92.243,107.7626,24.882,198.0451,13.1346,45.2209,23.2976,105.2822,17.154,107.375
"ZRANB3",1.232,0.9106,1.4872,1.151,1.4937,1.6873,1.4064,1.4604,1.2456,0.9646
"ACVR2A",8.0587,6.1598,12.5892,9.2642,7.4167,9.053,6.7647,5.8691,10.2735,8.8379
"POLK",5.5616,2.8635,10.6724,4.7324,3.0375,8.7355,5.5042,5.3016,2.9937,3.1691
"RPL21",551.8856,386.1476,479.0565,319.603,303.27,793.6906,1097.7212,411.0744,239.618,451.2322
"MTIF3",60.4141,43.9572,66.778,51.5976,58.2591,77.1346,77.7451,52.9287,58.3784,49.5899
"GTF3A",60.3454,63.3894,66.6387,54.5529,50.9524,108.1486,120.5047,70.2762,42.6794,65.2906
"UBL3",84.5166,61.7344,95.2249,81.1918,63.6308,100.848,72.0638,72.8153,88.8198,60.4309
"FYTTD1",24.9074,27.1449,47.5762,25.3926,19.6511,46.9331,17.7792,33.0026,17.7501,23.4137
"MTERF4",7.233,5.5194,8.5637,7.2843,6.4162,8.8692,7.2173,6.3218,6.4105,6.316
"XPNPEP2",10.2965,10.6412,15.2617,29.4166,31.6806,13.164,12.9624,14.7075,6.4107,17.7079
"SASH3",27.6556,24.3511,15.7747,44.8785,7.7602,19.5996,19.9523,13.4205,6.9959,35.1029
"OCRL",33.9261,27.7376,40.9255,30.5775,34.4319,31.9904,18.0771,38.5387,32.3992,25.4952
"MRPS2",30.1031,41.8505,23.9292,21.8282,53.257,28.8818,29.5669,33.3168,30.4541,29.0354
"FMOD",179.0751,168.61,110.8771,65.7947,106.3168,124.3053,96.2888,155.4193,74.1457,122.0709
"LAX1",4.8256,2.6263,4.2473,4.9226,1.612,2.5562,2.8416,4.6011,2.5178,3.6362
"COPA",103.7029,120.5726,112.8993,84.5489,120.1688,77.2694,52.3992,116.7283,104.7271,92.9309
"RBBP6",13.88,12.1001,22.9515,18.5104,13.9072,13.8762,6.5246,20.1407,15.3636,11.6641
"ANXA11",122.6764,180.7062,131.9604,106.6354,186.1494,96.3806,70.1368,145.0955,154.3815,141.6737
"SHLD2",20.851,20.1927,22.9881,16.2777,22.1556,28.7665,25.9124,19.9029,19.3283,17.4863
"PRXL2A",29.5817,20.3277,54.6097,39.2819,47.4038,37.5361,25.1333,46.4101,87.6728,23.648
"NAA60",28.8304,34.2919,23.7085,28.1061,47.4205,23.9664,20.5933,30.1195,36.5733,33.4618
"RPL5",1187.4274,721.7213,1187.3574,600.6688,696.3293,1822.3336,2695.2569,834.9736,510.6122,716.92
"RWDD3",1.692,1.2676,3.5579,1.9155,1.7691,3.4999,3.1305,1.7304,2.0149,1.9822
"ZNF644",16.9365,16.0403,27.0489,19.2879,16.7585,20.93,12.8152,17.6313,15.1203,12.7553
"CCDC18",1.031,0.9238,2.1097,2.4606,1.7559,1.1147,1.0944,1.1745,2.6305,1.3287
"RPAP2",2.3129,1.5418,3.6194,3.1063,2.1292,2.9648,2.9785,2.0305,1.7848,1.8137
"BBS9",3.8062,2.9681,6.4939,3.4976,2.7801,5.1618,2.7901,4.5497,1.9499,3.2416
"PMS2",4.2923,3.5707,5.5602,4.0983,4.6004,4.23,3.0001,4.6974,3.0139,3.6533
"ZMIZ2",34.8029,34.6152,34.0097,32.215,44.0519,20.1657,15.1077,40.1968,31.829,29.9365
"SEPTIN7",32.2552,28.2261,64.4929,32.5481,21.7074,56.818,27.5712,35.2045,23.1455,28.3423
"EEPD1",10.0769,15.7943,16.0364,10.2569,9.8726,11.2101,6.1154,18.034,8.6649,11.2892
"KLHL7",9.9349,8.1686,18.5259,9.7652,7.5359,19.5833,10.5167,11.7977,8.3545,9.7159
"CBX3",89.5619,69.5343,97.3439,76.5894,77.3499,127.6863,126.7866,70.7321,89.6999,68.0747
"HNRNPA2B1",142.4184,152.7696,149.2996,161.7959,175.082,120.0345,81.2635,173.6414,188.299,146.1183
"FAM126A",2.7547,1.9996,7.7675,3.3822,1.0663,5.2451,2.6655,3.0883,1.481,2.3568
"HOXA7",3.5709,3.7441,8.3034,3.6555,12.9049,4.0513,6.0489,4.9394,3.7467,5.9091
"INHBA",0.6396,0.4487,1.4676,0.8184,0.1449,1.1136,0.4881,0.9264,0.1913,0.673
"NT5C3A",43.4348,50.425,39.663,62.3715,54.3365,45.1728,49.4045,49.0204,64.9737,43.109
"ARL4A",22.3527,29.8306,37.8148,45.4074,34.2735,42.599,39.9959,35.4335,64.6285,31.4895
"CCZ1",2.8359,2.8486,2.8145,2.1904,4.4498,3.6042,1.6286,2.5843,2.3903,2.5364
"POLM",9.1244,6.4011,8.2943,8.7577,8.9397,6.4851,5.9294,7.6861,6.6457,6.8426
"RAMP3",31.9513,25.3777,29.8519,25.919,13.56,24.1745,19.6501,25.3702,25.0987,40.5497
"TWIST1",2.551,1.3827,2.1972,1.9992,0.5049,2.135,2.1909,1.9878,0.7142,2.6107
"SMU1",24.5723,31.5205,35.4329,28.755,30.6755,36.9248,18.161,38.5024,23.3407,29.2742
"GLIPR2",86.2123,52.8042,115.0522,60.337,77.3899,144.2839,121.8175,84.4781,33.9001,64.3585
"CLTA",177.6849,192.088,139.5372,121.9338,222.683,194.4048,235.0596,143.1496,188.6286,167.786
"RECK",9.0288,8.8198,26.9201,11.1187,4.2247,15.9386,5.8208,18.3811,5.2503,10.3348
"SPINK4",69.4899,135.5634,81.8648,12.1498,686.1509,95.7408,497.3283,49.8392,172.8397,193.3912
"ACO1",36.4394,30.9602,44.6359,24.2388,35.3805,34.4665,17.303,43.4709,44.5644,30.4519
"DCAF10",12.6268,12.3927,22.6907,13.7102,14.3101,18.0831,9.7464,15.4745,13.8483,11.1505
"KIAA1549",1.3411,1.8779,2.4649,1.5671,2.0515,1.1041,0.7001,2.0836,1.4519,1.2101
"TRIM24",7.7503,7.6787,12.5901,10.8527,10.2937,7.843,4.2549,8.6384,10.6322,7.2702
"CYREN",5.5147,6.247,7.2155,6.2857,7.0024,6.3229,5.2823,6.2866,5.0483,7.5764
"CALD1",244.4352,325.2115,978.4129,284.0363,27.0512,669.8712,88.0882,468.1377,31.3122,342.3217
"PLAU",11.1941,15.4131,12.8332,12.6187,6.9849,12.2762,10.2054,33.1859,6.1531,15.3333
"SRGN",323.4523,260.6555,157.9641,234.5281,60.5613,369.2623,267.2302,364.6299,94.2137,216.6962
"CHST3",5.7894,7.3516,13.9612,5.9533,1.8073,7.4905,1.3193,13.4803,2.1484,8.0994
"BICC1",4.8298,4.6613,10.4721,4.7831,2.8872,7.4289,1.8912,8.1077,3.7793,4.2745
"CISD1",30.4403,26.6559,59.2045,33.3274,40.1492,65.1879,52.9983,37.1636,38.7702,28.8749
"EGR2",14.1548,2.85,4.733,19.113,0.6378,8.4687,3.2705,12.6403,0.9666,22.1922
"ECD",20.2527,23.9707,27.9091,19.4317,23.8181,25.1444,15.4947,27.4221,19.125,20.1137
"P4HA1",33.5012,23.0906,39.6332,47.5402,29.4176,41.9062,35.7919,30.0665,53.7735,29.389
"SLC25A16",8.8155,7.062,11.4485,7.8825,9.6457,15.317,12.5753,9.0648,11.0823,6.5368
"ZWINT",26.4255,44.6109,25.4204,29.6625,75.7495,39.2663,51.4257,39.4795,58.6038,42.4545
"VPS26A",50.3661,55.0821,61.6272,43.9516,58.7612,73.4757,48.2404,47.1144,61.4424,45.474
"RBM19",9.3446,11.3876,10.4566,9.5413,13.9232,7.7178,4.0796,12.2803,9.1045,9.9524
"CIT",1.0044,1.3718,2.1763,1.5879,2.7629,0.9919,0.5863,2.7625,3.0028,1.8948
"IFT81",3.9803,2.4877,6.5547,3.2494,2.325,6.0901,1.9221,4.2413,2.8069,2.47
"ACADS",158.6106,145.6223,106.5847,163.5636,278.5942,145.9211,199.5816,167.5299,194.1328,186.1355
"DDX54",32.0246,47.2394,28.552,24.5097,50.7832,23.7539,13.258,38.7796,31.3825,34.2935
"MED13L",7.7232,7.6526,13.5554,9.5955,6.5867,6.9661,2.3602,10.4756,8.9891,6.3773
"CDKN2C",15.5295,12.9846,31.1981,15.1756,17.0391,25.7891,16.7592,12.8727,14.6242,19.5836
"RNF11",100.9869,97.5486,177.3044,105.8524,70.7883,187.2025,110.5332,125.3656,81.7847,83.8304
"RASSF8",7.8699,7.52,36.6421,7.3559,1.6196,21.9775,3.5934,15.3041,1.976,8.7194
"BHLHE41",29.2126,67.4011,25.7589,49.4895,45.8473,33.2091,9.1678,43.4389,78.4983,44.2789
"SSPN",14.2387,13.4707,50.2639,17.6878,7.5422,35.1477,11.7621,24.9109,11.0092,19.2466
"ITPR2",10.1455,10.216,15.3528,10.3767,9.7936,8.9231,3.6174,11.9184,9.9924,7.118
"CCDC91",11.6897,7.4558,19.6657,11.1369,6.9458,15.4734,9.4486,9.9114,9.2331,8.3097
"WWP1",37.8702,26.2529,50.4055,34.8195,25.7547,38.1847,23.4305,39.062,28.0315,27.9406
"ACOT9",14.2698,18.9302,23.9221,13.8497,12.7343,21.9752,14.4067,18.9455,12.5254,14.4754
"PRDX4",130.9155,108.8043,83.7751,55.9179,122.7167,146.9356,293.6775,106.742,110.8912,91.5499
"DDX39A",29.859,59.8386,20.5745,35.0012,66.8804,32.2856,42.9057,46.4583,52.1895,46.9393
"PKN1",55.4727,54.501,81.665,51.7346,19.744,60.015,22.9857,72.1173,25.1787,69.9525
"TRIR",238.9804,227.4661,189.939,161.5173,253.0405,252.3736,266.5761,183.8981,193.956,231.6733
"ADGRE5",59.3396,130.3617,51.023,61.6123,107.8064,33.4025,30.4722,94.7348,86.9533,77.0922
"WDR83",2.0956,1.8015,2.0159,2.1404,1.8937,2.8273,1.9679,2.2446,1.2434,2.605
"GIPC1",189.6618,236.6406,116.4903,177.5146,356.7282,187.0817,227.8348,183.2956,276.835,280.147
"ATP7B",3.0391,1.9593,3.2078,2.7155,4.9858,2.0073,1.8222,3.5036,4.5796,2.5249
"ZC3H13",20.8241,20.8157,39.5665,25.4716,19.2388,21.5233,6.8583,28.2046,18.1017,20.7329
"NLN",5.8074,6.7813,7.2369,6.1081,8.9499,6.9875,9.696,6.8272,7.5044,5.5729
"CENPK",2.8611,3.0684,3.6065,4.1781,6.4741,8.0418,16.061,5.0116,8.9923,3.9172
"OPTN",82.9792,80.2283,119.7021,102.4225,77.3587,109.191,81.6176,87.5519,105.6256,84.3699
"ITIH5",15.8703,25.744,66.5978,18.379,5.9149,19.4175,4.7221,42.6165,5.2815,23.5756
"ATF1",33.1584,21.709,44.8668,31.5156,26.4337,53.5255,44.576,25.9407,32.1154,22.1978
"ARHGAP9",7.5948,5.1357,3.5901,11.2596,2.5424,3.3777,3.0827,5.4087,2.3843,7.4533
"NCKAP1L",13.6477,13.9387,15.6857,16.0502,3.4102,11.8631,6.1331,13.7033,3.4442,13.7454
"MMP19",7.0658,10.2176,4.8133,5.7077,2.0554,2.406,1.7027,15.2487,3.5447,3.2372
"PFDN5",0.7121,0.4167,1.0311,1.6071,0.6829,1.0265,0.8615,0.8436,1.2824,0.2278
"ORMDL2",15.8441,18.2925,9.2162,13.2274,21.8283,17.7077,29.939,15.1028,19.9275,15.4779
"NR4A1",161.8953,41.912,7.9446,112.1516,6.4766,61.0821,7.2151,239.8735,8.0379,179.6567
"CDK2",10.7077,13.0734,12.7701,12.0929,13.9709,13.0632,10.0109,15.3598,9.7647,11.1683
"LRP1",47.4512,69.0253,91.8823,75.9716,60.4982,27.1487,12.5849,127.4817,72.4501,63.1455
"ATG101",14.1094,18.5077,9.2013,9.419,16.5704,14.5398,15.0443,16.7274,11.6913,14.8934
"IKZF4",3.0657,3.0708,6.8832,4.6548,1.9099,3.6752,1.4011,5.2595,2.7448,2.9927
"SMUG1",11.0306,7.013,9.7981,9.2114,11.5198,13.9299,20.3809,8.7468,10.1628,10.5087
"TUBA1B",86.1224,161.7952,88.4976,86.1834,146.4769,112.7467,123.4731,156.2686,101.0102,131.4873
"KBTBD4",5.8859,6.135,6.7516,4.2247,5.7389,7.745,5.4446,7.1696,5.3182,5.3311
"ATPAF1",44.1954,30.324,54.2812,41.6783,40.3015,51.2213,38.604,42.9248,35.6901,31.4603
"STIL",3.4377,4.2969,3.5482,4.3393,7.5075,3.2216,4.2278,3.6297,7.5206,4.0142
"HJURP",3.1065,6.8928,4.6412,7.4126,13.496,5.2547,7.9978,3.2552,10.2651,8.0245
"IL13RA2",0.7519,1.2736,0.7871,0.5559,0.7087,0.4768,0.8154,0.944,0.8772,0.6667
"COL10A1",0.1995,0.1109,0.0477,0.0983,0.0125,0.1012,0.3115,0.0691,0.0207,0.1348
"NDUFAF4",26.9114,25.5496,30.6385,24.8337,28.2852,42.8072,31.0377,36.4353,21.5511,22.4464
"USP45",3.8656,3.3609,6.1356,4.1916,3.6552,6.4561,4.9564,3.9052,5.4357,2.5539
"MORF4L2",191.9621,212.82,193.563,130.8297,181.9967,258.4148,237.6479,187.3694,166.5863,143.4911
"FAM199X",20.2999,23.75,28.9084,20.3044,24.568,24.739,14.0249,23.6111,26.0768,17.7862
"RAB9A",44.2653,52.8233,44.3007,47.1652,65.944,60.7551,58.9803,37.248,50.6256,43.728
"METTL8",4.6574,5.603,14.2465,5.6381,5.424,8.2031,4.8958,8.5745,4.3025,4.8626
"TTC21B",6.5353,4.0639,10.0517,5.7912,4.9089,6.889,4.6913,7.1194,3.909,4.9322
"NMI",21.0881,13.9483,24.8682,23.0854,22.4273,28.1811,27.9611,13.8235,22.2978,13.5281
"TNFAIP6",5.5563,7.0373,10.5499,3.4392,1.3701,7.6686,3.2788,15.4054,1.0049,3.5023
"ACVR1C",5.5422,1.3958,5.9468,5.4912,2.991,3.0567,5.1471,3.6361,5.3648,2.9418
"BAZ2B",5.2486,5.038,8.3119,5.7965,4.1026,4.8204,2.76,6.3707,4.1171,3.7451
"SLC36A1",18.5256,25.7996,36.4421,63.7231,50.3018,17.0701,12.5905,27.4932,31.8273,41.5481
"LPGAT1",17.7288,27.3896,28.5264,17.4739,21.8553,21.5896,9.6305,22.8093,23.0594,15.0334
"BATF3",1.0708,1.9636,0.6405,1.5834,0.6168,1.0863,2.2965,1.4628,0.4935,1.949
"G0S2",73.2169,26.0649,51.5505,48.0694,14.5799,44.9554,34.1288,65.315,4.6132,36.5926
"KCNJ2",5.3356,2.9902,7.0495,7.9976,6.1913,4.5184,5.3379,2.7528,11.9085,3.7029
"RAP2C",24.4203,20.6313,25.95,26.2498,21.7572,34.2616,27.7201,19.7165,28.3242,18.0878
"EXOSC9",9.6479,11.2964,10.6358,9.9319,11.5195,13.0025,8.7965,12.4849,11.44,9.8415
"PLA2G12A",18.3342,12.8351,28.6619,14.8032,16.5446,24.0835,13.7507,21.5527,15.4501,12.6451
"B9D2",12.0212,9.7655,7.5405,8.9131,14.1221,12.7368,18.7351,11.9528,10.5008,12.2502
"COQ8B",6.564,4.1302,6.7305,6.1537,6.214,5.714,4.7134,5.88,5.2533,5.5243
"PFKFB2",20.4956,22.725,25.4495,28.4408,42.7776,20.0051,13.0352,27.7075,62.3256,14.0663
"C4BPA",0.9694,0.301,1.1103,2.9583,1.6718,1.3182,1.9055,0.6214,5.6141,0.3971
"C4BPB",1.8143,1.5096,1.0852,1.2472,2.115,1.3562,1.8431,1.1575,4.9261,0.9675
"RAB38",3.8777,3.3002,6.9581,2.8932,2.7159,7.0917,4.9532,6.0247,2.1027,3.2442
"AGO2",7.9082,14.0263,16.0364,10.491,11.6924,7.8661,2.5559,18.6939,10.0454,8.4592
"MXD4",43.7687,26.9246,52.1507,35.3244,34.2665,41.1914,30.1696,40.3993,22.6198,39.234
"CKS2",62.2736,91.2867,59.5077,73.2499,162.2847,152.0227,413.5597,61.4352,121.559,103.6561
"ACSL3",50.7746,38.5399,46.5789,39.4664,66.6847,43.4236,24.3088,45.288,70.0568,37.6933
"CHPF",44.7398,69.777,30.7962,26.1586,54.2321,24.5772,19.9558,56.2535,52.2387,45.3479
"DNPEP",46.6142,44.7215,40.2106,40.8837,59.8901,46.4449,45.9636,44.2076,53.1647,41.6958
"OBSL1",7.1204,6.4981,11.9488,6.4738,2.1892,6.9654,2.0537,12.1645,2.0144,6.6569
"SLC12A4",10.3754,9.4003,22.991,10.9298,4.253,15.0129,4.21,20.0859,3.5714,14.7117
"ENKD1",11.3739,9.803,15.4014,9.5539,8.0896,12.7118,6.6912,15.7694,5.233,12.0088
"PI3",393.2183,437.3259,89.4225,67.5361,422.2887,94.4046,142.9267,136.3083,503.905,175.4657
"SLPI",474.1348,286.6138,165.495,143.4533,320.3153,506.2311,791.3655,184.0073,419.5917,335.6073
"PREX1",18.5687,16.5685,15.2903,21.2373,10.5698,13.1216,8.2278,24.6916,7.1546,21.0145
"SDC4",280.5312,385.3744,203.0825,226.9953,224.6216,227.9067,166.4482,290.6929,159.2957,253.8259
"NCOA3",18.8232,16.8756,26.2391,27.3142,11.4148,14.0086,7.8757,19.8396,16.5876,19.0358
"PIGT",34.4601,33.9516,26.4989,23.4729,50.1259,26.8345,26.8796,35.2804,40.2099,28.8889
"NCOA5",40.8782,38.6389,51.5476,36.7999,47.0023,35.8032,26.3392,47.9872,29.3458,39.3864
"VAPB",23.9063,24.837,41.9727,21.2514,26.5279,29.446,15.1395,31.0359,24.4038,22.6515
"PARD6B",3.5845,12.839,4.3855,9.7333,8.2209,4.7439,3.0954,11.387,8.2618,8.1445
"ATP5F1E",130.4321,128.3862,113.7045,116.8256,131.25,178.2186,243.2419,129.827,125.9613,146.8605
"CHD6",8.6903,6.243,14.8643,9.243,4.9507,7.308,2.494,12.8117,4.6073,6.9921
"PLCG1",14.0612,10.9083,19.1676,18.3247,12.4716,12.2051,5.9433,15.9807,16.4177,15.0661
"TOX2",9.3856,9.5859,4.1539,6.8692,7.3321,5.6793,1.6598,8.2297,6.3195,8.1058
"SRSF6",66.131,70.9371,67.1872,68.8025,68.4023,80.4678,57.4451,88.9103,69.9287,56.3227
"ARFGEF2",33.6684,31.1941,37.982,33.3795,41.5054,26.2625,20.1544,39.656,43.9616,25.3567
"EDN3",46.6571,41.583,30.9062,62.4002,58.9541,44.0827,36.1857,41.4651,65.9037,60.2112
"CSE1L",44.4684,66.9057,78.0622,52.7698,65.4142,64.8733,40.8905,73.6406,55.3001,59.1712
"RAB22A",12.9861,24.59,19.8,16.8689,21.7482,16.9082,13.278,19.2157,20.6263,18.0548
"PTGIS",17.78,13.4036,41.1114,16.6751,4.336,34.5437,6.4267,43.7019,4.9649,26.5877
"STAU1",104.8861,122.6715,149.5794,109.902,128.9628,106.966,58.275,127.6289,132.7351,107.7635
"SNAI1",3.3763,2.8652,5.2543,2.8276,1.2109,3.6374,1.5163,8.3196,0.7901,7.4476
"MOCS3",5.6504,6.9491,8.2258,5.5701,8.8291,7.4003,6.1596,8.1692,6.2312,6.1393
"STX16",24.7275,15.9851,30.997,33.0477,19.5394,21.4214,12.5586,29.0335,24.1025,17.9486
"PMEPA1",26.956,56.3328,50.188,27.3349,25.8839,25.4934,10.9057,52.19,17.0725,40.578
"RNF114",69.1151,62.3558,54.2747,58.3768,68.4301,79.4162,82.8282,74.2125,61.8451,56.6531
"DDX27",21.6769,25.7082,21.2243,20.8441,31.7637,18.1125,12.6944,26.6244,18.9348,21.4817
"BCAS4",2.909,3.2561,4.0505,5.6822,0.4749,3.026,1.8795,2.5547,0.5225,3.7507
"PCK1",669.6387,43.4332,76.0439,391.0852,153.5878,90.9981,89.513,59.2929,92.6306,196.7145
"ZBP1",3.5156,2.3185,1.9788,2.6898,1.1993,1.7498,1.8887,2.0369,3.2399,2.4162
"NEURL2",0.4699,0.5714,0.7729,0.8106,0.5905,0.3575,0.3567,0.4882,0.4872,0.3571
"MTRR",17.1145,13.2463,20.4548,12.7055,16.271,19.5534,16.9755,16.8772,12.9381,10.6208
"FASTKD3",9.7002,5.8174,9.7269,8.6482,9.8148,13.5941,18.2605,5.8172,8.8197,6.9921
"PEPD",40.5774,45.5445,56.1711,39.8097,33.0325,44.6567,28.0885,48.85,26.4423,36.0996
"IQSEC2",5.9657,4.2012,6.2098,5.8691,5.7578,4.9077,3.6505,6.191,6.609,4.9381
"VAMP7",57.2751,54.8866,80.5766,51.9092,55.4882,77.9958,42.9935,59.8105,65.5725,48.6379
"STAMBP",20.4397,14.6863,18.8672,18.8371,20.7562,21.2292,23.2024,17.2187,23.5841,16.4772
"NAGK",20.4759,12.7005,16.7476,14.3766,10.297,17.1563,18.2843,15.8542,7.5881,11.9053
"MCEE",27.103,11.1169,23.1911,13.1733,17.6509,34.5123,51.9626,15.9699,16.1502,13.4768
"PAIP2B",8.8464,4.4334,11.2743,5.3567,7.1108,8.995,4.756,7.8301,4.6914,4.5965
"SNRNP27",32.4944,22.1972,33.25,28.7496,18.8567,41.6009,44.4496,24.3857,29.114,23.4556
"MPHOSPH10",21.828,18.9111,28.505,19.0095,23.2413,26.3271,15.7544,19.5065,17.5944,15.5982
"ATP8A1",14.5839,18.7146,24.5287,21.5782,18.7318,16.1218,7.8667,20.0911,27.9977,15.2841
"USP22",56.0027,64.1318,72.8124,59.9229,72.5079,45.9158,25.4714,81.0684,62.4133,52.1517
"POF1B",94.3787,105.5495,121.7855,104.9484,131.9425,117.4152,109.4126,98.4001,267.7837,103.4306
"ZNF576",8.1223,6.1322,10.0578,7.3576,9.6416,11.5803,9.9597,8.1347,6.2826,7.9185
"ZNF45",7.9274,6.6344,13.0413,7.0674,5.9337,10.76,6.4754,8.0319,5.6882,6.6018
"LYPD3",1.5075,1.8511,1.6675,1.5878,0.8758,2.7024,1.9078,4.7629,0.7387,2.0505
"USP9X",20.8749,39.9561,48.2646,32.299,35.326,22.2562,10.0288,46.3239,34.5017,34.8331
"F13A1",107.7267,28.2406,85.291,53.5109,22.9743,56.0218,51.5298,106.0783,5.2721,23.8257
"TRERF1",6.4964,3.6192,10.6286,7.7355,3.6887,4.8426,2.2977,7.8654,4.1915,5.1806
"BTN2A2",6.4496,3.4526,5.8151,6.5227,1.8236,5.2101,3.5435,4.5169,2.7123,4.1066
"SIRT5",9.9389,5.0536,10.6614,8.3237,8.5066,7.0452,10.3016,7.6655,7.9785,7.8081
"MRS2",20.177,14.2137,22.4215,20.1493,18.9422,25.8707,35.786,17.3336,20.5467,14.9335
"WRNIP1",41.3378,39.491,36.6545,33.954,55.4304,35.9367,28.0092,36.5939,36.3871,37.9922
"RRP36",31.6461,49.8226,39.1655,31.1287,55.3591,52.49,43.4028,45.8747,35.0124,38.0214
"SNRPC",144.785,133.2414,128.3912,105.3146,165.7507,189.8371,225.5785,127.8649,129.3611,127.653
"SERPINB6",30.3323,26.8576,33.4395,27.7782,40.0095,42.4692,41.2926,28.7758,58.6861,33.487
"XPO5",9.6049,16.36,11.7487,9.2462,18.1847,8.0346,5.3385,13.1308,10.2306,10.1582
"PEX6",16.1432,21.6843,21.8179,14.7614,53.0868,22.1266,15.6303,16.6195,21.9535,21.8243
"OARD1",12.9056,8.9543,15.7653,11.0068,12.7962,15.5542,16.3771,10.0199,12.634,10.4044
"UNC5CL",2.2599,2.3219,1.5351,1.814,2.845,1.1053,2.2055,2.1467,1.9584,1.1449
"AARS2",10.3209,11.8821,12.6605,10.634,17.1378,6.3591,4.9572,12.4396,15.8417,11.2946
"RPS10",0.5975,0.2999,0.7148,0.949,0.6049,0.5051,0.8351,0.5058,0.9294,0.4036
"MOCS1",11.0178,4.5054,15.4594,11.0649,8.417,8.0308,7.0851,9.9842,3.1855,8.6397
"H2BC11",1.7533,1.8783,1.8353,1.9444,4.0395,2.5939,3.8025,2.2264,3.3332,5.4283
"MED20",18.4783,14.9839,25.154,16.5227,20.3896,24.2403,24.6313,17.5353,14.407,18.6759
"TBCC",35.6225,32.1045,52.7078,42.261,46.5202,57.4895,64.9692,41.9871,44.3065,45.8653
"SPDEF",80.541,84.1162,35.5337,44.788,170.8122,71.7297,93.3741,113.96,72.4076,77.8324
"MAD2L1BP",47.5529,45.8301,44.7668,41.3738,63.5524,62.6716,89.9651,42.4175,52.3111,46.4791
"KLHDC3",139.9878,104.8581,163.4484,115.4743,120.335,182.2274,174.508,135.5595,83.4771,121.4404
"TREM1",1.4701,1.2349,0.2483,0.7289,0.0734,0.6448,0.2588,2.1114,0.4304,0.184
"MEA1",35.2401,34.1619,36.5108,28.5635,30.4292,48.6404,55.1721,35.701,26.9469,35.553
"CDKN1A",204.7778,449.5221,130.2244,275.8703,402.6631,199.4445,194.9981,330.6103,459.2711,341.6026
"SOX4",32.0791,16.2058,39.7645,33.3866,57.1862,22.9746,19.1559,16.7189,25.8921,28.5816
"GLO1",123.8129,110.7521,176.4247,96.7828,117.857,231.9064,201.8527,133.7147,169.3067,106.9837
"RREB1",15.6722,19.8747,14.4214,16.8785,21.7395,7.4179,4.1148,17.9824,20.6294,14.411
"SSR1",34.7076,42.6145,43.0688,33.0812,50.3589,39.8024,26.1445,42.0622,47.0935,34.0985
"RIOK1",18.0035,23.0279,24.5324,18.9091,21.0678,27.4226,18.8949,20.0013,15.7668,17.5047
"SLC35B3",43.3212,27.4282,39.7499,35.9275,42.6119,41.8111,43.047,30.444,44.5642,33.675
"RPP40",4.664,8.1651,5.2712,3.1244,9.4719,6.7444,6.1361,4.9261,4.8497,3.7598
"ATXN1",6.3739,6.7676,16.1081,9.4679,3.8904,9.1604,3.4318,11.6247,5.7421,7.6044
"NUP153",21.7307,28.723,34.827,29.8681,25.5568,22.7081,11.2848,32.2882,23.0168,22.0102
"DEK",56.1863,60.608,115.5877,71.4215,63.2032,102.1286,52.8108,69.0651,63.0607,56.6458
"EEF1E1",4.1965,4.8827,6.0417,4.3653,7.2896,8.3165,5.4924,3.9037,6.6791,3.733
"RUNX2",3.2959,3.0983,4.1846,5.0575,1.4536,1.921,1.5051,2.8105,2.3021,3.3774
"LRRFIP1",31.0988,47.8894,58.0445,37.3225,46.3332,40.2035,17.7084,39.5624,47.2865,33.2682
"RAB17",13.8247,6.1565,9.3122,18.7333,19.5146,12.9935,17.8082,8.0488,21.1036,15.9919
"CXCL6",3.9956,1.3015,1.1651,0.8862,0.1412,2.318,2.5346,0.5449,1.4372,0.3542
"EREG",9.7286,17.8548,2.7202,27.6896,2.9416,6.3911,3.9684,11.7846,5.5757,6.2886
"MYRF",8.8382,8.1821,5.524,6.426,8.4192,4.4831,3.6489,5.9301,8.4144,4.7388
"AHNAK",189.1661,414.4321,809.8297,282.9415,214.4621,277.4064,52.8523,516.6521,337.8728,327.6902
"EMC3",46.6486,48.5359,41.5321,38.7229,59.7321,58.6767,66.6782,45.7146,50.8462,44.6192
"CNOT1",57.1079,59.8968,71.3464,49.2889,71.7859,39.5145,21.8829,65.9036,63.1367,48.3838
"BBS2",15.275,7.964,21.6827,10.9926,5.4851,15.55,10.4064,14.5309,10.9597,8.7373
"MT1G",2046.4281,1221.93,591.8134,853.5924,591.4613,2854.3605,1837.8503,525.8341,874.7887,726.3716
"MT2A",805.0097,1010.6377,329.6482,547.6583,397.2013,1598.5206,563.6107,488.3459,678.2086,764.5648
"C16orf70",7.3858,6.4745,9.4666,7.5492,8.9181,7.3935,5.5694,6.5155,7.3455,7.1561
"GOT2",93.4804,146.3746,100.3573,96.0738,175.8931,99.0771,72.3164,110.9091,129.5785,99.8106
"DOK4",78.0227,76.0771,52.6782,76.2574,106.6545,69.8601,61.0683,60.4379,87.4173,81.9577
"CLYBL",4.8991,5.0403,5.2366,4.409,5.1888,5.9426,7.1179,5.5807,4.287,4.3498
"RAP2A",26.5364,19.1038,36.7247,23.4306,19.025,34.9488,30.0976,25.6125,28.4374,20.921
"ABCC4",12.6754,13.4703,14.6088,9.3408,8.7917,13.2242,7.8513,15.2241,11.6254,10.2771
"EFNB2",32.3881,65.3641,34.0997,40.3961,43.3431,26.7337,15.1255,70.198,58.1504,34.5499
"TM9SF2",209.4217,218.2374,195.3743,178.9972,251.8074,177.188,148.8847,197.6698,262.0451,186.5632
"HROB",1.5427,3.0923,2.2815,2.4566,4.8734,1.8316,1.8089,3.2937,6.0385,3.3153
"IRF1",16.0075,42.6068,14.9496,24.4155,19.2171,13.7442,13.6109,21.5308,16.1268,20.228
"UPF3B",11.3098,7.8417,18.2174,15.2076,10.9401,13.8386,8.4987,9.9295,11.0846,9.3654
"RNF113A",32.2495,26.2757,31.6571,23.8731,35.9255,37.6216,45.5975,27.6205,24.7974,31.0777
"SEPTIN6",26.9769,38.1009,91.6037,43.2673,7.604,50.1997,14.2664,45.2416,9.9984,47.585
"NDUFA1",1017.5416,917.0739,797.5329,846.5094,1070.93,1482.6679,2047.4342,892.874,1043.0872,972.1702
"DMAC2L",14.6558,10.3081,15.9633,12.9894,14.0132,23.2021,21.7433,11.7942,10.7989,9.1384
"BMP4",22.9543,9.879,38.6794,26.8858,21.6967,26.9673,27.7279,10.702,12.6434,32.445
"PTGER2",13.6607,15.1006,9.6049,11.2458,9.3108,9.8121,8.014,18.1869,7.522,7.0779
"FAM193A",12.4373,11.4969,17.0964,14.1749,14.5682,9.0782,5.455,16.3256,13.4743,13.2852
"GRK4",1.3769,1.6818,2.0846,1.0657,1.0949,2.3898,1.0778,1.9781,0.9035,1.5041
"SOX9",88.6297,36.9577,29.0681,55.2079,62.7335,31.1388,23.1197,43.167,57.0654,58.3549
"HS3ST3B1",1.8597,3.2934,2.8434,4.0969,2.1284,1.6749,1.247,6.7036,1.1364,4.1245
"MRPS7",63.0403,55.7651,48.7153,40.2116,80.5302,81.8321,135.0708,57.6696,51.0156,52.4874
"GGA3",18.0946,16.6681,19.0545,21.025,19.7644,13.1021,9.3075,17.7193,16.0266,16.9774
"ARMC7",19.2074,20.2454,20.5438,20.2829,26.807,19.3667,18.3176,17.1691,22.5116,22.6356
"NUP85",15.2252,17.0455,15.2268,14.5058,21.5712,15.1669,15.5609,16.8173,17.1508,17.5143
"SLC25A19",4.7779,7.0458,4.4108,5.9291,7.182,5.4237,5.7574,7.6456,4.349,5.8063
"MIF4GD",20.5161,18.3357,18.6309,14.9428,18.0432,21.1998,15.6751,20.5522,12.1176,15.0853
"NT5C",31.1045,37.0971,23.9714,28.8932,47.7645,31.4536,36.626,25.0315,31.2715,31.786
"TTF1",14.4829,10.207,22.2065,13.6599,11.2309,17.2645,9.3816,13.6314,10.5487,12.0577
"GTF3C4",10.1031,12.275,19.9085,10.4482,13.0487,12.8445,6.3497,15.2973,10.377,10.7622
"DDX31",6.0625,7.1904,5.9668,3.9797,7.9304,5.032,4.303,6.2511,4.2148,4.8584
"PPP1R12C",38.8655,52.4601,81.3735,44.6103,25.9612,46.3957,21.7059,59.3049,22.2899,54.0728
"MBOAT7",53.976,70.4083,47.3304,56.0553,101.6374,32.1541,30.0009,66.1709,85.3775,67.8786
"SRMS",1.1425,0.5604,1.6281,2.9813,2.0587,1.4829,1.3993,2.0948,4.9132,1.0896
"SLC2A4RG",50.3587,42.5685,61.9601,35.6462,40.1629,57.6151,37.4583,65.7097,35.5663,56.0369
"IL1B",12.2068,36.1763,1.6405,15.0207,1.5319,8.6307,4.5824,117.2031,1.2114,12.0255
"CHCHD5",12.2243,12.332,7.5144,8.9377,14.7277,15.0341,24.4774,12.9963,9.5491,12.6197
"PAX8",1.8108,0.9293,2.2199,1.1139,3.1333,1.567,2.2124,0.6319,2.9885,1.7507
"INSIG2",19.1264,12.1121,30.5946,18.651,13.9304,26.8872,19.115,16.4548,17.6732,15.943
"POLR1B",6.7834,8.0738,8.8701,6.3297,10.4975,6.8069,4.6492,8.0537,5.9977,6.5635
"CCDC93",14.3514,12.5688,22.9639,16.5882,17.8248,12.4669,6.9866,18.8089,18.1566,13.3895
"PSD4",15.1103,18.9535,8.9972,25.7223,21.1428,8.3623,8.8965,15.4904,20.013,17.3649
"SLC25A23",131.2365,108.0053,194.944,124.5911,160.2372,128.0431,69.7669,130.3646,159.5322,134.0962
"PSPN",2.2404,2.3488,3.0152,3.3321,3.5603,1.4073,1.4407,3.248,3.7482,2.5077
"GTF2F1",111.0805,114.2863,95.3865,85.6223,127.0997,82.7238,56.3327,106.1704,103.9798,112.4804
"ALKBH7",196.6434,160.8538,97.9369,93.5924,222.1521,211.4997,374.9968,133.3146,140.2804,174.927
"CLPP",36.7469,40.6932,28.6589,25.0883,49.2933,38.1131,42.7478,36.6349,33.9529,34.0762
"TNFSF9",3.8348,4.8095,1.5105,3.3193,1.0285,1.8977,1.8256,9.4261,4.6554,3.0643
"THOC2",14.2714,13.3201,20.9743,16.7194,17.6558,11.9937,6.8567,15.0386,17.7413,11.8687
"MED1",14.6061,15.0947,22.5029,16.1456,14.2796,11.9146,4.7592,18.9506,14.8204,13.1325
"RPL23",341.6459,249.2135,328.1593,215.3344,250.6216,430.694,403.3423,281.1184,180.39,276.5899
"ATG4C",14.0111,7.1572,17.5141,14.2873,8.1977,18.2857,17.4873,11.6015,9.6887,8.5313
"CD70",1.7647,1.1106,0.8962,1.8709,0.3138,1.4187,1.8631,1.6605,0.7251,1.1808
"C3",269.2533,111.7936,150.0012,207.7625,20.8648,63.3647,18.714,181.8309,50.632,128.8784
"SH2D3A",11.6174,18.6433,7.145,12.8939,26.2103,11.5915,11.4534,12.4772,16.6952,14.578
"TRIP10",47.5823,40.9904,58.2055,43.9575,39.2818,47.4348,27.6236,63.0604,32.3037,39.2125
"GPR108",81.9728,71.1797,53.8864,63.3249,80.8769,79.4034,76.0077,72.4167,67.5981,63.2179
"FOSB",241.0304,90.259,7.5231,413.0806,2.7496,32.2622,2.3279,256.8565,18.4505,67.0493
"OPA3",8.6307,10.2599,9.1331,8.9274,11.035,6.59,3.6994,13.1488,9.6205,9.9531
"SNRPD2",224.0506,186.9718,167.1364,134.4487,220.2184,334.5284,555.303,177.9104,151.8245,185.6728
"RTN2",5.8411,5.1833,9.0649,5.1822,2.098,7.5191,4.3344,7.9713,2.3573,5.6145
"EML2",19.4225,23.0123,14.585,17.3276,25.7494,11.6382,9.0679,22.7245,24.6645,16.5725
"VASP",176.4308,325.2621,183.1626,188.5349,266.5936,192.4015,124.6171,243.7445,173.9753,229.0738
"SYMPK",23.982,25.5365,20.7095,22.5157,34.8807,15.494,9.8063,28.7661,21.7733,21.7561
"GPCPD1",14.979,20.0119,22.3395,18.4189,9.8254,20.7291,11.5866,33.2788,14.1149,13.8165
"SDCBP2",148.7203,384.5102,89.4082,203.8568,370.8991,122.6133,157.2215,143.5068,235.9774,231.8287
"PANK2",8.611,9.713,13.0745,10.0394,8.5559,8.7051,5.3087,9.6348,8.1486,8.5268
"FOXA2",56.883,38.2966,13.8179,24.2138,38.2849,24.1203,20.0162,30.7761,39.8087,23.9014
"CD93",29.5017,29.6217,37.5998,21.1971,15.0348,19.3311,6.9554,48.8488,21.5501,25.7359
"NAPB",8.6626,7.5378,18.3735,8.7361,5.1648,12.3229,4.7241,12.6811,6.7672,9.5269
"CENPB",85.8109,152.9603,109.5379,81.3499,127.7965,107.9132,50.8759,135.6917,83.5706,131.1719
"PSMF1",36.9552,38.632,45.0141,30.6521,44.7897,39.4229,24.3893,42.6148,33.2907,36.264
"RBCK1",49.4144,42.8823,45.522,41.5272,56.053,44.3321,39.9756,47.7143,63.9153,41.9444
"TMX4",40.0122,36.9439,87.3704,33.3735,25.322,81.3521,34.1712,49.1106,16.4108,36.2597
"STK35",22.8088,27.2681,19.0606,19.1434,31.7269,16.1187,9.1017,25.1371,24.9684,20.107
"SNRPB",194.4468,262.881,145.2028,137.3954,300.2257,222.2526,330.3092,230.3933,176.2095,210.7153
"AP5S1",5.9655,6.7886,6.0931,5.0896,9.1028,5.8307,5.4688,5.5233,7.2153,7.0316
"RRBP1",160.1659,285.0573,124.0891,179.3753,359.5903,62.728,45.3394,212.4278,304.6822,226.3452
"BMP2",59.9683,130.2703,23.4916,55.0782,45.9699,44.4573,20.4574,90.5537,39.3845,63.6314
"ZNF133",5.1169,3.4545,8.053,4.387,3.3715,6.7721,3.8973,4.6237,2.7016,4.1858
"FLRT3",2.3848,3.6927,9.844,4.2664,1.1285,3.9724,1.609,3.5585,1.1906,3.0925
"OVOL2",16.6266,14.221,10.5397,12.9252,28.0288,14.0756,16.6101,18.9563,11.8336,20.2913
"MKKS",12.9168,10.9216,17.8152,11.8022,16.1846,19.5786,22.8343,13.3224,12.4148,12.4867
"BFSP1",0.937,0.5513,2.1694,0.8268,0.5982,1.4948,0.8849,1.6329,0.7052,0.8881
"DSTN",610.1616,651.5405,1938.1947,667.4639,329.8513,1813.9479,682.775,942.6233,329.4745,697.0848
"SNRPB2",51.0804,49.9235,60.3931,49.7956,50.1691,83.4961,72.4666,48.0986,49.8583,46.9674
"MGME1",26.0313,16.2798,24.7894,29.2739,23.1144,22.7248,17.7982,17.9592,29.3371,22.0495
"TBC1D20",25.765,25.0037,39.4486,30.411,25.2819,30.6037,14.1098,32.261,23.1277,27.9774
"ITPA",52.3864,64.8024,37.7516,37.4317,71.182,45.6267,55.2986,46.6329,53.1249,48.2695
"MCM8",1.3645,1.8434,1.9493,2.5465,2.4598,1.5422,0.9481,2.3261,2.9569,1.5974
"FAM110A",9.2642,9.6173,5.642,10.101,14.2352,8.2021,7.3547,8.4002,8.2382,16.081
"MRPS26",104.294,105.6246,86.5548,62.3538,143.8089,132.2291,156.1992,102.7318,67.4619,99.9348
"S1PR4",6.188,6.0029,3.518,10.2824,2.3098,3.4495,4.3051,5.7607,1.4294,9.9947
"NCLN",58.0208,102.9054,48.148,55.2832,138.2949,34.1837,40.7108,80.2235,108.3907,72.81
"HNRNPR",45.7638,55.784,59.948,45.2977,53.9342,49.5999,22.6806,58.2496,46.1102,47.1707
"ZNF436",9.1222,7.9661,26.0335,11.1592,8.3369,12.5855,8.5044,10.5725,9.6854,9.2646
"MAX",30.076,29.5159,33.9385,35.3348,25.6152,35.1368,27.2068,25.3689,31.2294,33.4857
"MMP24",1.0012,0.8858,1.9636,1.0673,0.5925,1.0629,0.5302,1.8506,0.6881,1.4863
"NECAB3",17.9159,11.3121,13.9373,14.0352,18.5005,17.711,14.0153,17.651,17.3003,13.7784
"ID1",282.9789,350.7683,112.7654,239.0604,259.9356,313.6697,176.3434,305.1237,258.6015,622.9395
"RALY",78.2157,96.6863,65.7159,68.0696,123.754,69.855,71.9635,78.8542,90.4498,91.8595
"DYNLRB1",8.9437,9.1059,6.7024,8.1926,7.8232,10.2309,9.7477,9.1413,7.7141,12.3001
"EIF2S2",82.2951,95.5837,96.7065,72.0575,99.0921,110.55,89.3464,88.753,78.4635,78.3972
"ERGIC3",144.6476,105.2163,102.6209,87.4417,136.0761,126.543,175.395,107.0052,106.8629,109.0146
"ROMO1",213.3537,257.3294,132.0415,149.3699,252.5237,264.4786,692.1741,210.2824,168.41,259.1958
"CEP250",3.6884,3.9722,6.0378,7.1914,4.8829,3.2032,1.5903,7.1029,5.8739,5.3576
"PLAGL2",26.3185,18.6825,22.3846,22.0952,22.2588,15.1452,12.2243,21.1678,24.3768,21.164
"KDM5C",31.4757,49.1995,45.9843,29.6412,41.9135,29.4026,18.9671,50.9698,40.0505,45.2779
"AMOT",9.4212,8.012,20.5083,9.7235,9.3779,9.1207,4.5528,14.3925,9.0733,10.3526
"TMEM115",62.525,61.8195,52.5399,54.5213,83.2003,52.5395,39.7048,64.6851,58.5169,67.2732
"PSMB2",51.7762,71.0889,59.0715,51.9882,76.296,58.9458,45.6183,69.6794,63.8213,57.6833
"AGO3",2.0736,2.0233,4.3561,3.0911,1.9294,2.7523,0.9778,3.6582,1.9741,2.1133
"UROD",35.3912,30.3521,42.1332,29.4472,28.1369,63.3987,57.3231,36.6652,25.3705,33.4643
"KLC1",1.7651,1.8701,2.6497,2.293,2.1425,1.8202,0.8919,2.8401,2.2309,2.07
"XRCC3",2.4091,2.7303,3.1052,3.0906,6.7414,3.4801,3.9737,4.3009,5.5204,2.8536
"TUBGCP3",11.3653,11.7071,14.9707,12.1599,11.8912,12.2143,6.5577,13.7726,11.7305,11.7652
"MCF2L",5.8889,5.7484,4.3066,5.0484,5.4094,4.3484,2.6764,6.9321,6.9596,4.3443
"F10",13.2999,10.4363,17.1569,9.7854,3.1187,11.7378,9.0586,19.0865,4.5451,8.9478
"PCID2",15.1868,12.055,17.6212,12.7236,14.1293,24.438,22.0224,15.1939,11.4811,12.6691
"LRFN3",7.6391,7.2772,6.9521,6.907,12.3347,4.9559,3.5381,7.2227,6.8782,8.8907
"CAPNS1",299.3185,409.1077,357.1314,338.0318,495.2058,340.8946,277.9479,396.4534,412.0912,411.45
"PDCD2L",4.677,7.425,5.4874,3.9367,7.3582,7.2813,5.9455,5.5321,2.5182,4.739
"RBM42",89.7864,125.5763,78.2359,67.953,138.5603,82.371,57.8761,113.4873,83.5847,112.7138
"UBA2",48.6371,57.952,63.2015,43.1948,51.5751,77.3927,63.3576,57.2378,42.3264,44.2537
"FFAR2",5.4358,1.8402,0.9587,1.6488,0.9853,2.3331,2.116,1.8101,1.084,0.918
"HCST",3.9743,4.425,2.2691,4.4075,1.277,2.4741,5.6417,4.0353,0.9835,4.9422
"COX6B1",517.8091,491.8997,311.7002,386.3832,663.1622,597.1817,991.9784,436.1886,604.273,542.3909
"THRA",42.0872,27.759,63.6927,39.1845,32.4596,39.5641,19.9575,50.208,23.899,38.26
"CCR7",10.0547,14.884,3.2804,24.7792,2.8334,7.882,1.9295,19.3945,6.7612,21.5901
"NR1D1",7.6319,7.9549,10.6012,10.5403,12.9805,11.5545,2.7978,13.0007,8.1046,21.8643
"FRMD8",21.5468,43.743,22.4433,32.0828,42.174,20.0043,16.7965,28.5131,29.9311,32.8943
"PRDX5",1436.255,1251.7951,829.6295,869.1715,1586.619,1307.9501,2502.1419,1393.934,1047.0537,1097.9751
"BCL2L12",13.9773,19.8645,10.3541,14.3111,24.2675,15.6722,20.0426,17.6031,17.0563,20.8943
"IRF3",24.9347,31.6583,21.2511,31.7874,42.9402,20.78,20.2679,27.4828,32.7898,29.7276
"PRMT1",58.6553,78.011,54.6079,39.9418,75.0561,71.7995,66.3039,72.915,43.3201,56.7847
"RRAS",197.6262,199.1481,329.0716,173.4886,120.7348,372.2017,235.6245,245.8641,108.3597,206.0527
"PRRG2",25.5617,20.0842,11.2385,22.4214,36.8304,22.4812,27.9588,16.5013,25.4961,19.6454
"SCAF1",40.182,53.6826,45.7476,42.2543,59.1261,28.8795,15.83,54.7428,39.6015,52.5552
"PRR12",16.8666,16.8986,23.4766,19.4455,18.8971,9.8313,4.5633,20.7959,14.1295,21.6342
"ASL",27.8327,32.2067,14.0205,16,37.721,21.4145,39.3388,25.0821,25.1603,26.4469
"SBDS",206.1806,272.6818,283.568,217.2895,207.0948,324.4151,159.7533,261.1872,226.1185,221.4632
"STAT5A",18.0713,20.5162,28.1026,20.8776,12.6209,21.3084,7.6434,23.2278,9.9922,19.8654
"WNK4",28.5119,17.2948,12.449,17.3825,36.8809,11.7301,13.3658,17.2592,25.4786,14.1763
"BECN1",35.4556,33.6613,35.7302,28.6212,37.4598,35.3766,21.5179,37.943,32.7751,30.4529
"TRAP1",25.2703,26.3501,24.2158,16.0599,33.5633,19.1149,15.4886,31.0342,17.1074,20.0479
"GLIS2",5.8415,5.3476,15.1538,7.5216,2.5157,7.5241,2.064,10.7062,1.9907,10.7516
"NSRP1",19.7372,17.0922,29.7674,20.9403,14.7762,24.9372,9.1449,21.2111,17.4602,14.65
"DNAJC8",98.1528,88.2792,121.4736,80.9029,83.0136,167.588,153.8975,94.7849,71.8955,85.906
"IFI6",136.4345,82.5505,129.8461,68.1716,51.4936,297.5647,100.6948,117.4239,84.1321,185.1403
"ZNF384",13.9036,11.0688,15.6326,10.4975,12.1683,11.7307,8.2527,13.6893,9.9105,10.4413
"EMG1",12.485,16.3305,11.509,10.582,15.2128,20.1285,29.2853,12.0304,13.492,13.4111
"UXT",116.1144,82.7163,76.1537,68.2369,94.7386,149.1553,235.4242,78.43,74.6622,83.7985
"ELK1",36.701,39.8326,26.0681,22.3681,39.4238,33.3539,21.6155,37.29,26.5372,30.2906
"TIMM17B",39.9675,36.0009,30.0073,29.1377,44.8853,43.36,63.2369,35.6164,29.7531,30.7455
"ATG14",12.0744,8.1684,24.6134,16.1901,8.6953,18.9446,9.4851,12.1868,12.0316,10.2929
"KTN1",44.2547,49.3147,67.4237,73.2032,60.9271,46.4961,31.3877,52.6066,56.1043,45.3579
"RHOJ",12.4676,8.3773,30.4114,10.5372,5.2579,15.7056,6.3172,18.503,7.5511,11.7729
"DLGAP5",6.2316,8.5916,6.0993,11.4553,20.6504,10.4095,11.6104,7.4898,20.3548,11.7674
"L3HYPDH",2.9169,1.6266,3.6639,2.5447,1.3334,3.0849,2.4671,2.379,2.3592,2.1428
"HSPA2",31.3757,73.5234,123.5513,47.9981,27.6853,43.0884,19.2433,109.9621,14.21,58.3646
"TRMT5",7.77,7.3284,14.4066,7.3908,8.9343,11.9502,9.0166,8.5911,5.7338,6.684
"SGPP1",28.358,37.6919,32.9099,32.7418,22.8561,38.9002,22.196,51.3739,23.4913,22.6682
"PLEKHG3",14.4021,15.3234,16.314,16.8043,17.7942,10.9482,6.6101,17.307,13.0447,20.5366
"RHOT1",16.6763,11.4414,28.465,14.9247,10.9132,29.481,20.4791,17.8216,13.1091,13.7919
"EVI2A",13.2229,5.2652,5.9836,9.7395,2.8006,17.1572,24.209,5.334,2.0541,6.5234
"DYNC2I1",9.5991,6.1858,14.8596,8.7416,4.9257,8.7642,4.3123,6.8783,9.3494,5.635
"NUP214",13.1359,17.8834,18.154,12.7876,19.5578,8.7595,5.5087,18.2585,13.0375,14.4663
"SLC10A3",46.3186,55.2265,42.7979,42.9109,61.4131,48.4725,33.8973,55.1429,42.8812,50.3092
"MAP2K2",82.2171,84.2954,68.5294,70.2723,141.5751,68.997,62.7404,85.2792,126.5785,96.6133
"HNRNPH2",108.5215,129.9509,135.4479,98.951,114.8932,119.9287,57.3975,139.376,123.1717,109.0825
"TIMM8A",6.2646,7.4085,6.3473,5.2549,9.441,7.8226,10.3027,5.9764,7.2245,5.661
"ZC4H2",7.1102,5.6251,14.6141,5.8393,4.6781,10.0705,4.8696,8.4923,5.1621,6.8752
"CANX",308.7473,317.3914,392.6922,230.2887,323.727,297.9297,196.9629,330.9969,316.9767,232.5843
"INTS11",25.9865,25.9682,23.7212,23.499,32.5224,22.9187,17.1292,27.4629,21.8832,22.3789
"IPPK",1.66,3.5027,1.8163,2.0654,2.7666,2.3874,1.0932,2.8604,2.6764,1.8871
"FGD3",6.2344,4.536,3.221,9.7754,2.8225,3.3711,2.3699,4.7216,1.9612,6.1307
"HIVEP3",1.2401,1.5649,1.7064,2.4775,0.916,1.3888,0.5983,2.0339,1.5008,1.793
"PPCS",59.9021,46.6257,59.7723,53.1408,64.2687,103.9679,127.3344,48.275,76.8465,51.8909
"EDN2",1.6992,1.8355,3.2707,8.9079,3.1156,4.231,7.638,0.6419,5.1416,8.1701
"BCL11B",2.503,2.3785,2.2618,5.1055,4.5549,1.209,0.8317,3.0101,1.7933,5.4597
"COX7C",552.8251,477.2773,500.5683,397.3029,557.9649,839.7048,1118.6492,513.1857,474.0224,526.1739
"TRAF2",13.0521,18.6465,14.8656,15.7029,18.1317,10.6817,10.3279,15.5392,13.8154,17.5207
"HELB",0.9961,0.7844,1.1121,0.8674,0.7823,0.7747,0.5185,0.8049,0.3959,0.6168
"RAP1B",12.0482,17.3234,14.5011,12.1943,13.4037,22.9001,20.8434,12.4363,12.5042,10.9757
"TSPAN8",1095.9304,998.7534,662.4163,1137.1562,1382.6515,990.6665,1528.5356,728.2681,1700.663,1057.3165
"RAB3IP",4.6834,5.4838,4.2424,4.4047,8.3108,4.8198,5.0545,5.6151,7.3483,4.9157
"PTPRB",8.389,7.9587,12.645,6.3473,7.9067,6.5268,4.2315,9.4404,10.8082,7.0373
"DYRK2",24.2883,40.5397,36.4399,40.0666,44.9729,27.6687,17.423,31.1257,57.5755,33.8982
"YEATS4",29.7481,22.033,35.1077,19.6675,26.9596,53.5382,60.5209,19.8817,26.8726,19.8533
"TAS2R5",0.4869,0.6459,1.0325,1.4398,0.2086,0.5388,0.6335,0.7358,0.2065,0.3139
"LRRC61",14.3926,11.2513,9.1971,8.3061,12.8821,10.3204,8.3873,10.5158,8.6164,10.7539
"IDUA",5.5614,5.0116,3.3565,4.7336,3.1474,2.0632,1.8459,5.6346,3.4367,5.1898
"FGFRL1",14.2201,11.2754,11.3688,9.9062,15.5922,9.0162,7.8168,15.469,13.76,9.7127
"TMEM175",13.8643,14.9494,12.8932,13.8889,17.0829,10.6129,8.0324,14.1854,13.5819,14.4754
"AUNIP",0.5077,2.7123,1.1389,1.22,2.7716,1.3199,1.0736,2.0881,3.3894,1.5863
"PIN1",25.2325,27.9362,24.8256,18.4495,28.2509,34.5349,35.1365,29.6387,21.0691,31.3862
"FBXL12",23.6443,21.4003,23.2848,22.4719,23.1257,25.0687,22.1422,28.9264,26.4944,28.7065
"EMC1",14.9881,20.3009,20.0496,15.1489,26.8078,12.2636,8.2017,21.4923,21.8191,17.2671
"UBR4",13.8468,21.885,25.677,23.172,23.0253,9.2387,4.7982,26.8217,22.8581,18.1914
"ADGRE2",1.6447,2.0522,0.7404,0.8542,0.4223,0.9867,0.721,2.603,0.3301,1.2842
"SIN3B",11.4839,7.8086,14.9006,11.6267,8.5485,8.6626,4.1606,15.573,7.4825,10.4601
"SLC35E1",19.0567,26.3168,23.9004,18.5687,26.8397,18.4712,9.9299,24.3588,19.1303,21.4334
"EPS15L1",11.7948,14.6936,14.9844,13.0626,15.6329,11.043,5.7083,16.3413,12.124,13.9715
"KLF2",41.3149,53.5893,32.6754,59.4884,17.9631,27.4624,8.7211,78.83,22.5914,69.8864
"F2RL3",2.4754,11.4513,1.6725,1.9883,2.0882,1.4416,0.7556,14.8594,2.4242,4.1803
"UQCR11",27.1048,23.9284,32.5101,22.2074,26.715,51.548,72.0908,28.5077,18.1689,29.4204
"GFER",11.0526,9.7117,8.7995,10.1238,12.8526,9.5574,16.2719,10.6602,13.8469,13.3967
"SYNGR3",2.2508,2.9561,4.4428,3.2838,0.891,2.1236,1.0544,4.2873,1.3304,3.4362
"PKMYT1",2.5298,5.9142,1.8746,3.4227,10.1745,2.3534,3.0653,6.5123,7.79,6.8389
"WDR24",7.2836,6.472,6.9355,5.4469,8.6403,6.0514,4.1397,7.7414,6.0335,7.7477
"FBXL16",2.542,2.4355,2.419,2.335,1.9361,1.1917,1.2028,3.6949,1.318,2.8749
"CHTF18",3.1259,5.9329,2.4569,3.7945,10.2831,2.0835,2.3531,5.2249,6.7104,5.2526
"MACF1",9.53,16.0512,27.4552,17.3825,7.9149,11.0973,2.4383,24.1993,10.7961,14.5128
"SMARCA4",20.3631,29.0082,19.6232,23.8999,37.6896,10.9176,6.3156,28.8438,26.3437,25.61
"KDM4B",8.317,9.4157,10.8809,11.1261,10.69,5.4458,2.8689,10.7483,11.6174,9.9948
"TICAM1",34.6584,61.8442,27.5194,42.604,54.7057,24.8392,20.1785,54.388,38.704,50.0031
"METTL25",6.4868,3.6284,7.0743,4.8579,4.6249,8.6371,8.732,5.1854,5.1753,4.6604
"EMC6",2.3096,2.5449,1.1841,1.3661,2.9854,2.41,2.9195,3.428,1.3343,3.0757
"METTL16",9.5056,10.5736,17.3638,8.8533,9.0881,11.1761,5.0159,13.7446,5.9602,9.3484
"TUBA4A",52.7676,103.4146,43.1943,62.698,112.6889,67.1423,62.8302,83.8773,70.2278,68.9809
"VIL1",117.7448,160.116,112.1741,151.9037,283.0667,77.0715,70.8499,173.7793,283.5843,162.4963
"AAMP",138.9235,133.6966,114.5136,97.3973,168.2649,114.5187,106.0424,135.9688,105.6686,119.2887
"PNKD",65.4386,52.1266,34.5798,55.305,73.273,61.431,92.2486,48.1709,61.4007,48.4322
"TNFRSF19",1.6739,1.2358,6.329,1.9595,0.6198,2.2742,1.6206,3.6024,1.0538,1.6052
"RNF6",27.433,31.8096,34.3675,36.5112,32.2551,31.8323,22.6091,31.9932,41.1712,26.2974
"ECHS1",361.0336,442.1373,356.2044,371.4529,695.4102,387.6075,509.9715,432.6728,650.4133,408.7043
"AKAP9",16.9747,10.5665,20.3963,24.1273,18.048,12.3597,11.269,20.7348,20.3635,12.6441
"GNG11",34.2212,24.0787,69.158,21.9823,11.1807,85.0965,57.0898,42.5148,19.1338,33.1357
"SEM1",14.3431,15.3661,12.3157,12.7121,15.8629,18.2435,21.6063,14.9343,16.0822,16.9726
"HIP1",7.9473,8.2837,15.2203,7.9072,5.8819,8.2672,2.5021,13.6001,5.2206,7.1937
"PTPN12",27.8461,28.2366,51.1253,31.9176,22.9603,39.778,16.2216,37.8309,27.8518,27.9628
"POR",38.9202,57.3094,36.0388,45.3943,67.6359,32.0889,29.5135,49.0042,57.5076,49.6365
"FGL2",78.035,59.1554,198.5137,60.3676,21.1474,136.524,60.193,102.8353,33.4318,47.3887
"GNAI1",3.5062,3.3999,13.6183,4.297,2.7767,7.0273,2.6169,6.4651,2.5614,4.1778
"PEX1",8.7419,7.6554,9.6452,7.5348,9.7219,8.9904,6.8083,8.6504,10.342,6.0654
"MTERF1",4.8936,3.4223,7.9368,6.5557,5.5978,7.4466,11.7423,3.4982,6.2291,3.9731
"RBM48",5.2741,2.7448,6.8403,5.4492,3.7054,7.3673,6.8921,3.1235,3.6318,4.5957
"CASD1",36.4838,32.5968,39.6414,27.7972,36.9515,41.9736,32.5527,33.4679,42.4363,27.1832
"ZFP36",518.3308,556.526,183.9833,962.4624,189.2416,332.7226,82.3258,987.2444,193.9659,461.0145
"SRD5A3",10.5101,4.0622,6.3738,3.3575,6.1701,5.4254,5.3046,4.0767,5.3287,4.1306
"PAICS",32.2024,50.3162,32.9361,27.5918,61.469,30.3444,27.6326,46.4218,46.2611,30.2184
"KDR",8.7089,7.1514,15.8146,6.5457,5.1264,6.8585,1.9027,10.943,7.0978,8.5068
"PPAT",4.73,5.9846,7.4623,4.4181,7.283,6.1287,4.9361,4.4667,5.9148,3.8531
"TUBGCP6",10.941,9.5401,11.6635,15.0365,10.3618,7.2099,4.5853,14.48,10.5617,9.8356
"ADM2",2.7081,2.4885,1.5985,5.7432,3.7055,2.0063,1.9938,2.283,5.0251,3.7309
"DGCR6L",74.6632,59.1581,68.0999,45.3742,67.1889,101.4543,108.3331,73.6207,40.6164,67.8576
"DGCR8",9.1928,10.4167,12.1218,9.7006,12.4846,8.2555,3.9602,11.9388,9.4133,10.1191
"VPREB3",30.5482,40.2696,7.0938,84.6286,7.2827,13.3988,4.9104,12.1353,2.236,42.2417
"SDF2L1",53.397,122.0441,31.248,35.4237,99.5667,41.1398,61.5953,82.117,59.6346,72.8217
"GAL3ST1",12.4931,4.7352,6.9409,8.4699,15.2655,6.7878,9.8953,6.0368,10.3432,12.0582
"YWHAH",150.7863,170.11,241.2977,180.6064,228.4731,195.5862,121.6888,196.8454,204.4565,216.6383
"GNAZ",6.1376,9.6611,19.3417,7.1088,1.5539,12.8394,2.3978,15.8196,1.2283,10.655
"MGAT3",14.6785,5.8704,7.9428,10.1106,6.5856,4.928,5.5767,8.311,8.5412,9.523
"ATF4",243.0279,190.3819,446.1701,263.2755,203.6888,428.9115,370.0949,351.9734,169.2018,220.7488
"A4GALT",13.6386,16.3664,26.052,12.0912,6.1055,15.4212,5.2906,20.6324,6.4656,21.1824
"CDC42EP1",132.5537,117.0075,75.0741,59.5216,177.8637,83.473,61.4097,92.6878,100.0464,93.9702
"TPST2",13.3457,8.8717,9.0713,7.6822,7.9736,9.1617,8.7166,9.3255,7.588,9.2141
"BAIAP2L2",53.6935,88.9031,39.3048,67.6171,132.8514,32.7185,34.3018,57.4606,89.0096,66.4868
"MPST",58.3817,46.4387,38.6208,44.6178,107.0182,44.7125,80.7248,52.0127,60.9058,60.942
"TST",441.3124,406.6358,257.5354,397.3924,798.8869,400.7412,593.5381,370.8114,554.1206,487.5576
"RAC2",83.1494,72.5675,37.6813,131.5193,33.3612,45.4129,42.7483,50.9777,29.1138,100.7411
"LIF",8.1989,7.764,4.9591,7.239,7.8144,5.6474,6.9013,13.345,6.2842,9.3076
"APOBEC3F",4.9039,2.5455,4.8029,4.8967,2.2005,4.0433,3.4194,3.197,1.7322,3.5435
"RIBC2",1.6739,2.4136,0.6007,0.7013,2.8925,1.3585,1.5974,1.3334,2.2999,2.1201
"KRT17",0.3061,1.1875,1.7087,0.0754,0.2083,0.2588,0.5532,1.166,0,1.4472
"EMC4",23.4146,24.4295,22.8893,16.574,23.3108,32.0899,37.1791,27.8397,18.7178,22.0177
"SPECC1",7.9994,8.5747,5.6298,9.216,11.8333,5.8031,5.7115,7.3343,12.771,9.355
"DOCK4",3.2462,3.2277,5.5184,2.7979,1.6787,3.4903,2.062,4.3712,1.8602,2.4755
"POT1",5.9611,4.1118,9.501,5.1417,4.9243,11.4188,9.7112,5.8169,4.5087,4.6781
"ATP6V1F",133.7103,102.4365,107.9686,96.9784,106.5531,188.7171,249.3272,108.7748,93.6928,123.4239
"LSM8",5.2359,4.7704,7.679,6.3278,5.0986,6.6464,4.8983,5.7794,6.2488,5.016
"PRKRIP1",11.4816,10.0568,15.9281,12.514,9.2107,13.6753,11.3353,13.5472,8.8757,11.6477
"VGF",0.8744,2.4965,0.6481,0.4497,1.0929,0.2603,0.5936,1.2047,0.4139,0.9438
"PODXL",20.6494,22.4555,40.3556,18.1301,15.666,19.6925,7.2512,31.2981,18.6342,24.3603
"STRIP2",0.4161,0.5873,0.8088,0.6665,1.5605,0.5012,0.2933,0.8376,1.1595,0.8256
"IFT22",5.2762,4.0077,8.7873,3.3518,2.8073,9.5004,5.416,5.7068,2.4909,4.7111
"MKLN1",6.1612,7.35,14.2367,7.8875,7.1721,8.4603,4.2429,9.3861,6.715,6.0103
"DNAJB9",53.7538,37.0736,54.459,42.6507,27.3183,85.6768,90.5285,45.3794,31.7204,38.7851
"FLNC",80.0692,252.7216,470.308,158.7433,16.1261,175.5232,21.8913,463.5485,11.8459,281.7623
"CALU",75.0258,77.615,151.6205,52.1553,40.6712,107.3835,49.5346,104.0882,40.6563,63.8436
"SMO",6.0703,4.8069,13.8948,8.0086,2.5675,7.8174,2.6097,10.9312,2.4189,8.4872
"IRF5",8.4663,4.6169,5.8353,7.9259,5.2105,5.4093,5.4865,4.4738,7.1512,7.4082
"KLHDC10",22.3338,18.8346,29.4389,21.959,24.2373,20.8553,12.2349,26.195,23.5561,19.7206
"NDUFA5",24.033,16.6048,32.1391,21.4066,18.2652,44.9115,37.3382,21.032,21.8889,17.6709
"MRPS12",50.8565,66.6925,29.9673,28.4738,101.7788,64.7928,110.0173,47.2557,48.4285,50.0294
"MYO1B",19.4305,35.5873,22.6208,18.9092,33.7007,11.7587,9.6448,24.6794,23.9636,19.5634
"MTX2",63.9985,48.9247,66.4437,54.4456,65.4649,82.6685,77.525,57.4294,76.008,52.7008
"CHN1",2.1294,1.9767,5.6878,2.7,0.8784,4.1144,1.6287,3.4396,0.9776,2.778
"OSGEPL1",1.8199,2.0155,7.2202,3.3218,2.8812,5.4739,4.2553,3.4271,2.0567,3.083
"ORMDL1",15.2055,11.3302,18.8211,19.0061,14.3794,21.9583,21.9202,15.5867,15.9584,12.7018
"HAT1",16.3014,22.7827,19.8865,16.1989,18.3466,24.7147,17.5726,21.6576,16.7131,17.8773
"HOXD9",13.3417,10.7278,14.6086,8.938,2.8999,14.2116,3.543,11.8814,6.6914,8.6353
"HOXD10",20.6805,13.5737,12.5289,7.4784,0.579,21.8107,4.7426,9.5519,5.1276,6.4523
"HOXD13",86.9373,62.0229,26.9775,9.5408,1.4508,111.3088,33.1725,16.4745,2.2958,26.1084
"HERC2",9.8531,13.463,20.4288,13.2823,13.7006,7.7867,2.8565,20.8648,14.3328,11.8858
"SNRPN",1.6742,1.0751,2.0922,1.4809,0.4508,2.1837,1.5756,1.8016,0.4883,1.5449
"PSMG2",59.4189,52.0797,72.2626,59.1654,58.9442,83.141,68.6207,54.9814,65.0221,56.1649
"TWSG1",45.7746,34.8291,69.1938,39.1336,12.9267,87.3625,37.4423,49.4081,25.0311,31.3087
"EIF2AK4",12.6552,12.4865,13.7486,12.6428,14.6272,12.3577,9.1074,16.6672,9.8156,9.8733
"MYO5C",15.3475,15.4053,14.8066,15.5364,24.6501,7.7745,10.5196,17.8149,24.6285,13.9639
"CGNL1",6.17,4.1667,8.4409,5.5193,2.0198,5.2141,1.6088,6.2942,2.3443,5.4046
"TMOD2",7.2362,6.0999,28.3031,6.2303,1.35,12.9637,3.4474,14.4932,1.9066,5.7206
"TTBK2",2.0265,1.3973,6.4168,2.9266,1.0628,2.7958,0.8619,3.5761,1.2756,1.8337
"CCDC32",4.2119,2.1368,3.298,3.6846,2.9371,3.9711,6.3086,2.3563,2.593,1.9876
"INO80",16.4429,21.5383,23.4856,16.4768,23.5717,14.2979,7.5364,23.101,16.6013,15.493
"ICE2",7.4013,4.7329,10.8714,5.6508,5.8062,11.0012,8.4343,7.3161,4.5979,4.891
"DLL4",9.848,4.0322,11.5757,9.1745,15.0691,6.1313,8.2688,5.6447,9.2506,11.1402
"MINDY2",6.3531,4.8809,18.8841,8.932,3.8447,10.7992,3.8355,9.6071,5.7832,6.2407
"IVD",46.3968,31.533,41.9139,30.9137,56.3129,34.8095,28.0841,43.5039,31.2239,29.2382
"KNSTRN",5.7441,7.8908,6.1793,9.5243,14.9932,10.7775,10.8488,5.5188,10.3006,9.1964
"DUT",31.5867,29.9174,43.119,39.0381,45.7934,50.4713,52.0722,35.9437,42.9406,35.0118
"CHAC1",8.6686,2.0453,3.5656,2.2404,4.2139,6.0853,3.1351,2.9161,2.318,4.7063
"CLN6",8.6155,11.8506,7.207,6.0517,14.5863,6.7029,5.0367,11.38,10.3148,10.3181
"ARPP19",62.2189,71.4392,107.6742,55.5489,52.0959,109.7276,63.5749,77.3955,50.1906,53.0231
"VPS13C",8.0954,8.5243,18.1593,11.2364,8.9192,8.7936,3.1256,14.3047,9.3745,7.9329
"THAP10",3.8326,4.2801,6.7432,4.4896,4.9258,6.4002,5.4405,5.4558,5.071,4.5894
"LOXL1",7.858,11.0083,16.4881,6.9592,4.9639,7.2257,3.536,14.0144,4.597,10.7012
"ANAPC13",52.3491,39.6896,70.306,37.4406,30.9571,71.4014,60.8597,53.0411,42.3771,36.0848
"MBD4",27.6673,22.4403,36.0964,42.1688,23.2701,33.9865,24.5548,26.9774,21.2925,26.6021
"COPB1",93.3134,94.8462,94.5693,71.6052,99.8917,102.9464,92.9725,91.7688,87.6317,72.1728
"PSMA1",9.6041,10.707,10.8797,10.3731,9.9021,15.1485,14.1926,11.0717,13.0938,11.5761
"SUMF2",93.1047,76.0436,87.3565,54.297,74.9321,113.6831,153.1251,76.9732,45.8892,68.8122
"PALLD",123.8934,138.2438,460.2169,117.7682,28.298,332.0459,63.7505,224.3723,27.4064,131.2482
"SPCS3",53.2786,55.1214,103.7419,61.2977,51.3056,85.9218,84.7142,70.7396,58.6311,48.9428
"SERGEF",8.6335,8.4502,11.0927,7.9176,7.159,11.4898,6.9676,9.3137,7.7437,9.647
"E2F8",3.3519,7.5783,5.0638,4.7741,9.977,4.013,4.5701,4.0458,8.2229,6.0684
"DCTD",50.2381,55.9186,62.3225,35.6866,56.6456,64.303,43.1096,54.2573,33.9038,41.1936
"SOX15",5.1118,4.9294,10.6701,3.9078,1.3438,8.9957,3.8462,7.8038,1.1899,4.8271
"PIMREG",3.5335,4.917,4.3468,3.3665,16.1538,7.2061,8.9588,5.8095,10.7653,5.5919
"RPAIN",6.4862,4.824,6.3116,5.8702,4.724,8.086,9.6625,6.6749,5.2044,4.5019
"PLD2",15.2135,13.9892,16.3644,14.2177,15.9984,10.3801,6.8869,14.0537,14.3653,13.0222
"TXNDC17",43.8542,60.1757,24.9286,35.3031,65.8064,55.2916,116.4782,43.1822,65.7833,40.0091
"FXR2",23.7121,21.6445,30.4432,23.202,20.4866,23.2013,10.0569,27.9768,20.5143,25.1992
"KIF1C",92.5454,143.1736,109.37,95.6055,124.9523,88.0589,46.9085,122.2396,118.7192,119.2679
"MPDU1",72.2811,85.2178,41.2888,60.6523,112.9887,82.8938,103.2433,62.9353,95.9291,77.6161
"PHF20L1",4.4032,3.7816,6.0836,4.83,3.8279,5.6866,3.1097,4.9092,4.7456,3.5532
"LRRC6",1.5319,0.9531,2.9619,1.475,1.1864,2.6563,1.5607,1.6656,2.198,0.9024
"CCNT1",13.5555,11.007,20.1751,13.8492,11.2605,16.7835,12.5018,17.8485,13.5589,10.9867
"PUS7L",3.6061,4.3006,5.9816,4.3271,5.2695,4.7296,4.3093,4.3849,4.416,3.1419
"KRI1",11.6761,10.0358,19.6193,14.6443,17.1112,11.3348,6.5293,14.943,11.2879,14.9735
"ILF3",51.3041,57.4789,71.2182,52.8914,68.298,41.8484,21.814,71.1143,52.1786,56.166
"SLC44A2",117.8329,93.0854,115.762,123.7631,138.7124,78.7269,49.2223,126.9029,145.3399,142.2012
"AP1M2",155.1319,186.8084,83.7337,122.8601,277.8759,111.7304,145.0657,141.8605,210.7658,152.2212
"CDKN2D",11.6443,13.0897,16.2175,19.3202,18.1532,18.0798,14.8437,17.6898,22.1657,21.6421
"MTUS1",28.4368,26.9213,29.6009,23.1757,35.1298,20.8166,15.2616,30.8141,32.1704,22.6976
"SIGLEC9",3.5915,2.4469,2.2682,2.1658,1.3805,2.87,3.0547,2.8143,1.1235,1.9314
"KLK10",0.5768,0.6571,0.361,0.5752,0.7206,0.6736,0.4363,1.1846,0.3547,0.8834
"NGDN",14.5725,14.6187,16.8564,13.1133,15.1485,20.1259,18.9482,16.1414,11.7334,14.1998
"RIPK3",21.3777,20.4242,8.1816,20.5994,25.502,14.0686,18.7025,13.8838,30.8218,20.3181
"ADCY4",2.867,1.797,3.2069,2.8761,1.4047,1.7682,1.0683,3.5496,2.6423,2.6683
"RAB2B",14.871,9.0197,21.0172,16.5652,7.9291,17.7586,13.1769,16.1273,11.4331,12.1835
"BCL2L2",48.4807,46.9998,90.1857,46.5358,33.5213,73.1489,18.5311,68.7199,33.3489,56.2792
"AJUBA",2.0862,1.0647,4.3493,1.5872,1.1422,2.1472,1.5432,2.6622,1.4407,1.6928
"PARP2",8.2272,6.863,12.7826,8.3822,7.707,11.4507,8.8942,9.2384,7.1787,9.1241
"FOXA1",21.3169,22.6041,21.9525,20.8545,44.2296,17.3343,19.9441,16.6317,21.6497,19.05
"SNX6",76.2345,47.6246,91.8388,66.6576,60.6333,124.266,125.6962,58.84,64.1205,49.8739
"EAPP",114.7681,58.1181,103.8069,85.6907,92.8941,142.4232,221.273,68.6948,82.2967,76.5212
"EGLN3",19.2275,22.4933,28.3936,58.4481,66.7112,15.7296,28.846,10.4089,39.9152,38.7052
"MIS18BP1",11.5418,8.6999,15.2843,16.4639,13.4673,10.5305,9.8003,8.9344,13.2614,9.4813
"NRL",0.9285,1.2709,0.8431,0.8932,1.1598,1.3278,1.8196,1.0344,0.8526,1.0201
"RNASE1",1391.3303,829.199,850.2372,607.9164,589.8361,1384.6501,1506.7372,881.4127,236.6911,672.233
"NEDD8",18.9273,17.2465,17.0902,13.2875,16.7108,25.0967,36.9698,17.3168,15.5255,18.4693
"DAD1",396.7712,404.772,382.1103,323.4881,460.2128,565.7746,642.1687,389.6975,442.6318,382.9678
"TEP1",15.292,13.7035,16.5827,28.2086,25.17,7.6841,10.2691,18.8036,34.0934,16.5225
"REEP5",109.8096,102.1776,147.7244,97.3929,110.6014,133.5851,97.7337,121.3472,101.6502,97.2362
"ITFG1",27.0327,27.8397,36.5346,29.8914,32.3273,28.6224,21.6501,29.5397,40.4867,27.0698
"QRICH2",0.644,0.4781,0.7123,1.0826,1.2056,0.7249,0.3673,1.0907,0.8233,0.5452
"FOXJ1",2.5009,2.6478,3.1449,1.1647,6.0506,1.8878,2.8187,2.4961,3.7368,1.1174
"SEC14L1",17.6502,27.883,19.552,19.9524,17.8967,13.579,6.1899,23.6534,17.6978,19.833
"RHBDF2",7.8491,9.1222,4.1981,7.976,8.8408,4.2304,3.3544,6.6996,4.7172,6.5484
"ARHGEF6",20.0474,13.8635,31.747,21.1657,4.212,20.8124,8.4276,25.9128,5.9001,16.2249
"ASH2L",30.5176,24.4058,37.541,30.0969,25.9802,32.9319,20.324,30.6405,27.2483,26.4615
"TTI2",7.2012,5.8597,6.2928,5.3637,6.2574,7.2715,8.2035,4.9091,4.0598,6.3608
"CDKN1C",15.7556,11.9903,32.0315,11.1474,5.2662,22.4125,8.0991,19.5708,5.5914,15.8602
"SGO1",1.0347,1.8589,1.9299,2.7579,3.1565,2.341,2.8167,1.4993,3.3881,2.2485
"RPS4Y1",369.3472,0.0738,0,238.198,253.8194,0,1.4124,0,0.1468,0
"KLF16",16.9354,47.0128,10.5098,15.4416,30.742,12.1536,8.9623,40.3301,26.2347,23.2684
"DOHH",12.0574,31.4693,12.8867,10.4061,34.3418,7.8947,7.0634,24.206,17.6708,24.6289
"MAU2",15.1358,13.4536,19.0957,16.5921,13.96,11.9991,7.6502,17.1407,12.3657,13.4069
"SHC2",7.3869,4.6531,10.4005,5.124,1.0926,6.6619,2.728,9.571,2.6854,7.7097
"ABHD17A",13.6555,15.3707,11.3766,11.4527,17.3113,13.1949,13.7248,15.6476,12.6128,14.5902
"CBFA2T3",6.0877,5.4744,5.3548,9.0521,5.1752,3.7755,2.5739,4.881,4.5753,7.3087
"GAMT",6.784,5.7011,11.9069,6.1442,1.6385,9.9684,6.1518,8.9867,2.0444,7.905
"PUDP",20.5588,27.9604,28.1346,17.2698,26.0495,33.0902,30.1697,22.6481,45.3532,27.5993
"ERMARD",8.7274,5.9359,10.7117,7.9442,6.6503,9.8832,9.2126,7.2192,6.7224,6.2542
"PHF10",31.1265,26.3457,65.0071,34.3777,23.4376,49.5298,20.1352,42.205,20.1474,28.467
"GALNT8",4.5184,4.4579,2.6407,1.513,5.028,3.534,2.4984,4.2405,4.4707,3.2152
"CRACR2A",7.8054,12.9533,6.4971,5.5654,9.1593,4.0359,3.1853,10.7717,7.0365,4.7453
"STARD8",5.2978,3.9553,7.1381,2.7377,1.9351,4.6446,1.5386,7.9707,2.4236,3.427
"SAT1",385.5646,245.9848,184.4003,288.6497,257.317,373.177,465.6493,232.0347,255.7011,211.7229
"GNL3L",5.7727,8.4167,6.7093,8.2963,13.4453,4.9761,3.1456,8.518,7.4139,7.1106
"SH3BP4",35.1536,30.2934,26.5015,18.0747,40.7569,23.1525,17.3468,36.3143,27.1994,23.5617
"MOSPD2",8.1854,3.452,12.4655,7.7107,4.4411,10.1477,8.3271,6.0053,7.6363,5.3292
"DOCK6",9.8719,10.5536,9.7362,9.315,13.3332,5.5106,4.0694,12.9883,10.3827,8.923
"ECSIT",78.3515,60.0219,81.7868,51.7226,104.4302,94.2109,104.0656,76.6175,64.232,70.3152
"LDLR",25.9798,150.0126,11.5736,21.8119,39.2272,19.182,9.5669,209.0137,143.9017,33.3807
"ELOF1",26.8086,25.6782,25.7614,25.4345,28.5582,31.395,25.6709,22.932,21.6088,25.8649
"PRKCSH",171.8485,196.5614,148.6838,140.5749,242.4808,108.2602,80.997,188.9157,184.9153,201.4422
"CNN1",727.7559,1109.3294,2135.2128,728.2755,50.6045,1896.4488,391.2913,1728.3279,24.4949,1206.2407
"CDC16",37.4196,36.4415,52.853,38.7014,37.5243,47.8953,32.3664,40.7895,31.7034,33.8604
"NECTIN2",67.2941,124.7177,42.0179,61.0159,113.699,45.908,34.3851,95.2208,78.9844,84.6423
"APOE",133.6502,209.564,49.6535,110.6501,44.0027,148.5649,181.7899,79.7126,23.6538,148.3854
"TOMM40",39.2026,89.8577,32.6404,29.7768,124.3471,43.5495,29.6561,62.2389,62.7323,48.2441
"APOC1",12.6635,20.2737,2.6733,10.1581,3.8225,35.5176,44.6421,4.0417,2.0598,8.3445
"GADD45G",11.4748,16.9373,10.2952,6.7756,8.5288,7.3244,16.9358,14.1623,10.7209,7.8813
"XPO7",31.4587,29.6662,42.3239,28.6267,38.4579,27.7679,18.4363,33.7863,29.8719,26.6002
"ACE2",0.6766,1.0332,1.4682,4.1026,1.5324,0.9498,0.976,1.2915,3.4508,1.5996
"FAM98C",12.3204,8.1416,8.6284,10.0427,14.7345,12.3751,20.184,9.4162,12.3907,9.6995
"SAFB2",21.2815,27.4234,26.142,27.8509,31.8904,17.5319,7.898,31.0994,23.9769,25.5091
"RPL36",551.3173,509.5797,381.513,356.1781,536.792,580.2678,1294.0137,490.3892,349.9613,530.4826
"GTPBP3",7.628,4.6204,6.7631,7.6859,7.444,5.256,3.865,7.8668,9.0998,5.9507
"PLVAP",136.338,110.6186,113.7589,105.1321,79.6276,66.4422,38.0121,167.7807,113.627,98.9187
"BST2",127.2897,85.5094,148.2042,96.8122,40.5141,162.7177,77.4287,130.6633,65.4203,106.097
"SLC27A1",5.3465,3.042,6.7301,3.985,2.5927,4.1955,2.2059,5.5484,2.4243,4.0142
"NSUN5",15.2348,20.6324,16.4728,15.2265,24.036,16.1293,14.2247,16.5187,13.41,19.2613
"COLGALT1",49.4716,64.1909,62.5271,42.5075,65.2291,41.8408,28.2126,65.6448,52.6621,53.1314
"DDA1",28.1837,31.8621,25.177,31.1779,37.1116,28.8111,24.4204,36.6226,29.1214,31.3218
"MRPL34",128.9479,101.3183,84.871,74.8342,139.8522,148.6295,259.1972,98.3509,117.1668,102.7288
"PGLS",50.4055,42.6668,36.6297,34.7998,65.3614,46.5675,49.5308,37.3297,39.4518,44.0757
"LSM7",66.3234,66.9258,38.6582,41.06,84.8665,75.8662,130.339,62.7862,63.9172,68.4268
"TULP4",3.927,5.9173,6.4365,6.8492,6.8671,2.7071,1.9426,7.1993,6.4565,4.832
"SNX9",81.3894,188.3187,107.261,73.0632,107.7683,89.6452,53.3881,94.4872,103.8697,85.8498
"RTN4IP1",10.3647,9.8864,8.6965,10.9268,18.6332,12.3888,11.7803,10.8516,12.9867,9.6592
"QRSL1",15.3681,12.1137,15.0875,16.6461,21.4848,21.6088,12.8131,12.6377,17.3502,11.6717
"MTRES1",29.0694,15.9716,27.1371,24.2668,31.6891,30.4814,32.2781,18.8042,26.8734,22.6591
"RSPH3",9.9238,7.9214,13.5118,11.3406,13.0625,10.0438,8.004,10.7854,13.5679,9.3253
"MLLT1",36.6816,49.7009,51.2989,33.1194,45.3548,33.3188,14.4962,59.9711,27.4716,46.2671
"AFDN",35.3041,37.8626,39.397,39.8111,42.0797,21.2902,14.263,39.3648,51.8169,28.3752
"ACTN4",299.9198,716.3852,278.8977,296.9341,680.0772,207.9136,108.8834,494.2907,432.06,435.5867
"NDUFA10",26.3179,23.8522,22.3398,18.1872,29.5993,24.2788,21.4324,24.4289,27.8577,19.6353
"ARPC1B",0.4088,0.5459,0.4126,0.5667,0.5538,0.311,0.5485,0.6503,0.3974,0.7378
"FCHO1",3.5161,3.1054,2.2316,6.0062,2.7237,2.015,2.9571,2.6492,4.3558,4.5508
"MAP1S",16.3478,29.3216,18.2345,13.8655,26.5626,11.5504,7.8613,28.0362,16.4324,22.8846
"PXDN",10.2963,17.359,31.6936,12.3029,5.7749,8.4981,2.6243,31.1813,6.534,15.9538
"SSBP4",31.1417,34.7809,21.5777,16.9958,29.852,26.2749,22.9586,32.6578,24.5122,30.4609
"GDF15",106.8425,39.793,12.4834,69.6981,45.6224,60.5834,34.0821,59.1422,20.6544,94.7289
"PGPEP1",35.8553,22.6782,27.1355,35.0009,35.0857,30.1455,20.4988,24.2898,40.8697,28.1087
"LSM4",90.0105,97.1237,59.6855,80.0154,145.4382,93.7791,156.0516,96.6445,115.1603,100.17
"JUND",461.7146,471.3736,140.8875,483.6428,333.0937,231.2785,117.4252,507.1721,374.6267,433.0448
"TRPM4",85.6569,103.8355,45.8313,83.7582,167.8492,43.7379,41.7475,78.6878,84.3379,83.0087
"CRB3",66.1312,122.1957,31.3091,56.4495,129.7007,51.3095,78.8438,69.5351,82.1604,90.881
"OLFM1",9.0742,11.1661,16.1634,8.486,6.0519,9.8088,4.9677,14.4398,7.3093,11.8575
"CAMSAP1",7.7609,8.4805,15.6811,7.8355,7.3041,7.631,2.7226,12.0685,5.4388,8.8777
"UBAC1",55.846,54.6541,60.5321,43.5954,77.2409,70.4788,74.2752,62.795,67.0541,59.3475
"ZBTB46",1.7758,1.5287,2.7865,1.7541,0.6776,1.5316,0.5145,2.5097,0.917,1.9158
"HELZ2",7.0424,8.1898,6.7427,9.5956,8.098,4.9085,3.2854,13.2519,10.2053,12.3378
"LSP1",31.9616,28.2868,23.026,36.726,13.4992,20.2869,16.474,34.6023,11.3362,35.6542
"COL5A1",21.3498,30.8131,58.6733,25.8048,17.3001,13.5454,6.6231,56.7704,9.706,35.4901
"ATXN10",45.0017,47.7866,59.3376,35.7617,42.8455,59.3772,41.2325,57.0582,31.4667,41.8627
"TUBGCP2",31.6371,37.7431,28.0523,26.3264,43.1618,25.1691,10.8861,40.4478,29.7312,31.3185
"PNPLA7",4.4087,3.2092,2.7484,5.203,4.1846,3.4332,1.3265,4.3171,4.797,3.083
"PAK4",41.2919,38.0393,27.3919,31.582,61.2285,29.1128,24.3079,39.6947,44.1241,39.0096
"MNX1",8.9097,2.3059,2.7333,3.7539,5.9933,3.3665,4.0114,3.5294,4.5317,7.5088
"CEP85",9.3075,7.1935,6.6983,6.6324,11.4415,6.3434,5.7722,8.2505,8.101,7.0731
"TAF4",5.8434,6.7512,8.1459,7.5805,8.714,4.6712,3.2577,6.6485,8.1678,6.947
"LAMA5",13.5567,27.0385,44.8719,17.832,5.9637,15.091,3.2841,50.0806,6.6591,24.0268
"OSBPL2",15.6654,15.5429,16.3741,18.1985,19.2804,14.0581,9.2015,18.2474,21.4084,17.6968
"ADRM1",46.4962,80.0462,43.0607,44.9441,71.6191,50.74,41.1605,64.4189,43.5775,60.559
"ASS1",360.3359,642.1935,202.1211,171.0997,468.7913,306.5927,455.0029,281.515,787.7902,354.0952
"EXOSC2",12.0631,12.4985,13.5611,9.0252,15.5143,17.4241,15.4156,11.9714,9.9048,9.922
"POMT1",10.379,9.1889,10.5243,10.8137,12.8946,9.5427,6.6464,9.5622,10.8755,9.8166
"UCK1",35.0949,30.0318,53.0974,28.8236,28.8556,59.903,36.3558,38.1978,19.7801,32.0212
"PRRC2B",30.2366,27.0476,44.8131,30.0309,27.6099,20.6075,8.1656,45.1272,19.3171,28.1329
"CHMP2A",187.4774,217.1049,149.3807,178.4685,239.6658,218.0889,189.2252,186.3794,230.6553,212.4679
"UBE2M",86.0167,105.5597,90.4693,73.989,103.8536,119.8626,79.259,117.2449,81.8752,101.016
"TRIM28",128.6132,195.184,175.0144,120.4281,228.1664,134.5374,72.4788,188.1269,136.2659,171.4825
"YIPF2",58.7936,44.074,28.3171,25.1295,54.2506,46.6422,69.8705,35.5241,29.5492,34.1732
"ATG4D",35.3788,39.6733,25.6824,40.3429,57.6476,28.1092,33.3196,41.5437,45.7413,40.5154
"EIF2S3",132.5458,127.6033,231.255,118.4661,126.9382,197.4604,149.0024,158.6565,138.478,126.2954
"ZC3H4",20.9598,25.2155,29.2478,26.0638,30.8647,16.6779,8.106,29.6437,21.4913,26.3076
"GMFG",43.4562,33.5125,26.0805,51.775,12.7994,48.7581,68.1049,32.4894,15.6422,47.4906
"MAP3K10",6.2897,5.2621,5.1097,4.4111,5.5349,4.8411,2.321,7.1525,3.2773,5.5698
"ARHGEF16",31.5384,45.6694,20.5869,35.061,65.1414,22.3071,24.4043,34.7357,62.0781,35.7568
"LRRC47",32.8326,35.0701,43.2435,28.6012,42.9995,36.4312,19.4651,37.1053,30.771,35.7632
"SESN2",38.0532,17.3165,28.0155,34.3135,49.721,22.7952,19.1862,16.374,25.1311,40.7193
"ATP5IF1",185.4119,148.4644,124.5276,139.6545,263.9426,226.9551,392.7947,152.6489,182.7649,160.5628
"MED18",31.5714,19.4023,31.7703,33.4255,50.1575,41.701,82.1642,18.4739,34.7282,26.5898
"CLIP1",14.1777,17.6875,31.1394,14.3279,8.786,21.7038,4.6363,22.3933,12.3902,14.7827
"HIP1R",20.4221,21.2789,12.6547,25.5321,32.9832,8.9229,8.6143,19.287,27.6976,24.9188
"PPAN",2.399,3.475,3.0387,2.6605,3.8073,1.7179,1.3084,3.9953,2.6614,2.7168
"EIF3G",91.7832,94.4655,99.9023,59.5462,85.2821,99.2071,72.503,99.0006,60.3657,92.9844
"SHFL",6.9826,3.5962,8.6338,7.6353,3.3072,7.3575,3.9246,6.1208,6.6808,5.8266
"DNMT1",9.2784,13.4657,10.0395,13.6414,18.0115,5.318,3.9699,14.4927,11.1085,13.5231
"SLC6A8",75.1859,65.9343,94.5423,169.4336,144.9723,72.1466,47.1489,85.5946,218.41,105.7923
"DKC1",38.9683,69.6121,40.1062,30.2355,76.6893,43.3442,32.3485,47.5137,43.7386,37.6547
"PLXNA3",6.7258,8.4116,7.4708,6.8832,4.1496,3.8397,2.9437,9.632,10.5223,7.9434
"MPP1",17.9945,15.9516,21.9555,20.3957,15.2783,18.0587,12.5799,20.0199,18.7523,17.1615
"ZNF236",3.084,2.3431,4.8781,3.5739,2.3771,2.6281,1.0048,3.8735,2.6152,2.3286
"LRP3",11.3875,15.5247,18.587,9.483,9.0713,15.3274,7.006,21.9794,5.3507,15.2268
"C12orf65",6.7062,4.6546,8.4861,6.6834,7.7894,8.7066,8.111,4.0758,4.2568,6.2216
"NOL11",23.3689,28.7763,34.2676,24.5492,34.1776,33.9314,25.8122,25.3232,24.7588,22.5601
"UBE4B",22.6232,17.5907,37.2304,24.0005,23.3708,19.8147,9.2363,29.126,20.571,21.4477
"CASZ1",8.4352,10.5815,15.5958,12.1605,11.1651,7.0915,2.6958,12.9147,11.4216,10.6279
"HABP4",5.695,7.0791,15.5412,6.6889,2.5487,12.0037,4.508,9.6976,2.6361,9.3691
"SLC35D2",10.8756,7.3815,7.4287,7.8931,11.7811,9.7839,15.2777,7.0535,11.9676,9.6439
"PRRG1",6.5846,5.7828,7.9464,5.6408,5.6355,8.4424,5.3092,6.4535,6.4495,5.5963
"UBA1",125.7644,225.1933,167.5178,147.2287,219.1671,100.1385,65.7958,207.4804,207.4825,198.1666
"PPIL4",34.7383,24.5005,37.8437,26.9348,24.3649,46.8242,38.3881,27.1148,25.8917,22.4949
"ULBP2",0.2671,0.4375,0.2054,0.2257,0.3956,0.3484,0.0993,0.2775,0.0594,0.464
"AKAP12",28.3833,95.7489,83.8711,42.373,6.5552,46.99,7.7206,139.4062,10.4387,40.0948
"ULBP3",0.9989,2.9528,1.4104,1.0654,3.4263,1.0217,1.0654,2.0416,1.7829,1.2278
"LATS1",10.8522,9.4544,22.7349,13.8115,10.0644,12.3969,6.5104,12.8707,11.3931,10.3942
"EPS8L1",11.9228,44.669,4.1077,8.9842,25.3515,5.3123,5.97,12.3675,22.3874,22.2769
"LILRB2",10.4048,6.6462,5.0985,3.7477,1.911,6.3536,3.8014,6.7218,2.4483,3.8521
"AAR2",39.5589,50.3942,57.6013,33.0125,47.5506,52.3226,31.189,52.1436,34.036,43.8283
"RBM39",36.4783,32.6918,39.5153,40.8539,33.2023,31.4773,26.9667,41.5686,34.9803,29.6417
"COX4I2",3.6551,1.9843,5.329,3.941,1.1483,7.4161,3.9635,4.9052,2.8426,3.1635
"GGT7",34.4325,27.6255,26.0784,21.8713,32.7125,25.9626,28.5571,34.4519,20.5988,27.3429
"ACSS2",118.0304,93.3596,104.7735,116.0505,221.7769,96.444,86.3236,125.02,329.9993,128.2989
"ARHGEF9",9.0201,7.4594,14.1743,8.4792,9.4888,10.1759,5.3513,12.618,7.4427,7.8157
"PYY",797.2829,563.2797,160.3024,188.609,333.1783,304.0471,375.2321,308.2954,99.2326,517.0599
"HIGD1B",0.8763,0.6698,1.887,0.8639,0.7158,1.3335,1.2924,1.6995,0.3635,1.4207
"ATP6V1E1",110.3968,109.0377,114.0413,96.9711,111.307,157.5342,132.3903,112.1557,114.1054,106.0455
"ZNF227",3.819,2.9331,6.7086,3.9827,2.6996,4.4809,2.8901,3.7799,2.3761,3.2484
"ZNF428",14.8271,16.2753,12.0668,10.8167,11.6869,12.4793,8.6224,18.4722,5.7656,17.6826
"ZNF141",2.4441,1.6778,4.2303,3.5383,2.2182,3.276,2.9089,2.7519,3.0914,2.0617
"COX4I1",372.5465,331.0574,249.2039,257.1596,410.1221,447.9539,775.6737,308.1649,336.5826,343.2699
"EMC8",13.721,22.542,14.7316,12.4205,24.6822,23.8483,19.5853,17.6254,17.3808,16.6242
"GSE1",22.0022,20.0196,30.3709,22.6842,22.866,14.8946,7.1613,33.0805,20.9292,20.3372
"GINS2",8.4669,13.4935,8.4626,12.0751,25.8646,13.438,21.726,15.8671,20.6281,14.881
"CHMP1A",52.0149,68.1231,43.3543,52.3279,93.6918,68.3837,46.4893,62.5362,68.2758,71.5076
"SH3BGRL",304.973,221.1127,709.0183,254.9238,101.0891,611.8959,256.3525,335.6596,103.8781,247.8895
"COX7B",174.0167,163.5472,138.0418,133.9234,190.5365,303.3461,596.523,156.4591,179.1707,169.2065
"F12",3.9927,4.8745,1.5258,2.5693,10.2616,3.8536,7.6489,3.8602,7.0153,4.158
"NFATC1",3.7247,8.0809,7.1675,7.2936,1.0802,3.4196,0.9796,9.0121,1.8787,6.5633
"IDO1",3.9435,2.5576,3.276,6.479,0.6608,3.6449,6.4428,4.7496,2.3399,4.8984
"CAP1",369.7354,587.8282,401.6053,383.3591,576.7726,409.1932,301.851,438.2373,539.794,428.7292
"PPT1",102.7635,79.1457,133.7314,79.7073,46.6054,164.055,131.4203,105.8418,42.1336,79.0964
"RAB11FIP4",10.2147,12.6842,7.1993,11.8945,18.669,5.2959,4.9958,10.3295,17.1599,12.0205
"RLIM",8.6528,12.9164,16.1201,9.4914,9.9762,12.4886,6.1568,16.8693,11.6021,9.0929
"ABCB7",17.1047,13.8689,21.2344,13.931,15.9245,21.4037,16.9062,17.0607,13.5462,12.5775
"TRAF3",15.0066,21.4897,17.0918,21.1266,18.0419,11.0251,6.645,21.031,14.9683,18.5055
"HAUS8",4.2814,5.1727,3.6182,7.8283,6.0832,4.1752,4.1454,4.1325,4.3536,5.5136
"MRPS25",18.8466,17.3407,22.2959,17.6436,25.3619,19.2974,15.8474,20.6847,19.474,17.9526
"SH3BP5",4.1607,5.5561,6.0005,3.786,1.3626,4.2489,1.2207,8.1297,1.3905,3.612
"HACL1",16.5317,13.2576,15.594,12.7764,16.5228,22.1924,16.1392,15.6884,11.1866,12.989
"TBC1D5",14.8053,12.8638,23.8734,14.2716,13.0296,13.1736,6.4119,19.7925,11.2575,12.9356
"CAPN7",16.2681,14.0435,29.6489,18.388,14.0716,24.0073,12.379,19.1153,15.0661,15.1738
"RBSN",11.8789,12.2677,26.832,12.9241,10.5959,17.264,6.8458,19.1976,9.5334,13.0594
"NR1H2",53.7574,57.3151,53.4172,44.0182,48.7253,54.4581,40.1265,60.6684,37.8464,45.4912
"LRRC4B",3.1196,2.0115,3.2806,2.0382,1.3129,1.6781,0.6986,4.1758,1.3541,3.352
"PDLIM4",14.9919,29.4086,33.829,16.079,4.6544,29.9609,9.7331,35.6479,3.1025,24.1712
"KIF3A",3.7502,2.7556,7.0226,4.7108,1.8408,4.9948,1.778,4.5908,2.957,3.2882
"MGAT1",50.4696,51.8021,37.6338,33.1737,49.8189,51.0136,40.4289,48.2982,29.4379,46.1196
"GFPT2",5.7299,7.6708,9.5654,4.7709,1.312,7.028,1.9096,10.1911,2.4673,5.5106
"TUBG1",24.1813,44.3894,24.9033,24.8698,47.4169,26.978,22.9317,34.9488,30.7016,33.462
"PSME3",54.3834,98.8125,60.286,55.2323,96.673,65.7895,39.8075,80.3071,66.8469,61.1531
"RPL27",935.316,662.8817,874.6085,500.9773,628.9359,1702.3738,2656.0528,704.2449,493.9694,743.4756
"PSMC3IP",1.9366,1.8744,2.9431,2.8051,1.8997,3.7287,1.7742,2.8127,2.213,2.3827
"AOC3",82.3724,130.5662,287.0307,118.9708,21.6407,171.5446,26.8296,257.0507,20.4227,153.3268
"ACLY",62.1536,95.5041,69.7009,58.3914,94.6103,50.2223,30.2429,92.483,117.8079,67.3083
"VPS25",74.4872,72.9982,53.9075,57.7804,104.8259,91.5927,103.275,70.1511,75.2948,69.1702
"RAMP2",37.0998,23.1924,47.1414,24.3214,13.6079,41.7156,23.4245,34.1307,23.5228,33.9803
"NDUFA2",65.6323,56.7382,43.102,45.5857,67.3319,88.6711,187.3122,53.7546,55.4239,64.1905
"DIAPH1",51.586,181.5543,42.1803,56.2182,112.6059,39.7646,24.7813,79.1312,73.7804,70.1523
"NDFIP1",73.5478,60.0294,92.2087,60.8188,58.3917,106.1452,84.5034,67.7013,67.6567,60.3489
"UBE2D2",86.2432,85.7271,95.7321,82.5312,103.6861,112.9904,93.7867,83.6203,99.7166,89.2583
"EXOC4",26.2305,23.9869,34.3042,20.3359,26.0614,26.6265,14.6121,27.8731,22.2869,21.764
"ANO1",8.3933,9.9744,20.1319,5.1796,8.9794,9.4633,3.8865,14.1266,4.2113,7.3128
"PPFIA1",12.9338,14.5691,13.8361,12.1025,15.5391,12.1239,7.3398,14.2601,15.8896,11.5672
"TMEM204",16.6597,17.5006,27.0872,14.0711,7.6913,25.6686,10.3133,21.0469,9.8947,22.6393
"KREMEN2",0.3045,0.7029,0.2342,0.579,0.533,0.2648,0.2547,0.2486,0.2707,0.4628
"THOC6",27.8273,28.2913,23.0991,21.5457,45.9499,27.1325,29.0465,28.8262,30.2896,31.887
"TRAF7",72.8804,66.904,65.6735,58.5648,98.1373,58.1973,50.9174,77.3356,77.5086,62.0251
"NINJ1",44.5855,59.5435,53.9915,37.433,27.1975,75.8246,46.51,62.8885,19.9618,40.2799
"NPHP4",2.2827,1.3752,2.0689,1.6705,2.6146,1.3012,0.7451,2.2672,2.0341,1.7249
"MAP1B",10.8793,13.186,29.8879,11.4555,2.9981,13.6497,2.9022,34.9693,4.2526,12.2831
"IL13RA1",122.9549,95.2255,129.3942,98.705,115.0606,124.1678,87.0752,108.9763,144.9127,92.1808
"WDR44",12.1237,13.7867,23.4298,27.8942,10.4897,15.9766,6.689,18.7934,12.5778,11.7929
"CKMT2",1.3763,1.356,4.9056,2.1188,0.622,2.8404,1.3248,3.3105,0.3226,1.6429
"ZCCHC9",12.1053,7.7735,14.3268,9.6767,8.5828,17.9372,19.5123,8.9143,9.7619,9.237
"TNS4",3.1572,8.5757,6.6407,7.3737,10.9076,1.3681,1.7821,21.7015,11.0248,7.8598
"TOP2A",16.856,30.282,31.3364,33.8353,61.9962,28.8973,25.8858,34.9011,59.087,37.2198
"STARD3",17.5761,17.2039,18.1827,20.4284,16.2703,19.4996,14.3976,16.85,16.2485,19.0791
"RARA",23.0068,25.1225,20.0443,25.3002,22.3827,17.1289,10.0211,30.4092,21.6014,27.5887
"PPP1R1B",303.1948,181.9043,137.6533,133.8773,388.3905,189.8193,310.6134,207.4043,204.0352,159.5029
"KHDRBS3",3.7769,4.2315,6.7455,3.6593,4.0873,5.2273,3.5806,5.0627,4.6924,4.3642
"PEX11B",64.1985,44.9091,62.9465,54.3262,65.6504,77.341,85.66,41.3448,64.7099,48.3135
"FMO5",33.8234,19.7793,25.5114,37.035,43.2248,32.5165,43.2591,24.3946,49.3916,22.1259
"PIAS3",8.8934,8.6179,17.3088,9.2633,7.0334,9.7104,4.869,13.48,5.5563,8.8931
"PRKAB2",19.5284,16.3189,72.1429,23.6058,12.6721,50.8149,21.1861,28.2481,12.3647,18.681
"PDHA1",71.3166,71.4713,65.872,63.9442,105.8122,60.7475,53.1233,81.8951,95.6806,63.9103
"RAI2",21.7997,21.1022,51.2849,24.1615,7.3982,36.4251,12.5147,34.6197,8.6733,28.467
"MCCC2",50.4963,42.4639,39.9366,41.633,66.9236,34.8821,29.3561,48.1497,54.401,32.0606
"ZNF304",5.9224,5.9787,13.1856,5.8544,3.4835,9.4962,4.0388,9.15,3.9406,6.2231
"SELENOS",87.2738,111.0177,58.9152,64.6849,116.7285,107.5977,140.2005,79.3509,122.2103,87.1527
"CHSY1",14.8507,18.0841,16.5986,12.4684,10.4384,12.2842,5.5797,33.9222,9.8297,13.4261
"SNRPA1",16.4814,18.0183,14.7746,19.4019,21.9856,20.9386,23.1265,18.5085,25.441,16.3058
"LLGL1",11.4642,11.5305,18.893,9.7047,11.0748,13.4104,7.1722,18.2962,6.5411,12.7206
"NR0B2",2.4925,2.598,1.4909,1.6165,3.9154,2.329,4.0969,2.2716,0.6802,1.152
"THAP1",10.2011,6.686,18.8619,10.617,8.4641,21.4113,18.74,8.9003,8.5611,9.309
"RHPN2",44.9004,208.9842,23.7808,57.1433,87.0067,42.2053,23.0118,187.1177,96.6033,51.0922
"C19orf12",12.5701,9.5378,16.8277,12.7042,8.8745,16.4903,12.0427,13.5028,8.8108,10.8842
"FAAP24",3.7077,2.9711,3.5765,3.5177,4.2016,3.7505,3.7091,4.1417,3.8002,3.4528
"ACTR10",42.1272,41.1625,61.7872,40.0423,39.5271,70.0745,60.8247,44.1226,42.5326,38.6468
"GCH1",28.8593,36.6161,17.9076,25.7792,30.7789,31.6182,26.8786,31.4315,41.9896,24.5299
"LGALS3",1729.9522,2258.6822,1130.7157,1496.7098,2847.3223,2436.6219,3936.1049,1692.5405,3541.4811,2052.1141
"DNAJB1",47.7705,47.5161,42.3462,45.2727,45.2238,49.0711,44.2447,50.8537,33.716,51.1079
"FBXW9",10.7071,9.0141,5.8682,4.4416,14.8863,7.3356,9.9924,9.3374,9.4574,8.0508
"RFX1",10.2018,14.3785,7.0819,8.5197,12.0103,4.4759,3.8396,12.0403,9.5266,11.2423
"DCAF15",24.4137,19.8519,21.549,23.0744,25.1508,17.8815,16.7684,20.9677,21.6494,25.0161
"CC2D1A",46.3841,45.1753,38.423,51.2158,90.4273,22.9226,25.0742,47.3092,59.1262,42.9728
"MATN3",0.8407,0.1854,1.8857,0.2869,0.0914,1.4761,0.5049,0.8399,0.2515,0.2949
"TRIM21",45.7835,37.9245,57.0684,40.2921,40.4716,54.5655,55.2931,35.915,40.8273,41.2148
"SPATA6",5.6537,3.2461,9.5909,4.6684,3.1131,7.6242,4.231,5.6066,3.603,3.7727
"LRRC41",29.3254,33.3246,31.4838,21.1999,35.1493,27.6451,16.4993,31.3599,21.0848,25.6233
"CCT6B",1.1889,0.8427,1.0027,0.4571,0.5267,1.3749,0.9746,0.7041,0.4993,0.7107
"DHX30",25.1034,31.1988,26.0051,21.7699,32.3965,24.2455,12.7204,32.0484,17.579,26.4892
"RAF1",20.3485,19.1806,23.5319,18.5648,20.2697,22.4878,14.7539,21.1619,16.4901,15.4336
"PPARG",37.1714,40.8405,36.6863,55.9111,77.3747,32.5471,53.6168,38.3981,50.7056,59.7683
"NUP210",14.3537,21.7259,11.2105,27.3739,20.0146,6.0447,5.4844,19.3502,14.9968,19.1609
"HSD17B7",3.7744,4.2231,2.889,3.4212,5.0849,5.3866,7.1174,4.6858,9.6851,3.1438
"ENOSF1",9.6118,6.2797,7.1991,7.976,15.5006,6.2276,8.6427,8.3877,8.0769,5.7465
"EMILIN2",14.4664,9.1277,9.8634,6.5559,5.8414,8.9517,6.4866,13.8765,3.7482,7.357
"ARFIP2",34.4004,51.8602,24.6603,25.171,52.86,43.9269,53.1244,35.3822,32.5636,31.766
"TRIM5",10.0881,7.2876,13.8199,9.1281,6.8965,8.4484,5.0686,8.9239,8.2061,7.454
"TRIM22",23.3806,12.2387,31.8194,24.6618,5.6222,34.3004,15.435,19.0736,14.0907,15.588
"RRP8",8.8844,8.1096,12.4949,6.3998,7.8742,12.9034,9.2046,8.2135,6.0107,8.5994
"TIMM10B",40.5981,33.4693,61.9923,31.5025,51.6455,70.3633,55.8664,46.4654,43.503,34.0209
"EFR3A",32.5062,33.6075,88.5936,45.0488,24.5969,61.5465,25.6617,49.3643,32.5553,32.0532
"PTCD3",19.9235,15.899,21.8352,17.5913,21.2826,20.263,20.1103,19.0947,18.3322,13.6657
"IMMT",100.0915,107.2073,120.8104,101.6979,147.6646,86.476,70.9635,107.4362,130.4169,100.1859
"MRPL35",68.5242,52.7666,70.2867,56.6984,94.0091,84.2704,82.8236,65.7147,88.6228,56.5848
"ILKAP",14.0956,15.3742,15.1297,14.2441,17.2992,19.262,18.8722,14.9123,13.098,15.1736
"PER2",16.5166,32.0901,11.9721,12.9458,15.2528,10.6491,5.566,40.952,24.6179,14.2417
"RAMP1",77.9033,82.08,154.0558,45.3812,8.7072,170.5203,81.2588,129.8531,4.4213,91.6713
"PTPRE",8.7068,9.6446,10.2333,10.6401,8.691,8.6781,4.6077,13.1222,12.3675,9.7214
"RAN",116.9946,161.8933,131.6259,103.2845,165.4241,189.0781,208.4011,150.3258,125.8274,122.7033
"PRKAA1",51.7509,37.4117,63.1523,47.1623,43.8084,56.6853,50.2201,42.743,53.546,31.5311
"CARD6",6.6257,2.4221,8.8313,4.1585,2.5496,6.1473,4.4504,4.16,2.8915,3.731
"RAP1GAP2",22.3741,13.5217,15.6563,14.3317,26.3598,10.2511,8.4403,19.7113,21.2299,17.0783
"CLUH",53.3801,95.6642,55.8416,49.4986,150.0297,33.2668,23.2015,81.6407,73.9789,64.7925
"INPP5K",25.9002,20.9196,25.4643,27.3181,27.5486,25.0413,20.67,25.0166,21.552,28.0794
"MYBBP1A",16.3998,29.3394,16.509,17.6121,35.4512,10.0838,6.7314,26.3489,19.1114,19.2942
"RPA1",43.393,53.7669,70.0747,46.1135,47.7878,54.8099,26.0598,62.9999,38.1043,50.7351
"SERPINF1",136.4403,69.0474,124.2182,89.286,30.2222,127.4308,50.8815,114.0889,31.9339,61.4934
"UBE2G1",36.4428,49.2392,61.9694,47.4809,44.7041,58.2735,27.033,48.964,44.2891,44.4654
"EEFSEC",19.3433,28.1247,22.9106,16.1419,30.9471,15.9317,12.8482,26.7518,14.8614,23.5453
"TBC1D14",22.6073,16.7357,21.3201,15.4869,21.1849,15.9749,11.013,20.7995,17.6704,13.3417
"COQ3",20.5815,22.7361,28.5982,16.8553,29.8768,34.4778,31.6801,24.2712,29.0578,21.888
"PNISR",16.7485,9.9596,26.4292,25.8741,10.3618,19.0827,9.3481,18.2288,15.7442,9.3968
"SEC61G",58.7152,73.567,55.0366,52.223,74.3165,86.8645,83.0605,70.6291,88.7024,63.8927
"LANCL2",16.0567,21.2602,18.824,12.231,19.3803,16.6445,10.3456,18.9067,16.9224,15.9835
"FIGNL1",4.3414,5.1581,8.9343,5.9108,7.3253,5.9596,3.8715,8.9266,5.4935,4.7373
"DDC",64.2247,53.513,52.9391,38.5926,98.4589,46.4274,65.7957,58.7468,72.0957,53.3928
"GRSF1",48.9417,45.2336,56.1762,45.8438,65.4932,53.0806,37.9694,49.2615,59.3879,40.362
"JCHAIN",9894.0047,4463.8802,5638.0057,5087.5185,2900.8434,11530.196,25167.5876,3757.633,5288.682,4437.2274
"ANKRD17",27.7732,29.6939,36.0658,28.8316,35.1919,17.0854,9.0225,31.6201,31.8678,23.6274
"UTP3",37.1233,52.3111,48.4672,45.1227,46.779,40.718,20.3793,60.2392,39.8546,43.2369
"ITGB4",106.9206,143.6701,96.1862,117.7339,226.7524,48.3062,41.582,135.9817,165.5089,150.9238
"WBP2",79.5057,61.4989,74.5496,67.7666,65.0992,75.0375,43.4772,75.6433,77.8295,66.1509
"H3-3B",248.6139,360.9898,275.7453,254.293,283.9887,356.2779,195.2931,359.1027,257.5703,278.3145
"UNK",13.4899,11.6647,15.5106,12.6318,12.3158,14.7207,12.8871,14.885,11.0419,11.9915
"ZRANB2",30.8421,17.1815,53.8945,37.0524,28.8379,49.9808,45.173,27.7226,35.2083,23.9092
"EIF5A",268.4739,336.8124,208.6676,186.8771,429.4533,270.5024,338.3633,272.9034,243.6473,238.0606
"KDM6B",22.938,25.1671,24.8496,25.76,19.4495,14.7396,6.777,49.917,16.66,22.8578
"CLEC10A",57.113,16.6891,30.5452,13.4853,9.5486,29.985,41.8575,29.6049,6.9643,25.1716
"XAF1",1.7944,0.7224,2.8191,2.3345,0.7621,1.9571,1.1524,1.5923,2.2041,1.5997
"DLG4",4.0331,2.1225,7.4059,3.099,0.9526,4.2674,1.4893,5.4823,1.418,3.469
"RIDA",39.3733,23.659,41.2795,35.5258,33.4855,55.0988,62.1276,28.2145,47.956,24.5852
"VPS13B",5.9459,5.3112,13.8192,7.413,5.3455,5.9685,2.7918,9.2837,5.2949,5.1353
"REEP2",5.7791,9.7884,25.8685,7.5933,1.4653,12.9282,2.5339,16.0222,1.3679,10.1678
"PCBD2",4.4309,3.2215,5.3702,5.0225,5.5318,4.7962,5.041,4.0822,6.0543,3.8633
"SDF2",43.3647,35.3502,39.2341,31.9086,44.4883,59.7396,79.3707,36.7684,36.8694,39.5052
"FLOT2",154.1383,108.8309,133.1561,105.5047,128.3235,115.7334,83.6546,121.1272,69.6551,110.9875
"ERAL1",49.4654,54.8539,47.2166,41.9689,79.0105,49.3507,44.8938,54.4883,51.3281,51.8029
"PRMT7",8.3982,8.698,7.9032,7.0961,9.7146,8.1789,9.4849,8.5703,6.4277,6.948
"NIP7",14.9051,21.2108,16.9184,14.6878,20.9813,26.0311,20.5969,20.2388,16.9033,13.4052
"TERF2",13.6989,19.0382,18.7727,21.2455,17.1555,14.0348,7.7774,17.9435,13.544,17.6368
"VPS4A",23.0754,26.737,24.2223,21.5927,34.2687,24.584,16.444,25.4573,26.8596,25.6274
"MTSS2",8.5519,7.8382,22.4775,8.0224,2.2919,10.3704,2.4064,15.1801,2.0978,9.7522
"HSPA12B",7.3985,5.4405,13.0424,5.6743,3.1571,7.6458,2.4121,10.6939,4.7801,9.2759
"PCNA",163.1431,210.1659,166.3424,167.8387,269.3362,218.53,258.4037,218.9205,208.9117,192.1624
"NXT1",33.2908,41.4498,24.2736,23.62,34.6323,56.8637,68.1627,43.6089,22.9807,37.7175
"POLR3F",10.5743,9.4103,18.221,9.7936,7.3759,19.8669,14.2565,11.5416,10.2425,9.2059
"RIN2",20.1422,18.2091,26.3754,21.9804,21.3813,19.3874,17.0433,24.3435,26.9524,18.2814
"PTPRA",54.3748,45.234,78.1176,56.939,49.2399,56.5496,33.2118,61.2903,52.1105,51.8265
"DAP3",52.8313,54.1992,60.8293,43.4766,56.5757,70.6784,63.9639,55.6167,45.2668,45.1269
"NES",13.0561,31.5566,30.5532,18.3046,10.2963,18.2248,3.9765,40.0388,10.6875,31.4458
"BCAN",1.2402,0.9695,1.1894,1.1857,1.6526,0.9761,0.8625,1.3996,1.2805,0.845
"ARHGEF11",24.5373,26.2992,28.3791,28.6867,26.0833,19.1683,10.1405,37.3147,31.3061,27.6421
"RAB25",241.1453,186.9022,115.3898,159.3545,361.3497,200.5278,288.8662,165.1477,241.7501,179.794
"DCAF8",12.54,8.2041,20.0977,14.2634,8.1256,16.7683,8.0367,13.9682,11.482,10.0929
"SYT11",14.9823,17.9424,43.3605,16.0484,4.1881,21.3476,6.2299,32.1331,6.6669,20.0219
"IGHMBP2",6.581,6.0615,9.3625,7.5135,5.0066,5.8171,2.4428,8.0251,3.8416,6.1156
"TESMIN",5.1656,1.8528,2.7634,2.5634,4.9267,2.5979,2.6108,1.8103,3.244,1.9884
"MMACHC",7.2647,4.9324,5.9566,5.7589,17.0131,6.3104,7.6938,5.2205,7.4232,5.6434
"DPH2",19.7689,34.0346,17.6899,12.7776,43.4266,19.5524,15.8372,23.3573,17.9571,18.6567
"TOE1",14.9504,22.1361,17.9493,18.4648,22.908,21.9283,17.43,19.3937,16.3652,19.242
"NASP",21.5026,28.4234,27.2237,29.9446,34.4039,22.293,13.8024,29.7214,32.4721,24.8707
"CTNNBL1",28.2352,36.2276,39.4259,29.0746,32.8975,36.6676,18.0268,36.7873,25.5214,35.914
"LPIN3",9.8023,7.2704,7.5607,17.5934,16.2965,6.013,7.8264,11.8968,22.3946,7.5984
"ZSWIM3",5.1568,4.036,7.6068,6.7568,5.2754,4.9987,8.74,4.0421,4.9381,5.7271
"RBM38",87.985,131.1841,148.1866,89.0427,76.4467,122.4478,52.6732,138.5528,43.8941,110.4526
"PPP1R3D",7.6492,6.8215,12.3708,8.4158,6.5769,9.3417,5.1132,8.7609,8.4828,8.0198
"AP3B1",39.7028,46.9931,46.6456,37.9822,52.6299,30.3716,23.6003,47.0747,57.772,38.8938
"ZBED3",7.1192,6.2562,10.9256,6.1068,7.14,6.1289,2.9685,9.7505,5.8487,5.5397
"PATJ",17.4044,11.1421,15.4465,19.2888,23.3529,11.9024,9.416,14.4856,18.9271,14.8069
"FBXO44",7.6553,3.6735,9.9267,7.2616,2.396,9.2314,5.2626,7.6834,2.6735,5.9273
"CPLANE2",6.5055,4.0483,7.2596,5.1687,6.9247,5.7131,5.7698,5.0104,3.7253,6.8213
"CASP9",9.4075,15.3081,8.0501,8.3492,12.0835,9.8428,6.6806,15.0278,12.1362,12.0401
"DCTN4",26.6374,26.5374,50.7107,25.3057,25.0686,41.8662,26.1827,36.3053,25.2949,24.0478
"USPL1",10.0197,6.9107,16.1779,10.8179,5.462,13.8404,9.9597,9.0779,6.5092,7.4331
"XPO4",7.496,9.831,12.5628,7.4611,10.6411,8.1508,4.3562,11.4528,7.6748,6.6514
"POMP",169.1036,196.2002,157.3786,165.9088,187.0355,263.1595,288.0127,172.9054,212.1337,169.7905
"CDK8",21.4257,17.4698,32.6329,20.0564,23.3154,27.6518,22.8024,21.5874,25.7559,19.1855
"ALOX5AP",33.265,20.4181,22.7989,35.8708,12.7183,28.6553,29.1203,25.2987,8.5842,25.8093
"WASF3",4.3158,3.7811,7.6913,2.9219,1.1119,7.4948,2.8655,5.1785,1.1927,3.1477
"CHRM3",2.5014,6.3483,7.6876,3.7434,3.6993,3.9443,1.0748,6.1116,1.927,3.7796
"MYH10",8.1711,9.9197,21.3592,9.7161,4.6635,8.2263,1.9499,16.3974,6.5438,10.6228
"PEMT",11.0477,11.824,7.3343,5.6059,13.5391,9.6902,10.2904,11.632,6.2654,8.433
"SCO1",11.7726,13.5443,15.7548,12.99,19.138,13.0595,9.1657,15.0682,16.9033,11.5677
"MPRIP",19.7115,26.7893,34.0739,26.4739,17.6469,22.9144,7.3408,37.4476,18.4663,23.846
"CHI3L1",13.0124,2.4,0.2718,3.6287,1.2707,0.9682,1.8135,2.2664,8.7414,0.9977
"PIK3C2B",21.5756,19.2228,27.0142,30.7108,35.6619,12.7391,9.133,24.609,27.305,25.8806
"SLC41A1",7.7797,8.2006,14.5763,10.4997,4.3814,8.8485,2.3074,13.9085,4.2862,8.1822
"LGR6",4.1684,4.2637,3.331,5.5391,4.9765,2.3174,2.242,6.837,1.3313,4.4264
"COG6",14.4468,8.6509,16.3015,9.9696,11.9874,19.6525,18.6917,11.0107,12.0133,8.1017
"SPART",18.33,14.5874,44.0418,16.6706,3.4097,37.2184,10.2063,28.6839,4.4749,15.642
"EPSTI1",10.7495,6.1792,12.4199,14.2427,6.3968,19.648,14.8628,10.0289,8.4485,14.3932
"POSTN",51.4098,36.0056,87.0301,72.9575,31.433,71.5201,42.5111,60.0389,34.5001,57.9575
"RFXAP",8.6966,5.5216,11.4861,7.5394,6.1787,13.2673,4.3944,7.7742,5.4931,6.0386
"TPT1",874.673,579.2328,758.8977,512.6719,490.3112,1355.8439,2166.1525,538.4688,564.8514,571.8501
"RFC3",10.0354,14.752,14.937,14.3119,17.2874,16.0576,13.8935,12.5933,15.1379,12.8956
"STARD13",11.3296,19.0402,36.7136,14.6418,6.1894,20.6607,5.565,28.7997,8.7119,12.563
"MORC4",9.6657,8.8397,10.935,5.9072,9.9795,8.8997,7.0927,9.6994,6.951,6.998
"BEX2",20.3416,14.0105,19.5369,9.4078,16.0895,29.8632,17.4325,18.5274,5.9934,12.6663
"RNF128",51.3311,38.3722,39.6356,55.9346,56.1487,36.4474,40.8252,43.4208,63.2424,39.3709
"TBC1D8B",6.73,4.0404,6.6675,4.5918,5.0513,5.5157,4.3891,5.2456,7.1369,3.3309
"TCEAL4",62.8934,47.665,107.286,52.4991,26.1205,103.7016,42.9262,69.8761,26.6337,56.47
"FAM104A",15.0318,12.5444,16.5654,13.4363,14.6991,18.3139,14.8639,12.2362,13.1563,12.2108
"SLC39A11",30.6593,30.6729,21.302,28.3748,37.411,21.2722,18.8433,27.9575,51.6193,17.5945
"EPHB2",37.1291,39.986,21.3342,19.9336,73.396,16.9029,14.3533,44.2722,40.8221,22.9966
"SRRM1",30.4041,36.1148,39.037,31.826,37.2205,28.2021,14.3509,40.6085,31.8874,28.5134
"BTBD2",44.2559,32.241,49.0342,35.1001,51.2355,38.7216,28.9447,41.4314,28.4559,39.8056
"PRAM1",1.8576,0.839,0.75,1.8083,0.3647,0.6596,0.6043,1.2866,0.6742,0.9254
"KMT5C",5.2053,4.0025,4.5362,6.167,5.5897,3.506,3.7753,5.2751,5.3423,5.4148
"HSPBP1",50.9436,75.7657,36.1098,34.9704,98.6447,41.0682,40.5327,62.8208,56.1654,61.3134
"CSNK1G2",40.6094,51.0072,30.7048,31.1396,58.1108,26.1617,19.987,42.7518,41.5368,42.8266
"SLF1",2.6945,3.1722,3.1967,2.9087,3.0853,3.0611,1.8642,2.8689,4.2835,2.9559
"CNDP2",47.6772,50.7461,34.9044,42.3159,64.2042,34.0525,27.0274,43.567,52.6961,41.5717
"MACROD1",33.6384,28.6779,24.7287,15.1304,26.8939,31.3267,30.8995,28.3078,15.8779,23.1003
"WDR74",8.5766,10.2899,8.6097,5.9596,11.6787,10.1123,8.7253,9.0603,6.4555,8.1797
"RTN3",90.541,91.5952,134.6895,96.4109,114.8731,92.6992,64.4932,100.2283,123.2766,97.3195
"PLAAT4",100.7508,42.8882,93.101,95.8993,31.1359,143.2955,147.9288,52.6437,78.9947,75.0455
"MYH11",703.8434,1385.1244,3906.5258,1153.1689,73.1127,1944.6796,210.8839,2505.0771,40.2293,1371.8795
"MED10",28.5055,30.0253,55.0736,31.4813,34.1309,52.6098,44.9521,37.1126,26.3987,30.7939
"PDZD2",1.3278,1.6708,3.5596,1.4808,0.6273,1.8696,0.3247,2.9852,0.9306,1.7474
"MORC2",8.0487,7.6481,9.6678,8.7328,9.0996,5.8408,2.9784,9.5856,6.102,8.3557
"LARGE1",9.5983,10.6267,18.606,11.5713,9.5989,11.3962,4.1993,17.9862,18.1482,12.988
"C1QTNF6",5.1129,1.6947,3.9411,4.629,5.2693,2.5826,3.0899,3.6229,4.237,3.75
"GIMAP6",26.2595,17.4647,35.7898,19.5012,10.6509,32.3518,20.8374,16.4887,11.9678,25.8818
"GIMAP4",56.453,23.0714,63.9763,50.3867,19.8786,57.2086,37.8981,25.9222,24.5379,48.2003
"ADCK2",34.0389,26.6182,23.8086,25.917,37.8871,29.9866,30.5659,30.1405,24.4849,32.9795
"MKRN1",107.0836,75.71,115.9759,109.364,123.1069,91.1206,60.5267,84.2983,112.7755,102.3272
"AGAP3",11.6189,11.025,13.0903,10.5403,11.0614,11.2382,5.9021,13.3411,11.7466,11.6632
"ACTR3B",2.3172,2.9353,2.5039,1.4506,3.2361,2.6381,1.9918,2.2229,1.8284,1.9366
"BTG1",129.8092,103.4542,114.5539,139.4862,114.9098,109.6319,84.996,101.9655,97.0121,106.8627
"ATP13A3",20.3867,37.5432,25.9398,22.1315,30.4632,19.395,12.3888,27.1552,27.5129,18.5537
"TMEM254",27.4443,19.62,26.8809,17.8265,25.0493,24.5295,24.2061,22.2951,22.6396,17.4531
"KRAS",38.1947,37.8408,42.6952,39.7938,46.2334,41.3486,25.7413,40.4021,45.7141,32.7735
"IPO8",35.3964,34.9527,50.0229,37.8137,39.003,40.8272,22.8398,34.024,42.0573,30.2858
"LARS1",13.5906,12.4909,17.2073,13.2379,14.019,13.9876,9.1924,16.9231,14.3435,11.1546
"SPINK5",37.1089,31.6652,6.8243,10.4895,39.848,29.3695,37.3382,12.1261,30.0908,24.644
"IMPA1",32.2315,29.4731,42.9155,42.5638,43.328,53.7811,42.3624,28.3688,64.8838,28.1822
"E2F5",3.6431,3.3724,2.7581,4.2568,2.4092,3.7475,4.2322,2.1881,2.219,2.3232
"CCDC59",17.6087,12.0146,18.423,14.3035,12.3791,29.0871,34.7467,15.8124,14.6629,12.4865
"SWAP70",21.7885,22.6885,29.6534,38.607,12.0972,21.4284,9.3923,22.0708,17.1654,26.9074
"ARNTL",3.9747,2.6726,8.556,7.8001,3.0745,3.913,7.3326,3.5876,4.9938,2.0323
"LYVE1",74.1618,32.6152,115.2355,41.7469,14.8075,111.4192,60.8398,60.1415,20.7621,39.004
"AMPD3",6.5095,6.1597,4.1582,7.4297,5.6264,4.3594,3.2496,5.1113,4.246,5.6535
"SBF2",6.5134,4.9102,11.4539,6.0519,4.2601,6.3341,2.8738,7.9695,5.1597,4.2606
"MICAL2",22.7608,45.0997,39.6965,33.5437,43.8083,25.0675,8.8547,43.476,48.3649,39.3345
"RRAS2",25.7224,24.9212,25.3926,25.5891,24.7856,37.213,26.0096,21.4257,19.5574,22.1649
"HSD17B4",44.0623,41.6067,39.9756,35.6131,48.7287,33.8423,30.1738,45.0972,47.7324,34.6827
"ZFC3H1",7.9883,5.3257,13.1906,11.1013,7.2644,7.5122,4.1396,8.3894,8.5522,6.3757
"SARAF",267.9339,224.7576,289.6332,269.8423,208.4389,333.0917,278.3343,261.4317,247.2537,222.8084
"DPF2",16.1213,11.9428,26.2059,14.5944,12.6353,20.1933,10.5081,17.4916,7.7494,16.5383
"MEN1",19.0586,16.3367,14.3965,19.2111,24.5588,11.4526,11.787,16.155,18.8395,17.5279
"ERG28",58.4315,45.8443,46.2583,36.5604,81.9568,54.8999,54.1178,53.02,166.1276,49.4604
"DGLUCY",30.3317,23.6858,34.2864,25.3289,29.7398,28.5062,18.0799,36.8417,22.9409,26.0598
"NUMB",35.8516,25.6432,39.4152,31.2805,36.6275,32.0773,21.8745,30.889,39.5445,27.4207
"COX16",6.9094,6.8971,6.676,7.3089,9.1922,10.6354,10.9965,6.9025,6.4069,6.624
"MED6",8.2954,7.0733,10.9852,7.7668,7.682,11.925,10.6843,7.8534,7.1557,7.451
"EIF2S1",32.8261,52.6206,52.0988,32.5811,47.1125,59.948,34.6029,46.4718,35.0318,34.4253
"LOXL2",6.9031,11.1523,23.1855,10.2326,3.4417,7.1239,3.6329,16.4756,3.6806,16.1885
"ELP3",17.9551,19.1266,27.7021,22.3315,20.7002,25.9857,19.9602,22.6647,18.0555,20.2734
"CTIF",10.2076,13.2242,25.7625,10.7029,5.4316,12.6002,3.6923,20.1605,4.7943,12.3083
"MBD2",38.5975,47.2911,44.8064,45.0436,49.6871,38.3381,23.3519,42.6427,43.7303,41.5872
"IER3IP1",21.7711,17.6748,26.1952,20.7497,21.2115,36.847,32.5421,19.1059,27.6296,18.7549
"MRPS36",64.1125,62.6366,59.105,57.9824,70.2209,100.8923,136.5346,59.617,86.0492,59.4325
"CCNB1",19.4729,42.6675,21.0405,34.7385,95.517,44.8943,62.3394,32.61,84.254,48.4786
"CDK7",25.5562,22.7476,23.7236,21.5136,24.4646,27.4021,30.2915,17.5042,26.5659,20.2116
"CD180",5.3478,4.5343,3.9675,13.0111,1.0928,3.1047,3.1695,2.5213,1.384,7.3676
"IRAK2",5.9986,14.2074,4.1031,4.94,2.9248,4.3833,2.5117,5.9701,2.2864,4.4532
"CAMK1",2.0077,1.8971,2.3232,1.1098,0.8666,2.3413,1.9777,2.6513,0.788,2.3385
"THUMPD3",15.538,17.8791,18.6458,12.6891,18.5329,21.7937,13.7492,16.4366,15.9506,12.0371
"VHL",18.2522,17.689,18.6566,24.4318,21.543,16.503,16.3082,17.3615,21.1789,17.9029
"BHLHE40",123.418,160.0845,56.6784,87.0266,60.688,80.5642,16.2897,155.2336,69.4576,105.8651
"ARL8B",66.5313,81.761,109.562,75.3713,70.98,118.2061,73.45,84.6024,76.1548,71.5323
"EDEM1",30.3378,40.3864,28.4132,39.1571,36.9467,25.8443,15.0646,42.4011,35.5673,30.5329
"DPH6",2.0111,1.5736,3.0611,1.5554,1.8647,3.4751,2.3333,1.863,1.5514,1.4635
"KATNBL1",9.4766,7.4518,12.441,10.1901,9.2536,18.1318,18.6512,9.9545,10.7515,8.1265
"EMC7",129.4993,129.1654,113.3224,89.44,126.1222,186.9699,173.0299,123.3546,124.8061,113.3689
"PRPF38B",27.607,19.0945,28.3375,26.5248,21.7604,23.4961,18.1666,23.6905,22.5582,16.0459
"REG4",138.2223,206.5663,15.7711,9.8629,234.9841,129.0436,79.086,46.8514,78.2405,26.278
"TSPAN2",35.3904,31.5985,154.918,32.4225,4.6847,114.6582,34.6115,59.2095,9.0777,34.1351
"GSTM3",20.6778,17.9309,54.4631,17.8093,11.1698,64.7753,39.2716,40.315,7.4234,29.3085
"VAV3",57.9165,21.8402,43.5421,51.4083,64.9577,39.5672,77.9403,23.0232,53.5668,39.0778
"PSRC1",3.997,4.2219,5.091,4.5382,13.5048,6.0279,9.4965,3.2258,7.1051,6.6354
"HMGCS2",281.2923,457.1338,926.8924,638.9584,1115.9714,256.3499,433.0176,975.0858,1186.6929,583.4609
"PTPN22",4.3388,3.0582,2.8459,8.1744,1.6443,3.6718,3.7295,3.4368,2.9073,3.0074
"SORT1",46.4616,49.4519,57.2698,61.983,71.5623,37.3635,22.1015,52.0067,85.5328,50.1651
"WNT2B",3.273,3.669,4.7132,4.6571,3.2944,2.957,2.2179,5.5949,3.7205,4.7848
"PTGFRN",63.1535,93.2437,148.5186,76.7104,66.0503,64.2348,21.6914,131.1879,68.8696,83.9438
"LAMTOR5",50.6876,45.406,43.6778,39.5255,51.4936,76.9696,121.6428,40.9378,44.6961,44.0098
"NOTCH2",18.2763,16.9397,34.8774,20.0511,14.5057,11.9958,5.2453,25.7659,12.3132,16.7728
"TRIM45",1.8894,0.7415,4.1856,2.1557,1.2751,2.3072,1.0623,2.5568,1.0159,1.2999
"CEPT1",9.8462,6.5917,10.5009,10.9978,7.4721,9.8168,9.3001,7.5891,8.9423,6.7513
"CD101",1.9696,1.4149,1.8627,3.6011,1.7811,1.2151,1.6105,4.632,0.8694,3.6138
"AP4B1",6.1164,5.8031,6.5976,7.614,8.5158,5.9663,6.2356,6.5448,8.3345,5.5353
"NAPG",19.0777,21.6237,28.7865,19.7184,20.5067,33.2889,22.5,25.4179,29.8863,16.7259
"SPIRE1",4.5079,5.4628,11.1818,4.2439,1.8597,8.4381,2.0804,6.7417,1.8681,4.2752
"PPHLN1",9.757,9.0866,11.6495,9.5749,9.6662,13.1126,10.4875,9.5233,8.7289,8.4127
"FKBP11",14.4702,11.3655,8.4645,10.911,11.3524,9.9776,16.2482,10.8698,12.3406,10.861
"ARF3",147.0226,162.2778,146.3021,138.2706,198.1375,109.045,76.0094,150.8437,176.1765,152.6292
"SLC38A2",58.6137,49.7224,101.6937,63.0151,38.8901,78.0575,46.1658,74.1116,59.9189,47.4948
"YWHAQ",282.8211,303.0282,439.6709,258.282,313.2979,484.5883,375.0629,333.504,307.9476,267.935
"KIDINS220",15.6502,16.6237,32.1592,20.9985,15.9071,16.4016,6.2445,24.2919,20.8245,16.5162
"ROCK2",27.3051,43.4566,46.7734,39.2894,41.8048,26.6894,13.0591,42.3409,49.2074,29.7472
"RSAD2",8.1993,29.6086,12.5447,6.5885,30.4645,20.1766,4.2818,19.795,6.276,20.5075
"MYCN",0.3505,0.406,1.258,0.2016,0.7709,0.7705,0.6842,0.4249,0.6361,0.8287
"LPIN1",6.4641,6.9704,15.1829,9.4375,5.5703,7.4901,2.9509,12.2404,10.3482,6.7107
"CMPK2",5.1867,4.5669,8.5634,6.2686,6.2502,12.1454,3.0202,5.4134,9.9831,10.6309
"IAH1",15.8071,10.5462,18.1402,12.5229,13.1978,27.8373,33.2405,12.7277,11.5212,12.2027
"LDHA",211.562,297.7823,244.9449,235.5677,329.7279,248.2409,228.4911,229.1329,481.297,255.1606
"IL6ST",44.4781,56.8734,104.0361,54.2945,29.6719,67.9587,26.0914,68.5034,32.1904,44.5011
"FST",2.3139,6.4831,5.8794,3.8048,1.326,4.4507,1.4453,8.4817,1.7852,3.7138
"NAV1",3.9365,3.6254,8.6638,4.5158,2.4058,3.204,1.1573,6.9847,4.6619,3.8462
"CDC73",15.1106,13.7043,24.0447,13.1567,12.9904,23.5839,12.3033,15.503,11.8873,11.2155
"TIMM17A",42.4094,50.9327,46.2545,35.5361,56.3328,63.1632,50.0392,48.941,51.6497,39.7009
"ERN2",86.0238,55.385,42.9681,51.2681,128.9519,44.2887,55.5494,61.5827,82.0302,72.0918
"RPS15A",42.4848,27.2296,37.1867,21.3839,20.7545,65.5549,112.2832,27.7284,18.4482,30.5198
"NARS1",140.9702,137.6515,158.2352,130.6141,177.0886,122.9462,71.7372,147.0847,174.1348,114.8889
"GRP",1.065,3.0219,2.8666,1.4873,0,3.7815,0.7699,2.7663,0,1.1391
"FBH1",28.1731,28.6815,30.8773,25.9521,26.5823,26.6843,15.8576,33.1716,23.4891,25.1366
"RBM17",33.7705,33.0165,40.3269,34.2242,33.6829,40.5613,24.8848,36.5899,30.7404,31.6581
"IL2RA",3.0216,3.3104,1.0613,3.8976,0.8362,2.7001,1.5393,5.4238,1.12,2.4233
"IL15RA",12.466,7.4103,10.2661,10.16,9.7669,11.0105,10.0539,9.3678,8.5934,10.1163
"CCNH",9.2756,10.3696,9.2926,7.4812,9.2963,14.5555,11.0391,10.4601,8.7572,7.8796
"KCTD1",4.1066,2.4254,6.0047,4.0965,5.0376,3.6372,3.0653,4.105,4.0941,3.7408
"CABLES1",5.2061,7.613,6.5668,6.4868,6.9418,3.6582,2.9887,8.201,7.145,7.4938
"DOCK2",8.0458,7.875,5.4339,12.9022,2.4464,4.326,2.3271,7.1875,3.016,8.8568
"LRP4",9.0846,5.8393,9.9689,31.8003,21.2522,4.9005,4.2284,10.3341,18.6321,17.1118
"DDB2",11.2892,8.51,18.8981,12.8504,11.1658,14.3292,14.4299,15.2381,11.5699,12.0678
"RTL8C",133.898,163.1747,219.4074,120.4502,100.018,167.7898,97.8223,209.184,81.8975,175.3819
"RAB33A",3.9353,3.9895,1.451,5.1813,0.9146,4.3478,5.2611,1.9043,1.2578,3.9328
"RBMX2",18.9073,13.7419,24.7728,15.3307,15.8557,29.2166,23.7702,16.1294,12.8841,16.4898
"STK26",18.0153,26.0616,28.1102,26.934,33.0764,32.8362,28.1188,25.5628,37.6245,20.5727
"PIWIL4",4.5643,2.9277,4.3288,4.237,4.0137,4.5327,5.7477,3.9185,3.6642,2.4558
"PUM1",46.127,47.4537,67.8732,45.3611,54.7376,37.7831,21.0154,57.4854,49.8577,41.0859
"YARS1",16.2863,27.7329,18.1127,16.5165,29.332,17.1931,9.2968,22.8411,21.9053,18.7969
"PHC2",54.4764,72.9841,64.3844,42.1387,57.7822,72.8313,40.2004,80.3347,37.2859,58.1241
"CDCA8",14.3557,31.7804,18.883,24.5773,56.8158,22.5863,27.9377,21.4707,43.6701,32.0524
"GNL2",21.4961,31.7841,20.2964,18.1015,28.9243,25.0491,13.8878,29.4069,21.2332,20.1552
"AGO4",12.1749,7.6184,22.0929,13.3142,5.6534,13.0543,5.2243,13.0201,6.3301,8.0109
"HOOK1",23.9082,17.55,24.8781,21.2866,27.9568,27.3095,15.3347,21.2387,26.9799,12.0579
"CYP2J2",51.492,52.3853,29.1182,47.8628,92.8162,40.9902,42.7218,35.8555,74.2811,41.8956
"BTF3L4",17.104,11.0788,23.2068,13.8804,10.3166,30.6411,28.0184,14.7805,8.8191,12.1236
"TUT4",4.8305,3.5205,7.9117,5.8593,2.4068,4.508,2.5576,4.8456,2.5094,3.3044
"PRPF38A",28.4058,29.4284,36.0804,33.2992,34.2953,36.242,29.7757,32.1511,36.3394,29.6276
"DSC2",40.0915,152.0017,46.1272,75.9434,118.8566,38.0073,21.5505,75.7329,91.922,73.2636
"DSG3",0.1644,0.3522,0.1147,0.054,0.3098,0.1667,0.1307,0.0854,0.3551,0.2591
"RNF138",35.9681,30.8952,40.4533,44.7265,38.1094,56.3961,39.2895,36.2764,37.0171,31.4824
"ELP2",14.7718,11.8058,23.8782,12.7228,11.9517,21.0836,15.5116,16.6491,8.2606,11.4998
"DSC3",0.2581,0.3586,0.2256,0.4305,0.1809,0.2215,0.4047,0.275,0.2573,0.3822
"FHOD3",2.0979,2.7067,6.7369,3.2912,0.7113,3.2507,1.0154,6.1999,1.2336,3.9078
"TPGS2",11.6887,10.3898,13.1468,11.589,16.7637,14.5522,13.9367,12.9455,12.303,12.3857
"DAGLA",9.3647,10.0998,9.9784,6.8457,13.3637,5.0799,4.5497,9.4467,6.9551,7.6195
"TIMM10",50.8123,80.7444,50.0653,37.5673,93.3076,80.5185,195.7095,81.5075,57.7951,80.5542
"DHX34",7.4409,8.3654,7.1684,6.7985,12.9408,5.4903,4.3085,8.6937,6.4656,7.5577
"APLNR",21.9981,9.6941,25.9575,20.0108,14.4872,7.6272,6.504,33.3137,8.3158,18.5511
"FADS2",3.4661,8.8055,6.6093,4.7326,7.8941,10.0859,4.4976,10.6831,2.17,12.3311
"TMEM258",41.7202,34.2857,28.563,25.6147,42.3442,52.3182,81.1957,32.5094,32.0605,34.6357
"TCN1",1.3585,0.0708,0,0.1004,0.032,0.2067,1.4584,0.1059,0,0.0688
"TMEM165",27.3511,25.7814,22.2308,17.9985,28.9467,37.8918,42.3624,22.0186,26.4765,20.104
"CLOCK",8.8388,11.1743,17.7389,10.7445,10.6372,10.3582,5.1616,12.2076,10.2853,7.8594
"PDGFRA",22.2995,25.24,52.0502,22.1639,12.3168,27.1695,10.7833,39.9668,16.5997,31.1917
"COL4A2",35.0507,69.6791,121.0987,52.1215,20.8395,44.475,10.3437,128.5797,18.3345,80.5738
"DZIP1",4.8881,4.3743,13.7018,5.9299,0.9464,11.1712,2.7852,10.5945,1.2719,5.093
"UBAC2",51.6195,42.2366,45.5795,39.8325,50.9743,58.8586,71.8509,48.4888,44.0365,42.8811
"ARGLU1",36.3115,21.0728,49.4925,48.7169,26.0957,41.5155,32.4745,33.9374,39.9549,21.7792
"BIVM",4.5934,2.4974,6.3111,3.9597,4.3112,5.82,5.0268,3.5543,5.1716,3.0898
"ERCC5",0.9645,0.8663,1.2944,1.171,0.8499,0.8114,0.6938,1.1487,1.0977,0.8898
"TPP2",15.4459,14.5899,23.0483,18.8986,20.9141,14.1413,8.6849,17.035,17.3292,14.2358
"POGLUT2",4.9722,3.7734,9.3918,3.8051,2.631,6.1725,5.5336,5.4152,2.4762,4.773
"CARS2",12.1306,12.3845,12.0792,9.9322,12.2108,12.7841,11.7259,14.7841,13.7582,11.5148
"ARHGAP32",16.6308,15.9245,17.847,19.083,25.7294,9.448,7.0621,16.8254,23.2822,13.8724
"STT3A",60.9194,61.9701,57.7211,42.6478,76.7368,38.766,27.6171,63.9541,68.335,48.5995
"ADAMTS8",5.9912,13.8231,14.7683,5.2754,0.8464,8.4055,1.4888,22.0611,0.421,8.3019
"ETS1",43.3972,59.9034,48.8459,68.6062,24.2997,29.0177,12.9817,53.7357,21.8906,56.5429
"TMED7",78.771,78.399,118.24,76.4248,98.7299,126.8447,89.7164,90.4031,98.2909,66.054
"APC",7.2197,10.1888,15.9753,11.2569,12.494,7.4094,3.6715,12.4663,12.3571,10.7636
"WDR36",10.3271,13.8298,16.4415,9.9179,14.6316,12.5456,7.9313,13.2598,10.9398,9.3313
"OSTF1",125.5451,120.1834,91.4812,117.7431,140.9107,131.6945,133.5637,98.3579,142.3119,115.2993
"RFK",40.3018,40.4837,47.9755,53.4975,62.8119,79.5257,83.8909,36.1525,85.0769,41.4096
"UBQLN1",52.457,73.4906,69.382,51.6891,64.132,63.2974,30.8137,66.8874,54.6488,53.3775
"NAA35",16.2076,18.1577,22.5813,16.2281,20.2432,18.7282,14.8653,19.0792,24.3829,13.7599
"ANXA1",83.0337,74.6592,159.7117,47.9919,19.9047,113.227,75.1178,89.5617,34.3254,47.3528
"CTSL",45.0934,39.106,76.6838,34.861,18.3326,78.6121,38.2797,62.8686,23.0599,33.3287
"AGTPBP1",8.5714,8.0741,12.3266,8.3122,7.8259,9.7157,5.7445,9.7949,7.2356,6.7619
"GOLM1",580.057,443.9779,270.6337,297.578,635.2441,313.0528,311.0606,351.5079,543.8497,360.4764
"PSAT1",8.7292,8.7376,10.8569,8.9466,8.1186,15.673,11.1485,8.5895,37.6077,9.0321
"ISCA1",33.9415,28.4527,54.325,27.4344,26.7472,73.1578,62.7625,38.5691,24.6173,27.278
"ADAM19",11.4861,13.654,21.6549,22.7727,3.7021,9.0361,4.0012,18.8796,3.5176,11.6517
"HAVCR2",11.0706,7.4393,6.062,6.6605,2.9598,13.7569,14.8389,8.371,2.4176,7.1192
"TAOK3",21.1669,18.9671,24.2508,22.9162,23.0046,18.4161,12.6576,21.5494,26.5432,18.585
"USP30",15.505,9.2114,20.4622,17.1695,15.0993,16.6441,13.2657,12.5065,18.2763,14.1645
"SDS",6.4591,11.5918,1.7035,4.437,2.94,11.8669,10.6329,20.238,0.9229,8.0563
"MSI1",1.5247,1.9347,3.8659,2.5975,6.201,1.4375,2.3721,2.2556,2.7324,3.0897
"HNF1A",5.2788,5.1959,3.8362,4.8391,9.9124,2.2819,3.8761,2.5896,5.9413,5.9749
"FBXO21",19.7161,22.085,34.5157,20.2488,20.9743,25.1838,11.1478,26.9102,17.8016,19.475
"TBX3",5.214,6.3435,10.9665,8.0764,5.6394,5.9962,2.8807,9.4934,5.225,11.6748
"OASL",6.1996,19.8388,4.9644,4.2194,20.2054,17.0605,12.7981,9.1651,10.4315,17.671
"P2RX4",21.1896,18.8372,17.8903,26.9909,39.4836,20.0767,27.6459,18.9648,31.8314,25.2934
"BICDL1",2.7961,4.8026,1.4836,5.7142,5.0519,1.3288,1.7769,3.2815,4.5514,4.5369
"DTX1",5.8294,8.0249,3.334,19.1456,1.6855,2.1558,0.7857,2.9318,2.2036,12.4722
"TRAFD1",35.6527,28.3208,47.1841,37.0846,29.7477,39.417,21.7509,34.6114,30.0244,34.6287
"DMTF1",8.8794,6.1097,13.25,12.7035,5.8782,9.3168,7.2028,8.5079,9.1849,6.3359
"CCDC146",5.7467,2.2983,14.6171,7.0615,1.2491,9.4577,3.7166,7.3832,2.3635,2.5699
"CD36",25.4109,7.7795,31.9191,12.6286,4.369,21.1118,13.8978,19.8434,7.7199,9.6737
"UGT2A3",116.9964,76.8262,112.6986,88.6797,146.4811,141.6564,207.4718,78.3173,93.9266,70.218
"PNPLA8",21.4802,24.0367,30.9545,20.0372,16.6313,35.9663,26.315,27.4673,17.9205,16.8513
"RINT1",9.815,10.5575,11.1099,9.4926,11.0256,13.1771,15.1663,9.0858,9.2752,7.1118
"SRPK2",17.2853,12.7703,28.2885,14.8504,12.6637,21.8098,10.7568,20.6028,12.609,13.0384
"KCP",0.4149,0.2035,0.2263,0.3308,0.2415,0.2723,0.1852,0.4775,0.3353,0.2019
"TES",117.3602,131.2249,326.8344,130.4439,85.0701,249.8057,86.9679,194.1382,76.1001,133.7583
"MDFIC",19.5821,12.1939,40.6805,21.015,9.3043,30.6891,13.6468,19.4956,10.2522,17.4176
"MTO1",4.7859,4.1394,5.7252,4.9799,4.8767,5.4074,4.2341,4.4199,4.3981,4.0111
"CEP162",4.2747,2.2569,7.5539,5.5789,3.6524,5.3171,3.2649,5.0303,3.787,3.9453
"SYNCRIP",31.7399,54.2631,53.6306,36.3599,46.5956,40.2071,16.6169,54.5492,41.0521,36.2002
"SNX14",23.3315,20.5075,25.9508,24.4593,26.5857,27.7681,25.667,21.6483,27.3013,20.2406
"NT5E",78.6238,36.8406,56.667,55.3209,42.8354,58.8295,30.2568,41.4393,71.617,48.5212
"MRAP2",9.2256,4.0502,9.8386,8.1779,14.2899,13.1319,25.6537,6.0681,20.5049,11.0387
"AKIRIN2",45.9518,55.0954,38.7331,36.3331,42.1072,43.6687,32.1514,60.2938,36.0562,48.8702
"ORC3",15.4391,12.3069,25.003,14.3347,12.5211,19.3751,14.214,17.0307,12.673,13.6987
"LCA5",2.6736,1.3266,7.5411,2.463,0.5475,4.1204,1.0559,2.3429,0.6643,2.0253
"MAP3K7",15.9769,13.2566,25.0524,15.992,14.4892,23.2009,12.4191,16.7746,14.3206,12.9153
"PRR5L",27.6355,18.54,25.9345,25.4474,38.0652,23.4697,26.3216,24.7924,48.027,25.1461
"LMO2",18.928,10.928,22.4746,15.1906,6.6485,15.2313,9.4994,12.4829,9.3849,18.5371
"PHF21A",10.3575,6.4534,17.5654,10.6656,4.902,10.4286,4.4791,11.8363,5.5681,7.772
"NAT10",23.3812,39.8832,26.5478,21.819,43.4405,18.5239,11.135,30.3376,22.4966,26.9993
"PRRG4",21.3406,16.2278,18.2893,20.7789,32.5356,24.2228,22.1246,15.1061,26.7464,18.3361
"CAPRIN1",74.9171,83.0679,96.2077,64.5285,94.288,70.8561,49.2201,79.4484,78.193,66.4089
"ATP5MC2",241.4211,164.9029,191.2797,154.9797,220.2864,286.2776,353.2527,188.884,154.7424,163.7673
"DNAJC14",10.5778,9.7582,10.8212,9.6363,11.2876,10.3979,5.8221,10.8889,9.1153,9.1534
"CD63",1115.1018,1181.6552,804.9435,696.2469,935.382,1291.2036,1622.7383,1002.8708,890.9586,1069.3911
"AVIL",3.3824,1.3164,3.2598,4.2084,2.2259,1.8693,1.1482,3.4693,3.0275,2.3228
"GDF11",3.0621,2.8538,6.554,3.475,0.8947,4.4394,1.9659,4.9074,1.4045,3.6246
"ITGA7",21.7063,37.9498,84.2195,25.8732,5.6227,36.1783,6.3391,67.4408,4.3104,35.4832
"RDH5",3.5864,3.5424,3.5854,4.0152,5.7785,3.1185,3.6223,3.2293,2.6829,3.4262
"AGAP2",1.8627,1.6732,1.644,2.9222,0.7636,1.037,0.5616,1.9353,0.5653,2.5395
"BLOC1S1",18.5501,13.8521,9.6602,15.9664,15.3092,22.0487,43.633,14.7983,14.5462,18.4218
"CDK4",39.1874,43.6262,36.5772,21.5712,45.2683,51.9149,55.7488,44.974,26.1994,36.2198
"TROAP",2.0872,3.1559,1.8495,4.9152,9.8483,3.8231,5.4152,3.7481,9.5992,4.5692
"TSPAN31",24.7587,17.7269,21.1865,18.5489,18.7635,32.7152,40.8395,21.0767,19.3003,16.9178
"TFCP2",35.7182,30.0164,45.9712,33.4479,32.3,33.6414,16.4433,39.3071,31.8748,30.4387
"COQ10A",4.1409,2.4144,6.4624,4.2931,1.8094,5.5045,2.498,4.0385,1.604,3.3919
"FAIM2",6.308,9.2839,11.8021,6.2805,1.3952,5.2219,1.6307,17.0137,2.4333,7.6017
"PAN2",9.5773,3.7408,8.3103,8.5135,7.1871,5.0673,3.787,8.4532,5.6692,4.8344
"ESPL1",1.6341,3.0121,2.3869,5.8076,7.0469,1.4658,1.7682,3.0202,6.2963,4.4327
"KRT7",0.4713,1.5536,0.4115,0.1319,0.4563,0.4071,0.1658,0.728,0.1783,1.2133
"HNRNPA1",215.2382,234.7663,257.1368,197.0786,224.424,249.1754,185.5469,263.0077,196.493,216.8797
"ACVR1B",59.5423,37.1829,48.9057,55.3583,69.2731,38.1716,34.5744,35.501,69.2531,52.4944
"OS9",154.8414,139.8015,129.2414,128.5792,169.4601,101.9223,76.2804,154.9361,168.3185,139.1075
"LTV1",15.8632,22.7816,19.4371,14.9194,25.9898,24.5994,14.7033,18.9664,18.2595,14.3741
"MAP7",59.3142,55.7708,37.005,31.7523,65.8389,49.4418,38.3112,40.6367,46.4928,31.0261
"CD164",352.4771,290.2104,351.7303,339.9182,397.0464,467.6261,445.4024,265.068,485.3285,266.3988
"AFG1L",2.6286,2.0724,2.4186,2.489,3.0236,2.5336,2.2538,2.2431,3.9747,1.9033
"NHSL1",25.8944,18.5524,25.0155,30.5417,49.9761,15.946,13.0214,17.1,45.3258,35.5974
"AHI1",5.7952,4.0066,8.2644,5.0167,4.2249,6.313,5.0019,5.7409,4.4659,3.5683
"HEY2",2.9933,1.3823,5.4053,3.2496,0.5893,4.382,1.134,3.5233,1.4734,3.1674
"SMPD2",17.7918,34.1669,10.909,15.3006,40.7883,23.1092,26.4773,22.0171,23.8912,21.9247
"MICAL1",17.5521,22.3157,12.5074,27.6055,28.4399,11.8305,11.5022,22.2825,28.4823,21.1877
"REPS1",9.4385,9.9209,12.6048,10.9675,12.1563,8.8082,5.2331,12.1821,11.0993,9.3862
"STX11",4.9148,6.9076,2.4747,4.407,1.422,3.7747,2.0354,8.0682,1.4972,4.6611
"TEC",2.5701,2.4136,3.2876,2.7468,2.4463,1.9167,2.1192,1.6788,2.1175,2.3205
"SEMA4F",3.0025,2.5326,4.0664,2.9154,3.2848,2.2782,1.7352,3.6209,2.5832,2.9179
"CCT7",162.6479,209.7225,176.259,129.7014,192.2074,202.6871,162.0424,211.0075,143.7149,171.2138
"RAB11FIP5",12.7828,11.5182,18.1065,12.5085,12.6194,11.4887,4.8464,17.6904,13.764,14.0931
"SMYD5",17.2488,22.8089,22.1196,13.0325,27.7614,22.7449,14.4049,19.3684,13.7796,17.8149
"DYSF",8.2588,13.881,27.1113,12.1043,4.2469,14.9517,2.4338,24.7388,4.0994,13.4077
"KCNMB4",4.0671,4.8292,9.4987,3.7199,0.9386,6.6356,1.9369,6.8829,1.1739,5.1937
"USP15",7.6397,7.9029,11.369,8.0651,7.5541,12.6714,10.6,9.2567,7.8267,6.2549
"GNS",74.6924,62.3591,101.3598,57.6864,59.1073,64.7332,32.7855,95.7412,69.6055,61.0974
"CPM",45.8391,53.0927,26.9691,36.1998,62.6012,35.1445,28.3107,36.871,57.7226,36.294
"MDM2",7.8378,7.8852,10.1215,9.1808,9.6651,7.9147,7.399,8.6706,9.3097,7.3966
"KLHL36",16.949,15.7458,24.7599,16.3166,17.2747,15.6995,7.994,21.2106,16.9972,14.3835
"BCO1",5.4752,2.1524,3.6035,5.5467,5.7675,4.8433,8.9981,4.2516,9.4002,5.8548
"MPHOSPH6",23.5859,23.759,22.3938,19.4863,26.0484,38.9025,37.5381,23.2229,21.5479,18.0948
"CHST5",14.6758,22.1062,7.9251,12.9478,21.8973,11.5045,13.0904,11.0414,22.0398,9.9912
"KIAA0513",16.3721,14.6975,18.5061,18.276,14.3279,11.4216,6.0236,21.3105,15.2523,15.9815
"DYNC1LI2",51.4538,46.962,93.4475,55.577,40.2391,63.6541,22.8889,67.0557,46.9416,43.9291
"FBXL8",3.8261,3.394,1.49,2.0704,6.445,1.759,2.2033,2.6727,4.5583,2.623
"FHOD1",12.5752,10.6403,8.8267,11.3209,14.6708,7.3964,7.3388,10.3732,12.6054,10.5014
"AGT",3.8761,6.7002,3.8449,5.1263,1.3615,6.5945,5.8897,8.8548,3.2579,16.759
"KCNK1",35.4453,72.7618,16.9505,29.7086,51.3096,36.0023,30.4855,43.5796,40.4842,36.2808
"URB2",3.7682,10.4799,5.5865,3.9369,8.7788,4.8022,2.7782,10.4284,4.3926,4.93
"EGLN1",3.6923,6.0096,3.3976,2.7718,5.9963,3.1982,2.5994,4.9476,3.593,4.0769
"CAPN9",29.018,28.055,28.0974,15.8327,5.1848,12.5565,26.9967,17.1666,42.9654,21.8976
"COG2",9.7643,9.1103,10.7565,9.0978,11.2076,12.3372,10.7375,9.0423,9.3094,8.5402
"ABCB10",19.074,19.4334,27.5225,20.5972,23.2088,29.9152,19.9895,22.3967,27.9971,16.9441
"NTPCR",7.5127,4.8866,12.3853,6.633,9.3613,11.1583,12.5522,8.0625,7.7819,6.1699
"TAF5L",16.1536,18.3966,16.2922,13.1431,17.7,19.3138,15.1591,20.6606,14.0233,14.0294
"GLUL",123.8199,179.2315,101.0987,90.2121,111.8047,108.9521,60.8927,137.8836,100.7441,88.6722
"STX6",13.0564,11.6168,15.3838,11.9093,13.5883,11.5139,6.3762,12.1351,13.5551,11.1812
"RNASEL",12.0601,7.551,18.1334,17.218,12.2919,9.657,7.457,10.2487,15.4984,13.2565
"DHX9",72.304,116.3999,101.8907,75.3415,95.5743,62.9846,38.6299,120.9428,72.333,84.2806
"CEP350",8.5805,9.3272,15.9289,12.3655,10.636,7.3928,4.2346,11.3867,10.8959,9.0019
"NPL",10.4345,5.945,6.229,7.813,3.3007,11.6555,10.0868,5.8195,6.0205,4.7624
"PIGC",20.748,18.2622,21.8692,13.5952,18.1309,30.6377,34.991,14.1312,17.4097,15.6288
"LAMC1",58.2058,90.8152,198.304,62.6907,24.4851,67.8841,15.9093,152.9269,31.7855,73.4614
"RC3H1",7.264,10.0453,12.4015,12.3444,10.7457,7.674,5.6951,12.2798,11.9962,8.7281
"SP110",7.035,6.3727,9.8138,11.9774,4.2757,9.5402,4.4873,6.083,6.9308,8.5166
"MRPL44",61.1686,63.0343,55.963,51.3788,87.6439,79.7705,96.4326,51.5499,77.3619,58.0976
"DOCK10",5.6639,5.9789,5.4744,7.8679,4.1856,2.9119,2.214,9.1153,3.4046,6.3289
"TTLL4",5.8855,6.3968,6.6169,5.3156,8.5859,4.3823,3.0668,6.2111,5.3649,5.2725
"USP37",2.4484,2.2659,4.0584,2.4027,1.9299,2.8402,1.7215,3.6959,1.4345,1.78
"ITM2C",2717.6415,3202.6224,1327.6823,2536.7823,3801.7884,1880.2813,2073.4678,2139.8337,3380.0813,2917.6851
"SLC19A3",3.2196,1.7429,5.8714,4.1693,2.398,1.8161,4.326,4.6123,3.121,3.1493
"SERPINE2",9.5722,17.4351,19.1257,23.5902,9.3543,13.2073,6.683,11.3457,16.658,18.1878
"DNAJB2",35.9385,32.5326,38.5387,38.9158,38.0302,31.6412,22.2184,39.4619,33.2559,36.0326
"WNT10A",2.3204,3.1642,1.6279,1.9864,2.1377,2.3363,2.9513,2.5921,2.9307,3.5002
"CYP27A1",59.1581,42.0098,60.4315,78.5106,69.584,76.6379,98.2906,72.2514,43.8827,63.3509
"EIF4E2",40.8249,40.9164,31.0708,28.6606,45.9787,43.2607,61.2134,34.002,40.3868,33.1918
"CAB39",78.2915,150.0317,119.197,116.9612,112.6112,103.1934,48.8492,109.519,127.346,101.6683
"COX5B",424.5303,457.9524,236.0385,258.6872,591.6784,512.3303,946.5138,366.6593,401.3298,431.6098
"REV1",10.4982,9.1518,16.0729,11.645,8.3558,12.4629,5.8705,11.9429,9.8831,9.4081
"TSGA10",2.1897,0.8784,1.3263,1.3789,1.1393,1.6713,1.7797,1.4282,1.6224,1.2178
"MFSD9",14.999,18.8044,17.686,21.5707,24.5026,12.0376,9.4734,17.1589,28.1036,16.9563
"TMEM127",73.6492,96.9995,80.3956,89.8696,106.3309,58.0803,37.0151,91.4126,102.2067,90.5431
"EDAR",3.3264,1.0558,1.6936,2.8933,1.4862,2.1894,1.2281,2.308,1.289,2.869
"TGFBRAP1",19.4721,24.8562,26.6743,18.1127,24.0664,19.0339,7.9,24.9988,18.7195,18.8707
"GCC2",16.235,14.6012,22.3476,20.5171,17.1878,15.3548,10.7619,15.3992,20.5424,13.333
"MRPS9",30.4158,24.4741,35.1359,27.1414,37.9605,37.468,28.0528,26.9129,28.4201,23.6221
"C2orf49",15.3884,8.9328,22.4604,13.2952,9.4881,25.2219,19.2306,13.166,10.9847,10.7843
"EPC2",17.8776,13.8136,26.5784,15.8144,12.1193,19.3004,9.483,17.0271,12.3844,14.5288
"ISCU",72.079,51.1549,89.636,60.4776,49.8931,98.7641,66.1402,64.2612,45.7372,55.5749
"ALDH1L2",2.8013,1.8627,6.5866,2.7853,0.8599,2.5642,1.0894,3.7858,1.5108,1.9684
"SCYL2",31.3762,38.8654,45.5843,31.6256,49.3067,45.3488,32.6305,38.2232,47.8909,28.0614
"CKAP4",126.4836,188.4273,100.8639,75.7192,225.0265,101.3108,68.0621,145.4313,150.739,124.0761
"PLXNC1",8.3019,4.7791,6.5966,5.2181,3.8573,6.3436,5.5302,7.565,5.1257,5.9681
"APPL2",68.7258,59.5285,72.8181,114.0147,82.2145,70.2539,61.0134,59.7841,155.1754,77.3163
"PWP1",44.3667,48.3465,66.2128,38.9808,46.2856,70.1675,49.6466,50.0973,32.9784,39.9105
"DRAM1",9.5164,11.1321,19.7908,10.8978,5.2646,16.1142,11.9625,13.971,6.8378,10.8216
"WASHC4",19.9762,14.1066,30.2137,19.2287,14.5593,23.0932,13.4579,16.7234,19.1248,13.9345
"SLC41A2",17.4658,20.4008,26.0167,34.8931,30.733,17.4277,13.3198,21.2188,34.612,23.8602
"FLNB",76.5944,181.183,97.3233,128.3159,201.3935,45.8839,30.6173,150.3264,216.0033,181.0387
"VPS36",37.4592,27.6156,42.7197,34.6663,32.806,46.2113,33.3403,32.9871,37.6272,25.1198
"RNASEH2B",3.0074,2.6082,4.3786,3.6685,2.5416,5.4042,4.4797,3.2619,1.9733,2.8563
"CKAP2",12.1561,11.8648,20.4057,14.2308,21.3412,15.5998,15.1474,10.0922,17.7054,13.2708
"TBC1D4",12.349,11.371,14.3175,15.7279,15.8536,8.7443,5.9176,14.6292,14.4823,9.9998
"BORA",3.6902,3.8464,4.4718,5.6928,8.537,4.7889,8.1901,3.1369,6.3858,4.9531
"LRCH1",11.7981,10.1389,23.432,12.9048,7.4672,15.4233,5.12,17.1388,7.7674,12.9616
"SUCLA2",20.3281,18.0547,27.5506,22.0073,25.8326,27.8253,22.7189,19.5286,31.6633,17.9348
"RCBTB1",12.0665,7.1129,16.7459,11.5107,8.8384,19.0322,9.9825,10.729,7.9432,9.227
"MED4",34.7558,31.5523,43.1655,32.3128,29.495,54.1453,41.5913,32.7382,32.705,32.5257
"PHF11",12.2328,10.3783,18.6041,14.3023,9.5633,18.5186,14.9992,12.6109,11.685,11.466
"COG3",21.5425,18.4327,27.3024,20.1595,29.2571,25.4075,26.5182,20.0341,30.5655,17.6472
"LMO7",18.2435,97.8725,15.8814,27.7626,61.6272,15.1514,11.3367,41.9466,49.9356,31.8758
"ITM2B",195.7132,126.8347,238.8272,166.3296,125.5346,308.8062,251.5367,151.1803,171.5657,139.3668
"SPRY2",48.2165,71.659,86.662,43.6311,61.1807,80.7787,47.577,96.5995,75.9831,72.568
"NUDT15",35.4082,46.2225,40.4238,40.8128,62.7318,57.7611,56.4731,41.2943,67.4631,45.2528
"EDNRB",15.7064,13.6442,19.9845,12.022,9.2896,18.4404,9.882,25.0959,12.0949,15.9237
"RCBTB2",12.5453,7.5278,21.1172,11.3174,7.9867,16.507,11.0265,14.7381,5.6391,10.0876
"LCP1",83.491,90.1105,55.3415,162.7523,22.4846,59.7905,40.811,75.1388,24.1181,121.7246
"SETDB2",8.6813,4.9219,12.3336,9.1256,6.8233,9.0546,8.0108,6.6973,6.9176,7.0262
"TNS3",27.2949,40.1408,51.9853,35.0838,40.7377,20.8038,11.9293,48.5915,34.6551,41.2062
"CHST12",3.5594,2.6458,3.772,2.6129,2.3656,2.8284,2.1348,3.7637,1.7504,3.6834
"GPNMB",124.6333,78.6426,130.1395,64.1175,18.2272,195.812,79.1642,125.4302,22.5936,66.8961
"RAPGEF5",9.9285,10.7369,12.8693,14.9673,9.442,8.0643,5.1574,13.1999,11.2867,12.3498
"RAC1",258.58,322.144,364.356,338.9795,384.9725,365.1513,244.2682,307.1745,438.2144,327.1618
"KDELR2",251.5423,274.4296,217.9732,196.794,346.8936,271.2464,231.2225,256.159,309.393,235.1469
"NUP42",6.9532,5.2343,8.2759,6.4736,5.4392,10.8302,9.3068,6.7864,5.1527,5.0053
"IL6",4.1366,1.2576,1.8998,5.6433,0.0696,2.398,0.3845,24.9678,0.0383,2.42
"BZW2",54.8527,61.3938,54.868,42.6836,79.0636,73.6052,88.1575,61.3696,49.3347,53.0563
"TBRG4",33.6669,39.8317,29.4104,26.5591,55.8259,31.2998,33.2079,36.4016,39.3666,33.9261
"DDX56",30.218,42.9575,31.5722,28.165,51.0249,33.444,26.5942,36.9512,29.6852,32.5598
"HUS1",10.042,14.8654,12.1811,15.319,17.4653,13.643,13.067,12.8224,15.0487,13.7443
"DBNL",30.1364,34.947,24.3295,30.037,37.1891,30.4432,27.0543,33.6697,30.5698,36.1867
"CCM2",13.1696,14.0251,13.2105,17.1014,16.3918,12.1396,6.8612,12.6362,15.8129,17.6724
"MYO1G",4.3714,3.393,1.8562,7.4058,1.8397,2.2055,1.7947,3.9042,1.3726,4.4471
"TTC5",4.7088,3.025,5.1321,3.2711,3.4502,5.9632,8.0327,2.9113,2.9166,3.4263
"ADAMTS7",1.0898,2.1144,3.0157,1.6697,1.0828,0.8791,0.5894,3.4922,0.6944,2.0687
"IREB2",17.4669,16.5891,26.6548,19.4197,17.6718,20.6738,11.2785,18.9952,21.6892,14.7741
"ALPK3",3.659,3.2912,6.9222,2.7016,0.5662,2.9767,0.4328,5.5554,0.5328,2.6511
"CIB2",19.2141,13.716,19.2494,10.4692,13.3238,27.3157,29.0969,13.0031,12.0508,15.6764
"CALCOCO2",69.3994,49.1475,70.9684,63.3259,70.8689,75.234,56.8212,54.465,71.4702,52.1346
"RSAD1",24.419,17.148,20.4614,19.7199,25.9864,23.1234,21.4397,19.8819,19.8814,20.5376
"NMT1",33.663,30.6917,38.8432,30.1966,34.4471,32.8226,22.3547,33.8808,26.3511,32.0898
"SRSF1",23.0793,35.8591,36.6855,29.3054,33.8788,30.1316,16.3288,34.2329,30.8264,27.0638
"CHAD",5.8196,1.0669,5.1951,6.5729,6.56,3.3821,3.8054,2.5826,10.4165,9.334
"TACO1",36.7546,34.3478,33.353,33.1054,55.8891,40.1901,48.7469,29.7365,46.0305,38.0029
"DCAF7",68.4545,65.4697,74.9584,66.8125,84.1214,45.8146,27.3653,72.169,63.058,65.3479
"BRIP1",1.2377,1.2324,2.0766,1.6591,2.3948,1.3628,1.0345,1.8924,2.1678,1.3357
"KAT7",8.7644,8.9628,16.5012,9.7826,9.3286,9.7358,4.1343,12.3164,8.9888,10.5277
"RTP4",16.359,7.3936,19.3058,12.5966,13.5632,19.5741,26.3217,7.9693,12.1946,13.3431
"ACTL6A",33.7356,33.5275,39.3018,24.1101,37.6214,50.5538,50.6935,35.079,28.3643,26.2878
"NDUFB5",55.4991,38.5744,58.4666,45.8439,51.7526,99.48,127.8266,42.1104,58.4402,41.4988
"MRPL47",63.5209,82.9756,62.0807,55.5722,90.5779,97.8532,89.1638,77.9003,69.7763,66.5936
"TRA2B",24.4205,28.8875,28.9457,26.167,33.8792,28.5877,21.8771,30.7524,23.9157,28.7682
"MARCHF7",38.1672,28.357,59.5321,41.438,31.7886,57.4014,32.7023,39.7555,30.7226,30.6198
"GALNT5",27.8056,28.6394,19.2375,22.8981,40.5099,17.2521,14.5234,26.645,54.2219,27.1219
"TANK",23.8576,18.5174,27.0018,20.8752,18.2657,38.4138,34.13,20.7224,24.129,15.626
"SKIL",11.9733,15.7689,14.6482,21.9733,11.8032,20.6007,10.8098,25.9951,18.5827,18.3869
"EPRS1",61.9975,93.1914,88.0302,60.9225,89.1386,60.3075,33.5622,95.3473,76.3804,68.8894
"HLX",2.3893,2.7356,7.9575,2.837,0.7848,3.1813,1.319,3.2534,0.5912,4.8602
"VPS45",14.3766,11.2408,21.6929,14.4029,14.0855,19.2256,12.1653,16.3723,13.0253,13.066
"KCTD3",43.3686,38.134,76.9097,38.0473,41.153,64.4493,27.6286,48.2446,51.2357,32.3889
"CBWD2",2.9012,2.6389,3.5648,2.7584,2.4147,4.2673,2.1043,3.6184,2.5719,2.2093
"IL1RN",8.8809,24.5592,1.0154,3.3934,1.6,7.0561,4.3771,11.0071,6.2344,4.125
"SMPD4",18.319,29.0518,20.3898,17.1392,34.4406,15.1259,9.6716,26.6976,20.6826,21.3613
"WDR33",11.0136,12.5217,15.5293,13.7943,12.591,11.3024,6.7177,15.1433,12.1834,11.9528
"CCDC115",40.1812,22.7946,39.6536,27.7054,33.2104,39.6163,36.0116,32.6752,25.342,27.216
"SAP130",22.9963,27.1874,30.1854,26.4417,29.4042,19.9432,9.7927,31.566,28.9738,24.3397
"BIN1",26.9789,28.2523,26.4036,21.7577,28.1079,32.4456,16.8961,35.3501,18.4759,22.7928
"IMP4",43.1795,64.3791,43.2896,40.2828,79.2548,47.2361,44.1343,45.6955,45.9753,41.804
"HS6ST1",20.0538,30.3717,15.3458,20.6571,26.4112,17.2686,10.3287,27.6987,18.4954,24.9168
"UGGT1",18.7543,30.2859,25.4208,21.5652,33.4189,10.7652,7.4357,31.858,29.8061,21.4361
"GYPC",30.9699,25.7333,49.2148,22.3336,7.4105,47.3206,21.0865,36.8991,6.5867,31.5232
"STAM",15.0734,12.8956,18.659,12.567,13.5326,17.0622,10.9467,15.4429,11.7035,12.0485
"ABI1",64.3499,53.8676,75.8311,64.0062,65.3178,82.7594,71.2092,52.7405,64.6231,53.8948
"YME1L1",60.9921,71.5862,79.3263,61.9902,75.3868,69.1945,42.2626,72.1277,78.6768,56.8184
"DNAJC1",52.4985,45.5933,42.6229,35.3349,49.4999,51.6499,52.3665,42.0029,47.7977,42.1863
"NIPSNAP3A",53.7782,29.648,64.3567,44.1552,59.4623,101.1853,134.6549,44.9731,54.6219,38.1754
"LRRC8A",37.5354,70.5414,49.2253,37.8452,48.1165,39.7802,15.6785,75.8927,32.7511,48.1304
"CDK9",42.6197,42.2501,45.8132,46.4757,50.5077,43.6494,27.6411,43.3822,36.5209,46.3622
"TXN",1101.139,955.5848,787.6032,630.4497,1293.0317,987.056,1144.7836,867.0358,1041.3977,775.5052
"ODF2",10.5425,17.6584,11.096,12.0305,19.3998,10.198,5.2261,13.9918,13.9191,13.7989
"ECPAS",42.1586,46.683,59.8206,46.7094,49.4017,32.2785,15.2211,49.8529,48.0552,39.3508
"TOR1B",72.4286,63.9133,52.2632,57.2157,44.7612,69.0413,66.8602,64.6907,59.6946,42.7935
"C9orf78",35.7075,31.0434,38.9928,31.9841,32.8544,44.5456,32.8525,34.3482,28.9355,29.2056
"SMC2",10.5273,15.5114,19.1869,13.3193,22.0632,12.9402,8.5552,19.5681,21.5793,13.8421
"KLF4",460.176,376.6571,158.3883,431.5668,411.1438,262.4554,136.1282,393.0632,385.2869,320.8048
"TOR1A",35.6147,36.0595,33.4512,29.6755,36.5097,44.8492,32.2331,33.9046,28.7185,31.5676
"RALGPS1",8.1892,4.0733,8.6915,8.4814,7.1838,5.6885,4.3344,6.3573,8.6727,5.2223
"NIBAN2",176.278,289.7196,161.2851,154.867,338.2374,126.8518,94.9196,252.2284,247.4637,207.76
"ST6GALNAC4",52.6269,58.1616,29.6147,32.9867,59.9049,33.2403,45.2172,38.8372,30.7865,32.5826
"DAB2IP",57.2174,50.9297,61.2561,59.5153,90.9535,35.5374,26.3577,66.8989,77.1809,64.2701
"STXBP1",8.4162,7.4049,12.6111,6.3431,3.6994,7.9775,2.6918,13.252,4.3861,7.066
"SLC2A8",18.1571,25.2791,32.5113,16.435,15.5853,30.3731,13.6867,25.1573,14.5849,19.3175
"ANGPTL2",64.1679,55.1944,115.2691,38.2566,17.6166,75.7465,15.745,118.5896,29.1598,71.8246
"CDK5RAP2",10.8356,11.4417,20.5499,14.5277,13.1708,11.5129,4.3602,19.7538,11.4298,14.6867
"SLC31A1",45.8443,45.4728,33.2784,31.2882,62.5456,43.6953,58.9073,38.4029,76.0351,36.0477
"TLR4",7.3593,7.0149,9.4119,6.4112,4.3976,9.2194,7.704,6.4741,5.0848,4.3582
"ALDOB",3.3145,0.3808,1.8498,4.8238,1.4759,1.0921,1.8848,0.7321,3.9173,0.4628
"STX17",14.1535,10.7665,25.3972,12.9408,10.9424,18.0669,7.4457,15.3643,10.5628,10.1766
"PRPF4",20.5712,24.7711,22.305,17.0504,24.8878,23.3898,17.3302,26.2128,16.1777,19.687
"FPGS",29.7679,36.2688,22.4173,25.3523,39.0619,22.2842,21.1299,29.2717,24.9749,27.8512
"USP20",16.482,12.0826,20.6348,18.3845,11.5006,14.3902,7.4818,20.1592,10.5249,14.9208
"KIF12",15.3032,5.5793,6.3833,9.8503,15.8469,8.1964,13.9305,7.6534,7.3079,7.0049
"ATP6V1G1",86.9359,81.8243,76.2792,63.2282,61.2453,142.3883,138.7583,72.6143,72.771,63.2271
"TEX10",8.2335,8.348,12.1943,7.7984,7.8527,10.8748,6.306,8.9988,5.5633,6.701
"MRPL50",20.5851,21.3449,24.4701,17.2967,22.0501,37.1341,34.5161,21.0224,19.1446,16.9122
"DPM2",33.4604,34.3886,23.9946,27.6577,49.5113,29.9804,37.6076,28.8222,34.8865,34.048
"PSMB7",156.4779,162.4471,151.6399,121.5035,180.0028,190.7688,159.8303,161.6577,137.6037,148.4178
"RABEPK",19.5514,16.6314,19.5943,11.8848,19.8978,26.157,29.4816,17.7664,16.4069,14.617
"GOLGA1",16.5682,13.5869,22.8646,19.4604,16.5626,18.3198,8.9876,20.9453,17.1629,14.5228
"XPA",23.7887,18.889,40.7232,23.6025,16.7894,42.7307,21.756,28.0382,14.05,20.6645
"NCBP1",24.6761,30.8029,40.095,30.8922,42.4863,27.9759,21.0814,30.521,41.1015,26.2874
"ANP32B",293.784,237.0179,288.4165,299.4621,325.3984,300.5513,206.9881,233.5092,342.9289,276.5044
"PDCL",23.4575,17.7791,32.708,22.2322,19.1287,33.3821,20.7317,23.9609,22.393,18.4539
"RPL35",793.725,658.402,647.3377,464.3393,695.7025,1154.9947,2319.8934,628.8004,455.8665,734.5979
"CTSV",1.4382,6.4999,2.2984,1.678,5.8986,3.4538,3.1873,3.0585,34.2714,2.9487
"ARPC5L",30.1005,52.5114,26.0313,29.422,51.686,36.8925,33.145,36.9035,40.0363,34.8461
"ENPP2",17.3673,15.5141,31.2998,25.2103,13.529,18.9743,10.1568,26.2323,26.6483,20.0905
"DSCC1",4.4245,6.448,7.6086,5.1794,9.0547,8.042,8.0497,6.7252,7.1369,5.8323
"DERL1",36.4019,37.2019,35.3481,32.0424,39.4878,37.5902,27.9879,40.9714,40.3257,33.7592
"MYC",58.4007,44.9564,29.2148,46.9819,55.6824,37.1204,22.8776,92.4175,32.4802,33.5566
"CCN3",11.1281,11.4975,10.6311,16.7717,15.1172,16.0737,7.3543,17.3324,19.6429,11.236
"IL33",46.2768,23.881,81.4936,25.5882,9.5204,92.6302,46.7067,42.6782,17.2702,22.596
"DMAC1",68.815,46.9294,59.0099,36.7532,68.7841,101.9317,146.6498,53.1422,49.5531,51.2401
"RANBP6",11.7145,11.0331,21.5768,13.9655,8.7556,17.725,10.2727,16.3123,10.2471,11.7799
"POLR1E",20.4875,22.8208,33.3244,16.3981,20.0591,29.2218,18.4625,28.5082,12.9686,19.0445
"PLAA",16.5818,26.365,26.9854,21.0609,24.5902,23.0012,10.352,26.0113,21.1998,19.2878
"IL11RA",9.282,6.2018,21.8871,8.9036,3.6564,19.9191,7.6804,14.5026,3.6463,10.8398
"UBAP2",12.2898,15.7949,13.4624,10.9801,18.6092,6.8251,5.1309,15.0812,12.8483,11.0577
"APTX",4.6363,4.9141,4.3909,3.7196,6.1564,6.1018,5.7867,4.8576,5.0089,3.8613
"RNF38",21.3552,22.8386,64.7995,30.5095,19.8225,35.4518,11.9123,42.9777,17.9055,28.5677
"TLN1",144.0153,303.7373,457.4742,196.6435,116.3622,204.1651,39.8908,420.4234,85.1437,294.9984
"CCL21",434.6537,333.0079,320.8258,705.8854,104.9047,284.8253,143.1327,198.1435,271.4934,643.302
"SIT1",10.5573,10.3638,4.6154,25.7151,2.6776,9.347,13.238,4.5071,2.5079,14.3147
"DNAJB5",13.1013,26.0135,43.7903,15.9967,3.0809,36.6487,6.5041,38.0501,1.5334,23.1324
"DCTN3",32.6502,27.2314,35.6854,24.794,31.8645,53.4359,65.5456,32.5639,29.831,32.655
"CD72",4.5745,3.2871,1.6479,13.7847,0.3266,2.1622,2.142,1.6563,0.8355,6.2153
"GRHPR",31.9861,33.2222,34.2958,27.0833,32.36,49.049,41.3556,33.1665,23.0171,29.5739
"ALDH1B1",79.578,127.7153,87.4542,76.1263,140.5947,106.0232,45.1929,183.7988,94.9489,82.6526
"DENND4C",23.4009,22.1811,41.2588,24.9373,24.1091,21.55,14.5846,25.2993,26.8659,16.3149
"RPS6",3001.8195,1881.5147,2452.2588,1412.9454,2057.3106,4108.8124,10375.5274,1889.7291,1362.514,1730.0263
"CNPY3",88.3141,80.0666,70.5675,75.6793,72.3718,90.8702,88.9266,84.2426,64.6262,90.1749
"FOXP4",40.9767,36.4395,33.0772,33.4519,53.6259,24.5533,21.2348,40.0282,31.8245,38.4309
"PPIL1",35.4906,47.9201,42.3412,22.9921,58.168,60.5926,69.9195,40.1379,32.4633,38.3647
"KLC4",44.529,21.8539,32.0381,37.7876,52.31,37.7158,56.001,35.1126,51.8008,47.0817
"KIF13A",26.3271,25.029,43.6631,22.0616,22.1926,26.6711,9.4215,36.0256,20.0479,24.1594
"ZSCAN9",7.3326,4.4655,11.1618,7.8984,6.9758,10.1551,7.9691,6.8479,5.7026,5.9967
"PIM1",57.5007,162.2959,29.1135,73.6134,44.4338,59.8681,16.8679,108.8096,70.0071,67.7004
"GMPR",5.7698,7.0402,12.8595,5.5185,5.2871,14.0758,4.5584,7.9453,5.6268,8.1894
"CMTR1",24.6704,18.4983,39.5385,25.2,19.5209,26.8739,13.645,31.0992,16.4154,26.2691
"YIPF3",133.0762,116.6344,100.4856,102.9551,153.7177,111.3528,113.0177,107.5621,108.3768,119.827
"FRS3",4.991,2.5825,6.0772,4.3753,2.856,5.9945,3.8735,3.6483,2.7448,4.1902
"TJAP1",9.8245,7.8535,12.9777,10.4931,7.2012,10.2925,5.7528,11.3615,6.3946,9.7479
"TINAG",24.8229,14.7568,11.5166,21.9811,26.7096,18.8149,35.3711,9.3649,38.3163,17.3576
"IRF4",8.5758,5.923,12.6527,15.0888,4.3516,3.3086,5.9967,8.991,5.4972,11.384
"TUBB2A",26.4627,91.7702,63.6442,43.9562,40.4337,32.5519,15.4348,71.7929,27.1986,58.44
"LRRC1",29.5829,52.753,33.3124,50.7366,61.2018,34.577,24.8199,29.0293,64.5904,47.1529
"FOXF2",24.4845,36.3747,104.579,37.1573,15.4369,47.6009,18.9593,62.452,9.2461,44.5423
"RIPK1",14.8181,21.7079,20.0433,20.3179,17.7116,16.9288,8.7835,22.7366,20.6319,17.3551
"TUBB2B",7.9235,13.9336,18.8845,11.7162,2.7031,8.4697,3.4473,17.0958,2.1549,17.1405
"UQCC2",13.2656,11.5395,12.0871,10.5547,17.1621,19.5912,35.9513,12.981,14.3978,12.7368
"HMGA1",242.0862,400.4956,141.5788,174.2888,409.5003,149.7128,187.3613,259.708,254.1284,219.0961
"TCF19",13.6551,16.4274,20.9581,16.6521,28.2274,17.0051,15.8548,21.558,19.961,20.3961
"FLOT1",168.6338,121.1707,176.1681,133.4159,137.8643,198.0023,202.7207,150.4772,133.2749,141.2582
"IER3",137.9252,238.0441,17.9441,126.6081,52.6743,67.817,24.2082,298.8318,47.0735,220.2392
"MDC1",8.3748,10.652,14.6559,11.1086,12.5046,6.8144,3.2615,14.1592,11.9658,10.4632
"PGBD1",3.9276,3.4772,10.9401,3.4748,1.6883,7.252,2.5661,5.9246,1.4825,4.346
"ATAT1",5.7067,3.9348,5.0747,6.6648,6.6043,4.7262,3.5979,5.916,5.911,4.4519
"TPMT",90.7673,120.3249,77.3741,96.1719,127.8492,118.0109,119.7135,82.7843,158.2281,93.737
"RNF144B",9.0637,7.8043,9.2456,8.8571,3.1106,8.1854,4.9612,12.0679,4.0761,5.3306
"MTCH1",176.3634,190.0617,188.3244,144.4886,207.666,216.3708,196.9829,198.6437,155.0043,170.5262
"TAF8",7.6602,6.2628,9.9743,8.4465,7.5767,6.9138,5.6479,7.7364,5.6331,8.2176
"FAM8A1",54.4685,32.9991,86.3456,60.7922,43.4229,81.0974,49.6685,50.6105,71.7271,50.4499
"C6orf52",1.6136,2.1624,1.8614,1.3634,1.6838,2.4554,3.5995,1.4969,1.2549,1.5182
"FGFBP1",33.8619,95.5874,13.3974,14.2182,139.3184,34.7728,23.5524,115.456,141.2334,35.6096
"CPEB2",12.9882,14.3449,23.182,18.6329,12.2741,18.5757,8.7337,17.7746,17.3637,12.9992
"FHDC1",10.3002,9.0987,9.1233,12.2325,16.8341,6.7948,7.2503,6.2874,14.1433,9.6682
"TLR2",4.7636,2.7492,4.8437,2.8566,0.7233,2.9935,2.8238,3.2536,1.18,1.886
"MYO7A",2.169,1.326,2.0116,1.3045,1.1209,1.5353,0.7294,1.9041,0.7884,1.4026
"FCHSD2",18.4058,15.5705,28.0602,20.9398,10.079,19.4062,9.4664,19.1835,10.5752,16.3172
"ARRB1",26.291,17.0179,31.9688,23.7459,21.0989,23.073,16.4854,28.7982,19.8817,28.4299
"SLCO2B1",26.089,22.3621,19.1152,24.2911,14.96,22.5994,14.552,26.1837,18.3582,20.3772
"THAP12",22.9918,19.6297,25.4261,18.0587,19.2048,33.2867,29.8003,19.9355,18.2526,15.5026
"ANKRD42",4.1654,3.9013,5.7277,4.2066,3.99,3.5253,1.954,4.4218,4.7419,3.2266
"IL18BP",9.683,7.8319,8.6446,8.045,3.9533,10.5404,7.6567,9.7117,4.7718,8.852
"NUMA1",33.2017,23.6444,47.2138,36.561,26.3004,24.9053,10.8379,48.1101,25.207,29.4474
"SYTL2",38.9657,46.2984,34.144,53.3819,42.9312,30.3117,29.9242,37.8418,54.231,34.6447
"RAB30",6.0364,5.2777,16.2013,11.2369,2.2198,10.103,3.6081,9.2106,3.1878,6.304
"CREBZF",20.2538,12.8839,22.4045,20.9589,13.4379,20.3425,11.1116,15.8671,17.0214,11.0672
"LRRC32",18.9768,16.3979,35.0565,14.14,10.0251,20.2714,7.8347,31.1353,13.1857,17.8043
"PRCP",25.0414,15.9939,27.0008,15.971,13.5855,26.4573,21.946,21.0801,11.27,16.2283
"NARS2",16.5494,14.026,18.2769,9.7453,19.1236,18.6042,17.9316,17.2616,15.2634,11.7479
"RNF121",20.1423,20.521,21.6017,18.1253,20.6686,21.6583,15.4201,22.2626,20.1631,19.3927
"MRPL15",97.8646,86.2234,89.5057,71.7174,114.5266,152.201,176.2127,88.5728,99.6179,80.6158
"TTPA",9.4523,3.1061,7.0842,4.5467,7.1379,7.4807,12.9913,5.5019,4.1627,3.3848
"GGH",21.6123,16.2064,12.8352,13.613,24.1454,23.996,62.4009,17.844,16.0059,17.1835
"SULF1",26.8797,19.496,62.5809,22.9394,7.4082,44.4516,7.1439,38.0418,9.7484,18.2361
"TGS1",13.3333,12.466,19.9779,13.441,13.7772,16.4321,11.988,14.259,10.5605,12.3219
"SDCBP",138.4873,213.177,153.8738,105.6369,137.6325,149.4443,87.5634,167.8607,127.7072,124.2649
"NEK1",6.4091,5.46,13.317,6.6366,4.4773,8.2867,3.2772,9.0601,4.9892,5.6043
"DDX60",20.9333,16.0023,33.24,51.6113,30.456,21.0639,12.3618,27.4608,53.4325,39.4064
"NXPE4",363.4538,219.2943,170.6216,142.1499,394.5272,309.8379,461.3025,225.2436,236.6647,194.7911
"SORL1",24.2591,26.8946,32.0521,55.437,36.8574,12.61,8.58,34.0377,52.1983,29.4663
"TMPRSS4",65.9635,73.5059,53.205,75.6317,124.9174,54.237,89.8927,54.1631,121.9642,75.6533
"BUD13",26.6207,28.7392,34.7329,24.4347,32.484,35.9177,27.5428,29.0083,29.385,26.8087
"MMP7",0.3953,0.5951,0.0788,1.2663,2.3801,0.3007,1.2858,0.365,0.4099,0.712
"DCUN1D5",3.0444,3.9655,5.0292,2.8128,3.8724,5.4572,3.718,3.9689,2.6496,2.9978
"YAP1",37.5599,36.819,90.6602,40.6783,24.9319,56.1973,18.7389,55.948,27.3587,36.1764
"TRIM29",4.5311,14.063,0.4917,1.0429,3.2329,2.6638,0.9706,4.4072,1.3811,2.8637
"SLC37A4",21.4695,17.5025,12.5461,15.039,26.0179,16.2788,18.8283,17.6515,19.5983,15.8043
"RDX",20.7889,13.6022,45.0628,18.7836,6.7586,40.6173,12.5685,23.6993,9.0327,13.0592
"PPP2R1B",18.0581,28.8371,16.9127,19.5138,28.8837,17.4963,13.9996,22.055,27.4004,18.1121
"FDX1",26.7195,35.1634,31.0817,32.8485,40.8983,45.64,33.4824,29.5115,39.0144,27.172
"C11orf1",13.2796,8.0843,11.3681,6.6883,8.9089,17.5162,21.0906,9.9712,6.5393,8.1673
"FXYD6",18.5853,13.9618,46.1834,18.6887,2.2342,41.7304,11.3541,26.2733,1.7799,16.8024
"CASP1",42.2785,15.5078,34.1873,32.0626,24.3321,36.329,41.875,23.9596,39.1907,21.6078
"CASP5",27.8718,9.5726,19.9823,28.0117,38.213,25.5159,18.8627,17.1885,129.111,16.2119
"ALKBH8",5.512,4.9549,9.9111,5.5564,5.1631,6.7687,3.4316,4.5626,3.8026,4.8167
"MAP2K5",14.2168,9.0663,20.1506,12.727,12.0825,14.9927,9.8954,14.4236,10.9305,13.0611
"SQOR",119.5209,165.9795,102.5409,109.7531,252.5322,108.8622,150.8375,135.0484,165.509,138.4276
"CTDSPL2",11.4715,8.9578,18.7911,12.4641,9.3215,17.3393,14.0197,11.7188,10.3095,9.1641
"SLTM",26.2256,26.9914,35.7248,32.8193,33.0082,24.0774,10.9349,31.9268,34.3483,23.8968
"THBS1",165.781,153.5184,77.1893,236.3093,68.1323,69.683,39.942,416.7084,95.0031,117.9483
"NDUFAF1",10.4287,10.431,11.3608,8.9466,9.7811,14.0242,14.3842,10.8218,10.1257,10.1142
"KIF23",2.3706,6.8555,4.0452,4.8111,11.6168,4.4443,3.7802,5.111,10.1097,6.2639
"ITGA11",2.6489,1.9743,5.3842,2.3293,1.6129,1.591,1.2872,5.4897,1.8231,1.6864
"KNL1",1.4413,2.6058,2.4526,4.1964,6.7924,2.042,2.6063,2.8143,5.9525,3.3791
"HAUS2",10.2597,11.767,15.9044,9.9214,11.0976,16.0085,11.8568,13.7455,9.9577,8.9688
"RTF1",37.8413,36.6821,59.5058,36.385,35.4496,46.1905,23.5979,43.4805,32.0387,34.6301
"PARP6",7.962,5.4864,10.7601,9.7141,4.377,8.5065,3.5373,9.9198,5.7931,6.4473
"RPLP1",1065.3047,998.216,970.8595,760.1211,1122.8913,1555.7699,2120.895,1079.7334,762.0978,1034.6254
"PAQR5",15.253,17.5698,14.7804,20.7247,25.2388,13.8471,12.5188,21.9782,22.9778,14.1933
"LRRC49",1.8303,2.4977,3.4124,1.3419,1.1437,3.4757,1.9638,2.0076,1.1737,1.6738
"TUBGCP4",2.5264,2.5288,4.1325,2.6366,4.2595,2.068,1.3648,3.2266,3.3125,2.6523
"RMDN3",22.4634,22.895,20.6458,19.7381,24.0733,19.4637,13.0791,24.3013,24.2333,19.0062
"ITPKA",36.9238,35.1123,21.5758,38.2942,61.3207,22.0749,38.0384,28.3737,70.1145,51.5446
"UACA",12.3189,16.747,21.3736,18.6678,13.5757,14.9671,7.1499,14.3345,21.8417,15.8104
"SMAD6",3.5546,3.4382,3.0663,2.7733,5.0675,4.1316,1.844,2.8766,3.0191,5.7917
"PLCB2",8.2145,4.7905,4.1919,6.5704,2.4566,4.1456,3.1661,6.8565,2.4799,5.3382
"PAK6",2.457,2.3232,1.1875,1.271,3.8931,1.4469,1.0888,1.8731,1.9523,2.2352
"ADAM10",21.6699,21.9191,27.523,23.9153,26.9658,20.3422,12.4001,22.574,34.757,21.6114
"DUOX1",0.8989,0.8282,1.3737,0.7804,0.8363,0.4677,0.3019,1.1569,0.7938,0.4819
"STRA6",0.1262,0.1939,0.0358,0.2063,0.0313,0.0708,0.0519,0.1173,0.093,0.1683
"ZNF280D",3.415,2.0866,7.1392,4.3097,2.7549,5.6383,4.0388,3.2291,2.6821,2.9489
"SEMA6D",12.1337,8.0431,18.4371,19.4531,13.6333,10.1052,6.6889,10.048,15.4331,16.6611
"BCL2L10",3.2057,0.9259,2.2178,4.6831,6.3341,2.2334,7.1366,1.3242,3.4243,1.6828
"RSL24D1",43.2326,34.0482,68.4908,30.063,28.5908,113.6277,108.9467,41.0839,29.8585,32.199
"SPTBN5",0.2276,0.1466,0.1188,0.2814,0.195,0.0567,0.0808,0.2278,0.2639,0.2977
"GCHFR",0.4816,0.8963,0.3703,0.5595,0.7457,0.6805,1.2085,0.8577,0.3745,0.9062
"BCAR3",17.1702,16.362,15.4315,18.541,22.748,15.4281,16.5366,11.4517,23.6261,22.5155
"FNBP1L",36.0419,25.4051,40.0781,38.0931,41.9035,27.4628,19.5852,27.5781,48.2018,28.2754
"KYAT3",32.7329,35.1338,45.2488,29.912,35.4647,36.7133,34.9864,25.7172,30.9232,33.1196
"GTF2B",37.0573,35.0281,32.7045,35.9632,34.2802,60.0761,60.5383,41.3532,34.9415,35.7485
"RABGGTB",17.6065,15.598,19.0084,15.7529,16.6268,22.5755,21.3539,16.6386,21.2953,12.2856
"IFI44L",2.7611,0.7363,4.9813,1.1549,0.8675,11.3708,1.6443,2.4759,3.0488,2.0264
"GIPC2",38.3643,28.2908,41.1173,37.6837,45.0879,39.7337,41.0577,30.1656,53.5428,25.9547
"ARHGAP29",3.6135,2.1188,7.0414,3.096,1.069,5.8869,2.7353,4.2153,2.0748,3.2708
"IFI44",10.7737,6.4355,16.1925,7.7251,3.2748,25.5996,11.417,10.1546,8.3204,8.6369
"DBT",9.6362,5.1394,15.1965,7.8974,8.0584,13.0654,9.1315,8.7567,8.2863,6.325
"RTCA",33.0427,37.7555,34.6574,38.0624,41.2283,41.6281,32.532,31.4461,53.2792,34.5544
"IFT172",6.1893,3.5615,6.1026,5.0005,5.9688,6.0102,6.5385,6.0062,6.3468,5.0979
"SELENOI",11.1037,22.9424,14.9327,13.5384,27.1123,10.651,8.6583,18.1153,28.0374,12.3916
"CGREF1",1.471,3.6562,1.0378,0.5949,3.7682,1.9897,2.5685,2.0247,3.5395,1.0956
"HADHB",127.9368,118.1429,153.0324,123.6399,131.1237,136.9359,125.6675,153.0813,147.4536,103.1406
"KHK",4.4263,6.1282,10.0105,3.3836,9.729,7.0405,5.3684,9.8569,6.5989,5.805
"ADCY3",13.3876,10.1414,10.774,8.7291,13.3076,8.0234,4.2567,14.4073,7.9657,7.6516
"PPM1B",10.9488,9.4914,15.6323,16.1472,14.4484,15.3297,7.6786,11.8224,19.7288,11.0938
"PNPT1",13.5952,20.9549,15.5667,13.0839,21.2805,19.3987,14.546,20.2372,15.0959,10.4388
"DYNC2LI1",10.7116,6.9221,10.3132,8.3517,6.9454,13.463,11.4264,7.8969,10.0035,4.3705
"THUMPD2",4.9038,4.2919,7.556,5.3595,4.5968,6.2455,5.9822,4.5411,4.3319,3.6051
"RAB1A",193.0568,232.4976,185.1445,147.9973,228.2781,249.1545,206.3936,201.011,189.9523,171.1375
"ACTR2",237.5637,322.8468,290.5639,290.7984,329.4133,267.2622,156.9777,282.4176,362.178,237.1079
"PREB",45.5352,49.0991,37.5956,35.5068,64.1447,55.9931,61.9148,43.9974,42.3329,40.7549
"SLC5A6",13.4835,27.9752,10.6987,11.9302,32.5399,9.8913,8.6718,22.1831,21.3127,13.9854
"PREPL",16.2525,13.0601,30.1274,15.7658,14.1408,21.6615,11.5414,21.2208,16.9242,13.8287
"EMILIN1",107.3012,155.6821,298.2581,125.2908,45.851,146.2883,27.4327,343.3253,28.9357,214.5112
"FBXO11",10.38,10.4507,16.3226,10.1194,9.345,10.384,4.8403,13.5469,9.2898,9.3961
"ATRAID",138.1206,98.5987,123.7408,93.2749,111.8925,229.1473,281.6097,124.3393,95.0548,110.1912
"CENPO",2.3542,3.7337,2.9157,3.1262,4.899,2.7255,2.9072,3.1654,4.0926,4.3686
"LRPPRC",58.7213,69.1017,82.1699,48.2711,81.8717,55.1494,45.1299,79.6201,66.335,45.5961
"TRIM54",0.3736,0.1752,0.2347,0.3591,0.493,0.4548,1.2154,0.2911,0.1162,0.1136
"DTNB",2.4239,1.6868,1.5095,1.8869,1.317,1.8876,1.7904,1.6887,1.1754,1.6903
"ACTR1A",74.1008,91.5528,102.8032,76.9308,96.7728,100.0036,48.6887,100.3884,76.8554,91.9154
"MYOF",59.1642,92.9839,81.4645,60.4582,79.3295,38.7151,17.693,86.2633,74.7399,73.8893
"LOXL4",5.2827,5.5801,18.7808,7.0575,0.6274,8.4483,1.7692,10.6093,1.2116,6.716
"STAMBPL1",5.9218,5.1395,6.7082,7.8033,7.0622,5.7133,9.9493,5.8094,5.514,5.739
"CH25H",12.6077,4.4014,4.9252,20.5604,3.8094,9.9598,2.3941,20.9333,1.8766,37.0712
"ATAD1",35.5007,31.7215,55.2954,35.4121,30.7876,52.9661,33.4394,39.0568,32.2615,29.7059
"KIF11",6.9208,16.6024,11.4739,16.518,27.887,11.8132,9.1551,12.2029,25.6386,16.1296
"TACC2",18.1025,27.3285,32.7692,24.2986,21.3706,16.709,7.232,30.9095,20.2477,21.7918
"DUSP5",61.9161,140.8033,17.8499,62.0757,44.3405,27.0637,9.1002,153.9631,18.7547,81.6938
"ARL3",16.742,12.4093,27.0854,10.9633,8.7664,32.6342,25.7449,18.2503,10.4163,14.5001
"CEP55",6.6408,16.038,7.8886,12.2458,28.1292,13.5916,12.2871,13.59,30.6023,14.5868
"KIF20B",4.6562,5.6724,8.5014,6.4574,9.35,6.7243,4.7178,5.1611,11.3363,5.6269
"ENTPD1",5.8636,4.4571,9.6486,6.8323,2.8855,8.4688,5.2038,7.0035,3.3974,6.1141
"EXOC6",10.2641,12.3111,14.3172,9.2318,12.768,17.2921,12.0685,12.0185,15.2198,10.5433
"PLCE1",16.9452,16.886,19.1194,19.3512,30.4083,10.9037,6.7652,20.6855,24.5032,21.1055
"RBP4",29.0358,34.9992,15.2356,9.9198,10.8017,17.3865,17.1863,17.0621,26.4672,23.0124
"DBR1",12.3001,12.3327,20.7968,12.2206,14.0881,19.1102,13.8209,12.1085,11.2229,11.5635
"DNAJC13",20.2346,17.2257,37.6665,29.9125,22.6065,17.6859,9.0796,27.047,26.1742,20.3633
"ANXA7",142.0975,135.5138,150.9822,100.4384,139.1464,184.8652,150.1834,141.0324,117.1135,105.2391
"FAM149B1",7.6144,4.618,8.7523,6.3509,5.2804,8.8243,6.6202,7.2988,5.7638,5.203
"ASCC1",7.5175,7.1895,13.165,7.105,6.8338,12.7761,9.9278,9.0541,6.1076,7.8265
"PLA2G12B",2.4104,1.2901,5.7279,16.1832,3.8682,11.0037,11.2744,2.6735,8.7142,4.7526
"ADAMTS14",1.7573,1.5455,1.8559,2.815,1.156,0.8078,0.6789,2.2632,1.0392,2.2443
"RPS24",487.7288,287.6297,400.332,269.9289,319.4668,584.9215,595.4676,319.1207,283.8072,311.7026
"DNA2",1.986,3.0189,2.4872,3.6403,4.7771,2.849,3.7553,3.2993,5.1485,3.1548
"AOX1",9.7179,5.7222,14.3119,6.7392,2.2632,10.3887,3.002,7.7877,4.8627,3.6162
"ATIC",50.8899,77.05,60.4356,53.1218,79.9364,50.4125,33.3812,66.3251,56.7363,57.4493
"SMARCAL1",14.4967,9.3123,15.7622,12.2195,13.9557,11.814,8.7745,12.3694,8.9633,12.8033
"BARD1",2.4019,3.7027,7.1228,3.86,4.0393,5.293,3.4231,3.8375,4.594,3.6539
"ASNSD1",17.3024,14.2739,26.6699,14.6414,12.7911,33.3483,31.3177,15.6763,12.3402,14.582
"METTL5",25.9786,20.2391,30.8859,20.1403,21.4182,45.5388,36.6504,22.7418,19.8857,17.8368
"SSB",35.088,30.3952,45.2002,30.9125,28.4442,45.0956,29.4725,32.8632,25.4146,24.6858
"NAB1",23.4234,22.459,36.0453,18.6973,12.1733,30.06,17.5797,26.2423,14.0901,16.5302
"PPIG",22.4006,16.3971,32.9985,22.6476,19.0381,26.9122,15.5727,18.9852,18.8249,13.3926
"FASTKD1",17.6853,15.5698,15.9315,19.3219,23.9147,17.9776,18.4708,17.7235,27.5776,14.8453
"IDH1",145.9033,106.0525,108.4549,94.2291,193.5828,117.4618,168.1023,113.2916,246.1975,100.6447
"OLA1",38.6852,36.3584,47.9231,31.1307,39.6458,62.0844,56.3372,38.2787,41.5537,29.8736
"CIR1",47.8979,24.2775,61.786,45.5339,30.8971,54.3968,47.0163,27.5469,42.1375,30.276
"ITPRID2",76.4339,169.8314,72.5077,81.7611,107.8046,90.7526,68.8157,113.279,112.3329,70.9496
"FAM117B",10.0656,10.1065,14.0693,11.1688,15.7471,9.0327,6.4955,13.4262,12.9233,10.6897
"WDR12",7.9849,9.4064,8.8731,6.9961,12.7532,8.8159,9.6956,8.9382,8.9499,6.1662
"ABI2",4.3381,4.5195,12.2971,5.0101,2.5085,7.504,2.27,7.6136,2.3831,4.4999
"ITGAV",30.9566,33.2035,62.5659,36.4364,25.5964,40.232,26.0967,38.0353,32.5822,24.8485
"SLC40A1",360.1804,129.7658,184.0404,255.7928,119.1156,425.0634,814.4344,107.3382,347.0676,168.7455
"SLC49A4",26.2232,39.609,18.3542,27.3243,32.5786,23.3358,15.5049,21.5093,30.1974,29.5851
"SENP7",7.6145,4.0099,15.6786,8.4327,3.5734,11.381,6.8093,7.696,4.844,4.1805
"COX17",40.8136,54.6835,32.7672,41.1135,41.9095,63.9319,80.6512,47.5832,46.9377,45.3249
"PARP9",14.7678,10.0342,22.163,16.6367,11.8023,21.501,10.9322,13.9576,19.6456,17.4526
"MNS1",1.968,1.6072,3.0216,2.25,2.1034,2.3772,1.98,2.5505,2.3667,1.994
"USP8",7.8386,5.7702,11.3331,7.7369,7.0716,8.1311,5.2509,7.7158,7.8659,5.3067
"TMOD3",24.5039,32.7278,28.9407,28.39,37.9939,22.5375,16.1485,23.9952,44.7766,24.0226
"SPPL2A",42.6483,42.8164,48.4167,59.5046,68.1402,55.9754,62.2196,38.7245,84.7542,46.1327
"GLCE",29.744,18.5649,29.7542,25.5186,27.0347,27.0214,31.4853,24.7959,32.6635,20.554
"APH1B",8.0866,5.0632,10.6814,7.0028,2.4788,9.9839,6.5888,7.6918,2.9407,5.5478
"INTS14",35.4427,28.9211,30.8982,27.7697,36.8724,39.7735,37.9318,27.4827,27.63,25.8706
"PARP16",11.69,10.3321,17.0511,10.5129,14.0334,12.2961,8.095,12.5716,8.1876,11.6786
"PPCDC",7.6076,5.7206,6.1674,5.1023,9.3597,8.331,12.162,5.7445,6.6772,6.9788
"SEMA7A",6.2205,8.6636,4.1858,14.7684,1.4405,3.6925,2.0759,6.9365,2.2103,8.0824
"UBL7",71.5103,54.5645,69.833,63.8996,70.074,70.8181,53.1024,65.0869,46.4922,69.6645
"ARHGAP24",3.0165,2.4357,5.2618,2.8619,1.5253,4.6789,1.811,4.701,1.772,2.9909
"FAM13A",8.1918,7.2367,13.2537,14.205,6.8998,8.3182,7.1532,10.8301,9.0241,7.6051
"HERC6",8.9475,6.6983,11.0569,7.7167,6.5887,10.5571,4.8407,7.4919,14.0268,12.764
"HERC5",3.9887,3.1097,7.5027,4.6013,1.2901,6.6228,2.129,4.0996,3.2268,4.8758
"ZGRF1",0.666,0.6008,1.2653,1.3737,0.9072,0.7239,0.7428,0.8431,1.3492,0.6691
"AP1AR",18.2814,20.3043,21.7289,17.8014,21.4016,22.0145,13.6372,14.4366,23.8666,13.0475
"COPS4",33.5291,34.0994,44.0917,27.7149,35.8295,60.3259,49.1506,38.9322,26.6869,31.7875
"HNRNPD",62.6707,94.5314,83.6745,74.6598,94.7096,65.4952,23.4451,98.4273,74.4485,84.0863
"SEC31A",59.5466,60.5418,77.0578,49.733,61.1899,50.08,26.8312,63.2845,60.7691,55.655
"GPAT3",21.0496,65.9533,23.5661,25.1373,39.4007,28.8432,18.9374,28.1371,33.4407,29.592
"BBS7",8.494,6.5163,14.5557,7.1203,7.4214,11.3373,7.6106,9.4048,8.8239,6.8371
"KIAA1109",10.0842,8.9935,20.0645,16.2875,11.8783,7.3734,3.64,17.324,12.5535,8.3316
"RAP1GDS1",21.2665,22.2253,29.7797,18.9955,25.5,26.1551,21.95,23.794,21.9108,19.7866
"LARP1B",9.1301,10.9392,10.5492,6.8416,11.9481,11.3911,7.7268,10.0386,10.2809,6.7572
"MMRN1",24.8801,16.5949,47.0671,18.5246,12.1476,43.4739,15.2912,19.7978,22.3622,25.9873
"PDE5A",28.8464,21.0992,102.933,35.2991,12.8027,70.8821,16.6106,71.0391,13.3993,28.4855
"NAAA",43.9181,50.4544,51.3165,85.7172,89.2237,71.4827,77.8488,53.5999,103.516,59.158
"NUP54",27.1504,23.8689,38.1366,22.9516,24.7715,44.2481,39.8305,26.8291,23.2494,22.3754
"CXCL9",5.2955,4.3657,9.8664,13.0686,1.2869,9.3498,10.8042,12.5948,4.1327,10.9182
"BMP2K",4.9519,7.2185,6.6228,5.3817,6.0973,5.476,3.3419,5.6721,3.9866,5.1785
"G3BP2",41.5184,54.8314,56.8858,46.5271,49.2538,51.1117,25.8118,58.4445,69.5397,36.0645
"SEPTIN11",45.2164,47.9369,52.7082,41.6164,59.6738,39.5169,26.9108,51.7387,61.7068,38.2741
"SCARB2",50.075,43.4072,68.8715,54.4967,44.9941,54.5845,30.8037,54.9065,47.7936,40.9284
"CCNG2",27.4433,41.1208,29.3617,35.3992,28.8052,32.5829,22.1771,19.0846,42.1943,20.6168
"CNOT6L",15.6089,16.1788,24.2904,18.0622,13.0866,16.6845,9.101,21.7942,14.1017,14.9505
"USO1",67.2978,64.7138,91.7708,62.9267,64.3573,82.9938,51.7045,66.2184,64.3512,52.9976
"SHROOM3",36.3336,50.8074,28.0077,34.4642,50.2059,18.3531,16.1639,44.5085,53.8952,34.2992
"PPA2",65.7656,52.7335,56.4635,45.2297,58.8081,90.3694,103.1925,53.9896,72.2539,46.9907
"CENPE",1.1597,1.8506,1.8691,3.1488,4.817,1.5617,1.6492,2.2285,5.2437,2.6568
"GSTCD",4.7932,3.8061,6.0584,3.6156,5.0518,6.456,5.8157,6.1492,4.37,4.0117
"INTS12",6.667,6.0226,9.3829,7.4807,7.6883,9.9264,8.8285,6.628,6.954,7.1527
"ENPEP",0.9238,1.0249,2.2617,2.1662,0.6904,0.7933,0.3692,1.9951,0.698,0.5416
"CASP6",86.3656,46.9508,73.4883,68.3115,109.9676,106.8464,154.7564,61.101,111.6598,62.2186
"LEF1",1.5394,1.7532,1.0401,4.103,1.2987,0.7809,1.2118,2.2313,1.6111,5.2861
"HADH",37.3952,33.446,41.7014,33.4414,59.4576,50.0859,61.7098,37.9195,64.9841,32.3294
"PAPSS1",48.459,43.0173,75.2618,42.0547,33.5075,67.0585,37.9439,53.6269,34.6608,43.7174
"SEC24B",26.4333,28.6916,43.2633,29.3723,32.9638,27.9992,18.3793,32.6659,31.3219,27.7033
"PPP3CA",31.6822,58.7224,51.1515,33.8134,44.9295,35.5264,13.8989,35.8713,42.0589,35.4686
"SLC39A8",69.1434,46.2574,35.6202,34.8512,75.0902,66.1565,67.1801,44.5484,67.4261,41.4064
"FBN2",0.6321,1.0123,1.4869,0.7808,0.9045,0.6041,0.2808,1.9461,1.2769,1.9057
"MAPK8IP3",9.3583,5.0877,9.2536,11.4563,6.9634,5.2615,3.5186,10.0198,12.319,6.3432
"RGS3",10.8883,10.3251,13.2418,12.3263,13.8131,9.0937,8.3529,9.7891,11.5529,11.8184
"RNF185",33.5832,31.2469,39.6089,33.0328,37.3621,41.796,37.8361,32.5892,40.0329,37.9055
"PARVG",2.9192,2.6054,1.6329,4.2029,0.8577,2.257,2.0454,2.1611,1.103,3.4368
"B4GALNT3",50.0145,94.0241,25.8119,45.6497,87.2133,21.3365,15.4998,49.6697,78.869,69.6553
"ERP27",3.2298,1.0467,0.9253,1.8862,0.8697,2.065,3.1785,1.0433,3.7572,1.0725
"ETV6",19.3628,23.0099,25.0091,25.6305,27.6801,14.8181,9.1871,24.5756,24.9771,21.5898
"GABARAPL1",41.5795,46.3656,59.7243,42.5246,17.8768,50.9542,16.1268,68.7826,17.9474,35.4949
"KIF21A",9.9047,15.1159,12.7854,9.8359,15.7994,7.6548,4.4097,12.7286,14.5444,11.5615
"YARS2",16.7518,17.5845,16.4774,14.8763,24.6449,17.0063,16.9816,16.4678,16.3127,14.9542
"FGD4",13.329,12.3794,14.6722,14.5923,16.4974,11.137,7.4841,13.0069,24.6907,11.2814
"ALG10",1.6852,1.4532,2.5671,1.5776,2.2054,2.0663,2.0193,2.0028,1.98,1.6338
"SINHCAF",32.5308,23.9735,22.9722,23.5782,25.5966,43.1478,48.6206,22.007,22.9969,20.703
"AEBP2",11.8552,10.3799,21.9214,13.2003,10.7622,17.0437,6.2784,14.6477,9.8463,10.1361
"ETNK1",13.4665,9.6451,18.9067,14.4077,20.9843,16.0277,19.0582,11.0267,24.0974,9.7447
"ZCRB1",14.1649,7.6214,20.811,11.5696,9.1302,24.3082,17.3695,9.9259,9.4721,8.9771
"C1RL",24.8937,14.5254,31.2851,24.5095,18.7277,16.7686,14.1927,21.9305,17.0763,17.9457
"NDUFA9",5.2213,6.2446,5.3312,5.0166,8.0587,5.6103,8.6826,6.0513,7.1681,6.3138
"CLSTN3",14.1931,11.1091,12.8631,14.3158,6.2926,7.1301,3.1717,16.8617,7.8297,12.502
"VAMP1",7.2131,3.7348,14.8162,12.4396,3.0101,9.5302,2.8584,6.4583,5.6945,5.9985
"TAPBPL",44.7594,53.4995,45.2479,33.5766,46.4638,33.8245,44.3528,53.3272,63.7785,35.4594
"CD27",21.0403,16.5485,7.7446,24.8437,7.2277,6.4504,11.7336,11.6507,7.6122,20.8114
"PEX5",25.8338,29.0655,33.2806,25.4619,28.9858,28.5197,13.5648,28.4897,16.8353,29.9478
"SCAF11",21.7132,19.0644,34.416,26.0471,23.2874,22.4362,13.0077,22.959,25.4625,18.9777
"LLPH",4.9506,5.1868,6.7399,5.1762,5.7618,7.8153,6.1594,5.2099,6.041,4.8609
"LRIG3",33.7485,19.4955,29.1745,27.4902,33.5983,23.4214,21.4046,15.5498,20.892,26.5605
"MARCHF9",9.5042,6.7104,9.4747,8.3155,9.4016,7.3959,7.1687,9.4648,5.086,8.1605
"GLIPR1",9.434,5.8572,10.8342,8.4305,2.049,12.6456,9.1162,8.7788,1.914,5.5193
"PHLDA1",9.6786,23.9275,6.0383,15.5998,3.4335,6.7828,2.5714,38.852,5.46,16.7157
"TMEM19",17.6428,10.3926,22.3255,16.4832,18.0112,22.1081,22.3451,14.8337,20.0232,15.3886
"LGR5",5.2085,6.9234,5.0931,3.4758,7.5383,3.9629,3.0715,6.7694,7.358,3.1032
"DUSP6",43.3793,104.0529,43.1365,52.9781,59.7731,56.5491,32.8788,156.7838,78.1297,49.6523
"POC1B",10.5907,9.4706,11.4149,8.9769,10.3707,17.0355,20.3277,8.8667,12.0814,6.5046
"LUM",396.6966,214.6652,878.7115,237.3237,125.4576,569.3811,451.8198,418.7534,187.8465,217.1807
"SNRPF",28.7615,38.564,27.2468,23.7893,39.9994,36.2769,38.5585,36.9788,36.1169,33.3324
"NEDD1",12.4022,12.5227,24.6294,15.8756,11.9043,21.0428,8.8634,13.8338,12.9373,11.5029
"SLC15A4",8.8509,9.8469,16.1328,11.3517,7.9118,12.3484,6.0495,11.364,6.4631,11.8285
"TDG",15.4552,16.3484,13.7541,13.9092,16.4342,18.821,14.5879,18.6903,18.4592,10.6302
"RITA1",23.2986,21.2031,22.408,24.3375,33.5211,27.1611,26.9869,21.5933,26.2184,20.6564
"SDSL",30.4728,33.5555,13.7142,21.5848,42.2014,26.8502,32.4895,27.6006,31.2291,27.266
"MMAB",13.2311,11.4264,10.6178,6.534,17.3694,14.9555,20.5435,13.6851,22.5286,11.2192
"GLTP",101.071,111.7105,89.2828,97.1922,152.5082,103.2961,107.5705,96.4899,147.3386,95.7181
"GIT2",3.6216,2.2681,5.4921,3.4903,2.0296,2.9045,2.0183,3.5554,2.3188,3.2653
"TCHP",5.109,4.6508,8.2387,7.072,7.032,5.0003,3.4192,6.7695,5.2686,5.2223
"FAM222A",4.1493,5.035,3.2005,2.0879,6.3623,2.8649,2.5465,4.6842,2.8513,3.8278
"NUP58",11.8599,11.6773,14.4573,12.0584,12.1481,14.0053,11.7084,12.5104,12.6309,9.2064
"MTMR6",27.3451,28.7964,41.238,25.9656,22.3334,55.2537,36.8214,31.4605,24.996,19.2308
"SLC7A1",23.7622,62.2651,29.8925,19.1163,44.1554,15.4983,8.7864,53.6379,25.9215,23.795
"PDX1",1.6244,0.8568,1.1589,0.2605,0.2767,0.8934,1.4516,0.2033,2.9832,0.4363
"LNX2",24.2498,17.2478,29.9395,25.3912,32.1297,29.2215,22.3996,22.6995,30.889,27.1547
"SUOX",18.0052,11.7587,27.3072,19.3135,19.3383,17.6467,13.1574,22.258,16.3603,17.2028
"CCDC65",0.6867,0.9394,0.9627,2.0625,1.3753,1.0449,0.6422,1.2485,1.1348,1.1089
"SLC39A5",166.2029,148.5622,69.5598,121.3356,213.132,120.9955,152.4009,129.9608,119.4446,139.2439
"TARBP2",14.2991,11.6196,9.0743,10.4245,16.7994,14.5945,23.4365,10.7281,11.9342,12.2673
"ACVRL1",137.0374,105.3004,76.9118,89.7234,144.2678,87.1004,81.2291,86.4933,116.6136,125.5452
"GPR84",0.1496,0.7537,0.3132,0.5531,0.0235,0.2656,0.2271,2.7721,0.1164,0.5811
"NABP2",47.194,42.557,48.0533,36.5521,66.4707,55.0505,52.255,48.9368,44.1374,45.8728
"N4BP2L1",8.997,2.9826,12.1421,9.7817,2.4987,12.9608,9.8236,5.5089,4.2676,4.8011
"SMARCC2",30.5806,22.1794,40.5928,29.5193,32.2228,23.9937,12.0534,33.208,24.9395,25.559
"BRCA2",0.8117,0.8419,1.3066,1.4297,1.4589,0.5328,0.7456,1.1451,1.3802,0.9313
"KANSL2",20.1296,15.2498,22.5722,16.6625,18.5293,32.6258,38.9843,16.1036,13.6939,15.7772
"CERS5",11.5952,12.3214,15.9426,10.8551,8.6081,15.4333,10.6107,13.2517,8.7249,12.6109
"MAP3K12",3.5662,1.9785,3.9909,3.4305,1.1867,2.9176,1.0063,4.0239,1.2327,2.3507
"ITGB7",6.7414,5.4519,3.245,6.8542,4.5631,3.1698,3.9318,6.3976,2.5101,7.0162
"GALNT6",9.6728,8.962,5.487,12.888,12.0708,4.516,5.0076,6.2388,9.5988,8.6769
"CSAD",3.6653,1.5306,5.3736,5.83,1.8744,3.6421,2.0311,3.4357,5.4852,1.769
"ESYT1",56.6501,90.3449,107.1188,62.6576,71.1368,53.935,28.8992,111.8264,44.3046,82.3455
"TMBIM6",638.9283,627.4025,538.269,542.0847,790.0987,605.9861,602.2045,580.6419,684.4535,545.8251
"ANKRD52",23.6249,28.3303,26.699,24.5056,31.6595,13.0888,7.048,30.6053,24.5637,21.4721
"ZNF740",10.6498,7.9415,15.73,9.1542,8.6703,10.7982,6.1607,8.9441,6.4195,8.8766
"HNRNPA1L2",5.1612,5.3409,7.7288,4.7767,3.5346,4.8592,3.817,6.3268,4.1583,4.6652
"LPAR6",16.04,8.2923,19.8259,14.3104,9.1436,24.9074,27.0313,9.2029,6.9616,11.5987
"ESD",96.8897,75.0954,135.0337,78.9596,93.0215,137.1957,99.8956,95.1427,78.7442,82.0306
"RB1",26.7783,21.2432,38.6454,28.1576,22.515,37.0137,35.2366,27.7971,21.7616,22.7767
"SBNO1",11.3396,14.3486,18.7624,14.7029,18.3681,11.1671,5.5818,14.6591,14.8038,12.6866
"SETD1B",15.4968,15.0295,24.6133,19.1909,19.325,12.8372,5.0587,19.3295,12.3992,15.684
"VPS33A",5.4314,4.8292,6.9546,5.8015,5.8202,7.3306,5.0432,4.4804,5.7205,5.6486
"VPS37B",34.8395,54.8528,22.9913,34.295,62.469,24.6985,26.6502,52.9851,34.8796,48.6959
"DENR",49.4988,50.0577,69.7137,49.7777,54.9327,68.7712,49.6894,53.8444,55.7771,46.1288
"DIAPH3",1.2558,2.7258,2.3649,2.1222,4.4809,1.9425,1.8945,3.8784,6.1498,2.6848
"RBM26",10.2924,8.3358,18.6493,15.6656,10.5878,10.9749,6.4443,11.436,12.3844,9.8831
"MBNL2",46.2001,32.4895,93.5925,45.4152,24.1152,75.8472,34.2391,57.8787,32.0151,33.6762
"RAB20",61.964,85.1992,44.1599,57.8837,85.3247,67.9021,64.1786,69.998,71.036,79.3631
"GRTP1",23.542,18.8407,21.2786,22.9318,30.995,27.1073,24.6571,24.6227,47.6735,30.3306
"CUL4A",31.3043,37.0876,45.2679,28.317,40.8248,38.1109,22.569,35.9655,33.1031,28.5214
"SSTR1",13.3103,12.3859,9.5578,8.3737,14.6233,9.0236,7.384,12.6595,8.1585,11.382
"CDH24",3.8466,4.6186,3.0731,3.3162,7.11,3.0611,2.5823,5.9453,5.7294,4.3934
"TSSK4",2.0113,1.4896,4.7487,3.0523,1.7709,2.7787,0.8265,3.217,2.017,1.153
"TMX1",46.5214,37.7852,53.5427,42.7975,50.9952,61.388,46.7253,36.8824,49.3005,33.6282
"FRMD6",9.5546,4.7427,30.3482,7.0321,2.8505,18.9358,4.6113,15.1546,4.3928,8.3546
"PELI2",7.9763,11.556,17.7846,12.4582,7.7486,11.4046,2.6665,15.6581,8.7112,10.6132
"NAA30",10.3527,10.4226,23.2301,13.2382,12.2017,16.2813,6.4711,14.884,10.5762,10.6115
"DCAF5",22.2076,18.34,37.6564,24.937,17.5042,26.3452,13.2181,27.4311,17.2424,20.2927
"RAB15",36.4148,21.6938,26.2001,20.7356,41.071,27.9812,26.9887,29.3215,22.9193,21.1096
"WDR89",11.446,7.2311,13.5881,8.7324,8.7232,11.9338,8.4696,7.2573,7.309,8.7345
"STON2",1.6499,2.3178,3.335,3.076,3.0301,1.8854,1.0862,3.1912,3.6921,3.5483
"JDP2",19.99,14.1678,14.2838,15.5135,10.8166,17.7857,11.2584,25.1663,9.8747,16.9395
"AK7",2.6167,1.3531,2.0176,1.859,3.1406,1.4932,1.7557,2.3788,5.5009,1.2428
"FBLN5",22.9876,30.8262,52.0025,25.5085,5.4455,24.0374,8.6112,36.4424,13.7668,28.7935
"WARS1",39.7065,61.713,54.3648,36.2185,42.2058,39.0657,22.7364,65.3199,37.662,49.1172
"WDR20",9.4933,9.2209,12.0553,9.2965,10.4552,11.0065,7.1765,9.9427,9.5952,8.9707
"NIPA2",24.9892,39.0255,12.0033,27.102,44.9258,32.6896,22.0345,34.7696,38.2741,28.6221
"SLC12A6",8.8623,5.5131,11.7268,10.5093,6.0407,4.8764,3.1101,9.0767,6.651,7.2604
"MFAP1",48.1723,39.3844,57.0879,49.4751,45.5941,51.5667,33.4529,38.7426,40.2325,48.7192
"TCF12",21.4971,21.187,34.4421,22.1536,20.6628,23.57,14.2531,25.2316,18.7401,18.9567
"SORD",6.0995,4.358,4.0749,1.5092,6.452,3.6054,5.0459,5.1915,4.1506,3.5844
"SERF2",86.3795,68.9632,50.7576,54.9568,86.4324,100.2505,177.962,62.241,65.4181,75.2389
"DUOXA2",18.9265,5.7704,0.1793,0.8275,4.8222,1.3077,1.4824,0.706,1.2434,1.62
"DUOX2",59.3376,22.9502,1.3624,9.496,11.3354,4.8942,1.6672,7.368,33.4275,7.3726
"SLC27A2",24.1033,37.0101,19.9066,25.3614,54.3093,17.409,21.3211,27.4312,39.7611,26.1051
"FGF7",11.2192,6.5763,31.3269,8.0462,3.6107,26.471,7.9251,19.43,3.3198,9.6884
"GCNT3",112.5385,187.0134,82.1817,169.0477,226.4775,145.5144,135.3132,120.7652,239.0002,160.5548
"BNIP2",18.1553,18.7838,44.2097,27.1577,11.5022,34.4951,11.596,29.5561,21.2887,20.9804
"GTF2A2",36.3633,47.7632,45.7352,43.354,47.071,74.7149,78.4557,42.6536,59.7998,46.8176
"SRP14",332.0669,260.129,352.8369,252.482,279.998,462.1373,543.6304,286.441,264.3864,282.7548
"BAHD1",15.5196,18.3788,19.1752,24.2202,23.6066,12.4342,8.4429,22.0885,24.9247,22.849
"CDAN1",5.9378,3.8987,7.1312,5.268,6.1165,5.0941,2.9324,4.7313,3.9125,5.2869
"TLE3",15.5928,19.884,19.0728,18.2151,16.0494,12.8732,5.5618,26.8163,12.1047,20.6082
"ANP32A",54.3133,43.8228,56.0428,56.9459,57.5812,49.4888,29.2875,47.9895,55.28,45.2278
"COMMD4",19.4582,21.6551,16.9218,16.4817,29.5022,22.0674,23.1666,20.8611,20.3518,22.8752
"UBE2Q2",47.3257,35.8943,104.4929,41.3227,26.1137,120.9781,96.1466,53.1499,19.6751,35.6748
"PSTPIP1",3.6532,2.3566,1.8187,4.5125,1.9525,3.3727,3.3044,3.1359,1.3686,2.9906
"ETFA",90.409,80.6044,89.5063,94.8607,124.8411,118.97,163.822,89.6623,143.7093,90.571
"BCL2A1",11.2639,19.1052,3.2155,19.4568,1.2064,10.9075,11.0594,19.0969,2.3095,13.7477
"HMG20A",14.5678,9.6447,16.0327,10.7058,9.3136,13.6204,10.8706,10.3328,8.3409,8.247
"SCAPER",3.914,3.1192,8.2674,4.4574,2.8247,4.9077,2.7293,5.963,3.706,3.1389
"TSPAN3",214.4424,204.6552,172.5536,230.1204,293.7208,235.3608,215.9715,172.1823,390.5042,272.8533
"WDR61",15.6771,15.2769,17.3594,10.0711,16.9068,23.608,29.6498,17.2085,13.7025,13.235
"NCOA2",18.537,18.356,29.7831,19.9065,17.4618,15.7537,8.3119,22.6014,21.0664,13.9142
"NEIL1",3.9278,1.6912,2.9773,8.0768,3.1692,2.6142,2.5698,2.4638,3.7113,2.797
"MAN2C1",12.8141,10.4523,11.6721,11.154,10.5197,9.0912,7.0766,14.636,10.5084,8.2599
"DNAJA4",15.7291,26.2719,15.6724,14.7549,22.0952,13.0085,13.3566,19.3293,21.0028,16.4074
"TLNRD1",21.996,39.3501,13.7515,18.5922,31.8324,17.2217,11.2936,36.602,21.6579,28.928
"TPM1",203.3082,263.3962,686.6197,219.091,62.7039,532.9977,171.2658,413.2826,60.2132,282.359
"IGF1R",12.0553,17.3114,27.2516,13.1789,12.8123,9.7757,3.5996,26.2385,11.8849,12.5149
"PIF1",0.9519,0.6843,1.1976,2.4107,2.7947,1.0489,2.1783,1.0004,2.6889,1.5299
"USP3",8.0444,8.9867,10.526,8.8097,11.0823,8.7466,6.5573,10.3349,8.1647,8.4967
"BBS4",8.8918,6.0166,15.9775,7.5183,6.216,17.9974,14.495,10.2591,5.2342,6.6825
"PML",10.372,8.4812,16.736,9.3091,7.8661,9.0723,4.253,12.756,7.6162,9.9188
"ULK3",35.3445,27.8645,27.9131,40.6227,42.6315,25.7008,33.9373,26.3439,45.2566,31.3619
"PCSK6",5.9192,5.2074,4.9912,5.1178,6.5993,3.2485,2.2381,5.3562,6.1087,4.9125
"SCAMP2",149.0611,151.844,119.8429,154.8157,245.3762,95.8941,88.9082,148.2852,188.0646,177.3098
"RHCG",0.3353,4.5843,0.2123,0.6416,0.2974,0.9604,0.6416,0.9016,0.0614,0.6395
"POLG",17.9252,17.808,15.9816,16.1342,21.8591,11.0759,9.1785,20.8993,17.9493,16.5469
"FANCI",3.6189,6.1419,4.4731,5.1922,8.1382,4.1923,4.0435,6.6133,7.3202,5.5525
"ABHD2",30.7949,94.4593,35.5466,34.8287,55.3785,19.0339,9.5274,49.7429,47.3007,34.2124
"TICRR",0.6417,1.7353,1.3144,1.4502,3.6746,0.6172,0.6696,1.4089,2.6366,1.9997
"MFGE8",25.6776,26.7488,42.1949,27.8762,14.4602,35.9193,17.6365,43.3336,16.4134,28.5203
"UNC45A",29.5416,36.0041,44.646,31.3049,34.4584,34.9767,15.295,44.8179,24.9932,35.1995
"FURIN",91.2937,137.0583,69.2555,89.1783,124.2892,56.765,39.1128,109.6269,99.4667,100.9464
"IQGAP1",92.9488,134.5698,137.0764,110.0833,125.1513,81.1325,53.7257,122.7016,141.5509,108.4542
"CRTC3",11.2523,12.3618,22.7688,12.4875,7.8531,13.9189,5.0747,18.6396,5.9707,14.1359
"EFL1",23.8379,26.4709,26.4648,25.7603,33.7574,17.2892,12.8694,20.4497,33.6107,26.511
"SEC11A",69.8666,56.2903,66.7624,47.7046,67.2578,92.5544,110.069,50.9049,58.9383,52.3611
"GLYR1",86.5647,83.5517,100.072,81.9632,95.6489,77.7362,48.1142,93.1139,90.0796,72.0811
"PMM2",5.8717,7.9841,4.5976,3.5321,8.3012,6.6607,6.4076,5.8856,7.5866,4.834
"ITGAX",3.7509,4.5626,2.1316,6.5364,1.1739,2.8046,1.6863,4.7797,1.8029,4.0778
"TGFB1I1",43.9663,65.6499,160.1891,41.8819,13.0102,100.9085,21.7163,109.3253,8.1981,80.9771
"RUSF1",37.4453,27.5506,29.8462,21.6716,36.4372,28.2111,28.1292,32.9924,20.4465,24.1211
"ARMC5",5.1816,7.7279,5.2425,5.5563,8.7371,3.7607,3.2757,9.6026,5.0873,9.1415
"PARN",14.7772,14.5561,18.6293,16.536,16.0792,14.9298,7.5544,19.2126,16.1993,14.6727
"FTO",4.9254,5.3475,10.0055,4.9153,4.2829,6.7336,2.2976,7.8877,2.9503,4.9448
"UQCRC2",268.1174,258.151,253.2643,191.0715,340.5837,336.7937,343.3389,263.0175,291.8822,219.3424
"CDR2",24.2853,23.4714,21.2218,26.3746,22.9135,30.2236,20.0716,31.7438,21.8658,28.4752
"IGSF6",14.5175,5.5749,8.2528,8.0391,3.6562,18.6928,35.9462,5.9997,2.4912,7.8016
"ARHGAP17",22.8611,27.0834,25.5972,33.0738,34.3277,15.5622,11.9286,24.0352,30.9016,30.3206
"NKD1",2.2157,3.1507,8.4046,4.1008,0.863,4.5372,1.2678,7.1226,0.9495,4.1303
"DHX38",28.3379,34.6032,34.7545,29.8211,40.8471,21.7576,9.8437,36.7649,28.0286,33.2044
"TXNL4B",7.961,6.4558,12.394,8.3912,8.3132,10.2885,13.2074,6.9741,7.3135,6.5057
"MARVELD3",18.3353,16.0798,16.181,28.444,37.1919,16.2235,26.1108,10.773,32.0101,20.1638
"ZFHX3",4.4978,4.7119,9.7643,4.2776,3.369,4.0795,1.2637,8.311,3.1841,3.9499
"NLRC5",8.8471,8.9814,8.111,12.942,11.4087,5.1698,3.5109,11.1832,12.7565,9.1518
"KATNB1",15.3187,12.9732,13.2046,12.692,20.1672,11.8417,12.1976,16.0313,15.2555,13.9311
"KIFC3",2.5578,3.4017,3.9041,2.4482,0.9703,3.5611,1.0703,5.0117,1.3041,3.3928
"NUDT7",5.1939,2.1395,5.5808,3.6791,3.459,5.5846,4.7755,4.847,3.4346,3.8131
"CMTM3",20.9125,14.3334,26.9879,13.2664,8.4714,21.4717,13.5637,17.2023,6.0894,16.6938
"CDH11",4.2674,4.728,9.9711,6.3214,2.6982,3.9418,1.9825,7.105,1.9399,5.6615
"NOL3",11.6803,10.8258,15.093,10.7756,9.4201,12.3848,10.524,13.9929,8.3953,8.4881
"MAP1LC3B",58.8426,55.6192,69.3994,64.6359,50.2552,86.6172,59.8019,64.8868,66.1658,59.3455
"MBTPS1",46.0942,42.2203,51.9172,36.8725,43.3463,41.4997,26.3896,50.7908,31.3129,37.1238
"CDH13",1.645,2.0517,6.0445,1.6535,1.3414,1.7719,1.0402,2.698,1.574,2.2286
"ZCCHC14",14.1223,13.286,25.2318,20.6751,19.2542,11.5972,6.0199,21.699,19.3812,16.8875
"MEAK7",5.9831,5.7351,6.9146,5.818,7.7406,4.7899,3.3238,5.7685,7.1788,6.3788
"IRF8",37.5815,43.5639,24.5673,52.1181,25.618,27.9723,36.0176,31.3162,24.9271,46.2309
"RHOT2",35.537,39.5235,28.8338,33.3755,49.701,28.1664,22.954,37.4865,36.7064,32.4331
"ZSCAN32",7.6215,6.5105,11.0642,7.2702,6.546,10.342,9.3656,6.9302,5.7223,6.2244
"RPS2",1276.7481,1002.8243,767.635,648.2754,1183.266,863.3844,1208.7389,875.5851,812.3604,994.7816
"NDUFB10",296.0609,266.2645,240.7512,236.1992,397.8326,401.0993,525.54,295.4849,266.5156,305.3933
"PDPK1",10.3419,9.8744,14.1422,13.4074,13.7959,8.3554,5.146,12.9812,16.5216,11.25
"TCF25",43.5454,36.9039,39.1952,33.2536,37.7937,33.5696,22.5654,38.2732,33.1296,36.2632
"GALNS",8.3734,7.6155,6.7456,7.8269,13.601,5.1945,4.8128,9.6131,11.6377,7.3723
"GAS8",3.9557,3.0167,4.3631,3.4076,3.0442,3.5344,2.2785,4.4775,3.6268,3.5025
"MED9",9.2609,9.4133,11.0582,6.4693,10.7101,12.5252,8.6947,11.6735,9.3074,9.3233
"NCOR1",28.9014,31.9515,41.7959,36.657,44.9136,19.3451,11.4041,36.2674,44.5164,30.9463
"COPS3",49.0067,60.1213,65.4842,41.517,61.796,96.928,97.5838,59.8743,42.952,47.016
"GID4",9.1489,6.1802,20.328,11.1921,5.2209,13.8154,4.801,13.2452,3.6859,10.192
"MYOCD",12.4044,15.7474,63.3147,18.2062,2.9323,30.2137,4.25,34.8763,2.0624,18.7048
"KSR1",2.5727,3.0566,3.8958,4.33,2.6574,1.8142,0.9526,4.0985,4.1448,3.4418
"UTP4",14.8737,22.7665,20.6986,12.2544,23.7932,24.5439,16.7027,21.5401,12.7489,16.4719
"RANBP10",16.4841,11.4326,20.0923,14.6784,17.0983,11.7315,7.1773,16.6099,14.0165,14
"GFOD2",11.8169,11.872,12.3629,10.2753,13.1885,11.1067,9.1967,12.647,10.1354,11.2405
"NOB1",39.4504,43.2936,44.3796,27.0696,48.5178,46.0849,41.4905,35.1431,26.7397,31.4232
"PRPSAP2",19.2949,14.0545,21.4148,21.052,16.4716,23.2532,24.4912,16.7597,18.1609,16.9445
"PCTP",27.5243,19.821,20.7285,16.2253,28.4056,29.1773,33.6929,18.9643,24.4892,19.9791
"TOM1L1",16.2669,13.1162,12.1131,5.6328,19.0278,19.7773,25.86,10.8622,13.7456,8.8195
"C17orf80",11.1217,5.5799,16.879,9.3697,7.2491,18.2374,12.6808,9.2849,5.5907,7.3393
"TOB1",163.6016,71.2981,121.5461,217.1118,108.8672,181.9495,89.2983,86.7729,119.4078,117.1195
"VPS53",4.4633,8.5497,5.1789,5.8536,10.2192,3.2865,1.8365,7.0659,7.1621,5.8734
"SGSM2",10.1147,6.9941,13.3878,9.8989,6.0639,9.0446,3.6839,13.4556,5.2469,8.2835
"NPEPPS",18.6436,20.488,25.1722,22.7665,26.0596,18.6627,13.2673,20.7754,24.5633,18.8065
"SKAP1",5.9107,4.3748,4.4567,7.7151,3.3389,5.7716,8.4178,5.1208,2.1861,7.7642
"SCRN2",16.9529,29.0906,19.2337,24.917,26.193,20.2916,19.9158,35.3682,25.9725,24.4754
"SSH2",8.4705,7.8336,8.309,12.1869,6.7242,4.4574,3.1224,8.9299,10.5289,6.8182
"ARSG",1.5236,1.185,2.4009,2.0699,1.5599,1.4005,1.0466,2.4668,1.1308,1.6927
"G6PC3",27.5035,26.8007,23.5212,20.1936,37.9288,26.9307,23.495,27.9705,23.8534,25.5995
"CLTC",107.7366,160.7213,139.8387,120.3758,175.5333,84.1628,56.5392,149.2433,164.0202,126.5475
"BCAS3",3.8115,3.777,6.1327,4.4393,3.7422,4.8544,1.9368,5.0222,3.0176,3.8071
"PTRH2",9.3006,12.1374,8.4699,6.2959,12.4041,12.0095,15.782,8.8699,9.3822,7.5608
"SS18",24.2115,26.6622,38.8923,34.1088,25.3283,30.2061,10.811,28.5233,28.3087,23.2636
"TAF4B",5.453,5.7599,5.7999,4.841,5.7292,4.6488,2.1708,5.5464,2.8056,3.6976
"AFG3L2",32.9104,44.3432,35.4075,32.7035,56.4106,31.5446,21.5491,43.9575,48.7407,34.3887
"PRELID3A",0.9252,1.105,1.7639,1.3966,1.5079,1.3786,1.229,1.3417,0.9894,1.2304
"IMPA2",67.0444,72.2318,47.3703,47.6747,101.3484,68.1231,99.0619,83.5994,89.9032,71.7443
"GNAL",2.9013,3.7199,7.6691,5.0373,1.135,5.4593,1.8267,6.1453,2.2903,3.9006
"SLC39A6",22.3112,23.4861,46.6126,23.562,13.2195,24.1636,10.6734,33.2978,14.3288,21.6117
"RPRD1A",21.0606,14.6744,37.4121,16.5791,13.821,40.2667,26.7846,22.7214,14.5205,14.7176
"C18orf21",13.2718,11.0405,20.6472,13.5648,13.014,23.6978,25.6792,11.9221,14.6611,13.0005
"GALNT1",78.8801,93.5823,91.128,77.7388,112.5441,83.5708,73.6614,82.9245,159.5436,74.4069
"GAREM1",6.4207,9.1655,9.5361,7.1773,9.9755,5.5956,3.3869,9.2489,10.3947,7.7305
"ESCO1",10.9695,8.1785,15.446,11.4312,8.1585,11.5292,11.6776,10.5156,9.5656,8.1945
"OSBPL1A",17.1441,14.4835,54.0237,25.4255,12.5584,34.2276,13.6312,25.7293,13.2739,19.107
"GATA6",32.8271,22.2938,22.5465,26.7884,45.8285,16.5287,16.6816,15.7156,31.0363,28.0988
"RMC1",15.6851,18.0419,15.5447,20.1847,18.3555,15.7789,10.2477,18.6998,21.3599,16.5578
"PELP1",22.6562,31.9874,28.8403,22.7693,34.2026,18.1516,10.2907,28.1745,22.7222,25.2874
"NPC1",8.3935,22.1536,10.6343,9.2211,13.9518,7.213,3.9685,19.4699,11.1612,10.7492
"ARRB2",39.3216,27.938,27.6491,26.1222,21.2662,34.4621,29.8733,30.4666,23.5579,26.2026
"WRAP53",5.2075,6.2943,4.9597,5.2273,8.9952,5.8061,5.3949,5.8162,5.5609,6.3318
"MINK1",78.595,91.7312,60.9616,71.0667,120.9626,41.6142,34.5484,81.0654,89.2831,70.1527
"SAT2",72.9272,49.5123,78.9504,59.2819,56.6654,109.0869,104.4583,66.3945,67.2297,57.3051
"ASGR1",1.1417,0.4959,0.5366,0.5427,0.3331,0.7239,1.0435,0.5366,0.4228,0.7024
"PIK3R5",4.8392,3.9262,2.9838,4.2753,1.708,2.8402,1.7663,5.2111,1.0873,3.3285
"TP53",37.1038,33.4165,34.9806,30.1926,62.3959,23.2592,22.8091,36.2463,35.4172,28.0919
"ARHGDIA",166.9356,316.5482,132.9707,157.3651,290.6457,143.3137,112.6585,234.8195,217.3202,226.5292
"TMC6",20.3644,18.4287,7.1853,15.0465,17.2944,10.2701,10.6697,13.2029,12.4161,15.0235
"SLC16A3",20.8707,22.28,11.7713,22.9969,35.3286,9.6805,11.5832,21.5426,36.6781,25.1113
"CARD14",0.1447,0.0447,0.1346,0.103,0.1313,0.1141,0.1464,0.0835,0.3,0.0814
"RAB40B",23.1742,11.4142,18.9382,15.7648,16.8956,18.6887,17.9598,16.2719,14.6162,16.0785
"EIF4A3",35.1405,55.0657,34.2721,32.5426,59.5869,40.2629,33.8905,50.4105,35.6299,38.6693
"CSNK1D",31.4424,38.3123,37.5306,32.4234,39.352,29.2604,16.3681,44.3922,35.2419,37.5012
"ANAPC11",38.3058,35.6152,30.0777,25.1782,41.7553,53.9397,87.7887,38.6944,30.8139,41.5692
"TBCD",11.3727,15.3529,12.5468,9.8439,17.4262,9.6265,5.274,18.2711,13.7205,12.8732
"NARF",13.2393,9.3808,13.7599,14.0213,14.7156,15.5552,19.6635,11.349,14.5689,11.381
"RPTOR",12.1598,16.2412,18.5986,11.9918,12.2345,11.9571,4.3691,21.8147,8.6607,13.2278
"FOXK2",12.1518,10.805,13.6855,11.1718,13.4871,11.2176,6.479,11.8727,10.1091,11.2945
"TRIM65",13.2845,12.6214,17.4389,14.0421,18.9844,15.5441,10.1135,12.635,13.0845,14.1091
"CBX8",3.9273,2.4844,3.036,3.5062,3.8063,2.6122,3.4069,2.6432,2.7661,3.6415
"SECTM1",78.4556,66.078,83.6516,156.6911,123.3966,68.4076,55.124,55.1303,81.4721,93.8148
"RNF157",1.8477,5.1335,4.1357,2.4941,8.8227,4.2812,3.3845,3.0501,8.5217,4.2988
"CEP131",5.4463,6.5739,6.9148,6.9137,9.0316,4.4371,2.691,9.5021,7.1726,8.8374
"WDR45B",71.0075,84.3119,76.3413,59.5272,78.3126,81.1546,61.7797,86.4015,68.0977,65.1572
"CBX4",16.9871,13.9958,15.3357,19.4641,11.9747,12.1471,7.3834,16.3308,9.0723,19.1226
"DYM",11.928,11.6068,21.6998,10.3079,9.484,16.6122,7.1054,15.476,8.2365,9.7441
"ELAC1",4.5041,3.7852,5.4802,4.9523,5.4909,6.3267,8.4658,4.013,4.9898,4.8498
"MBD1",24.1025,25.0674,28.7245,25.4601,25.4051,24.8428,15.4158,27.2111,22.4042,24.0616
"SMAD4",14.6468,12.1915,28.379,15.114,13.8122,20.965,12.6791,16.4276,11.5811,14.1604
"TNFRSF11A",30.9909,35.3723,20.6506,22.8122,54.6929,18.9085,18.4831,20.5007,33.5277,18.3463
"PMAIP1",5.7096,5.7569,4.6836,9.6142,4.8542,10.6388,8.3393,8.547,2.8636,5.3838
"P3H4",14.8557,11.4619,14.0731,13.1309,16.244,13.892,13.3912,12.8621,16.1575,12.6979
"NT5C3B",26.4278,18.1221,34.1157,13.6601,15.7468,42.3908,37.0397,23.4104,9.3107,19.2461
"RETREG3",36.2398,32.5307,43.5302,38.2866,45.4113,34.4289,26.4903,34.8949,33.6667,46.5019
"ERBB2",80.8553,43.9368,58.7487,90.4661,84.2462,38.7194,36.3789,72.9238,73.5188,72.9442
"GRB7",16.0606,7.1597,7.7512,15.3715,21.8517,4.8922,9.9149,6.0772,8.4812,17.0053
"MIEN1",52.9444,38.6843,29.1248,38.4225,61.663,62.1466,119.2375,33.7528,42.7896,39.5312
"IGFBP4",678.8326,620.0988,933.2041,461.3674,467.3903,805.2393,403.212,910.7105,412.7948,707.3266
"FKBP10",27.97,26.5562,45.3268,20.7865,10.4445,33.2656,11.3343,39.794,10.594,29.1373
"TXNL4A",24.4416,31.7153,25.4773,22.2362,37.3849,29.3176,26.0484,28.1536,27.476,26.022
"SAMD1",56.8704,51.4107,44.6512,50.4161,75.2759,38.7101,29.4334,51.4527,55.7604,64.079
"BRD4",15.4401,22.58,20.2724,18.7834,23.5234,11.5914,6.2356,23.1859,18.0518,19.4889
"SLC39A3",6.1781,10.0851,4.3353,4.1679,9.5098,5.4797,5.4343,7.5544,6.7643,7.8803
"NFIC",32.2264,44.6696,69.6629,31.0507,33.4993,36.6924,8.8738,67.0398,19.3225,40.6744
"TPGS1",1.4687,2.3182,0.6275,0.7032,2.3994,1.1068,1.4925,1.9329,0.8485,2.3953
"PLPP2",24.0734,29.4575,13.9393,22.3453,40.9143,14.7957,23.7798,18.325,31.4654,26.2025
"PRDM15",1.9322,1.8138,1.9411,3.8887,1.7842,1.0318,0.5304,1.6614,1.6338,1.9698
"PFKL",87.716,93.4034,73.0918,87.8357,147.4933,61.8279,50.4194,103.284,118.2896,101.0281
"VAV1",13.6133,12.0216,8.3971,17.5435,11.9954,9.099,7.3194,10.3869,5.5693,12.3209
"MVB12A",32.5387,29.1725,21.432,19.4293,35.982,30.1105,31.4069,27.949,27.1054,24.8808
"SH3GL1",41.5982,61.3133,51.1022,33.484,57.2923,42.3055,29.4303,55.3849,38.1893,46.7439
"DUS3L",13.8554,15.3344,9.698,9.1748,22.1354,12.7743,13.3165,16.0434,12.3585,13.9394
"DPP9",16.512,27.7491,19.1964,20.2711,33.081,13.8019,10.5121,23.6602,25.5593,19.7817
"CCDC97",34.4548,31.502,31.3308,31.9183,38.7708,27.0961,18.0098,31.3729,26.5784,35.1136
"SIRT3",12.4767,6.4641,11.3423,10.8388,10.0647,9.4511,6.8284,9.2837,9.689,9.3514
"IFITM3",399.4052,375.3888,524.7334,371.9317,234.8192,627.5134,327.9372,538.2086,319.57,425.5057
"PGGHG",6.8743,4.1016,3.5219,7.8345,1.9137,3.0897,3.3088,7.1523,3.5642,4.2224
"COL6A1",196.4366,238.9138,470.9742,195.279,91.3923,165.2897,48.5037,485.9957,72.8529,276.326
"IFNAR1",32.0147,31.9031,43.6802,42.521,31.0608,36.2759,27.5799,36.6169,35.5934,29.2498
"SOD1",272.9805,241.3013,315.7117,247.8031,291.7615,378.0302,379.8505,278.0166,388.9306,246.5669
"COL6A2",294.3824,418.2176,656.1746,263.1847,166.5315,270.8893,79.389,767.447,122.3487,471.68
"TRPM2",3.6394,2.4233,2.3722,3.4491,1.955,2.7054,2.6595,3.3786,1.17,4.3343
"SCYL1",52.9543,61.123,52.1112,44.1734,66.8645,51.1439,31.4421,57.0943,46.059,53.692
"TMEM50B",39.379,36.2931,53.7448,36.3295,31.7192,76.113,70.1265,37.9572,34.3047,30.684
"APP",603.6611,581.827,693.387,514.4683,650.1192,443.4412,270.4396,630.7203,665.5732,513.0965
"DOP1B",25.9288,36.4465,24.711,23.7832,44.3461,16.4744,13.1919,28.4983,41.0496,26.2552
"URB1",5.7722,9.579,9.0399,5.4883,11.5812,5.0385,2.3048,9.1135,5.6001,6.6378
"AKT1",33.7144,41.2924,37.4023,24.9769,36.6329,33.3852,17.9652,42.5583,24.9102,33.2455
"EMP3",78.382,81.8285,153.4856,59.6677,23.6427,107.7761,55.047,109.1716,24.5663,91.0307
"SAE1",85.6594,115.1251,146.5985,80.0192,89.191,147.6472,64.5894,137.4422,65.4956,107.2789
"CBLC",86.8537,94.052,52.2524,61.2251,157.3513,57.8648,75.6192,69.4669,103.2606,92.5166
"WTIP",1.0778,0.944,2.3167,1.2838,0.3774,1.4066,0.5064,2.1423,0.4366,1.6002
"ADAMTS10",2.6164,1.7591,3.6533,3.235,0.85,2.2557,0.9877,3.5904,1.2084,2.2077
"RNPEPL1",43.6632,43.4258,37.1503,45.2351,70.0586,32.1466,26.7822,42.8012,54.075,54.1056
"CAPN10",5.0219,3.86,4.0827,5.9002,5.6541,3.587,3.7786,4.9195,4.5592,4.3685
"MYO1F",9.6639,6.0537,5.4137,8.7727,2.8492,5.5418,4.2356,7.0666,2.8045,6.7169
"ZNF787",27.9181,37.0085,21.5017,22.0305,45.9309,22.2512,17.8044,33.9169,33.5141,31.0328
"TIMM29",18.8363,18.2651,18.9484,17.7666,27.1951,19.5867,20.4998,17.2871,17.8897,21.6596
"CARM1",37.424,39.9449,44.4244,35.5,50.5462,32.2188,21.2368,43.2531,36.464,38.0599
"EVI5L",9.6232,11.6187,12.6476,8.398,10.1759,9.746,5.4606,14.1296,7.9847,11.1708
"TM4SF5",40.5581,57.0879,20.2051,42.8372,67.4375,42.5869,76.5323,34.5854,30.7772,36.4985
"PSMB6",150.8593,176.5098,142.711,135.4044,196.2745,198.4379,155.3487,171.6252,134.3276,171.2295
"SIGLEC10",6.3193,5.7037,3.4891,11.0282,1.7672,3.0645,3.6326,4.0259,2.0523,7.9088
"ZNF473",2.7842,2.3709,4.2407,2.8611,2.9862,2.4612,2.5755,3.2994,2.1136,2.5817
"RPS11",3113.2742,2199.5873,2432.024,1735.1815,2359.486,3988.4238,6437.9939,2201.6706,1639.0388,2349.9456
"RPL13A",2210.7927,1293.985,1584.7817,1046.9953,1555.0161,2505.0158,4464.7637,1284.342,999.9072,1315.3142
"CTU1",3.139,3.5716,2.2789,2.0905,4.0878,2.1149,2.0579,3.4854,1.8636,3.8605
"NOSIP",32.9876,28.6551,26.4215,29.9161,41.7518,38.8733,54.8444,28.1609,29.2211,38.4286
"SLC2A5",2.2507,4.3396,6.4232,9.7228,2.4616,4.3717,1.9391,4.8364,3.907,4.7478
"RERE",37.8034,30.1809,64.0062,45.3457,40.9142,29.6144,13.5004,49.0356,37.7045,40.7659
"MMEL1",1.8166,0.8095,1.0157,1.2847,1.464,1.6426,2.4495,1.3403,1.208,0.9337
"EPHA2",38.9858,244.0202,16.0045,54.391,33.7416,23.8125,8.8205,309.4178,56.5634,100.6568
"ARHGEF19",6.8319,3.883,3.1131,4.2159,7.5927,3.3767,3.5525,6.1899,3.4306,5.5461
"PEX14",23.1088,25.4089,21.2945,19.9113,26.5459,22.4738,18.0647,28.3959,18.8637,24.5945
"PGD",107.4356,112.4605,66.3179,63.7797,141.2649,80.4521,73.649,101.4269,140.3375,92.0554
"SH3BGRL3",702.743,1077.7547,374.7322,564.8798,1032.5433,536.2789,680.911,679.0106,958.46,745.9355
"CNKSR1",17.8946,9.4534,11.4728,19.2697,16.6719,9.377,12.0862,9.1155,25.9126,15.4465
"RPL11",898.2671,710.0865,874.9419,635.0678,679.3257,1149.2367,920.2827,754.4387,622.0474,810.2116
"IL22RA1",49.5331,105.2381,21.677,47.5986,69.3892,34.0137,26.3089,49.0958,60.5329,61.2753
"KIAA0319L",32.9791,26.8121,24.5853,25.9293,39.5492,19.6645,14.9961,27.0449,33.7993,23.2361
"PLK4",3.7648,5.8921,4.8574,5.8864,8.2866,5.2443,4.5141,5.4359,9.2348,5.9813
"MAP3K6",10.6834,14.1297,11.9954,8.8098,19.0606,10.6582,5.1569,16.9121,16.3138,17.4188
"FCN3",0.7986,0.4896,0.59,0.5557,0.1771,0.4289,0.0917,0.488,0.548,0.3808
"GPN2",13.0283,15.5471,16.0516,15.7605,18.4673,13.5655,11.3331,16.3497,13.3234,14.5937
"SYTL1",7.1708,5.639,2.6193,7.6354,5.1334,5.7475,8.3694,4.3886,3.5192,5.3708
"WDTC1",59.5621,51.6983,66.6076,54.8494,54.6191,51.5411,26.5788,67.8824,40.9799,53.3214
"NBPF3",2.2436,5.9242,2.8181,3.3506,3.8344,2.1167,4.4083,8.3915,2.9778,4.2813
"HSPG2",39.6431,88.9372,125.127,63.654,33.6196,36.2748,6.7212,137.4605,42.8993,70.0517
"ITGB3BP",4.0781,4.455,11.839,5.6852,4.9079,10.9913,16.3205,5.129,5.6174,5.0872
"SERBP1",107.2763,126.3851,142.8721,92.8067,141.1678,117.6255,67.0328,123.4062,111.3323,94.9053
"BCL10",31.7782,69.3742,28.1854,60.5958,59.2731,39.9202,35.372,78.4066,84.4165,50.2883
"CCN1",194.7237,43.1633,76.8782,264.7507,20.5668,206.151,21.5828,199.9356,13.8207,192.2366
"PRKACB",102.3793,59.2224,121.2687,84.8428,68.6123,120.118,128.2265,81.2885,75.4473,69.1443
"PIGK",19.9654,17.6518,29.609,19.4128,17.6682,31.8999,19.9327,20.5034,23.3807,15.7645
"TINAGL1",57.0982,80.1071,53.5567,55.9296,76.8459,46.4747,46.9717,67.3611,47.6841,71.226
"AZIN2",1.6377,0.521,2.0227,2.1385,1.0374,1.4483,1.2316,1.6021,3.2833,1.1853
"RPS8",1517.0981,920.8726,1149.2249,743.2927,982.3321,2102.5583,3713.2929,978.5252,730.527,970.2844
"KIF2C",4.8345,13.5881,6.7444,10.5783,24.429,8.6324,7.9999,8.2166,20.1682,13.8461
"PTPRF",163.5741,164.9353,149.1526,175.2913,253.2266,77.2031,53.7771,190.9526,233.033,153.1017
"LMO4",25.1946,19.6981,47.6375,26.388,13.6844,41.6708,22.0845,25.3074,16.3418,25.9283
"MTF2",10.0559,7.578,13.0458,15.1244,9.5591,10.5777,9.4604,9.2202,10.8254,9.3939
"IGSF3",15.8407,12.9161,19.1721,25.3675,25.7984,9.7321,7.7398,18.5251,34.6829,22.4262
"CTTNBP2NL",24.2036,26.5751,29.665,27.7974,28.5381,19.3515,16.6737,25.398,29.6056,22.1713
"STRIP1",14.9626,15.7405,18.6088,15.991,16.2077,12.1391,7.528,14.897,13.174,15.8356
"PSMA5",47.5142,53.0534,38.8993,38.8861,61.2791,63.2853,84.1401,45.0457,51.4069,42.7874
"CD53",79.1141,62.5007,47.7032,120.414,22.6019,70.9293,65.1195,50.4938,20.8038,83.1846
"CELSR2",3.1805,3.4186,5.4934,2.7713,2.7806,2.284,0.5477,6.9142,2.1554,3.0979
"GPR161",5.2786,5.5541,8.1689,3.2483,2.6865,5.5185,1.7246,7.3187,2.245,5.39
"ALDH9A1",77.8477,72.0891,106.1147,72.71,98.6718,104.3775,73.4842,102.9775,89.826,85.8073
"ATP1B1",368.8924,447.2239,361.5375,511.7098,619.1012,282.622,248.0151,503.6637,894.8556,455.8289
"TIPRL",68.1007,49.4664,77.7559,52.2762,55.4449,115.6253,91.7158,54.3408,61.3066,50.9543
"NME7",3.439,2.6002,5.9312,2.5821,1.9062,5.7348,3.0142,4.1839,2.3835,3.7103
"MPC2",77.7866,60.6681,78.2108,71.9021,101.3085,136.9703,194.4978,75.1998,108.0743,79.0324
"CREG1",131.9635,86.8082,147.58,81.2661,81.3889,178.1626,144.8053,93.777,74.054,68.9609
"DCAF6",39.1812,28.4361,59.6086,35.2514,43.1115,49.7141,28.2779,41.0269,34.0401,32.8571
"GPA33",725.6787,872.6127,419.1176,651.4175,1087.4779,451.472,524.2001,683.2767,1093.093,747.9962
"TBX19",1.4307,0.6968,2.4713,1.7003,1.0964,1.7295,0.8873,1.5003,1.1231,1.2329
"UCK2",17.1198,17.5174,13.39,20.9354,36.5613,11.3441,10.5453,15.4754,26.8099,27.9822
"TMCO1",92.963,85.1031,76.1893,98.7789,118.8657,118.5238,148.0885,68.2926,136.4729,88.7867
"POU2F1",3.7625,3.8655,6.8941,4.5956,5.2205,3.1819,1.3067,4.3945,4.5622,3.645
"DPT",81.8832,66.5059,324.8658,68.7994,13.7146,162.3938,98.7988,160.4797,14.8889,107.381
"MGST3",51.7851,47.5866,53.2109,44.4283,77.6697,73.0928,102.0367,55.3675,78.8252,54.5867
"COP1",42.1624,46.0316,41.4282,38.0702,56.9008,56.9951,56.6727,40.3967,45.1111,37.9632
"NECTIN4",7.5134,7.0482,2.4849,3.1587,8.2339,4.1025,3.4123,4.2092,2.4748,4.2095
"UFC1",126.51,100.8389,105.4736,91.4707,120.6093,167.6679,204.8679,93.5327,103.161,97.0429
"PPOX",5.5095,3.5962,6.8101,5.6756,4.2578,7.1369,6.2011,6.0042,3.1192,4.206
"FCGR2A",11.2185,8.814,7.6037,5.8768,3.6574,12.7249,10.759,13.3054,2.5283,6.7117
"NUF2",3.3942,3.5537,3.5347,6.6994,7.9121,7.1711,12.9741,3.3376,9.2626,5.6194
"RGS5",77.0384,68.7635,482.5285,127.2538,25.9357,229.5685,47.4458,179.9769,26.0061,110.4609
"SDHC",133.6802,119.0137,113.8582,87.0123,143.3636,153.861,197.8943,124.8362,116.8997,102.233
"PFDN2",118.0481,152.2876,103.1897,96.678,135.7721,157.5397,131.5127,146.6834,99.7818,128.8386
"USP21",19.6791,10.8767,19.9633,17.6915,17.7314,16.7853,14.7937,15.4821,13.8099,13.5492
"PRCC",33.5745,40.5259,37.8138,33.8064,48.9822,36.9993,27.975,41.1885,29.7023,39.1419
"MRPL24",95.0347,75.9373,82.8922,61.2407,94.6421,111.9145,110.3661,96.0212,69.9823,78.0217
"PIGM",8.4399,8.9329,12.2612,8.5304,12.0208,10.1005,5.868,9.7991,8.7255,7.701
"CRABP2",12.5711,17.4218,56.0984,6.6139,1.5532,21.3507,6.678,20.8389,2.1238,19.6551
"HDGF",204.6204,251.7251,182.3789,171.1813,306.1908,174.6871,145.95,239.62,250.3971,213.176
"ABL2",3.0983,7.407,5.3624,3.3627,3.3892,2.6709,1.1162,7.6559,2.7965,3.1456
"XPR1",13.2375,15.3526,15.1484,14.748,16.0535,11.359,6.7904,14.4124,30.7868,12.214
"RGS16",7.0449,4.5867,9.7563,20.4276,1.7746,16.2576,2.3124,14.0455,3.0932,8.1672
"TOR1AIP1",49.5213,43.0162,111.3443,48.694,23.9973,96.2245,39.1637,74.6327,24.2174,45.2708
"RGL1",21.8234,13.0498,43.2775,20.188,8.1262,29.9216,17.2659,28.2898,11.6633,19.3886
"LYPLAL1",11.4671,7.4206,22.5037,13.6007,7.9182,26.2535,21.0298,11.1041,9.6455,8.4071
"PRUNE1",40.1286,27.4248,46.8363,35.0866,34.6877,49.5194,44.6765,32.0155,28.2959,32.6623
"RORC",26.1949,20.5164,9.8048,13.0961,16.5183,16.0229,20.3437,13.5469,14.5783,9.4018
"TUFT1",25.0909,35.4089,21.5451,35.9356,33.5041,20.2699,21.2135,43.2929,28.0134,34.6342
"SF3B4",95.2801,127.7323,118.6121,98.4491,134.0139,95.2641,59.6377,127.7869,102.7217,108.1143
"ECM1",23.895,23.2469,46.006,17.6888,15.2905,17.3039,10.5748,36.1837,16.8853,20.7703
"ZNF687",18.0204,17.8594,20.5839,17.7602,21.4109,13.3738,8.4278,18.4296,17.3037,17.8673
"TARS2",18.918,14.4308,17.3544,16.167,20.7983,12.4544,11.2841,18.4868,16.7923,13.7244
"CGN",67.8684,131.9547,53.458,115.4867,159.8446,31.7421,24.3678,84.8972,153.1353,111.8975
"SNX27",5.6123,6.2979,12.8168,7.8705,7.7003,7.1857,2.7292,10.4236,6.112,7.3917
"SETDB1",9.6888,7.1119,12.1919,8.4536,7.6765,8.0986,5.6262,8.4247,5.9767,7.0591
"ADAMTSL4",8.0946,9.0151,9.7638,9.9548,3.5011,5.8937,2.5353,14.088,3.6835,7.6962
"MCL1",233.8806,347.205,143.1878,278.5179,152.8349,171.2027,78.7341,534.0002,213.2384,246.3041
"CTSK",43.6823,16.9791,38.667,18.8612,7.31,47.4563,22.3033,35.9855,11.2662,18.8521
"RFX5",27.7925,16.3787,30.2035,27.8824,16.3494,28.694,18.2789,26.6329,13.0991,20.2281
"PI4KB",40.2432,40.4477,50.2137,38.9622,41.3004,41.9577,27.6168,51.3378,28.7559,40.4642
"PIP5K1A",25.3257,28.0382,27.2126,27.1072,20.6807,29.8325,19.7582,33.657,18.0174,21.4114
"ANP32E",33.5479,33.1118,62.2017,54.2869,32.7648,51.5018,19.1791,43.5616,39.6522,35.4385
"MINDY1",34.7819,20.4025,39.6076,38.9358,39.696,32.7708,29.8235,30.8332,51.0913,31.1998
"SELENBP1",639.9171,608.7526,604.2067,910.7284,993.2048,399.7621,408.9731,869.5024,564.426,739.1732
"CERS2",45.9623,54.4607,45.2243,40.5442,49.5146,42.2587,28.8261,50.5006,41.9658,41.4238
"ENSA",111.1848,114.0627,117.4778,87.87,122.413,156.4192,137.6319,127.5836,111.1981,114.7588
"SEMA6C",2.6923,2.2761,6.9398,3.5661,1.2812,3.4564,1.2325,4.7835,1.6232,3.9987
"MRPL9",30.5076,29.4185,33.7809,26.1486,35.349,38.3152,37.6406,32.3656,24.5913,31.2975
"ARNT",30.9233,26.1052,45.2105,28.7506,25.9958,34.9616,16.5417,35.4774,26.1015,27.8426
"POGZ",17.9868,15.0417,30.5717,22.6476,16.7897,14.6298,6.3838,21.4007,15.6,16.1806
"GOLPH3L",90.3508,48.2102,78.1702,72.5723,79.0794,70.6622,81.1029,53.1351,78.2165,60.1649
"GABPB2",6.3035,3.2765,6.6155,7.8616,5.3037,4.4966,3.6215,6.3015,7.4418,4.4265
"DTL",4.1185,6.4932,5.9605,5.5238,11.1577,3.5115,3.5683,7.3324,7.3879,7.5493
"EIF2D",25.9897,16.03,25.9983,16.5675,22.2217,29.6112,29.0769,20.9064,15.7475,16.2868
"INTS7",10.1772,8.9829,11.019,9.6176,11.5485,10.8874,12.1851,11.0011,10.2656,9.5852
"TAF1A",3.5419,2.7184,4.9643,3.8303,1.7273,4.2904,2.8433,2.2519,1.5349,2.2676
"SMYD2",17.464,13.989,15.9679,12.7268,16.8726,19.1544,27.335,13.1645,14.0033,12.3635
"DUSP10",25.8052,9.7672,12.1906,11.1381,4.7896,13.4915,6.9409,26.8107,4.1763,9.44
"TP53BP2",18.3104,23.4548,25.2117,19.3393,20.2613,17.8926,8.1269,26.4334,18.4611,19.6063
"ATP8B2",11.7015,11.3511,23.5843,13.1778,5.8336,13.1124,3.9877,19.1315,5.4133,12.7671
"ADAM15",68.5696,84.2063,47.1229,40.6048,97.795,44.0474,43.3544,80.0684,89.6728,61.0187
"RAB13",23.407,8.9561,18.0767,17.4152,11.4147,16.0341,13.9279,10.2356,15.6691,12.0274
"S100A8",20.4118,23.3615,4.1039,51.4028,3.395,81.9588,11.9783,53.107,7.7371,11.7025
"TPM3",80.7078,115.9919,59.0303,74.792,123.1582,76.1098,79.9452,89.4893,114.5863,85.217
"SNAPIN",49.3653,38.5384,68.4546,44.3928,40.0706,95.2538,106.1865,50.6609,30.7134,43.7244
"SLC27A3",16.9315,14.2602,13.8541,12.339,11.7185,11.4369,9.1982,14.7078,7.0402,13.2208
"UBAP2L",41.2954,39.8018,56.0323,36.1835,48.4566,33.1556,18.8542,47.7156,34.3969,38.1481
"HAX1",93.18,86.9486,91.4134,75.0749,88.4014,167.0986,200.3703,94.2881,74.2789,87.5304
"CREB3L4",16.712,12.4058,12.4111,10.2532,28.1439,18.0581,30.2211,14.7369,14.0074,13.4827
"EFNA3",14.4917,8.3583,6.6773,5.0762,16.6719,8.8528,9.1729,5.7448,10.2309,7.4348
"C1orf43",248.9751,178.9282,226.9585,164.1998,236.8384,383.5718,531.2889,193.1602,208.8097,182.289
"GATAD2B",9.1372,8.9093,18.8681,14.7088,10.9909,8.9899,3.5927,12.4764,9.1462,11.5533
"ILF2",184.3524,214.7709,149.512,127.6358,252.1375,240.8961,252.3186,187.9544,179.3993,162.207
"RIT1",16.4892,16.1745,25.3096,15.4836,13.0442,23.7287,17.0404,23.4234,14.011,14.2788
"INTS3",14.7716,14.2299,19.2835,16.8765,14.7252,12.4351,6.5042,23.5188,14.5047,14.1486
"PKLR",0.8684,0.2011,0.8945,0.8085,1.3944,0.832,1.2764,0.6516,10.6802,0.5866
"HCN3",4.1442,1.4148,3.4487,4.3872,3.6003,2.0107,2.2665,3.17,8.5572,2.3004
"C1orf131",9.0725,5.7877,9.0518,8.3498,9.6687,10.4403,13.7405,5.6713,8.1244,7.5907
"GALNT2",29.0587,32.0857,35.2994,22.6904,28.3907,19.9835,13.6328,30.8843,34.1531,26.1841
"LYST",3.4233,4.1015,7.2146,4.8007,3.0943,3.5413,1.7372,5.1704,4.0197,3.4212
"MAP3K21",7.4879,5.9504,7.1661,5.5834,11.0447,6.0771,4.6636,5.499,10.1238,4.883
"CEP170",3.0923,2.0242,7.3288,4.0836,1.2334,4.1245,1.3938,4.2095,1.3256,2.7982
"ACP1",53.1479,46.0538,56.7818,42.3724,59.7765,69.173,68.8397,48.4756,55.2193,40.2277
"SNAP47",10.2274,8.4653,11.9893,8.048,9.2819,10.1673,7.8279,10.1755,7.4181,9.4686
"SRP9",171.7397,146.981,242.369,160.7014,191.7575,356.4942,391.7385,151.7529,209.5894,142.4626
"NVL",11.0608,7.5709,13.5882,10.9688,11.455,11.792,13.0426,7.8332,7.6405,9.8428
"SDE2",26.7176,20.7897,29.0496,20.0083,19.0519,33.3457,21.2986,31.7679,23.0541,19.0964
"DEGS1",52.9847,46.5002,93.9547,46.503,28.2476,87.9803,41.0587,67.1239,23.94,50.4157
"FBXO28",21.2406,23.0393,32.7387,24.1628,25.0683,27.506,17.4424,24.2488,20.9679,20.4759
"ARF1",520.3672,640.4982,425.7785,368.7689,714.7968,527.0565,484.3156,552.9368,562.784,530.5338
"ITPKB",23.7486,44.9416,64.5714,29.8382,9.4652,34.5079,6.1523,67.8686,9.5501,36.381
"GUK1",89.4991,90.4999,69.7257,62.6544,84.476,111.7622,208.719,85.1341,70.8367,82.2292
"CDC42BPA",13.1355,16.8234,35.8694,19.7232,14.3379,15.8573,6.7351,27.8822,16.8625,15.7922
"CNIH3",1.0802,0.5337,1.0912,0.3431,0.3921,1.4854,1.0412,0.8396,0.2489,0.7134
"MBOAT2",14.485,17.8098,25.4136,18.9925,22.0525,18.7518,12.6877,17.649,19.641,17.4021
"PARP1",20.0712,29.0795,34.3266,29.6992,22.4091,23.8687,8.5713,34.5782,16.529,28.3777
"PYCR2",17.6789,17.6164,19.4399,17.8388,18.9021,18.5303,12.1096,22.0855,19.5126,19.6472
"LBR",63.2111,62.6223,127.7546,67.3342,89.9505,90.4056,42.7925,88.5514,93.1989,62.5389
"WNT9A",5.0371,8.9759,11.595,5.3981,3.8244,6.0004,2.5821,14.7883,2.0181,8.5193
"EPHX1",141.9028,100.7794,162.78,108.3076,105.0665,132.0771,86.4837,149.8804,82.3031,102.2904
"REN",0.2039,5.2219,0.1045,0.3876,0.6314,0.1773,0.1895,0.696,0.5437,0.5608
"SOX13",13.7246,12.0297,15.7941,15.0658,16.3911,12.0984,5.9322,12.0267,18.5495,16.1673
"ETNK2",1.3997,1.2943,2.5117,1.0516,0.6171,1.9239,0.9988,2.3222,0.4038,1.5212
"PLEKHA6",51.1652,43.1023,40.9069,47.3301,76.2841,24.6068,21.2683,48.4449,80.412,54.5694
"PTPN7",5.3221,4.1178,3.142,12.6271,1.9268,2.9139,3.053,3.0739,2.1869,8.504
"PDIA6",117.4962,150.3542,102.5722,79.5403,148.9452,113.3676,109.9062,145.1664,138.3965,115.5621
"RHOB",544.7116,559.7344,856.5128,654.727,152.1796,1162.0038,190.5805,1089.0084,154.4598,615.1268
"ATP6V1C2",0.9746,0.8491,1.0441,0.8389,0.9186,0.8412,1.0222,0.9371,0.8824,0.8549
"HNRNPLL",21.238,18.0013,26.9833,16.5718,22.3806,31.4555,20.4949,22.4581,18.9146,17.4991
"GALM",84.1076,78.9392,83.7607,79.9936,141.3838,74.5285,89.375,80.6273,158.901,84.8076
"CAMKMT",5.3826,4.2411,5.7219,4.5077,7.0688,5.3376,4.7469,5.4466,6.1105,3.7221
"EML4",30.7528,38.1944,38.7801,31.8844,56.2973,25.5745,18.0365,40.6121,39.3821,30.0048
"CALM2",296.5744,253.138,400.1552,231.6725,274.3622,611.2583,721.2516,269.3087,309.8588,265.2545
"CHAC2",7.122,8.2753,8.7293,7.7688,15.8461,14.8055,26.0805,8.2891,13.4385,6.5854
"RPS27A",610.5586,466.8195,598.9767,385.9577,384.6575,968.2511,1019.6176,489.0582,315.3337,474.8579
"VPS54",20.5664,16.9915,26.7678,19.0154,19.3929,22.3015,15.2369,20.7848,18.4167,14.0252
"ASXL2",12.8302,11.1899,18.5521,13.1413,11.3559,9.7971,4.8953,15.2185,12.6494,10.0662
"ETAA1",5.8323,3.5012,7.8368,5.2792,4.1227,6.7807,4.6368,3.3412,4.7795,3.5554
"SNRPG",65.008,61.2272,48.9196,44.4542,62.8497,98.0005,195.4505,55.1791,54.2182,57.2369
"MEIS1",7.2351,7.9198,31.9805,11.0563,2.0537,15.8345,3.9318,16.5529,2.7518,9.4114
"CIAO1",45.4462,39.3299,54.4163,43.5777,50.9787,51.1404,44.7197,45.1232,45.2158,38.3183
"SNRNP200",55.4652,72.9765,85.792,59.9775,73.6749,41.9758,20.7023,92.455,56.3976,65.1738
"MRPS5",20.5357,16.2471,19.3639,18.7737,28.092,18.3569,16.9566,16.53,21.1871,17.274
"TPRKB",25.5735,23.1053,36.0362,28.6806,26.2358,51.9518,47.9644,27.4944,30.6041,27.6638
"EXOC6B",6.8095,6.5821,16.3427,8.5472,7.2703,9.1229,3.3025,11.1079,8.3769,6.5555
"DQX1",7.1692,8.3561,12.7377,16.3713,31.3221,6.637,13.4189,10.3656,26.8614,12.3455
"DUSP11",20.9869,15.2077,21.5121,20.1075,19.076,31.083,38.0644,17.175,16.1428,17.1139
"MALL",36.6491,74.1129,18.9936,37.9947,86.0354,32.9828,26.5868,42.7789,96.8202,52.4057
"THNSL2",4.9811,6.5601,7.8967,4.1986,0.1433,3.1749,0.6383,7.0629,5.8564,5.6491
"RALB",113.9075,162.2831,131.4247,106.1439,141.7492,159.3453,113.9773,117.8473,165.5849,118.7858
"RABL2A",2.4929,1.6085,2.6779,2.8838,3.1408,2.5161,2.0412,2.3522,2.2421,1.7269
"SLC20A1",19.5409,61.3648,20.2198,70.5839,35.5852,25.0784,11.5009,94.0827,49.9983,52.906
"ZC3H8",3.3565,2.0118,4.8405,3.5876,4.2229,4.1993,4.65,3.157,3.3639,2.1756
"LIPT1",6.1696,3.9143,5.4952,5.2224,3.6027,9.5244,8.9298,4.4359,3.3378,4.8697
"FAHD2B",6.0474,4.0693,7.0397,3.4523,3.0483,8.8238,4.4824,6.6409,1.9348,5.7397
"UBXN4",98.9823,74.72,99.0037,82.1714,91.5437,96.0411,78.0148,76.2797,90.4949,60.5625
"SPOPL",16.0615,14.9029,27.7095,21.3039,14.2959,26.4807,14.6473,16.7932,17.7278,13.415
"POLR2D",13.4627,14.1342,14.8446,14.0214,15.8426,16.775,16.8962,15.234,11.077,13.9475
"PKP4",18.8828,18.2177,24.6625,15.3627,20.662,15.5092,9.5852,20.2014,22.4829,16.4106
"LNPK",19.3598,15.6709,23.9883,13.8779,17.0519,24.3722,16.9722,17.911,18.2892,14.3129
"CDCA7",49.558,31.0041,34.5066,33.6241,80.1024,38.2484,45.5639,32.0479,43.5469,33.6295
"UBR3",13.1143,16.0328,28.9907,16.1061,15.6615,16.7058,6.112,21.5659,15.6036,13.7034
"PHOSPHO2",5.7859,2.7835,7.372,6.6318,2.7751,9.4818,9.801,4.3752,4.5796,4.5097
"GULP1",4.98,1.977,11.9961,4.5968,1.1143,11.2992,6.4525,5.0945,1.8455,2.8354
"HSPD1",97.2196,162.1598,104.2944,83.4255,148.6585,93.0075,92.8791,154.3391,132.8743,92.7362
"METTL21A",4.8261,4.6554,5.4595,5.3965,7.1549,6.3518,5.3048,4.9986,5.2802,4.5863
"KANSL1L",3.588,1.7889,6.4383,3.7669,1.8769,4.9867,2.8636,3.0941,2.316,2.3813
"SUMF1",30.3211,16.7695,20.6549,18.0294,29.9472,25.8666,27.8468,22.4703,21.4072,22.4047
"RHBDD1",12.3203,13.4398,18.9664,12.6164,10.1146,12.5919,5.915,16.6749,11.4064,11.9842
"ACKR3",69.2538,43.8137,58.0718,62.2281,12.8736,72.7279,39.9662,139.9927,22.6232,65.8823
"HES6",24.9243,24.4846,19.4148,18.5431,58.4585,37.3722,47.1223,23.5389,58.557,30.8813
"COPS7B",11.8919,11.7912,14.8739,12.4803,13.2584,12.5369,8.2945,13.5594,11.038,11.8197
"DIS3L2",5.4777,5.6299,5.991,5.5083,7.5049,4.3694,2.4266,7.3905,5.8781,5.6868
"FANCD2",2.535,4.2138,3.0217,4.3597,7.2309,2.4607,2.8003,4.5918,6.3448,4.78
"TAMM41",3.3876,3.1277,3.8108,3.3946,4.7569,2.8523,2.5062,3.6894,3.5306,2.8314
"VGLL4",15.3648,11.2106,16.1504,12.4541,13.4719,12.3125,9.7491,18.4972,10.4804,11.6477
"RAB5A",43.1675,57.9347,51.9069,44.0134,47.8366,48.3198,23.1056,55.205,53.4076,41.6018
"RETREG2",67.6226,49.226,69.0231,70.0856,77.1879,63.7794,56.4429,61.6212,61.5058,66.7812
"CTDSP1",112.7075,98.3392,127.8876,102.1526,126.3023,107.2095,75.2264,108.1173,99.1769,127.7263
"CNOT9",23.8488,28.7134,25.1996,24.369,33.9165,30.7946,28.1379,27.8204,25.3641,22.0274
"STK11IP",10.7217,15.2206,9.0499,11.8606,17.2187,7.661,5.8878,14.0753,13.7697,14.334
"GMPPA",26.1476,27.1443,17.7323,20.1396,35.7561,19.5445,20.0803,23.7706,32.3066,23.7455
"EAF1",14.6428,17.0906,14.3572,12.2453,12.3437,13.265,9.9118,17.6178,16.2545,11.6612
"DYNC1LI1",15.5756,15.4009,22.1617,14.7626,14.0676,22.5856,15.1275,16.2518,11.0179,15.0051
"OSBPL10",4.4654,6.3537,4.4599,5.7495,5.5825,3.904,2.6477,6.841,4.3574,6.4283
"POMGNT2",17.1656,18.8662,22.6908,10.0683,13.4644,21.129,11.7391,22.6101,6.9716,18.1274
"CSRNP1",96.2567,89.9079,17.0091,74.7924,20.7223,40.4888,11.7803,187.6431,31.9652,87.6877
"SLC25A38",48.6089,40.5329,52.3687,41.5412,54.0936,63.1355,67.336,34.358,46.0786,50.2612
"ITGA9",10.2626,14.9026,33.7688,10.4841,4.7493,18.0165,3.1983,27.1428,4.8099,14.4744
"GOLGA4",28.8809,31.572,39.3,38.3274,42.5772,21.9056,12.4591,35.6555,44.5306,25.1434
"CTDSPL",54.3162,41.8671,78.781,44.946,61.2282,52.1252,32.1523,61.2698,51.8637,49.2731
"IQSEC1",18.3889,17.2844,31.9197,20.3693,10.5123,15.2896,6.101,27.6367,10.1957,17.9177
"RPL32",751.0002,547.8107,595.4668,432.4407,525.8129,960.7115,1498.327,586.8906,375.7961,592.2793
"PTPRG",6.7333,7.4721,14.6761,7.2728,5.3022,7.1452,3.0686,13.2566,6.843,6.3778
"IL17RD",3.847,3.3212,16.1104,5.7436,1.1701,7.6865,1.6085,8.3647,1.3012,4.832
"SHQ1",9.1529,11.3063,11.3777,8.0714,13.5986,10.9378,9.8986,9.7636,9.0609,9.2565
"SLC25A26",11.2598,9.0315,12.7979,7.3526,9.0367,17.0945,13.53,11.0562,7.2195,8.5943
"UBA3",30.4223,24.4807,39.7846,30.381,24.4636,53.0907,42.5735,30.6925,27.5579,24.2504
"ARL6IP5",207.1641,171.2284,298.5693,202.0462,190.2374,385.332,319.3339,159.8842,263.3013,204.3934
"TMF1",18.5975,17.8409,24.8668,20.8152,18.8091,23.9689,15.3093,18.6866,23.8286,13.3565
"LRIG1",44.6652,42.7557,96.2287,38.5147,33.1667,56.5974,15.0219,91.0077,22.1413,43.5933
"LIMD1",5.5742,4.3607,5.6322,4.9443,6.1061,4.128,3.5195,4.5179,4.7946,4.1007
"NFKBIZ",29.8998,9.0869,9.7733,24.314,7.3544,13.7521,11.0746,27.0024,21.508,15.7077
"COL8A1",4.1208,3.7251,17.4704,5.7009,1.4188,4.3837,1.6699,10.9031,3.0658,5.1794
"PHLDB2",9.1176,6.8203,24.5967,9.8651,2.1025,16.5699,3.9045,18.4513,2.1501,7.4981
"PLA1A",5.0967,3.6722,2.0651,3.6466,2.3465,2.6806,2.1088,3.2211,4.0551,3.308
"ATG3",28.0148,26.4021,26.5712,23.511,32.8954,36.883,37.5608,26.0832,27.8826,23.3931
"NR1I2",11.2661,18.2854,12.8091,28.992,30.2849,9.2778,10.6931,15.1084,41.9974,22.447
"BOC",8.6254,6.9343,23.5746,7.861,1.6082,11.0391,2.1177,15.4687,1.6799,9.6291
"SRPRB",33.2897,50.1976,25.7005,19.9019,58.4088,43.9227,52.1777,33.4121,30.3149,28.9015
"EIF2A",49.5374,43.5049,66.7217,34.3923,46.1693,72.4672,53.7618,48.205,42.6989,36.1636
"OSBPL11",17.7605,17.7961,26.9389,24.8202,15.925,20.0126,9.4865,18.0496,26.97,18.5683
"NCEH1",26.2029,22.8832,18.6515,45.2317,31.9867,18.8322,20.5709,23.9765,50.4799,26.1636
"LPP",27.8509,48.371,143.3366,52.3835,20.669,57.8307,11.1474,80.0823,23.8041,49.1604
"RUBCN",2.5977,3.1176,3.7422,3.4151,2.8837,1.9974,0.9581,4.0769,1.8353,2.5302
"DCAF1",15.4564,17.9015,20.581,15.9808,18.2274,12.4166,6.9107,18.1993,13.7328,14.1689
"MANF",69.1871,99.05,40.8561,45.5001,102.9215,62.0462,60.3708,75.8918,72.2741,74.8095
"EAF2",12.2322,8.04,8.0051,17.7895,7.3786,14.278,27.34,5.0536,6.5361,15.7189
"ILDR1",25.6164,18.0131,19.5036,33.9294,35.5424,16.7467,18.3709,25.943,26.8273,25.456
"MUC4",26.3527,37.4131,14.7159,31.0905,51.3454,4.584,4.5064,26.8937,38.7956,30.7904
"EIF2B5",20.2629,24.3199,20.2802,18.3747,29.8636,20.5131,15.7189,20.8614,22.3315,19.2701
"DGKQ",25.1089,19.2024,21.5004,45.427,53.2377,13.2547,16.9616,31.9399,45.8289,34.143
"FIP1L1",7.7874,6.1866,7.5219,6.8529,7.2291,6.5575,5.196,6.5703,6.8995,6.1697
"LYAR",17.6003,24.7061,18.0129,15.9224,25.3621,21.6683,12.7171,22.9496,17.9181,16.5117
"CENPC",7.1595,5.2875,10.7703,7.102,5.4198,7.5642,5.0482,8.2047,6.4447,5.784
"ATP10D",7.4902,5.9702,11.229,6.7227,4.3634,7.4529,3.9967,8.074,3.7742,6.3666
"SCD5",8.898,8.7475,26.8558,10.2729,2.4513,17.3695,4.6533,20.2658,3.3711,9.6137
"PLAC8",131.0383,136.5001,79.8509,150.8167,223.1617,126.5482,179.7376,100.9937,268.1387,195.1746
"ENOPH1",45.5142,49.072,58.631,37.1762,56.9819,71.1947,59.6706,49.041,51.583,34.495
"TRMT10A",5.3197,4.0799,6.6069,4.0876,5.4737,8.1481,6.7711,4.2599,6.5219,3.107
"KLHL8",15.4549,8.9246,17.3777,14.9142,13.4108,18.8059,13.5753,11.9187,14.837,11.8904
"TBCK",6.1204,3.2118,7.4708,5.7458,4.9571,4.7462,3.9484,7.0725,4.8294,5.5198
"CAMK2D",43.153,41.561,66.3843,42.2426,41.1222,46.7782,25.4158,48.896,50.6554,33.2369
"CISD2",9.7123,7.7409,10.9949,9.2738,9.0709,12.9975,12.325,9.5658,12.8239,7.3869
"TIFA",6.7151,6.6998,8.076,9.6639,6.0583,10.3641,14.0181,4.9869,4.5428,6.9981
"SPATA5",1.9091,3.3868,3.4257,2.5722,2.9542,2.106,1.0962,4.1829,2.4249,2.4942
"FABP2",84.0822,70.7758,51.0042,77.5622,113.6314,196.1719,43.7467,29.5079,108.677,52.9867
"CCNA2",10.9748,28.6174,18.3958,20.2576,54.8294,27.7588,33.0968,20.9173,57.2374,28.2888
"METTL14",9.7447,8.1071,17.7132,10.0468,8.5666,12.958,7.9397,10.883,9.4674,8.2206
"SETD7",19.1606,19.8342,36.1029,16.2285,15.7957,28.4996,8.4839,27.3316,14.1668,14.2697
"NAF1",6.9852,9.2372,8.6113,6.0238,6.855,7.2377,4.4129,10.1603,6.0213,5.1651
"MARCHF1",4.1455,2.4458,3.6843,5.2407,0.963,5.3337,3.8676,1.9605,1.2014,2.7194
"SFRP2",251.0939,255.4959,479.5996,132.6934,43.6369,224.4861,85.9513,532.2574,95.1973,197.8626
"RPS3A",597.0013,437.374,482.9272,294.7073,272.8225,898.5355,2412.1155,462.6855,232.9542,484.1052
"PDGFC",8.1367,6.1528,26.3511,8.1885,3.8985,17.4094,6.167,14.0926,3.0385,8.4683
"CBR4",14.1167,7.3467,22.8086,14.6235,15.5791,18.6446,18.5768,12.0566,16.2354,9.9904
"CYP4V2",12.1478,6.5512,22.4345,12.8106,10.1369,8.5086,9.5495,7.8632,18.9436,8.419
"NDUFS6",200.5008,258.6741,155.9283,171.8889,328.2564,232.0401,262.1709,223.351,251.2941,256.6962
"MARCHF6",28.5615,28.3567,43.0394,37.8636,30.6105,28.1207,15.6784,35.3434,35.6936,26.4554
"NKD2",1.1021,2.1882,2.7939,2.0177,0.5936,0.7986,1.1155,3.0354,0.3265,3.0134
"SRD5A1",4.7933,3.9315,7.8703,6.8804,7.5379,4.2667,3.7354,5.4378,8.4628,4.2277
"MYO10",21.0559,26.9904,20.5945,20.6128,37.6991,9.2702,7.3392,24.0682,30.4668,20.3048
"RPL37",259.8759,190.558,207.9427,148.5963,171.6838,277.9107,308.1169,196.3038,132.5569,200.863
"SKP2",2.6532,2.6218,3.3615,3.1082,5.0897,3.7295,2.842,2.8936,3.5568,2.4833
"OSMR",7.4775,11.3098,13.7872,8.9882,5.2673,7.1967,2.4117,12.867,6.7928,9.1955
"PLK2",10.6996,11.5409,24.8844,18.204,8.7,16.0481,8.3736,19.6589,8.6622,24.9595
"GZMA",31.7261,11.26,21.323,70.957,16.5588,27.7728,79.6073,12.0507,28.6532,38.8868
"PIK3R1",20.086,24.865,50.9073,25.257,18.6405,31.822,10.1742,28.7061,19.4201,21.266
"HAPLN1",6.6248,8.5244,9.6163,5.9553,12.0309,10.3312,12.0002,10.3244,6.5457,7.6287
"SSBP2",6.4199,5.3457,19.5076,7.1964,2.9701,15.698,5.722,11.9939,4.0167,7.0356
"IQGAP2",31.2409,38.2996,44.6378,47.9948,53.4342,24.7304,19.2265,40.8267,81.4642,38.3597
"RASA1",23.3755,18.3725,27.4921,20.0944,18.8595,18.9178,9.7593,24.7109,18.55,16.4012
"PPIP5K2",10.4424,6.629,12.2537,8.6451,9.8699,10.4634,9.646,8.9246,13.8105,6.1362
"PAM",58.0674,53.3218,114.5096,41.5901,24.0184,71.0979,28.8436,83.031,35.1494,50.2239
"BDP1",6.6596,7.0314,11.869,8.1829,7.2874,6.2767,3.0846,10.4235,7.9878,5.6156
"SLC30A5",23.3945,21.7979,25.8513,20.6567,26.0355,27.368,22.0846,20.9745,24.5479,19.2122
"BTF3",285.4385,223.5219,277.6648,185.9476,237.429,399.6435,403.3999,227.178,196.7975,206.0373
"FBXL17",15.5872,11.7571,23.9869,14.5651,13.7042,18.462,9.7742,16.5659,15.243,10.8193
"FEM1C",28.9548,47.1159,33.584,44.2558,30.2654,32.3449,18.955,59.3764,52.6866,30.3894
"COMMD10",34.6308,27.2357,39.6537,22.2373,25.4939,60.1356,85.4786,27.8424,19.8827,23.3649
"ATG12",12.6569,9.5756,20.0827,12.1824,10.2886,23.955,27.0483,11.6399,12.9488,9.5064
"YIPF5",49.8553,46.6094,61.2554,45.6291,47.4957,70.7504,59.4603,41.2924,50.9758,40.7868
"ARHGAP26",7.9393,19.0049,9.5473,10.6377,17.5796,5.3314,4.103,9.6307,14.0993,10.364
"CXCL14",345.875,299.5093,311.1758,427.4479,202.5385,384.0749,481.7526,388.0548,302.8716,331.8486
"DDX46",20.1118,23.8011,27.0814,23.151,24.8708,19.572,9.5348,26.7375,23.3799,18.8474
"RNF145",47.7086,91.86,60.2092,53.9742,66.5801,54.7389,27.47,62.1288,43.157,47.4569
"C1QTNF2",4.4795,3.7441,8.9859,4.4366,3.5648,5.8519,6.5438,8.1007,2.2348,5.9947
"FBXO38",14.7072,10.6358,17.9641,13.1018,12.0891,14.6564,10.2224,13.7086,11.8376,11.3511
"TNIP1",113.8031,155.2477,102.3805,127.8756,147.4932,87.7721,72.7783,103.8748,120.0683,131.0914
"G3BP1",20.4888,29.0488,27.007,21.0558,29.1929,20.8989,12.2073,26.3165,22.6548,19.7298
"N4BP3",3.2941,6.2992,5.1625,3.7759,3.7626,3.6526,1.6171,5.3857,1.9594,4.3037
"NHP2",54.1054,62.2089,42.9018,32.5164,56.6203,63.5201,99.204,61.1596,38.5694,51.0066
"RMND5B",15.6058,12.1239,18.6292,13.4935,17.4946,17.0459,11.9949,15.6986,13.2784,15.9465
"BOD1",41.0154,29.5097,48.9632,23.4889,38.6374,64.7204,84.5157,35.7147,23.8778,30.9365
"KCNMB1",26.6787,37.5815,111.4801,31.6241,3.2933,65.359,18.8239,69.1423,2.9931,43.1352
"TBC1D7",3.6643,3.6978,4.3394,3.3308,5.8949,6.3138,7.3079,4.5595,5.5181,4.229
"FARS2",10.6352,12.128,10.3544,9.638,12.2271,12.6906,10.2765,12.3624,8.7788,10.3066
"GFOD1",2.7555,3.7566,4.4826,5.7734,3.7923,2.3505,1.1911,5.9041,4.1525,4.7484
"CDKAL1",8.9777,9.3692,11.8388,8.3808,9.9223,11.0673,7.2311,10.3281,9.4012,9.4219
"ZMAT2",183.9813,143.8881,159.7728,144.5748,134.268,190.6966,162.2536,144.292,137.8907,146.6402
"GFRA3",11.9671,17.3883,34.1651,7.3131,3.2606,12.0104,5.2018,34.8243,2.0726,13.5538
"KLHL3",1.3968,0.672,1.9435,1.4236,1.0127,1.0072,0.5872,1.3798,1.3571,0.8448
"TRIM41",5.9529,5.579,5.2375,6.5386,7.0911,4.5323,2.8201,7.2343,6.4821,6.0076
"HIGD2A",301.3775,224.0906,236.3609,226.7926,307.3258,351.0989,398.8554,253.799,304.4745,309.2379
"PLA2G7",12.7668,17.4076,5.7272,11.3414,3.6612,25.2256,16.9991,21.9273,2.9248,14.2396
"TNFRSF21",102.695,374.4306,104.9665,135.9899,194.2373,98.3305,49.6392,196.8302,133.1074,125.1338
"MMUT",53.3097,54.2841,61.382,43.3076,81.9066,51.5657,43.9035,55.637,76.7434,44.467
"DOK3",6.5594,5.5709,3.7907,13.7288,1.9712,3.938,2.7764,3.8959,2.1522,7.6845
"ABT1",36.2993,37.7273,31.8689,28.1299,42.5332,54.9736,64.3755,35.4657,28.5129,31.9744
"PPP1R18",31.8356,26.1169,51.3418,49.4494,10.8266,35.7856,19.0842,29.3703,10.1654,42.1793
"DAAM2",6.2367,5.7137,11.297,5.6577,2.6611,6.5584,2.8348,11.219,2.0612,6.1002
"PRIM2",5.2638,5.1296,7.1811,4.9846,6.227,7.2419,6.2631,6.3586,5.6499,5.0961
"ANO7",5.7966,6.1631,6.2761,8.8225,9.1477,3.4031,3.6433,8.8013,10.9222,4.5863
"RPL7L1",32.7341,32.284,38.2927,27.5045,40.0792,33.4064,35.6698,33.4472,27.735,26.2884
"NFKBIE",18.3168,30.4485,11.3691,22.3856,15.4965,17.6909,24.1685,23.4191,12.6794,19.4395
"CYP39A1",8.6789,3.499,7.9924,4.5037,4.8771,9.1949,17.1958,5.036,4.6356,4.1315
"TPBG",12.1615,12.9355,9.769,10.2574,15.0487,8.7521,8.8933,13.8518,7.8305,13.4348
"PHIP",7.4072,7.1687,19.8752,11.3725,7.3468,10.4921,4.2293,11.4251,8.178,7.7859
"MMS22L",0.8976,0.9015,1.401,1.2305,1.4013,0.9142,0.8335,1.2872,1.2108,0.9237
"PNRC1",95.8088,84.6188,143.4139,111.256,41.7564,119.2619,55.6331,117.4091,39.1425,84.3805
"RARS2",42.3301,35.1971,41.3808,30.4207,38.7484,57.6516,68.2772,35.066,33.0405,29.1387
"TBC1D32",1.8352,0.6607,2.3673,1.6347,1.1601,1.4019,1.7455,1.3171,1.9603,1.2397
"SLC18B1",35.5566,22.1622,31.3068,19.1236,27.0802,33.718,26.572,23.5425,21.1191,14.883
"SHPRH",1.9893,1.3923,3.3164,1.5112,1.4028,1.9582,1.3711,2.315,1.1732,1.2339
"DYNLT1",68.6782,72.8975,65.9365,58.3906,86.4044,113.1977,180.1483,69.7591,77.8968,71.6507
"WTAP",28.5898,31.1328,35.2939,32.6076,28.9228,44.0493,41.2543,32.7328,31.0875,26.9804
"ZMYM4",17.5097,11.9567,29.6963,14.5035,14.8206,19.2406,10.4152,17.3014,9.1818,13.5103
"VIP",70.839,63.4182,122.6727,42.7734,14.2682,147.5599,53.6176,105.7573,48.193,40.155
"ARMT1",31.589,26.1449,45.0095,33.9367,34.7466,52.9918,40.9169,25.6852,48.3751,26.1847
"SLC22A3",3.7964,5.0079,14.1049,7.4071,8.1213,11.0266,4.5505,9.7543,3.8713,5.7301
"GNA12",30.3278,47.1042,53.5227,33.122,21.6857,39.617,15.6315,49.6981,23.0545,34.5306
"C7orf50",28.9786,35.2357,28.8742,18.1451,34.4458,44.1127,42.7191,36.5946,23.3195,28.1244
"CCZ1B",2.5865,2.3207,2.4261,2.0101,2.0985,3.634,4.4748,2.3285,3.3716,2.174
"C7orf26",25.3783,30.2536,24.2292,26.9347,32.3273,27.1211,16.7915,32.313,18.1806,31.0962
"RBAK",5.4245,5.3031,11.5991,7.718,4.9195,6.3051,2.229,6.8528,5.9324,4.725
"EGFR",18.3177,42.8998,32.9935,29.9028,32.5075,13.1691,6.5469,33.8972,24.6041,25.3783
"CDCA5",6.3859,18.376,7.7799,12.1461,28.457,9.181,11.7252,13.0117,21.9983,17.043
"IGFBP3",53.8525,41.727,101.4327,65.1114,37.0381,57.5433,40.3744,60.6521,65.2144,68.151
"PURB",15.5943,20.0332,36.9139,21.9002,17.5844,26.3247,11.2733,33.3786,15.9129,18.9768
"SSC4D",0.3792,0.4894,0.6805,0.3204,0.3915,0.4122,0.47,0.4503,0.4775,0.3294
"MDH2",218.3678,245.9855,194.5767,174.0775,336.9363,211.3797,203.3308,246.0947,262.8951,228.5905
"NIPSNAP2",62.2845,37.182,82.4031,39.9105,35.5589,106.5218,110.1159,56.9562,32.7835,42.2284
"CCT6A",90.3766,148.1435,115.3482,84.7302,145.0689,122.1075,93.1267,131.0833,105.4041,93.9764
"PSPH",12.7082,7.0172,10.7565,9.0547,10.7434,13.0232,28.5849,9.9649,12.7952,11.0638
"ZNF92",6.1051,6.7565,9.5239,8.2341,7.408,9.4668,8.1141,6.1773,8.2103,5.4513
"ATXN7L1",4.9623,2.8486,6.2265,4.9765,3.3052,4.6634,2.5253,5.1174,3.6777,3.4412
"MAP11",17.205,15.7037,8.9368,23.8245,15.7745,9.0992,9.7922,19.6922,19.1843,19.8217
"GIGYF1",19.3944,12.6317,22.018,21.0255,11.7146,13.5756,6.6309,18.6653,13.8538,16.6382
"TRIM4",28.6347,19.2311,35.434,17.4135,15.8394,25.2202,21.9366,19.7497,17.4646,16.2483
"MEPCE",44.7581,44.5694,51.0572,51.0322,46.0568,33.4028,20.9066,62.3544,30.5409,57.1629
"TMEM209",9.8745,7.7563,16.7203,14.9238,12.5462,11.9545,7.6385,11.3475,14.2388,9.1209
"ZC3HAV1L",2.7693,3.6983,7.0915,3.2844,4.3774,3.7312,3.7912,3.9262,2.9165,2.2506
"TLK2",12.0456,10.0225,14.0411,12.9803,11.9175,11.0227,6.362,11.5364,11.945,11.2273
"EPHA1",8.2213,11.4181,5.5662,6.2226,17.8076,5.562,6.1252,7.6063,10.6112,8.0994
"NOM1",6.2037,7.3657,8.434,6.5634,8.9647,5.7099,3.0538,9.2369,7.3006,5.9613
"NCAPG2",6.1735,8.1462,7.5395,7.4746,12.7792,6.9829,5.3555,11.3754,11.3421,9.1395
"SHROOM2",4.8476,5.9832,6.029,6.3248,0.6076,2.1696,2.2263,5.8545,6.6048,7.6693
"LUC7L2",9.4854,10.8116,16.0075,12.7019,10.126,10.4573,5.3527,12.059,10.8018,9.4803
"DENND2A",13.0731,13.298,15.8803,11.121,14.0844,16.1634,29.3342,16.6508,9.0646,14.8023
"SH3KBP1",55.1676,52.4379,54.1328,67.7007,75.6589,44.4437,38.3489,49.0166,89.6491,72.0087
"TMEM47",29.0152,31.5838,113.7463,37.7949,13.3943,88.0176,23.8579,59.047,15.2593,32.9388
"SYTL5",6.6269,6.026,5.5,5.6731,7.3417,7.6074,7.2341,4.085,11.2118,7.2287
"CASK",14.0314,12.832,12.6352,9.634,14.8997,10.0282,7.0247,15.1864,12.517,9.121
"KDM6A",4.053,5.4874,7.0353,4.3938,4.1296,5.4695,3.9721,6.5402,6.4368,5.6024
"MSN",114.1148,152.2571,230.3275,133.9486,45.0397,135.8407,46.3709,183.3278,49.5654,144.4234
"HDAC8",0.6099,0.4849,1.0624,0.7109,0.6189,0.6605,0.4576,0.6383,0.7478,0.5368
"SLC16A2",7.6439,9.5387,18.9557,8.3543,3.0093,8.0375,2.5175,14.638,3.9508,9.2846
"ZNF182",4.8707,2.2432,6.6312,4.941,3.0026,5.0202,3.4269,3.2216,2.7308,3.1993
"CHST7",5.2942,7.7788,4.3494,3.4898,3.1262,4.6267,3.735,5.7214,4.9276,4.2656
"KRBOX4",6.1243,4.1788,11.6096,5.7646,3.6484,9.8874,7.4835,6.7651,3.1394,4.6086
"NDUFB11",284.9526,245.2516,188.4921,153.3479,322.3869,305.4445,386.8778,227.0043,229.8083,278.3174
"ZNF41",10.4464,6.804,14.0827,9.0697,9.0329,11.4565,7.0253,9.1386,8.3313,6.7221
"ZMYM3",14.6805,12.1616,22.6154,15.4448,12.6494,11.7022,5.9715,18.8113,10.1282,13.3525
"TAF1",11.7732,9.483,19.7844,12.0971,10.1304,10.0739,4.3378,13.9417,9.807,9.5186
"NONO",71.6034,64.6073,82.7054,55.8287,78.8342,66.1648,53.1821,71.3798,56.5162,61.6001
"CCDC120",9.2633,12.9604,6.9273,8.2156,11.3763,5.4227,3.6398,10.2712,7.2563,7.9689
"EBP",38.8705,50.2165,23.3704,28.717,87.8285,38.1907,56.6165,43.9476,137.5021,51.9397
"OGT",34.103,14.2055,42.1757,37.5643,19.4494,25.991,21.1077,26.4806,27.3521,19.1367
"SNX12",79.4289,89.0725,94.4429,64.356,92.8291,93.8025,72.9829,88.4797,87.086,77.6367
"IL2RG",55.5027,47.8282,17.2559,62.1189,47.2844,27.9471,29.7825,25.5247,33.5328,42.5292
"ZNF711",3.8776,5.652,7.5559,6.6445,6.3576,5.6547,2.8645,6.6935,13.853,5.9957
"DIAPH2",10.8502,11.782,17.1915,13.3225,13.7509,10.8124,6.1362,15.0307,14.8437,10.9777
"PRPS1",21.4594,27.2234,28.1251,20.0877,17.0673,31.3516,20.5323,29.1967,11.8741,23.038
"RADX",1.1764,1.3248,2.7518,1.4444,0.396,1.7902,0.6561,1.8771,0.8169,0.9472
"DOCK11",11.1953,9.2753,24.6997,13.6065,3.572,11.1421,4.8724,14.6792,3.6548,10.783
"GPC3",9.39,4.7364,21.3086,9.3177,2.9947,10.3452,5.913,8.4649,4.9144,6.6906
"RBMX",74.2416,70.5679,99.6813,67.4655,77.7612,107.9924,77.391,84.4412,63.0459,65.1682
"MCPH1",5.2585,4.4707,7.7058,4.7085,4.6271,7.4785,4.9709,5.3118,4.2396,4.1348
"MFHAS1",34.8698,33.6937,40.223,28.6048,44.3937,26.8639,13.7155,36.8528,30.0432,30.1384
"FBXO25",16.475,12.0331,16.7674,11.0576,12.518,14.7073,9.3077,12.8319,9.5879,11.0115
"NSDHL",29.3513,40.8357,26.8378,21.7004,55.1115,32.8185,27.4659,34.0484,79.04,32.1194
"ZNF185",14.9697,9.1589,12.1201,6.4183,2.1553,10.8259,10.4698,10.3064,3.1122,7.6698
"CETN2",60.5276,59.9658,121.3032,52.814,39.7454,139.6373,82.7309,75.6205,42.9996,58.2658
"RPL10",774.372,624.5391,733.6509,493.9093,602.0247,972.6742,1265.5757,667.6015,410.8107,640.9138
"CSGALNACT1",5.2724,3.7444,7.0019,3.2398,1.9775,7.9878,2.1459,4.9953,4.0583,4.8951
"ATP6V1B2",43.3776,40.5756,41.2691,33.6598,38.9072,42.5538,30.7602,40.1599,41.9211,34.6176
"BIN3",6.9496,9.7315,5.4164,6.658,9.0076,7.9505,7.7382,7.3038,9.3901,7.2347
"DOK2",21.0664,12.7221,13.5709,12.5117,6.94,17.7756,20.4619,11.4623,4.8917,15.4274
"SLC25A37",9.6969,7.0924,10.0719,11.3992,9.1635,8.8031,6.2841,8.5787,13.0809,7.0495
"CHMP7",33.919,40.3165,42.8269,38.9471,34.7593,42.688,21.2642,39.5895,28.5717,38.1591
"DOCK5",7.4493,11.7232,9.8623,12.8241,11.8439,5.5563,3.0929,10.1759,15.9726,9.3462
"PLPBP",68.7375,59.2975,80.0767,76.23,87.9599,74.0831,65.6324,68.2807,100.7649,63.0207
"ERLIN2",34.2482,28.1363,37.3146,24.6698,34.9505,32.5668,20.6929,30.0996,28.7076,23.109
"TACC1",44.965,59.4538,118.7712,49.1131,33.7331,75.1608,25.5578,91.3638,29.4412,47.3133
"GOLGA7",17.8735,14.7452,19.0291,10.9613,12.5569,27.4177,31.1622,18.8909,10.8577,13.6036
"PLPP5",34.7366,23.2878,21.9062,19.2087,33.758,28.1209,34.2601,24.6192,22.7168,19.4167
"GINS4",1.2439,2.5346,1.3929,1.6042,3.2351,1.2809,1.6064,2.4195,2.6621,2.3691
"NSD3",14.2321,11.0135,21.3168,16.6469,13.625,12.9364,7.4921,15.7276,12.9058,11.8135
"MRPS28",8.3551,10.3745,5.0813,4.6018,8.3769,8.1489,15.4324,9.8167,5.2331,7.5567
"TERF1",4.6643,3.8778,7.1182,5.1847,4.0232,6.0217,3.5707,4.8763,4.3287,3.9439
"RPL7",761.3054,619.0641,730.359,483.7223,561.6341,886.0421,831.3512,674.9984,441.329,622.7685
"SYBU",12.7558,9.8509,15.125,12.0672,16.21,10.323,11.5623,7.2289,9.8527,10.2738
"MTDH",56.2799,53.5042,74.6651,54.1151,63.6462,66.6945,41.0568,60.7242,58.121,46.3034
"EBAG9",31.1391,19.0703,30.9181,24.2706,25.2402,40.0981,40.1414,22.201,24.0449,20.4034
"POLR2K",67.6305,64.4624,106.5488,60.2,64.9768,161.9009,134.7198,72.1957,63.6087,55.6296
"MAL2",110.526,227.3187,118.747,207.7786,299.0398,205.529,236.3343,149.1642,342.6292,133.941
"EIF3H",110.9849,90.9974,129.7604,78.8412,96.3361,142.1147,120.8861,99.7864,81.406,86.4776
"UTP23",8.7238,7.2197,16.3512,8.7769,7.5081,14.8864,10.5553,9.4069,7.9329,6.6147
"NDUFB9",21.279,19.9648,16.0887,17.1035,28.9028,30.4601,44.5623,19.2784,22.4424,21.172
"ARHGAP39",5.9511,6.833,3.7964,5.2705,9.4203,3.1243,2.6581,6.4537,8.462,7.4872
"SLC39A4",19.9296,18.247,14.679,17.3429,43.1577,16.3072,22.141,23.5853,36.3428,20.8774
"NAPRT",33.31,44.8082,20.3964,28.2516,65.532,22.0514,26.7076,32.8543,50.0792,44.2315
"VLDLR",3.0059,4.3774,5.2868,4.2121,4.8071,3.377,1.6027,3.7714,5.8064,4.6731
"AK3",101.5279,87.7021,132.8458,94.7309,87.8364,109.5002,120.1517,100.3659,97.6824,70.0697
"UHRF2",9.1985,5.5568,14.6258,11.5207,7.4837,9.9725,8.1601,8.5858,7.3894,7.8893
"NFIB",8.6842,11.0526,27.1769,11.112,10.7014,12.8018,3.7442,16.6644,9.125,11.4357
"PLIN2",22.793,27.5724,28.805,33.4177,23.5716,29.5637,26.3123,27.6527,26.9452,27.0403
"HAUS6",5.392,5.462,8.7399,5.7968,5.2251,7.1405,3.9762,6.233,5.7178,5.323
"CDKN2B",64.1126,32.0191,62.2068,108.8312,85.7669,44.5555,40.4038,37.2883,111.0725,83.2866
"CDKN2A",1.1277,0.7107,1.3647,0.7174,0.1236,0.7782,1.1262,0.8992,0.3467,0.7441
"C9orf72",8.3296,4.5038,8.9263,6.5611,3.6208,11.9128,12.4359,7.8544,5.2186,4.1207
"ZCCHC7",16.6465,11.6076,20.3064,17.038,13.3962,20.5705,20.723,11.9983,10.6933,12.1448
"FBXO10",2.2311,1.8058,3.4576,3.1366,0.8603,2.0834,0.8468,2.7395,1.1173,2.3634
"SIGMAR1",85.6252,82.9381,93.8694,64.9694,134.6215,88.9238,84.1908,94.9632,109.6926,74.4661
"CEP78",1.5225,3.048,4.2921,3.1013,4.2078,3.5318,2.3228,3.8825,3.9081,3.283
"IDNK",12.4129,10.0404,15.118,6.312,7.279,17.5641,13.1557,10.2998,8.7363,9.0774
"AUH",32.7093,20.0385,32.9621,30.1914,31.9535,40.7305,49.7395,24.7453,32.0736,20.8482
"AOPEP",7.41,6.9995,12.8301,5.9886,4.944,18.2945,11.2226,11.1111,4.1383,8.3318
"ZNF462",3.8615,3.2496,7.994,5.3206,4.9748,3.1988,1.1855,5.6533,4.4787,4.0016
"INIP",24.5201,20.4512,28.0607,25.0517,23.7861,27.5688,27.6871,23.0831,28.5083,21.8569
"UGCG",34.5685,60.8781,33.3868,58.2408,39.2153,38.6504,24.4723,60.7632,41.9875,36.6653
"SNX30",11.2281,15.662,15.1833,16.5444,19.3856,9.0118,4.1062,17.8503,23.6437,16.1419
"STOM",134.788,158.7016,272.9257,120.6815,54.4991,256.9187,88.5871,245.2856,89.617,142.657
"GSN",245.4708,385.9875,597.3812,357.5827,322.9622,401.2361,161.4655,528.2498,354.7753,444.9139
"MRRF",11.2736,10.9375,11.1668,8.294,14.2631,9.8772,10.759,11.0606,12.4297,8.3076
"NR6A1",2.3309,2.1687,2.412,3.5946,2.6754,1.1859,0.8932,2.964,2.4244,1.5431
"CRB2",3.6268,1.2462,1.0367,2.1594,4.3636,0.8669,1.9107,1.3255,1.248,1.9025
"ALAD",53.138,29.025,60.3014,51.9456,41.7037,46.4032,32.2536,47.4914,34.8842,46.1905
"ASTN2",2.538,2.8696,5.0173,2.1081,1.1236,2.7306,1.6632,3.9713,1.0992,2.1731
"WDR31",3.6558,1.4747,5.8929,2.3974,2.7059,3.3316,2.4189,3.294,1.9918,2.0928
"POLE3",73.2205,65.8909,85.9082,52.9353,83.4508,127.121,150.2524,70.1047,59.7556,61.0236
"SURF4",221.919,357.4559,191.1853,177.9027,358.1827,234.1622,195.6567,272.802,295.517,241.8207
"GBGT1",3.6117,1.77,2.9107,2.792,1.3138,3.394,2.6054,3.0546,1.3206,2.3498
"SURF1",61.2888,65.3024,66.8181,48.7195,101.8477,130.7018,164.5562,70.2104,59.0908,72.4363
"SURF2",21.5707,33.8052,24.0658,18.0216,34.3651,35.5404,26.808,28.7161,20.1467,30.6405
"SURF6",30.5385,36.0414,33.6535,23.824,50.4735,24.9741,14.102,34.7622,27.0531,30.3818
"MED22",11.7026,12.2052,22.806,13.2958,13.565,14.4543,6.9268,16.5041,9.0574,14.897
"REXO4",27.8136,28.4506,32.1703,26.3679,35.9299,23.0169,19.0328,24.0912,20.4217,28.9212
"RPL7A",1704.2671,1223.9273,1423.4018,920.3709,1384.2201,2096.2675,2883.9736,1367.2787,988.4983,1240.4141
"GTF3C5",36.676,44.5848,41.0749,33.7428,56.3028,40.7463,32.3884,40.4038,36.7294,42.4215
"ASB6",10.8567,11.6034,12.0447,12.0441,12.9335,10.8852,9.0356,11.9095,11.5892,12.1396
"PTGES2",29.826,32.1618,20.8249,22.138,43.8797,23.9037,23.4369,31.0926,33.537,29.0588
"NTMT1",9.6076,11.6074,7.6555,6.8548,11.889,11.3995,11.562,10.0168,9.6403,10.3135
"CIZ1",39.8228,30.0817,48.5995,30.695,35.2626,36.6198,20.1464,41.7156,29.7805,35.0638
"SLC25A25",18.4124,43.1274,7.982,31.0411,18.5407,13.8521,6.3792,68.2412,27.1459,24.6799
"SH3GLB2",36.6851,36.2664,33.5752,31.4108,41.8606,40.4376,32.7575,24.3293,40.0593,32.1616
"MIGA2",14.3809,12.1417,15.4918,19.7705,22.1561,14.5399,12.3913,17.8557,24.5058,17.7577
"PTGES",18.3462,16.2023,27.2645,20.2762,6.2463,13.9383,12.1993,23.3155,10.2662,13.8123
"LCN2",1014.4997,152.2458,29.8984,69.1458,71.9023,111.4736,242.6898,54.7527,212.6431,116.5299
"LRSAM1",6.6448,7.0283,12.0532,7.3367,5.528,6.8903,2.7747,11.1737,4.8987,7.1357
"PAXX",37.4509,52.9829,27.0283,36.5314,59.0413,37.4811,49.2677,45.2787,43.6015,45.2183
"INPP5E",4.8064,3.2727,5.5406,5.4569,4.6002,4.0986,2.8174,5.187,4.224,4.9756
"SEC16A",32.7367,65.3007,37.6834,35.6367,63.4714,22.1024,10.8789,57.0357,52.7224,43.5614
"DPH7",7.3338,7.2776,8.1483,7.1429,10.4707,8.9091,9.072,8.3719,6.8861,7.6616
"NOTCH1",25.6227,27.0215,38.0123,23.8611,35.3603,16.5696,8.0129,43.4415,21.815,31.6145
"USP6NL",6.2559,6.5543,7.0868,6.8105,6.1058,5.7205,4.7003,6.8462,5.4901,6.1425
"COMMD3",8.4935,5.1399,9.2893,7.7846,5.6566,13.4588,18.268,5.9802,6.1961,7.2369
"MSRB2",53.0545,47.0894,58.4787,45.753,50.5384,80.7728,72.353,54.052,40.5602,54.9311
"PDSS1",25.9911,26.2862,22.5069,18.1136,47.2621,25.3272,29.8704,23.1857,38.7287,21.4785
"MINDY3",22.8816,24.3835,27.4621,19.9351,17.3424,40.3659,29.1247,22.995,19.9018,18.1506
"RSU1",67.3528,67.5265,133.0213,68.4824,66.7975,99.7108,46.8979,89.0783,87.6885,79.6672
"PARD3",34.7446,36.5249,55.4824,28.0358,34.148,38.5168,15.7455,45.5741,27.8728,32.1219
"ZEB1",30.1421,26.8261,110.309,26.6829,2.8754,71.1226,14.078,45.5738,3.7741,30.255
"NRBF2",40.5459,34.1056,41.2106,42.1223,38.7455,53.0539,52.8647,39.5365,47.8099,38.8293
"A1CF",10.9601,7.7523,15.0499,17.634,14.255,7.4349,8.5115,13.0351,20.8514,11.9814
"CDHR1",48.8806,25.7495,37.398,47.9126,50.4814,21.5744,27.8403,40.5817,83.3086,31.4226
"POLR3A",8.6502,8.12,10.7079,8.5102,10.0007,6.7778,3.9981,7.9986,8.8449,6.5808
"LRMDA",3.7231,2.6176,3.6193,1.4264,1.1797,5.5321,4.1392,2.6837,0.8804,1.7125
"CAMK2G",38.884,34.1546,114.024,44.0862,18.1933,70.0895,24.2477,64.1468,21.738,42.3988
"GLUD1",130.5936,125.3603,175.7894,120.0677,145.8871,183.6521,131.563,138.5249,139.2333,119.0914
"RPP30",12.9377,8.2089,17.6288,13.0265,13.9981,19.4769,17.3903,12.8189,12.3575,13.0857
"FRA10AC1",7.4899,4.7297,14.0782,8.7216,4.9298,10.2767,5.1979,5.4148,5.3881,5.8879
"ADD3",105.7593,58.5892,127.0197,78.0014,83.4371,113.4429,102.5017,75.6738,103.5347,57.4127
"DNAJB12",27.0638,37.2785,29.9622,26.476,35.7181,28.4162,21.7038,33.3276,30.8529,32.4934
"EIF4EBP2",105.3012,100.5783,146.913,130.2642,124.1495,116.66,76.4491,126.256,122.8509,106.3587
"NPFFR1",0.2258,0.1493,0.2273,0.4235,0.0675,0.0503,0.215,0.2575,0.2313,0.2288
"PLEKHS1",1.8214,0.5506,2.4839,4.8074,1.2274,1.1918,2.3345,1.0313,22.8905,1.5594
"TCF7L2",26.7532,41.7691,37.778,42.5436,53.2875,20.8442,15.2765,34.2439,53.9231,40.0371
"MKI67",7.9678,23.0919,14.8667,20.7249,55.0426,6.7413,6.3323,19.2554,46.9324,24.7785
"FUOM",14.0396,15.0519,15.4755,18.9212,23.2892,18.6784,38.1037,17.5457,23.7715,18.2494
"LRRC27",1.4087,1.0066,2.337,1.3756,1.0563,1.6111,1.0376,1.7259,0.9715,1.369
"MTG1",0.9502,1.2405,0.9816,1.263,1.1126,0.628,0.8367,1.0071,1.3734,1.1378
"GSTO1",148.0408,151.0406,141.5799,92.5684,156.3968,297.0206,503.0754,135.1545,96.67,138.3414
"TAF5",5.6743,4.6762,7.6575,7.1654,7.617,6.3749,4.8207,4.0277,6.8808,6.4464
"PPRC1",12.4497,26.1013,16.7924,12.0462,23.1767,11.1508,5.8494,31.1044,13.1393,13.3258
"ITPRIP",7.8901,7.5327,7.718,6.5045,3.3497,6.6195,2.6258,13.1234,3.5623,8.879
"CNNM2",8.0766,6.3008,5.7679,8.214,11.0243,4.2978,3.1594,7.1722,8.4316,10.2738
"PDCD11",12.5101,21.9057,14.7748,13.2945,29.8217,7.8411,4.735,18.6479,15.2549,16.5715
"ADAM12",0.5167,0.6355,0.6861,1.2529,0.1997,0.228,0.4101,0.5797,0.3215,0.5549
"RGS10",103.8066,76.0651,176.7277,76.0974,33.0905,198.55,168.0146,88.6577,25.5628,83.9511
"BTBD10",33.8699,29.8838,46.7812,28.2483,33.2994,49.2288,37.7633,31.4871,29.7144,26.5196
"ADM",26.425,105.4458,20.6417,44.3873,41.2413,38.7441,19.2455,78.1069,29.7187,38.4309
"GAS2",0.7428,0.3247,1.5479,0.6555,0.5759,1.3309,1.7773,0.946,0.9504,0.607
"LIN7C",16.2132,20.4964,28.2434,19.4,28.7773,28.5622,24.0681,22.5401,29.2767,18.5281
"IMMP1L",3.1211,2.6543,2.9292,2.24,2.4371,4.0142,7.375,3.0257,3.1078,2.9508
"PGAP2",19.8902,13.587,20.8712,15.367,30.397,18.1812,18.6995,18.3484,21.0675,15.8859
"TUT1",5.7962,4.1826,5.9359,5.9548,5.5579,3.4143,3.5934,4.214,4.5637,5.465
"ZNF215",1.0926,1.1122,1.4245,1.1107,2.132,1.6107,2.0882,0.9844,1.3012,1.0466
"HSD17B12",17.4764,26.9628,20.4484,16.001,25.4139,13.5331,17.7925,19.9958,41.8785,14.6172
"APIP",7.9487,7.308,10.8988,8.9522,10.9431,17.5044,13.4054,8.8773,14.3835,9.2116
"DGKZ",14.4703,17.928,14.8811,15.8032,20.2797,12.0447,8.2717,18.1941,14.8164,17.7724
"EIF3M",36.593,41.6365,46.6048,30.2126,39.4719,52.7626,42.6023,38.7242,32.0047,32.312
"TNKS1BP1",51.022,64.7759,46.1862,47.0686,79.0177,31.1648,17.6922,65.5594,59.2321,62.2325
"SERPING1",87.5081,57.9096,133.22,66.7031,26.3416,70.8961,27.4841,92.338,35.0004,70.6927
"SSRP1",56.6675,73.2771,65.1304,49.3792,90.4838,52.8717,33.2235,74.7033,64.9588,65.181
"SLC43A1",19.6204,17.1226,22.0108,11.8783,24.0075,16.5332,11.6186,18.2684,15.5061,16.6743
"PTPRJ",16.8294,33.3943,17.9121,26.6939,34.1845,10.6209,6.567,17.2761,32.5603,22.4074
"C11orf49",12.2164,11.2657,12.8522,11.3674,15.6535,14.0611,12.2319,14.1396,14.6449,12.9027
"ARFGAP2",48.6883,47.1958,52.0398,42.5904,58.6517,50.9562,34.2988,48.3317,44.7742,50.1532
"CELF1",27.4897,26.5397,40.1355,33.9599,27.1314,23.8899,8.6002,35.8479,23.5471,26.8365
"HIKESHI",15.3439,13.1783,23.2195,15.4037,12.8954,26.8491,27.6901,16.7436,10.8021,15.021
"SESN3",12.3482,5.7628,19.7898,15.0544,6.0325,9.3879,8.6983,9.6521,7.3785,9.8426
"ENDOD1",88.6995,148.613,97.3491,122.3141,184.555,96.756,67.0597,106.6996,218.7875,133.4691
"SERPINH1",45.4283,50.7326,58.4778,36.0513,47.1512,34.4348,24.3377,61.5915,24.777,56.2372
"CAPN5",177.2692,123.063,121.4873,148.6568,235.9913,100.7135,83.0327,149.2561,211.8793,132.2552
"INTS4",8.0022,9.5749,11.7676,9.1135,11.428,9.6471,5.0698,10.8789,8.1367,9.4355
"PAK1",60.2169,54.1227,53.5636,54.5855,66.4683,44.8314,39.9546,50.5904,66.7625,48.4208
"RPS3",795.7867,588.1572,601.949,392.8565,620.5246,1085.8833,1840.8591,623.9341,435.9807,599.9613
"NPAT",8.3621,7.1787,13.2932,10.2339,6.0322,8.6684,5.4053,8.0061,7.1031,7.3692
"ATM",4.5472,3.5564,8.1672,7.1244,2.4195,4.1942,2.2633,6.9425,2.7254,4.0236
"AASDHPPT",11.3887,8.8632,16.7507,11.7831,8.5024,15.4836,9.3974,10.4835,8.8307,9.1835
"SLX4IP",3.181,2.456,4.4678,4.2972,4.8341,2.5339,2.5347,3.1091,5.5464,3.4301
"LAMTOR1",112.709,112.6986,92.6717,88.8084,131.577,162.8298,232.0153,100.7182,102.1728,105.8296
"P4HA3",1.3789,0.519,1.031,0.2266,0.1564,0.6994,0.6479,0.7429,0.417,0.815
"ST14",480.3504,678.4019,303.8451,493.096,988.4853,287.3155,321.32,429.551,777.3881,604.8503
"HYOU1",47.2101,99.2964,34.5863,30.7343,84.9885,25.265,19.3471,79.9448,55.2505,49.0654
"ADAM33",9.5268,7.873,15.6847,10.3296,2.3621,12.1584,4.3974,21.1933,3.1918,8.025
"KAT14",11.5836,11.0686,18.29,10.5833,12.975,13.4867,7.9659,11.5076,9.364,12.6526
"TKFC",11.4162,11.5008,9.6183,9.7243,16.9583,8.8721,7.8723,11.2163,11.2724,9.6745
"MTA2",57.8182,88.5286,59.8124,63.9084,104.0195,53.3608,34.6619,73.3251,64.938,64.92
"TMEM138",7.5503,8.4447,7.2461,9.8348,12.0577,9.2045,9.4164,7.2452,9.3819,7.702
"FADS1",3.5264,3.1409,7.5433,2.9681,1.1971,5.1464,2.0286,4.942,1.9678,3.7094
"ROM1",4.8959,3.1962,4.8088,4.6485,2.9144,7.9208,3.9566,4.5513,3.0461,2.7937
"INCENP",10.8087,19.7664,14.3051,14.2066,28.794,9.5727,7.2779,17.0527,21.2595,19.0875
"CPSF7",39.1192,39.2002,44.3588,38.7626,43.4808,34.2785,18.9118,47.5534,31.2963,35.755
"B3GAT3",30.7524,27.333,23.5464,29.5432,34.7895,27.0858,25.9156,29.0701,30.4181,31.4601
"EI24",122.0838,119.2652,130.9534,80.8959,145.9708,134.4135,107.268,127.3262,108.9501,92.0736
"CHEK1",5.7259,8.968,8.9656,6.8709,12.8844,6.417,6.8787,9.8112,11.02,7.5838
"FEZ1",4.9993,4.6926,13.912,4.5081,1.411,11.5817,6.4626,8.6341,1.5127,5.9513
"ESAM",20.1332,17.8575,26.0779,17.3101,16.5093,21.3981,12.7359,25.4856,17.9101,21.4252
"TAGLN",492.201,907.1865,1902.2077,515.7204,52.0322,1618.7438,455.8429,1237.7812,38.2038,976.1663
"JPH2",14.2678,22.2204,63.3838,19.6839,1.8606,32.4837,5.6475,46.5821,1.3828,29.1947
"DUSP15",0.9003,0.4482,0.4823,0.457,0.228,0.8997,0.7869,0.8098,0.1254,0.5583
"COMMD7",41.9799,38.6699,41.3281,31.9208,45.1051,63.3509,93.6679,33.4491,34.0036,36.2793
"SPATA25",1.7497,0.6313,0.9661,1.7912,1.6491,1.9457,1.3135,1.2585,0.9421,0.8864
"DSN1",15.4375,14.4817,15.7529,14.5212,22.8768,17.9157,17.4256,18.5511,18.9779,16.2639
"LSM14B",39.7955,35.7877,45.6932,33.8165,41.8017,35.4666,19.3943,40.4998,32.0051,37.9993
"YTHDF1",43.9838,47.7003,53.0916,45.5121,55.7131,43.6451,29.1958,55.9665,47.726,45.6935
"CABLES2",9.2735,8.9926,9.6847,7.8613,13.155,7.066,4.431,12.6973,9.6719,8.6054
"LTO1",3.7794,4.2159,5.7714,5.0047,5.0626,4.1558,3.8231,5.2714,5.8986,3.9606
"TRPT1",27.1546,17.3475,20.1854,23.8939,33.5236,31.0788,41.4238,22.2732,24.5962,21.1846
"NUDT22",19.8517,20.1639,11.9641,16.2359,30.182,18.8752,23.3378,17.8515,22.0616,18.131
"FERMT3",44.1589,33.3019,21.938,46.5562,30.0817,27.3635,29.4215,30.1785,10.7595,43.7354
"PLCB3",49.9365,47.1117,34.3745,49.5252,107.5666,23.1923,24.9674,51.263,81.8441,51.5457
"MRPL49",60.0407,53.5307,64.8501,44.3902,77.1671,104.352,141.9425,61.1774,55.3383,47.8813
"FAU",592.9602,471.3801,456.2992,363.0672,406.6083,781.0743,1117.5958,450.373,284.9105,466.4345
"TM7SF2",10.4797,10.0258,7.5379,7.6163,15.0117,6.6182,7.3398,9.2841,47.0767,12.4835
"VPS51",80.9983,79.7693,62.1911,48.6395,105.7808,57.6963,55.3278,86.4756,57.9675,81.0348
"TBX6",1.3322,0.6859,0.7488,1.2341,0.4387,0.4885,0.2924,0.9172,0.4743,0.5529
"PPP4C",95.1582,120.6741,60.7081,72.7103,152.4782,101.6601,137.2372,88.1952,92.3144,101.4995
"ALDOA",11.3622,20.136,6.0879,9.7579,12.2514,5.1222,7.6002,15.3437,13.9273,15.3144
"HIRIP3",17.9448,14.5428,27.0645,17.8165,14.8091,19.0755,9.0125,22.4501,13.4216,19.241
"TAOK2",19.2791,19.7343,22.6903,22.9714,25.7664,13.4747,7.9194,27.8039,22.6203,22.8487
"TMEM219",146.1656,106.6462,111.4882,105.942,142.2676,180.1225,244.6625,108.5073,128.8417,115.6369
"HMGA2",1.8863,0.6941,1.2981,1.1547,1.934,1.0905,1.1745,0.6111,1.2987,1.2365
"MMP3",0.6045,10.3393,0.9368,1.1377,0.7251,0.4599,1.752,5.5098,1.4104,1.6148
"CLEC1A",2.6043,1.1562,3.5192,1.8779,0.7879,3.0823,2.3638,2.4552,2.4504,1.8895
"MKX",2.5552,1.3188,4.4293,2.898,0.3858,8.0598,1.5979,4.6653,0.5402,2.2875
"MPP7",21.866,14.8355,48.1895,24.8938,14.7619,38.7545,20.8534,29.9532,21.4832,19.8791
"ITGB1",74.283,100.8497,170.2332,67.3877,59.6652,117.6053,49.2452,117.7257,69.65,80.574
"CTF1",8.4286,4.8126,16.8481,8.156,1.0514,10.1382,4.6371,11.9766,1.1568,8.1635
"CWC15",49.1548,41.1552,55.4699,38.491,43.484,88.2112,94.9495,40.8291,43.1841,40.2149
"ARID5B",18.6503,18.2515,27.7579,17.4391,14.8321,13.7256,6.6971,41.8415,11.4516,14.2187
"DCUN1D2",6.3782,4.8639,13.0651,6.9694,5.5143,10.9904,6.1027,7.7718,5.7628,5.6311
"TMEM218",8.1525,5.7662,9.3031,5.6385,7.2235,14.0636,13.346,8.1286,5.7267,6.814
"TIRAP",5.7597,5.4564,5.9822,4.9296,5.6559,5.1379,3.1751,5.3798,4.8545,4.8729
"EEF1AKMT1",12.8688,9.7732,18.6641,9.4301,8.1218,21.0845,18.4743,9.86,5.8455,9.5391
"LATS2",13.015,19.6771,21.9861,11.0853,5.355,16.449,4.2516,41.4057,7.5667,12.1758
"SAP18",111.4879,109.5612,150.6329,99.2406,104.174,177.6877,159.6154,128.0982,110.2712,113.8618
"MIA2",19.7848,16.5209,15.9945,19.7346,23.126,20.3605,22.1596,14.2329,24.9993,14.0912
"HNMT",45.7272,26.5722,61.1601,46.1064,30.0448,86.8613,108.5646,36.3913,41.6352,30.1832
"PDCD4",255.9282,104.2609,205.8661,357.9401,203.1586,156.5945,132.4781,170.4266,211.7325,170.5104
"ADRA2A",16.7185,6.8719,15.4123,26.1971,15.7698,6.9747,4.1698,14.682,13.5843,22.05
"VEGFC",4.6171,4.4267,7.4459,4.5802,2.4237,5.2768,2.4082,9.3308,4.7876,6.1192
"PRSS23",42.5792,39.5371,106.2389,57.4247,19.1825,81.0982,32.6932,61.0595,48.8559,48.3484
"MTMR12",23.5486,24.5261,41.4613,22.3681,19.4738,29.5601,16.7195,31.0787,18.3068,23.2157
"C11orf53",4.514,1.8583,1.1571,4.5994,5.6488,2.6552,2.0731,2.9952,5.3101,2.5367
"CCT5",67.1538,103.2233,54.8837,52.9092,100.7056,74.5515,62.7628,81.3552,70.6232,71.9712
"ATPSCKMT",11.1502,10.135,15.7225,10.0209,12.7748,17.4866,12.0271,12.3742,9.4797,7.8567
"DOCK1",24.5708,22.7673,50.1191,34.1209,17.3555,25.3454,12.3673,37.7041,35.561,26.1516
"DIXDC1",24.0893,17.8216,68.6846,20.3364,4.6888,48.2236,11.2814,34.876,5.1555,22.6282
"DLAT",40.206,44.8056,45.8035,35.8303,56.3169,44.2407,30.7981,49.953,56.1995,32.7245
"TIMM8B",86.0275,90.1693,62.7977,53.3633,99.8598,143.4081,279.0892,79.7563,74.6174,82.7402
"IL18",37.2153,36.8131,27.8276,46.3829,49.0288,52.4051,59.6483,18.652,54.2654,31.1495
"PTS",14.218,17.3321,13.0632,12.8117,15.3501,26.7905,33.2086,13.486,17.7831,12.096
"PIP4K2A",19.4256,18.9582,25.4224,30.3912,11.1057,19.3576,7.7507,23.4997,11.2045,25.2533
"FOXO1",14.1192,29.5583,23.8623,22.9261,19.1996,17.308,7.0775,39.2456,21.9878,22.5122
"CRIM1",44.8752,67.5835,65.9383,49.6942,44.0457,37.8544,16.0482,68.1594,39.2923,42.4309
"SEC24D",25.3845,32.7912,21.4711,14.2229,27.2069,20.2478,14.7616,24.1808,24.0351,17.1611
"ABCB9",1.0426,1.0507,0.8735,0.9352,1.3439,0.7232,0.6633,1.2823,1.5441,1.2428
"RILPL2",8.8266,6.2775,8.723,6.1946,3.5106,8.0286,4.3503,10.0238,4.2451,8.0273
"DHX37",8.7789,16.0092,8.6627,8.332,17.7946,5.615,4.7014,10.4148,10.6297,9.8688
"UBC",444.4172,581.032,628.3556,581.0056,559.0098,648.5316,299.1896,710.0979,425.8916,588.3299
"SLC7A11",1.3627,3.2427,1.052,0.8435,1.9465,1.495,1.2853,3.6219,2.9576,0.8831
"NOCT",3.5287,21.223,1.674,4.828,6.0975,3.6107,1.3986,15.0653,11.6397,5.4043
"CACNA2D4",2.6759,1.2807,2.0578,2.0793,1.7178,2.2956,2.4693,1.8511,1.6351,1.909
"DCP1B",12.7193,7.7173,21.495,12.1899,9.2281,16.076,8.8147,11.6191,6.0331,11.8689
"CACNA1C",4.8844,5.9356,19.9817,7.3756,0.6611,9.0713,0.8589,14.6811,0.3865,7.2126
"THRB",12.3457,13.793,27.429,17.3899,9.2064,17.4791,6.7692,22.7823,12.0866,11.4692
"NGLY1",13.8652,9.9901,12.7529,13.5865,14.6453,13.3971,11.9331,10.1115,14.3744,10.9935
"OXSM",14.6082,10.5513,15.174,11.926,21.4284,20.5701,32.7702,11.0304,13.5051,12.9463
"UEVLD",23.943,19.9978,30.8634,21.1303,24.9609,28.6471,20.494,21.7953,24.5259,16.9972
"C12orf45",1.116,1.2104,1.8825,1.0943,1.4674,1.4736,1.3549,1.5215,1.1083,1.1687
"UBE3B",16.5189,14.0584,20.0254,16.7982,19.0125,13.1163,9.3795,19.4493,18.3954,14.7233
"ANK3",4.3351,4.03,9.1914,10.3961,4.9695,5.065,2.3161,9.9779,5.6447,5.9556
"IPMK",11.998,10.3097,16.3683,16.8263,17.2107,15.3694,13.4038,9.8856,23.0836,7.7432
"DLG5",11.193,10.8576,19.1446,9.9649,8.4186,10.1516,3.7754,16.9826,8.0295,10.1074
"MAT1A",0.1668,0.0435,0.5738,0.0822,0.1573,0.1904,0.3618,0.2456,0.4109,0.0845
"SLC2A13",10.0027,16.1424,16.0154,12.4609,10.1606,10.8822,8.1614,10.7146,20.3413,8.2143
"GXYLT1",6.3238,6.8465,9.5782,7.9833,7.5753,6.7154,2.9818,7.0859,7.5198,6.4833
"TWF1",69.4722,73.7382,79.1308,70.7916,76.8241,115.9929,104.0165,59.7134,93.0466,49.971
"DIP2C",14.6233,14.9508,46.7475,14.9813,5.6297,24.6606,4.6216,32.9391,6.3017,16.101
"EIF4E",8.5866,12.7965,9.8126,7.6202,11.3936,14.6148,13.5766,9.2184,11.6489,7.7793
"MAGI1",9.5336,9.0027,21.6115,13.528,10.1891,9.5363,3.807,18.8061,13.8968,12.5978
"CSNK1G3",30.2707,27.9517,33.3842,28.3236,29.5965,37.753,29.698,30.0529,42.0439,24.5085
"SRFBP1",9.3994,10.0874,13.4285,7.9179,11.7607,16.2967,9.61,10.8205,10.6466,7.1679
"MBIP",17.517,16.1021,24.9431,17.0772,15.0792,30.0529,23.1812,16.2049,15.1625,14.0092
"EXT2",20.7782,29.1946,24.9188,21.1719,27.873,22.3516,15.4913,27.2496,24.9471,23.1942
"TMEM18",9.1733,5.2166,11.7869,5.5947,6.3612,12.815,13.6666,7.1747,7.1669,6.6862
"NDUFC2",21.6876,15.5009,25.8118,21.3682,21.0874,29.803,40.0563,15.7039,20.5497,20.7192
"ME3",9.5171,9.6017,15.839,14.8773,13.0359,9.2711,9.5342,17.2936,13.5436,11.8758
"ADAMTS12",0.6524,0.7961,2.7029,0.9333,0.165,1.0169,0.4279,1.576,0.2722,0.704
"NUBPL",7.6516,5.7787,11.4779,5.4785,6.0035,10.2545,6.0613,8.3194,5.7315,5.9508
"NEK7",54.792,36.8018,131.3544,53.6445,24.8527,147.2397,85.178,57.7422,35.7982,38.3212
"FER",3.5037,3.8551,12.0159,3.8509,2.2922,5.6794,1.5847,6.9222,2.5529,3.6602
"VIPAS39",21.0392,12.1864,30.1083,18.5723,20.6874,26.1622,22.3718,17.5474,15.0114,18.3284
"ANKRD50",7.9965,9.536,22.2663,9.1785,6.7728,9.3752,3.3002,12.02,7.1871,8.695
"UPF2",20.7465,19.0603,41.4244,26.5015,23.1788,22.7648,10.0545,25.6229,20.6955,19.2747
"CDC123",52.0299,60.8868,53.6228,42.0897,65.2111,69.5265,61.1842,51.662,49.3085,50.0237
"SCLT1",2.4507,2.176,2.7994,2.5669,2.5825,2.9178,2.1703,2.4578,3.6796,2.5924
"FRMD4A",2.6433,2.7443,7.2578,2.9032,1.2457,3.0035,0.984,5.1393,0.9226,2.6853
"EPS8",62.6714,96.5868,63.5398,63.0856,86.7926,68.5076,57.899,65.9812,92.1356,58.0014
"ACAD8",13.5783,11.6102,13.2479,11.0121,16.25,19.5301,11.3757,15.9433,13.1638,10.6992
"THYN1",50.7273,33.8295,56.1681,39.7796,46.293,74.668,86.4993,45.735,32.0469,43.2144
"VPS26B",28.2625,27.7883,36.7467,27.456,35.5518,30.5977,15.7995,33.9407,30.6615,28.517
"NCAPD3",5.5216,8.8871,7.0581,6.1115,11.17,5.1021,3.4988,10.5134,8.9062,6.7617
"VTI1A",7.301,8.8478,8.7195,8.2335,10.9359,7.293,5.243,8.6683,9.9614,8.0055
"QDPR",31.718,30.5402,36.6979,20.806,24.2607,28.2849,29.2996,34.8555,26.2735,29.7564
"FAM160B1",10.5477,10.5926,25.0593,14.2272,7.485,16.4746,7.1985,13.5302,9.5734,10.0563
"QTRT2",8.381,9.395,8.9552,7.473,9.8069,6.1216,3.3828,8.7338,7.2706,7.1333
"MMAA",3.9341,3.5408,5.0312,4.3029,4.6085,3.3449,4.0791,4.0225,5.7209,3.1257
"ZNF827",4.4702,3.7319,7.8683,5.0185,3.5654,3.5187,1.4802,5.162,3.8287,3.7925
"EDNRA",4.1231,2.6312,6.9887,3.9104,1.2123,4.573,2.1742,4.5086,2.7672,3.252
"NR3C2",51.2289,57.745,58.4149,54.9774,88.0288,35.1997,21.993,54.6431,105.4075,53.3764
"VENTX",0.4765,0.6478,0.7807,0.5208,0.2929,0.3468,0.5122,0.7103,0.1933,0.2309
"ADAM8",6.4388,5.4739,2.8405,8.9673,2.1271,1.8554,2.714,5.134,2.2126,4.6601
"KIN",4.5178,3.5317,6.5467,5.3069,4.132,6.7051,6.3138,4.0067,4.7155,3.8699
"PIGF",4.7999,3.3066,4.1856,4.2769,5.0712,6.2787,9.3621,3.6729,5.031,3.3404
"ANKAR",1.3714,0.6271,2.1591,1.3867,0.6087,1.9791,1.6003,1.1306,0.8807,0.6544
"INPP1",25.0302,63.1821,22.2654,18.9165,44.8463,35.7908,21.6889,39.4005,21.9811,27.4548
"MFSD6",61.9078,65.3027,55.521,44.1156,75.6888,46.8008,30.3147,51.3139,66.1131,43.7187
"RNF144A",11.9342,16.2592,16.8654,12.0993,16.5633,11.9587,6.6598,12.0054,25.9829,11.196
"ASAP2",16.9882,23.795,22.1196,16.11,21.4371,11.3232,6.5404,22.6317,20.8551,14.0836
"ADAM17",4.8531,4.1329,6.902,5.1048,4.0192,4.4007,3.3738,5.5011,4.8379,3.1853
"FLI1",9.9272,6.6887,11.8111,11.6851,3.3681,7.5532,4.0141,7.3596,3.8306,8.3223
"WWC2",3.9575,3.4614,11.3147,4.1272,0.9697,7.2236,1.922,6.7047,1.2676,3.9738
"CENPU",7.5618,10.2602,11.7055,8.6726,15.4536,15.8025,17.2815,9.908,17.4038,6.2096
"ACSL1",21.6681,16.4043,38.6875,21.233,17.0487,23.3677,8.1593,35.9387,50.5866,20.1711
"SLC25A4",43.0256,49.2762,101.2964,41.7833,24.7897,102.5684,48.3248,72.6988,27.4104,50.044
"BICD1",1.2273,1.4484,2.7279,1.7269,0.653,1.2772,0.4842,2.3075,0.7636,1.3759
"SAV1",11.6066,10.601,21.9359,11.9075,8.8577,18.3119,8.8347,14.2402,7.7471,10.996
"CCDC122",2.756,0.9804,3.19,2.9069,1.6401,2.9199,2.7539,2.4236,2.692,1.8204
"NBAS",13.8818,15.9649,24.3885,15.0119,17.463,12.243,6.7127,20.6166,15.0205,14.9888
"TDO2",1.2388,0.6557,1.4414,1.66,0.0821,1.6788,1.1712,0.734,0.7978,0.6374
"GUF1",16.3686,17.8347,24.9886,18.5326,23.5826,17.5435,11.333,19.7816,30.0407,16.7243
"SACS",1.565,1.7747,5.6509,2.3756,0.9894,2.0503,0.5497,3.2885,0.9259,2.0527
"PABPC3",0.5264,0.3292,0.3779,0.5115,0.3828,0.5493,0.3914,0.4844,0.6551,0.4115
"CENPJ",3.5469,3.1584,5.2331,6.0216,5.0103,3.4383,2.5185,5.1955,7.1515,3.4519
"FBXO4",11.1555,7.329,9.7358,7.223,8.6026,12.1143,15.9237,7.1649,6.3885,6.8848
"CCL28",124.3975,36.1627,43.4032,69.8673,48.1637,93.6633,204.3504,39.0999,104.4778,60.8492
"PARP8",12.3225,7.0999,7.4097,7.6194,1.4304,10.0124,8.3387,7.2133,2.6664,6.4063
"DST",9.8668,18.0903,30.4291,19.5563,11.4174,12.9874,3.5746,24.5714,15.8401,15.2938
"TIAL1",27.2623,22.164,35.223,30.3773,26.3936,35.8254,33.474,27.6482,26.5888,22.5704
"BAG3",55.1129,115.5894,72.5095,59.2282,60.2425,62.0852,22.0402,133.2791,46.7846,65.1409
"KCNE4",4.2124,2.9486,8.3345,3.8724,1.2807,4.5114,1.511,7.4311,1.1336,3.5923
"AP1S3",2.4157,2.5269,1.1067,2.5587,2.8581,2.9069,2.8647,1.4507,3.6242,1.9182
"MZT2B",40.7147,46.1782,33.6406,30.9944,48.4892,39.3477,50.143,42.8587,36.4111,52.706
"PTPN14",3.6295,4.0748,14.9463,4.471,1.8769,5.8538,1.0393,8.4141,1.6818,4.9989
"MGAT5",32.7516,58.128,34.0623,46.134,50.5898,21.5893,9.832,45.6703,59.5396,44.1452
"GPATCH11",11.4371,7.6364,14.2098,11.1315,7.3805,13.5855,12.5525,8.7123,10.4736,9.5699
"HSPB8",129.5855,127.7448,405.1953,132.2303,7.8573,359.1404,49.9813,277.3845,6.9702,141.9259
"GEMIN6",7.0642,5.8662,9.1351,5.9911,8.4849,10.4475,13.2489,5.0223,5.4303,6.7792
"OBI1",5.6507,5.5719,11.86,7.2171,5.2574,9.8366,5.9542,5.6143,4.4285,5.0338
"ARL14EP",13.0844,9.3474,22.8195,12.2019,7.4846,25.7449,17.0628,10.7952,6.7839,9.8885
"EPG5",6.1518,4.4669,9.1547,7.3957,5.8017,4.4322,2.3465,8.0453,5.9559,5.6393
"PSTPIP2",6.9367,2.7452,6.4788,5.1743,2.3192,5.927,4.9878,5.0231,5.0967,3.6333
"ATP5F1A",231.0211,240.7402,225.6841,177.7146,320.8004,246.2736,252.0335,250.0966,260.9829,210.7096
"HAUS1",20.9641,21.9014,23.8132,19.8365,24.6986,35.706,57.7496,19.3331,18.0988,20.2918
"C18orf25",8.745,7.2688,11.3109,10.123,7.1293,10.3529,5.9043,9.8761,9.6887,7.7668
"SPC25",4.4844,9.087,6.8972,9.0197,14.0711,11.8253,15.7298,10.4468,14.3834,11.0914
"PDK1",5.429,3.9561,6.3241,6.2364,4.6932,7.1177,7.3993,4.8525,6.0903,4.1031
"PDE3B",10.832,8.9702,28.1018,13.9889,7.6157,15.1896,6.9278,18.2651,8.1788,11.2019
"TCF7L1",12.0145,12.2473,35.1336,14.7903,3.8035,15.5183,6.1039,22.6001,4.6316,16.8451
"TGOLN2",183.828,207.4113,222.2218,226.4739,222.8985,131.0907,82.6719,215.3314,257.9582,167.0253
"UHMK1",33.608,34.2151,43.7792,41.6719,36.4682,40.7139,31.5322,36.9036,45.9254,29.9285
"ATG10",5.8195,2.4283,5.0198,3.8737,2.9453,6.72,5.5516,3.4703,2.9687,3.1
"POC5",6.1162,4.4626,8.8067,7.1248,6.7629,8.6942,10.3463,4.9132,5.9864,6.1519
"SPOCK1",8.8658,8.0078,31.287,7.2534,1.1926,8.4774,1.4969,12.7114,1.0991,6.6105
"TADA1",15.7925,12.3777,25.8479,12.0266,15.1827,25.9029,27.2246,12.1736,13.2793,12.3351
"CWF19L2",11.9926,7.4437,22.7704,12.4952,8.474,20.0244,10.0888,12.5486,7.7004,11.1425
"JMY",9.6107,11.5236,35.4558,12.2567,4.8142,15.8861,2.8423,20.4185,4.4167,10.2658
"HOMER1",1.158,2.8601,2.3188,1.2532,0.7118,2.5411,0.939,3.6442,1.0311,1.4454
"XRCC4",7.9385,7.6197,11.3071,8.1353,7.3027,14.1659,12.064,7.7929,11.4594,9.2396
"SUV39H2",4.4585,5.1983,6.1541,4.4162,6.9363,8.024,6.0991,5.5527,5.6901,4.7202
"DCLRE1C",3.2291,3.4156,5.518,5.4895,4.1598,4.3804,4.6995,2.8087,4.6178,3.5894
"RPP38",10.1359,10.0422,11.7937,10.6163,12.3645,13.255,12.2619,9.0774,12.8917,10.3772
"NMT2",12.228,10.4148,18.2968,13.948,9.603,17.5292,11.9568,12.2219,13.0676,11.313
"USP12",39.7372,42.5861,80.8657,56.1418,32.6853,67.2228,26.719,63.959,46.4764,40.8006
"TRIM36",5.497,4.8623,8.7779,12.6397,13.6654,6.2288,8.1154,5.2658,14.9561,9.5981
"ZFP36L2",473.5702,205.8854,171.4403,304.2524,181.464,203.4493,84.8326,196.9385,138.6083,262.356
"PAN3",18.4863,14.2279,25.6021,21.1091,14.7401,17.4155,9.476,19.4566,15.2938,12.8315
"PFKM",23.1447,21.6547,43.9531,20.771,19.2895,31.3146,12.3322,40.102,16.2283,23.5938
"SPARCL1",313.9106,341.0783,1240.6664,414.7957,78.1056,840.4518,222.6637,621.0185,171.7631,380.8521
"MBNL1",61.9239,73.7251,155.3359,82.7719,49.8176,101.0209,46.932,95.9542,52.4978,68.7231
"NADK2",14.6584,15.5011,29.4382,15.5314,14.3519,22.7077,12.3988,18.6702,13.5567,11.8882
"GPD1L",73.9805,85.9974,87.4626,85.9457,103.2575,80.8059,59.431,86.2388,129.5111,81.9831
"GJA1",38.4741,33.987,41.762,28.8668,19.2485,39.4344,21.537,52.3207,29.0113,38.4821
"CCNO",1.3491,0.2446,0.3684,0.2602,0.8846,1.2943,1.2594,0.579,6.4778,0.416
"SLC30A6",20.029,21.6129,24.3994,17.3075,23.7058,24.4744,18.6004,21.3672,20.8715,16.3347
"PELO",11.4917,14.9423,21.7083,10.7022,9.9304,18.498,10.1611,19.9436,8.5021,15.1396
"RASGRP3",3.2323,3.1221,3.2317,6.111,1.6885,2.1997,2.5717,2.8018,2.3958,4.3844
"SAR1B",13.8753,20.4078,20.0131,19.6031,21.9087,24.991,30.6587,19.8225,22.389,15.6988
"GPR180",4.1287,3.8193,7.0381,4.7907,4.675,8.5514,6.626,4.7066,4.8075,3.5849
"ANKRD22",13.5425,38.6651,9.9765,10.6912,33.7367,14.3594,25.006,30.1806,25.4872,16.7324
"FARP1",4.0508,4.9843,7.0417,3.9481,3.2415,3.9454,1.6704,7.0354,2.6331,4.861
"IFIT5",13.1374,11.2552,31.8778,15.2191,10.9521,34.8837,12.6361,12.2962,14.3569,13.3499
"PANK1",19.4757,6.8617,16.7436,11.2135,14.9992,8.2515,8.002,9.6946,26.9108,10.6508
"HNRNPDL",68.7776,127.4742,121.7287,100.3375,79.2301,135.0964,47.3328,135.7338,82.4219,91.5108
"HHEX",10.0796,6.1479,13.7736,10.8423,4.3027,15.9838,7.0706,5.9812,4.9642,11.7687
"UTRN",17.4452,15.2165,31.9734,18.0121,18.5103,15.2612,7.0856,26.9899,16.4565,14.2654
"PTPRK",45.7387,51.0615,53.0312,39.9236,52.6038,31.5083,23.3158,54.7886,57.017,40.857
"GGPS1",10.0443,7.1933,15.8155,9.4532,8.5467,14.8367,11.6952,9.7409,8.6956,7.467
"ZNF117",1.9625,0.5908,4.4446,2.9441,0.7228,2.1528,1.5867,1.5342,1.3707,0.9122
"MARVELD2",16.1109,16.585,16.3883,19.2182,37.2953,14.1001,16.381,15.2592,28.6771,18.3253
"RAD17",19.9414,13.1504,25.2326,23.9625,16.0127,25.6293,14.871,16.7606,15.7372,15.6506
"MED21",22.8489,18.8744,33.3739,20.8025,18.6006,45.6549,42.7637,22.792,17.4752,19.2575
"PLOD2",32.901,21.6543,54.4567,90.9784,37.3757,35.4274,35.71,38.5137,106.5165,43.9529
"ADGRA3",24.2039,21.9543,35.5743,22.2952,32.29,23.9069,15.4469,30.3422,25.4032,25.199
"SREK1IP1",10.827,8.8374,16.6403,10.7027,7.5428,19.5545,15.7889,9.6473,9.6379,8.0723
"LGI2",2.1334,3.4991,5.9113,3.0271,0.6506,2.6139,1.1329,4.425,0.61,2.6783
"CWC27",19.478,16.2847,26.6122,16.998,19.4534,25.5008,16.6125,21.0749,16.1581,16.3706
"MR1",8.2781,4.9987,11.5,6.5917,3.2103,9.7026,5.5384,6.6529,2.6108,5.2016
"SRP19",2.3542,2.06,3.3725,2.6931,2.1595,4.0615,2.4078,2.6673,2.2904,1.9927
"CENPH",7.8551,9.1931,10.1799,9.7133,10.7807,14.4697,10.3111,9.9987,10.1817,9.7047
"CDYL",29.7376,27.4694,30.578,23.9262,26.4388,29.7545,17.2918,26.5456,27.7213,24.3044
"TXNDC11",72.6914,66.1009,43.0937,57.6615,63.8776,55.8162,52.8861,61.8577,67.8206,61.4392
"DAB2",42.2099,51.2281,43.3435,33.8038,36.7471,29.2024,20.0666,38.7449,24.6433,28.3678
"BCL2L11",17.045,13.3308,13.4593,19.5678,17.3997,12.2059,9.82,14.6795,16.0596,19.2251
"ANAPC1",4.255,6.0717,5.6349,3.4475,6.2663,3.4038,1.9815,6.249,4.8447,3.5842
"CAST",67.6499,95.5803,105.1381,71.7659,92.665,76.5744,49.5349,84.6122,97.2707,68.0974
"SCOC",41.9188,26.1618,51.7632,38.6578,29.752,85.0224,106.4812,33.276,43.0814,27.4659
"CETN3",18.2672,8.1969,19.1406,15.212,9.7739,23.708,28.8973,12.2815,9.9753,11.6601
"SMARCA5",35.0026,41.588,58.0844,39.1717,39.6805,42.4532,21.1174,46.2558,32.6642,34.4525
"BMP6",5.3582,5.571,6.3535,3.424,3.4768,3.6261,2.5927,7.2036,5.277,6.6979
"RASSF3",99.7371,114.6759,194.4232,89.4141,62.0426,183.7777,56.0988,126.8118,60.4612,102.446
"HNRNPU",40.3847,61.2845,61.2833,46.5083,70.4486,34.9866,16.811,59.613,50.6082,52.6527
"RANBP2",17.1814,34.0427,35.1041,24.7625,31.7199,17.9007,6.9961,42.9575,23.8121,22.244
"AHCTF1",8.4933,11.253,15.9465,10.6557,10.2506,10.6988,4.4844,13.9519,10.001,10.6212
"MERTK",9.5491,6.562,9.3973,9.2761,3.7702,7.9522,7.4671,11.7504,6.2393,6.9547
"PTPRR",11.0444,4.902,14.0831,23.0458,17.3205,11.0349,16.9114,8.0701,22.4328,11.3547
"NR4A2",80.6897,13.7204,4.152,48.5275,3.8165,15.7273,2.0575,89.3231,4.5388,54.1975
"PLA2R1",3.2698,1.9702,7.837,3.457,1.9691,3.4517,1.9159,3.9795,2.1767,2.2983
"RBMS1",9.7449,9.4,24.2387,10.6617,2.7436,15.5859,4.7841,18.4293,3.6666,9.541
"CD96",5.5194,4.7989,4.082,6.0976,3.1179,3.4616,3.3493,5.7533,1.5366,5.3722
"FRMD1",9.7303,15.2765,6.6475,16.0055,15.254,3.2767,6.794,12.7917,13.379,11.824
"CYRIB",18.6771,20.3979,15.8862,20.2345,15.4424,25.3397,24.3543,16.0722,18.3172,16.2735
"ASAP1",8.1692,9.6033,15.2209,11.3166,6.0149,8.0475,3.3968,13.9374,7.4041,11.1714
"TRAPPC8",18.1665,16.4587,25.323,18.9591,18.0148,23.2109,17.3401,19.2254,21.468,16.2185
"INO80C",6.8086,11.7964,7.1538,7.3057,9.7772,9.8564,9.0425,12.541,12.73,8.3945
"LPCAT1",15.2792,18.345,17.7321,21.4178,11.7387,11.6612,7.5453,18.85,11.9806,15.4098
"NMRAL1",22.6102,20.9176,17.8719,17.1891,26.0601,25.1091,23.7731,24.7423,22.405,22.955
"ING1",8.9964,8.4099,9.5419,9.0375,7.6912,11.7434,7.7464,14.0553,8.8563,9.5731
"ADPRHL1",1.5343,1.8666,3.1799,1.7377,1.6043,1.9018,1.596,6.6524,0.943,1.7105
"CMTM7",9.1518,7.2149,4.8358,9.8915,2.9526,5.9328,3.7916,6.4811,5.8939,7.5266
"FBXL2",1.113,1.0976,3.5757,1.2614,0.2952,2.1703,0.8759,1.8557,0.4665,1.1682
"UBP1",30.4931,30.5051,47.1772,33.8902,38.6039,40.5796,22.1963,38.1835,32.8077,31.8914
"RMND5A",48.8788,51.011,79.1083,63.2622,77.1286,53.2076,32.5303,51.4246,60.9873,54.6218
"CD8A",12.1469,10.0139,4.9769,16.8742,6.2204,13.2974,4.631,15.745,3.8463,15.2875
"RPIA",57.1816,56.7608,42.6058,48.2802,86.2576,58.0235,43.7302,58.8843,52.3158,46.3798
"PTPRD",9.5536,6.5154,9.1511,9.2025,10.6124,5.9398,6.3875,12.7193,14.223,7.5782
"GTF2E1",10.7027,9.3279,16.2754,10.3046,9.1328,15.7343,14.1432,8.5126,8.3001,10.1552
"CFDP1",39.7162,43.9605,40.6495,48.8564,46.3306,49.3255,43.8886,36.7724,56.1679,44.5762
"JAZF1",13.7828,12.2336,54.8309,18.5226,3.101,34.4459,7.068,23.2325,5.1176,16.5354
"CMIP",28.4587,34.7664,25.9753,25.7001,28.979,17.8089,10.0308,45.2486,30.0751,25.5556
"TRIP12",31.2705,48.3612,50.877,38.6526,44.8128,31.3862,14.0131,45.9686,37.6149,38.3024
"FBXO36",2.4345,1.7857,2.9354,1.6189,1.4811,4.4102,2.2963,2.5026,1.9234,1.3443
"CEBPG",58.9444,95.9487,64.3229,75.1616,106.1398,83.37,63.2828,78.4927,106.6086,76.7915
"KCTD15",11.0133,14.1727,26.4309,13.054,6.9001,18.1547,6.1745,22.1475,3.7833,15.7652
"MCOLN2",23.8734,37.5647,12.323,15.8011,45.7134,31.3059,50.9213,17.9607,41.4609,13.767
"LGI4",10.4765,11.4354,31.1435,13.397,3.3479,17.8922,4.5198,24.6775,5.2278,12.2099
"DDAH1",89.404,91.2894,93.2867,71.9786,143.7521,71.0825,53.298,99.4188,118.4518,86.5936
"SREK1",8.7671,5.2896,12.444,9.635,6.6995,8.2622,5.3752,7.359,9.2228,5.9712
"CHD1",10.1965,14.6686,16.161,15.8961,11.9179,10.8739,5.7523,18.5076,13.5477,11.9559
"DGKE",3.1382,3.4849,5.012,3.8544,2.2019,5.4921,2.8458,3.9727,3.3073,2.9388
"HS2ST1",12.952,11.3908,19.3881,13.7856,12.8928,15.7319,8.7482,14.2977,17.7876,10.5378
"MSI2",9.1111,8.2151,9.7215,7.3169,7.6831,8.1222,4.6541,8.6002,9.0108,5.5405
"CACNA2D1",7.1805,6.5097,34.6576,10.1399,1.0736,19.4041,3.7758,18.3593,1.7983,6.9081
"ZUP1",8.8998,9.0565,10.1876,10.0401,8.804,12.2587,10.2829,9.2267,10.949,7.3852
"GDPD1",3.2548,0.7056,4.0649,2.6181,1.7547,2.7736,6.0988,2.1101,1.8023,1.3587
"NUS1",22.179,23.3944,27.0657,20.3086,24.438,31.7942,20.7053,24.1578,21.9905,17.8017
"PPP2R5E",23.0977,22.0112,31.6523,23.1958,26.0204,23.6346,13.707,25.4673,24.4773,20.2675
"IMPACT",27.3551,17.0926,35.643,16.6782,16.466,33.5673,20.6479,22.5401,15.4884,15.3401
"ANKRD29",2.3975,1.1999,4.5158,3.146,0.4041,4.941,1.1673,2.3507,1.0496,1.5847
"SDHAF4",24.4812,9.8456,21.3933,17.0013,16.1051,40.968,79.8703,14.5554,15.6276,13.5499
"THY1",19.8533,17.4075,27.4638,12.6203,6.4646,19.1107,7.9644,27.1778,10.2436,15.1564
"C16orf74",1.7752,1.0226,1.2574,2.5559,0.8586,1.7061,2.5835,1.626,0.9083,1.6094
"TBCEL",6.2119,4.6897,13.686,5.6979,3.0232,9.3534,3.3995,7.1703,3.7926,5.1398
"ANKH",16.8301,30.2035,24.4969,21.3318,32.3303,19.0155,11.185,29.7894,23.3065,24.0792
"OTULIN",5.7969,6.6488,7.509,7.0311,6.2426,6.545,4.3168,7.3893,6.2283,6.6344
"UBASH3B",2.2733,2.9737,2.682,2.5799,1.2641,2.2139,1.5382,3.159,1.1492,2.4934
"ROBO4",5.1174,4.9169,9.4313,3.7437,3.0753,4.2391,1.6122,8.0592,4.1415,6.1209
"ROBO3",2.4009,1.8179,4.3474,1.5538,2.5655,2.021,1.5763,3.0782,0.7945,2.8024
"TBRG1",9.0353,9.44,10.8086,11.0545,9.6097,11.3763,9.6725,10.0309,10.0225,7.9863
"NRGN",8.3576,13.5704,6.7825,9.0668,16.2293,11.1841,9.8369,13.6576,11.8237,12.4259
"RETREG1",116.0618,67.5255,39.343,66.3085,56.0982,100.0245,117.1686,54.8406,82.6557,59.1557
"GPR15",29.4094,6.8535,25.017,21.5344,16.0524,16.8288,27.6781,36.1145,13.6557,21.495
"TOMM70",54.3145,62.239,92.9615,50.4368,69.9802,79.7809,43.223,62.1115,55.6604,51.4254
"PITPNC1",6.3329,12.5568,4.431,6.7053,7.6883,6.1172,3.5862,6.0314,5.9082,8.2851
"CC2D1B",11.7129,13.984,11.483,13.8275,16.4698,10.0374,6.4021,12.127,17.6801,12.6244
"PRKCA",16.3202,23.2783,46.6433,24.0041,11.5967,19.4515,6.7328,35.8968,15.6492,20.3333
"LRRK1",7.8406,7.1312,9.8046,12.0588,9.4268,3.8603,2.96,8.8754,9.7808,8.0124
"GAL3ST2",39.0498,23.6608,12.7802,14.8894,50.1645,7.261,14.655,31.4948,12.4424,22.0765
"ABCA5",7.4956,4.879,9.2053,11.9709,6.5465,6.2922,6.232,6.6453,12.5741,7.2418
"ENPP3",12.3524,14.5016,10.8002,19.758,20.0835,9.3185,16.9095,17.7383,30.8184,10.5496
"C4orf19",34.0764,30.1017,20.1846,34.2434,33.5891,23.2911,27.8062,42.9232,42.9341,30.1051
"UCHL1",29.7537,31.4701,68.6325,24.609,5.787,56.903,26.5521,58.6125,9.7657,37.4217
"MIA3",19.7303,22.9079,30.4171,25.4805,25.2203,18.4357,9.9158,27.8899,27.0371,20.439
"DISP1",2.7564,3.2724,5.6055,3.5612,1.4187,4.1527,2.2131,4.5942,1.1554,2.983
"TNIK",7.436,9.722,13.0157,10.4163,16.8606,5.7152,2.8432,11.3736,10.2786,8.2604
"FAM167A",2.9361,2.9763,0.8691,4.64,0.8654,1.1515,0.9322,3.6271,0.7376,3.2306
"NEIL2",10.443,9.8438,13.5246,8.1908,12.1678,10.8705,7.5625,12.1708,8.3335,9.0632
"PGM5",64.1187,73.9018,237.0775,74.489,8.4652,211.8727,28.2897,163.4657,9.1421,95.3947
"OBSCN",0.6399,0.514,1.2106,0.95,0.2827,0.5486,0.1927,1.347,0.3264,0.7123
"TRIM11",5.8458,7.6634,5.0833,6.3898,9.8033,5.078,4.3735,7.7884,8.0657,8.0091
"ENAH",17.8357,19.7518,47.9307,18.8973,11.5154,29.573,8.8172,24.4097,9.2701,19.1906
"SH3RF1",46.9776,56.5155,33.1941,37.2376,52.9026,39.6249,26.4942,46.893,61.0941,36.5349
"GBP5",3.2282,1.5976,2.3462,3.8946,0.6191,2.9607,2.1736,2.119,0.7979,1.7115
"BUB3",26.5032,27.1117,34.8209,27.7081,34.0364,38.8224,34.8844,30.6048,30.6001,26.1976
"ATP5MC3",361.4597,307.2892,225.2023,218.3429,423.0594,383.7345,586.009,303.2055,361.4605,272.3435
"PDLIM3",27.6595,28.8124,87.6907,25.7281,4.7472,67.5518,28.2608,44.6065,4.2732,30.8726
"SORBS2",19.8686,25.6231,70.2446,30.7926,4.7061,56.2134,10.8546,45.6037,4.3634,25.498
"ELOC",20.1028,21.298,22.7514,18.0612,16.7187,35.3042,34.2467,19.0518,17.5211,18.5174
"LY96",41.9214,19.758,29.1084,27.7598,8.16,77.6602,88.1101,20.4519,17.2936,20.869
"CXADR",32.2279,49.916,28.6796,51.758,59.2912,34.7501,33.1395,29.2554,65.0253,37.6016
"BTG3",31.1543,33.2104,41.3423,33.8064,25.9665,53.4979,50.6095,39.6276,24.5557,28.5874
"RABGEF1",1.3706,2.3649,1.1798,1.7254,0.8554,1.3669,1.4702,1.6261,0.6482,1.1073
"MRPL39",60.1636,63.2857,63.814,43.4758,74.6056,90.3879,97.6383,56.4603,31.061,57.4736
"JAM2",14.9824,11.0271,36.2303,13.7434,7.4844,20.4004,7.3123,25.1605,12.045,15.9534
"ATP5PF",125.6759,118.4932,129.7596,120.7546,134.0098,214.351,293.2922,118.1894,162.5882,134.3397
"GABPA",19.9889,13.9916,35.2472,23.4435,16.0803,29.8907,17.2479,18.0116,21.3483,14.2756
"ADAMTS1",74.2495,46.3377,25.0845,58.557,9.5004,41.9293,5.41,161.62,20.6695,73.6924
"ADAMTS5",2.6711,1.6531,4.9241,2.4145,0.6687,2.9691,1.093,4.1844,1.6797,1.1524
"TSEN2",3.5509,2.8204,5.8394,5.1309,4.0161,4.7194,2.9478,4.7446,4.2227,3.6526
"XPC",13.9007,10.4458,15.6365,11.6503,10.2224,11.3874,5.9198,13.9058,9.4177,10.3215
"CCDC174",17.2057,12.3342,23.2389,16.4808,14.7718,19.1842,15.0998,17.2658,15.2639,15.2417
"FLCN",7.9336,5.209,9.3506,9.4296,6.0792,7.3513,6.0492,6.3876,9.9838,6.7517
"DPH3",21.0558,23.2282,29.5112,22.6357,19.5128,44.8918,38.136,28.2854,25.8286,19.5818
"OXNAD1",9.9213,8.895,7.559,7.8604,11.9821,9.5264,11.1154,9.8823,11.6875,7.7407
"CXXC1",31.8825,25.9659,28.1923,30.0338,35.8195,26.6542,21.4111,30.3308,25.8319,30.3568
"SKA1",2.108,5.1635,3.8772,5.3769,15.133,3.2345,4.7317,3.3035,10.6016,6.5146
"PPP4R1",22.6555,31.9473,30.6697,27.8395,28.2091,28.545,16.2077,32.1439,28.0273,26.333
"APCDD1",14.2955,13.1385,20.6939,8.3233,8.5969,15.4338,8.0057,22.8404,9.0757,12.8677
"MPPE1",7.0552,5.6526,8.1925,8.3859,8.3156,10.4384,9.6014,7.4083,8.3064,6.9048
"RAB6B",2.9111,5.6301,13.1345,5.8347,1.5305,6.9136,1.8174,7.1504,2.5388,6.4704
"EME1",0.5258,0.6287,0.6383,1.0748,1.516,0.5884,0.8654,1.0444,1.4674,0.9246
"EPHB1",1.025,1.3508,16.6326,4.9151,0.0897,9.1582,1.2385,2.8754,0.148,1.7656
"ACSS1",22.6787,12.9588,21.8567,22.8734,22.6291,13.5045,11.3878,18.7574,19.8301,15.9292
"ANKRD40",25.8356,28.0612,58.3562,27.0223,17.2441,43.1977,18.7028,41.1619,16.2217,26.2954
"ZNF18",6.5027,4.7089,8.3829,8.1731,7.7579,6.9267,4.4757,5.6182,8.9699,5.7393
"APOOL",14.6472,11.7119,20.683,12.6263,15.5936,13.1609,8.5401,14.835,15.6233,9.1288
"DKK2",2.8439,5.8428,13.9176,2.259,0.0554,10.7475,0.8869,5.0182,0.1828,2.2624
"CYP2U1",6.5056,4.422,15.2716,6.8967,3.2605,10.8425,4.927,7.5638,4.4572,5.9204
"FBXL18",1.7237,2.401,2.5682,1.985,3.1951,1.1605,0.7341,2.5778,1.9824,2.2811
"AK9",2.1592,0.9886,3.965,2.32,1.5406,2.5948,2.4814,1.6196,1.8283,1.2677
"KLF10",115.3131,103.9899,112.299,151.7813,58.0805,214.021,51.8038,200.8134,61.4249,108.141
"PTPRN2",36.5229,33.7273,28.1301,15.0719,22.4787,26.435,20.8893,31.0962,19.8422,21.8117
"AZIN1",73.1558,92.3045,113.5308,68.3052,77.0702,127.5033,94.3105,98.977,82.7121,67.0406
"ATP6V1C1",23.5955,23.0786,33.8875,25.7233,22.7643,30.7383,17.9916,30.015,26.6792,21.0762
"PIP4P2",12.3274,6.8689,33.5947,13.1064,2.7456,30.9491,11.58,15.8343,3.1773,10.4749
"OTUD6B",6.661,5.9415,12.757,6.9893,6.4471,15.1456,8.5009,7.7723,7.5911,4.6725
"CDK19",13.8138,9.3072,20.9611,19.2731,12.3539,12.7462,7.7259,14.4905,18.6876,11.1204
"GTF3C6",118.0941,151.9771,125.3584,134.7085,189.7143,169.9413,142.5129,134.4195,154.1752,147.4576
"AGPAT5",20.2925,23.6803,20.8597,18.7839,38.3289,23.0725,26.0015,19.6913,22.6305,17.2834
"MMS19",26.8199,19.985,29.678,22.9398,30.0021,19.9487,16.84,25.2842,23.1817,21.7473
"PI4K2A",13.8152,15.9464,15.5593,15.8786,14.0412,15.0083,8.2605,16.6026,16.4568,17.2883
"ZFYVE27",36.9632,30.1384,22.8358,43.8178,42.4119,27.7757,29.6512,31.6025,43.1859,35.8907
"GOLGA7B",0.8548,0.7437,0.8136,0.6374,0.5254,0.7804,0.8995,1.4364,0.5202,0.8134
"TRMT44",2.5761,2.4796,3.4551,2.6237,2.651,2.34,1.8129,2.9769,1.8399,2.8433
"SLC25A28",38.5835,45.4104,54.848,41.7807,40.065,52.3164,27.3492,58.5687,33.7738,43.6078
"HSPA13",26.5329,23.8201,35.3283,19.9341,16.2324,39.1621,27.1673,30.1412,15.9316,18.9049
"USP25",19.1258,15.184,32.2512,18.2087,12.1894,22.4944,11.5412,19.9049,14.6768,15.5456
"GRAMD2B",20.5348,19.9847,21.7901,30.5282,28.4991,17.2202,22.8623,19.7631,33.9168,24.353
"ZCCHC10",30.9962,19.8787,34.3649,31.7034,26.4749,52.4989,75.4344,23.4136,29.8499,23.7215
"C16orf87",2.7886,2.5461,4.1045,3.7998,2.8479,4.7484,2.5539,2.5085,2.7562,2.8971
"MOV10",21.6563,19.7584,19.7742,25.8078,23.3621,13.4225,9.3391,20.7356,29.1438,21.3485
"RHOC",156.022,170.8547,105.763,140.0923,210.1064,190.0215,248.931,116.6889,182.7805,174.7328
"DBI",157.4603,144.1248,119.1398,142.251,281.3542,187.6088,347.118,149.9683,297.8786,171.9933
"SLC16A1",40.2806,40.3166,127.429,187.6717,74.6446,60.6939,36.1477,84.6141,78.2701,68.4209
"HEATR3",12.7283,12.6558,12.0095,10.0159,17.1612,15.3228,13.6553,12.1634,14.8759,10.2131
"NIFK",18.5782,27.5203,26.8797,17.0766,27.2513,36.0706,24.7193,26.6926,18.6137,20.1811
"OXA1L",93.0305,71.1735,89.564,63.388,104.5273,91.0162,79.1413,79.5814,70.3422,71.5178
"SLC7A7",13.9596,7.6271,8.8189,12.5083,5.1749,11.4371,10.0385,8.3349,4.5094,10.1708
"LARP1",54.2809,74.268,72.7273,56.1672,81.9446,39.9351,17.355,74.7368,58.6838,53.8965
"CNOT8",70.289,42.2879,71.9162,56.9999,55.9952,86.4792,100.3378,47.9983,51.8509,49.6873
"SETD9",10.5044,11.2036,9.2391,11.6981,12.9292,5.2901,27.1176,13.0028,11.5745,6.3024
"MIER3",30.4442,58.9137,50.5367,62.127,64.62,52.5823,35.7734,60.9925,64.554,44.7218
"NUP205",18.0686,26.4558,25.7051,18.375,24.7856,15.6854,10.7164,28.5236,19.1104,18.4096
"PIK3AP1",21.8176,24.104,11.5392,28.394,13.0252,16.9817,13.6007,13.0461,20.2136,20.3824
"RBM45",5.3776,5.5164,6.3821,6.692,7.0055,6.8706,4.8498,5.7531,7.8178,5.1468
"VSIG4",53.826,21.9637,41.5729,18.1461,10.8461,65.9248,72.8821,32.6012,11.0723,20.7979
"PDIA4",199.3413,297.9413,146.7104,139.5798,347.9127,128.1996,109.2238,247.3432,319.6449,200.3389
"KDM8",3.252,2.3213,3.474,3.0124,3.4348,2.9268,2.3052,2.327,2.6964,3.0771
"TMEM237",3.1378,3.3192,6.2759,2.3839,2.9574,6.2447,3.8316,4.7205,3.0361,3.0038
"FZD7",33.3068,45.4217,83.0514,43.9402,11.0115,68.2808,13.5878,102.168,8.2339,49.3446
"DEPTOR",31.784,18.313,49.865,22.223,26.7035,56.0681,24.9566,38.9058,18.0375,24.6795
"RNF20",31.7149,25.9727,49.5643,32.8319,33.3097,33.0772,16.4736,36.3801,31.0064,34.8524
"PPARGC1B",10.5769,6.6493,14.6244,14.0851,13.3849,7.2415,3.6002,9.8269,11.5639,9.059
"ELMO1",5.664,5.1047,7.1641,8.0839,2.2879,5.0385,2.0642,5.7851,3.0636,6.6398
"SLC26A2",259.1178,108.0932,609.7741,1074.392,503.8057,170.3485,250.8206,451.159,984.1365,568.8571
"LSM11",5.9423,4.9081,10.4818,6.3204,3.6192,8.5938,3.523,6.8025,3.8008,4.4725
"MED7",14.4242,10.8074,20.9434,18.9679,13.5259,24.4908,25.4319,11.9166,14.5004,13.4625
"RRAGA",138.3029,177.7961,194.7179,130.0705,157.5579,209.4875,124.7447,177.0581,134.0959,156.373
"PXYLP1",2.9628,2.0614,3.22,2.151,3.0192,2.4111,2.1015,2.6419,2.3339,2.1432
"RASA2",10.6291,13.9657,16.0942,15.9048,8.4934,12.9911,7.968,15.1439,10.6837,9.2338
"RMND1",12.1104,7.3625,13.0618,9.1849,11.0992,13.5548,13.8502,7.2043,13.6202,7.0697
"RAET1L",0,3.4322,0,0.2239,2.8538,0.288,0.0985,0.3539,0,1.1888
"SLA",8.086,6.6632,4.6006,6.8078,1.6345,6.0539,5.1414,8.2103,2.6868,5.299
"TMBIM4",19.1978,8.1376,14.8047,20.0658,21.2627,32.6426,22.1448,9.1989,27.0641,14.586
"VBP1",63.6272,67.1652,82.2157,59.7062,68.8183,128.6188,114.6805,70.0735,66.8727,59.3296
"CLIC2",20.9873,12.9197,30.1278,14.27,5.9681,37.7781,26.2359,19.3264,12.4438,17.7575
"GRIP1",2.0936,1.5841,4.2715,1.9491,1.0889,1.9587,1.0796,2.9405,1.2181,1.8935
"VPS37A",15.3529,12.3409,22.1418,13.7313,11.4432,22.5903,14.4055,16.1159,12.8405,11.4985
"NAT2",27.91,18.8845,20.1323,35.1143,36.8427,33.4821,42.9209,20.6772,31.4487,30.8105
"CARNMT1",14.1148,12.1339,17.395,13.3537,18.1545,17.3302,11.0255,12.6635,16.3388,9.5878
"MCU",56.8213,67.9531,50.5567,51.0002,84.3786,53.4254,60.1627,54.3883,92.7508,55.9344
"MIDEAS",12.1994,21.1588,20.1823,20.6031,17.0068,11.0614,4.459,21.3615,16.3307,18.0879
"GNA14",11.2091,21.7561,9.4888,8.5901,13.9868,9.8885,5.7665,10.698,11.3239,12.9046
"GNAQ",58.7693,60.8758,95.5042,60.2565,61.7612,61.2544,31.1579,76.1895,83.6482,54.0692
"ADK",16.1099,12.4599,21.9212,12.9214,13.3902,23.0334,26.7409,15.34,18.2361,12.3783
"BATF",7.7404,8.5829,2.9552,15.91,2.0179,5.3463,6.7147,5.0191,1.9639,9.7897
"DCK",30.2411,21.7498,33.9965,40.8081,20.5492,52.5887,48.2168,19.0359,30.8987,25.7677
"NDUFAF6",5.084,4.5611,6.6101,5.8941,5.4217,7.5185,9.1624,4.5878,5.5441,4.3855
"DRAM2",60.1119,40.9327,53.6273,52.5587,45.4358,71.9691,88.5812,36.9457,51.006,38.9137
"C8orf37",2.4252,1.1765,4.1328,2.1426,1.0782,3.4815,2.342,1.9967,1.3523,1.4218
"WHAMM",9.4469,8.1572,12.4014,11.3662,12.6528,9.851,7.518,10.187,11.8169,10.0255
"CXCL13",57.138,75.3267,22.8693,253.2542,7.4489,31.1495,37.5227,20.7129,16.7226,118.2069
"N6AMT1",6.8483,3.7546,7.159,5.0168,4.0564,6.0073,6.6903,3.9166,2.9317,4.573
"RWDD2B",16.2772,8.9784,24.2813,12.9377,11.5879,21.3029,22.4762,11.0183,7.532,12.2894
"USP16",28.2811,29.6553,41.0991,28.589,28.1901,43.1174,27.8246,30.006,29.8084,21.9383
"CCT8",98.5327,133.5201,125.1222,93.0505,131.3265,138.3368,97.5998,121.969,117.2568,99.0811
"BACH1",13.9686,24.8667,28.8096,18.2082,13.673,21.1045,9.4601,28.5978,15.887,14.8001
"TSPAN7",59.0065,53.2805,66.3043,74.6878,102.0116,55.4366,47.3146,56.6759,106.5863,75.6358
"SCAF4",20.2598,27.2828,25.0978,24.7903,29.0243,13.6963,8.4069,30.6043,25.6793,23.1191
"RPGR",3.3402,2.9225,3.5218,3.2085,2.7058,3.608,1.8559,3.1474,4.4559,2.4642
"CDK20",5.2483,2.8372,7.9809,4.6168,3.865,5.6446,3.4609,5.9056,3.542,4.5697
"PCGF6",7.3164,7.3083,13.9187,7.5128,5.938,17.7568,9.6306,9.8714,6.0325,6.1434
"ANKRD9",19.2594,26.6898,18.0975,38.2392,45.224,12.7016,11.266,33.6165,44.2913,34.1379
"SFR1",10.8241,8.6741,14.0752,8.6054,8.93,20.236,22.4259,8.208,10.8013,8.0334
"ATP5MPL",74.0958,66.2542,59.1577,59.8439,95.6505,110.505,181.1476,66.1493,86.0834,72.7799
"FUT6",20.189,21.628,14.9538,26.171,56.8844,15.5828,15.1349,20.4397,39.3576,28.6732
"FGF18",0.5864,0.4784,0.732,0.5655,0.5047,0.6984,0.2322,0.9272,0.5552,0.4392
"UQCRB",40.0635,31.1561,47.8977,36.6361,35.4702,65.9856,55.4837,37.1341,36.6635,36.7557
"MTERF3",16.6041,13.3855,20.2013,17.567,18.7155,29.5709,25.9124,12.931,12.0112,13.7573
"PTDSS1",33.12,42.711,37.7148,27.6502,52.8024,34.4709,28.424,38.96,31.1869,31.9531
"RPL30",216.7436,185.6026,176.0172,109.0161,136.8436,236.9782,271.8109,208.1174,93.5678,183.1055
"SUPV3L1",18.1712,19.0395,19.4955,18.3879,25.6507,20.0821,13.642,20.4495,18.9721,17.4715
"FAM122B",19.3641,19.0624,24.8875,25.0241,20.6168,20.6302,13.4115,22.7988,21.1231,16.3388
"EEF1A1",2375.2247,1509.0601,2413.2296,1125.4252,1445.0758,3329.2495,4748.9857,1778.9803,1051.9986,1339.3489
"HKDC1",6.7434,7.7078,8.3989,16.4642,10.9492,5.4704,6.4202,6.8809,33.0614,13.6778
"HK1",55.137,97.7531,94.0862,53.2796,82.3955,69.1078,24.4282,95.2936,57.3418,70.0251
"TYSND1",15.7869,11.1692,12.7595,11.4436,21.7891,13.6891,15.4787,9.587,13.8037,13.0247
"PHF6",10.1157,7.1939,12.9475,10.8586,8.9549,9.8984,7.2813,8.4013,10.4762,7.9403
"CD109",5.3433,5.8897,29.7547,5.429,2.7144,9.4148,1.8297,13.5163,2.7298,5.2452
"UBE2L6",71.7213,41.048,84.7192,51.2543,26.6621,88.4241,72.6233,54.6485,44.0385,56.3499
"ZDHHC5",79.8436,100.5312,73.2959,69.7874,125.9688,71.9618,46.7721,94.1476,101.9845,75.0582
"MED19",18.7816,16.2949,15.3411,12.6417,21.7436,20.1548,33.7984,15.5656,14.8599,14.3828
"NPTN",139.7033,148.882,240.3682,127.7338,138.0076,208.3198,133.5502,166.3475,167.7726,139.7491
"KAT6B",3.7688,2.8646,6.8078,4.3976,2.9848,3.9888,1.2424,4.6829,2.9457,3.517
"RAB11FIP1",44.8824,59.2796,38.6172,52.7818,75.9258,24.314,18.5615,54.8301,71.958,43.3656
"UTP14A",11.1435,17.6566,16.037,9.7317,21.652,14.5673,9.7643,14.8801,10.1205,12.6299
"AIFM1",14.6193,16.3655,12.7847,14.2752,24.1432,10.6702,8.5723,17.8248,21.6254,14.1624
"MAPK13",82.6005,60.5204,50.944,65.3692,103.4979,56.6037,89.5585,79.6189,111.2313,75.2263
"BAG4",11.3137,7.4311,17.4311,10.7143,8.946,18.2641,13.8259,7.4732,8.3869,8.8446
"TBC1D31",2.0297,1.7085,2.4528,2.5375,2.5767,2.1071,2.1945,2.4469,2.568,2.0146
"NTAQ1",5.4571,4.126,5.8605,3.5609,3.6043,7.392,7.4238,4.0913,4.8228,3.7282
"ATAD2",7.2182,10.6349,9.6563,9.6654,11.4222,5.9724,6.2929,10.0341,10.7697,8.8697
"FBXO32",82.5363,113.0209,329.0016,108.4755,32.1464,182.2044,21.8009,200.4063,29.9703,132.7983
"NSMCE2",17.3389,15.4985,19.9575,11.4844,12.7462,31.076,41.0462,13.6436,12.001,14.0652
"ZNF689",8.6538,8.2418,11.0478,8.7057,8.7908,10.5796,7.1992,11.2801,7.1585,7.9747
"PRR14",26.9741,19.2282,26.5449,25.3164,29.8755,21.9754,17.1713,25.6769,22.0411,25.9053
"FBRS",37.0037,40.4762,36.9886,41.1938,44.0815,24.4364,13.7101,52.2831,37.719,40.5564
"FRRS1",5.1156,4.4455,5.1515,7.1451,5.8293,4.0001,6.0956,3.0441,8.646,6.2847
"PHKG2",6.812,7.916,5.2753,6.6816,10.4035,6.3894,6.8539,7.0562,7.3565,7.0677
"SASS6",3.3219,3.5961,7.3876,6.1826,4.6903,4.6255,3.0875,4.3175,6.4237,3.3529
"MALSU1",11.7478,13.0604,12.658,9.8625,14.9142,17.647,16.1618,13.8596,10.4812,12.5987
"VPS8",10.0256,8.867,13.1485,10.0501,11.1909,9.7668,6.7275,11.8919,10.3195,8.6048
"GALK2",7.7841,6.7613,7.7682,4.8831,7.8401,7.3795,6.5541,7.2297,8.7084,5.9119
"MPV17L",4.4402,6.2886,6.9944,3.8341,5.7823,10.135,7.5751,6.4884,8.6857,4.1127
"BUB1B",3.7326,7.8644,5.6327,8.1523,13.2975,5.6452,5.5997,6.0602,12.7655,7.6798
"PDE6D",18.0576,14.2151,19.584,15.8447,15.0302,26.7098,23.6147,19.0986,15.4885,15.6647
"EIF4A2",204.2233,96.5497,324.4802,175.4927,115.4868,356.8898,344.5354,179.0339,162.1093,133.602
"BRPF1",11.435,12.9985,12.8749,11.9187,12.2262,10.3209,5.1845,13.9894,9.0165,12.1789
"RPUSD3",12.4597,10.1672,10.2387,10.0711,16.9956,13.1763,15.2214,11.045,11.0383,11.2059
"SST",511.1149,517.5255,68.8236,32.3901,55.8462,138.9512,249.6526,123.6457,19.4506,219.4002
"TATDN2",8.6217,15.4954,11.0575,10.8694,15.2266,7.4711,4.5447,12.3298,11.2913,12.497
"SEC13",60.4506,69.9179,42.9201,38.4905,77.6809,62.4351,78.279,53.9126,66.7341,55.6099
"EXOG",2.7322,2.8479,5.493,3.0267,2.9283,3.7405,2.5921,3.3798,2.5726,3.4721
"NTAN1",16.7413,12.5285,20.2509,14.325,14.1915,22.8906,19.4056,15.0755,14.8894,14.7023
"ZFYVE9",11.543,11.1193,16.5289,10.6924,9.2418,11.062,5.5359,14.1431,8.7833,9.5923
"SMG1",10.1003,9.5348,17.9196,16.2595,10.7934,7.6969,5.0047,13.2245,12.9666,8.6837
"FCHO2",33.1255,29.9851,42.8213,30.0471,30.4378,45.1687,34.7676,27.4633,29.765,19.9515
"RBPMS",18.1115,24.2573,69.4491,26.9503,4.8479,40.8265,7.9974,44.9841,5.1406,36.5172
"TIMP4",10.1119,9.4281,10.8716,4.1639,3.9007,14.6733,15.712,6.2947,5.6409,7.5223
"ODR4",22.864,18.5908,26.1694,19.8078,23.7305,24.2861,22.9159,21.8836,25.0964,15.1193
"CPT2",10.2402,7.9,7.466,9.8557,13.2447,7.0153,7.3787,9.2543,12.6056,8.5084
"NECAP2",43.2605,33.5656,31.8371,39.2776,36.9655,42.8268,58.2294,32.0839,29.0062,36.3578
"LRP8",0.3574,1.3499,0.2928,0.4328,0.7592,0.2444,0.0775,0.7185,0.8863,0.3858
"PAXIP1",4.3825,4.6174,5.0602,3.8275,5.0033,3.4986,1.821,4.6572,4.1244,3.3691
"STEAP2",5.4274,3.2152,8.8897,9.2433,7.8355,7.8411,4.5232,8.6677,8.0783,4.7475
"SSBP3",60.3,47.035,76.3556,63.9725,60.4988,51.1075,27.381,62.0219,59.4554,62.758
"CLDN12",28.8362,38.9066,24.4478,23.4364,40.2058,37.2468,33.6886,19.7497,45.1711,18.6375
"MMP14",99.2018,80.6859,110.3399,90.8068,65.4741,67.6618,44.5354,129.2231,39.3882,84.5141
"FZD1",12.9982,14.5112,26.2147,13.1667,14.7165,17.0021,7.029,20.0153,14.3213,20.5306
"GATAD1",16.9705,12.2757,28.1438,22.2527,13.6991,22.142,16.2038,18.1496,16.4429,14.1326
"DHRS4",14.3124,30.5502,16.7824,15.9249,41.5596,20.8449,16.2268,15.3609,28.0292,19.695
"DDX19B",8.4277,9.7618,10.6905,8.2515,9.0102,10.3014,6.6067,10.6095,8.6442,8.9912
"ST3GAL2",7.439,7.1871,10.3467,8.0469,3.311,7.5175,4.5849,9.3963,3.716,7.7388
"FCSK",13.6465,12.5131,9.7216,8.9903,18.9245,8.0834,9.4058,11.0088,13.0073,10.101
"IL34",8.9203,6.3016,11.0122,7.3541,3.6984,11.0745,5.0467,14.2455,3.7969,7.952
"CACNA1D",1.5163,1.0103,1.1103,0.8992,1.4041,0.5051,0.4596,1.1146,1.1772,0.5032
"ARSL",19.6607,54.2692,32.6949,17.5569,53.2712,31.8292,52.9318,46.0386,62.6979,43.27
"KIT",18.013,16.8758,32.6019,14.4754,4.5572,30.6992,6.7446,25.6604,4.4156,18.9568
"AASDH",8.2863,4.5067,9.6442,7.3322,4.9934,8.2952,6.6376,6.6758,4.8524,6.1224
"RNF111",12.2086,9.4681,17.6888,13.0326,8.5548,11.2613,7.5319,10.9503,8.1857,9.535
"CCNB2",13.5825,20.0788,14.3778,22.6014,50.858,26.3849,36.167,21.2253,45.2462,28.5937
"MYO1E",34.185,93.7859,31.8341,46.6562,73.1255,22.7944,12.0939,46.1297,52.3077,47.5298
"APPL1",22.4624,19.7958,42.5444,23.653,24.4675,31.1386,16.3344,24.3095,22.3188,20.3288
"AFAP1L1",2.5829,1.6088,4.9131,2.592,1.4548,3.2458,1.1506,4.0615,1.8096,3.3165
"TSC22D3",121.2877,148.3249,51.9595,55.8565,24.4407,70.3159,25.3421,156.2542,77.2101,42.0768
"VPS26C",23.081,22.5906,27.4014,24.9692,28.9144,26.9879,20.2698,23.3715,32.1094,21.2668
"DYRK1A",6.6566,8.597,9.9635,8.7846,7.7074,7.0069,3.1804,9.3841,7.017,8.1913
"ERG",5.0796,3.9289,8.1141,3.378,1.9062,5.2758,2.5705,6.2967,3.8146,4.5137
"ETS2",268.3011,208.334,131.5089,161.2977,179.9239,100.8231,65.5708,389.4628,182.0559,145.1377
"TSPAN18",18.7544,25.3932,76.2437,23.7234,5.2853,22.4805,5.842,43.0893,4.7564,28.8048
"SLC35B2",85.2007,80.8069,64.6045,45.6818,93.1245,78.0136,76.6137,81.4874,61.3319,61.8418
"MX1",7.3613,6.6375,12.668,11.9428,6.0242,16.8341,3.0621,10.9777,14.1813,23.2631
"CREB3L1",164.5063,128.453,76.0301,79.2422,188.6707,76.6158,81.532,125.4344,130.4293,110.0118
"C2CD2",9.2959,6.2832,15.2984,9.1292,5.3845,10.4694,3.865,11.7074,5.4187,7.3673
"TAB3",7.4105,7.1184,9.9101,8.6109,7.2565,7.8125,4.9127,8.7944,9.8433,5.531
"PALM2AKAP2",14.2212,20.3412,35.1728,20.0181,6.0709,18.0902,5.107,29.0746,10.2909,17.9923
"UBN2",3.6415,2.7677,7.408,5.3528,3.842,3.211,1.5742,4.2956,4.4731,3.2708
"BRAF",2.5545,2.9096,4.7008,3.115,2.3584,2.769,1.1429,3.3113,2.5294,2.4694
"ACAN",0.196,0.3065,0.1675,0.1242,0.0352,0.1136,0.1518,0.3152,0.4574,0.2176
"PSMG3",25.7429,31.623,19.4132,25.5805,44.5594,38.7411,58.1256,28.1947,26.4664,27.1043
"WDR19",3.0718,2.1729,7.1272,3.9068,1.4832,5.0721,1.3979,4.2111,1.9871,2.8654
"SLC37A3",16.2868,16.1737,14.5218,11.2054,16.3436,14.16,9.0595,13.4421,14.4288,11.8614
"AP3S2",8.9401,7.1972,13.4394,13.4804,11.2228,8.9632,9.5879,12.2738,10.723,11.2491
"FMNL2",11.4224,11.09,15.4488,9.6596,8.2241,10.8488,5.8788,15.6999,8.2686,7.9776
"GAREM2",5.4099,4.5307,6.5075,3.8159,6.109,2.5962,2.711,4.5072,2.7737,4.2393
"RAB28",26.5155,17.405,29.84,20.6552,17.6841,35.2529,24.8625,23.5689,22.6905,17.3611
"TNFRSF14",34.7652,19.8772,22.225,32.0865,34.5424,25.5039,37.8404,25.6005,32.1337,27.2743
"PANK4",13.1578,12.1338,19.7173,12.936,13.2912,12.5331,9.8285,15.6323,10.1548,16.1003
"C12orf43",7.1935,7.6969,9.4689,6.4778,8.8288,11.0979,7.7626,8.1807,4.6459,6.2211
"PEX10",9.8331,10.2493,8.7256,6.4733,11.4388,9.4288,8.3958,10.7761,7.1026,7.6568
"RER1",59.5402,66.9417,49.9568,55.1096,85.9697,70.4084,78.3386,58.0365,79.4196,60.692
"SKI",32.3628,49.6462,60.3747,34.3407,34.2776,29.4227,10.9404,77.2598,25.9975,54.2744
"WIPI2",24.1249,19.2467,27.1706,23.3206,21.5996,23.6543,16.9138,24.8352,17.3243,22.5253
"LDLRAP1",36.4696,29.0758,23.8277,32.3419,42.5887,28.5059,24.487,25.4937,36.0859,33.6563
"AGAP1",18.4559,17.6581,24.4909,16.182,19.067,12.7258,5.9327,28.0686,17.425,16.1484
"PAFAH2",46.8896,37.3167,39.6245,44.9789,66.9175,42.1619,48.8573,34.4211,64.7897,36.4254
"SLC30A2",0.5704,0.2744,0.2625,0.6056,0.0965,1.8473,0.4377,0.2735,0.7508,0.5187
"BABAM2",23.0087,26.9412,26.1951,20.2313,26.0318,21.8486,11.8431,29.6788,22.683,23.7549
"MRPL17",34.7166,37.7512,31.8827,23.9079,37.9231,52.7396,67.1022,30.0105,32.7632,26.7974
"DUSP2",15.0005,17.6724,2.1799,17.9633,4.6546,6.1085,4.4674,39.0449,2.8343,17.0456
"GRHL3",0.4696,0.204,0.2341,0.1157,0.1967,0.1985,0.1528,0.1626,0.3855,0.1586
"UBXN11",6.3246,3.5896,4.5279,6.0532,5.3486,5.6691,4.7491,5.896,6.0473,5.1904
"PTPDC1",3.7834,2.6095,5.0809,3.4418,2.239,3.8949,2.6021,4.4211,2.9983,2.7799
"NCK1",22.1619,13.6267,26.1465,18.6476,16.0166,32.4015,30.799,12.6702,15.3731,16.0664
"RHPN1",2.3986,1.4595,1.5075,2.3045,3.8559,1.7046,1.3626,1.9734,2.8408,1.7025
"XDH",28.0257,46.8651,22.4313,38.8818,67.7231,19.0608,17.2394,29.7462,154.2563,31.7679
"XKR8",5.9401,4.8077,6.9884,6.5876,6.6368,4.9985,5.3493,4.6185,5.3998,6.2381
"CNNM4",96.6607,123.795,74.489,117.4643,154.8882,59.939,53.9258,128.9514,128.8404,103.8357
"EYA3",8.977,9.4974,11.5405,9.9672,14.4553,5.9855,5.2524,9.2609,11.0889,9.4816
"FANCC",2.7721,3.4615,3.7967,3.2227,4.6969,2.7961,2.4272,4.2561,4.3612,3.7357
"MRAS",7.8556,6.4572,18.7121,8.0047,1.7877,12.1398,3.9829,12.9573,1.4688,9.1722
"WASF2",116.2351,128.6507,165.8185,111.4484,150.494,96.3526,49.6505,161.8235,117.721,126.4887
"COLEC12",12.6336,7.6435,24.6616,13.0181,4.4072,12.7109,5.4708,15.8289,4.0682,12.4354
"RNF207",2.0161,0.7971,2.4395,3.2781,1.2231,0.8463,1.3067,1.8459,1.1895,1.1427
"CUL4B",25.702,20.2829,47.1607,26.1912,19.1727,34.2941,19.8403,29.4485,22.1071,23.5699
"SLC13A3",0.3618,0.3771,0.3623,0.2115,0.1189,0.4993,0.5036,0.542,0.144,0.2216
"GPRASP2",7.3948,6.2517,19.8005,7.277,3.1044,11.1748,3.4187,14.4206,2.9901,8.22
"RHBDL2",39.7851,28.6919,24.2605,25.9093,43.8864,30.3118,33.7784,22.4751,44.5541,30.4853
"AUTS2",5.2178,6.6953,7.1259,6.3896,10.017,3.3984,2.6983,6.7078,7.0683,5.5379
"H2BC5",62.1735,22.2519,35.4738,64.864,61.8518,43.8784,58.3748,27.2847,71.5967,78.1687
"CDC25C",2.2282,2.4498,3.122,3.4979,4.1859,4.5054,6.2755,3.7738,6.6942,4.7165
"H4C8",3.8155,1.8903,5.6631,5.1194,5.8826,4.695,5.4859,2.5938,3.6267,7.3741
"MITD1",9.2657,6.1919,12.146,9.4489,8.0639,14.3338,15.5678,7.844,10.3627,7.0384
"EIF5B",29.3938,52.0668,63.1235,35.5238,61.6901,48.5335,13.0557,46.327,39.9668,34.023
"CNOT11",71.4003,78.2936,67.7312,74.0185,100.8281,68.8283,53.0909,70.1277,101.2915,64.3035
"TSPAN33",11.2855,11.6127,12.3007,18.6721,8.27,13.3302,6.2722,11.9052,5.4996,17.4158
"AHCYL2",166.3728,212.9409,125.99,257.1701,260.1132,115.751,97.3182,197.3753,405.4589,172.363
"B4GALT5",63.9978,144.1632,88.7225,95.9557,94.8099,65.5534,32.7941,99.8943,81.0844,74.9792
"CD1D",7.7134,4.6047,4.341,6.0484,4.5713,6.4557,8.1513,4.6991,6.3442,5.7907
"SPATA2",30.286,30.1942,19.9827,31.2831,38.3919,18.7887,16.8699,29.6406,37.154,26.5611
"CD1C",6.9886,7.5235,7.0001,13.9738,1.0224,6.7934,7.5737,6.1989,1.8495,7.5251
"NCF1",4.1356,4.2353,2.5169,9.3226,1.213,3.1026,2.4649,3.3653,0.9222,5.0256
"TSR2",39.3326,42.9905,51.5602,34.4117,39.6749,46.2542,25.4361,45.54,34.4481,41.8293
"PPP1R9A",5.2018,4.8859,12.5352,5.2085,5.1773,6.1427,2.126,8.3266,4.5799,4.1409
"ZC3H18",16.546,19.0073,18.5074,16.5874,24.0242,13.0341,7.8635,19.3512,15.2891,19.1594
"ZFAND2B",30.7191,32.8787,27.0904,35.381,40.1586,36.8216,42.2555,28.6451,35.7483,33.2528
"GDPD5",1.8978,1.4099,1.9381,2.2739,0.955,1.581,0.9838,2.4474,1.008,1.6885
"TMED4",85.8432,72.3588,81.833,75.9883,85.2908,96.5882,72.8857,83.5991,84.5995,70.4774
"PPP1R15B",57.182,67.0941,51.382,79.6832,62.7875,66.1417,39.6556,86.6143,68.6312,50.9021
"COPG2",8.185,16.896,23.919,14.396,21.7048,17.1188,9.3533,21.1127,15.4686,15.1401
"EMSY",5.0671,4.3668,8.0762,6.2012,5.4482,5.0988,3.4712,6.967,5.0571,4.372
"GPAT4",14.8551,18.0789,17.8129,15.0582,18.7911,11.5516,6.2708,20.8608,15.4006,16.2027
"TAGLN2",512.3641,787.7163,389.8203,400.3215,730.415,478.1864,576.624,669.2374,651.9485,553.3821
"ELK4",5.9548,9.2166,13.0173,11.87,7.2391,6.963,2.4632,11.5227,8.7292,7.6892
"SLC45A3",23.761,25.5309,12.9372,15.7403,41.1046,17.6242,15.3534,20.6383,22.2172,19.7147
"DUSP23",94.0024,92.2664,51.1782,49.369,132.0269,95.238,187.0871,78.4011,73.6813,83.7631
"RNF166",6.9019,5.0831,6.9129,6.144,4.5086,7.7575,4.5738,8.1866,3.3672,6.0617
"NBL1",250.8176,293.7271,215.1184,240.9297,389.9971,236.4541,209.0598,291.7068,304.7281,295.5044
"F11R",70.2299,125.3053,48.1722,84.3188,124.7576,52.8298,38.4695,78.2166,109.3306,84.8784
"USF1",49.0899,37.3698,49.2677,59.1731,50.3377,58.5394,65.4387,40.4216,43.0452,47.1992
"SPATA2L",13.4377,20.6547,8.8524,12.5446,19.4551,9.8944,11.308,23.6978,16.3742,22.2955
"NIT1",27.0025,21.4834,25.323,24.8382,34.1573,25.03,34.9622,24.86,27.4849,22.6392
"DEDD",25.6975,24.677,36.0015,24.1127,26.1436,32.4541,22.2064,25.8546,22.1901,23.092
"ZNF276",3.2591,2.2077,3.1877,4.2332,3.104,2.2666,1.9738,2.804,3.7196,2.7554
"NPM2",1.6298,1.3642,1.3736,0.7668,0.6517,1.3528,1.5102,1.7703,0.7298,0.8257
"CDA",87.4739,117.0137,29.4306,73.3996,307.8235,95.0111,105.7407,114.3132,293.0858,109.9098
"PINK1",21.9038,23.2263,28.4095,23.5042,22.0653,23.8997,14.8683,25.5937,19.5596,25.3874
"B4GALT3",33.7092,27.0276,18.8702,23.5475,30.1791,25.5881,27.1977,25.3759,24.2808,22.2
"DMTN",45.9552,42.3919,64.7639,27.5683,48.8094,37.1403,28.4397,40.8591,33.1976,43.0212
"ADAMTS4",4.1886,4.0526,0.5217,4.3792,0.288,0.6824,0.4296,27.8621,0.5979,2.3667
"FAM160B2",13.9328,13.051,20.3973,17.7794,14.9946,13.2254,6.637,19.5007,13.1364,14.8948
"NDUFS2",51.957,52.3955,45.1519,49.2118,79.2858,41.5312,29.651,52.4172,65.1772,46.1249
"FCER1G",100.6718,60.0401,69.698,50.0889,30.5822,109.1252,113.4633,68.467,21.7002,56.759
"TOMM40L",13.3435,11.5041,16.5827,10.552,18.4707,21.7418,26.0648,14.8767,12.8091,12.9086
"CCAR2",28.9102,44.3229,31.3385,27.277,51.8657,22.4829,14.6804,34.3786,33.0464,36.3242
"CACHD1",3.7725,2.8886,6.3659,3.9906,2.0308,2.9145,1.3311,5.7662,2.3923,3.183
"CDC42SE2",89.6418,88.5789,81.6863,96.1492,101.0596,106.7079,98.7969,79.2174,116.9373,77.128
"RAPGEF6",1.9233,2.5295,3.1581,3.5682,2.3984,1.5945,1.4933,2.7287,2.7163,2.4083
"EPB41",11.4434,10.4457,11.2798,11.096,15.4687,7.8906,4.7911,11.3757,12.5914,8.7705
"MIS18A",20.8406,20.5001,23.42,20.8555,36.9892,25.9015,22.2663,22.715,35.3159,21.9699
"ALG8",21.7336,23.1009,20.0041,17.4476,23.8471,19.6226,21.2105,23.2727,21.3467,19.9964
"FBXW5",143.1804,165.0541,124.1601,120.1967,228.1518,131.7677,123.4638,148.5026,164.996,165.3706
"CFAP298",2.6778,2.683,3.2823,2.7048,3.3325,2.9987,2.4047,2.8115,3.0358,2.7419
"SYNJ1",5.3143,3.7477,10.1369,7.6992,4.3298,3.5482,2.2776,7.3859,4.7865,4.834
"PAXBP1",8.4051,5.4616,11.4619,13.1873,7.6128,9.4814,6.9945,7.4808,8.2609,6.1616
"MRPL10",57.5253,52.3141,79.1414,42.2994,66.3998,82.5572,72.9885,54.2849,49.2417,48.8616
"IFNGR2",90.1679,79.9648,73.5273,120.4397,106.9382,83.4871,112.3919,65.2997,110.7652,79.2344
"GART",19.5204,26.4779,21.8774,18.1543,32.1752,20.083,17.8319,22.1589,18.5445,18.1274
"SON",41.2159,60.1036,69.112,53.862,57.225,36.9613,15.0598,67.3937,52.9851,44.2636
"DONSON",4.2223,6.7906,5.1031,7.402,7.8498,4.9017,3.8517,6.0903,8.9597,5.5132
"SV2A",3.9384,4.1051,10.5051,3.1321,1.1136,4.0818,0.8865,7.5644,1.8212,4.0337
"LAD1",101.5592,234.3976,57.8587,95.726,250.8681,73.4564,76.5761,116.7646,121.7371,138.3935
"TNNI1",1.7198,3.5075,0.5346,1.5218,3.7524,1.1952,0.4934,1.3999,1.4112,1.1526
"CSRP1",316.2179,477.8255,974.7157,301.0961,99.4691,855.5465,224.3699,650.6778,70.6527,466.5382
"PRAC1",623.4594,210.1748,204.6032,249.4526,584.7281,671.3119,2010.3939,227.7876,448.4649,247.4178
"HOXB13",398.5639,170.0449,103.4755,134.521,257.692,216.5704,287.4315,121.8284,268.8737,196.7926
"C1QC",462.6615,295.9154,264.4949,215.1281,136.6555,574.02,546.0968,287.2934,106.6031,316.0281
"ATP5MC1",159.5325,158.3651,89.1761,107.0158,248.1544,163.5511,292.6903,157.4706,190.1421,160.3433
"RCAN1",33.1748,39.9239,33.5646,59.071,42.2028,28.8535,17.4863,96.6839,40.1426,52.4932
"UBE2Z",58.262,67.4641,65.9488,50.0478,69.5483,65.7339,51.2922,62.2642,59.1065,57.1282
"CIART",2.6285,2.2366,2.6311,1.0576,0.691,7.2107,0.8144,4.756,1.0291,6.2326
"SNF8",13.7176,16.892,12.646,11.6273,18.0717,15.1318,12.2627,16.6151,14.7055,16.2038
"CLIC6",5.8786,11.2439,2.2773,10.7815,9.6594,2.9515,3.7079,9.4787,9.4416,7.6791
"RUNX1",5.8356,5.6427,5.2474,5.9638,6.7703,3.3798,1.9537,5.9712,5.4186,5.6908
"CBR1",44.7888,27.1134,60.6686,41.7844,91.2482,69.4846,77.3835,44.2657,40.8482,75.2578
"CBR3",2.5012,1.7026,7.6941,3.4721,2.4056,5.9811,3.7197,1.9623,1.2704,3.4654
"MORC3",16.9574,13.2418,28.8591,21.3361,12.6257,21.9572,11.369,17.1308,14.7768,14.9024
"CHAF1B",2.5552,3.7765,2.9731,2.8632,6.4252,3.1136,2.4937,4.5006,5.1232,4.0555
"SIM2",0.1063,0.0069,0.0119,0.0098,0.0063,0.0202,0.1124,0.0276,0.031,0
"HLCS",5.4435,6.3756,7.6562,4.2752,5.9568,4.2891,2.2687,6.9639,4.8361,4.5931
"ARHGAP27",24.6167,27.5175,14.8176,27.8744,35.7833,14.4916,14.8145,26.8248,37.8256,29.5621
"ADPGK",19.6439,20.2873,15.9831,18.6576,19.2433,20.377,25.1033,18.8744,17.3681,16.7623
"PTMS",644.144,386.3389,750.9175,335.864,290.4153,787.1535,441.3394,521.8483,134.6042,443.7045
"ADIPOR1",118.7921,103.9138,87.8015,84.5483,103.2795,116.5188,93.7175,105.7045,103.4708,84.8813
"CYB5R1",25.4661,20.1885,34.3283,18.7861,19.3663,36.8206,26.575,26.2465,14.8253,21.0838
"PSMD4",108.9867,111.0331,124.0934,91.7859,119.7119,144.3938,112.0853,116.6325,89.4679,111.5925
"ATP13A2",36.5324,54.2723,20.5693,33.9288,54.0112,16.7351,15.2191,35.5478,50.8798,49.5059
"PSMB4",235.8031,224.5181,212.5522,174.1601,234.3136,305.453,343.2422,238.4409,169.4026,224.7655
"BTG2",660.8259,179.1947,146.7521,672.3305,81.7493,528.8727,113.8256,418.9569,57.6254,371.1407
"HK2",110.7538,212.0759,74.5456,132.2136,241.3086,42.4809,26.4466,126.589,301.1812,132.3173
"C1R",134.5446,89.747,160.2688,119.7498,37.813,83.5464,38.0514,145.2325,54.974,115.7082
"ALDH4A1",9.566,9.7223,13.415,7.508,17.7016,9.8183,6.8079,12.7804,13.1555,11.0144
"THEM4",5.4711,4.6693,6.0485,5.5489,4.2637,5.9451,5.1029,6.5388,3.1184,3.5419
"UBR1",11.1349,12.5529,20.3581,12.8153,11.554,12.306,5.7022,16.5962,12.6903,10.8145
"AMFR",51.8096,55.1169,57.8291,55.7812,59.9335,63.0526,38.2217,57.8131,50.402,56.4984
"MED8",29.0703,30.6541,27.3496,26.2425,38.8702,38.1587,40.4997,30.7511,30.9159,30.3335
"GPBP1L1",92.998,62.9081,84.9814,87.4393,87.4969,84.8012,82.6374,72.3542,86.6688,65.3132
"NAE1",26.3226,28.9333,32.6149,25.8068,29.8816,40.3468,32.2732,25.9671,29.2636,23.4493
"TMEM69",47.9531,38.964,57.6559,40.6724,55.8155,59.4773,50.3624,37.8992,49.1116,35.7278
"ADGRG5",3.6647,3.5368,2.1108,6.5561,2.2344,1.5009,1.4365,2.0871,2.1956,4.8043
"ACE",20.0242,12.6893,7.3983,9.5726,20.2564,6.5613,3.4155,11.1805,9.5295,9.4536
"SPON2",19.9263,11.4007,20.6501,12.259,8.536,16.0742,10.9542,22.1708,11.717,17.2321
"CHCHD6",8.6477,7.5114,9.4829,5.1913,9.8573,15.7742,13.5369,9.2534,6.1218,9.2678
"CTBP1",27.9873,30.7399,26.6349,25.3798,32.9687,22.7541,16.8261,28.3502,27.5402,27.383
"ATP6V0D1",58.6701,69.8513,48.8113,70.5445,99.9156,65.5739,73.5969,63.617,117.9736,73.947
"ZFYVE28",5.5544,5.3752,5.3638,8.8558,9.0166,5.0407,4.269,7.2466,11.4505,7.6579
"CARMIL2",2.0831,1.7329,1.0303,5.4201,0.6041,0.6502,0.556,1.5192,0.5816,3.1458
"FAM131B",1.8619,3.9722,20.401,1.933,0.5899,3.7977,1.1444,8.9888,0.5299,3.3476
"RGS12",4.5629,3.8758,5.8483,3.6418,3.4209,3.776,2.1205,5.4564,2.961,4.3081
"PSKH1",43.2377,34.4689,37.9802,30.6937,43.8064,37.1979,26.7949,41.5291,33.4179,34.9683
"ZYX",135.9121,261.4353,288.3984,138.6446,105.5538,180.7174,62.3131,255.1985,69.0517,181.9369
"ABR",48.1517,45.8181,47.7518,45.1573,63.0425,30.1514,19.8988,51.5061,63.9086,44.2035
"CCDC117",25.5896,14.8645,34.7396,23.4902,19.9785,31.1986,22.633,18.3403,16.65,20.2847
"ZNF230",1.3937,1.4189,3.1116,1.8212,1.2067,3.2306,2.2353,1.9279,1.5124,1.5435
"ZNF222",2.6223,1.8841,4.7511,3.2752,1.2958,4.5327,3.3128,3.4386,2.2176,2.4765
"NPR2",8.9278,8.3343,23.5553,9.6458,3.4266,10.7494,2.9342,18.4079,3.9011,9.3958
"GNE",126.4891,149.5334,71.807,51.6599,147.2347,89.5283,53.9739,77.9831,77.7365,75.7531
"ARHGAP35",29.2338,37.5337,48.6345,37.3539,39.5549,23.9301,8.282,42.3485,44.5929,37.3643
"PTGIR",1.5354,1.4947,2.4952,1.4136,0.5051,1.7634,0.6597,2.0768,0.8336,2.0254
"CALM3",210.9952,182.588,188.9035,140.3403,234.3796,204.8286,153.2586,204.4051,207.0645,181.232
"DFFA",17.9014,14.9561,24.8644,15.7935,20.4526,21.2263,15.7095,19.4538,11.7692,14.4142
"CCDC28B",4.2372,3.0936,4.8002,4.1288,1.9692,5.3484,3.0998,4.4226,1.7615,4.0361
"IQCC",2.5854,3.6003,3.5259,2.3856,2.8072,3.9973,4.0641,3.8251,3.1206,2.2215
"ATAD3B",3.0556,11.2611,2.3668,4.4986,10.264,2.1988,2.6737,5.2337,6.2578,3.9288
"SSU72",52.0333,61.864,46.9684,43.4292,70.2287,57.7686,46.9846,55.0018,54.9825,50.313
"UBE2J2",28.2574,35.7809,26.0736,24.2799,39.5707,33.4313,30.6226,30.2837,30.1684,30.7225
"NR2F6",60.4242,70.1845,44.2378,61.7324,122.2985,40.2092,40.1308,59.2383,100.6471,92.7051
"VMA21",12.9029,16.4215,22.1868,15.688,15.7137,22.2747,17.5035,17.6429,14.9357,15.0845
"KALRN",5.9576,10.7847,5.6475,7.8405,8.4619,5.2958,4.2687,5.2605,10.5996,8.0537
"ABCG1",19.1673,34.6827,15.935,43.4054,33.7149,19.9851,11.2306,23.1828,10.5764,27.4748
"TFF3",2325.0011,1598.038,1317.4327,1250.922,2881.3978,1877.0426,8058.1599,1698.0249,2312.4341,1610.4288
"TFF2",15.6694,12.2304,3.0079,3.9874,9.1359,2.4399,35.3737,6.512,4.9878,4.5785
"TFF1",707.1018,1176.936,78.779,213.2784,813.7189,63.4983,957.164,391.1564,763.3952,572.7353
"TMPRSS3",1.4013,1.1685,0.7264,2.5938,1.5946,0.4738,0.959,1.2402,2.3733,0.894
"RSPH1",3.2724,2.784,2.5393,3.3218,6.0352,1.8304,1.4271,2.4075,6.9334,2.5272
"PDE9A",33.8692,143.5734,42.2534,105.8397,66.8174,58.8641,22.3687,130.2923,118.8952,46.8096
"WDR4",5.2655,15.5149,5.4755,6.4654,19.8163,5.4644,5.4959,9.2983,7.9007,7.5411
"NDUFV3",20.8128,18.8219,23.711,18.268,8.3735,28.6397,23.5078,21.8992,17.0921,20.9258
"PKNOX1",8.436,8.6398,12.5347,7.8185,7.7242,10.0805,7.2283,10.5149,6.6543,7.9992
"RRP1B",18.5258,27.8981,24.1649,17.6466,26.2872,16.7312,6.5368,25.102,18.2317,19.256
"PDXK",24.3684,34.4622,22.9608,25.6113,45.6772,18.1179,13.1501,34.9555,41.4153,37.6479
"G6PD",25.2729,28.6673,21.0052,22.8969,36.567,16.6673,12.2561,27.3057,32.239,24.9744
"CSTB",120.211,86.0021,77.6296,79.529,103.1319,93.107,118.2289,88.0668,155.49,99.1158
"RRP1",12.3434,22.8462,12.0637,10.9334,24.5102,11.8717,8.4831,16.8834,13.2903,14.8748
"AGPAT3",26.0158,27.0694,27.5168,32.0461,38.182,19.1679,12.0307,31.2587,36.5083,29.5251
"TRAPPC10",9.314,12.0275,9.7448,10.085,11.4182,6.9277,4.3376,10.9215,11.8019,8.431
"GAB3",3.1695,1.6115,3.4679,3.5578,1.1476,2.5439,1.5717,2.3894,1.2776,2.4478
"CFAP410",1.9494,2.9602,1.8847,2.1121,3.5875,2.0713,1.0715,3.7014,2.4962,2.9117
"LRRC3",6.8942,10.9379,11.8079,7.0496,4.3292,7.5731,2.7219,12.433,3.5925,6.6764
"ITGB2",46.6198,31.9495,26.4166,37.0338,11.5197,31.2275,20.6041,40.2995,11.0973,38.7534
"FAM207A",19.9044,24.1224,20.7639,16.3571,30.7296,26.8003,20.9287,25.6326,19.5832,25.4406
"RALGDS",2.2181,2.8674,2.008,3.2602,1.5067,1.6218,0.8061,3.7094,3.2429,1.6738
"LSS",23.9163,34.5244,26.1181,18.1609,54.6953,20.3175,10.9629,35.8611,123.1054,25.8592
"VAV2",21.3476,39.0351,26.6743,34.3235,36.3704,17.6408,10.3833,27.2655,43.2032,30.8785
"MCM3AP",14.8413,14.7425,15.5603,14.2865,16.8479,10.4334,5.7008,17.5655,13.5624,14.4769
"PCNT",7.1683,7.0201,9.4861,9.7194,8.6824,4.7215,3.1832,10.7212,7.1404,6.3498
"DIP2A",8.5461,7.9198,11.229,10.1731,9.1228,7.0489,3.2331,10.9643,10.5398,6.6784
"S100B",23.469,27.6965,77.8988,20.8969,3.536,78.9809,40.0457,50.9066,4.5191,37.0991
"PRMT2",37.9916,22.349,62.3169,31.7049,23.5244,54.0703,30.4988,42.2984,24.1582,32.052
"ADAMTS13",1.3744,1.0977,1.5214,1.4385,0.8664,1.1272,0.5458,1.9102,1.4298,1.6006
"C9orf116",1.1205,0.8831,1.177,1.1315,0.6955,1.4556,1.6004,1.4766,1.1478,0.8031
"GPSM1",4.3031,3.6482,6.5295,3.4014,2.1213,3.8172,1.2902,6.15,1.4805,5.8068
"TOR2A",20.0414,17.0367,9.9132,15.3838,27.1874,15.852,20.3418,14.4542,21.2,19.4761
"SHKBP1",46.1782,45.865,32.4385,44.2896,64.0649,32.0806,28.5448,41.6003,52.1475,51.2905
"RDH13",4.9037,7.8643,4.3252,5.6221,7.9709,3.6679,2.6587,7.1622,8.5576,6.2048
"ZER1",73.8741,56.7936,91.1414,84.6371,72.1654,61.7334,32.9023,94.9811,78.8758,82.4834
"PKN3",6.0207,6.6199,8.1095,4.8177,7.3445,5.5062,4.689,7.7841,6.1653,7.5458
"BRSK1",2.8216,1.5041,3.676,3.7531,0.9593,2.5095,1.4586,4.4174,1.8236,2.859
"COX6B2",3.944,0.4853,1.2287,3.0982,3.2397,1.9589,2.3522,0.996,4.0258,1.3043
"TAOK1",10.513,12.8532,26.2938,15.0252,9.9171,13.9748,5.5542,19.755,10.3157,11.0147
"MED27",10.1042,13.5744,10.7838,8.0856,13.3825,13.9084,10.8793,12.6387,7.8889,11.5228
"DEDD2",37.7188,44.28,24.8077,35.4455,44.7119,32.2933,33.586,51.6211,21.835,46.3017
"SIK3",14.9892,15.9542,23.3807,13.8586,13.8461,13.5592,5.2449,20.6868,9.8322,14.8332
"MPZL3",11.9589,24.1035,8.7213,22.487,18.4803,9.9262,11.101,18.9762,19.3769,15.2925
"JAML",9.8547,5.2038,6.3124,9.0461,3.8124,8.0748,7.0898,9.1558,3.9334,7.501
"NEK8",2.471,1.8053,1.7611,2.8684,2.5466,1.5111,1.6828,1.8955,1.5625,2.2346
"PCSK7",7.4258,9.0456,5.693,8.2123,10.7676,4.0913,3.7344,7.6365,11.5323,7.7566
"SAFB",29.7147,42.1794,35.9105,37.5038,48.097,23.6553,11.532,45.1128,34.7879,38.7579
"CD3G",3.9177,2.7547,3.0026,6.6374,2.3407,4.062,2.5922,2.387,2.1276,4.6828
"CHTOP",28.5737,24.3928,35.314,28.9396,28.6895,33.5995,24.1944,27.4665,29.4556,27.5391
"ZBTB7B",94.8785,114.8622,73.5896,127.567,140.4857,61.6137,50.8537,102.6717,177.5546,114.3454
"FLAD1",22.1825,23.7951,17.8778,18.387,35.0765,23.3973,26.8195,20.7553,19.6963,20.6911
"SHC1",60.0248,69.0101,59.0545,51.5955,62.0259,53.0439,30.8855,69.056,59.6205,54.3529
"VPS11",25.4057,18.4079,32.0066,20.2312,20.3451,23.1155,15.0028,27.2388,18.7703,21.1301
"NLRX1",17.0546,13.9636,17.7844,14.9525,17.6898,11.5991,7.7131,17.8784,10.9474,15.9028
"ADAR",76.7038,74.2536,100.4133,77.707,88.2761,66.4033,31.5169,91.5328,83.098,79.6177
"IL6R",25.3416,46.9694,34.9901,33.9697,25.6631,24.7353,15.6249,49.9185,26.4005,34.8123
"UBE2Q1",52.4877,49.6527,50.6155,49.1705,52.6447,50.3057,33.5722,49.9981,47.8646,50.3866
"CRTC2",34.3396,28.2599,31.9008,36.4096,29.3796,26.0414,19.9128,30.7992,25.1003,32.2867
"FDPS",28.2533,48.0154,22.7181,18.0116,52.8321,31.9844,36.39,37.7818,123.3759,32.1262
"RUSC1",27.9725,32.9709,27.6648,27.5285,48.8022,23.3892,25.2877,32.933,33.7738,30.2447
"PAQR6",3.7237,3.9862,9.7878,3.9584,1.0434,6.2483,1.8596,7.6329,1.7532,4.5888
"PMF1",15.4852,11.2942,11.862,10.9705,14.214,17.104,21.9652,10.7958,10.5337,13.9903
"SLC25A44",13.2092,13.9284,14.7655,14.5844,19.0335,15.0302,8.8987,19.2686,16.8625,13.1789
"LMNA",160.614,370.3232,134.2091,127.3536,237.1175,101.6941,64.6306,312.7596,190.2929,191.5189
"CCR5",7.6443,3.2103,8.0161,7.5698,2.1837,5.1512,2.9065,3.6324,2.2011,6.3117
"NBEAL2",16.2024,14.0918,8.2104,14.1312,21.9687,5.4647,4.6895,15.8725,13.0443,11.0703
"CCDC12",22.8357,27.086,17.3635,19.0936,26.8052,26.0253,28.1391,20.4857,20.5013,25.1361
"UBQLN4",35.4533,36.4753,37.2338,24.6894,40.845,29.3999,17.0504,38.6609,21.7477,26.2346
"PPP1R35",10.9718,13.0021,6.6171,9.3572,13.5163,10.3916,18.7792,11.3047,6.6563,12.4549
"GPATCH4",14.6891,26.7738,17.8358,12.8237,33.9626,16.3662,8.5892,20.6311,18.9398,16.8266
"AZGP1",12.7359,3.4729,6.5093,5.364,4.5153,7.2001,17.0343,5.8787,6.225,6.8119
"FGFR4",27.5371,23.1387,13.8165,14.361,51.6486,14.4889,20.1627,34.6073,29.3891,22.2894
"NACC1",36.6372,62.5402,28.8755,32.3201,70.4309,26.1242,18.1542,46.7932,41.8277,42.5504
"HK3",4.9803,2.2339,1.9091,2.2343,0.9737,2.3463,1.5248,3.6845,1.6548,1.203
"IER2",57.3964,64.1888,35.835,132.5532,50.5102,59.6203,18.0635,110.3098,39.5806,159.684
"ZNF394",7.8152,6.629,6.9109,8.8704,7.1261,8.8316,6.8977,9.6502,8.383,7.3373
"CPSF4",11.5737,12.8004,10.857,10.0805,13.9348,13.2545,11.568,13.033,9.6532,10.6345
"LY6E",45.1309,49.9999,53.1223,36.7506,25.2998,80.2838,34.9794,64.5658,39.9196,64.8461
"VPS28",87.5057,77.9519,77.8796,76.9077,89.9025,93.5853,109.0647,78.2065,72.1955,102.8674
"TONSL",4.3009,4.7593,4.2832,5.2042,11.2218,2.6833,2.4998,5.6377,6.946,6.515
"PTGER1",0.7211,1.9541,0.3235,0.6397,1.2573,0.2195,0.4691,1.1238,0.8973,2.2284
"PWWP3A",7.9283,8.7102,10.1447,8.4055,8.6102,6.57,4.3294,10.8902,6.0897,9.0578
"RECQL4",3.175,5.9418,2.9133,5.7973,11.641,2.7085,4.0531,6.2975,9.353,6.9337
"LRRC14",6.6567,8.5583,8.8431,7.0168,9.0547,6.791,5.4611,9.3424,6.6054,8.1428
"ZNF333",2.3358,1.5697,5.0816,2.4086,1.0966,3.3339,1.6968,2.5636,1.4,1.9619
"PPP1R16A",15.6952,14.3293,8.1046,12.1049,28.8055,8.9778,15.0359,12.7971,21.6318,16.1606
"ORAI2",7.3707,8.5002,5.9999,10.6682,3.173,4.8647,2.5306,6.9193,3.4101,7.9842
"ALKBH4",10.8358,10.7631,16.6206,10.0919,14.4108,14.1285,11.8797,9.7385,9.2715,11.8999
"SH2B2",3.825,5.0338,1.6872,9.0685,1.8126,1.821,1.9464,3.3525,2.3266,6.1059
"MRNIP",2.7731,1.7995,4.2312,4.0293,1.4968,3.7163,2.4578,3.4248,2.2642,2.1881
"SQSTM1",69.3604,121.4282,71.5657,59.8331,80.9215,68.4165,43.2667,102.3102,52.4646,85.8369
"MGAT4B",150.9953,166.7786,117.1655,153.8654,287.8458,110.9284,128.2251,150.9746,233.0001,186.5408
"RPL8",2473.751,1944.7436,1808.2828,1368.8275,2135.1696,3151.0213,4610.0001,1960.5946,1506.7424,1906.2531
"MAML1",29.2838,23.6088,37.2884,29.4018,31.8893,21.956,13.298,30.8152,23.1594,26.5316
"LRWD1",6.4683,9.5686,4.8659,7.0744,10.5977,6.0976,4.6748,6.4512,5.3327,8.4704
"NAPEPLD",16.4602,6.4119,22.947,19.6367,16.9047,12.5699,17.9205,9.2333,11.9366,11.4966
"PSMC2",23.0624,26.264,29.6138,21.5599,24.6663,35.3366,26.0187,26.7126,22.3027,21.832
"DVL3",40.459,37.4866,62.7071,41.3818,39.9922,37.3215,18.3555,50.7451,31.3333,38.0546
"AP2M1",182.3302,195.4731,230.3017,167.3515,205.7601,201.3994,127.5485,225.5259,158.5603,189.4779
"ABCF3",27.6096,30.0834,21.8746,24.9408,35.4004,19.9945,14.6406,25.4631,25.444,27.8861
"PCYT1A",21.0373,27.7129,33.9516,26.7768,27.4759,23.9463,12.7887,26.3348,30.0165,23.5319
"U2AF1L4",1.6834,1.3483,0.9221,2.1485,0.8183,1.8066,0.784,1.5464,0.9371,1.3107
"BDH1",29.9263,19.9023,17.4331,28.7249,42.6381,16.5555,22.7532,23.3865,36.1248,20.0244
"THAP8",10.5391,6.0963,15.4637,11.3223,8.1224,15.6935,7.6842,13.1515,5.1859,12.7687
"COX7A1",45.119,79.6496,171.5951,72.3722,14.9945,188.2476,110.408,107.3026,14.3332,108.3462
"PLXDC1",2.3834,1.8876,5.6399,1.8151,1.1362,2.9233,1.0672,4.8611,0.839,2.1417
"PGAP3",56.3209,40.7015,33.0897,59.0932,52.6587,42.1345,44.7307,43.6417,57.9126,41.6058
"IKZF3",5.11,6.8046,3.4746,22.5414,2.3939,2.0817,1.7801,3.7258,2.0965,9.7693
"FDXR",12.2723,9.5754,9.2709,8.9792,19.3448,11.0499,15.4351,12.1623,18.2519,10.2262
"SAP30BP",16.217,25.6652,19.6135,18.8947,20.3856,17.9292,10.7508,22.7061,16.4459,19.5228
"ACOX1",33.5505,43.7563,60.0707,94.7928,72.3297,34.2513,28.4569,53.823,80.6155,62.564
"PRPSAP1",17.9477,15.4491,19.0224,15.4409,22.111,19.6705,17.9701,19.5963,16.8295,16.0356
"CYGB",25.333,25.6144,32.1092,14.2558,15.5225,32.7207,14.6161,43.3735,12.8658,37.8374
"SRSF2",79.6679,136.0145,95.1608,91.6298,131.267,113.0001,83.5977,115.5682,114.5177,87.7134
"ALDH16A1",9.1141,17.7038,11.0756,14.0677,25.0068,8.4464,6.8182,19.1,15.454,21.2706
"ITGA5",44.7473,142.1603,111.162,27.089,10.6722,85.302,9.5085,156.1911,16.5818,54.0866
"ZNF385A",20.1282,17.9663,20.1803,18.283,8.3563,15.6793,12.1812,24.1656,8.0257,22.7743
"MPP3",1.1003,0.9577,2.3815,1.2077,0.588,1.3464,0.8266,1.65,0.9528,0.8505
"NAGS",2.4444,3.2427,4.4195,8.1326,6.6673,5.495,7.1326,2.4242,10.2829,7.937
"LSM12",7.9947,8.9124,8.3903,7.4458,10.355,11.668,7.0843,8.3742,9.8412,6.7091
"EMC10",30.1851,31.9418,20.6911,19.7275,39.3224,26.266,30.3544,32.9124,28.4622,29.1636
"JOSD2",34.3067,35.2588,26.0803,25.0914,48.7452,31.3791,38.3052,33.5739,29.8364,43.1712
"DBF4B",1.825,1.2929,2.4049,2.3507,2.6003,1.6489,1.1874,2.2739,1.9738,1.6975
"PLCD3",88.6908,169.5052,72.1093,93.1451,187.7768,60.5077,52.2029,110.2342,128.9093,108.936
"FMNL3",4.6444,4.9043,8.1499,7.7547,2.3766,4.4438,2.3867,5.7012,1.9433,7.4071
"RACGAP1",15.475,22.6505,22.3695,16.6036,38.3093,28.3514,25.5587,23.3089,33.0587,23.2842
"LARP4",14.9904,16.718,18.7064,16.1578,19.1421,17.7749,11.3752,15.3854,18.4226,12.4338
"TAMALIN",10.7734,8.4644,8.7107,8.7523,3.1466,8.8423,3.4988,24.6551,7.2418,11.0807
"RAVER1",18.0794,20.7962,13.2741,12.8145,32.7783,8.7346,8.015,19.9958,19.5271,20.1643
"SYCE2",0.6562,0.324,0.8057,0.7661,0.3581,0.4205,0.6741,0.6459,0.5372,0.4549
"SPC24",3.0146,6.9204,3.5741,6.9783,15.9994,5.4066,8.1491,6.8981,15.0718,9.0546
"LEMD2",16.4128,19.3311,16.4307,18.4379,28.1492,14.9282,11.6706,20.0336,21.5797,22.5137
"ZNF653",3.5472,5.4305,3.0121,3.6763,4.6269,3.2773,2.6376,5.3307,3.3252,4.7976
"MED11",22.4152,18.7199,19.7081,15.8829,22.4938,29.2742,35.2798,17.5113,17.513,16.6579
"CXCL16",63.6203,104.7736,35.1187,40.6446,60.6334,53.0133,41.0842,69.5673,33.0799,55.6475
"SCIMP",5.6111,3.8116,2.4956,6.6128,0.6328,3.9956,2.153,2.1675,1.2681,4.3856
"BCL6B",4.3381,3.5807,8.2051,3.5714,2.0996,6.2802,3.0666,12.5226,3.8115,4.5857
"TNFSF13",41.7442,22.3271,15.8648,21.0166,37.2771,22.6161,25.4267,18.5576,51.7696,20.7291
"SENP3",6.3398,8.8793,8.5763,5.8201,8.1748,9.6046,5.8351,8.7046,5.0727,6.9081
"EIF4A1",1.0093,0.6741,0.4396,0.9708,0.5911,1.1481,0.3698,1.1606,0.7468,0.4766
"RPL26",75.8188,40.7041,50.6539,38.1816,27.3818,85.0357,135.7929,42.9886,29.7944,49.7631
"POLR3K",17.5809,24.9731,17.3143,17.4518,34.2708,30.3616,38.1638,19.1155,21.2405,25.7679
"SNRNP25",30.1981,39.9077,34.0863,22.0409,55.9176,55.3577,76.5204,37.3948,31.4197,44.8727
"WDR90",3.6706,4.2544,4.0613,3.7757,6.0258,2.5168,2.0452,5.8385,5.8522,4.4984
"JMJD8",15.4692,17.9424,21.6011,11.6376,17.9965,15.8406,10.1907,22.1141,10.5832,17.2455
"SSTR5",0.374,0.5068,0,0.0553,0.1058,0.0569,0.1947,0.0389,0.0582,0.379
"TEDC2",1.3416,3.7103,1.4444,2.1689,6.71,1.4699,1.8854,2.639,3.756,3.7336
"CCNF",2.051,5.9252,3.376,4.37,10.5482,3.3176,3.0051,3.0789,7.2469,6.6108
"TBC1D24",1.7561,1.7739,3.1062,2.0601,1.9933,1.7075,0.7708,2.3663,1.7518,1.9188
"AMDHD2",4.679,3.0162,4.2084,4.8655,4.0911,3.9773,2.5963,4.5946,5.1906,3.8542
"ADCY9",12.4947,14.5445,21.5333,19.4337,22.3178,8.8383,4.3348,22.0582,22.2417,15.6417
"SHANK2",3.5067,3.8584,6.9685,2.7543,2.6148,4.5424,1.0662,5.8907,1.6638,2.3145
"CLPB",2.5127,4.0974,3.001,2.6124,4.2653,2.283,1.9416,4.591,3.258,3.0278
"NEU3",4.6691,3.755,5.8306,4.5227,5.8255,4.3641,3.309,3.9704,3.5598,3.9151
"PPP1R32",1.4009,0.9514,1.3331,1.7263,0.6202,1.1628,0.7458,1.1688,1.3537,0.8603
"ASRGL1",7.9537,8.9619,2.8704,4.8128,8.9204,5.4938,6.6203,7.398,8.1208,6.382
"UBXN1",117.8424,95.0846,113.3641,86.2473,99.197,130.1822,96.9479,102.3038,75.2953,104.338
"TTC9C",16.9684,9.213,17.8561,16.5854,18.0712,17.7392,30.0389,11.2949,12.5553,14.2791
"TAF6L",6.37,6.8798,4.9325,4.7461,7.4311,5.4854,3.9196,7.4049,4.8388,6.9381
"NXF1",25.5623,24.4924,32.0109,33.797,27.085,23.4667,15.818,32.3605,22.3874,22.7842
"STX5",53.4722,44.1054,43.8188,37.6775,50.615,56.1567,56.8332,49.2912,37.5152,44.1831
"RPL29",990.8042,691.1678,695.9417,486.5467,788.3927,1156.385,1998.888,694.7326,543.0457,730.7711
"SYVN1",39.4106,48.6836,33.7539,52.7233,50.9423,19.6943,15.7793,44.0961,34.565,43.2206
"ZFPL1",3.7391,3.9825,2.9885,2.849,4.1705,4.0252,4.3556,4.9366,3.5048,4.467
"RPS6KA4",34.0962,56.517,30.8073,32.1142,58.3446,28.8135,21.0693,46.7558,40.5663,45.3408
"LRP5",63.5765,61.5173,62.8744,63.5701,86.0341,37.7074,27.9658,85.3778,81.6867,59.8765
"TPCN2",3.7156,3.7264,3.9323,3.552,3.4358,2.8644,1.5172,4.882,3.8128,3.5513
"FGF19",0.1399,0,0,0.0827,0,0.0426,0.1456,0.0872,0,0
"PDZK1IP1",188.0996,90.121,51.8435,118.6297,72.0226,101.6995,137.1695,67.2158,51.1448,81.6151
"CMPK1",301.686,228.1603,254.5021,240.958,280.8332,348.5846,256.555,198.3589,341.9788,178.1002
"COA7",16.58,29.1869,21.0462,14.728,31.8557,24.4451,14.2073,27.9445,26.8395,18.2432
"ZYG11B",14.3593,21.6256,37.2181,20.4983,16.3717,27.6323,9.9686,26.7159,18.424,20.8839
"CZIB",25.4379,20.0421,35.173,20.1367,17.2914,36.7298,27.9937,24.7839,15.2179,22.4169
"MAGOH",51.4295,59.8395,52.1117,46.2031,51.6435,76.4409,71.7372,63.2582,52.1474,54.9891
"ACOT11",10.9187,17.4898,6.6431,10.455,22.5528,5.2051,5.4348,8.8305,16.6912,12.9601
"PARS2",14.0333,8.1813,12.2609,8.5688,15.3257,10.8912,14.406,7.5933,11.4015,10.0126
"USP24",15.3937,17.5601,25.5544,18.815,19.9361,13.0051,6.7266,19.9644,18.0977,14.8635
"PLPP3",36.3041,39.0996,67.9185,38.3359,22.5412,38.7313,16.5348,61.8339,27.3247,36.6088
"NOL9",6.0465,9.4281,11.0385,8.6611,9.8724,7.7617,3.1819,11.9892,5.8631,9.7402
"KLHL21",16.5063,19.5286,37.4741,17.1157,8.9406,35.7558,6.6088,37.1521,6.3037,22.8809
"ZSWIM5",10.1637,7.292,10.2287,9.8873,10.572,6.1051,4.3722,10.9852,9.3084,7.241
"GMEB1",7.3957,10.5156,9.1513,8.563,9.9579,8.8123,4.972,10.7211,8.5009,9.2242
"SELENON",52.7412,59.8738,56.7379,32.3738,47.5698,35.4379,18.1882,64.1107,36.402,48.6062
"AK4",15.0384,17.7279,32.2203,13.8669,16.9048,19.2116,10.7159,24.3411,27.8035,17.8601
"JAK1",44.1821,54.7743,69.0743,59.5706,46.9992,39.7497,15.8266,59.765,46.6013,56.2201
"RAVER2",42.7272,34.248,44.532,41.7225,41.6711,30.8043,31.5287,46.9121,53.8613,31.1072
"RBP7",20.9212,6.5913,15.483,5.0685,2.7851,17.3569,7.3827,12.7103,4.78,6.2876
"FBLIM1",90.9398,132.6456,121.2262,110.9589,154.9372,89.6905,63.6238,116.2583,139.537,125.6238
"AKR7A3",60.3776,38.9398,43.7129,88.5346,99.6263,68.7804,174.482,58.4612,182.3463,75.9621
"PDPN",5.1947,7.0761,6.7074,7.8844,2.1242,4.7262,3.2725,8.6525,2.8002,5.8205
"DHRS3",95.6697,61.3781,74.8471,76.7432,81.4002,71.8094,99.52,53.3353,58.3412,83.324
"LAPTM5",117.1956,116.2338,54.6555,110.5429,30.9837,94.5244,87.3805,91.2316,20.1287,117.2771
"SDC3",39.9545,54.8284,116.0749,43.0755,18.2682,57.1673,15.1909,89.5556,12.7522,63.3012
"PEF1",84.7915,106.9638,82.161,68.5854,109.4865,107.3375,86.3292,92.7384,69.8282,91.2323
"RBBP4",29.7216,28.2152,35.6194,28.4531,30.4974,37.1072,23.912,33.6743,21.6546,25.7548
"KIAA1522",132.4111,122.6057,87.0097,130.1361,217.7189,65.1206,65.6734,121.7625,186.987,139.2758
"UBXN10",18.4467,30.3018,25.0803,14.9791,11.4729,23.4432,10.3213,33.5729,11.2119,10.9047
"ALPL",3.4874,9.6577,2.3313,6.4712,3.9314,1.821,1.3347,7.442,4.9723,6.2878
"WNT4",5.0615,4.3279,3.0668,1.8792,4.1407,4.1678,3.7921,2.8115,2.6242,4.518
"MXRA8",35.9925,26.1247,55.272,29.0334,16.332,38.7822,14.0011,55.3545,12.0761,38.1367
"FAAP20",6.543,7.0339,5.0329,4.8788,6.5847,7.2437,6.6982,6.4585,4.3045,6.6486
"MEGF6",4.0095,3.1609,6.6779,2.8558,2.145,3.3686,1.0435,6.3132,1.502,4.4575
"NFIA",2.4229,2.7526,5.285,3.057,2.3378,3.4997,1.0367,4.5214,1.8943,2.9704
"OMA1",14.3185,8.769,13.7194,10.9002,12.1006,16.1799,17.8473,9.7373,15.025,8.5522
"MYSM1",5.7295,4.6601,10.6783,7.7425,5.2903,7.5364,4.9939,6.9738,8.8875,3.4675
"TM2D1",14.1859,9.5206,15.0312,13.0965,12.439,20.4625,19.6971,12.2726,13.805,9.4796
"USP1",33.563,37.399,64.762,41.1398,44.2796,56.5633,34.4215,41.8615,40.9197,38.7573
"FUBP1",28.1171,39.535,39.1823,35.2677,41.2247,34.4483,17.0658,34.7653,33.0623,28.114
"NEXN",30.8464,26.6935,103.654,50.9267,5.163,68.1721,11.3124,58.0474,5.8768,42.8681
"DNAJB4",28.1552,10.1409,32.6441,25.0079,8.7807,32.9184,14.1462,35.9149,12.2646,15.8537
"ADGRL4",6.9852,5.321,15.0569,5.028,2.6252,9.8406,4.6876,8.3346,7.3253,4.5493
"TYW3",14.1927,11.5954,24.4178,12.99,12.1494,25.3255,12.135,17.2454,9.3898,12.2449
"SNX7",72.4597,61.1662,81.0205,56.0137,77.2841,101.2618,85.4363,63.7347,71.2648,61.2331
"HENMT1",9.8485,7.6169,6.6318,11.675,12.746,13.357,13.1433,11.4323,7.9043,11.2344
"GBP2",40.9989,28.5899,75.2012,48.0882,19.1116,56.9901,24.6787,49.8071,27.2612,38.898
"ATXN7L2",1.4703,1.4107,1.5201,2.0013,1.5877,1.3039,1.0896,2.0334,1.1056,2.062
"GBP4",12.4435,6.805,12.7422,13.1743,3.3543,15.6533,7.5131,13.1438,5.7935,12.2301
"ZNF326",8.7904,8.4521,11.8302,12.2577,10.0505,9.094,5.4779,9.9085,12.2521,9.2263
"GFI1",4.4823,3.4778,4.1658,6.3752,4.8025,3.6092,5.4141,2.4642,2.3917,4.8981
"AGL",17.7369,15.6624,37.7443,20.1135,19.1719,25.3938,14.1406,22.1721,21.8375,14.9913
"VCAM1",14.4434,21.2697,22.1544,27.4466,7.7075,12.8284,10.4876,18.0862,8.2395,20.0791
"EXTL2",10.5948,8.3055,27.2077,9.85,6.1828,20.4858,11.3098,14.1715,5.0918,9.2695
"SLC30A7",10.6863,12.5217,11.6286,11.6322,15.0912,10.9251,9.4039,10.4688,15.0277,9.2193
"ZNF281",8.1385,8.3202,17.6477,9.772,6.8761,9.6922,4.8482,11.6887,6.8636,7.5082
"ARPC5",57.5783,59.9852,56.2643,62.6608,80.6338,91.3371,104.9437,56.348,83.9035,56.5139
"NLRP3",5.5627,2.7594,3.962,2.3139,0.7678,3.262,1.59,12.1381,0.9669,2.6282
"ZNF496",9.2541,7.6995,14.8348,6.8455,6.0503,10.6297,5.2309,11.7809,4.2362,7.6318
"IGSF8",75.9831,96.4071,53.9593,68.2086,113.6838,51.8904,55.1394,87.2753,88.5013,86.6483
"DDR2",29.4352,37.4363,106.0079,41.3803,6.5583,62.4279,10.4461,67.2494,9.945,35.9595
"PEA15",135.7944,166.2369,274.0085,104.4734,63.7594,228.6085,107.7244,212.5196,53.6287,161.5626
"PEX19",37.1412,27.6913,50.5782,35.0668,31.5334,63.9474,51.0757,38.3751,31.2447,31.3803
"NCSTN",105.0196,98.1529,101.0615,91.7403,123.7745,83.7142,55.5707,101.2706,117.5246,97.5892
"VANGL2",19.601,7.111,22.9131,12.4516,10.0263,13.0168,7.1069,12.5155,4.2772,8.0696
"SLAMF6",7.0868,7,3.8283,19.3397,2.1682,3.1901,3.3555,3.8935,2.5393,9.944
"FCGR3B",1.7182,2.4006,1.2792,6.3517,0.5858,7.8996,0.9276,3.5894,0.5971,2.3151
"FLVCR1",4.1171,4.8784,5.5941,5.8414,8.5234,3.8387,3.4993,6.4616,9.7228,4.3484
"ATF3",192.6905,64.2191,7.0144,240.4368,31.7446,84.2759,20.4777,151.2924,46.484,111.261
"RBM15",4.9307,6.9928,6.5183,8.2265,6.9195,6.2914,3.3642,8.8857,9.1285,7.7815
"DENND2D",17.9069,12.7322,12.4997,21.7626,20.2718,15.221,17.3047,10.4716,16.2227,16.8145
"TDRD5",0.7224,0.0779,0.6035,0.4604,0.9979,0.4359,0.47,0.9059,0.5812,0.5174
"IER5",17.0863,24.0788,19.2793,24.3146,19.7158,16.331,15.4798,25.6643,16.8813,23.7143
"SNED1",3.4044,2.249,2.4554,2.3288,1.5053,1.594,0.6671,3.0848,2.8398,1.7565
"BPNT1",54.953,41.2448,53.3856,69.3034,84.0611,69.9013,82.3888,50.8204,99.3472,53.0943
"BROX",28.9192,30.4097,51.3787,52.2764,48.3525,42.4812,25.2515,35.7854,50.9004,30.4736
"ACP6",3.7168,2.7584,5.7243,3.1531,5.3768,3.3935,2.5592,3.8219,2.471,2.9999
"KIF26B",0.3572,0.2949,1.117,0.4498,0.1067,0.5167,0.1933,0.7165,0.1815,0.6486
"TFB2M",34.7525,38.783,34.5362,22.5057,46.3464,42.715,48.1941,33.9112,29.137,27.2849
"CNST",20.6591,31.3694,29.937,25.0884,19.7224,26.7203,17.9775,29.3503,31.479,20.1846
"PPP1R21",22.0696,14.198,28.3066,20.0098,18.0627,27.0298,17.1943,20.8776,18.3925,18.8115
"PKDCC",36.3493,24.3447,43.3589,32.3993,53.2056,31.1433,40.8108,23.6441,18.2048,28.5993
"HAAO",20.0523,15.6611,15.4256,10.0586,14.5137,17.0627,18.5544,13.9603,14.2432,12.933
"B3GALNT2",3.95,3.8744,7.3814,4.5143,4.4049,6.3652,3.5857,5.9113,2.6133,4.841
"MAPKAPK2",86.3466,124.2047,77.5458,83.2497,95.5536,79.335,49.8272,115.5002,79.9313,96.1506
"FCMR",13.9547,19.3782,7.0359,36.3747,3.4708,10.6402,4.7142,13.662,3.1306,25.4694
"PIGR",6994.1925,5633.927,2932.7552,3759.2368,9729.6969,2349.7776,2475.7947,4303.7173,8427.245,5280.1715
"CAPN2",130.9225,178.1578,135.4004,175.3138,187.6028,111.1488,78.8609,142.1277,212.9517,155.7997
"MRPL55",28.0649,33.3351,25.1556,22.2472,34.3438,35.8835,39.8233,35.3045,21.3851,30.6537
"WDR26",31.8021,29.899,42.828,33.1633,24.3651,30.9989,16.5279,38.5498,22.4862,27.9535
"REL",2.688,2.3784,2.6927,3.2254,1.2941,1.7421,1.3135,4.2513,2.0153,1.7008
"PUS10",2.983,2.2833,3.7636,4.8145,2.7425,3.8502,4.8087,2.9885,4.6191,3.2654
"PEX13",20.7826,18.805,23.4643,21.5025,22.5451,28.0048,21.8724,18.2698,25.8899,18.4464
"KIAA1841",3.2892,2.3719,4.3122,3.61,4.2536,3.1816,3.8487,3.2451,7.8723,2.9323
"MEMO1",0.9759,0.7019,1.506,0.8947,0.4507,1.3663,0.6477,0.7605,0.5313,0.8504
"DPY30",37.745,26.2478,38.0078,26.8143,26.6065,55.9577,75.3153,27.387,26.8684,25.1937
"TYW5",2.2038,1.5115,3.1557,2.3593,1.9733,3.2262,3.229,1.7951,2.283,1.2684
"MAIP1",31.4947,29.558,32.7039,29.0368,41.9541,44.1071,37.1861,25.78,37.6676,26.4132
"CLHC1",1.0584,0.6316,2.092,0.9527,0.4699,1.564,2.6947,1.0519,0.8709,0.9637
"FRZB",63.0758,40.595,48.7053,51.7903,40.5315,71.4362,63.726,43.2944,23.8286,45.3155
"DUSP19",2.8981,0.9181,6.305,3.151,1.5175,5.635,2.9824,2.706,1.4436,2.495
"CFAP36",34.8413,20.9651,50.6237,24.8682,18.0345,72.105,63.6434,32.0312,23.0832,23.6052
"NUP35",7.8472,8.2057,9.0846,6.1386,9.0901,12.3457,10.9029,7.2325,6.1619,6.7329
"FBXO41",2.453,1.8912,2.1895,3.4682,1.5195,1.6451,0.8391,2.9098,1.5734,2.0883
"ACTG2",1260.4773,2395.6879,5138.6263,1507.4057,85.2705,2848.8696,634.8783,3307.9981,46.9276,2822.2126
"WDCP",4.2782,3.8007,9.5901,5.9562,4.0199,5.6288,4.8304,3.7337,2.9075,4.7617
"SMC6",9.7282,8.7833,11.0079,12.2762,10.9969,8.0883,4.9799,9.4931,14.8895,7.5557
"VSNL1",2.5673,0.7846,3.9074,1.9279,3.5726,1.6772,2.816,2.7232,3.2824,0.9534
"H3-3A",29.6128,22.6083,34.8594,26.1859,39.8829,45.285,56.0503,21.4841,38.1488,23.3403
"SGCB",44.187,42.414,133.8478,45.097,26.4755,89.5642,38.6363,69.8956,38.0374,45.9687
"SPATA18",5.1097,3.2447,6.376,4.9058,5.646,4.067,4.7702,6.5217,6.132,3.2372
"NOSTRIN",12.9883,28.3812,10.7996,17.8418,19.8904,17.5635,18.1262,16.2478,26.7853,17.1537
"SGPP2",59.7256,45.065,50.2471,75.4799,101.7923,36.6683,35.666,48.3932,126.7848,72.9269
"INHBB",2.1769,1.7225,2.224,1.6682,0.8087,1.0397,0.3929,4.1768,1.0381,1.4008
"BBS5",1.964,1.5104,3.8035,1.5583,1.0384,2.4601,0.9817,2.6751,1.1362,1.6138
"SMARCAD1",16.0263,12.3224,22.4298,15.345,14.0174,18.4686,15.7193,14.1104,13.5809,11.7906
"PDLIM5",27.5849,52.6018,47.2646,34.1051,48.119,41.2003,15.9598,41.5412,49.5008,33.8337
"RPRD2",21.2858,18.0544,37.9965,24.9487,24.1779,18.2315,7.9581,25.7314,17.8826,22.5425
"CTSS",500.9395,367.3416,259.2628,316.4142,348.4897,433.1188,484.6454,275.4739,471.7717,307.4925
"MSX1",2.2818,0.9263,1.293,0.8169,0.3622,1.7544,1.1251,2.3707,0.7098,1.0221
"PACRGL",4.7651,3.896,6.8294,3.4773,3.4063,8.3435,6.7723,5.6066,3.2631,3.3234
"TNFAIP8L2",12.054,6.5572,8.5256,13.9209,5.3074,14.2591,19.3489,6.6275,4.7215,13.2835
"SCNM1",12.3145,12.673,14.8435,13.8703,14.5634,18.5016,26.4632,12.0322,12.2354,15.7196
"VPS72",56.4387,54.7106,63.219,44.7318,57.726,69.8565,59.9962,55.8428,41.4444,59.9993
"ERCC3",14.5043,10.6553,19.2346,13.3966,11.0848,17.0949,12.4511,14.5724,9.0523,11.0576
"IWS1",32.1316,32.9024,35.2998,35.8475,36.6772,30.4776,17.1081,33.2943,33.4078,32.383
"BOLA3",6.882,8.0548,3.9279,4.2912,8.9247,6.4601,16.033,8.3046,7.4028,6.654
"CDC42EP3",12.5979,12.7473,38.6333,19.8301,6.1489,28.2031,8.4293,23.0063,6.863,17.2096
"S100A11",604.0235,1044.8946,433.1219,336.2519,748.2657,581.8294,602.4327,770.5251,438.3146,549.6702
"DHX57",5.8312,5.6391,11.4023,5.7923,6.7889,7.2133,3.1879,8.2724,4.2869,5.5271
"S100A9",89.1736,90.2603,20.7395,141.9809,19.2731,246.4995,85.9573,187.8832,19.775,41.2588
"TGFA",14.0491,23.9311,10.9503,26.7335,27.4107,15.2142,19.0498,19.4729,28.2338,18.7074
"CCNYL1",22.4684,68.1035,20.9938,21.5568,54.6456,25.5935,16.5901,29.3486,51.4116,24.422
"FZD5",51.139,54.2313,45.4794,61.2882,96.4667,33.546,20.4737,49.1465,81.231,62.6257
"DCAF16",17.5912,13.5395,28.3199,19.0355,19.2818,21.5856,12.044,17.9799,17.7365,13.4834
"GNPDA2",5.8314,4.5035,13.5803,5.1882,3.4734,13.5254,7.4411,8.0171,3.5139,4.9716
"PAQR3",3.6843,4.9576,6.5522,4.0145,3.7667,7.9815,5.6654,4.5875,4.1526,3.2712
"NIPAL1",32.1687,20.2352,27.395,32.559,32.5504,32.2499,38.347,19.2235,31.8649,19.5586
"ALPI",22.4845,28.1107,15.9585,33.3146,36.2943,19.3399,23.699,14.0575,74.6748,31.8091
"ANTXR2",45.8238,43.4505,126.9924,62.3475,34.2629,72.7277,20.3705,71.927,39.9834,55.1715
"HELQ",9.7441,5.6504,12.2393,8.7464,5.4327,14.0758,12.8223,7.6855,5.8917,7.1476
"MRPS18C",4.1563,4.6378,3.9451,3.4677,3.9667,8.3639,7.9014,4.7425,3.5174,4.4872
"CGGBP1",42.6358,30.0647,64.2783,48.4478,31.4455,60.7246,35.4782,43.6911,39.6737,34.7907
"ABRAXAS1",3.6989,1.6553,6.9341,2.6222,1.4656,8.2868,6.1994,3.128,1.6673,2.0516
"PMVK",113.9368,137.4658,113.3088,94.8,131.73,142.7417,104.3308,152.1834,98.5341,131.2101
"CLDN1",2.3309,1.2733,4.5858,1.2873,3.6527,1.688,2.8139,2.9032,10.3307,1.7073
"PYGO2",38.5414,34.5786,50.2474,41.694,43.9133,40.4322,30.2141,34.6117,28.6331,40.01
"HIPK1",29.008,44.0505,48.9144,34.1483,32.8883,32.3458,12.7899,45.8469,30.4377,26.5767
"COL6A3",51.6581,75.3626,152.639,60.828,16.9292,49.0976,10.3054,159.5857,25.8619,67.6252
"INAVA",57.2865,69.3647,30.8591,64.8496,76.531,31.235,34.2186,46.9531,70.6188,61.9404
"YY1AP1",19.6501,18.9847,29.74,20.2745,22.0345,24.3524,12.5926,24.427,17.3339,19.0951
"KBTBD8",2.8505,4.0027,2.8953,7.0621,3.0516,4.5177,4.745,3.5651,3.5805,4.1635
"EOGT",10.4356,11.3524,21.5541,14.2654,7.2403,14.8252,6.6599,14.7293,9.0389,10.7759
"NAXE",119.3868,119.6598,94.8656,67.3789,131.0789,150.7519,205.2146,118.2888,87.8059,111.5153
"POGLUT1",7.9383,6.8852,8.9319,7.2858,6.7351,9.5258,11.164,11.0767,6.0729,6.0217
"ATP1A1",200.8203,364.0655,151.2711,304.2343,398.6432,107.0515,87.825,225.4618,557.0214,257.873
"EIF4E3",13.5231,15.2549,34.9567,18.2816,12.448,30.3616,15.1925,18.5358,17.1556,15.7225
"LRRC58",12.5204,16.8125,32.3953,14.3751,14.6992,21.3336,8.1377,19.5324,13.2298,12.1843
"FSTL1",88.0488,91.6436,252.4745,77.6508,21.5265,97.9662,35.3646,134.4629,30.724,81.8386
"LMOD1",215.345,229.6259,797.6722,235.6137,23.481,469.4868,88.8992,522.7097,23.2702,279.4325
"ELF3",203.5335,219.2784,86.7448,200.7335,208.3638,107.8354,88.3929,128.6907,121.8791,228.0239
"IGFBP7",244.0015,216.7184,460.9034,220.6392,77.247,463.0805,325.1992,285.2393,102.8458,266.7851
"KRTCAP2",0.7747,0.4455,0.9827,1.8763,0.5917,0.7317,0.7126,0.8188,1.4543,0.3519
"ARPC2",150.8917,167.7919,151.9721,156.3809,176.6498,173.7362,174.7555,142.3755,164.546,158.944
"CCT3",145.9619,200.7868,162.3628,125.1191,191.9857,162.8273,136.4574,184.0041,131.3874,151.7164
"SSR2",75.7291,62.1322,58.924,46.1521,71.1011,98.0951,144.515,57.056,50.8734,58.1845
"RNF25",21.3391,24.2975,30.6812,21.688,22.3782,35.6369,31.7039,28.1202,18.5702,24.6598
"STK36",6.1148,5.1651,6.4837,6.294,6.5642,4.2537,2.5111,6.5181,5.3608,5.19
"ADORA1",0.6564,0.5448,0.8725,0.7549,0.7447,0.4254,0.3954,0.5809,0.3025,0.5542
"IHH",108.0672,68.0441,47.98,82.4565,115.0381,54.6067,80.7114,37.583,77.5082,132.1252
"CIP2A",3.1784,3.5678,3.9684,4.3712,6.1695,4.3631,5.2783,3.3485,6.0673,4.1101
"CWC22",23.6792,20.7487,34.8637,24.8816,19.9881,28.6416,18.4724,24.9624,18.6854,19.1153
"AZI2",7.5701,6.7475,9.4591,5.4647,6.132,12.0757,10.7066,6.2448,5.243,5.0697
"TGFBR2",86.5596,95.7268,180.8117,81.2891,49.8025,97.3942,38.1676,134.0759,69.5101,87.209
"RETNLB",244.3083,80.9939,131.665,80.0964,272.1144,149.2955,186.0437,85.8058,21.2783,88.209
"ANKZF1",12.8882,5.4901,9.8408,13.8241,11.3449,6.44,6.6692,6.6259,11.036,8.6186
"HDAC11",16.4878,13.5414,25.0247,18.4902,18.7342,19.1321,14.8269,19.5789,15.8598,16.9233
"FBLN2",67.5019,79.6716,131.2194,64.744,27.7945,55.9609,17.5425,126.0051,47.5135,78.3064
"STT3B",100.3099,111.4288,127.2227,98.2615,134.4825,103.584,71.3221,123.9057,138.5645,92.1937
"CHCHD4",31.3079,28.2579,37.7106,24.8262,35.7132,45.5417,35.2774,33.6629,23.7447,28.5184
"NFASC",4.6511,6.166,9.6953,6.8774,1.851,5.8312,1.6829,8.5797,2.5294,5.0063
"SGO2",2.4362,2.665,3.7223,3.852,7.2977,4.3435,4.9487,2.9906,6.128,3.6172
"SERPINI1",6.0089,2.3456,11.5126,5.6638,1.2636,8.3059,6.3549,6.243,4.4683,4.1722
"CLASP2",9.2552,8.9942,18.9809,8.8232,6.4193,13.1309,6.1305,12.6599,5.8697,7.5151
"SUCLG1",156.7355,127.6205,118.8901,116.1424,225.5739,196.2997,313.9461,133.0722,163.8078,129.4681
"PRKCI",26.5034,27.3953,34.4422,25.8006,30.6223,35.6078,28.8198,25.3743,32.68,20.3598
"MNDA",19.2957,5.8737,13.317,12.6106,2.4897,19.4857,9.4934,13.3302,3.7565,6.8315
"IFI16",38.2029,23.6311,44.3944,41.9616,14.2213,31.0584,16.679,25.8645,14.5784,27.2816
"AIM2",4.132,2.9752,1.8536,13.5865,0.3331,2.7716,2.8299,1.2992,0.7188,5.7017
"EIF5A2",3.3006,3.5457,9.1397,3.6026,1.6811,7.5829,3.4814,4.6328,2.6599,3.7449
"RPL22L1",27.4961,27.2618,24.1125,25.5258,19.1733,40.3293,41.9848,20.9547,34.9638,24.941
"FABP1",1321.1396,1586.9477,1264.4256,3191.2462,3090.8114,1240.6008,2117.441,1598.4438,3895.5752,2776.0366
"PPM1L",7.8246,8.8599,17.9197,9.4751,4.1563,11.6762,2.8238,14.6041,7.2921,9.1148
"CTLA4",1.952,1.4888,0.5553,5.0337,0.3141,1.123,0.5576,3.6605,1.0738,2.9186
"ICOS",2.46,1.5546,0.6604,4.8692,0.5112,1.3264,0.8822,2.1534,0.7833,4.3572
"RYBP",22.0682,25.7702,34.338,26.8923,20.137,24.2375,11.1565,35.1756,22.7651,23.8825
"PPP4R2",27.2499,30.2878,36.673,37.0879,31.4016,35.1292,21.4871,25.2135,36.7069,26.5169
"GTPBP8",8.4324,6.9419,11.4447,7.2867,7.3022,12.5457,13.873,7.338,7.456,5.6326
"NEPRO",13.5562,12.1663,25.2549,14.7059,12.2442,22.5278,14.5246,16.5066,11.4646,12.4314
"CADPS",1.2506,0.9016,1.8887,0.9657,0.6024,0.6661,0.4837,2.0103,0.8591,1.0947
"CDS1",56.2756,45.5827,41.2622,55.6968,71.7608,49.0964,51.7983,42.881,100.864,43.269
"WDFY3",7.2344,6.1952,14.8238,6.9633,5.5656,7.1164,2.8998,10.3527,5.7047,5.418
"COX18",9.4424,6.7973,9.4611,6.9433,10.8061,11.0237,15.1186,8.0046,8.5872,6.0084
"PTPN13",3.7231,3.2209,10.2137,3.9901,1.2641,5.2492,1.1728,7.0843,2.2613,3.5768
"THOC7",98.1298,81.0006,110.4382,73.2184,86.1197,168.8276,154.4873,85.0976,74.7986,77.5016
"ATXN7",6.4981,5.6084,8.5034,8.8414,5.1623,5.526,2.3973,9.3011,6.9985,5.6777
"PSMD6",17.7819,23.1197,20.3601,15.297,22.3533,27.1531,17.4948,21.6075,16.7734,16.4671
"ADAMTS9",2.156,5.3149,4.4594,2.7226,1.7668,2.5042,0.869,6.5368,1.8548,3.2479
"PPM1K",4.3368,2.6011,5.0968,5.2865,1.9002,4.9699,2.4077,3.9751,2.2648,3.5953
"GMPS",12.5717,23.9721,22.0685,14.3352,22.5969,19.6081,9.0681,22.7355,16.4263,16.4779
"TIPARP",32.3704,62.2816,18.8731,32.2658,19.5861,22.4005,16.7797,51.6827,22.7976,25.5297
"CCNL1",19.3818,13.8817,16.8605,33.2503,13.0915,17.9927,16.601,24.3088,20.6788,16.5518
"SLMAP",29.0654,41.1717,85.5267,37.3049,18.0496,77.6279,22.0938,62.4204,15.5928,42.4092
"RPL9",328.5029,282.3598,420.0609,188.4135,190.6115,629.5129,961.0718,315.3216,207.644,271.0132
"RPP14",3.035,2.8464,4.0381,3.2556,3.0153,4.3314,3.506,3.9052,3.7746,2.3788
"ABHD6",14.5839,20,23.6038,26.216,25.8335,21.1917,13.5817,17.9895,25.3083,22.7597
"APBB2",5.4302,6.3116,15.0004,6.9189,4.3249,7.4733,2.2104,9.486,5.2475,5.781
"IL17RE",32.9994,31.2258,22.6724,36.5279,59.7491,20.7531,19.9594,28.135,54.1087,36.0656
"IL17RC",17.9986,15.0761,15.645,12.4442,17.4081,22.0783,12.5718,19.0031,10.7862,17.282
"CRELD1",1.0336,0.7836,1.4453,1.1513,0.8983,0.9805,0.5415,1.2273,0.8143,0.5713
"U2SURP",18.7459,19.9059,31.8818,21.3244,19.9507,24.2096,12.4224,22.3953,20.2147,14.3611
"MTMR14",23.5548,24.137,18.4376,23.8289,27.338,19.4094,16.4541,19.9703,22.0904,25.7793
"TTC14",6.1648,4.4496,8.6091,8.6676,3.8351,9.803,4.976,6.5256,6.0482,4.7829
"CXCL3",24.0829,6.7242,1.2359,14.3257,2.7048,10.9697,4.9591,26.7625,1.6783,9.7468
"CXCL5",22.3349,0.327,0.1501,0.3711,0.0591,1.1138,1.2518,3.1505,0.3253,0.1271
"PPBP",0.078,0.2438,0.2098,0.7493,0.0367,1.0676,0.2029,0.0405,0.1819,0.1975
"PF4",3.0316,4.6711,0.5913,1.3643,0.3727,2.0057,7.4608,0.6847,1.6401,2.4707
"MTHFD2L",2.1479,1.7467,3.305,1.9486,2.934,5.0291,4.4625,2.5605,2.3806,1.5771
"CXCL1",71.1041,32.9826,5.4365,25.7733,5.57,15.823,16.6942,64.2373,6.0505,21.413
"RCHY1",14.8369,10.353,18.0738,12.2316,13.1283,26.8048,32.2817,11.4726,13.1923,10.3552
"CPA3",41.1479,63.1053,53.7904,47.812,26.1636,94.3499,59.4967,53.1037,10.958,49.4571
"GYG1",24.7533,25.0274,62.5403,22.4759,11.9163,74.1131,24.3617,31.3255,8.8882,26.2844
"HPS3",9.438,7.9367,11.4967,10.2268,8.5702,9.4621,7.5247,10.002,8.9051,7.0745
"TOPBP1",13.9284,16.5154,16.5085,16.7146,18.3173,12.4254,8.8001,17.2702,16.8154,13.916
"RYK",23.3747,19.3675,39.3788,19.7597,17.2306,46.701,23.7238,28.6562,14.4361,18.783
"SNRK",11.8292,23.3742,22.0644,14.578,12.3597,13.2034,5.6975,31.6162,14.3471,14.9806
"UCN",0.8971,0.4675,0.9199,0.379,0.302,0.9751,0.3335,0.5992,0.0997,0.5194
"ZNF513",21.4737,19.6715,13.2684,19.6427,18.0918,14.5557,12.8664,22.1988,19.0574,19.602
"SLC4A1AP",16.0061,13.1551,16.8185,13.3239,14.5972,14.7242,9.4846,15.3897,15.4307,13.5713
"PLB1",2.4871,1.1666,2.4439,2.6969,1.1553,1.631,1.7491,1.2428,2.3026,0.936
"KIAA1143",14.9432,14.6391,28.5141,14.2686,13.0256,24.0768,13.713,18.7321,14.1736,12.1624
"KIF15",3.5692,6.1234,5.8854,5.5059,14.0927,5.6809,5.6863,5.342,9.6929,6.9398
"WDR43",24.2488,40.4557,35.0904,23.8489,35.1307,38.7135,25.8181,35.4879,24.7198,20.2298
"ZDHHC3",35.6738,42.5986,32.5897,32.0871,54.9281,37.341,37.6921,36.2664,47.3539,34.5292
"CDCP1",37.7302,59.5455,32.5313,52.7348,88.3572,21.6436,17.642,44.0151,73.6134,46.9548
"CLEC3B",102.0424,90.0809,130.1133,73.4934,29.6865,118.1318,125.1099,117.8403,57.4378,87.2013
"SLC6A20",0.5207,1.8038,0.4809,0.1698,1.032,0.3612,0.7274,0.6126,4.0733,0.45
"LZTFL1",10.2668,5.9756,16.1565,7.6798,6.1724,16.9835,11.4207,8.8681,6.0146,6.6716
"FYCO1",31.5971,36.4743,88.5872,34.4505,14.6393,50.426,8.2648,68.614,15.5805,33.3446
"CCR1",16.6732,7.7262,14.5792,11.5299,2.5223,19.3364,11.5745,8.8815,3.8032,7.1595
"ELP6",18.6044,16.2032,19.2405,13.8472,21.492,25.888,31.764,17.8051,15.1728,18.5504
"DTX3L",27.9271,30.2138,43.6464,38.0039,42.3295,31.3688,17.9172,27.5472,50.0049,34.5078
"ZNF148",13.4229,11.7779,26.3196,15.5825,12.5823,19.5271,9.6034,15.4116,14.6223,12.5473
"NMNAT3",1.6716,0.9202,2.7953,1.2475,1.4756,2.5078,1.5471,1.9691,1.2817,1.32
"SMIM12",13.1191,15.051,11.6113,11.5941,18.2919,21.6508,24.3177,14.8284,14.9018,14.9807
"ZMYM6",2.987,2.2809,5.0923,3.4877,2.6998,4.1807,2.9792,3.1476,4.0414,2.595
"TPRA1",17.5915,15.5209,14.9293,10.1716,18.2972,17.0738,16.2276,14.5293,12.9691,15.7675
"YEATS2",6.7812,4.1568,12.0789,8.7756,6.6776,5.0307,3.7253,6.6885,6.0405,6.9114
"ZC3H12A",34.5777,27.091,7.7188,26.0032,13.53,15.9256,10.8946,43.1855,28.6089,29.4749
"MEAF6",28.5691,22.8133,38.8367,21.8865,21.1041,47.8098,29.9131,28.4336,16.3549,23.5822
"SNIP1",9.3904,10.8465,13.3171,11.6721,8.4728,10.629,6.7704,15.1437,11.3772,11.1849
"DNALI1",9.5119,5.1837,6.5237,4.446,2.9201,9.2205,6.7391,5.8203,2.0094,4.9232
"POLR2H",36.3536,33.8414,29.057,41.1124,49.9229,46.3749,57.2294,33.867,53.2958,38.4104
"KLF15",3.6931,4.5854,1.5593,1.3385,0.9896,4.9863,1.0836,2.8026,1.4361,2.6598
"LIPH",88.2095,137.7845,55.9592,106.1626,144.1507,82.5357,72.3738,91.4917,143.7007,121.5185
"RPN1",219.9763,296.4612,170.0773,160.2518,291.6386,235.6928,213.984,245.3544,231.3004,229.1787
"SENP2",15.4725,17.2264,19.6419,13.9478,14.8264,18.2179,8.7366,19.5483,14.2143,13.0972
"HEYL",8.7468,10.0286,6.009,5.6538,2.2612,8.8607,1.5609,16.5005,2.6044,9.4324
"IFT122",6.7037,6.3757,8.3388,6.0351,8.0972,5.7602,3.9144,8.9643,6.1345,6.8889
"RFC4",9.366,11.2153,12.3532,12.0898,14.6272,13.4505,16.39,11.7973,12.8495,12.8659
"RPL39L",12.1318,11.4116,42.2112,12.9802,15.8501,24.5397,17.3907,15.4738,9.6651,17.8391
"BAP1",53.1572,50.7587,54.755,47.771,70.1908,47.4035,36.3204,59.8505,49.1084,52.1547
"TKT",64.0736,71.7645,55.6927,39.9476,97.6825,52.1814,45.6049,73.8953,79.7305,55.7798
"PRKCD",67.7231,74.0814,56.0504,93.3544,111.1949,47.5754,41.5252,60.1097,123.1601,92.2402
"RFT1",9.2236,7.918,7.558,7.0943,11.0157,7.9234,7.0658,8.1629,7.0286,8.4414
"SFMBT1",7.3891,11.7304,12.6959,12.0797,13.878,8.3103,4.3641,10.1087,6.0395,11.176
"GNL3",58.9675,66.3993,47.6547,36.7804,81.3795,65.7185,75.1137,52.3893,54.4,39.1364
"PBRM1",18.0102,23.3927,38.6239,21.6685,22.9283,22.5402,7.821,31.7989,20.6263,20.7137
"UVSSA",3.5137,2.5922,4.0628,4.5678,3.2663,2.4466,1.7082,4.4013,4.9922,2.9165
"TASOR",20.5766,17.1234,29.46,21.9913,18.8854,22.5841,13.9814,21.1575,17.5915,16.4513
"ARHGEF3",14.0994,16.3514,22.9368,15.1207,11.3247,16.3861,10.0302,13.0954,8.1817,13.3364
"SLBP",59.245,76.7184,78.895,66.5324,72.0226,84.2285,74.031,61.5535,61.7,66.7425
"LRPAP1",39.9237,42.8087,32.8797,24.1873,44.5042,33.335,28.9542,40.4625,37.9897,35.1012
"SLC51A",0.8228,1.7959,3.1612,5.7538,3.4759,1.4877,1.4863,3.1377,2.2734,1.5987
"UBXN7",8.8281,7.4076,20.4333,12.2567,7.4667,8.5744,3.3065,11.7839,7.0523,8.8303
"RNF168",7.8793,9.5832,12.4973,10.721,14.2689,7.8145,3.9424,12.1755,10.8477,10.426
"PIGX",12.2948,15.7532,19.5739,15.8079,14.2663,15.3962,8.3496,16.1072,16.361,12.7943
"MELTF",5.9295,8.5463,4.4759,4.9986,7.339,4.4699,4.9832,5.7696,4.2385,9.2488
"S100P",680.2219,803.2602,54.7316,92.9215,707.0755,711.0253,803.081,197.6681,369.6114,406.8113
"C1orf50",1.5324,1.1351,3.9775,1.3681,1.1718,2.5518,1.1788,1.8724,1.3941,1.3281
"ERMAP",7.5881,3.277,9.1413,5.2677,4.7931,7.2914,7.73,5.0986,4.2805,4.4399
"AIMP1",21.1806,18.1815,25.8053,18.6461,21.5764,30.2569,24.8328,20.4244,19.448,15.3097
"SGMS2",14.4924,42.2642,26.4003,16.8811,19.8601,19.5048,8.3785,33.83,25.5722,15.1103
"METAP1",54.2073,49.1244,64.3304,44.7091,62.0637,65.3053,61.5551,48.5895,54.5956,44.84
"DNAJB14",10.719,7.1605,19.6007,12.1095,8.5665,20.8836,14.4949,9.4105,13.2573,7.7488
"H2AZ1",125.272,173.1004,158.5438,157.3608,207.3532,289.5958,267.3797,177.3929,200.435,170.0912
"EMCN",11.219,6.2525,20.7147,6.8309,3.37,13.3249,7.8184,8.32,6.1895,7.3156
"SLC9B2",1.8991,1.8315,4.9576,2.4057,0.9089,2.9979,1.0008,2.8029,0.9938,2.5357
"BDH2",12.2351,7.0284,13.5726,7.7742,8.9435,15.6738,18.8328,11.4934,5.8521,6.961
"PGRMC2",63.3987,47.6245,85.248,63.002,67.6529,73.131,52.2754,59.9996,67.9334,54.9103
"CDC25A",4.5843,11.427,4.8077,5.0159,11.1205,5.3489,4.446,15.8212,10.82,7.721
"ZNF589",5.1673,3.9241,10.398,7.1358,4.0179,6.3326,2.1132,6.2027,3.7029,5.2544
"PLXNB1",23.0206,22.9566,25.1555,21.084,28.7805,13.944,11.3945,29.2604,24.1982,23.2992
"CCDC51",17.1855,20.9094,18.5861,16.5348,26.7968,26.0549,26.516,17.2183,21.7988,18.12
"ATRIP",3.6207,4.7224,4.0901,4.1333,5.4549,3.8397,2.6487,5.7792,3.7205,4.7997
"SPRY1",22.0717,17.2979,51.4618,22.2584,20.3425,26.7208,17.0283,28.2607,14.0762,19.3944
"APEH",89.7759,107.1114,71.2095,69.1663,157.5654,78.4325,79.5181,96.1449,111.9009,85.4244
"INTU",1.2767,0.7183,2.5986,1.3853,1.0746,1.4595,0.9216,1.696,0.9879,0.9815
"RNF123",12.4973,12.289,12.4694,12.3365,14.0893,9.0698,5.0216,15.1103,13.4681,11.8906
"HSPA4L",1.6389,2.1353,4.1875,1.6661,1.7755,2.948,1.64,3.3315,3.325,1.4711
"MFSD8",5.2792,3.5584,7.4585,6.5292,5.0842,8.1735,7.2365,4.8628,6.7965,3.5875
"MON1A",4.2756,7.5292,4.9919,3.7863,9.1397,5.7245,3.0749,6.0434,3.9091,6.142
"MST1R",21.2427,38.3386,16.0304,31.6117,54.5883,11.2179,13.2403,25.4264,39.9059,27.3917
"RAD54L2",5.349,5.8827,8.778,5.5593,5.0093,5.1165,1.4899,8.8377,4.5454,4.7489
"TEX264",38.2973,34.569,24.3801,30.0229,47.9307,40.7233,44.8926,33.5271,32.4449,35.4197
"DUSP7",7.243,7.9055,11.6746,7.016,7.6228,6.0442,4.1044,7.3852,6.5555,6.7744
"POC1A",6.676,16.8593,7.8389,9.8053,33.5514,14.0452,18.8317,15.9205,25.0887,18.6136
"WDR82",72.4738,76.386,112.4166,71.9437,70.6499,86.983,43.0845,95.89,55.629,72.9736
"PITX2",0.1673,0.0275,0.1738,0.4816,0.307,0.2411,0.6873,0.0366,0.5203,0.1784
"C4orf3",135.9644,112.5678,252.375,123.809,85.2754,256.5281,139.03,144.6242,97.2813,118.1821
"PRSS12",4.6806,6.2607,3.5288,6.3816,6.5586,2.1259,2.86,5.843,7.6124,5.3016
"HMGB2",120.0072,132.495,147.4188,188.2121,188.5007,197.5975,159.4993,139.0124,179.6314,178.2034
"SAP30",16.3845,15.0902,29.54,13.4084,20.3578,31.9798,18.383,21.1877,13.8622,19.1647
"MAD2L1",6.9162,11.5786,9.312,8.0012,19.3296,17.7329,27.72,11.3014,20.912,9.3937
"ANXA5",183.3797,228.8462,317.5248,133.9693,119.7997,254.032,155.4927,221.215,120.2258,170.5795
"GUCY1A1",13.9083,9.4464,68.9729,18.3191,1.8222,40.669,7.4965,28.2378,2.9541,13.7719
"FBXO8",46.8,25.2182,52.1713,38.192,29.4426,63.1942,55.6561,35.9475,31.2586,35.8741
"CEP44",7.3476,3.2179,13.1974,7.651,4.1239,12.8126,10.7783,6.7142,5.4736,4.2584
"HPGD",75.149,59.9736,95.0494,144.4607,96.8809,162.7097,120.559,63.2829,149.4944,81.2682
"NAA15",10.4112,17.4124,16.109,12.1053,17.4889,15.3054,8.1971,14.47,11.9792,10.3141
"IL15",2.2445,1.2068,4.1087,3.0223,1.4022,3.9469,3.8549,1.7809,2.4146,1.94
"FAM160A1",7.0116,7.7074,4.6699,7.3274,11.9278,2.8736,2.2334,9.1842,10.1499,6.7776
"ARFIP1",55.3948,44.7535,59.6146,48.4017,59.0375,73.6536,63.6037,50.3375,65.8929,43.5898
"ICE1",12.8635,14.0992,23.7247,14.0488,14.4416,14.806,5.8188,18.8948,12.0304,12.6534
"ANAPC10",2.1405,1.1273,3.4164,1.899,1.2636,3.7544,2.6387,1.4748,1.7523,1.5639
"ABCE1",19.615,29.7848,25.784,18.6214,29.7426,27.6172,18.5917,24.0524,21.7798,14.8484
"OTUD4",13.0505,11.4594,24.7055,16.6289,10.8012,14.4563,7.0311,14.8666,10.137,12.3607
"LSM6",9.8683,12.2096,11.3606,10.5176,11.1492,17.552,17.5773,10.0931,10.0468,11.3496
"TMEM184C",30.194,23.3192,33.5059,25.9468,31.5988,31.5749,26.5498,25.4247,32.9473,21.6164
"PRMT9",8.8687,8.3842,11.5423,7.3194,5.9654,10.259,5.7199,13.3527,4.6918,6.1911
"ITGA2",9.181,53.8933,16.0344,10.1888,26.1541,5.6452,5.0121,15.5649,14.0193,9.1784
"MOCS2",19.2363,13.9708,30.9579,14.4665,12.7129,38.3544,34.7391,20.303,13.9251,14.4058
"EDIL3",51.8532,50.5929,103.2304,50.7968,64.4597,87.1701,77.1696,73.028,40.5239,45.1939
"ELOVL7",16.513,21.5327,12.1721,13.1205,21.0853,17.1691,17.7279,10.5122,21.617,11.7909
"NDUFAF2",6.9428,7.6899,7.9881,5.3401,6.6827,13.3577,12.9377,8.653,5.3536,6.1387
"NIPBL",14.0554,15.4392,24.9946,20.5305,18.3676,11.9326,5.9094,21.0252,16.5009,14.9714
"SLC25A46",25.8722,20.4694,36.897,26.3423,25.7493,44.2351,32.2072,24.0515,35.0202,19.5801
"STARD4",14.5822,24.0742,9.537,7.7926,19.4459,15.3161,17.7388,17.1152,48.9176,8.4911
"PGGT1B",10.4478,12.414,14.0992,14.6932,14.5681,12.7573,6.5638,11.9115,16.3372,11.2167
"F2RL2",2.3917,3.0539,8.4493,1.5693,0.8594,3.6395,0.7975,6.7093,0.9068,3.1807
"CCDC112",14.1393,6.9979,20.9882,14.8074,15.5222,15.9523,13.9359,7.1771,11.7008,9.3435
"CMBL",77.9494,91.9184,133.862,96.19,168.9183,104.7541,155.9079,94.9075,141.6132,90.6338
"PRRC1",27.2632,26.2293,35.2836,23.3854,31.5297,26.8823,17.158,23.6359,33.9017,22.1819
"F2RL1",159.1597,343.9521,131.2546,163.8208,351.3458,201.9528,221.9699,229.7433,241.123,193.8956
"AGGF1",9.2938,8.4419,12.335,10.1197,9.4084,11.1845,6.521,7.5733,10.2985,8.4834
"WDR41",11.4785,9.2205,13.7229,9.8315,10.738,15.513,14.7414,10.651,8.4221,8.8549
"NDUFS4",135.4736,117.9592,144.673,99.1979,136.3972,214.1416,275.1546,118.977,113.9981,122.6711
"SPINK1",429.5585,355.7799,136.1462,89.6639,218.4492,408.5116,614.9731,161.0029,91.756,133.2753
"ESM1",0.1325,0.0592,1.2904,0.4197,0.0535,0.144,0.7141,0.1573,0.1177,0.115
"GRPEL2",7.136,7.3539,11.7085,7.0061,8.8011,12.5255,11.9409,8.5999,10.0236,6.6348
"ARSK",4.6291,3.2167,8.856,3.884,2.9753,6.6319,4.7514,4.1119,2.3268,3.5208
"RHOBTB3",17.7353,15.027,34.1752,21.403,21.5461,17.7403,13.27,28.8419,14.0936,13.2804
"GPX8",10.7681,6.2486,22.0793,7.4491,5.6384,17.7849,13.2252,10.4287,9.0502,8.0012
"SERINC5",51.5845,54.9645,40.1149,51.9539,71.7835,28.7851,20.0559,53.1119,64.9425,39.0535
"CASP3",68.3056,48.3557,64.2006,61.9208,75.0619,81.8268,115.6132,45.8813,77.2705,61.9102
"PRIMPOL",11.4162,6.7398,14.7166,9.3722,6.1977,17.0664,19.2524,10.6275,6.08,7.1996
"ERAP1",28.3476,33.4104,54.1922,42.6942,38.122,23.7687,15.444,56.3063,32.6927,24.5521
"ERAP2",2.7183,32.0981,45.2137,27.3883,1.9129,22.6444,27.8394,21.9693,2.6781,20.4232
"EGFLAM",1.6067,1.6918,3.4152,1.4133,0.629,2.4449,1.233,3.4669,0.6792,1.845
"RICTOR",6.0651,5.0002,11.2073,8.3785,4.4753,7.8495,4.2986,6.6689,7.0694,5.3753
"TENT2",27.0072,17.7963,32.3963,26.2037,23.0225,29.4013,25.4786,19.8723,27.7076,18.4807
"EBF1",5.1965,3.2197,12.0383,7.6245,0.8567,5.6063,1.5806,7.3296,3.8537,4.3606
"ANKRA2",20.2677,9.3616,23.4688,17.9869,11.965,26.4993,29.5866,14.7668,19.2335,10.5832
"UBLCP1",29.1018,29.7298,45.1314,37.1597,23.6469,48.1559,32.378,30.1283,28.7292,25.4425
"UTP15",4.1164,7.8592,5.7386,4.6693,6.6055,5.5898,3.4277,7.4991,6.3526,4.3097
"TLR3",13.3628,3.869,22.1839,23.3323,10.2242,12.3919,9.3447,10.6723,18.5931,10.3928
"NSA2",61.6519,55.6252,74.7224,39.1673,42.9639,94.6912,90.6846,46.518,42.2541,42.4745
"GFM2",20.244,11.8475,17.8177,14.9481,18.6934,23.0163,27.0602,18.1405,20.7325,13.2069
"CCDC127",5.5952,3.9156,13.1119,5.8204,3.5257,8.6671,4.9432,6.8123,3.1886,6.4778
"FOXQ1",0.4595,0.4989,0.4122,1.189,0.415,0.3205,0.573,1.0542,0.804,1.4549
"ACSL6",0.1828,0.125,0.2635,0.2216,0.0706,0.2007,0.1677,0.1588,0.1026,0.1762
"CSF2",0.1939,0.1348,0.348,0.0956,0,0.1968,0.5889,0.1343,0,0.0655
"SEPTIN8",28.1647,21.9866,29.6569,25.7382,34.5741,21.1276,17.8516,28.9876,39.1207,26.8907
"SHROOM1",22.7364,16.2182,17.5568,35.2591,28.205,10.7355,11.7645,26.534,28.9966,27.5933
"UQCRQ",128.5075,129.9004,92.6498,102.7705,171.4948,183.3184,358.9766,110.7495,157.9411,147.5481
"SLC35A1",35.3335,30.1715,31.5408,24.4044,43.1991,45.7587,63.8964,22.4031,31.0357,25.4986
"CGAS",2.7705,2.7097,5.0372,4.9269,2.5653,3.343,3.4146,2.2445,1.7655,3.3143
"CITED2",133.9084,68.8867,135.5329,109.9218,92.5831,126.7324,69.0575,134.9136,59.9158,86.7224
"CREBRF",9.451,4.6887,18.3672,11.2141,4.9016,13.9165,5.9018,7.755,5.9109,8.1364
"PDSS2",29.2981,21.5866,24.1298,22.5544,36.4307,28.0153,26.0021,28.2935,30.596,19.8918
"STXBP5",13.2888,20.9184,16.9964,14.974,23.0019,15.8748,9.4096,16.2908,18.6554,14.1872
"DAGLB",8.5485,9.1055,8.2696,9.6352,12.72,6.6738,5.0341,7.9463,9.2618,11.1637
"STK17A",13.3656,20.2663,14.7986,28.3659,13.4506,19.9158,16.6221,17.3418,17.8053,18.4839
"TRA2A",53.5662,39.9607,60.2403,58.1677,54.5018,64.5792,60.9544,44.1374,50.2565,44.3221
"GALNT10",19.0019,26.7472,25.6403,25.234,22.3149,18.7452,10.0294,31.5021,34.1837,23.0503
"SAP30L",24.2881,19.3766,44.8489,29.6648,20.961,32.0293,13.0033,28.4904,29.4695,23.2952
"RPS14",641.2863,417.024,530.3127,253.6306,409.6682,990.4356,2155.1187,422.9821,293.2229,412.1157
"COG5",16.8599,16.4162,21.1197,13.1962,17.629,20.0428,14.6838,16.1175,14.8625,12.2392
"BMT2",9.1766,5.2361,19.0324,8.2555,5.3207,19.8487,15.7433,7.3638,4.7965,8.517
"SLU7",40.0157,27.3905,52.0801,38.1146,29.983,46.7177,33.3466,36.0146,34.8423,30.8153
"RP9",8.4683,7.4859,11.06,7.6874,8.6634,10.5211,9.2409,8.0187,7.1694,8.9335
"PTTG1",12.6134,20.6753,14.3021,26.5844,52.5613,31.7151,40.7474,23.503,51.8761,31.8859
"CAMLG",17.5698,10.8148,30.7753,13.7368,12.3049,38.9385,22.8358,16.9909,9.8327,13.8132
"RELL2",0.6903,0.5345,0.3539,1.429,0.7436,0.5102,0.4363,0.7172,0.7056,0.6195
"KCNK5",31.4846,66.8554,31.9693,73.9548,60.6693,24.488,26.2497,80.9811,53.852,87.6956
"ZNF12",13.7771,11.077,26.6114,14.4117,11.3428,20.2654,13.3926,14.7118,12.1367,11.4471
"SLC29A4",3.5505,3.6277,3.7755,7.2982,3.6852,2.7882,4.4376,4.9732,3.5453,3.4732
"STEAP1",22.0404,22.4229,16.2815,20.4422,50.2852,26.4095,39.9286,26.7386,27.1484,15.1111
"CDCA7L",18.6035,18.9681,29.2035,17.1589,21.9853,17.8176,11.4058,24.0857,11.782,16.5567
"MIOS",10.6379,12.0926,12.1721,12.0163,12.5866,12.2159,10.3078,9.7753,10.1261,10.6558
"USP49",1.2082,0.9773,2.7288,1.883,0.9233,1.5191,0.9348,1.7447,0.9723,0.9169
"SYTL3",3.6589,5.519,4.1666,4.578,2.6693,4.2027,2.5866,8.0599,1.8606,4.1352
"HEY1",2.8503,2.7677,6.4974,3.336,3.3865,4.0124,2.6096,3.3086,4.2746,3.8853
"ZNF704",9.8405,7.4194,19.8139,11.0373,9.4315,9.1582,4.0062,14.918,9.8309,8.0104
"FABP5",22.6892,58.5938,20.3087,21.9181,48.242,34.1192,45.0174,48.7311,36.7893,49.1786
"SHH",4.5454,4.7987,0.8733,4.5911,2.8347,2.5623,2.3304,8.4237,2.9673,3.1658
"TAGAP",10.8515,10.5446,5.5666,18.4776,3.6402,7.8109,3.9881,8.3231,3.6625,8.8871
"COL1A2",173.7179,229.6979,428.2324,194.4746,82.6559,96.9001,42.8492,351.1637,82.4397,200.3327
"CHMP4C",41.5911,19.0379,4.5904,34.8172,23.8261,46.3371,61.1358,26.493,49.5027,17.6428
"LMTK2",20.2007,34.2104,25.3887,35.343,47.177,13.9703,10.0372,35.0125,46.5732,25.8234
"CTSB",233.9077,210.6257,182.4278,157.0392,155.2553,278.9995,164.263,212.7694,100.0385,184.1345
"SOX17",3.583,2.8066,7.8321,3.4357,1.3713,2.9079,0.7347,10.9422,3.8842,3.6525
"DLC1",9.5046,9.8613,28.2586,8.9024,2.4206,9.616,2.1865,24.1973,4.0443,9.2311
"HNF4G",35.3111,26.2787,26.5836,34.2489,40.6281,30.9795,31.3969,25.6644,47.2259,23.7486
"PEX2",38.4563,22.783,43.4531,25.999,24.5245,78.208,116.1711,28.4509,26.5032,26.1365
"RAD21",91.3196,93.34,125.1149,103.6928,114.6918,129.6767,86.9385,100.6106,114.7225,100.2008
"MED30",25.0473,19.5436,22.409,19.4076,20.3064,33.808,34.2499,24.4428,19.6445,22.9774
"TNFRSF11B",6.2868,13.127,4.9127,6.5673,8.0662,11.4492,8.1543,6.1315,4.3531,5.9181
"SBSPON",2.3329,2.0967,8.2229,2.1648,0.7965,5.307,2.9583,4.353,1.2404,4.583
"SPIDR",19.7057,14.907,19.8908,16.6114,15.3268,20.3367,15.1818,20.6285,13.0002,14.851
"ORC5",12.1203,12.619,17.6003,10.4578,14.7887,18.9432,19.9903,11.754,11.639,11.1443
"DEFA5",2.9175,9.1229,0,0.1659,3.9131,1.366,3.9424,0.2332,0.1745,0.4548
"DNAAF5",14.8071,17.1297,14.367,12.546,24.2261,11.6516,8.8771,14.1608,18.5249,12.9498
"DEFA6",3.944,7.8793,0,0.162,2.3749,1.6671,5.4173,1.1383,0.852,0.555
"OSGIN2",12.3337,13.6086,27.1196,12.865,11.2946,26.1292,7.932,18.4426,12.8177,12.5082
"DEFB1",43.7436,32.4262,24.1331,132.9804,55.3134,65.1181,286.7267,42.343,34.8649,67.0353
"SUN1",26.7486,25.0039,43.0761,26.9467,28.8131,26.6713,15.2383,35.594,27.8237,24.5199
"GPER1",13.9308,9.9806,27.9245,14.5206,13.0992,16.6313,6.8561,17.0836,12.5594,13.5864
"NOS3",2.4394,5.7925,2.6972,2.9847,4.3231,2.222,0.7489,6.1219,2.7923,4.282
"MICALL2",11.2572,12.4146,6.9201,12.901,14.6536,6.6691,7.358,12.8492,18.8586,10.3694
"CA3",1.1177,0.4427,1.0429,2.2807,0.5899,1.9389,1.1344,0.7664,2.1557,0.9513
"INTS1",25.8476,40.9939,33.7517,32.4318,55.8326,18.143,11.2089,46.502,40.7183,43.8849
"CDK5",15.1813,10.6569,10.8807,12.762,16.6655,16.1307,22.6342,13.3357,14.7324,14.194
"SLC4A2",21.932,26.6691,30.2135,17.8222,24.2866,20.2662,11.7868,35.3161,17.1247,21.7725
"FASTK",47.476,43.7497,45.1421,44.0292,68.5839,38.3431,44.8438,50.0771,46.5227,48.4577
"TMUB1",59.6635,62.8919,41.4923,54.7218,89.9396,46.3628,51.9041,56.6227,65.07,67.1857
"FMC1",1.1508,0.7597,1.1014,1.4181,1.3739,1.9847,2.1464,1.4348,1.074,1.3216
"PHAX",22.2444,21.4313,42.3617,31.8635,27.0888,31.6056,21.1071,25.5104,24.3644,25.1045
"ALDH7A1",9.0944,8.0239,11.3386,7.6573,11.2787,10.2171,8.6036,11.9986,8.4086,8.022
"FOXK1",8.361,12.3775,16.0563,11.3574,13.7055,8.1567,2.6656,17.4464,10.8948,12.9696
"COX6C",124.7105,113.9334,125.2215,125.4091,134.6617,181.2837,191.7083,130.2922,126.7757,123.7932
"OSR2",10.0149,5.7812,17.1907,7.9699,2.7859,7.9109,3.6426,7.8761,7.4641,6.078
"YWHAZ",320.9324,439.033,315.2303,318.1028,411.3293,395.6161,285.2325,352.8604,418.0184,308.8187
"FZD6",18.1968,10.633,25.8161,13.713,9.4731,24.62,16.1771,15.9502,16.8808,9.4475
"CTHRC1",9.78,2.3431,8.3294,5.3529,1.1557,7.0191,3.9128,4.0341,4.6317,3.5497
"DCAF13",9.6416,12.5375,11.3186,7.2389,13.7275,12.4216,13.8504,9.3556,8.631,7.6426
"TP53INP1",24.1131,21.6615,28.5434,46.6283,15.8178,20.3867,20.7692,24.2649,39.5561,18.7338
"INTS8",13.5034,8.0601,14.6777,12.9857,13.4352,13.0582,11.3854,10.0394,11.0406,11.6217
"VIRMA",14.477,14.0696,24.3232,15.2965,14.8256,17.8641,10.4588,15.6649,14.0166,15.3059
"FREM1",3.0785,2.259,7.9106,6.0543,0.5339,3.2699,0.5288,9.3332,0.5555,3.2503
"GEM",102.0027,41.79,78.6058,94.3601,6.3645,97.2532,13.3181,162.9438,7.0022,52.6322
"PDP1",13.8904,30.7474,17.3072,13.7377,13.2975,16.8212,7.3577,23.2437,17.1655,17.2522
"TMEM67",1.9535,1.1199,2.7824,1.4894,1.2313,2.5175,1.5729,1.9091,1.073,1.367
"WASHC5",33.0604,29.9334,44.6991,30.4288,36.3011,35.53,23.7575,34.9932,33.7217,30.3447
"RPP25L",72.4034,51.3978,59.3517,56.1517,97.1294,89.6609,137.4973,48.3241,60.3722,68.9666
"SNAPC3",14.1383,8.1111,23.1542,15.778,12.2408,19.0208,13.3493,12.9313,19.7148,10.1554
"MYORG",54.4047,72.4387,58.0072,79.2313,93.6916,38.9592,24.7392,64.5867,131.9044,81.3951
"NUDT2",61.2938,36.4226,65.0032,33.9787,40.0499,91.7543,73.1477,50.8077,31.3114,53.4947
"PSIP1",32.6783,23.2902,64.1276,37.9213,20.405,47.6463,18.0568,36.9183,20.4323,27.4626
"UBAP1",70.1118,61.5666,91.3474,59.1869,60.1401,91.2248,78.2711,85.5223,47.1086,62.419
"SYK",57.5047,58.2976,43.0046,66.4513,61.7653,39.6089,34.6591,47.7679,46.7826,49.3795
"ABCA1",11.8118,9.7886,26.8687,25.6143,8.6819,21.5896,5.1662,16.4344,2.2773,10.9763
"NFIL3",72.3127,44.6244,40.1685,54.2147,28.4586,49.1535,29.0321,101.582,26.6827,45.2385
"METTL2B",6.2349,5.5311,8.7499,9.2417,10.4226,9.1661,12.2286,6.5328,7.5728,7.9466
"FXN",2.6801,1.4187,3.4622,2.2409,3.5577,2.8399,1.762,2.6898,1.8661,2.1185
"ALDH1A1",175.3788,176.8557,486.8728,175.3516,118.2118,338.8836,157.3689,331.7552,84.8745,190.298
"KDM1B",21.4237,33.3586,24.2402,25.1498,30.2156,18.763,12.2812,24.6511,42.3762,22.6721
"HGSNAT",29.4634,36.749,42.2789,28.1619,28.0706,23.5064,11.1967,35.979,23.3174,25.5551
"GKAP1",5.0764,2.8095,10.4257,6.1556,2.484,10.1858,5.7288,4.9164,1.281,3.596
"KIF27",1.2178,0.6793,1.6655,1.2167,0.7693,1.3924,1.302,1.0738,0.8908,0.6136
"HNRNPK",291.9935,328.8952,354.0272,274.1701,331.1862,300.8047,174.7482,345.0497,322.475,273.1783
"SVEP1",9.72,8.979,20.0178,8.8051,1.6814,4.2002,1.219,21.387,5.7392,8.434
"ANKS6",10.9107,9.4671,10.1914,7.4972,8.9778,6.377,3.6952,9.4725,8.3691,5.6092
"FBP1",40.3765,41.3268,27.2151,28.7971,49.7985,29.5911,32.9556,37.0199,32.7821,30.2632
"ZHX1",18.9232,15.4023,33.8744,19.7132,18.3346,28.5539,15.684,20.148,25.5263,16.6746
"CYBB",52.632,30.2942,59.3821,55.2009,13.9052,48.9227,30.5768,39.9718,16.9525,32.7881
"DYNLT3",31.056,35.0765,56.1372,41.6723,23.6844,59.7313,31.2328,38.7975,33.4478,25.0152
"METTL27",21.8179,1.5014,8.0066,1.9222,2.6491,2.2989,6.2176,1.6426,13.6072,7.5826
"MID1IP1",27.3518,29.1461,33.3941,21.8495,36.4506,30.7233,16.9117,40.334,13.5313,25.3664
"PIGA",5.4473,6.8421,5.0107,4.919,5.7063,6.7373,4.8975,7.3078,6.7102,4.199
"STRBP",17.2321,16.0587,18.1791,22.902,24.8264,13.6123,10.7667,17.6103,28.9009,18.7253
"CLDN3",856.2849,1418.8963,230.0403,711.2479,1941.6708,385.9646,590.3147,790.8153,1031.0955,979.0107
"GAPVD1",8.3043,10.0626,13.915,9.924,9.6946,8.2159,4.3204,12.6524,8.7875,8.1491
"CARD19",21.9676,18.9863,20.347,14.9582,24.2724,26.0585,27.7033,22.8408,22.9334,17.6361
"WNK2",39.4294,29.3863,35.8644,24.3429,50.991,19.1484,11.487,42.574,29.6529,27.2016
"ATP7A",4.7631,4.177,8.5888,4.9943,4.0232,4.9267,2.4403,6.6209,4.0127,3.2049
"NDUFB6",104.0559,100.6826,96.8876,82.829,95.3373,172.9971,246.7942,101.3895,97.3044,90.1649
"AQP7",4.4029,2.1632,4.1069,6.6968,4.3692,3.3647,1.9182,3.4157,4.9477,3.793
"NOL6",17.8481,38.4207,15.2508,11.2729,35.1021,13.7092,8.3388,21.855,16.5113,18.6443
"AQP3",17.0454,31.6482,15.2617,18.9939,21.3602,16.3512,16.2366,27.9644,13.6918,18.1933
"TRMT10B",6.008,4.5207,10.3023,6.8337,4.9757,7.5736,4.1634,6.8146,4.9766,4.1965
"VCP",85.6975,154.6246,100.7677,83.4951,139.321,73.8998,40.5069,134.1958,100.2546,112.8949
"PIGO",19.1383,20.5955,15.3094,14.9322,32.2185,11.6406,10.7805,21.519,23.9834,20.2713
"STOML2",175.7358,190.2887,138.841,112.6595,241.3515,229.2164,328.257,174.1432,139.9178,149.9968
"BRWD3",4.6312,3.8275,6.5699,5.9749,4.7799,3.6762,3.097,4.8191,5.7895,3.5974
"MELK",6.535,14.0017,7.7584,8.4187,24.0931,10.9489,13.3138,13.3565,22.4086,12.8419
"OTUD1",30.1181,24.495,30.4192,58.8915,17.6639,29.7346,11.5945,45.7826,21.5049,28.9332
"ARHGAP12",29.3372,33.2052,42.0157,28.3243,28.7008,33.9352,26.1971,27.6665,32.4339,24.9582
"FBXO33",15.02,13.2026,15.9908,16.8722,12.8481,16.7598,12.9208,16.5668,12.4215,13.9329
"INTS6L",5.5011,2.153,6.1138,7.0952,4.3218,3.1216,4.2303,3.8496,7.4193,3.2797
"CLDN2",0.732,3.4881,0.1608,0.5081,1.0983,0.6365,0.5054,2.8715,1.7893,0.8174
"SPTSSA",111.2646,105.7806,103.9475,98.5047,129.5794,142.1131,163.0855,95.3393,174.1342,88.4031
"WRN",5.9854,5.9739,7.338,5.0207,5.5011,6.5528,4.1119,6.8752,5.0403,4.7588
"MARCHF8",22.5979,22.6854,37.874,32.6632,25.1894,22.2477,10.9102,35.2952,26.1563,24.9508
"CFL2",56.005,45.052,207.983,50.7882,7.6074,211.6547,67.8997,89.0642,9.2835,56.1934
"SUGT1",9,8.3647,12.6933,9.8164,10.12,10.7797,8.7131,9.207,9.35,9.608
"GTF2A1",20.7178,18.1952,32.5022,26.1212,20.8703,25.7572,12.5471,22.8045,22.0674,19.495
"PGM2L1",7.1293,9.904,11.7103,6.3389,8.0371,5.1905,3.1703,9.9746,7.128,7.7939
"SLC16A9",32.1374,35.9553,20.8255,49.9867,88.2463,11.132,18.739,22.2399,41.5246,24.4748
"FOLR2",111.3852,45.2623,76.0487,45.4313,26.7542,138.6737,146.1565,73.3003,8.8975,28.3246
"INPPL1",45.1239,38.7949,51.4496,44.8489,41.763,34.4212,17.6666,54.1525,38.3295,38.443
"GJB2",44.5396,87.9987,37.43,48.5039,101.9107,35.9407,42.0409,58.9405,82.3773,56.3548
"CRYL1",68.5802,50.8172,62.9563,47.9792,78.3976,101.1166,172.8567,56.1336,74.8801,49.5309
"REEP3",41.5364,46.2573,80.8259,54.7018,41.0177,89.7704,47.1848,50.3508,57.6169,36.0093
"SKA3",2.6169,6.8899,4.0249,4.774,13.8055,5.275,7.8496,5.5612,12.4487,6.8182
"MICU2",49.1242,44.2645,50.8949,48.9679,54.6617,65.9534,68.8778,41.9679,69.9589,41.8436
"DDIAS",1.021,1.8101,1.4382,1.4956,2.626,2.1054,2.0363,1.9332,2.3301,1.4309
"PCF11",13.6177,11.1151,19.7231,18.6146,11.4742,13.2981,7.4411,21.0896,13.4652,13.7463
"LRR1",12.8968,15.3399,14.1004,17.3305,23.6833,24.388,32.033,12.8459,19.8528,17.0712
"RPL36AL",738.0798,940.3993,880.5975,694.7854,843.389,1286.9029,1351.886,827.9121,714.7874,774.5077
"DNAAF2",18.5327,14.9114,16.2745,15.9666,19.1931,25.5454,31.2634,12.6232,15.4644,12.1027
"KLHDC2",28.5394,15.4955,32.2167,21.1717,17.7653,38.3007,30.4017,24.2321,16.9286,19.3028
"NEMF",8.8436,7.298,12.4526,10.1782,7.7937,8.3402,3.7235,9.8729,8.6826,6.3696
"RPUSD4",17.1893,15.3535,18.3006,11.7211,20.4249,19.0147,19.0537,13.9682,14.3487,12.7497
"ARF6",180.8466,199.1891,165.5113,172.3328,245.5522,174.2283,134.1711,164.4684,258.5731,169.4022
"TTC8",8.1012,4.3451,13.3095,6.5854,4.4662,11.7825,8.624,9.3643,4.2931,5.7913
"TMEM63C",3.2265,5.3075,5.1575,8.8671,6.4669,1.7056,1.844,10.4643,13.7232,3.902
"CDX2",193.2874,94.121,121.7459,160.7671,356.1061,119.3571,150.9009,88.8818,207.5025,245.823
"KBTBD6",4.779,4.9001,14.3215,5.3107,5.0822,9.5088,5.2814,6.2293,3.6637,6.2329
"FAAH2",10.1685,8.1004,5.1615,7.2754,11.2487,7.5256,9.1276,6.5014,8.5557,4.8832
"NUDT5",21.921,23.6296,19.0598,18.7715,26.977,23.5813,24.4114,22.1887,25.3487,17.1889
"DACT1",3.3562,4.4713,12.2044,5.6529,3.2576,6.68,2.6609,7.586,1.6076,7.7473
"OXGR1",1.8584,6.3903,1.5814,1.6998,3.0878,2.2449,1.2216,3.364,7.9268,0.9512
"ATP5F1C",326.9177,310.2929,326.6404,264.7931,416.5537,490.9583,617.4053,314.9123,382.1506,293.631
"PRPF18",10.8297,9.733,12.5916,8.2519,10.155,12.7381,9.5984,10.5341,10.6998,8.9297
"TAF3",8.5481,6.2848,15.6575,10.2447,7.4657,11.6879,4.6641,10.1297,6.4041,7.8566
"VDAC2",95.8865,179.7915,127.0798,93.1018,152.6394,141.4144,87.5582,138.959,140.0338,136.9435
"PDZD8",17.898,21.6893,20.9655,17.3836,33.0658,17.5434,10.4743,22.7689,21.253,15.7464
"ABRAXAS2",22.8427,21.1321,31.9869,23.733,23.6582,29.8281,21.9397,22.3537,24.0263,20.9619
"QSOX2",10.8203,9.8508,8.9768,10.9119,10.3796,6.5448,4.7424,13.2175,10.2635,10.0691
"NSD1",14.2003,13.4529,20.7442,15.5454,16.0298,10.0025,4.2937,18.1614,13.855,12.3258
"PRDX3",186.4516,129.0328,189.1302,113.9629,161.6512,295.1507,355.9339,161.3395,127.2881,118.5287
"GHITM",456.354,443.055,449.0078,427.4007,578.2773,564.2277,549.3004,459.0269,697.5448,395.1356
"SNAPC4",8.2196,7.3677,7.2841,7.7195,10.2692,4.8249,3.2981,8.3931,7.4134,8.1546
"PMPCA",26.3431,29.0383,21.7491,20.4759,34.2786,25.1627,20.7849,28.2141,22.8028,22.8756
"ENTR1",20.5853,27.7513,21.0035,19.0602,30.0668,29.0026,24.8218,25.6042,20.807,20.4961
"SPACA9",6.5687,3.2729,9.6173,4.7231,2.6193,7.9087,3.6397,6.5247,2.8069,4.0044
"TSC1",5.8875,3.6174,9.0894,7.3146,4.0185,4.9596,2.5951,6.3424,5.083,4.4404
"HPRT1",40.1355,52.4739,45.0829,42.571,64.6357,60.9304,81.1354,51.2214,59.0848,42.7807
"BORCS5",3.6868,4.2174,5.7747,3.4765,4.4393,3.8273,3.1814,5.2426,3.5355,3.9889
"ZMYND19",14.3971,19.4684,12.5732,9.857,19.2903,14.1626,11.113,19.1181,12.1905,13.2499
"DDX21",44.9406,102.7933,52.1863,40.8227,86.4619,55.4482,27.3132,89.1796,54.2544,36.3811
"BMS1",15.4361,21.3179,18.0258,16.3104,22.2841,12.1193,6.8435,19.8167,15.1247,16.7516
"JCAD",28.1962,24.4978,135.516,25.9646,1.6801,69.4325,8.925,58.8275,2.4995,35.665
"PIP4P1",28.8782,29.4535,26.3302,23.8589,24.6314,37.8584,29.1073,33.2417,32.1759,27.039
"METTL17",13.5458,12.4433,12.5516,13.1816,20.027,13.9122,19.2032,15.0085,16.1985,13.1782
"SLC39A2",1.6173,2.1577,2.3796,1.5783,8.5055,2.6087,3.6196,3.3269,6.7919,1.7698
"NDRG2",82.3735,64.4792,90.1663,49.278,98.0589,102.8212,83.4904,85.4431,60.3682,60.8005
"NSMF",20.2012,31.5033,21.8909,21.0124,29.0826,18.8323,14.2561,29.8404,26.3107,22.8109
"ZNF219",20.4218,34.0132,25.1342,15.4321,29.7545,17.3705,13.1725,35.6751,14.9011,32.9637
"CASP7",94.1019,71.0054,106.4465,126.1319,174.1942,110.7879,113.842,75.8763,228.6991,97.6494
"BTNL9",2.5275,2.014,5.5541,3.1009,0.7336,2.0485,0.8699,3.2539,2.0369,1.6053
"CCDC186",14.8027,15.789,21.2719,22.3401,18.0743,17.8154,10.3525,14.6446,26.6505,12.8545
"METTL3",9.283,7.4109,10.2472,9.4338,10.9285,8.4518,7.9964,8.6062,8.5579,7.6534
"PRAP1",0.204,0.7798,1.0984,4.1235,1.0257,0.207,2.4781,0.7067,0.9521,0.9648
"TRUB1",27.4606,15.8163,31.9782,17.9374,23.0803,44.0918,40.7429,21.1921,19.2427,14.07
"ZFYVE1",15.2197,12.3882,24.1786,17.8627,14.7767,13.9019,7.0413,15.9647,12.4052,18.8395
"HSPA12A",1.6818,2.0145,5.252,2.0587,1.3395,2.7244,0.9984,3.2991,1.3811,1.8239
"FRAT1",12.1148,6.6651,7.4651,9.9109,11.9448,5.7738,4.1854,8.5847,7.5793,14.0121
"UBTD1",9.7433,7.1251,14.2643,6.2202,4.7519,13.6969,6.3191,10.8621,4.1375,9.5277
"E2F7",0.5345,1.3589,1.2642,0.946,1.5494,0.764,1.0116,0.9507,1.5367,1.1815
"ISCA2",17.1777,10.7077,14.5053,13.8954,17.1902,25.5244,36.3993,9.9034,19.9602,13.5147
"LARGE2",3.282,3.0502,0.5222,2.2711,2.499,1.4269,1.7672,2.6372,3.1685,1.9658
"PACSIN3",11.9824,14.0122,40.5471,14.4916,1.6905,32.106,5.9673,34.4085,1.4668,22.1276
"TTC7B",1.9115,2.0748,5.5618,1.8524,0.4786,4.1443,0.8945,3.8599,0.4694,2.5533
"SLC39A13",20.8047,15.7595,27.0906,14.5097,14.2609,19.5878,11.3065,24.5976,9.6734,18.8483
"PSMC3",143.0943,164.2919,151.2176,106.109,168.77,195.3365,160.5991,172.5998,120.9814,168.7129
"CPSF2",11.0391,12.2971,18.2315,12.7631,14.6916,16.5468,8.1818,14.0605,15.7215,10.9951
"MOAP1",49.6141,48.0186,88.4855,49.1171,30.5861,85.2767,38.9772,77.9386,27.0081,54.5373
"IFI27",163.7518,68.2345,115.7271,175.9064,297.8972,238.1725,311.533,128.7546,323.6224,258.9144
"HACD1",4.7322,6.5307,21.3946,5.4923,0.7475,15.3675,7.1553,7.9929,1.8915,7.6477
"ARL5B",15.9439,21.5435,14.6746,20.0456,12.0205,21.2995,15.9669,33.1229,19.5278,16.5583
"CEP295",2.5278,1.4943,4.0523,3.0125,2.1132,1.8044,1.4167,2.4807,1.8862,1.5946
"TAF1D",11.7739,8.2614,12.5937,11.4742,10.0669,13.1504,13.5159,9.842,11.5627,6.9947
"AMOTL1",19.5902,25.9675,86.9566,21.9678,3.7962,44.4493,5.3931,52.1741,3.8395,26.8694
"HTRA1",97.3589,73.4192,189.1241,69.5368,24.7758,134.5773,40.5401,144.9777,32.5406,97.6623
"CEP57",11.9234,7.4703,19.6447,10.9477,9.3041,18.3078,13.6016,11.6725,11.594,8.6067
"TCP11L2",3.2956,2.6165,7.2539,5.0325,3.6069,3.9722,3.3065,3.9201,4.2158,3.8386
"SPRED1",20.6338,30.469,29.7477,15.6392,22.1117,34.8397,24.198,25.5151,24.3646,19.1355
"JAM3",12.5222,13.0222,42.0622,13.9582,2.8782,22.4162,6.023,28.9537,3.3309,18.4289
"GPT2",5.6373,10.2076,7.6729,8.5251,16.5736,4.7522,5.1682,9.5258,29.1944,7.5132
"AMN",96.0553,63.3136,30.2864,62.1212,50.1309,24.3825,36.7231,54.2492,28.0078,71.4885
"RAB8B",21.3638,16.1911,37.7799,25.2572,6.8593,30.9448,16.3549,21.9473,9.8136,15.9317
"IKBIP",7.4158,5.0638,9.7935,5.1751,3.2987,10.4281,10.2707,8.137,4.9108,7.204
"RPUSD2",11.994,15.6803,14.5071,9.7755,20.1397,15.2925,17.9508,14.8643,12.9252,12.8372
"HIF1AN",12.9871,11.4386,22.0803,15.0506,13.7472,14.317,6.4601,17.3559,11.8396,13.3375
"NDUFB8",7.7218,7.0127,5.9906,7.3105,5.2603,10.1604,12.0377,7.4137,6.3423,8.0823
"ZFYVE19",13.9964,10.6888,15.5129,16.4718,17.0901,17.8596,18.8925,13.4122,11.623,15.1972
"PPP1R14D",234.329,167.996,115.8746,215.2127,286.3736,179.8106,290.6212,126.736,320.8839,266.7257
"SPINT1",226.8444,253.5654,157.9733,283.0678,450.0024,140.2916,139.3177,202.256,418.6083,345.5471
"FBN1",23.1689,18.6729,60.003,25.8224,8.4963,11.9037,5.4928,42.1032,14.8322,19.0152
"BRD7",20.1485,19.3175,27.8968,20.5466,19.5128,22.9771,13.2487,21.3548,17.4777,19.0142
"CKB",2078.684,2764.5727,1722.8909,2381.2491,3493.3939,1846.1049,1704.1806,2418.1308,3955.2075,3144.0758
"TRMT61A",16.2475,29.5787,25.8867,14.1432,30.2837,25.1336,14.6716,33.1524,14.6802,21.5492
"BTRC",10.993,9.218,14.4039,10.1722,10.027,9.1436,4.6613,11.1972,7.9083,9.5931
"POLL",11.1474,6.9069,13.0205,8.9366,9.417,12.844,9.014,10.0975,7.3829,9.3237
"BAG5",29.8838,40.1144,46.2877,31.9551,36.8744,41.3272,19.9713,53.0091,36.7404,30.8673
"DPCD",20.9378,16.6741,17.3529,10.2458,18.8823,28.0104,28.9701,19.1245,16.7286,15.629
"LARP6",5.3036,3.7013,9.2533,4.2196,1.4443,8.5732,2.4715,6.6352,1.0989,4.6022
"API5",63.288,60.8061,86.4408,56.8812,61.4461,79.4383,54.9733,69.0088,62.0994,56.2799
"HPS6",28.9022,36.269,26.8663,25.0255,41.2451,32.8774,28.2621,33.6515,28.5648,33.3562
"SENP8",1.7077,1.0019,2.8991,1.8144,1.6673,2.3496,3.1934,1.413,1.3519,1.865
"NOLC1",63.4293,112.1514,72.0945,52.5973,109.1285,56.3154,29.6218,98.6448,59.2792,56.8974
"ALKBH3",22.5179,19.7674,22.9302,15.3823,19.4481,25.9599,25.7083,21.8164,18.7442,20.1486
"COPS2",26.5129,25.2597,56.4594,24.9424,21.7094,67.8507,34.6763,31.3654,22.4497,22.3628
"SGPL1",30.1117,39.0364,34.8126,34.7957,45.2914,29.8215,19.8252,45.2608,39.5981,34.6965
"FRS2",11.6427,10.2814,19.466,10.5311,10.3704,15.545,10.0176,14.2,10.3996,8.6055
"CCT2",83.0393,138.7372,89.9871,65.3027,124.0446,119.1229,104.5597,107.0837,76.0352,78.5261
"PCBD1",167.621,133.2632,159.1051,98.2784,151.7896,229.1191,254.3258,165.1605,118.6589,115.966
"ARIH1",7.8159,8.2256,13.5134,8.0669,7.1441,9.464,4.3666,11.2391,7.3496,7.0846
"CLMP",30.1713,31.1857,110.9723,39.3253,6.4849,54.8185,16.4119,57.6386,5.8132,40.5436
"COX11",23.7828,17.2389,25.2632,14.5716,25.2818,36.1905,35.3615,21.781,18.4403,14.3308
"ZNF202",5.1034,4.3456,7.8056,4.2633,4.204,6.6805,5.0852,5.845,4.0627,3.9699
"STXBP4",1.1879,1.0882,2.5011,0.9554,1.1914,2.0695,0.6499,1.8146,1.1235,1.1493
"CUL5",14.6884,11.7172,27.9032,16.0714,12.205,25.5767,12.9105,16.0028,13.2708,11.2409
"BORCS7",26.673,21.0849,43.9619,27.0078,27.0804,52.5997,26.5458,26.6823,16.6958,21.5013
"C2",5.0325,2.9259,2.8665,3.5227,1.8015,3.021,3.2322,3.0124,2.0539,2.7788
"PLEKHF1",5.8747,6.1002,5.9272,6.4249,5.4952,7.0842,6.2309,7.2783,2.862,7.8843
"ANAPC16",82.3887,50.4104,108.1359,72.4717,55.3883,149.557,124.5775,78.0834,63.0573,62.7206
"SMPD1",51.7056,177.8386,46.6905,71.6462,204.375,50.512,35.9867,101.339,105.9211,109.2446
"APBB1",14.7468,18.4796,39.6578,16.6918,4.5873,28.0136,7.256,31.0467,4.0042,23.6339
"NUDT13",3.3343,1.7904,3.2635,3.4661,3.0474,4.7663,5.0224,3.0023,3.0488,1.9656
"TRIM44",24.5954,27.2568,41.2187,23.736,22.7126,25.9056,9.3869,32.7337,19.2066,22.3692
"TAF10",0.7528,1.031,1.5236,1.6826,0.6518,1.4385,0.5923,1.8552,0.9939,0.9756
"TPP1",72.8113,59.8454,75.5123,71.019,63.6336,53.378,31.2079,66.3522,78.2392,58.8191
"DCHS1",8.3361,11.5934,24.6175,9.816,5.6562,8.6617,1.7202,24.9995,2.9734,14.1514
"MSS51",0.9041,0.5917,1.9618,1.6166,1.0503,1.3118,1.1217,0.983,1.6024,0.8308
"CYB5A",31.2113,19.3532,25.8533,19.8093,15.387,49.1,48.7219,25.1599,19.6579,18.2622
"IFTAP",2.5604,1.2066,4.8673,1.9365,1.1003,6.1653,3.7338,2.6959,1.0452,2.0725
"PPFIBP2",15.413,13.237,12.7792,18.1404,16.3104,8.646,10.1261,9.9863,15.9528,14.1214
"MOGAT2",59.8959,24.9775,53.0064,109.373,113.1734,35.4868,56.8132,53.4555,113.0687,67.7431
"CYB5R2",1.3277,2.0449,1.606,1.2883,2.6424,2.1917,1.5502,2.2046,1.9637,2.0239
"GARRE1",15.9267,12.1305,21.0679,16.7115,12.0943,13.7208,8.0987,19.5132,13.0748,12.3554
"IDH3A",22.0111,22.0399,20.4451,18.0842,26.46,25.0868,23.2593,23.9549,26.8851,17.7559
"WDR72",0.1367,0.1053,0.2133,0.826,0.4593,0.4431,0.1856,0.4075,0.4252,0.1024
"PLD4",3.5087,4.9583,2.694,6.1859,0.636,2.5669,1.339,6.5548,0.997,6.307
"XRRA1",3.0221,3.4831,3.7728,2.8022,2.6105,2.6449,0.518,1.433,3.0087,2.5281
"TRIM66",3.0778,1.3148,4.0059,2.9678,1.4218,1.2533,1.1733,3.3688,3.2229,1.5812
"RNF169",4.3005,4.408,8.9408,4.8413,3.9431,4.7648,1.9104,5.6695,3.6376,3.64
"RPL27A",435.9283,300.5479,324.1178,243.216,302.2287,582.6624,1102.2086,290.6965,213.6858,314.7703
"DENND2B",16.2954,12.3944,26.1318,12.3805,8.1641,16.6653,7.3299,21.0386,6.7393,14.9296
"CDYL2",2.0377,3.2371,2.6207,3.1753,2.16,1.5987,0.6685,3.2627,2.0292,2.6087
"CENPN",2.6271,4.8962,2.9207,3.1668,6.0019,4.9972,6.3726,5.3107,5.9074,3.6746
"AKIP1",15.3495,11.6358,21.82,13.3299,16.8888,22.4812,21.5299,15.4874,13.2638,15.2387
"ATMIN",28.9758,29.2689,39.7843,28.4755,26.2668,35.237,20.6634,30.274,31.1434,25.1949
"TMEM41B",23.6856,21.647,28.0779,29.3356,34.9731,24.572,19.6174,23.9652,50.6771,20.5606
"LEO1",31.2465,38.6981,29.0688,30.2622,55.0788,29.3301,20.1546,26.5343,40.501,32.3809
"ZNF143",10.9441,9.0805,17.6028,11.0977,9.7918,17.6636,13.1889,7.9857,9.0462,10.0254
"MFAP4",383.3375,285.9857,534.9118,271.7857,117.9133,417.0746,190.7968,573.1262,126.0201,323.8071
"WEE1",11.7405,26.0361,16.3439,17.4174,10.5674,11.4887,6.5566,24.8481,12.0515,10.0994
"MAPK7",15.7459,16.3918,13.6698,13.7001,15.0532,10.5928,8.3437,18.2235,14.7009,16.2823
"PRKCB",8.6082,11.0582,24.2495,18.176,1.6991,10.7768,2.3699,13.916,3.2702,12.7259
"MCM7",57.4016,107.6886,69.8418,64.7663,129.4634,58.4681,50.3448,102.7923,74.1077,85.9015
"CCDC68",20.1968,22.1792,19.2693,33.1957,26.6782,22.4877,20.0691,21.2416,54.5546,24.0645
"CLEC4E",4.0083,2.0665,0.348,1.1153,0.2031,2.525,1.3179,3.0226,1.1732,0.5459
"ZSCAN21",4.1145,4.0407,8.0232,5.1696,3.5193,7.6725,4.3017,5.4609,3.1444,4.7956
"RIMKLB",5.748,5.6886,14.1634,6.2562,1.6867,12.0381,1.8352,10.3001,1.9356,4.7073
"TK2",5.7058,3.4821,5.9062,4.5683,3.5249,4.7612,3.0007,5.4879,4.0696,4.029
"TMED3",18.1962,17.6534,9.8321,7.0583,20.1701,15.6576,27.5842,12.19,13.6819,12.3296
"SEC11C",49.2364,37.4586,35.4954,33.7315,37.2298,64.8523,96.9239,37.9164,38.965,34.4082
"NDEL1",17.1413,24.1271,15.6377,14.5999,13.3556,18.9127,12.1315,32.7911,14.1127,15.7269
"CENPV",19.8412,24.6122,21.5543,15.2772,28.5226,21.4068,38.2622,23.3072,24.2998,16.373
"RRAD",9.5778,15.6546,10.6773,9.3161,4.7385,6.9726,2.8156,11.2073,3.712,8.415
"CIAO2B",176.7167,210.9963,110.6447,118.1809,229.2946,202.141,332.7637,169.8214,156.5334,155.3427
"HSP90B1",339.6676,400.8662,369.898,281.2916,404.4107,272.8856,194.6768,422.1899,499.3459,309.0188
"BLCAP",38.8956,33.6251,42.7386,38.0712,40.9187,36.8545,30.9674,29.508,39.2215,36.9772
"ATF7IP2",1.666,1.8943,3.2469,3.2531,2.1111,2.4502,1.9915,2.7413,1.8102,1.9303
"MMP10",0.3186,2.9886,0,0.0428,0.1911,0.2204,0.1507,3.0391,1.4415,0.6749
"BEX3",171.1101,131.9853,192.3627,104.0513,82.3856,214.0904,98.8986,180.1577,57.8612,127.6538
"COG1",17.3804,16.7279,23.1069,19.0128,18.9008,14.6237,9.0515,21.0839,17.3767,17.8243
"PLEKHA7",11.889,16.6245,11.5079,17.5387,21.8819,7.4993,6.6181,12.8875,31.7806,17.8018
"B2M",3008.3265,1693.01,2009.7704,2340.26,1699.0999,3552.0909,3443.1708,1400.3947,2947.9477,1962.4236
"ZNF592",19.0277,20.8833,27.9263,24.5853,23.5444,12.977,7.746,21.3395,21.1206,20.0865
"NNMT",31.359,45.552,13.3458,17.1782,8.1381,19.7089,19.9177,49.7277,22.0378,19.3868
"AP1G1",30.1115,38.9882,35.483,30.9068,41.2632,26.1935,15.6609,35.0207,43.1121,26.9564
"BMERB1",17.3104,15.4698,51.622,16.6634,5.3517,38.584,11.2814,34.2649,5.5566,19.997
"MARF1",24.9019,20.3323,48.3889,31.7105,19.3848,26.3499,10.0171,31.6379,19.9949,23.7504
"PPIB",165.8994,206.9441,114.0147,96.1393,180.6348,156.8427,201.6018,180.566,135.3907,161.9859
"CIAO2A",85.3419,53.7576,63.1399,64.3961,82.7941,116.7625,224.7116,56.8164,91.0892,54.9989
"PCLAF",3.3685,3.8145,3.4824,4.8989,7.4603,5.4634,9.488,4.1911,7.8915,4.6351
"KIF7",2.025,2.4826,4.7238,3.4363,1.3724,2.3478,0.4015,4.7889,1.0799,3.6933
"LDHD",79.1692,53.9294,31.4233,68.9347,78.2273,36.0763,66.85,58.1143,100.8216,67.0518
"PEX11A",18.4271,11.7888,24.1578,21.3087,27.9066,24.7648,35.8522,15.4063,23.7391,16.1644
"TMEM170A",24.4935,20.1078,29.4813,34.7983,33.7967,28.7714,28.0888,21.2399,34.1584,21.659
"MESP1",1.3763,1.9949,2.1609,2.0669,3.1618,3.9268,3.6097,2.7928,1.6724,2.375
"ANPEP",90.0045,121.2265,116.0693,411.7704,348.8182,65.2926,73.2265,77.8197,636.2006,228.1917
"RBPMS2",40.629,50.475,119.7411,52.5225,3.3775,89.4592,19.03,82.8144,3.3518,66.9275
"NAV2",6.0599,6.0959,16.9465,5.4359,5.9394,6.6364,1.8261,13.2688,3.5248,4.4087
"DCTN5",19.023,24.266,25.0174,16.7608,26.7276,24.4428,27.1945,20.3569,18.9115,17.2727
"TERF2IP",33.4555,26.73,43.2053,39.0272,19.8706,36.7973,18.8886,34.6395,22.1302,36.21
"PLK1",5.9827,15.3721,6.4527,12.8186,33.4693,8.713,10.1524,8.3507,26.6681,17.3942
"CLPX",29.3945,22.8793,38.3665,30.2777,29.5775,31.443,19.5071,25.8974,26.1033,21.6267
"TAC3",1.5889,1.1492,2.2111,1.918,0.4585,0.9869,0.7595,1.9204,1.3618,1.5443
"MYO1A",112.1561,120.5662,98.254,135.7103,217.9237,73.1664,69.8802,132.6787,194.1788,142.9892
"CHP2",309.3136,156.5727,371.8345,374.461,448.7103,433.2849,567.0211,294.4044,577.1478,318.5288
"NEMP1",7.2281,7.775,15.5546,10.9509,7.5416,11.0127,5.8076,12.6364,7.6058,10.5129
"NAB2",13.2656,17.8546,29.8427,15.7451,6.1257,29.3991,6.8584,29.8036,3.1297,27.3338
"VPS39",26.067,19.3819,38.5371,31.7293,22.4569,26.7075,12.7893,32.0871,23.368,25.9485
"STAT6",110.4523,99.1564,122.1141,108.5548,93.3985,95.1014,58.215,121.2255,80.7043,95.3649
"PATL1",33.2103,36.9677,40.5508,36.7173,47.1179,27.3069,16.4081,40.0598,46.5926,32.8049
"ATP23",11.3616,6.4958,13.9854,12.5208,14.1144,16.7765,24.1091,9.259,12.218,9.8365
"STX3",34.4086,60.8816,30.5712,48.405,63.9675,42.431,38.7599,35.2569,75.3026,48.7509
"MRPL16",69.4963,55.52,64.5617,48.8319,90.3046,87.8363,97.6039,69.7431,67.6373,64.642
"PIP4K2C",55.391,82.41,51.207,53.1343,89.8882,53.2006,31.1055,67.6891,91.7283,57.4235
"MTMR10",12.9117,14.7559,20.252,14.1316,11.0775,14.6921,8.4456,15.8223,14.6857,10.1684
"YWHAB",169.8465,194.9116,185.0696,163.3949,221.5665,155.2587,107.2781,171.8795,208.333,170.6409
"C15orf48",447.6648,230.4646,216.4912,245.7775,415.5519,529.4919,1341.4077,224.8007,464.0276,316.1495
"SCG5",21.4585,13.2749,13.5705,8.5757,7.7401,18.0389,19.8327,11.063,6.7475,8.18
"GREM1",26.4608,18.4973,21.2395,17.1813,9.5972,18.9399,9.1113,31.3011,19.5148,12.0003
"TSC22D4",56.0963,33.7736,48.3982,50.849,53.4606,36.288,35.8921,39.5523,36.5085,52.7725
"MS4A7",34.9981,15.8016,12.3077,11.8411,5.3706,37.1283,23.3426,15.5193,6.1093,8.0784
"DIS3L",15.4255,13.021,26.2334,13.6634,14.0971,16.3428,10.2923,20.1258,9.1541,13.199
"CCNDBP1",33.9726,21.8064,32.2934,29.6221,31.1178,41.6088,47.2448,25.1243,27.409,26.6664
"SMAD3",18.5974,33.7209,24.0732,25.812,23.6679,13.8924,7.4319,19.9688,17.1981,25.754
"MAP1A",10.7668,15.8212,46.2219,14.194,2.3588,16.6606,2.3911,28.7265,3.1782,17.5472
"RCCD1",7.2279,5.5034,7.6714,6.4126,8.8319,7.1609,6.1367,6.9876,7.6703,6.4614
"AKTIP",12.9443,12.4189,24.2655,13.9057,10.6197,22.8759,14.5851,16.546,12.7666,13.7219
"MAPRE2",31.7567,28.1941,48.3585,30.4458,27.9201,35.5644,20.3969,39.7311,24.1486,29.5949
"MARS1",26.2402,43.6856,32.0753,26.1957,37.0224,28.4915,19.5154,39.7493,25.5033,28.5929
"MBD6",28.6112,19.2899,24.5696,30.3426,26.7939,16.184,12.6959,28.4613,23.4043,22.9715
"CNPY4",10.2261,9.3157,22.0794,13.9532,10.3239,13.3789,8.1138,13.799,8.4056,14.0261
"PDIA3",265.6528,405.8525,231.7278,232.9285,434.3766,209.9747,152.9493,346.4883,459.1552,331.4179
"NUDT21",48.0399,49.6254,82.8578,46.8868,49.0029,72.6846,35.3808,62.9076,41.8374,43.2534
"TEF",34.5619,19.5256,42.5183,27.988,36.0573,47.7791,14.2815,43.9234,26.8622,61.5207
"PBX3",20.2881,17.6494,45.1288,20.7676,7.823,36.7057,10.1111,33.4043,6.8833,21.4727
"GNGT2",3.7703,2.4836,2.0567,5.129,0.995,3.2587,3.1791,2.789,1.1729,3.1478
"PHB",61.0566,66.829,47.6286,35.8596,86.9962,67.1055,87.6953,66.6345,59.5257,55.3337
"SNRPD1",20.5262,29.8809,20.5125,19.6301,33.2017,33.2599,35.3265,24.3307,25.0167,23.4842
"ACSF2",28.0511,22.5974,24.6313,40.9585,33.1807,19.6311,29.0341,23.5381,37.0017,20.3554
"GOLGA2",38.6487,33.297,42.115,31.9344,36.4476,25.1241,13.7227,41.6678,37.6898,30.1288
"TRUB2",19.1737,14.759,14.4362,11.3536,23.3571,18.2372,27.2003,15.0292,14.0216,13.5065
"COQ4",32.9448,28.7154,21.7406,23.4168,42.8999,24.6307,29.9726,26.2221,30.3039,26.8619
"SLC27A4",39.5843,78.1778,38.1337,55.3826,107.9558,34.4513,25.5593,62.4523,65.9135,57.0858
"ANKRD40CL",12.9619,4.0589,12.5528,23.1559,25.9934,18.7719,24.5579,10.317,36.5799,18.5449
"URM1",43.8059,44.2619,39.1353,29.7487,61.7007,50.208,57.3512,40.8962,45.261,42.4482
"DOLPP1",39.6532,45.7445,37.129,52.8109,81.0335,40.943,48.4291,36.8231,81.4691,58.8609
"ENDOG",4.5827,13.4025,1.8363,2.4342,15.2222,4.6716,6.658,8.1358,7.6816,8.5204
"PRRX2",3.0449,4.8014,3.9227,1.6162,1.8397,2.7326,2.3367,3.9747,1.7609,4.1137
"SP2",30.2696,41.4067,33.8345,30.963,38.7865,26.5642,14.1062,41.3315,38.6837,34.7242
"PRR15L",272.1339,266.962,236.6311,225.7392,536.4204,363.5983,396.5225,53.5886,309.8828,278.3474
"COQ7",19.8935,18.7692,26.9452,17.2311,21.5103,31.8395,23.4801,24.1628,23.511,19.2768
"CRK",79.612,79.3883,108.7333,70.0647,99.4564,108.8811,75.0167,89.5517,96.0065,66.3395
"FBXO22",4.8224,3.3375,6.2716,4.6838,5.0976,7.4826,7.1556,4.3835,4.5984,3.847
"TBC1D2B",19.5781,13.1566,24.8032,18.4406,13.023,13.8559,9.3158,21.3222,12.1013,14.7882
"NOD2",1.3194,0.5331,1.2502,0.9754,0.3982,0.767,0.9645,0.8471,0.611,0.9163
"SNX20",4.0312,2.6504,2.7504,6.8385,1.1273,2.6155,1.9945,2.2092,1.1851,4.2911
"ZNF91",7.8728,4.6207,10.5798,12.9275,8.0444,7.5882,6.9647,5.7098,8.8171,7.251
"CDK12",12.3767,14.2241,16.5797,13.4401,15.9328,9.8205,5.1201,15.7363,13.9947,10.581
"DUS2",8.4316,10.8489,6.6343,8.5884,11.9951,6.4245,5.2079,9.3434,6.9464,8.0488
"POP5",24.4773,19.7813,19.6516,19.4464,32.0468,31.906,45.523,26.7683,22.2756,24.8964
"ENGASE",12.4686,9.4157,11.3976,17.2269,12.0114,6.9286,7.1266,13.249,16.2182,8.7344
"ATP5MG",29.3544,26.4047,39.677,24.1999,26.0588,63.0028,62.5066,28.816,31.7929,27.5734
"CD3D",33.6533,24.3057,14.2648,48.7825,11.0516,29.8392,33.1019,24.5716,10.5102,43.0267
"TBC1D16",10.7616,11.1758,13.6342,8.2752,13.0166,7.6859,3.7785,15.816,10.9356,9.1165
"TEPSIN",2.8136,2.1075,2.4379,3.5276,2.8837,1.7256,2.0185,2.2007,2.7622,2.6015
"MYO5B",36.0067,54.7431,31.319,42.6335,68.0327,22.7884,18.0312,40.5507,79.366,34.7299
"ACAA2",60.5111,96.0868,130.4499,116.0553,131.0655,83.0362,112.6392,97.2942,222.206,113.97
"STIM1",43.8987,48.676,45.3733,40.9501,56.3251,35.1293,21.1701,53.2183,43.909,44.7482
"RRM1",33.9022,59.6102,56.6232,38.8656,66.8899,43.0919,26.8104,68.3335,55.6335,51.4966
"PRRT2",2.3742,0.5656,4.3333,3.3702,1.0102,1.92,0.4767,2.5513,2.6589,1.3747
"PPP2R3B",1.5996,1.3855,1.708,2.157,2.1552,1.4056,0.9894,1.6794,1.9623,1.7805
"ZNF668",2.2333,3.0028,2.3239,1.9345,3.8238,1.9908,1.4445,3.1441,1.7883,2.8253
"VKORC1",8.7,7.4194,8.9744,6.5698,5.6346,11.115,10.7154,8.6039,5.4273,9.8523
"CA4",380.4339,240.0248,199.9148,420.6947,322.1855,194.5412,390.6673,110.9577,827.9406,504.7861
"SMG8",9.2057,8.6046,14.3503,9.8176,10.5577,12.4588,11.9259,12.2588,8.6799,10.332
"TPM4",101.1957,194.6218,90.6895,81.8907,129.7784,118.5969,70.8487,148.8078,110.3576,99.3162
"RAB8A",17.6459,28.7951,13.7185,15.2307,28.1021,16.806,13.0537,21.6717,27.5913,22.0355
"GPX4",170.998,152.0667,167.5233,144.5387,132.0831,241.434,213.8421,172.1823,113.1081,157.7192
"GATAD2A",32.95,55.8726,30.6215,37.0552,69.9233,24.6611,15.9729,39.7836,48.7747,39.5629
"MVD",21.7404,41.2798,17.4416,16.0016,58.2757,16.5495,13.1821,31.6316,129.5164,29.2728
"CDT1",9.3028,24.4528,10.433,12.6367,48.2238,10.28,13.1619,19.3497,22.738,24.4066
"TRAPPC2L",21.6422,17.4064,19.8066,13.6716,22.227,32.8116,43.52,18.311,13.9196,19.1184
"ANKRD11",13.3027,13.417,16.3427,13.9763,14.8911,8.5632,4.3216,16.7999,13.107,11.9986
"PROCA1",0.5939,0.3357,0.7044,0.8931,0.5313,0.7046,0.4322,0.6798,0.5793,0.612
"RPL13",853.6155,727.3124,666.211,479.5828,729.2802,913.5747,1178.0977,707.4736,455.3856,825.6168
"CACNB3",10.4337,9.0269,14.8628,7.9299,13.2708,10.2849,5.9868,13.6595,8.5963,10.3483
"TP53I13",18.7165,16.4993,11.5017,15.1976,20.0991,14.4356,17.0294,18.693,15.761,17.8914
"KMT2D",13.8364,13.8639,16.0192,17.2469,13.6171,6.4499,2.8456,19.1461,13.1045,11.6719
"RHEBL1",1.2157,0.8584,1.126,1.7977,1.1828,1.5516,2.8067,0.6519,1.098,1.3908
"TUBA1A",201.4021,214.0865,518.9967,170.3312,40.5968,343.7974,184.248,326.0664,36.5524,243.0848
"TUBA1C",37.0697,135.849,27.112,42.1631,110.1414,59.9425,62.1228,74.3546,72.7806,68.4694
"ZNF701",3.325,1.8877,3.8464,4.425,3.4273,3.8217,5.0631,2.0287,4.5996,3.025
"SERTAD3",64.9476,46.1175,48.4768,73.2499,40.844,106.5082,62.6671,55.5064,40.4339,82.8188
"NCKAP5L",4.8299,3.3474,7.3334,4.7674,2.0061,3.833,1.7617,6.0191,1.4888,5.4171
"GPD1",18.7007,4.0846,15.0681,5.0456,3.706,1.7849,2.0119,9.7632,2.011,4.4839
"PROSER3",3.5589,3.5584,3.2508,4.0242,4.0904,2.3157,1.4459,5.1113,4.0828,3.3939
"CYP2S1",94.6016,72.261,75.0715,101.0677,132.8423,52.4906,61.4277,72.4185,106.8099,79.7205
"AXL",33.6482,51.0312,97.3782,33.1306,13.6451,62.9051,17.4828,92.9088,10.1556,46.5613
"NFKBID",4.1258,2.7563,2.1153,6.1478,1.9518,2.618,2.3009,5.9417,2.6264,3.1475
"TMC4",191.363,186.0051,80.1584,167.4109,171.3928,69.6732,87.3765,130.5069,180.3698,130.3951
"LAIR1",10.3326,4.7304,7.2601,6.7946,2.808,7.2325,7.3674,6.7612,2.1108,5.7496
"LENG8",46.5192,27.4063,40.1068,57.6765,32.3104,26.2092,12.1312,52.0012,46.5379,30.4444
"CDC42EP5",365.7044,256.7528,133.6493,208.2619,429.1058,258.3498,467.6463,190.0906,270.2583,280.5621
"TRAPPC9",12.4206,16.9226,15.6316,14.0359,16.9582,10.9036,4.916,17.071,15.9544,14.3281
"ZNF146",48.4229,41.1673,65.8626,47.7646,47.621,52.8972,22.8807,46.3366,42.1534,36.1567
"PPP1R14A",71.4341,119.0141,134.6477,80.4482,11.3212,240.1984,98.1479,138.8554,7.5832,94.7534
"SPINT2",105.0831,134.0181,36.3676,60.9296,164.5165,60.8738,94.188,90.8792,102.5971,121.8137
"YIF1B",16.4059,16.3583,10.2388,11.8504,23.7483,12.6385,15.8742,16.3168,19.1092,16.4047
"DAPK3",32.8715,48.4915,52.3135,36.5076,37.1241,41.3273,15.3724,64.8001,33.5351,55.4583
"EEF2",2297.4172,2080.1464,2669.6071,1364.1609,2048.4442,1961.5583,1251.4168,2457.9684,1348.4337,1754.0302
"TMIGD2",3.512,1.5989,1.4487,3.0442,2.1306,2.7028,4.6224,0.7969,1.193,3.9675
"CHAF1A",9.6329,17.5649,8.8117,12.6767,21.7766,8.1715,5.2713,16.2359,18.9945,15.9414
"UBXN6",60.711,55.316,55.1059,45.7543,58.9139,67.3271,49.2596,60.7667,43.3569,57.3245
"HDGFL2",33.0195,35.2594,41.7609,28.3669,41.3158,27.5648,13.9509,38.6284,32.1132,40.6469
"SEMA6B",4.824,13.6301,5.8031,3.2786,3.2112,3.4235,1.8578,15.946,3.9535,5.0961
"ZNF444",10.6338,6.9134,10.7244,10.5142,10.2174,9.1489,5.8003,8.6696,8.1868,8.2598
"NXN",17.5176,24.1108,51.9856,18.9057,3.9299,32.7515,6.4725,40.5257,4.0231,29.0919
"TLCD3A",21.2451,45.5501,12.0949,9.9943,51.2091,17.5953,14.4888,26.4644,21.2287,28.2808
"GLOD4",49.207,44.0492,46.808,37.0796,54.2965,56.5604,53.7135,46.3445,54.2634,39.3565
"MFSD3",25.2069,30.8368,12.2085,17.6468,44.9665,12.2626,28.41,25.6387,40.6818,27.3208
"GPT",48.5406,50.2867,16.7171,28.9726,69.8623,18.1709,19.4589,37.6608,75.7308,43.1528
"KIFC2",4.0668,2.8419,2.5695,5.7593,4.2865,1.5166,1.6397,4.1419,7.6619,3.0412
"SLC43A2",12.9845,12.1972,10.6886,13.6522,16.5664,9.883,5.7508,16.3652,8.2115,10.8932
"RILP",34.1689,31.9384,23.4814,33.8024,48.4719,34.3356,34.5816,32.1153,40.8757,45.6983
"SERPINF2",4.3449,3.1248,1.5983,3.5335,1.3514,2.843,2.4876,2.1217,1.4192,3.1037
"WDR81",10.5592,12.7529,13.2948,12.5858,13.1112,7.7752,3.5416,12.2667,9.9563,14.1271
"SRR",4.8876,3.233,6.3247,3.3819,2.9973,4.9106,3.0169,4.2154,3.2651,3.7936
"TSR1",15.4995,26.3729,26.6702,15.2791,22.0477,20.8414,10.4916,24.5796,12.6894,14.9739
"HSD11B1L",2.2142,1.58,3.2397,1.9141,1.5572,2.8251,2.1277,2.6898,2.0134,2.0882
"CYB5D2",24.6313,17.7405,27.4408,19.8161,18.3522,26.5037,23.2106,20.4972,14.4532,19.493
"GGT6",151.8317,113.0532,109.8638,135.3583,227.4678,108.1279,116.4742,119.6883,264.6881,168.5238
"KLK6",0.0258,0.0537,0.0463,0,0,0,0.0335,0,0.0802,0.0784
"KLK11",1.8329,1.2964,1.0278,0.3872,1.0797,2.7642,0.5962,0.3911,0.6873,0.6301
"ZNF83",7.1009,3.499,10.7036,7.5348,2.8709,7.0009,5.2187,4.9052,4.6094,4.1601
"OTUB1",46.8479,46.0841,37.3294,36.2527,61.2966,47.5502,52.9724,40.4405,45.8116,46.5206
"RCOR2",2.8738,1.4629,2.5784,1.4824,3.4488,1.8306,1.3915,1.4235,1.9751,2.658
"ANGPTL4",8.5832,9.4829,21.0528,9.9221,2.037,17.3523,4.0444,20.6369,3.9059,13.0976
"CD320",66.4123,92.9187,38.4265,42.705,111.2205,45.6149,58.7855,81.5878,67.4518,63.9626
"SPRYD3",63.3154,59.0184,76.8421,47.2681,60.1332,63.4857,33.0398,67.6626,42.9256,60.4726
"IGFBP6",66.1586,119.0602,153.0801,87.0254,28.6806,155.1006,80.08,152.5732,48.6852,107.9158
"NDUFV1",118.6401,122.9158,96.2398,91.6845,182.4231,101.7728,91.4848,135.5717,128.549,113.6384
"NUDT8",19.1125,20.8171,8.5122,11.3349,36.7403,14.4895,35.8736,16.7858,23.3652,15.7433
"PRDX2",166.7815,180.6278,156.0409,134.9918,225.2034,229.8966,309.0929,192.5108,212.1207,175.8178
"ZNF232",6.4181,4.8653,11.4512,7.8995,7.3552,15.4266,11.1749,6.384,6.4661,7.2236
"MIS12",19.6223,14.7509,23.57,19.4466,15.1178,30.4733,24.5254,21.8455,14.9592,15.2714
"CD300C",5.9167,2.8919,3.7789,1.1863,0.7561,4.1711,4.7847,3.0215,0.9879,3.1838
"CD300A",13.7308,9.1416,7.4796,10.5421,4.3909,18.2539,23.4384,11.64,3.8431,10.8359
"MRPL58",48.7367,52.5246,48.3468,34.877,67.7325,79.6904,103.5633,44.2824,46.8422,46.7735
"ATP5PD",92.8527,92.8875,93.6768,68.4044,97.4122,141.151,162.3912,94.931,96.3075,88.1877
"TMEM88",13.2314,8.5664,14.1199,7.757,5.274,18.8925,11.0736,14.1709,5.893,10.0993
"EVPL",10.5706,9.0711,9.0991,10.3214,25.2073,4.5688,4.789,12.9303,17.819,12.0985
"SRP68",33.3425,36.9682,43.569,28.5456,39.3717,40.8318,21.2517,38.0904,29.4888,32.4086
"TMC8",8.8561,7.4023,4.4543,18.6287,3.7029,5.1406,3.0965,7.6111,2.9756,10.1459
"TK1",49.3422,94.4283,36.169,53.4038,148.8337,64.4962,80.5541,77.9444,116.3023,93.7248
"TMEM68",7.2726,4.5024,8.8919,7.1867,6.1265,11.5821,13.1281,6.0929,8.3638,5.2498
"GSDMA",0.9308,1.1595,1.0999,0.1007,0.4921,1.9346,0.7385,2.1228,0.9534,0.7591
"GHDC",30.1301,24.6407,28.2952,20.0739,29.2105,26.0012,18.7044,28.3279,20.3863,23.3497
"ZNF598",15.8718,17.7526,14.5125,13.8186,26.3322,13.0825,9.466,22.4601,16.3401,16.104
"RAB26",6.6137,2.3477,2.7924,2.9671,5.3071,4.0194,7.1672,2.4039,9.2041,2.8838
"MLST8",24.0463,22.0802,16.7312,16.1542,35.1303,26.6169,27.6715,23.9879,24.4622,21.0855
"E4F1",8.5491,9.1104,8.672,8.0659,10.0495,8.0944,7.4716,9.0728,7.1449,8.8967
"ECI1",66.8118,64.5019,48.9307,46.7161,88.2225,72.8518,113.0904,61.2877,52.9988,69.7753
"ABCA3",6.2798,7.5526,15.954,5.8302,3.0702,5.682,1.6904,11.9843,2.9344,8.4201
"KCTD5",48.4508,94.2473,33.3447,58.1497,105.4993,46.0715,33.4596,74.3231,103.8654,63.1914
"SRRM2",97.5742,128.919,123.0969,134.7891,131.1353,56.0445,24.3457,164.1734,112.476,95.8699
"ZNF597",2.4157,2.1499,3.3011,2.1157,1.6113,2.7711,1.8135,3.813,2.4712,2.1276
"NLRC3",3.0312,2.3021,2.4736,6.6443,1.2059,1.298,1.1298,2.2393,1.1609,3.5266
"SDHAF2",13.7572,14.6212,9.0012,11.548,17.8924,16.8664,19.6212,13.0761,12.4277,16.1612
"DDB1",45.8822,60.7972,57.9857,43.9368,66.8284,40.1092,22.3294,65.0068,46.7524,49.5304
"VPS37C",30.6795,28.556,26.6824,24.0245,32.726,26.5458,21.0413,29.4405,24.7708,26.2724
"RAB3IL1",9.7545,5.691,16.4149,8.8761,5.1611,12.6571,6.6685,10.3834,4.4697,13.5396
"FTH1",223.0436,362.1857,72.7567,110.4747,183.6505,117.7909,134.9287,259.7576,104.7024,373.1786
"BSCL2",1.0664,0.7366,1.1758,0.7219,0.8114,1.0753,0.5016,1.1213,0.5995,0.9373
"POLR2G",62.4073,57.6782,61.3748,45.5458,61.8238,83.9613,109.5424,59.2457,46.4932,57.4263
"SLC3A2",39.8831,70.336,36.5902,51.5492,54.201,40.3551,25.7495,66.5358,44.1854,56.466
"SPINDOC",10.0882,11.2524,15.731,12.33,9.175,13.3121,10.1724,11.5256,5.7033,13.8429
"ATG16L2",6.0996,3.0106,4.0132,7.1005,4.0637,3.6035,2.0543,4.4982,5.6366,2.9327
"C2CD3",5.6955,6.7943,6.0375,5.6405,7.1906,4.0898,2.321,7.9265,3.531,5.4917
"TTC21A",0.9357,0.7608,1.2741,1.727,0.7568,0.6867,0.449,1.0066,1.125,0.8943
"RPSA",593.3128,467.2884,450.9399,268.7671,575.9721,849.861,1728.4767,432.4072,377.8676,395.2934
"CTNNB1",92.1656,170.5974,122.1203,93.4899,136.9975,112.8574,69.4639,133.4764,108.504,111.3098
"ULK4",1.0142,1.9789,1.0919,0.8998,1.6517,1.0741,1.4253,1.1127,1.0853,1.2002
"FADD",6.2636,8.8914,3.2648,3.2637,7.2529,4.4026,6.4039,5.8259,4.3609,5.5608
"LTBP3",19.4469,25.6769,43.0735,21.7271,9.5176,19.5492,5.0051,49.1853,8.3804,32.2525
"NAALADL1",16.1842,8.3559,14.385,37.7388,9.5722,15.3779,12.6587,8.1067,7.0861,14.5113
"SAC3D1",10.8385,14.7433,10.8334,13.901,23.7366,12.1182,14.4028,12.814,14.0411,21.0319
"BATF2",16.378,20.2401,18.0554,18.2769,24.886,18.0379,22.0182,14.5531,11.9069,23.8381
"SLC22A11",0.0889,0.0515,0,0.0146,0.0838,0.0451,0.2056,0.0718,0.0154,0.02
"SF1",98.0998,123.5111,124.1857,95.9395,134.5499,83.4927,43.0242,137.0901,90.6758,102.3555
"MAP4K2",6.4704,6.3136,8.3103,10.1686,5.1187,6.439,3.2603,7.5464,5.5451,7.9605
"CCDC88B",13.3613,5.8378,3.0325,10.6092,6.9694,2.9895,4.0727,5.464,6.0354,6.8742
"SCARA3",22.0389,22.4049,72.8085,25.2218,8.4613,31.1895,8.3253,41.5259,8.8305,29.9283
"PBK",7.281,16.7605,10.6394,13.4666,31.8312,26.5623,31.4785,19.5403,43.714,17.9512
"SCARA5",76.6015,68.4962,102.4539,71.0808,41.2184,81.6454,43.8756,107.8997,44.8475,62.1662
"COPS6",88.4685,93.4548,115.1302,70.1514,82.4843,112.8651,87.3769,106.1241,66.5216,91.3866
"PAFAH1B2",37.4239,41.2565,48.3262,35.9524,46.0969,55.7555,33.4913,44.0973,40.1226,34.9686
"ANKS3",2.6676,2.5578,3.9154,2.7956,3.0269,2.9361,2.0305,3.377,2.6789,2.7751
"NUDT16L1",49.2685,43.3425,29.6165,30.5249,70.6295,56.6792,101.4225,40.7971,39.1211,48.4486
"RAB4A",61.1785,46.4903,77.7704,49.3392,52.9616,79.8635,65.3488,51.9693,58.6748,50.1683
"SETD5",17.3146,13.5688,26.7859,18.6709,16.0128,15.5193,7.6101,20.649,14.4163,14.3329
"VASN",7.3991,9.9939,8.5375,8.1053,3.9217,6.0013,2.613,14.5291,4.3334,13.9128
"FAM83B",8.9992,6.7608,10.3067,9.2653,13.0034,7.921,7.7926,5.9761,7.17,7.68
"RNF187",66.8165,63.0265,80.9114,58.243,84.9694,69.2107,42.8947,73.1717,59.6044,71.8178
"HOOK3",4.7659,4.2042,14.5474,7.9819,2.9347,9.3899,3.3946,8.0304,4.3282,5.3171
"DDIT4",24.6285,40.1221,13.7966,10.3054,14.0726,15.2099,10.3921,29.6597,30.9007,13.847
"RBPJ",25.37,22.0881,46.9564,27.0282,17.3732,34.2408,16.3845,30.2483,21.8627,22.0186
"LMBRD1",26.3868,21.2033,30.5647,27.542,23.172,32.9174,28.9071,21.007,29.3402,21.5053
"ZCCHC4",5.4628,2.7928,7.7922,5.7893,3.799,7.4868,7.1385,4.0438,4.8862,3.9788
"GLYCTK",6.7585,3.7327,4.9578,6.3952,9.3847,6.1286,8.4349,5.9509,10.2478,5.8359
"GNG4",3.7467,4.5494,7.6559,3.0021,3.9288,3.8209,4.9137,7.9791,5.4921,3.9355
"NKIRAS2",22.0679,20.694,24.3494,20.2009,23.1719,22.9139,14.4774,26.0682,20.8064,22.5558
"DNAJC7",11.815,13.8,13.1075,12.7042,15.7095,11.7025,7.9687,12.6883,14.5266,11.5767
"IRF2BP2",98.5874,56.8877,108.2486,76.7799,94.038,82.8056,45.8305,79.7405,73.8374,75.7123
"COA6",19.7273,16.5937,19.4174,17.1531,24.3643,38.4897,50.297,16.8178,24.6235,15.4314
"BMI1",22.1625,17.7241,46.1955,23.07,12.8696,44.1141,27.0138,23.279,15.2167,19.8253
"THAP11",41.1134,39.0323,46.6325,36.8613,40.3112,53.5543,48.5868,38.7373,25.0894,38.6039
"MMADHC",135.6285,109.0397,137.7578,123.0136,133.4596,190.775,182.7448,110.4857,127.2607,108.0149
"PDHB",43.9668,44.6794,45.0187,31.1727,43.9027,57.3071,49.6367,39.6657,41.1059,33.6938
"PXK",14.7646,13.7534,26.1352,19.8767,6.8055,22.3661,8.5787,18.3941,9.7809,14.3144
"PCMTD1",32.3554,14.9082,64.8494,32.1868,14.4511,57.4504,28.1889,30.754,17.1397,18.4256
"KCTD6",6.7353,7.5709,10.6639,7.323,7.7328,13.7409,10.0316,7.6838,6.8814,6.0885
"MPLKIP",8.4761,8.7861,7.9584,7.2099,12.0431,11.4549,13.0894,8.168,9.2152,9.069
"ACOX2",14.4183,7.8198,21.0181,16.9455,9.809,15.3907,9.3635,16.0738,15.5451,12.2869
"IRF2",59.1577,37.8617,61.7264,63.4283,51.9407,51.2096,42.5379,42.843,47.3366,51.6858
"DEGS2",21.9362,14.7948,11.7161,15.8557,42.3598,13.7057,30.8615,14.0634,20.0505,19.0759
"ARF4",287.2671,539.3663,265.5744,254.6664,441.3501,519.5883,397.2551,264.7865,310.45,323.1581
"SEPTIN2",158.4928,137.8448,251.6903,123.7238,123.1745,229.6961,153.6316,170.7307,116.4842,124.191
"DTYMK",21.5327,27.8668,18.6332,20.3786,48.7956,30.8923,60.1281,27.2035,32.5013,33.3079
"TAP1",57.5912,41.6399,44.2703,54.5565,59.2969,41.3018,46.6445,43.8741,69.7068,53.7241
"ING5",7.8806,5.8022,7.1552,7.7466,7.9518,5.894,5.1564,8.3012,6.4339,6.068
"ATG4B",21.6192,27.7258,22.5297,24.1261,29.3892,22.481,19.4436,26.0976,21.4629,24.0052
"BDKRB2",14.751,15.2046,10.4301,23.1874,14.6676,10.8836,9.975,26.2131,13,24.8704
"MLKL",8.8605,8.2374,5.9583,6.3921,13.8174,5.9653,5.8114,8.0435,8.8399,6.2846
"RFWD3",11.9389,16.5238,14.3718,12.6365,16.8975,12.3199,7.9885,15.3228,15.7471,14.024
"RHOH",5.2038,5.7294,1.7569,12.5852,1.1626,3.4139,3.9626,3.7886,0.9833,9.2254
"COG7",18.3781,20.2418,16.0267,19.3168,27.3505,15.1231,10.1141,18.5226,26.1276,16.6527
"CDC40",14.1496,9.0327,18.6818,12.5485,10.748,16.6499,11.1652,11.9367,10.9643,10.3584
"STIP1",65.9134,108.75,74.9029,57.5976,97.5851,66.9236,46.4218,83.6553,55.4721,73.8546
"SCNN1B",69.2419,167.221,31.162,247.3757,174.9872,62.1011,45.9812,55.3836,199.6785,133.7082
"RAB31",24.588,32.591,73.9019,25.3526,9.7152,40.6294,15.2409,46.7621,9.2175,31.9553
"REEP4",42.468,30.2757,32.152,39.6257,82.5961,30.2081,40.8682,47.2061,61.6494,51.4819
"BMP1",15.0949,13.6901,13.5691,15.6904,20.7565,7.7993,7.7293,16.4321,21.7298,17.3693
"ATXN2L",36.376,41.6688,31.3092,38.8797,45.4476,21.9057,14.5761,45.8043,35.2239,35.8189
"POLR3D",14.5996,10.8805,11.1176,10.2543,11.9715,12.4273,8.4896,11.6419,8.615,10.1702
"FEN1",24.3825,59.864,28.1976,34.5457,66.1245,27.7921,19.3321,45.6083,47.5503,46.2407
"CAVIN2",73.9467,66.1921,244.7867,66.4492,11.4456,146.0826,27.1976,147.3825,22.6507,67.4726
"MTCL1",4.0747,6.2806,17.6259,6.1738,0.7734,5.3313,0.7799,11.664,1.0448,6.195
"HEXIM2",1.3498,0.5211,1.9736,1.2937,1.0366,1.2553,1.236,1.3245,1.2053,1.393
"FNTA",8.4743,6.7081,17.3273,10.4784,8.0076,16.798,15.4084,8.8834,7.8007,9.0481
"TRAPPC11",19.8768,16.009,28.7809,22.2981,20.3207,19.324,11.2016,20.6785,23.4962,17.2681
"COL3A1",292.0703,376.7818,788.3626,356.1899,220.4303,172.9149,118.0136,559.4564,195.4932,380.8684
"ING2",8.4686,10.8367,9.8706,10.8451,10.3691,10.154,7.9696,8.7985,16.1711,11.6645
"CDKN2AIP",23.9302,23.7527,35.1993,24.3341,22.8415,40.064,41.4416,33.4446,24.038,22.3702
"SNRNP48",7.4447,4.7851,11.5735,9.8855,7.1566,10.5053,8.6312,7.091,9.1361,5.9339
"SLC20A2",27.9143,63.2088,43.1311,40.1503,74.25,39.7262,14.7667,48.4466,53.9029,52.5748
"TMUB2",37.1123,28.9622,35.614,36.6387,29.2181,33.1698,31.4382,37.3455,30.1871,33.3732
"STAT3",61.816,88.0684,69.4327,51.6844,78.0716,47.1921,23.3979,72.5645,62.9991,53.9996
"ZSWIM1",11.0387,9.454,15.6812,13.7926,18.8835,11.1425,12.0897,10.5896,14.3368,10.0665
"ADAM9",27.2012,25.4881,30.1389,18.9598,20.9781,27.4898,17.0818,23.5824,24.1869,17.7563
"AXIN2",15.7889,8.8787,18.2932,15.2185,24.7838,14.5195,9.9175,10.2779,15.8568,14.2107
"NDUFS5",758.0189,794.6548,733.142,472.4544,728.5499,1038.477,1116.2861,798.2776,688.4205,675.2802
"LRATD2",14.7571,19.6508,16.6757,14.2933,23.6475,15.7504,10.9597,17.4829,26.0075,13.4043
"LDLRAD4",1.9543,1.7027,3.8787,2.4974,1.1892,2.6457,1.1487,3.1984,1.6468,2.3671
"SLC16A4",9.0327,2.5845,10.0254,2.4998,1.4568,6.6398,2.9332,3.7137,2.0285,2.8224
"IL7R",21.3676,23.6744,8.9591,16.9803,4.626,11.86,6.3427,29.0844,5.8705,15.0826
"TMEM208",53.2813,58.9832,30.1301,37.7276,67.3608,61.2971,100.9746,50.5,53.2986,50.8675
"AHCYL1",94.744,92.6266,135.7493,91.6064,107.0541,106.6979,51.2547,111.923,89.4364,78.817
"DNAJC21",15.9026,18.2982,24.9387,18.6903,19.0734,24.1099,14.4845,19.4356,17.8859,16.1295
"PKIG",78.44,77.4102,164.5515,87.3032,41.9986,183.3984,118.2254,108.1112,39.7478,102.3789
"NPNT",13.2465,14.3719,30.6058,16.6288,29.2129,10.4022,8.8408,29.2923,30.6529,12.1381
"CA7",102.8632,153.2248,97.6177,186.6109,168.5652,99.3735,134.9749,105.2491,172.1822,143.2154
"SEMA4C",18.7216,14.9279,39.0229,20.4436,8.1635,33.1669,6.9423,31.1455,6.1731,24.0376
"CNNM3",20.7253,15.478,24.5964,19.6927,23.2042,14.1559,9.729,23.4929,15.7346,18.6939
"GSTM4",23.7773,22.2802,24.7887,21.2951,38.9688,23.9996,24.8631,24.4542,46.8624,28.8242
"TET2",5.8755,4.0129,7.824,6.2507,5.1734,5.1904,3.5129,5.7478,7.0561,3.9386
"CXXC4",3.272,1.5137,6.1068,2.5614,0.9977,4.0738,2.0492,2.127,1.2111,1.9768
"TCTN2",5.0624,3.497,6.9877,4.6361,3.0868,5.0293,3.4561,6.4008,4.2865,2.934
"PPIP5K1",7.3308,6.5232,8.0036,7.1551,10.4652,5.3377,3.3822,8.4883,11.2455,6.2006
"TSPAN5",4.928,4.585,11.4082,4.6242,3.5888,6.495,3.4522,7.7622,3.9769,5.843
"ABHD15",17.0396,13.4878,16.178,20.3638,23.5263,13.2754,10.5168,17.7339,20.8988,18.98
"ADAL",4.9753,2.9448,7.9712,4.217,4.1618,7.206,5.3527,5.2707,3.3442,2.7997
"LCMT2",4.3347,5.1078,5.3524,4.5193,4.9442,4.9974,3.4321,6.8088,4.2739,4.6601
"SNTB2",9.2343,11.1415,16.783,12.2967,10.2302,11.0375,5.2361,13.7695,13.1917,10.3237
"STX18",19.7813,21.4027,18.2006,18.3358,23.1593,24.2028,22.8403,16.3862,20.6799,17.1965
"NSG1",4.7727,4.8893,6.9478,3.3729,2.4366,3.9339,4.1403,7.3772,2.6383,6.1041
"GFM1",16.1011,19.9535,18.0749,14.6134,19.953,16.3933,9.5817,20.3921,16.7632,13.7486
"DDX19A",2.7721,4.6421,4.8811,2.8031,4.1853,3.1218,1.5375,5.0858,2.6961,3.9403
"ANKRD49",11.9367,6.6312,18.1328,12.0678,9.9785,21.1222,31.274,8.4292,13.2439,8.8391
"USP39",34.8731,35.3147,40.7464,30.1658,43.946,47.1444,41.0687,37.4237,32.6335,37.9076
"TNIP2",44.7197,42.3476,45.948,48.1741,51.274,43.9347,35.9946,46.4025,54.3196,54.363
"TMEM150A",12.5754,9.8822,14.7088,8.9324,8.4705,14.302,8.9529,12.0907,5.2484,9.9401
"RNF181",105.2577,88.3111,86.1997,77.6774,103.0407,150.0911,227.1002,83.7602,87.3732,98.9977
"VAMP5",85.1855,52.8309,109.1175,54.7326,23.7036,141.5013,130.4824,71.2193,28.7866,66.4507
"BTNL3",27.383,33.9629,21.2136,114.5529,33.0141,43.6396,76.9715,58.571,49.8368,113.0148
"MAT2A",74.9104,132.1988,88.3357,69.3831,114.5189,93.3196,52.2191,157.6769,49.1862,62.794
"PLA2G4F",8.5226,7.6913,7.2346,19.8844,21.7771,6.4908,7.6468,12.5926,30.1997,11.3082
"ZNF608",9.045,4.3265,12.7968,10.8281,6.9158,5.4317,4.185,6.1707,6.9714,6.8681
"INPP5D",11.7309,10.4108,8.3926,22.865,4.2589,6.4385,4.6352,9.7248,4.5639,14.4016
"LETM1",28.7545,51.735,24.1382,43.7285,80.2011,18.5063,13.6299,43.5503,84.9956,41.5092
"TMEM129",59.4688,51.5725,56.3831,46.6373,85.2191,64.6163,51.7879,65.2921,55.9642,57.6172
"CEP120",5.5405,3.8391,8.4966,5.5215,2.4286,6.3724,2.9561,6.4632,3.5335,4.5719
"STXBP6",8.6327,7.517,9.0654,6.1257,10.4815,10.3881,7.6258,7.7881,7.7598,7.3074
"MFF",27.1534,22.6732,40.4003,26.6529,26.3341,39.0507,30.1916,28.0651,25.833,23.8453
"LGALS9",63.372,57.5696,56.8734,69.3304,127.4492,43.7263,50.8255,63.7757,94.8671,66.2351
"CPLX1",4.7495,7.4145,2.5684,2.2448,1.022,1.4521,4.8822,8.4722,1.7878,1.8239
"PXDC1",22.7019,22.4095,33.4181,17.1503,6.1769,31.5682,13.0371,44.1114,8.9469,21.4739
"SIGLEC7",2.6182,2.6511,1.0291,2.0648,0.5406,3.1115,3.5368,2.0208,0.6981,2.1223
"E2F6",5.0104,7.9121,8.7435,4.9454,4.4981,8.5775,4.7921,8.9408,3.8382,5.6607
"FEM1B",31.0513,29.6144,62.1093,33.0502,27.2509,55.0704,30.2496,40.5991,27.5734,31.0903
"COMMD8",38.0773,21.3245,49.0866,34.4936,32.6929,75.2285,108.9751,20.6537,39.1234,25.0165
"ATP5ME",65.6473,52.3591,33.6425,45.5852,46.2119,61.2187,130.5175,49.7485,47.271,69.7294
"UQCRFS1",139.3439,148.3557,114.5185,105.9387,210.5444,194.4569,216.8497,134.1399,172.5222,131.2209
"MAP2K1",39.5752,57.3892,44.5836,36.2826,42.1324,39.2696,24.8783,47.9405,40.406,38.2231
"HNRNPH1",59.4396,55.5587,73.9311,75.4082,66.0714,57.9612,33.7184,71.2137,63.9007,51.8473
"IRS1",16.2459,26.3391,22.0244,14.259,10.5312,15.3906,5.7279,31.4286,9.7685,14.174
"MECP2",8.0334,8.4126,17.2636,8.8456,5.8202,9.0256,3.1158,14.428,4.8255,8.2676
"UPF3A",13.1099,7.9442,17.3137,11.4008,10.5375,16.4068,9.1574,9.6201,10.0098,7.9289
"ROR2",13.3424,20.9961,40.5919,14.1434,3.1275,22.0172,4.4419,31.2352,4.3258,18.9444
"DHRSX",21.8069,16.5388,16.6298,17.6902,30.3734,24.7436,30.6053,19.7389,23.4134,17.0734
"HSPBAP1",3.3214,3.2962,3.6599,4.2334,2.4074,4.0861,3.7132,3.1981,2.5612,3.1
"ASMTL",28.5959,26.9134,33.2697,21.4857,18.146,27.1966,17.6597,31.6727,14.0577,21.1274
"SLC25A6",1932.5121,1284.8219,1232.6973,904.5274,1718.3399,1664.3413,1959.6762,1313.3009,1087.45,1231.4004
"CHST14",18.3163,16.4304,27.6972,15.6199,10.0887,19.5675,7.711,24.8948,8.525,21.0746
"CSNK1G1",6.1442,5.565,7.8411,7.135,6.6646,4.1751,2.7018,6.8734,6.7391,5.3615
"ZNF354A",5.6168,4.2174,13.3873,6.3615,3.5722,12.0543,6.5535,5.6937,3.7973,4.9474
"ATF5",27.0572,27.8718,24.9395,21.8797,28.0088,25.2776,21.6383,23.3531,21.1796,25.488
"UBE2V2",22.0748,22.5579,42.274,24.1724,20.7402,47.6114,27.1859,27.0546,24.6095,18.8508
"PCSK9",7.8142,1.4598,1.4086,0.4485,16.7141,1.3846,1.7992,4.152,25.3214,3.2538
"XPO6",40.4369,51.6067,40.5211,45.2206,60.6179,29.7313,20.531,42.8981,51.7896,42.0757
"MN1",3.2741,5.5564,8.9217,3.9791,1.3044,4.2607,0.8004,16.8752,1.1062,6.8492
"APEX2",31.3778,37.5747,22.5217,32.5595,48.4598,27.2845,25.1939,29.6264,35.3503,32.1441
"NSMCE1",31.2463,27.5069,34.8079,31.4993,28.7449,37.467,36.7826,32.9303,27.0405,32.9697
"CD2BP2",51.6708,57.104,62.879,55.0409,58.1147,69.3372,48.258,58.6307,44.8798,59.2091
"RGS14",9.24,6.5783,7.5993,11.5687,8.7088,10.5454,9.6796,7.7572,8.6617,10.7277
"TBC1D10B",25.1888,26.2242,25.8052,24.4501,36.8584,19.8251,16.6084,26.239,27.2629,28.9791
"LMAN2",224.0533,253.5953,149.0949,192.2482,337.08,210.8599,287.3589,231.5389,291.2234,259.4738
"RAB24",2.6644,3.1371,1.9921,1.6051,3.511,2.3275,2.9534,2.9732,1.8419,3.1996
"PRELID1",46.5138,42.7106,20.6177,34.6758,88.5408,73.0135,81.6737,66.9664,64.0368,52.1235
"THBS3",7.4713,6.1335,13.2483,7.7235,3.9052,4.7791,2.3229,9.0218,5.2277,6.3086
"EFNA1",126.312,117.3835,104.2492,115.7245,211.1333,146.9865,165.0669,60.0185,53.6553,237.4216
"CXCL10",5.2028,7.3662,8.3245,14.4247,2.6153,20.8483,34.4144,11.4416,2.3603,12.1688
"SH3TC2",0.1925,0.1588,0.2758,0.1067,0.2217,0.1932,0.1478,0.2319,0.1393,0.1205
"CXCL11",1.3444,1.7889,1.6938,1.6918,0.5931,3.0034,2.196,1.6345,0.7119,1.1303
"ZRSR2",15.2316,12.8084,26.9355,14.7974,9.3857,22.1703,11.0749,16.5132,13.5816,16.3529
"NMD3",28.7205,21.855,42.5995,22.5723,19.565,50.4869,42.369,26.6546,22.5884,17.9059
"B3GALNT1",2.1835,1.5558,5.1578,1.8408,0.473,5.1575,2.7055,2.5327,0.7806,2.0011
"GPRIN1",1.9492,5.5809,1.8784,1.8859,4.4001,1.4831,1.2525,3.8878,5.446,3.6818
"MRPL1",46.3437,43.1517,56.5999,42.7079,61.2281,81.4738,93.368,43.9881,50.4732,40.1407
"PGM2",24.7999,27.6402,39.852,23.1292,33.2593,32.2356,24.861,28.5444,28.4241,21.7031
"SLC33A1",4.5464,3.5329,6.5646,5.7172,4.6772,5.7137,5.0048,3.8379,5.4536,4.0153
"SNUPN",10.5191,5.3009,9.6197,8.0128,6.8554,10.3627,11.6517,7.4064,7.2342,6.7826
"CRADD",9.4834,6.147,10.625,8.456,8.2421,17.6581,21.9365,8.5409,8.6354,8.5588
"SIN3A",17.063,16.1222,28.2469,19.2844,17.3815,16.2787,7.7133,19.9296,12.5924,17.6166
"ARL13B",4.8693,4.8585,8.1666,3.8895,2.8943,8.6011,3.4705,6.5589,2.7402,3.7437
"RNASE2",7.0047,0.7375,1.0157,0.3139,0.0667,0.7537,0.9207,0.5881,0.7704,0.5018
"PTK2",20.9417,21.9864,27.3602,20.1999,21.0691,22.8807,12.1948,23.826,20.0662,18.1803
"PTAFR",18.6075,12.379,9.3412,12.6383,5.5569,10.9429,7.4356,12.4901,5.0089,10.0465
"PTPN9",20.6293,21.8642,23.9039,20.4287,24.7895,20.4235,13.9731,19.0612,22.2303,21.1769
"RNASE6",94.7648,66.123,46.8981,51.4985,22.9266,113.7105,108.0748,48.4135,20.279,52.9641
"NPR1",8.4255,9.0072,13.6603,9.3857,3.6942,6.7628,2.1017,16.4601,4.3684,9.2459
"CXCL8",5.984,29.0519,1.184,4.4746,1.0722,11.0448,13.0271,106.874,0.7432,9.4292
"RASSF6",17.6958,19.7662,13.8981,29.6089,19.2929,18.065,18.7372,20.5967,29.4844,13.9285
"SDC2",53.5632,63.6833,149.8114,55.1317,15.8483,132.2839,54.9279,92.4568,22.5259,63.3478
"CD52",70.3066,55.7718,26.8172,125.9781,22.054,73.8695,94.183,35.8714,15.6102,75.0514
"MMGT1",43.1208,45.3152,60.82,35.7096,46.3324,63.0251,45.7895,50.4791,42.9049,38.7761
"TM2D2",22.089,21.6949,21.024,18.5477,20.6243,30.5716,31.9418,21.0522,19.0458,24.1857
"PLEKHA2",21.3017,19.8788,34.2656,32.6052,11.1388,27.331,14.2888,28.8231,11.0318,24.912
"CLIC4",139.2482,168.9396,376.8679,158.1618,67.8897,312.9668,101.535,243.6002,95.1146,150.9153
"GPR183",57.8067,65.705,63.7995,59.4136,5.9841,79.1778,20.6542,96.5596,8.6527,49.0147
"CCDC8",3.8255,3.3967,11.0453,6.774,1.5728,4.5037,1.4954,6.1499,2.0079,7.8002
"METTL15",6.7658,3.5978,7.6041,5.8787,5.4633,6.887,5.9915,5.7025,7.6406,3.6235
"ZEB2",8.9338,5.3911,20.7361,8.4731,3.253,10.5575,4.4581,12.2212,3.9724,6.4229
"GJB1",41.7926,31.1821,22.6275,26.7066,79.4095,34.4133,59.3107,35.3351,45.9188,41.581
"PCBP1",8.761,19.1245,6.7753,6.1066,10.8708,5.8354,5.6809,15.7223,7.0659,16.3793
"HINT1",123.4299,94.286,92.3509,93.3725,115.8419,179.1664,368.3113,94.0344,99.1093,91.0396
"DTWD2",6.9117,5.7562,7.6191,6.4582,8.4213,9.4606,7.2538,7.8577,8.144,4.2495
"CLIC3",8.5695,7.343,2.8301,5.7527,6.0452,8.8802,12.8612,5.353,18.1537,6.7653
"INO80E",16.1885,13.4557,17.3128,16.611,15.2409,16.6832,12.2733,17.8114,13.5637,12.9252
"DFFB",6.2264,5.996,5.7163,4.8078,10.1489,6.1697,5.9438,4.3902,6.0811,3.8814
"NFU1",64.1379,38.8259,64.9962,48.1381,49.7692,101.4881,115.7004,52.063,37.4158,46.5806
"ANTXR1",27.4388,29.9757,77.3395,31.0648,12.9014,47.5321,14.0696,52.0557,11.5024,33.3212
"CKAP2L",1.5943,3.2361,2.4928,3.3363,6.3446,3.022,3.3485,2.0827,4.7566,4.1661
"C15orf40",3.3647,2.2311,4.1303,3.1434,2.9778,4.1385,4.8791,2.8142,3.1698,2.6405
"RAMAC",6.5104,8.4824,9.2874,6.2573,6.8724,11.7397,10.2506,6.9332,7.291,8.0149
"APLF",1.0583,0.6485,2.5535,1.6813,0.4381,1.654,1.0143,1.3076,0.4115,0.7608
"BOLA2B",1.5279,0.9323,0.9362,0.5511,1.8616,1.0208,3.734,1.2003,1.2752,1.4349
"HIC2",4.2008,3.5292,3.6555,4.6327,3.2575,2.7152,1.5357,5.2914,4.0428,4.8971
"LUZP1",18.4986,22.0085,24.2305,25.9728,25.1062,14.5363,8.5042,26.6617,31.4312,19.695
"HEXD",9.2441,7.5422,7.7704,9.0408,10.1507,9.2527,6.5692,10.1288,5.7758,8.0821
"BUB1",4.4285,6.8902,5.2638,9.5356,16.4595,7.6857,8.1285,6.5825,15.1589,9.7686
"LRRC45",11.4952,12.6891,9.6158,10.37,24.8404,9.0366,8.1322,16.8056,18.4736,16.7621
"CHRNA5",1.1952,1.6122,1.968,0.7277,1.4446,1.9899,1.6833,2.1621,1.5966,1.1825
"CENPX",73.9365,97.5634,49.6176,46.201,122.2801,100.4083,247.4079,80.655,78.1516,80.2431
"AGPAT2",115.8467,367.9301,133.0284,205.8795,442.8552,155.9316,152.9159,255.2541,198.1827,334.9572
"ASPSCR1",5.9674,6.3735,3.7632,4.5893,8.1606,5.2612,5.6004,5.9286,5.4629,6.0934
"FASN",28.3712,76.1033,26.8523,26.3703,100.2903,11.9098,8.6765,74.6374,112.9452,41.8719
"CNBP",276.6364,286.0629,399.8825,224.8093,253.8208,517.8843,310.7717,317.3214,206.4976,256.2637
"MT1E",690.1119,428.8358,271.4595,346.2832,447.8364,1519.9226,943.4993,319.6856,447.4865,455.5879
"DUS1L",46.0268,48.258,27.1848,33.9915,68.3208,32.7195,30.8521,47.1233,41.6071,38.0923
"GPS1",41.086,46.362,37.1149,31.7837,53.6318,45.2786,37.7708,45.9203,36.4716,40.4143
"RFNG",19.2044,17.9014,20.2221,15.9818,20.821,17.7106,15.5906,19.9664,16.5653,17.8161
"DCXR",67.2109,80.1724,36.3416,42.6556,113.8921,66.3409,101.2167,58.4498,98.4261,70.9309
"ZNF32",33.4274,20.9853,49.3382,24.5076,17.1341,84.5834,79.0486,33.6061,11.0717,28.1074
"LDB2",7.3684,4.1467,13.3559,6.4351,2.6142,8.3703,3.9373,7.7622,5.0986,6.1507
"RAC3",5.2915,3.8572,3.4753,2.8127,6.4542,3.263,4.8154,5.4258,6.2401,3.7847
"LIMS1",21.1549,21.3533,45.0303,21.6554,12.9259,36.3017,17.7348,27.6188,16.8041,18.6786
"TAPT1",13.9474,10.4105,19.2536,14.0113,10.8062,17.5667,8.4166,14.4773,11.0615,11.8634
"UGP2",140.6407,146.9684,156.1202,191.9325,221.5863,174.0495,175.9503,136.5501,320.4894,167.8611
"LINGO1",1.7415,1.2168,1.9917,2.5044,1.1634,1.427,0.9089,2.0281,1.5776,2.6759
"HNRNPF",236.2231,335.4114,238.3548,195.1184,379.2792,286.8749,224.1187,278.4576,261.1728,236.5759
"BTD",6.6007,5.0482,9.4284,6.9766,6.9034,6.5496,5.5077,6.7372,8.0059,7.0654
"CSGALNACT2",17.0895,13.5958,30.7625,17.1065,5.7261,27.2818,9.543,20.7076,7.3451,12.3528
"PCDH7",5.989,8.0848,27.1949,8.9418,3.0693,14.1069,2.1269,21.251,3.0145,9.2078
"ROBO1",7.914,9.9823,25.6741,11.3412,3.6297,12.4144,2.068,20.0583,3.7043,8.4343
"AVEN",9.4128,11.2298,11.5722,8.4075,11.5572,11.8847,8.9711,10.5329,8.8636,10.1433
"P2RY1",13.606,9.0141,35.8612,19.7247,19.3308,28.9001,10.7069,18.2637,10.6129,18.9489
"TRIM56",14.522,13.5576,25.4752,23.0568,18.8333,9.799,4.8775,17.8173,18.6653,16.7502
"MUC17",3.748,8.6843,1.8105,3.4042,7.6763,1.3771,1.7731,16.7579,16.5509,4.9887
"REPS2",6.7005,6.1925,8.943,7.2963,8.6153,5.4366,4.0876,8.3016,8.7654,6.0926
"MUC3A",29.3431,37.8538,11.4307,22.4017,38.8932,14.8839,15.8687,21.7363,42.4909,20.6819
"SYAP1",40.3627,59.5043,48.2893,45.3586,52.1443,51.1074,39.6073,57.9406,66.2494,45.8013
"ITGAM",11.3119,5.8906,10.6392,7.509,3.174,7.823,3.4147,8.8308,2.1314,4.9731
"TPST1",11.1695,8.689,21.118,10.7152,4.365,14.2883,7.8461,16.4353,5.5651,9.5324
"TOR1AIP2",4.4882,6.0594,7.8745,9.015,9.8264,5.0391,3.396,7.2849,8.3537,6.7572
"TM4SF1",67.9103,342.7249,55.5804,44.9817,103.5862,86.2829,43.9658,160.8913,65.59,67.8795
"OTUD3",4.003,4.3266,8.0991,6.6193,4.5958,4.9542,1.916,7.3262,5.9386,4.6033
"GUSB",76.0163,81.7706,61.5449,61.6678,104.9844,65.9122,68.9635,71.6231,83.289,70.1021
"BRD3",15.457,12.5403,29.077,15.4925,11.221,17.7787,6.9419,18.7499,9.1956,15.3469
"KLF13",42.6989,64.0756,47.4178,53.5826,70.1054,29.7787,16.859,84.5771,71.7676,59.7208
"ZNF747",7.7658,6.516,10.01,7.7702,9.0638,8.4297,5.76,7.7457,6.3012,8.0261
"TAS1R3",2.3456,1.1308,1.1049,2.3628,1.2712,0.7808,1.1255,3.29,1.4366,1.5151
"TMEM42",9.4555,4.2362,9.823,6.1568,5.0345,11.9652,20.0316,5.1705,3.2511,6.1855
"MAP3K2",14.5863,18.6089,25.2364,20.6257,16.0676,19.6364,9.5219,20.1035,24.0786,15.6228
"PUSL1",5.863,9.1559,4.3495,4.35,11.501,6.5258,7.0361,5.9623,6.3159,7.7459
"SF3B5",392.8566,420.4883,263.1115,254.6986,583.4875,479.6222,726.9811,369.0438,328.5526,374.0476
"NLGN2",8.3584,11.3314,22.8174,12.2671,3.4854,10.3597,2.064,22.4325,4.061,11.4397
"MYO7B",53.7282,74.2732,39.8583,70.381,116.3874,24.5514,19.194,62.7988,108.1695,56.798
"CHD3",42.1252,54.3379,68.1775,40.948,43.1694,34.069,9.3839,74.1976,32.8454,61.8824
"MYRIP",5.0006,3.3029,9.7053,3.0167,3.4203,6.9357,2.6774,7.234,4.8207,3.4043
"ALCAM",16.5341,16.3094,37.4236,15.1518,14.6206,23.2489,12.8259,22.9955,17.0199,16.2643
"YWHAG",124.7397,191.9329,178.4596,134.9209,152.7799,129.6001,62.6401,202.4292,140.3623,137.7192
"UBE2E3",44.3145,39.3516,55.7579,42.8062,49.9363,53.4883,43.7327,43.8878,50.9162,45.0578
"CNTROB",15.1295,12.483,17.063,14.8338,14.6602,12.1205,7.9939,18.9528,14.6761,14.5684
"TRAPPC1",116.0697,117.8533,111.0856,104.148,130.9651,121.3466,134.7879,118.0614,105.6288,134.7549
"GPR37L1",1.6308,3.0661,2.8002,2.4575,3.3167,1.4011,0.5787,3.3562,1.4928,2.443
"TMEM192",11.3425,7.8434,10.998,10.5351,9.7709,11.428,8.9259,9.3933,10.4359,7.2799
"SERPINA6",2.1514,2.3574,4.3059,3.3035,17.9114,4.0712,11.3415,4.0692,4.8907,2.7668
"NIPA1",7.736,6.9385,5.2621,9.8866,7.5124,6.6133,4.2967,7.7206,9.2868,7.1135
"UBE2E1",24.3299,19.1705,30.3254,17.0199,18.9707,32.2736,37.2857,20.9753,14.1142,18.1884
"HNRNPA3",100.5967,137.163,148.7471,119.2884,116.6296,112.5927,49.8641,155.4777,133.9132,110.2553
"SIK2",19.1431,20.6238,24.6647,16.2104,19.2948,13.4429,7.5886,27.6871,15.8558,15.0987
"CHRNB1",6.7737,4.0205,6.9214,4.5211,4.1897,5.1359,6.6872,4.4596,4.9387,5.7195
"NANP",4.6215,4.7333,5.9612,3.7437,4.5957,8.0722,6.1357,4.6485,5.4798,3.5969
"ADPRM",12.1269,8.2994,14.0528,9.0627,7.8503,21.6423,25.9025,9.6333,9.1257,10.6953
"FABP6",0.0468,0.1952,0.3361,0.3462,0.2207,0.3563,1.0358,0.1459,0,0.2847
"PWWP2A",12.6716,8.2773,17.1444,14.3006,13.728,11.9182,8.8225,8.2506,13.3337,11.1734
"USP47",10.6365,11.3575,19.3526,11.8082,10.6968,11.3893,3.9904,14.021,10.348,9.6
"PDCD6IP",82.813,94.2476,104.0489,107.5906,134.1362,62.7011,46.9646,90.8833,152.3582,81.6743
"ZNF212",11.8425,10.356,16.1893,14.8098,11.8112,12.1196,7.4026,10.5891,11.9892,10.5056
"FAM161A",1.3467,0.8382,3.8248,1.4327,0.8949,2.5506,1.1599,1.8321,0.9494,1.0504
"ZNF282",24.1105,27.4746,30.4549,24.1148,31.0611,18.2003,13.607,26.2462,21.1317,28.1082
"GLB1",75.8337,60.3389,51.2843,47.5084,78.7403,52.289,67.6663,50.438,82.6932,54.8931
"GON7",44.8304,36.3438,46.8036,44.2598,54.6732,83.172,153.5573,37.9205,60.2212,44.6443
"FAXDC2",19.5377,21.3303,80.8971,25.4648,5.2118,39.3202,11.1377,41.3697,9.4244,25.9807
"CRTAP",100.3268,80.3432,180.2875,61.8578,44.5906,155.9858,75.3975,114.8538,40.2736,85.1939
"ELP5",35.355,29.5617,32.7609,31.0241,35.994,45.5943,53.3099,35.681,24.8193,36.9237
"CMTM8",21.2047,17.1553,13.5167,11.5247,25.4439,18.6847,21.5301,14.5215,22.3493,13.4561
"LGALS9B",11.4862,6.5231,10.7162,22.3447,20.8425,2.9615,9.0621,9.7532,19.2606,17.4962
"STX8",25.6856,18.535,27.887,20.4729,24.626,43.6858,43.5346,24.2201,17.7054,21.0956
"CDK1",10.6008,20.2214,14.162,17.9363,29.5834,27.9835,37.3862,19.7658,36.1219,21.0361
"UBB",507.5182,500.8724,460.6837,325.6876,407.7758,562.4885,619.4124,572.8262,419.7061,464.3695
"NFRKB",16.1636,14.8445,22.4818,19.5011,20.9493,13.3383,8.9991,16.852,25.2287,15.4978
"B3GNT2",49.233,39.6344,42.6532,61.5488,47.125,70.6886,61.4209,44.82,65.4362,51.6005
"FOS",993.6727,517.7473,159.3565,2275.3972,245.9228,1121.7503,52.7241,435.8066,88.8386,1288.2771
"TMED10",219.7175,235.7238,224.0513,167.8026,255.2181,228.6228,191.4868,229.0909,242.0963,187.06
"SETMAR",11.0685,7.994,12.8138,9.0386,15.0358,16.0607,19.6993,12.4495,7.0642,9.3918
"SMAD1",14.4199,12.1858,20.8496,14.3352,18.9245,15.9764,10.7836,13.3926,19.3349,13.8397
"CST2",0.2732,0,0.1225,0.202,0,0.2078,0.1777,0,0.1062,0
"CST1",0.5842,0.3654,0,2.0733,0.0551,0.2667,0.6842,0,0,0.296
"SLC30A1",34.3543,43.8458,42.8912,41.9658,29.5358,65.8663,23.7128,44.8632,48.4063,34.0387
"KRT8",1124.6468,2546.5335,769.5144,1305.593,3089.8862,867.7317,875.8555,1675.7975,2762.3727,1933.2172
"ADORA2B",8.8268,38.6956,13.0795,10.0399,18.7656,22.67,15.3057,24.7111,18.3575,15.095
"MGMT",13.7135,12.1543,9.8458,6.0937,9.4677,16.2716,17.936,12.0989,8.7894,8.5965
"METTL7B",48.1999,70.2972,45.9063,73.3003,115.9491,55.6868,67.5445,51.8501,69.2616,68.1861
"HARS1",12.125,16.4982,13.0388,10.5104,16.0683,12.6346,7.6897,14.6503,11.4477,13.303
"CD14",281.4265,227.446,156.257,132.0082,149.1439,270.7138,213.6326,173.4637,159.9675,161.6526
"DNAJC18",4.8372,3.1052,10.5509,4.9153,2.1355,9.9139,3.6726,6.3371,2.2681,4.4644
"RIOX1",8.1733,15.5503,12.4756,10.8618,17.1427,10.0444,6.839,14.2534,11.5221,13.7538
"RALGAPB",16.1571,18.8083,24.0855,19.6209,18.4937,15.1041,8.2187,19.4099,20.3444,15.3863
"PYM1",44.5916,40.0786,34.1185,35.5041,58.6518,52.9054,68.4391,31.3041,54.3077,40.7199
"MZB1",90.5887,40.51,33.4303,70.7814,29.1535,39.2355,60.0844,44.8714,37.9208,64.0377
"SLC23A1",1.7814,3.3488,4.5664,6.3029,5.1118,1.67,3.27,4.66,5.2941,4.8669
"NPAS2",5.4961,6.0217,4.6496,8.6932,6.5817,2.8705,3.1067,4.9018,7.5284,3.4057
"KISS1",0.2854,1.0412,0,0,1.1432,0.1086,0.0928,0.8896,0,0.5061
"NUDT9",40.7517,36.292,35.7468,27.1221,41.9418,35.7269,27.1885,38.7769,33.2931,33.8898
"PA2G4",58.329,87.3772,66.4407,49.4687,94.0183,69.2064,47.3844,74.9725,64.5639,60.3707
"ELOVL6",15.5828,44.807,13.9118,16.963,60.0882,21.1335,18.6093,23.2555,60.3276,20.0542
"PFKFB3",27.1883,41.0711,21.4703,25.4792,13.9475,23.2032,8.5329,57.7853,13.8026,25.6742
"ARL6IP1",123.7939,134.391,143.0036,128.1309,225.3659,194.1088,187.9337,145.383,252.2136,138.8682
"SERPINB9",11.2142,16.6361,11.5839,21.4732,8.4139,13.229,6.5122,17.4513,10.2706,16.0226
"EMB",22.8469,14.2376,15.7531,20.3704,4.5908,18.5075,12.7014,12.818,5.8975,13.1805
"STAT2",27.5513,16.7575,30.8546,34.0304,21.0327,21.0626,13.412,26.1826,24.981,23.3108
"NUDCD2",8.9176,7.4686,11.3735,8.2349,8.7974,14.9516,14.2077,8.9046,8.5724,7.4009
"IRF2BP1",30.1762,34.2822,34.776,24.733,40.6063,27.105,16.821,44.6156,23.9216,43.1037
"HSPA4",57.2042,86.0086,81.1827,69.8807,93.3951,68.724,34.8471,79.2064,74.6258,68.2211
"FOXA3",68.8913,53.9989,29.8405,45.9909,95.5333,60.9671,94.1032,67.6422,39.582,85.4159
"COMMD5",21.359,23.9195,18.9282,18.5158,26.7153,29.4991,36.7016,19.3969,18.8249,20.9164
"SGCD",4.3079,5.0019,18.4831,6.1066,1.4245,7.7858,2.2986,9.8266,2.0364,4.7405
"RNF34",18.2335,16.6759,22.7807,17.8305,19.6476,20.0252,19.4698,16.3643,15.7839,18.8579
"ACYP2",5.8702,3.5942,6.2059,4.765,4.227,6.6683,7.4516,5.6085,3.6554,5.1473
"ATF7",9.4423,7.7472,16.9661,10.4243,7.4503,8.9317,4.1675,10.4532,7.6113,9.9617
"SOCS6",27.0205,41.1593,37.6205,45.4501,39.8906,30.5891,17.7447,34.1286,50.3739,21.924
"HOXB9",81.0252,25.9339,40.6517,77.7757,141.1673,36.1527,34.196,56.2854,79.9126,67.1481
"TTLL6",10.4146,2.594,3.5511,6.8723,7.5927,3.4373,4.526,3.6657,9.5609,4.061
"POLH",5.8566,3.1791,7.3083,9.5511,5.9789,4.2429,4.1827,4.8893,5.2838,5.9588
"KCNS3",20.2765,10.8135,20.3401,15.4607,15.2733,14.9938,12.2916,20.1867,3.7491,10.1158
"KIF5B",129.0526,165.1559,245.5819,138.7919,145.8051,185.4384,75.7375,197.4948,165.231,135.6197
"AKAP13",17.3379,33.8864,21.6453,24.363,22.4425,10.7682,4.2003,27.7458,23.2558,24.5494
"CDCA4",9.8225,13.622,11.8374,9.8777,16.0443,17.0053,15.9497,12.1944,9.6782,14.4228
"SDR16C5",9.8034,20.5986,2.3697,13.9217,22.8434,7.8727,7.3993,7.7803,5.3406,11.3186
"CHCHD7",15.5336,12.5228,16.8454,12.8945,16.5933,22.2658,19.7167,14.5628,14.1839,12.4106
"FOXN2",13.9579,11.7784,16.5918,10.9517,9.7747,20.2076,16.8083,12.3101,12.5319,8.1825
"CEL",0.2562,0.1558,0.5747,0.5051,0.483,0.3574,0.4167,0.6211,0.4981,0.3894
"PPM1D",12.1501,10.7484,13.5924,13.426,12.3655,12.91,8.4111,12.1828,10.2426,14.2453
"KBTBD2",27.3625,30.0424,37.5078,32.834,19.8594,32.8787,16.1693,40.6951,26.2712,29.1086
"RIOX2",8.3228,8.5129,9.2875,6.1643,10.7266,8.3944,4.8754,7.9547,5.989,5.9496
"TRIAP1",45.2391,51.4439,47.5531,33.7938,57.6113,82.631,90.8141,45.0138,41.3882,38.9243
"LSM3",40.0997,41.0539,45.557,34.4014,42.2115,68.2669,62.2444,40.7956,43.4526,42.7363
"MTSS1",9.6293,6.2611,12.0247,8.824,6.8593,7.0673,4.8671,9.4397,6.6227,5.4758
"TMEM43",49.8514,66.9894,113.1822,48.7979,39.8478,64.8894,28.7484,86.989,35.9042,61.2399
"RNF139",41.1047,32.6705,51.3675,38.7728,34.5614,70.1543,59.0961,45.1728,33.6436,37.5192
"RPS9",681.5486,551.6375,507.9559,356.499,498.703,850.8274,1572.8336,525.4383,361.139,535.1469
"TSEN34",37.7978,34.5403,35.5124,28.6045,43.4738,39.2423,30.7682,38.658,33.2435,35.1362
"GSTA4",31.2306,16.2762,35.6342,17.6401,16.2488,41.6572,25.8408,22.1187,15.8779,14.52
"NDUFA3",64.5904,54.4299,34.7186,42.9754,63.3023,63.8652,91.7347,50.1273,60.3173,62.7974
"OSCAR",3.3734,2.5225,2.9389,1.4458,0.7834,1.5995,2.0358,2.4382,1.1787,2.1301
"PAQR8",73.3086,48.5218,96.3708,139.8236,137.1301,71.0383,63.2482,45.5793,166.8825,111.5429
"DNAJC24",3.7474,2.5628,6.6285,2.9067,2.1382,7.1575,3.949,3.8996,2.5865,2.5755
"CAVIN3",7.5254,19.8143,17.1437,2.9512,4.379,13.1443,5.5348,19.5466,3.6133,16.2448
"HAS2",14.2138,5.5103,6.317,12.3475,5.0846,5.9421,4.5027,15.7538,3.3826,5.9532
"PDGFD",15.3799,10.1142,22.1511,18.0061,7.3436,19.3122,13.5286,15.7805,6.9145,14.3728
"S1PR1",16.435,15.1481,23.5403,12.8216,7.0878,17.5585,5.851,23.936,12.8651,14.1425
"HS6ST2",0.9879,1.1677,2.2844,1.2048,1.5359,1.1159,0.6096,1.0899,1.7901,1.2384
"PKIA",5.7605,5.5414,15.9148,6.7167,2.045,15.8132,6.0264,8.0415,2.7235,6.5825
"TSNARE1",7.6903,4.8584,7.7108,6.2325,6.2412,7.4502,3.1472,9.6733,7.9622,5.3296
"FPR1",9.3864,8.5891,3.014,6.0777,0.5401,9.5323,2.6742,10.2655,2.0286,3.1636
"FEZ2",18.0337,17.4009,33.7917,21.2299,16.0677,29.1942,16.6949,20.8742,21.6669,19.959
"SOX7",2.1392,2.3453,5.6867,2.9054,1.6279,2.2425,1.2371,5.4163,2.9822,3.0506
"MTM1",58.263,35.2521,44.2407,50.7954,49.1169,39.256,26.5333,48.9815,73.2465,38.0241
"TRMT61B",14.8832,10.4965,15.767,10.3285,12.5156,16.1503,17.6966,13.3348,6.68,7.9529
"INSR",19.449,21.7576,31.0254,43.2874,28.7488,12.9119,5.845,35.3852,42.4029,27.1985
"MFN1",20.9516,20.4182,30.2302,21.3505,23.6481,35.0249,23.0482,24.252,30.4025,20.3522
"GIMAP8",14.364,9.3638,22.0178,15.6417,7.0101,13.8186,5.1638,9.359,8.5203,14.7517
"NRTN",3.2156,4.2135,8.7374,4.2113,3.9832,5.8019,1.4346,6.0135,3.644,7.2145
"FUT3",107.8845,89.2738,64.9802,115.0405,186.1144,67.2983,75.5438,115.9359,163.6508,109.2308
"ATP6V0E2",6.0972,7.252,11.7533,5.3113,4.5163,10.8284,6.8539,12.4188,5.6926,9.5729
"PRKCE",5.9991,6.0082,9.4913,6.3038,3.8785,5.5705,2.5644,8.222,3.6371,5.0853
"TADA3",72.3607,65.804,66.5845,63.622,85.2681,78.5102,65.8987,69.5299,58.334,71.0639
"SOCS5",8.5768,9.3226,19.7717,8.5487,6.9298,15.8355,6.5848,11.6528,7.871,8.8213
"C1GALT1C1",62.8624,56.6534,52.7852,49.997,62.3027,83.8673,100.8284,55.2122,68.3257,50.8477
"C9orf16",53.44,52.5536,29.9734,31.7174,49.4384,49.6175,66.1698,42.8425,39.9308,54.1167
"MORN4",5.1917,2.4098,8.3699,4.4681,2.3702,7.7768,5.9376,5.2254,3.943,3.0412
"ZNF692",6.5479,3.6895,6.119,8.3784,6.2448,3.8869,4.2349,5.9274,5.7478,4.3749
"NAIF1",6.9379,6.2341,8.2575,9.6138,9.0194,7.538,5.3838,8.1586,8.2303,8.6839
"RBKS",6.5921,4.3955,6.4073,8.3858,7.5076,7.1055,10.8696,6.7315,8.1425,4.2402
"TMEM126A",47.2186,44.1313,53.0028,36.6171,54.9874,84.8665,89.2288,45.6245,45.046,45.5583
"TMEM126B",37.4275,25.385,50.3228,30.6491,31.6192,73.1256,102.8374,32.5766,35.5852,27.9885
"TRIM8",50.537,44.1456,58.3761,42.0915,50.698,38.2734,20.7297,52.0626,29.2223,48.0132
"NETO2",2.0229,2.9806,2.4733,12.0867,3.7099,1.92,2.088,4.2605,9.4608,2.8905
"SCAND1",53.6746,79.6496,29.2651,35.9284,100.4564,45.4798,70.4747,57.0389,47.3208,76.9882
"JUNB",429.2071,335.4568,105.5,658.036,151.2081,400.1889,110.411,545.3107,122.7114,693.4941
"UGT2B7",8.408,5.2865,8.2919,7.9995,14.7657,13.1032,16.1619,5.9486,9.3263,10.1182
"LRG1",40.6493,38.0856,20.6035,18.9855,34.6519,32.3915,37.7083,25.0344,53.3144,27.051
"SHCBP1",2.112,3.9298,1.8801,5.2456,4.3933,2.3727,2.029,2.88,5.6846,4.4973
"SOSTDC1",20.1055,7.7084,26.2448,16.4791,21.532,20.407,18.1205,28.5511,16.9499,17.5749
"FAM98B",16.1509,18.0048,27.807,17.6475,20.1494,20.0961,7.5279,22.2577,18.6906,15.845
"GAA",63.8158,65.9284,58.015,35.8229,42.8889,37.3838,29.2836,56.5679,38,53.6297
"CANT1",289.775,237.808,143.1151,150.7768,380.95,235.2818,239.1809,186.5673,219.1871,224.4276
"ZDHHC16",30.0398,24.2347,20.9357,20.3504,43.0382,26.2486,30.5384,26.0377,27.3776,26.0046
"CHST11",7.0153,8.7927,8.8428,10.0021,2.951,7.6781,2.7774,9.9466,2.9293,8.3248
"EXOSC1",15.5764,13.505,13.6175,12.232,16.5194,19.2829,20.7874,13.6094,13.9077,13.6043
"PGAM1",49.1586,59.9358,56.1077,45.5531,69.792,59.7587,52.9799,59.5969,80.6423,58.6704
"CHD7",4.6993,4.9886,6.6868,6.3644,6.2262,3.0562,1.815,6.9162,6.6203,3.8001
"ESCO2",1.7297,3.0751,2.6821,3.0112,4.5708,4.251,4.9516,2.5634,5.3096,3.0224
"KRT19",1530.9695,3171.9584,678.9087,1343.3094,3339.8225,1167.3358,1291.4362,1578.8899,3135.1101,2233.343
"CLCN5",3.8462,3.8653,2.8564,4.3394,3.8137,2.5644,1.892,3.6958,6.3006,3.4692
"TPPP",6.7908,16.5898,26.4348,12.1831,5.7098,10.2428,2.3727,19.7675,28.1489,12.5356
"KCND3",3.9095,5.8809,20.6013,5.5556,1.5134,4.0465,0.9993,8.5522,1.2537,6.1155
"APLN",0.6479,0.7082,2.3534,0.5608,0.3872,0.9859,1.0486,1.7895,0.3932,0.7685
"MRPL36",25.3805,32.7734,28.5052,21.2757,42.3703,57.3492,51.2263,30.9225,25.6176,28.751
"NAT1",15.5158,13.0559,12.8188,21.9868,25.6832,28.7016,31.2312,10.6126,20.7146,16.3928
"KRT20",1087.5786,2707.6974,1083.3895,2005.6041,3469.635,1309.7609,1510.5335,1792.1901,5417.6674,2708.0458
"ZNF524",38.8883,29.1109,29.5619,25.9808,40.8845,32.7086,46.9689,25.6012,33.2131,33.7437
"MCC",3.1451,3.7826,6.6055,3.8159,1.6141,3.5805,1.0741,5.7024,2.1472,3.7107
"ZBTB26",7.7996,4.2416,15.7034,7.7804,4.6603,15.2479,8.8396,7.0807,4.2367,5.9189
"POLR1C",7.0423,10.1377,6.6256,5.624,10.4054,8.4351,11.4036,8.4705,6.4629,5.6354
"ASXL1",11.8531,9.3767,18.1878,13.5995,10.0728,10.7927,6.0057,12.3266,8.0942,10.4098
"ZNF562",4.9019,7.56,5.651,5.5186,7.7432,6.3877,5.6353,8.4665,7.4176,4.7092
"ZNF561",15.2411,9.8383,22.7518,12.1883,11.0593,26.5373,25.0691,14.0046,12.0416,11.2261
"WIPF2",31.8155,38.5419,40.3218,37.0106,40.6145,26.5594,14.6731,38.8153,51.525,35.7956
"HOPX",4.317,4.4244,11.1658,4.3625,0.9104,10.7688,12.7912,4.2258,0.3782,5.8256
"LRRC8C",3.5718,4.117,5.8868,3.7266,1.3597,3.2598,1.6793,4.975,3.1766,3.9141
"RSL1D1",68.7598,55.3833,88.7727,43.52,58.5422,103.6136,95.1857,62.8325,42.7312,49.9432
"LRRC8D",21.146,24.3283,22.891,27.1538,37.1592,20.3071,18.376,19.2319,39.5539,28.586
"PPID",33.2875,31.2773,54.1359,41.1674,40.9159,44.6457,45.7127,39.6124,51.0515,38.119
"ETFDH",32.6207,32.0749,39.9794,40.5733,35.8323,35.5084,32.7393,38.5333,51.2502,24.85
"PTGER4",50.0093,57.3249,67.2961,66.6991,61.2653,53.7007,33.8184,97.0012,83.6655,48.3414
"TBCA",71.6712,46.6029,68.7215,52.1302,48.3389,99.2544,117.2742,51.637,47.1258,47.9718
"BCL2L1",44.4862,52.3406,41.1436,36.076,50.7379,48.9473,39.7235,41.5662,49.0308,47.0311
"PLRG1",28.0469,27.254,42.9816,27.8784,29.2973,39.7732,25.7758,30.628,28.0139,26.7099
"NMUR1",1.6291,2.1101,2.4407,2.6895,1.9826,1.9254,1.1319,2.5963,0.984,2.6442
"CLSTN1",183.644,224.3339,213.2804,241.2073,293.4224,106.3647,73.5502,244.2438,304.375,282.7055
"CXXC5",40.2448,30.1948,42.1296,36.1459,31.7823,38.8935,30.1843,29.9023,30.1085,43.1039
"ZNF274",6.951,8.2138,9.7853,8.8229,5.2723,10.3356,6.3482,14.3421,8.8434,6.8387
"PIK3CD",11.6238,9.1644,13.222,21.8742,2.9341,6.5978,3.538,9.2519,2.4899,15.0299
"SLC25A33",7.289,10.0979,7.0955,5.7885,12.4852,11.4327,10.085,11.7772,10.1688,7.5191
"ENC1",17.0755,24.7611,13.8301,17.0176,16.9404,14.2276,7.3718,17.8496,30.0134,14.5345
"SPSB1",26.8022,55.497,28.2413,29.2735,32.5437,21.4334,18.7584,45.1979,44.6111,30.8737
"P2RY6",2.8371,1.6553,3.1818,2.1431,1.0899,2.534,3.3707,2.7073,0.8874,3.2808
"BPTF",12.0662,10.6804,21.4098,16.97,12.8112,8.7833,3.7751,15.5401,11.7031,11.7208
"GPR34",34.2534,9.0429,31.1356,16.818,7.5787,45.9253,67.7357,10.9375,5.3073,10.6668
"PLEKHG5",7.2283,4.0275,5.6812,7.4514,5.4419,5.1532,3.6706,8.09,7.1412,5.3889
"ATF7IP",14.8594,12.6056,27.7241,18.5395,12.4871,12.8135,5.9007,16.1928,11.4571,13.9173
"RGS19",14.9967,12.4632,9.3307,22.9552,5.4928,15.7872,13.1077,8.1168,4.5324,19.0643
"TCEA2",9.395,7.253,17.0684,8.2125,2.7477,16.547,5.9534,13.8955,2.1183,8.8834
"HDAC3",26.9747,20.5949,28.0189,21.5529,26.1844,32.4548,26.9906,22.7789,20.0073,21.3864
"GPHN",12.4921,13.3744,15.4156,9.4302,17.8648,9.795,7.791,15.7984,16.7262,10.1398
"CAMTA1",9.9439,10.2575,12.1478,10.2386,9.2607,14.8577,13.9435,10.8391,8.7456,9.9714
"LGALS4",4131.3317,3331.5426,2782.2766,3738.825,8116.4457,3079.7561,4883.2198,4312.8132,7159.3361,4694.0205
"SPATA5L1",9.3879,9.4101,12.5939,7.9387,15.1381,10.0639,8.2155,8.85,9.587,9.5427
"GATM",7.57,4.7537,16.1504,8.4521,3.5415,17.9237,17.2956,8.7281,2.4559,5.8754
"BCL2",8.3129,6.8796,10.7055,8.0692,6.5292,6.7675,3.3692,10.6302,5.3843,7.5226
"RHNO1",26.5123,24.5215,29.3187,21.4533,32.6517,39.4937,30.6629,26.9448,26.7025,23.2908
"CTPS1",5.1701,11.6102,8.2619,5.4992,7.5911,7.9924,2.5058,12.1038,4.8477,7.851
"METTL18",9.4448,9.0017,18.5148,10.9526,8.7189,6.94,14.8153,9.4768,11.4204,10.2909
"COL8A2",4.288,8.3818,14.8603,5.8888,3.7227,5.3297,2.2149,11.6196,2.7154,8.0927
"PWWP2B",39.1844,44.1929,25.832,33.2107,63.615,23.1364,23.8915,50.3293,44.8729,43.3112
"FBXL14",44.121,39.7609,18.4315,23.0752,46.8249,23.0586,20.429,38.8692,21.0775,29.6382
"EXOSC10",21.9557,20.4298,24.917,18.345,26.0312,18.3484,12.0387,21.221,20.1304,20.5664
"MLLT3",19.4671,11.8868,16.9456,15.53,17.5816,16.6344,21.7139,15.0776,17.5519,13.8612
"RRM2",7.0073,21.2735,9.0584,13.9415,37.9326,11.1882,15.9841,16.9606,34.6457,18.5822
"TRAPPC12",11.1275,17.1955,12.8872,10.5049,15.1206,10.9709,5.9779,15.338,10.4468,12.7685
"RPS21",1228.0071,912.9462,829.5146,643.5666,826.0354,1737.7987,3813.5348,875.3168,616.3928,929.3336
"C3AR1",21.3931,7.803,13.276,7.6602,3.9061,17.4984,15.0012,12.2202,2.8372,9.3892
"MRM3",15.3473,17.4413,16.1643,12.5991,21.2863,18.5895,16.9649,17.8118,14.3308,14.1463
"PTEN",29.8326,21.5584,47.1065,34.1562,29.5534,34.6882,19.0025,29.5318,32.7864,28.95
"RPS7",357.8862,233.537,266.6347,168.0285,224.8953,520.3153,1118.3347,244.8948,153.3033,231.532
"RNASEH1",11.3456,17.2474,24.3872,13.1018,13.3021,19.4684,7.2702,22.0885,12.7155,12.3728
"PRNP",196.1804,221.0128,598.7125,191.9136,43.2434,479.4041,97.4127,396.2017,46.8425,176.2802
"CYP4F11",5.3259,0.1582,8.6033,11.579,16.2872,5.9484,4.1812,10.7251,13.3605,5.9092
"TLN2",15.2023,12.275,16.4509,13.9978,20.3536,6.4613,4.5232,20.6928,13.4435,13.1045
"LGALS9C",10.2659,1.385,9.4221,23.3402,6.6054,4.1419,9.1055,9.6305,4.417,7.2857
"ZNF217",21.4703,19.2949,33.217,48.6024,35.4695,22.3748,15.0255,19.9949,39.0103,31.3002
"SCG2",39.6953,37.1101,37.6012,18.2403,8.3286,28.969,14.6111,35.6145,11.5306,21.7531
"ATPAF2",6.8072,5.7183,4.9221,5.7789,8.3959,6.9662,7.5924,5.7761,6.5212,5.8562
"PPIH",7.839,7.0244,7.5355,6.9784,10.4135,11.807,16.3936,8.3834,11.3065,7.6592
"SHLD1",7.4375,4.7875,5.1041,5.5505,5.3179,8.8697,13.6524,3.6336,4.2067,6.9455
"JMJD1C",15.2712,21.2456,27.3945,19.5577,13.7911,15.0362,8.6886,25.9143,13.2324,13.8457
"SYNPO",32.9893,39.4243,58.2768,49.2068,39.8446,34.2009,14.9433,57.0368,50.9948,47.2696
"RAB33B",7.1217,5.159,16.4443,8.3415,4.2169,17.777,11.2077,8.7578,5.0428,6.2196
"THOP1",12.3292,20.3855,11.0741,10.709,23.202,11.5118,16.3916,16.0548,20.4903,15.2748
"REG3A",0.2579,0.0672,0,0.1907,0.0304,0.3925,0.5035,0,0.0502,0.1307
"REG1B",1.7684,0.0222,0,0.252,0,0.0648,0.0554,0,0.0663,0.1295
"LAMB2",49.7934,80.3419,128.0586,63.2915,25.284,51.3347,13.9726,153.4587,26.3166,81.0032
"USP19",44.0538,36.9926,52.631,43.9758,47.6543,35.5572,19.8998,50.071,39.5569,46.9645
"QARS1",217.4772,169.043,158.9578,128.0093,250.0092,168.1638,160.3337,172.629,162.2005,157.5448
"ORMDL3",66.816,50.8636,64.2476,60.2108,65.0225,55.1659,40.1592,59.8975,50.6222,64.7571
"KLF11",19.4393,14.3094,42.9806,18.8404,7.9537,33.5803,9.5813,25.7616,8.2964,20.1351
"SMN1",3.7176,2.829,4.3094,3.162,4.248,5.1564,4.1739,3.4693,2.9168,2.7334
"EIF2AK3",17.3911,18.8941,15.6116,18.0436,19.9821,14.5716,13.4786,22.3174,19.6466,15.6677
"NME6",10.1213,8.4866,11.3102,8.2615,10.4127,11.4605,9.453,8.8166,8.9523,8.3992
"CYCS",179.0637,182.5435,161.2323,159.4509,247.3469,305.374,292.0609,199.8058,255.9002,152.6986
"CD8B",1.8239,0.9455,1.1083,2.2546,1.046,1.5566,1.0674,2.0754,0.5254,2.3663
"SLFN12",2.0106,1.1707,4.1552,2.5424,0.954,3.0595,2.111,1.8872,0.9705,1.4893
"CALB2",23.8695,13.6729,38.3173,10.8055,5.3632,13.4444,7.5604,48.6036,14.3943,17.2062
"CCL11",65.8465,34.3959,69.4014,18.5886,1.8633,82.2268,12.4665,94.3238,7.9633,21.8287
"SNTB1",7.8657,4.1736,9.2571,5.444,6.4524,6.6066,4.2151,9.1383,7.4177,4.0724
"MTBP",1.0462,0.9629,1.1746,1.1851,1.061,1.0148,0.9155,1.1568,1.2846,0.8121
"TEFM",4.8977,3.6177,5.3284,5.2462,5.3794,9.3601,14.1763,3.9667,5.0386,4.8844
"MRPL13",29,25.0423,26.931,24.8769,34.0977,51.5889,89.3002,25.3263,32.1924,23.8409
"MALT1",7.0266,8.9937,10.165,11.219,6.7065,8.8641,5.1883,10.116,8.2159,7.6607
"ISG20",10.338,27.4577,3.9423,10.4398,12.88,7.7684,9.659,10.7852,9.9421,12.204
"MBOAT1",29.6474,26.3596,28.7027,30.3579,39.9108,22.2617,23.4046,23.9495,36.6604,32.0811
"ID4",8.8129,8.6512,17.5132,14.0038,5.9383,18.5747,6.9833,19.9935,9.8613,22.3507
"CXCR6",6.7745,3.5447,3.148,5.3878,2.0478,4.9285,5.0398,3.1547,2.0151,3.1313
"CEBPB",50.8882,39.2112,21.4739,42.1497,20.4697,40.5523,23.1781,86.718,26.8006,44.8259
"TPSAB1",31.5702,43.0701,33.7242,23.9358,15.4692,71.498,25.1257,33.8704,11.7131,53.2164
"ATOH1",60.2019,42.5374,52.8974,42.7726,73.9545,48.118,45.5519,10.983,51.7271,38.5272
"PAIP1",44.7541,34.5594,56.9615,35.965,33.0059,70.206,51.6089,41.8154,31.1252,33.4128
"CLEC7A",6.2251,2.5092,3.7307,4.4226,1.1803,7.6226,7.7048,4.1307,2.9123,2.7226
"C5orf34",1.1524,1.2365,1.6117,2.105,1.773,1.5473,1.6098,1.6023,1.5816,1.3909
"ZNF131",7.5733,8.2742,10.6806,7.3507,7.0703,9.5764,7.8854,9.4844,6.169,6.2796
"DPAGT1",22.8957,25.6749,18.4731,18.4613,38.212,16.2384,14.6767,25.0509,25.9326,19.3961
"BSG",559.9364,759.7324,648.2149,714.2917,1291.2254,490.5946,560.3173,808.8742,1134.4275,880.621
"HINFP",6.0049,3.6412,6.7971,6.0291,5.952,6.3382,8.6611,3.8335,5.7874,5.0582
"CERS6",28.9853,23.314,26.099,23.6289,29.2814,21.3747,17.02,28.6855,29.9327,16.8923
"SPTLC3",4.9946,2.329,6.0142,3.4011,3.6094,4.5093,3.3196,4.1278,4.4047,2.7604
"COPRS",50.5003,55.6796,83.8564,40.2591,43.4538,105.798,60.81,60.6819,34.5914,54.6506
"TP53RK",17.6903,21.3399,18.1392,14.4035,20.7588,28.6233,28.3684,18.1636,14.7779,16.5957
"BPGM",16.4528,12.0253,26.4627,14.597,11.9896,32.3642,23.2629,18.3239,10.8294,14.4955
"POP7",59.835,68.5459,61.8119,50.357,86.2269,86.1161,104.7834,62.8057,57.4066,63.8008
"ALG14",5.2893,4.9514,4.7124,4.3521,7.8241,7.6629,9.7156,5.4186,8.0545,5.2577
"SUCLG2",241.7678,214.0497,287.3838,196.372,302.2866,268.4634,230.2335,286.7888,263.0677,155.1065
"STARD5",1.7921,1.1141,1.37,1.5924,1.7194,1.2963,2.0497,1.2441,2.0375,1.9788
"CSDC2",3.817,3.6425,4.7183,1.6305,0.3198,3.9755,0.7947,3.8776,1.0818,1.3751
"RCAN2",22.6357,18.7296,34.9869,22.9417,17.9472,38.1792,16.8037,40.7659,25.4256,25.2454
"IL16",6.9377,5.7692,5.684,12.4198,2.2789,5.0382,4.0835,6.0132,2.2407,8.9844
"GNB2",224.8938,278.7144,180.3139,169.014,343.5254,199.6208,160.1846,233.7752,228.3258,266.2805
"MCRIP2",25.2739,29.8031,15.0079,22.453,46.8192,25.8559,61.4296,26.9864,47.5841,24.9094
"PDZD3",7.8938,4.5233,4.419,18.9355,11.0283,5.53,12.2637,5.2279,14.9905,8.983
"ARNT2",6.0972,6.9729,13.4338,6.6303,1.4274,7.8954,1.7222,9.981,2.2326,6.3781
"GNG12",152.8417,120.3106,176.5839,173.6636,185.105,187.1039,180.9304,134.988,211.0113,122.6913
"SYNPO2",90.9551,142.4747,498.1818,134.1145,11.2453,206.7915,40.4495,325.0741,7.8508,164.0799
"CLP1",14.151,17.7966,19.8562,14.7845,20.9465,22.3457,15.6971,21.4511,18.8715,16.266
"INSL5",1271.6671,551.7173,108.8011,44.5651,57.0137,1372.727,2235.5052,67.1418,112.2638,253.0393
"COPS9",48.3927,48.2772,42.5878,39.9387,48.6986,79.196,128.2194,50.5642,35.243,53.0123
"GTPBP2",30.01,29.8869,25.4356,31.5118,32.8465,27.869,22.2042,23.7429,33.5162,30.5714
"FGGY",2.9753,1.9322,2.523,1.8254,2.9738,2.579,3.2835,2.5608,1.6207,1.4883
"IL17D",1.1944,1.612,4.9457,1.0868,0.8082,1.7476,0.8368,2.45,0.7621,1.5205
"TCEAL1",39.9021,27.0308,67.8891,28.3718,15.5652,96.5993,56.8496,38.2833,14.9469,26.8249
"ZNF24",30.9852,26.7367,46.9822,34.0451,26.0989,40.0964,23.598,33.5155,27.6691,24.9889
"MANEA",14.5665,6.9572,20.7133,10.9727,7.7157,18.417,17.7157,10.7897,10.2903,6.7532
"AFF1",35.8668,31.2508,63.626,36.5174,32.7543,29.8975,12.7165,45.4344,37.0184,27.72
"FIBP",36.6928,40.2453,32.7296,31.9686,42.763,37.9267,37.1074,32.428,35.3092,42.2853
"BANP",3.9548,2.5072,3.7893,3.3812,4.1632,2.6335,2.7235,3.9726,2.9931,3.7919
"PPP1CA",129.5417,151.1641,85.8922,111.2269,200.0884,133.9544,197.1613,121.1396,153.1075,145.8957
"HCFC1",26.6958,45.8516,38.2352,32.6277,49.9546,18.6427,9.4679,52.6703,31.1027,39.8009
"CTSW",7.5015,10.4253,7.9466,14.9232,8.3196,13.7989,9.9964,15.9318,4.3579,7.5093
"PDE3A",22.0687,20.2695,47.8017,32.321,21.0815,26.5803,11.2227,33.4802,31.2298,21.2052
"KLHL6",5.0349,5.6207,3.2601,13.6682,1.1704,2.272,1.6536,2.3495,2.2397,7.4028
"CHCHD1",65.5775,64.1279,53.5659,54.8584,83.4031,92.5763,156.4052,59.5671,70.3155,63.4181
"MRPL52",29.4753,33.4993,21.5944,24.922,44.2492,41.2097,74.6666,30.871,28.9283,33.3521
"SMPDL3A",130.623,121.5484,103.8275,164.6394,195.2286,139.9941,149.1456,86.0289,209.6497,116.5538
"RND1",5.6131,4.2098,0.7641,3.5489,2.3594,1.4923,1.7462,6.9848,1.3849,4.5369
"RAD9A",7.5151,5.7188,7.0385,8.3839,8.8452,6.0805,7.0122,6.6399,8.3249,6.6241
"EFEMP2",25.5426,26.722,50.9151,19.3172,7.0461,39.9601,13.6707,41.5722,5.2415,33.9629
"WASHC2C",22.7617,19.3132,28.8741,28.5338,19.8204,24.2824,13.1418,17.6646,31.1398,17.8878
"ZMAT3",5.1539,6.3167,14.4912,8.4543,5.6481,9.0709,4.3302,8.1187,5.6459,6.7527
"ZNF738",3.0788,1.6997,4.1903,2.9128,2.5083,4.5461,4.159,2.4397,2.6785,2.3793
"CCL19",97.274,78.6535,28.7367,274.8087,18.324,22.063,34.217,43.685,86.7216,210.6812
"CORO1B",89.914,98.1652,64.5231,73.2076,151.2921,69.5176,72.5122,77.4308,117.7496,95.2138
"MUS81",17.1682,13.9669,17.7021,16.371,17.5914,19.1954,19.4198,17.0794,15.6353,15.4913
"CFL1",421.4988,593.3317,377.8575,459.923,798.4993,376.3461,420.9109,503.2788,675.5469,581.1556
"TMCC1",10.98,8.4041,13.5693,10.395,8.2484,10.8976,5.6206,11.1997,7.9063,8.4044
"NAA16",5.283,5.0401,9.0705,6.0341,3.8875,7.2514,4.0197,6.0269,4.1223,4.2326
"PSME3IP1",47.2521,31.8574,48.451,47.8451,43.6079,48.685,41.0367,39.17,45.99,38.3547
"RAB43",1.133,1.1065,0.4945,0.9358,1.5585,0.5281,0.7172,1.4847,0.9049,1.1583
"CBWD1",2.1068,1.8025,1.3999,1.3131,2.6939,3.2551,1.7309,1.1654,0.7717,0.816
"DCP2",5.9586,6.1687,9.3335,10.6789,6.5872,6.3675,4.4656,6.3816,6.8012,7.5991
"RPL38",237.1826,216.3235,221.5503,144.8343,177.978,346.7716,450.4401,229.3118,154.1933,228.1382
"CYP7B1",3.8839,2.6472,7.4057,3.4658,1.4706,4.0703,1.5997,6.1406,1.723,1.8616
"RARG",22.1382,11.4236,19.4701,15.8239,11.5753,12.8371,8.2362,14.071,3.8638,12.0111
"CES3",63.8863,63.6486,49.8618,109.6303,135.9096,34.2303,45.6686,59.4374,91.3462,70.1062
"SSH3",51.1553,38.7771,48.2762,35.1924,56.8442,41.3477,31.6122,44.0609,48.7807,39.3679
"CES2",284.5425,312.0093,223.8712,334.6301,509.0425,187.0789,204.0067,262.6724,499.0853,308.4072
"PDP2",4.8618,4.4083,5.9533,6.8589,8.8958,4.086,4.7932,4.3361,13.8221,5.1776
"SP3",16.4429,13.0784,26.7399,18.8989,16.1946,20.8308,13.6175,15.2121,16.4476,14.9854
"DMXL1",9.6711,17.0012,16.298,10.7321,9.1046,11.1919,5.4903,13.8822,11.3239,8.7352
"METAP1D",4.6973,2.6372,5.8024,4.1943,4.7373,4.6789,3.3809,4.727,3.459,2.9776
"ZNF621",5.7193,4.5838,11.6017,6.7386,4.7569,6.64,4.0546,6.7707,5.2542,4.5598
"EGFL7",17.6038,10.2927,27.7021,13.397,9.8877,25.3064,20.218,23.7601,14.1541,19.7093
"NADSYN1",13.3099,11.7803,8.4708,14.9981,18.7596,12.446,11.6292,11.8075,29.8478,11.6866
"DHCR7",34.255,48.6286,20.1637,14.8793,73.9509,16.2906,13.9626,51.7343,109.4649,28.5336
"RNASEH2C",13.2175,12.5167,12.5022,10.7569,9.6281,16.8078,21.039,13.9454,7.9525,16.3307
"MYEOV",2.9367,5.2009,0.9515,1.0052,3.7546,1.4689,1.1146,1.4973,1.5437,1.8322
"ANKRD13D",9.0384,4.5978,8.2101,10.5256,5.1602,7.8443,5.92,7.5574,5.1794,7.5719
"MYD88",64.9024,67.9953,59.8575,68.0206,92.1302,70.0006,54.8401,58.5547,89.8063,76.852
"OXSR1",30.6702,47.5107,39.616,35.1394,39.8135,28.2071,15.2431,46.3464,34.0395,34.4351
"PHF8",11.9948,11.6758,13.6816,13.4741,12.5579,8.8558,4.9607,14.4966,9.2816,11.4
"LCLAT1",6.2417,6.6825,8.7437,5.5116,12.4621,7.6006,4.8415,9.5268,8.8968,6.4549
"ADH6",6.0771,5.5863,10.7179,13.1453,21.3837,7.7856,10.4233,11.0885,17.6446,11.377
"KAT5",12.654,12.9477,12.8596,9.8097,11.4505,13.7719,9.3787,14.1399,9.7031,10.747
"GXYLT2",3.7347,3.4746,6.9497,4.2338,3.5852,3.1362,1.8539,6.0646,2.9045,2.705
"DCAKD",37.2999,23.833,39.2878,28.4942,33.6478,27.4362,19.3444,32.5529,22.7594,23.2229
"TADA2B",23.6389,23.4024,28.9778,23.905,23.6968,24.4805,13.9558,26.6425,24.0245,23.382
"GRK2",69.3241,91.6175,49.1129,66.8854,101.3248,51.5127,38.8583,75.7935,66.3721,74.4411
"RELA",51.4289,66.9023,58.1234,47.7446,58.0772,49.248,28.731,69.6829,43.7198,52.375
"RXFP4",9.3807,9.0453,4.9805,5.299,15.7291,6.4156,9.8749,7.191,6.4484,7.9386
"HPSE",12.5321,10.944,6.5337,8.936,15.684,5.9377,8.189,11.9815,15.8747,10.6717
"COQ2",18.8054,21.2667,12.6871,11.3781,26.8808,22.3566,22.3436,17.6111,23.2231,16.4309
"HSPA6",1.8387,3.4723,1.5915,1.5674,0.8971,1.5801,1.4919,2.0228,0.572,2.0165
"TRMT112",174.2272,138.9765,187.8129,123.3338,126.2796,264.2074,269.6801,156.7172,96.3828,145.7052
"KDM2A",26.1171,34.4143,32.8282,33.706,31.2669,19.0201,9.7574,40.8756,30.5932,27.6018
"ADCK5",12.9681,12.8973,8.4012,11.1812,24.4978,10.0082,15.6417,11.5625,16.6164,15.1919
"MRPL57",55.7118,56.8807,47.8559,36.9391,66.2707,81.0279,103.4576,57.6693,44.6759,46.0476
"NOC3L",6.9728,7.8983,11.7953,6.9524,10.3258,10.3675,7.8556,6.545,5.8044,6.9958
"ESRRA",86.8227,87.3294,58.2204,74.0413,137.7433,80.0964,88.1587,85.239,122.1923,91.8847
"RHOD",18.4876,48.0039,11.869,10.9956,45.9241,20.3181,34.8557,20.3178,33.7403,29.3477
"COMMD1",22.7883,22.2433,25.5285,17.2261,22.9035,40.8025,49.0801,23.787,18.4514,22.6155
"RAPH1",1.4246,2.1611,1.6282,1.2834,1.5617,1.0739,0.5761,2.2862,1.6227,1.1681
"MTX1",11.8268,13.4612,9.5931,9.5827,17.0792,13.8347,15.4704,12.223,13.0291,10.3615
"ADCY5",9.5927,13.1245,30.8611,16.2593,6.4664,15.3531,3.9669,26.8417,4.5776,18.2757
"PARP14",15.2424,10.8225,23.1425,21.2701,12.4875,10.5485,7.2071,15.043,15.0009,13.4096
"CKS1B",16.1539,17.6318,15.5872,15.2267,25.4644,28.5239,49.0377,20.1084,24.7874,18.5739
"ABLIM3",5.7818,4.8727,15.8028,4.8273,2.3592,7.3283,3.5599,7.4357,3.0708,6.8301
"MFSD4B",1.1838,1.604,1.669,1.8962,2.1331,1.3381,0.8692,1.4026,2.8232,1.5421
"VANGL1",10.0254,26.6291,18.98,10.9433,14.4921,10.8762,5.8485,21.2242,7.3413,11.174
"GLRX",19.064,29.9299,12.2393,20.1231,24.0653,20.3231,38.0245,22.6704,19.6411,16.8554
"IQCB1",15.0443,12.5831,19.8347,17.2088,20.0338,20.0728,16.9256,16.4979,13.8947,18.492
"GOLGB1",28.501,26.6327,43.3684,37.4834,38.0155,19.2285,10.0846,37.2085,39.6894,27.9171
"SNCG",28.8573,18.8622,35.5818,13.9454,5.9259,42.5019,20.7681,25.8781,11.1586,20.6229
"MMRN2",13.2117,17.0387,25.0192,12.1302,10.9889,13.2454,3.4931,25.1219,13.8504,17.6088
"MZT2A",17.2442,21.0545,10.584,14.4621,22.0246,20.3332,19.799,14.8065,18.2903,23.0558
"TNKS",7.6839,7.4328,14.9864,8.5321,7.5772,7.1085,3.3407,10.5984,8.355,7.5383
"PPP1R3B",15.9454,15.5468,40.768,33.9229,19.0788,23.6699,13.2049,26.7227,20.3827,24.8107
"MAP3K11",27.8953,40.4067,22.4747,29.1388,48.7015,21.2023,17.7037,29.9794,34.6045,35.3604
"TRIB1",88.5517,136.4478,31.6903,179.8775,83.7423,45.2004,24.0481,211.0823,86.1397,141.759
"C1QB",427.2846,275.6773,206.6604,182.4148,106.8432,566.6032,523.6116,217.8876,104.7308,256.709
"C1QA",450.2248,284.0835,266.6723,236.6065,127.2793,488.449,488.4274,238.8301,127.1713,296.2991
"OLR1",0.25,0.4864,0.299,0.3203,0.0471,0.4057,0.4771,0.8311,0.4666,0.3208
"DAG1",72.2162,94.9442,118.8995,70.9425,99.6377,56.6654,29.4623,117.2294,89.7487,76.6037
"NAA20",61.0063,59.1106,66.3606,42.325,52.7022,98.6605,102.7466,56.6401,48.7342,47.2421
"SAA1",15.3548,5.8335,53.1743,13.156,0.8791,5.2409,11.1106,31.31,0.6696,5.0165
"MICOS10",7.2325,4.8255,9.7752,6.1033,5.5901,10.2702,9.4959,7.1666,5.2344,6.9986
"EHBP1L1",44.588,74.0305,83.5931,63.145,46.004,57.6259,16.826,91.511,42.1672,64.7436
"THAP2",3.1208,1.5099,5.5999,3.5364,1.5577,4.3791,4.1115,2.9596,1.4971,2.3741
"RNF26",31.4119,38.2173,36.4931,30.0449,51.69,34.5128,20.3658,41.8409,37.6974,37.3924
"PPP1R14B",65.9993,86.8235,43.8321,48.8865,124.5554,70.6951,75.6458,67.1984,76.5144,65.4105
"ZNRD2",18.8012,27.1941,19.5952,15.0048,23.3521,27.1992,20.4769,25.5011,13.1396,23.304
"AGR3",339.7715,322.6971,142.2338,187.3093,298.1266,465.6669,1121.1819,214.1021,327.1251,189.0592
"SMARCC1",50.095,61.8754,71.4617,46.0233,69.3523,50.271,22.6329,66.397,46.3749,46.6693
"ZNF417",3.0705,2.2444,5.4751,3.241,2.6028,3.8643,2.2867,2.819,2.8986,2.2405
"PTPRM",10.3843,10.1748,30.5727,12.1059,4.6512,12.5992,3.5823,20.5727,6.243,11.4499
"VEGFB",103.1285,79.9191,138.0017,67.7959,42.2143,127.7334,64.9104,121.6555,34.7925,102.9751
"PEAK1",8.1501,7.4279,12.9197,9.0859,6.6054,6.1738,3.5086,10.166,9.0038,7.9784
"TNFRSF10D",16.3423,9.4483,11.223,14.1495,16.4487,9.2982,9.9201,19.8539,16.8564,10.718
"MST1",0.8217,0.3238,0.6473,1.052,0.5383,0.4727,0.3521,0.9057,0.8572,0.5077
"GMPPB",12.9973,22.29,9.4358,11.4883,23.7306,10.0226,10.4277,16.1125,16.8567,14.8785
"MOB1B",6.6914,8.1149,17.1796,10.7502,6.5304,10.6844,3.6154,10.7349,6.5634,6.5396
"ZNF622",84.2495,75.1857,67.1007,83.8899,112.0914,80.2463,103.9205,68.7423,86.4335,87.5429
"CSPG4",12.0507,43.6455,51.7605,21.8444,3.3883,19.5721,3.4065,67.0069,3.2212,26.8429
"SNX33",19.0927,17.9499,31.9181,21.7363,20.4973,18.7846,9.3611,24.8637,18.4084,22.8678
"FAM166C",1.3224,1.5692,0.9127,0.2708,1.1889,0.3715,0.9001,0.5919,1.7405,0.5978
"NABP1",1.9353,2.0964,1.621,3.4712,0.8817,2.0508,1.2325,4.2675,1.6643,1.7299
"CHD2",12.7667,12.1856,18.1414,16.878,12.1603,9.0185,3.5509,17.8323,13.2898,10.789
"CCDC106",11.9414,9.2322,15.1175,12.0404,3.793,12.5625,7.2677,14.2042,4.0365,10.5562
"CEP83",3.5321,2.93,4.2254,2.9161,5.0283,3.7624,4.1078,2.867,3.8801,2.5276
"SULT1B1",112.0142,77.9927,115.4914,141.5255,161.1439,86.8126,79.7691,101.5993,263.3678,100.9119
"PC",12.6208,19.4015,7.3737,10.9042,24.0536,5.2445,4.9659,10.9525,23.8953,13.1697
"SCAI",2.1142,1.446,4.7474,2.6755,1.9963,2.9139,1.9832,2.8218,2.012,1.8215
"NMNAT1",11.7469,9.6409,11.8778,11.1768,15.9877,14.983,20.9224,11.975,15.6586,9.8982
"LRFN4",9.0764,17.4247,4.4715,6.1981,29.3814,6.1274,7.4085,15.4826,12.1668,14.6813
"SLC19A1",2.512,4.8586,2.8234,3.2384,6.2738,1.5801,1.2686,5.4413,6.1077,2.7475
"HSPB7",33.4572,39.6128,136.4759,38.9737,4.5714,61.2791,16.5881,50.9893,3.2509,52.1197
"RCE1",20.7102,29.0536,13.4333,17.8972,31.1354,18.8314,17.9365,22.2756,20.0671,21.535
"UQCRH",383.1979,326.9137,276.8987,254.8596,428.8416,549.0673,860.3868,338.4124,381.5974,320.7973
"EIF1AX",48.6354,66.1762,85.159,36.8282,43.8271,124.1855,97.2425,72.0546,64.3745,52.5073
"PSMD1",16.4781,27.8156,23.8502,19.3341,29.8152,18.7288,9.5228,23.6881,27.672,21.6278
"MUC13",1025.4826,2538.437,370.8525,979.92,1371.0712,416.5424,351.3052,978.6297,1455.257,943.9605
"HEG1",16.5858,18.9025,48.0553,21.2061,8.4089,19.7383,3.8388,40.0153,10.9426,23.6749
"TOMM20",189.6383,166.3421,248.1296,115.8635,168.4159,268.6195,234.6568,197.1665,138.3562,127.9354
"AGFG1",19.7622,25.1774,26.5397,22.2981,24.8315,25.7657,16.2952,25.3291,23.1835,19.2047
"STAT5B",38.4886,42.5507,77.1008,44.3221,26.4314,51.4522,15.5995,60.295,23.5943,41.4841
"CD7",11.1515,12.8245,5.5695,16.297,11.141,5.5433,9.4078,13.6136,3.9605,18.5684
"CNP",30.6363,28.2439,54.012,34.4177,27.2882,40.6588,18.2693,41.719,27.7917,38.1377
"JUP",224.02,362.1569,177.555,264.4586,529.9244,115.1842,101.6081,294.3425,415.9139,350.8329
"EIF1",436.6979,472.3868,440.1871,367.4747,340.1609,608.4465,393.8432,605.9706,298.976,427.7944
"ENDOV",5.893,5.0442,5.4321,3.7805,6.2692,6.306,4.7709,5.692,4.3044,4.9889
"RNF213",12.0753,11.0976,18.8586,18.91,12.1256,7.8932,3.8099,17.985,19.4976,12.5785
"TIGD3",0.6782,0.576,0.3155,0.2972,0.6866,0.4969,0.4576,0.7569,0.4298,0.5854
"PLK3",10.6573,23.5573,3.7368,11.3888,8.053,7.2931,5.2402,24.9451,9.9078,8.3161
"NET1",155.8477,147.1895,168.8134,175.5879,166.2177,162.7431,105.7829,181.1937,193.0045,172.8713
"ZNF791",11.7043,8.802,17.0936,13.9384,8.9061,16.1999,12.1761,13.021,11.6675,9.0694
"PHC3",7.904,6.3868,15.204,10.3828,6.9586,9.1089,5.356,10.4206,7.0111,7.0476
"CBX2",0.7366,0.7678,0.8382,1.1291,0.6773,0.6425,0.2572,0.3547,0.4052,1.2015
"SPTBN2",1.466,2.0084,1.1264,0.8342,2.2504,0.5199,0.3619,1.8863,2.5212,1.578
"GOLIM4",116.8236,104.7747,131.8953,117.315,144.967,101.5187,61.3588,111.215,145.7718,95.4786
"ATP5MD",289.2319,280.1528,250.1996,220.1166,292.2996,468.1494,662.0398,259.5456,358.2026,261.0537
"HOXB2",5.8446,6.0465,18.1183,8.8679,1.7266,18.053,4.5972,8.7912,1.8996,10.0762
"C1QTNF1",22.4666,26.9463,26.78,19.248,19.3676,24.145,9.2848,30.21,10.5151,22.4278
"MARCHF3",21.6632,25.1225,11.2574,14.1213,22.5804,16.5297,23.065,13.6483,18.3105,16.9339
"SWSAP1",5.1452,4.1781,2.8449,5.3522,8.0072,5.0528,6.6173,4.3201,5.0251,5.274
"RBM4",4.3869,3.9309,7.5222,5.0119,3.2167,5.7507,2.3827,5.3835,4.7267,3.1186
"XXYLT1",7.1374,5.6091,10.4356,5.6957,5.8284,7.5424,2.5676,8.1021,7.0193,6.8015
"UBXN2A",9.9757,9.6757,18.1276,10.7077,8.6649,14.5225,9.1709,12.3924,9.7339,9.6021
"CCS",41.0974,36.7137,40.4148,39.1414,37.2554,46.8676,31.9381,45.6393,31.1479,42.6058
"NRROS",8.2682,3.7693,8.505,6.1,2.2171,5.77,3.8833,4.2131,2.0752,7.3461
"CEP19",2.3135,1.2057,2.7534,2.9671,0.7787,2.9816,1.5666,1.7659,1.0648,2.0332
"KLHL15",5.7263,4.9188,8.5846,6.0412,3.9579,6.8968,2.6846,11.7132,3.4869,6.0408
"FBXO45",9.1129,12.1642,12.421,9.101,13.5304,12.8424,8.5303,13.4182,12.9014,10.4256
"GNG5",19.7813,47.3567,7.9419,12.488,30.5628,12.5079,20.2749,25.6198,14.2601,33.0395
"SLC25A30",6.9959,3.5014,10.8851,7.8611,3.6962,8.3181,4.8298,4.8535,4.8285,5.5615
"CD34",21.1091,14.0482,46.4454,15.623,6.6405,18.8023,6.2702,29.912,11.0877,18.2868
"CTSF",41.9754,23.5818,71.4268,26.8588,6.9271,59.8424,18.94,53.2775,7.273,33.8576
"MSRB3",41.9451,60.457,210.0718,56.0922,7.1844,124.5474,29.0047,98.2595,7.1588,67.6932
"LEMD3",17.2796,20.048,25.4017,20.3515,20.771,20.5547,12.8468,22.1944,30.5277,17.9804
"TLR1",7.3771,2.9142,8.7444,7.4216,2.5293,7.3643,5.4645,3.3365,1.1527,4.3461
"RGMB",14.0799,5.5234,14.1324,8.9696,10.7335,9.9542,6.4464,8.1987,8.0157,9.4565
"CYB561D1",11.8003,9.6961,11.8564,13.0535,16.1682,7.5614,6.664,11.7392,11.7256,13.3537
"TRMT10C",38.8168,44.6918,44.9781,35.1828,47.6579,71.796,66.5014,45.3635,40.2508,33.1873
"SELP",8.875,9.3267,9.1151,4.2953,2.9167,3.8428,1.0827,8.9327,4.6771,5.3098
"CTU2",6.5234,8.7746,6.9819,4.7054,12.2832,8.276,6.9829,7.7394,5.7595,7.1521
"MGA",5.6742,5.4962,10.4977,6.6875,6.3491,5.1824,2.2421,6.54,4.8573,5.3224
"C12orf66",3.7261,3.0876,2.8786,2.4348,3.3119,3.4486,3.5674,3.1218,2.5612,2.2963
"PIGG",10.6431,12.3115,10.8113,11.5492,15.7319,9.275,7.8096,11.9416,16.0673,10.6988
"PRPF8",78.0102,102.2615,116.0563,78.0589,102.2374,53.4174,27.2467,129.162,74.1586,88.0201
"ADCY6",40.9972,20.6527,25.8914,35.0221,40.7586,17.8733,15.2601,40.1088,43.1336,29.8234
"PITPNA",70.7646,82.8735,68.7713,70.1064,85.832,71.6423,44.3976,81.7949,85.8139,65.6727
"DDX23",68.7697,68.8428,64.0753,56.7013,79.4943,64.5513,48.3098,61.9209,60.9583,65.4672
"ZNHIT2",9.3338,17.005,8.1632,6.7848,17.9271,13.5469,13.5234,13.4461,12.7489,12.9543
"ZBTB4",55.4049,48.1725,124.0014,55.6489,22.4571,66.3712,20.4967,92.1333,21.0889,54.3544
"ZHX3",8.5352,10.3083,12.7905,8.0184,9.6642,11.2203,2.6696,11.9148,9.9278,8.5639
"EXO1",2.6106,5.8272,2.7621,3.2047,7.1495,2.6047,3.1086,3.2369,5.4779,4.0177
"RALGAPA1",5.4917,6.2008,7.8603,5.3836,6.3917,4.5128,2.7245,7.7066,6.2577,3.8955
"LIG4",10.6578,11.9922,15.6036,15.519,9.6074,18.073,8.0068,11.3505,13.5796,8.8344
"GTF2IRD2B",2.1977,1.4813,3.9715,2.0095,1.5883,3.2143,1.5966,2.2753,1.377,1.8964
"ATP2A2",62.1887,148.2813,77.6731,69.5524,125.0942,46.4339,22.6192,128.2535,114.5542,83.7501
"ZWILCH",6.1855,7.8922,6.8781,6.7083,10.7987,7.9423,6.9829,7.6704,10.0457,6.1823
"RPL4",786.7608,650.3178,851.2249,516.0471,620.5321,969.4818,671.1737,731.4245,440.9045,618.5946
"SNAPC5",20.0812,17.221,22.9272,16.5504,17.7826,34.2209,22.4626,21.3126,12.9291,16.0943
"CNTNAP2",1.5398,2.234,2.1323,1.1545,2.7149,1.3964,1.2427,2.996,2.9176,1.8186
"DENND4A",6.3398,6.818,12.4432,8.02,6.1516,7.2318,4.2995,8.5101,5.7883,5.9865
"PELI3",6.3971,6.5056,11.9913,5.0078,2.9474,10.7022,3.5458,9.8685,2.2807,6.7186
"MRPL11",57.3843,57.4916,46.9488,34.5047,85.9695,80.0557,137.5147,58.0778,53.6163,58.2869
"KLK15",9.2139,11.7613,5.9505,1.7771,9.9638,16.9674,8.775,5.7345,4.7079,4.3974
"IL20RB",0.563,0.8694,1.3096,0.9559,0.6289,1.301,0.5698,1.0399,0.746,0.5916
"GOLT1A",5.2973,19.764,3.9088,4.1727,31.4034,8.9651,9.5989,12.1906,8.4706,10.7351
"AKIRIN1",87.7299,111.0195,103.4522,98.1964,78.8462,134.6244,84.6382,125.0954,74.8167,78.0808
"MSL2",13.5479,15.4952,25.2058,19.6988,15.9281,18.1805,7.7794,18.3994,14.0143,17.4479
"CMKLR1",11.8503,7.6285,13.2619,8.2428,3.7626,12.601,8.1429,9.8926,3.0767,9.8664
"ANGEL2",8.3131,4.8042,13.3553,10.7995,6.4046,12.47,8.3259,7.4724,6.4002,6.723
"UGT8",40.1392,44.5989,38.65,38.6522,66.1809,30.107,33.6061,33.773,67.2398,37.987
"IQCK",3.4996,2.0419,3.3687,2.1272,2.7215,3.1052,2.1375,2.8092,2.9518,2.0159
"SLCO2A1",33.4557,63.6845,26.5486,55.5673,42.8642,19.0969,9.2188,40.685,67.4926,47.5612
"SLC29A2",17.3808,17.1988,10.9898,14.6503,42.2956,9.6617,10.5772,15.5867,27.9957,16.0359
"BRSK2",0.5018,0.7461,0.6224,0.5565,0.0974,0.3257,0.749,1.2575,0.1492,0.4337
"B4GAT1",42.1104,33.5214,80.1632,39.8601,37.7039,56.8182,33.7231,58.0449,29.0186,51.2842
"SH3PXD2B",10.9006,15.7547,19.3937,10.2339,9.5867,9.3564,3.128,22.304,7.3914,13.1927
"LARP7",33.0318,24.0783,38.5464,33.7622,29.0422,39.3427,31.735,25.2325,33.2936,23.7425
"NR1D2",22.6445,13.8043,34.8737,18.6339,19.0386,40.6409,7.85,25.6375,17.8776,28.0325
"BRMS1",47.0732,63.3859,36.9435,45.5748,80.3307,49.4917,49.1243,48.3812,57.6165,60.3038
"RPL15",451.9508,281.9394,489.5179,248.0122,284.2578,624.0476,775.0025,347.8429,201.4639,298.7097
"FAM241A",4.7522,3.7585,7.4524,4.2758,4.2999,5.8553,3.373,3.6447,4.1393,3.3794
"HRAS",22.9246,42.0561,28.6396,26.4853,47.019,33.0703,25.564,35.9521,38.1019,37.4509
"SRP72",56.1002,59.7361,58.3141,34.5814,48.312,73.4215,47.3578,54.5308,39.6644,34.1632
"RIN1",4.8035,9.5495,4.4202,3.8526,6.608,3.4601,2.7986,5.2269,7.3241,6.3551
"CEP135",2.6244,2.6617,4.032,4.2121,2.6848,3.4911,1.8495,3.1372,3.3207,2.462
"FZD4",11.779,8.0437,28.4499,11.8495,5.408,15.2377,4.2088,16.0212,6.908,14.5765
"CD248",71.1733,62.7164,98.0069,57.8771,23.6405,45.8565,15.7994,134.8428,32.4906,82.1526
"BTC",24.5981,16.8326,102.853,25.7816,8.7596,62.4146,26.3361,37.1279,8.7213,20.1766
"DENND6A",13.1567,12.3225,26.8789,15.4634,11.7621,21.1725,9.4608,16.3701,12.7959,12.3824
"PDE12",10.1455,17.52,14.2332,13.3527,18.7652,15.4904,8.4408,16.0211,15.2406,11.7616
"GLMN",5.357,5.4742,8.9843,5.8503,5.808,10.1497,9.431,5.2747,4.4112,4.2927
"YIF1A",81.2274,94.402,52.3921,46.2895,116.4033,84.3315,119.7179,77.847,78.9344,80.3225
"NDUFA11",4.5374,3.7968,3.1359,3.9852,3.4034,4.2614,7.1646,4.2877,3.2422,4.4696
"RSRC1",8.552,7.5338,12.2373,9.4952,9.3084,13.2409,9.7291,10.6333,9.6629,7.4951
"RAB1B",152.648,173.8131,129.0569,114.4611,190.8291,149.7954,139.957,163.6991,142.7918,158.3234
"PTDSS2",9.4988,11.4728,9.5839,8.0947,15.7851,11.0944,8.8799,11.1415,11.7938,11.1443
"MICOS13",103.5462,105.479,83.2271,74.3578,132.4812,138.8445,214.6557,89.7347,99.5588,110.8364
"C3orf33",1.5078,1.5458,1.0201,0.7675,1.8638,2.4825,2.5088,1.5152,0.5383,1.4025
"SEZ6L2",28.7317,28.6687,15.3913,14.7908,23.7038,10.4871,10.0967,27.984,26.837,22.1922
"ASPHD1",2.6882,4.1111,1.3048,2.2156,3.0321,1.2071,1.6917,3.4569,2.0221,2.4559
"KCTD13",6.9024,4.0454,5.7611,6.1705,5.3978,5.2577,4.0546,5.7125,6.4907,4.8837
"P2RY14",15.759,15.5624,22.458,9.6702,6.1306,32.5376,20.5293,37.0501,7.0739,9.5021
"GPR171",4.3626,2.963,1.5656,4.3699,1.3529,3.4264,1.9045,5.7023,1.3133,3.4793
"FUT1",0.5982,0.648,1.2419,0.8672,0.6744,0.8568,0.7174,1.5112,0.6933,1.3312
"DHX36",11.1041,12.4245,21.5625,11.6505,10.311,15.7952,6.6592,14.4711,10.5131,9.3043
"FBXW8",7.6968,6.1775,10.0205,6.8836,10.3054,7.5304,2.2907,10.6183,6.389,4.3602
"ZG16",679.9242,800.1767,709.5978,712.7224,1617.4269,1620.5876,3635.2318,688.0567,2525.9175,588.7433
"KLC2",9.0376,13.0835,12.1128,8.6204,9.8151,7.8951,3.424,14.3842,6.8406,10.335
"CTBP2",26.9878,20.8682,23.9696,18.7709,31.1255,24.534,19.4205,24.8223,23.9593,20.1086
"CHST2",7.4288,10.743,4.745,6.4199,2.6083,4.5667,2.9928,11.5518,2.3148,11.0665
"ATR",1.9641,2.5054,2.5678,2.2239,3.0166,1.6481,1.088,2.7578,2.1007,1.7077
"UBE2C",22.0254,58.4675,21.6094,40.8861,111.1142,51.2389,66.2385,43.7917,91.3769,61.4125
"GK5",10.891,7.9674,16.0047,11.2965,13.0289,11.3062,8.0358,9.7898,19.0347,6.5761
"VCPIP1",6.785,8.3362,13.5798,10.8726,9.5394,8.7286,4.4145,9.9255,9.1766,8.7102
"DES",2451.4059,3210.1688,7249.4636,2146.9161,173.647,5919.1564,1472.2381,4837.3733,58.8086,4125.4764
"PDIK1L",12.3337,8.9897,17.12,11.861,12.4355,15.6233,11.9351,7.8581,12.3202,9.2257
"TRAF6",6.4925,8.0803,12.1787,9.4705,5.6999,7.2381,4.7379,8.8616,9.4162,8.2105
"ZNF654",6.8924,7.676,15.0025,10.5903,8.0284,10.7618,6.7265,7.5735,8.2035,7.3253
"MRPS22",17.0191,17.7788,16.6283,11.855,20.9118,24.7458,26.9496,15.2138,16.1363,13.4945
"PACS1",18.6037,21.1358,29.6257,23.9179,8.1486,15.7275,5.7668,25.2415,7.3891,22.7591
"MARCKSL1",574.6481,428.9881,251.6529,318.515,599.4741,365.6949,368.4973,352.2535,319.1066,365.7373
"SH3BP5L",21.004,18.2565,25.1211,19.6744,26.9015,19.4075,17.3832,21.4711,18.3146,23.2211
"ABO",31.4455,36.5476,84.8929,39.7636,90.3072,31.2623,55.0422,15.1914,108.1348,12.823
"PSMD2",100.9629,152.8972,123.832,107.9054,160.4246,118.7361,63.1894,147.2294,116.1259,127.9537
"PARL",8.8949,12.0341,8.7463,5.746,9.0822,12.9886,11.6037,10.1283,7.6863,11.1522
"DDIT3",19.9955,8.2067,19.3038,15.3309,9.7353,31.317,27.1855,21.6656,7.942,15.3236
"PCCA",18.0763,15.9561,22.4018,17.4575,25.0353,19.8484,20.9567,20.5164,20.886,11.0207
"DCTN2",37.4878,36.7262,47.6228,31.0359,42.9325,46.6137,46.2207,42.4224,33.7091,38.6145
"ZNF408",10.914,14.0809,12.8221,10.934,18.6967,11.8473,12.1663,21.6443,13.2709,14.2104
"CTDSP2",194.6962,134.3427,237.2002,203.1464,219.1704,141.7565,84.9738,180.4177,194.5515,190.5288
"CKAP5",25.3823,30.5053,41.2634,29.6798,41.8571,20.2021,11.2502,36.3211,33.262,29.8599
"ARHGAP1",58.8564,77.2721,88.3772,57.0424,79.2929,51.7609,26.3995,77.8592,57.4227,77.1421
"MED16",46.7446,52.5086,26.545,46.4962,73.1144,33.7481,25.53,47.3751,45.869,54.2839
"ATG13",33.6689,30.5507,35.0847,31.5475,32.2958,29.465,19.2214,35.1245,26.145,31.5344
"CHST1",0.7206,1.138,1.2734,0.7426,0.2676,0.8473,0.483,0.9755,0.5095,1.3386
"GOLGA8A",2.3321,1.0227,3.7513,4.4081,1.0883,1.7916,0.3241,3.16,4.4021,1.5524
"TP53I11",70.0865,58.2615,38.8554,34.162,89.2185,40.4547,36.7055,66.9158,38.5458,45.7223
"CENPS",1.3406,1.0025,1.2551,1.5945,1.5382,3.0601,3.6027,1.514,2.3119,1.3879
"DOLK",20.7312,30.211,23.5365,19.6131,38.3843,25.4169,17.5793,25.3415,23.5729,23.5444
"CCNE2",1.9696,2.0168,1.3513,2.8096,1.8455,2.5741,3.0152,2.3112,3.9286,1.6435
"PHYKPL",16.7216,11.8922,14.6994,22.7263,21.8142,14.3762,15.7183,12.7822,22.3378,14.6005
"ANKS4B",39.8546,39.9814,29.3927,46.7864,73.3832,34.0894,38.8724,26.544,63.2552,46.6633
"CST6",0.5163,0.7176,1.0809,0.2545,0.3244,0.7857,0.3359,1.2517,0,0.5232
"LSM1",19.3318,18.7243,19.199,16.7198,18.8221,29.3712,33.6197,20.7799,16.1692,16.6621
"ISX",110.3327,36.1373,54.0268,53.8921,76.4353,38.3713,78.0632,47.7673,50.1094,53.205
"BANF1",159.301,172.3256,168.5281,127.1928,190.6481,215.2569,252.3099,190.3454,141.5276,164.1374
"PTPN2",10.6118,9.66,10.0662,10.1873,9.7925,12.2178,12.5159,9.2161,11.1977,9.4616
"EIF1AD",18.4359,19.9822,19.7279,17.7737,20.883,19.4561,15.1031,20.2361,18.6486,18.2612
"SMAD2",6.5578,7.8266,11.0622,6.8016,7.64,8.981,4.3859,9.3983,7.122,6.8062
"EIF3F",35.0372,35.6676,45.0061,27.3425,35.656,40.6455,32.1684,39.8644,28.4214,35.8424
"CLTB",226.171,398.3426,148.8785,175.9846,377.4675,199.1548,162.6015,245.6077,266.8597,335.2709
"PCSK1",11.0598,7.226,2.7303,3.3889,2.1242,3.994,2.6729,4.041,1.1981,3.3436
"LPL",18.2267,5.6943,25.9569,4.5405,0.988,10.8466,1.364,15.247,0.9591,7.6347
"CCDC14",9.1889,5.6651,10.1517,13.732,9.5997,9.1775,5.0814,8.863,14.4516,5.1646
"TBC1D10C",5.9213,4.3573,2.561,11.3001,2.1274,4.0201,4.0962,3.239,1.5901,6.9023
"SART1",37.5672,55.6894,46.3336,41.1168,52.8762,34.7522,15.4143,53.5626,37.9199,51.8546
"PPP2R2D",10.9992,11.6658,15.8168,12.1268,10.5423,14.2207,8.4208,14.1129,10.5265,11.6128
"POLD4",14.8294,18.5171,7.4831,16.5013,19.9984,13.8848,17.5167,13.3622,18.1621,19.826
"LRRC25",15.26,7.2856,8.5877,6.6421,3.205,11.978,11.5536,6.4989,3.2649,7.444
"CLCF1",6.5206,15.2994,3.4853,9.3135,4.1059,7.9802,3.1412,14.1547,5.2221,7.8721
"LIPT2",5.3715,3.2473,2.6603,2.5099,4.0097,4.8063,2.9636,3.0137,2.9744,2.9173
"KCNE3",40.5822,41.0162,12.8014,14.2537,27.9098,34.3128,31.8465,37.634,12.5716,13.1951
"ALG10B",2.2626,1.1131,3.5809,1.8869,1.1942,2.7062,1.7724,1.9699,2.0552,0.9399
"DRAP1",97.2722,98.3054,94.28,70.1231,87.944,129.4726,99.7431,100.663,63.2251,84.6521
"UCP2",116.0403,85.0018,58.6195,119.4429,58.4924,71.4161,53.7888,75.4923,51.9573,98.5378
"C11orf68",68.0145,43.8135,87.98,54.1536,53.3407,75.2923,56.331,50.9098,38.6892,62.9783
"PAAF1",7.8261,5.7912,9.9583,6.0381,6.9216,10.3238,6.7863,7.5765,4.0609,6.3008
"MRPL48",21.8273,16.942,17.9008,16.7179,22.9043,29.8751,59.2976,19.3059,21.8061,23.2755
"RAB6A",90.2647,94.9635,136.1678,86.6066,105.4253,133.9368,75.5918,91.047,116.0417,75.372
"P2RY2",4.3643,10.1538,2.1135,5.8308,11.7075,2.4937,2.8506,4.5994,9.6824,7.4779
"FOSL1",1.8898,36.638,0.3391,1.8762,0.9415,1.4379,0.6323,58.791,1.0918,6.0181
"ERCC4",2.4611,1.8001,5.3989,3.0786,1.7752,3.6169,1.3938,2.9322,1.5724,2.2681
"SUGCT",5.0601,4.7863,9.7585,10.3847,8.2656,6.9054,5.4363,7.1657,6.6102,7.2985
"TMEM70",24.1051,27.6361,23.9723,31.7785,27.3406,82.0709,46.283,25.6124,27.7946,22.3646
"RPS6KB2",15.2962,13.4598,9.2435,10.4022,19.8914,15.3177,20.0409,15.9196,14.6213,15.996
"RMI2",9.283,10.47,6.8351,7.6142,13.4963,8.8234,10.1886,8.8825,14.1098,17.4111
"TOM1L2",28.4554,40.2621,48.9328,36.9794,38.4096,29.0743,12.3087,55.4732,38.3243,40.15
"KDF1",37.1847,32.5755,20.3031,29.1569,59.5594,28.0415,45.599,25.052,39.9823,34.4773
"MLXIP",64.3922,92.7254,85.3424,98.0936,174.1325,52.1375,25.0285,112.4526,96.9969,88.2928
"NR2F1",8.6245,4.4701,15.5606,7.9312,3.2515,8.4857,3.2438,7.4385,4.7962,7.3621
"AURKAIP1",144.7117,209.3446,94.864,113.783,259.2929,147.7507,182.0296,163.8286,174.714,189.5568
"TOMM5",0.8759,1.9143,1.2422,1.0445,1.3715,1.0104,1.3052,2.4219,1.3844,1.2597
"SLC35E3",1.7418,1.2012,2.9093,1.5874,1.7903,2.0504,1.5167,1.9212,1.4585,1.6184
"ZNF169",1.5712,0.8891,3.4316,3.3323,1.5401,1.4892,1.9043,1.0914,2.2065,1.0189
"RUVBL1",12.2955,17.6417,12.3443,11.4532,19.2664,13.4151,8.9896,16.9647,11.1758,13.5279
"SFN",350.2959,1489.9182,147.9527,553.2749,1310.7968,388.8521,378.6339,1419.1217,530.498,692.3519
"MSRA",10.9446,15.5911,14.536,13.1798,17.4864,12.6642,10.0765,13.9421,15.2426,15.0066
"CTDNEP1",44.5274,47.7817,37.4531,36.2927,49.3812,35.1141,30.4794,48.0897,42.8657,51.3053
"ETV4",1.7827,1.8581,1.4824,0.7715,4.6308,1.3453,6.1292,1.9575,8.3634,1.865
"SWI5",12.5575,8.9243,12.1446,10.2187,10.7213,17.0926,16.6322,10.7171,9.5124,9.8115
"BAIAP2",6.7889,7.4891,10.1027,4.2394,5.7452,8.2585,2.9382,10.1659,3.2272,6.2466
"HOXD8",6.1814,4.0799,8.1365,5.8739,3.9997,7.5487,6.3794,5.5566,4.4607,4.7711
"ZDHHC21",6.7567,5.8887,10.4395,11.3551,10.0716,9.109,6.2639,7.5556,20.3857,6.4943
"A2M",314.6443,304.1846,519.0798,273.2009,147.1231,273.3007,107.766,511.0916,163.4686,272.2434
"ARL4D",19.7899,23.3195,75.193,21.7203,5.2336,96.0913,22.7688,42.6985,3.2137,40.0715
"DOK7",0.6564,1.2499,0.4077,0.6719,0.7376,0.9796,0.5749,1.4163,0.2945,1.0487
"UBE2O",13.1152,13.9932,16.7061,14.025,16.921,9.5013,5.1684,14.9963,10.7002,14.1341
"ORAI3",8.0052,4.9461,10.8339,7.4445,5.9451,9.0995,7.0281,6.4132,7.1408,9.0885
"UNC119B",17.2078,12.1148,26.512,14.958,21.3246,16.6075,12.1763,16.6912,15.5658,14.5714
"TUBB6",43.2006,80.586,125.6731,47.1928,13.3287,73.2333,28.0736,108.7719,13.813,75.902
"B3GALT6",14.4204,17.5674,15.2193,12.2997,16.3987,12.0773,6.1445,18.1335,11.8081,18.66
"ZNF613",6.8092,6.0776,7.687,6.1585,5.1342,12.6352,15.0026,6.2503,4.3804,4.7961
"NUPR1",8.2409,3.7116,7.0535,3.0635,5.0473,7.3187,8.3886,5.6311,3.8555,6.4289
"TPRN",27.6278,25.479,31.0539,47.7562,82.8103,21.0208,32.5739,27.2812,84.8802,59.6727
"IP6K1",36.8166,35.0458,50.4532,36.5345,36.196,37.9557,22.2837,43.3303,24.5944,37.9992
"SSNA1",111.7277,105.2918,90.4758,89.5575,154.0176,127.4136,205.2159,105.3599,83.6406,129.8406
"CSTF3",10.6448,9.5187,11.5457,9.197,10.9159,12.6769,9.7092,10.4262,11.9569,8.1666
"YES1",44.271,48.7164,55.4574,41.8001,50.7924,47.8505,29.3626,50.0955,59.5532,34.1391
"CHMP6",27.1315,32.7674,23.0476,18.4943,40.1259,30.1961,28.7946,28.8134,22.1479,31.2928
"UFSP1",4.4032,5.5501,2.1131,3.4825,6.8524,3.7397,4.8635,4.1492,3.4244,3.9427
"TCP11L1",6.5933,7.8414,12.9375,9.8194,6.1248,8.8782,4.5428,10.428,7.4959,7.6226
"GPX2",806.7378,764.1897,326.3805,331.3662,1064.4356,615.8797,863.0092,476.2528,649.6604,538.672
"SPHK1",2.2842,3.4149,2.215,2.4734,2.055,2.6156,1.7263,2.6249,1.0587,3.3197
"BNIP3",8.0362,5.0856,16.8063,6.8468,3.5166,13.2769,6.2867,8.8364,7.1724,6.6983
"ATAD5",1.1083,1.8903,2.9055,2.2134,2.7199,1.5003,1.2735,2.6767,3.1789,1.9469
"RTTN",1.2448,1.0259,2.0353,1.4203,1.0839,1.3055,0.9143,1.769,1.3385,1.2586
"ANAPC2",18.6768,18.2026,16.8323,16.2582,22.5032,13.2659,8.8784,21.2762,13.9517,17.4962
"ZBTB8OS",15.2066,14.8276,15.0932,17.7282,16.8073,22.3936,24.4997,14.585,20.6007,13.4346
"SLC35G1",5.7292,6.897,12.449,14.0752,9.1896,9.9328,6.7659,7.4948,8.3427,8.5943
"COX8A",648.036,553.57,319.7618,393.57,821.9909,604.1656,1008.5753,498.2159,677.056,600.092
"CDC26",20.525,18.8608,16.3516,22.265,19.8768,24.6299,23.3201,21.2346,19.3709,21.1487
"HSD11B2",335.9418,390.81,259.4839,547.0223,916.6743,264.0667,261.6347,389.5318,869.2195,572.3475
"CRLF3",11.8884,14.3398,10.8954,14.6263,8.918,17.4017,12.4785,12.3758,8.8484,9.4814
"RNPEP",80.345,100.3131,50.7999,79.7984,164.2797,53.5134,54.4902,78.5276,116.4611,89.2979
"EID2",21.0777,22.1523,27.2669,20.9678,22.539,27.1192,13.2125,22.9904,16.2289,22.9534
"GJC3",0.3642,0.0949,0.6535,0.1346,0.1716,0.3464,0.4739,0.2838,0.1416,0.1845
"KCMF1",26.2007,29.8819,32.387,25.9699,30.9073,32.3882,21.5559,28.869,30.0426,25.6927
"DNAJC30",13.7805,11.9977,12.9046,10.4854,13.083,16.5069,11.9719,11.6043,10.1548,12.5179
"SPRYD4",6.4572,4.99,4.9319,3.9731,7.6198,8.0048,11.1971,4.9444,5.3861,4.2468
"VPS37D",2.7044,1.6389,5.6992,2.5575,0.6224,4.2589,3.3145,3.1692,0.9293,2.7402
"CLEC14A",23.039,16.6856,41.0356,18.8142,13.5515,28.543,12.093,27.0963,21.6071,27.313
"CLK2",18.8567,10.0306,20.092,22.1374,16.3025,13.9022,11.5437,12.2121,14.0151,16.3548
"LPCAT4",77.6831,52.6367,46.9898,78.3086,100.9011,53.4836,75.8487,59.784,90.9001,66.5596
"WDR25",7.8022,8.9129,7.1952,5.4291,8.7424,7.811,8.3295,7.4537,5.0722,6.9388
"SGF29",17.365,14.1249,27.2863,15.2502,18.1074,22.1907,15.5738,17.1694,15.1836,19.442
"PLAAT3",16.1116,9.9234,38.7939,11.4155,4.4578,27.1639,11.1377,20.5913,7.6889,14.3462
"GNG7",11.9683,11.0848,15.8053,13.306,6.7491,14.0685,7.4952,16.6377,5.7172,13.3759
"CNTD1",0.7915,0.8408,1.1471,1.598,0.9181,1.3202,1.6439,1.0437,1.6099,0.5706
"B3GNT5",16.5528,29.6836,11.3859,26.9237,17.8114,19.1204,11.5447,37.4898,34.5236,21.5305
"LMNB2",31.9637,71.7511,30.1435,33.3848,108.7926,26.899,21.8223,67.3603,60.3652,57.0722
"MEX3C",11.6308,10.3487,16.2595,14.0494,10.8035,11.4938,7.5293,14.1619,10.4296,10.7749
"RNF152",7.6468,17.589,10.9198,23.1526,17.1694,4.6606,3.3103,11.2823,31.7637,12.8933
"MYO1D",191.7603,251.5622,188.822,227.0995,352.0558,109.0584,87.5259,270.8881,354.4829,195.0511
"FOXL1",2.3152,2.2544,3.4073,3.5435,3.053,2.6113,2.603,2.8168,1.9585,6.0292
"CCDC121",4.7631,1.8291,11.021,4.0511,2.3459,9.2644,8.3416,3.0511,2.6738,3.8827
"ACSF3",6.5606,4.8309,5.0364,7.5303,7.3365,4.6699,4.4891,5.6324,8.5028,5.8719
"BOK",24.5024,36.6348,67.2298,25.2689,24.4375,61.5255,18.6008,43.7847,9.0474,51.6186
"CDK5R1",1.9485,3.0934,2.0839,5.7813,1.1675,1.6101,0.7724,2.7885,1.5053,2.7587
"RUFY1",23.2315,21.1103,29.4022,24.7777,31.0092,22.5957,11.7505,23.2399,27.0171,24.6852
"BASP1",41.9466,33.2059,27.3047,65.1141,11.2095,20.0487,12.7885,38.9936,12.7018,35.7914
"LRRC37A3",0.8867,1.5497,1.0528,1.0351,1.2505,0.7508,0.4251,1.9049,1.2341,1.0809
"FAM91A1",22.2629,21.2969,22.8187,20.152,20.8508,26.3208,18.1538,21.0753,25.3982,12.7501
"WSB2",69.8423,104.1894,62.188,60.7453,103.2173,84.9165,73.7178,95.8053,84.0548,69.0704
"TYMS",4.8187,8.3126,4.7576,6.3785,11.4237,6.4361,9.5013,11.2372,8.7388,8.5498
"PXMP2",8.1381,6.0536,7.1407,7.8456,7.873,6.4919,14.4616,6.5556,11.6544,8.1369
"TCEANC",1.6653,1.1572,3.1805,2.5057,1.4227,2.4156,2.2684,1.3761,1.4542,1.6775
"PNMA1",58.6968,85.9554,182.0187,71.2468,38.8439,111.426,29.4,112.9364,34.8077,90.9772
"TCIM",176.0048,154.6831,171.5313,323.9673,50.8503,181.9149,52.2999,340.6944,53.0278,213.0219
"ANKLE2",7.9591,10.5464,9.8109,10.0217,10.2954,7.9293,5.5922,10.6488,9.4119,9.0076
"C8G",6.2353,6.6375,2.3806,12.5548,9.3779,9.1518,10.8757,4.1351,17.1271,21.0149
"FUT2",46.2124,19.8201,29.3356,37.4527,99.1687,39.9645,39.8995,31.2312,117.7679,47.756
"MUC20",30.1921,15.634,13.9988,30.1447,37.1648,14.4906,19.6824,17.0391,40.5522,25.0203
"THAP4",68.1032,63.9577,55.1169,54.9404,96.2991,68.6728,67.497,63.9,54.7678,68.1922
"NFATC2IP",17.1529,18.6469,25.251,21.8057,24.7523,16.5635,9.8314,23.7986,22.6336,17.3261
"FAM89B",5.2062,5.3173,6.3952,5.2699,3.392,7.4438,6.82,5.5906,4.1847,6.1956
"SHMT1",13.4898,12.5657,12.417,8.9389,21.9599,13.7773,9.6417,14.8587,15.9543,13.151
"DPP7",65.9759,62.5422,62.7556,45.4161,27.6729,76.8899,52.1538,76.6276,40.5596,69.2636
"SEC24C",31.7291,32.1892,32.1902,24.6405,35.7534,22.1428,13.684,32.6293,27.0444,24.3002
"SMCR8",18.9112,17.4332,19.6004,17.6133,20.4283,12.3892,7.8778,20.7326,19.8932,16.6981
"MTHFR",7.6993,8.4771,8.2735,8.7021,11.1519,5.4473,3.1323,9.8244,12.3472,7.9896
"DEAF1",17.1452,11.3327,18.5828,10.8392,15.9393,17.986,12.0193,17.366,11.8992,15.8395
"MTX3",4.2844,4.3251,11.5261,5.7558,4.3771,6.4903,2.4323,6.9606,4.8256,4.5624
"TMEM80",15.8925,8.6869,15.0222,12.8231,13.0446,15.4624,10.3889,11.2982,10.0824,11.475
"SIX5",4.5084,3.7357,7.3753,3.533,3.579,4.5448,1.9247,5.8071,1.8582,5.5336
"FBXO46",19.9615,26.2864,16.8209,23.3227,25.7705,15.3417,10.8071,22.4951,21.0284,24.9678
"ZDHHC13",15.1275,10.4981,11.8169,14.8056,15.1552,14.2874,18.8045,14.1139,17.2284,10.6178
"SLC38A9",4.0995,2.7022,4.538,5.0458,3.472,4.5337,4.215,3.6534,4.3019,3.481
"ACER2",5.5481,7.8893,6.0657,9.7523,6.3374,5.2277,6.1676,5.8979,13.516,6.1615
"WDR73",0.863,0.6457,1.0831,0.7516,0.5988,1.2085,0.6821,0.8801,0.667,0.5204
"POLE",7.2304,8.1342,7.7639,9.1839,13.1605,5.0927,3.7784,10.0026,15.607,10.0501
"PHETA2",26.9164,27.1023,30.8441,19.7926,30.4429,33.1783,37.1343,30.9885,17.684,23.9665
"RHOG",106.7556,127.2823,89.8014,107.2085,134.8683,107.6394,94.5331,107.7543,118.5873,126.3158
"EPS8L2",59.2447,56.0772,31.9601,60.5914,86.4676,30.0602,33.1742,48.7886,78.4864,58.2331
"ANO6",26.3719,28.7003,77.1824,28.2106,12.2676,46.6165,15.4556,48.7896,17.8491,29.7175
"TALDO1",141.2472,161.7651,104.9666,105.3359,195.3802,131.7626,146.2851,136.3912,164.828,151.2511
"ULK1",16.6937,11.8743,24.5928,18.9212,9.477,15.5246,6.3941,21.2132,9.4317,14.422
"RIMKLA",9.6064,5.9898,9.0399,10.3738,12.2543,7.8921,8.0136,8.0702,13.996,8.9864
"RPS6KA3",30.5267,54.6492,48.9478,36.2156,51.9392,30.2619,18.7352,48.4789,52.761,34.2017
"PUS1",5.8925,14.331,4.6089,6.3212,17.591,6.4917,4.8573,10.9052,9.6767,7.9427
"CHD9",9.6152,7.3549,15.6307,12.6704,7.6573,9.615,5.9004,10.673,10.7018,7.841
"SPACA4",1.0471,0.4912,1.0335,2.4,4.2439,0.6374,1.0219,1.3599,5.5377,1.1671
"GATD1",20.1463,15.7854,25.3834,19.878,26.5869,18.3322,17.7816,22.0456,20.4352,19.4015
"MAN1B1",25.7398,18.7124,21.7783,20.3421,29.9739,23.6999,26.3188,22.403,26.218,21.9671
"FZD8",13.6397,14.4278,23.1823,11.3834,11.7834,11.8302,5.1321,16.5747,6.7638,19.674
"TOP3A",7.6131,8.2,8.7701,8.088,11.7994,6.8906,4.5059,9.3578,8.9124,8.4608
"ZBTB38",26.3642,21.612,49.4324,28.1736,28.9884,29.4835,18.4261,30.9442,26.7485,22.1326
"TIMM22",15.2094,18.8068,21.3164,16.5004,21.4272,23.5342,19.812,18.3304,15.5638,18.7365
"HIC1",5.9313,5.1869,6.0995,5.4165,2.6057,4.8762,1.8641,8.9825,1.8471,10.5173
"PPFIA3",5.7368,4.5374,4.9946,6.1258,9.6396,4.0755,7.1597,6.5909,7.1108,6.1818
"MAGEF1",73.6751,71.6425,82.4924,51.8134,76.0168,69.227,42.2448,68.9847,44.2077,64.6067
"SAMD9L",9.6971,2.4879,14.1787,13.5486,5.923,6.8523,4.543,6.122,12.656,8.2445
"PAWR",18.9813,12.4252,21.565,19.8024,21.1966,20.7419,17.2826,16.1724,23.8265,14.4827
"TGIF1",22.903,14.751,15.1737,16.6315,17.7906,20.3994,20.3988,19.4874,11.533,14.0408
"MIEF2",12.1164,8.2246,13.3165,11.4362,12.1451,12.9798,13.9504,9.499,7.8102,12.9113
"NAP1L5",12.8887,12.4647,19.6465,10.6883,4.0827,20.4621,3.7001,25.1805,3.8855,10.0437
"CD19",6.6316,8.6354,1.7048,31.4127,0.7701,3.2963,1.6566,3.3562,1.5073,15.1717
"NR2C2",9.9896,10.5921,19.4102,12.5155,9.2448,10.8665,5.047,15.6982,10.0347,9.5106
"GPR4",2.2811,2.698,2.4675,1.6267,1.3418,2.6095,1.0315,3.8491,1.9124,1.8851
"ACOT4",3.7097,6.497,4.2959,6.5378,7.1149,8.3364,13.4152,3.8991,8.4203,7.1899
"CAVIN1",236.1815,430.9407,988.1351,250.8216,75.3581,400.4844,84.4502,624.4406,72.5132,456.2099
"ARIH2",17.6844,22.1751,24.8915,17.7869,19.866,24.793,15.4376,25.0944,16.1699,18.0089
"ZBTB33",10.1734,11.2336,18.7541,12.7887,13.7367,14.3283,10.3808,11.566,14.8246,10.3665
"SLC25A22",10.9648,13.5205,7.0027,8.6231,16.8549,6.7146,5.6841,12.4748,11.1744,8.5376
"RABEP2",16.5018,19.7383,11.6858,19.0248,29.505,12.1677,13.3229,16.5682,20.3822,22.7337
"ATOX1",15.2763,14.0478,12.9294,13.9471,14.2331,20.1831,27.1284,14.4369,12.856,17.9123
"TBL1XR1",31.6889,24.4534,50.8486,35.0705,31.4856,39.6196,25.8831,34.8209,43.6629,27.1098
"SAMD12",3.4874,3.2035,3.3042,4.6328,4.1922,2.2024,1.6204,4.0431,4.7084,2.037
"CD163",44.0665,18.2904,27.0389,15.2083,4.6157,26.7692,12.8818,22.2911,6.3091,10.6344
"PIDD1",5.264,5.5412,4.9805,8.5042,8.8896,3.5881,4.2344,6.8703,6.2119,5.898
"RPLP2",1374.8245,1255.6122,881.1311,837.1296,1363.6926,1518.7017,2035.1903,1190.234,829.2692,1385.913
"HASPIN",1.4025,2.9996,1.5688,2.3431,4.9612,1.8015,1.3509,3.2737,4.5611,2.8421
"JUN",278.9389,182.6988,114.8469,452.2221,206.6874,263.2822,50.8334,216.301,68.6559,281.5947
"CSTF2T",25.9056,28.2553,40.1463,26.191,32.4657,29.726,18.6451,32.6845,23.4052,27.442
"GBA",45.4415,47.7141,40.269,44.458,66.3235,38.527,32.5454,44.4555,65.728,52.1563
"ACAD9",21.7808,23.758,24.5276,19.4633,29.284,22.341,13.4357,29.1493,23.5317,22.0336
"IL17RA",12.1439,15.8665,10.6325,14.2388,16.2388,6.5373,5.2821,15.1183,13.8729,11.4936
"PNPLA2",58.4967,44.229,44.788,53.4439,58.8814,35.3916,23.2906,49.6267,45.5037,57.2237
"AGTRAP",25.022,21.3707,24.5896,15.6226,25.24,28.9074,30.0824,23.5843,19.1018,20.1175
"THAP5",8.5141,8.5699,21.5516,10.6378,7.9392,28.1199,17.7263,11.0652,10.1556,10.2604
"NAALADL2",2.6965,2.3912,4.7104,3.5646,4.452,2.4551,1.8547,2.9891,4.0011,2.8275
"CD151",208.4973,248.876,221.9134,162.9415,256.364,199.0794,144.9734,205.0411,179.8433,264.4159
"POLR2L",192.509,207.4002,125.0236,117.9437,200.8872,186.3683,338.3384,181.3021,140.4618,185.1117
"FAM20C",13.1341,27.0962,28.578,16.0525,13.1866,15.446,7.3058,29.3548,8.4036,25.0841
"NECTIN3",26.0626,15.1655,28.6074,17.5901,33.6361,34.9183,30.0827,19.2113,22.4459,17.1906
"ANXA2R",2.2632,1.3353,1.6091,3.6623,1.0867,1.9169,1.5836,1.5306,1.3284,2.4663
"TMEM94",32.9768,28.5899,29.1573,39.5674,40.5408,18.9154,13.4412,31.1487,39.5185,29.1278
"FLII",91.6307,115.2823,101.8474,85.336,119.5049,63.3518,34.2695,118.7205,81.3488,102.4025
"SOX12",8.8464,6.9156,18.6973,10.9983,5.0815,10.0627,3.651,10.1628,3.0977,11.0707
"HNRNPA0",61.5849,78.5313,66.8001,50.0578,78.5776,52.3246,27.4884,85.4951,44.5165,63.2243
"CHID1",37.5684,39.5845,30.9942,26.0467,38.2132,34.0666,24.5047,43.2497,27.8274,29.7055
"ZNF620",2.424,2.6529,4.1321,2.6882,2.9192,3.8525,3.049,3.2739,2.5135,2.265
"TMEM187",17.4012,12.3876,18.3927,13.0919,18.5513,21.3495,23.0863,19.0699,16.2608,18.6324
"SVBP",18.6756,14.5602,25.8768,14.9767,14.4436,36.8986,38.9509,15.2566,13.9385,18.6178
"AP3S1",57.7616,45.0686,77.7123,57.969,53.6707,86.4144,70.1149,45.5379,76.6143,49.6976
"GRB2",117.5398,143.2432,133.8248,132.4803,126.2686,113.8659,68.4548,133.0963,124.4528,128.138
"UBE2N",42.2848,60.8676,49.0691,42.1684,55.7488,77.0658,79.8064,48.5373,51.9828,44.2148
"BET1L",35.7448,40.4975,33.6774,25.8821,45.309,37.5582,28.6377,37.2472,31.8962,30.2532
"RPS27",2461.8956,1662.6722,1922.0818,1433.152,1272.0258,3049.5815,3290.7088,1721.1625,957.5678,1801.1769
"RIC8A",38.4992,42.0667,47.0126,35.9009,49.7245,49.0873,35.8075,45.9771,34.552,41.9898
"IMP3",19.2652,23.869,20.3497,17.0921,29.614,27.6236,33.0287,19.1699,20.2653,20.6072
"ASB8",31.0823,24.9124,48.0782,28.7968,31.3637,43.3711,24.1895,27.1509,29.8453,28.2727
"DMAP1",18.0154,14.5007,16.7186,16.9116,18.4205,14.2056,10.8214,16.8835,17.5488,17.5258
"IMPDH2",82.6753,81.0955,90.1108,49.3173,109.5546,79.7005,67.2347,90.5564,69.7107,78.8637
"ALS2CL",8.5534,8.2355,5.7014,10.5854,10.1447,5.1516,3.7393,8.7173,12.0708,8.7237
"MLF1",10.5979,10.3498,11.6745,5.4455,5.2193,16.5006,11.2525,13.7317,4.1794,6.4817
"NDUFAF3",57.1973,61.5243,45.7332,48.111,66.9764,57.0975,52.3949,61.1117,46.2033,53.4418
"GRAMD1C",4.0856,1.1199,3.6963,6.4359,3.0896,4.3947,9.8224,2.8868,5.3968,2.746
"STAP2",158.8719,145.9379,79.8793,105.9668,300.3286,125.1667,166.1566,130.504,166.5555,176.5034
"TSSK6",1.5326,1.0766,1.9132,2.8082,2.5122,1.5717,3.295,0.8654,1.8138,1.3841
"BOLA1",22.3859,13.811,27.2175,15.7257,20.0145,37.1424,42.2423,17.7878,13.1793,19.0081
"PDE4DIP",5.2063,3.7389,6.7643,4.775,5.7692,4.3275,3.5853,3.9299,4.5983,4.9371
"DDX10",6.4937,9.7055,8.0303,5.2606,11.2366,8.017,4.8373,7.5586,6.1873,6.4298
"DALRD3",12.1623,7.88,9.0273,7.9702,13.6777,10.6839,14.3335,9.2762,9.8457,9.4807
"LCORL",2.8187,1.7703,3.9068,2.4535,2.1798,3.6476,2.6137,2.018,2.5528,1.5867
"PARD6G",4.7031,5.5354,12.8441,5.4807,1.741,8.858,3.0362,6.6666,3.2134,7.5729
"SH2B1",25.8818,18.5347,23.605,25.2712,28.6679,19.5404,15.6795,29.5201,26.7603,21.7094
"ZC3H12D",3.604,3.0894,1.4903,6.5797,3.4758,1.3334,1.6855,1.9078,3.3777,4.0995
"PLEC",42.3691,214.3239,75.0104,79.2433,159.5303,30.7267,11.9261,149.8122,119.4779,128.849
"GALNT11",11.4267,9.2514,18.3533,9.1434,7.8731,14.1986,7.7984,13.5004,9.0444,9.6598
"WDR6",61.3264,61.7394,71.128,69.7899,79.5725,45.8201,26.546,102.4846,55.9181,61.2143
"GEN1",3.9353,2.1138,3.214,4.3038,3.7131,2.6011,2.2859,2.4156,7.3868,2.5172
"AQP11",5.4899,7.6464,6.1516,6.0618,12.0433,6.5665,8.6099,4.0101,10.851,8.842
"TMEM11",35.2203,38.2163,31.0563,26.5562,50.5399,41.4015,44.0721,31.583,34.3838,36.4894
"FAM220A",16.3496,11.117,23.9516,12.9063,8.6279,21.6399,15.6237,13.6248,9.3709,15.2289
"BEND3",3.2716,4.7891,3.6901,3.2534,8.2002,2.1227,1.9836,3.5784,3.5677,3.2785
"COX14",96.6879,68.9749,72.1883,73.232,105.7817,131.2271,250.5355,68.7528,78.9934,79.0243
"TUBAL3",20.3149,25.8835,22.4327,49.2389,67.0551,30.3514,43.2568,12.723,81.0062,49.7185
"P4HTM",17.1969,12.5431,11.7304,10.2977,15.7431,14.6476,16.2058,14.0483,13.011,9.1111
"UCN3",38.2794,32.2956,5.148,6.9087,9.6185,15.3421,13.5993,10.3473,5.6736,14.7422
"DTX3",14.5464,12.3947,35.5409,15.9431,3.219,27.6551,7.2178,29.4495,3.548,15.9011
"KLHL11",1.2732,1.1908,2.8281,1.0279,1.1417,2.1365,0.9941,1.8091,1.0063,1.1367
"SLC25A20",63.6393,58.3593,74.0747,69.2167,73.3128,88.2226,103.1373,61.3226,97.6078,62.9594
"CA8",5.0177,2.7356,4.9467,1.2806,4.1435,4.5672,4.0001,2.9603,2.437,2.0162
"EPM2AIP1",9.9192,10.4506,18.4997,11.3054,9.901,14.5574,6.2447,14.4672,9.4432,8.9594
"MAF",21.6323,10.3256,34.0368,26.6917,10.4825,23.9576,14.1029,17.1589,11.1516,19.9866
"CTNNBIP1",21.2685,19.2107,20.1498,12.9722,26.4018,25.5155,23.546,20.3377,18.9138,18.5048
"GTPBP6",63.1811,65.3356,46.5086,38.2998,84.4638,49.8502,41.6661,62.7502,55.4456,52.2978
"ERN1",8.6422,8.1771,6.3023,7.5786,5.7013,4.8237,3.1912,12.6524,6.6591,5.8537
"GPR35",20.4976,24.2339,11.7095,19.7128,32.9691,17.2101,22.2052,16.6169,32.1313,24.6532
"PARP10",22.8668,15.79,21.2434,22.912,21.6716,16.6659,10.4385,27.9865,18.1252,23.4435
"SUZ12",18.8579,18.0755,30.1548,24.412,17.6859,23.4541,11.2625,20.9986,20.8771,16.9094
"NSUN3",6.5045,4.2322,7.5232,8.5296,6.4288,6.8175,6.189,4.7204,7.5857,5.9672
"KCTD12",115.4101,78.2733,202.2361,70.0941,87.9621,123.4546,60.7047,103.9462,79.124,79.793
"DHFR2",8.1355,5.7956,17.098,9.5026,6.8514,10.5986,4.6153,9.2309,7.5743,6.1677
"RPP25",15.229,23.878,13.4694,16.6651,45.1811,17.5123,23.4478,18.7217,24.7978,23.8256
"GRINA",119.3519,107.7112,102.1126,84.622,69.0513,91.0395,57.0897,110.985,80.5544,88.5823
"THBD",15.5353,23.3428,14.5492,15.6438,9.2108,13.95,3.7083,39.6049,13.9648,21.5418
"COX5A",466.2149,464.4424,324.4279,395.6181,712.5495,505.1175,796.2807,422.7913,584.1896,475.0777
"STX19",26.5581,24.5858,23.7086,57.103,40.7439,28.6742,46.3857,15.57,61.9977,34.4573
"ZHX2",21.3133,26.0788,21.7602,26.8633,14.6536,17.8615,7.7857,21.4068,12.0468,21.6884
"MPI",15.2607,10.5966,16.553,18.9109,21.377,13.6707,12.5725,14.7723,19.8663,12.3453
"OPLAH",21.4512,29.5809,13.0708,19.4895,36.6303,10.299,7.4783,23.1928,33.8294,19.8989
"MSC",4.629,7.6647,4.5425,5.9536,2.4996,1.7977,2.8863,8.5918,1.125,4.4461
"RFLNA",53.5324,83.4723,33.8445,23.8336,78.5728,55.2452,62.2397,54.2255,43.7897,64.0002
"EXOSC4",22.4211,29.9979,15.3675,19.3485,39.9779,24.4981,29.9405,21.3472,18.9806,24.692
"TAF7",138.7853,107.3469,157.5893,142.4904,114.331,210.0359,211.6886,142.0439,117.8244,129.1426
"PFAS",7.8569,11.6358,9.479,8.2535,14.1723,4.4685,3.7494,13.0297,8.6818,10.0988
"GAK",29.2014,44.971,22.131,32.0849,60.9194,15.8112,12.2301,34.7538,47.2032,35.2117
"ZBTB7A",51.2082,50.4763,59.7985,55.2113,61.4223,35.0342,20.4968,51.2404,59.3701,51.5343
"TUFM",321.0071,355.5352,255.8003,221.1143,507.1877,273.5166,254.9964,352.9301,354.5125,319.8904
"RMI1",13.3615,12.8402,14.9148,15.7486,19.1358,17.7483,21.5152,7.7845,20.6669,11.3651
"CTC1",10.1075,7.4674,12.3949,12.4209,8.7387,7.1862,3.7523,12.0707,6.4724,8.7231
"FBXO34",53.0996,78.1096,46.6283,63.5522,81.8061,47.8792,40.2988,61.2693,81.507,57.5039
"SELENOW",122.1075,129.8454,224.1265,154.49,126.6892,300.6913,321.2694,180.7121,133.8659,147.1739
"EIF3K",233.8163,248.8741,214.2236,187.1104,307.5848,324.604,431.6673,251.8183,240.3775,246.9869
"MRFAP1L1",83.4158,56.558,108.4294,67.5002,55.9769,117.4818,94.7963,70.4087,52.9599,70.6447
"SNX18",12.1502,9.3128,25.3056,12.4869,7.151,16.928,7.7408,13.6975,7.6928,11.3105
"AURKB",8.8884,21.3015,9.5044,19.1935,40.3232,15.7741,21.1501,15.8479,27.6504,27.1798
"MRFAP1",236.106,299.5984,366.5143,214.8076,261.0537,368.7454,180.9931,325.2875,227.4189,266.6474
"C3orf38",17.8514,15.5926,25.9178,21.265,17.5324,30.6137,42.0034,17.3127,18.1624,16.9792
"TMEM107",6.6796,4.3363,8.2534,5.0818,5.6868,8.1395,9.7006,6.1211,7.3953,5.2496
"RRS1",17.5341,48.9938,20.9932,15.8103,48.4059,21.6339,11.2924,36.927,27.0424,25.5392
"EXOC3L1",3.3628,2.8773,2.4017,2.6965,2.8699,2.8004,2.1552,4.4498,3.0967,3.7803
"RCC2",77.2585,108.5557,58.873,65.5041,119.455,52.891,34.9896,88.2492,69.5061,70.4867
"DPM3",124.1649,114.9071,73.1895,68.9101,144.1996,161.15,336.3528,103.0494,107.0102,113.8596
"CYC1",368.2838,350.6529,250.5835,211.3657,562.0919,482.2683,785.4175,320.7541,358.8539,302.1383
"PER1",40.5759,55.4961,8.3554,21.1613,13.509,19.6073,3.2189,128.9732,39.0987,22.4993
"FARSA",62.1412,106.6576,49.9506,49.3629,120.9451,54.781,46.5447,73.4348,58.0453,70.4294
"SPTY2D1",19.595,18.129,20.6722,17.0476,16.8977,21.4206,14.7773,21.6147,19.2354,15.1032
"SAMD4B",27.7575,35.1076,34.3665,24.1497,27.9139,22.4473,9.8403,38.8705,22.9051,25.6779
"GIMAP7",46.8312,22.4821,68.0706,50.819,17.8376,65.8358,41.7726,21.5813,20.495,41.0738
"EDC3",15.9568,14.9001,16.9211,13.8993,18.3701,13.8165,9.2095,15.4761,13.8734,14.4134
"FUCA1",429.7169,322.2631,234.4174,333.246,414.4385,381.9537,396.475,272.7787,401.2733,326.7913
"ZNF664",77.2029,71.3831,102.804,74.105,88.7067,79.2822,39.8054,89.3861,81.8631,66.9006
"CALR",647.6449,1012.1426,523.1176,447.5318,855.9563,492.2644,465.9357,912.4846,929.2275,761.3644
"MAGED1",63.8299,77.411,68.3358,49.384,79.2532,47.057,29.9094,78.6229,60.236,60.349
"RAD23A",88.1263,105.8659,93.7822,68.7926,107.2469,96.7269,68.9708,116.5804,73.9186,89.9424
"GADD45GIP1",56.0121,66.6373,46.766,39.2612,74.859,73.8404,102.4142,61.7851,47.5252,63.1445
"PTPN11",43.7819,63.7302,88.9941,49.0044,45.6785,56.0895,17.2799,70.2051,47.3311,46.6976
"NSUN7",3.0226,1.4222,3.5022,2.3369,2.2465,2.6677,3.2139,2.4674,2.6865,1.6276
"WSCD1",8.2669,21.7429,8.9799,12.5196,20.3472,7.4415,7.6824,8.2775,24.9397,11.9136
"CLK3",8.079,4.7507,6.6404,8.7625,6.4026,6.6134,4.2317,6.553,5.3839,6.4766
"HLA-DQB1",49.0738,48.7361,71.9153,23.7323,19.9051,45.1629,37.0516,59.7823,9.6624,86.259
"GATA2",4.417,3.9632,6.9045,5.252,2.8863,5.5781,2.4738,5.8665,3.2581,7.0017
"ARID3B",6.3937,5.9257,4.4502,7.4561,5.8009,2.9339,2.9805,5.4358,6.9845,5.6519
"PACS2",14.3605,15.2388,18.6406,13.3865,16.172,13.3247,8.0376,20.2502,13.2545,14.3587
"ELMOD2",14.6279,9.8062,19.5481,16.6777,14.012,21.5917,17.2913,12.7663,19.5552,11.2567
"EGR3",20.0009,3.4711,1.8708,15.7303,0.5056,5.8222,2.4893,20.4017,0.9604,13.7636
"GEMIN4",13.8816,20.0868,15.4927,10.2632,27.2701,12.3155,8.3857,19.7274,13.6361,15.4667
"FJX1",0.9316,1.4787,1.3678,1.2837,0.479,1.3532,0.4408,2.5958,0.5928,1.6091
"KLHL28",6.2867,4.4409,10.3408,7.1399,4.5392,8.0105,5.4783,5.7906,4.9383,4.5217
"ZBTB18",28.0412,22.39,27.4755,28.6195,22.2989,32.9258,16.0379,31.573,21.4832,20.2985
"SHARPIN",53.1952,51.3253,49.7305,44.9049,62.3178,51.8667,44.9953,53.8607,47.7766,51.0436
"HTR1D",0.7907,1.4235,0.1612,0.372,1.6428,0.2461,0.9119,0.9148,2.1801,0.6191
"GCC1",16.5675,17.0762,15.7571,16.883,16.6786,14.627,8.8769,23.7785,16.6423,17.2547
"CIITA",3.7673,2.663,2.2769,6.9461,0.8929,1.8039,1.0954,3.0472,1.275,3.6009
"ZFPM1",3.0424,3.9898,1.6467,2.8361,4.348,1.799,1.9902,3.9254,2.7004,3.9372
"PLD6",2.8258,3.2956,5.8862,2.396,1.3596,4.8113,1.3628,3.5108,1.6598,3.1836
"GRM8",1.7264,1.4514,1.3735,1.0355,2.1874,0.9294,1.0384,3.8749,2.6599,1.3449
"CDC42EP4",63.9929,83.3875,89.5046,64.4897,67.1337,82.9706,32.8641,91.4463,45.9835,79.8877
"LACC1",9.4744,8.5002,12.3681,14.245,9.38,9.052,6.6601,10.5645,12.2776,10.6141
"MAF1",143.0852,124.1632,181.8047,127.7314,127.4437,181.0761,122.4239,164.8133,76.4496,146.9687
"FCER1A",18.3659,16.7731,36.33,8.6644,4.4512,29.4116,19.3465,20.2174,5.3052,18.7865
"ARL14",57.109,333.5108,32.4805,127.6323,124.3773,148.187,86.3468,296.2203,109.4216,131.2289
"APOBEC3B",7.6577,11.2305,11.3302,14.3427,22.2855,13.9424,21.6422,13.3997,16.6334,16.5528
"PIPOX",2.5111,1.7124,8.6045,2.2713,0.2896,6.118,2.6419,4.3853,0.2493,3.0181
"CDH5",15.4507,13.8077,28.0555,11.956,8.9791,10.7357,4.3503,20.7188,14.2056,15.5365
"MYADM",151.053,241.9509,219.6218,142.017,71.1847,120.2864,32.0962,348.347,57.447,139.6272
"MROH1",11.7932,14.3671,9.8263,13.4656,19.5178,6.584,5.2896,14.8839,16.3957,12.7354
"AKAP5",7.2903,3.089,7.8977,5.4651,7.9706,6.9348,9.1775,3.9739,6.5927,4.8169
"CITED4",14.0387,17.6729,11.0254,10.293,2.9322,14.2616,4.0989,38.5451,4.0527,12.2939
"PDXDC1",85.4835,79.5424,70.3135,61.4958,110.5826,64.1839,52.3487,76.7945,105.1826,68.119
"B3GNT3",175.6074,298.8466,76.3594,167.7147,374.2713,163.3859,102.9663,230.3901,291.4855,240.7003
"ITLN1",784.5388,657.0557,749.8103,190.4929,1367.8825,1084.4178,2025.0462,720.3915,272.13,250.9313
"SEPHS2",203.888,126.242,195.17,212.693,249.7683,202.233,241.5865,155.6492,269.6368,210.7068
"GPBAR1",4.1224,2.7397,3.2236,2.4886,1.4615,3.2516,3.2481,2.4559,1.6471,3.6405
"BBS10",9.9232,5.1492,23.2889,8.6349,4.8715,21.1185,15.9223,7.6248,4.5082,7.4506
"FIZ1",5.5862,6.1669,6.1706,6.2395,7.3385,4.8901,3.058,7.6214,5.302,6.6568
"PUF60",76.7314,105.7567,71.7624,60.9586,110.3556,83.8437,68.2854,92.0682,66.9426,88.0886
"DCTPP1",93.6138,93.977,59.9097,65.6959,164.338,115.6379,249.605,84.2325,104.2158,97.7915
"TSHZ1",21.5229,16.4829,47.062,29.6531,18.6937,20.6157,8.2882,33.8729,15.4111,24.1883
"PSTK",1.4072,0.946,1.1953,1.1697,0.8947,1.8373,1.7336,1.2112,1.1268,0.9703
"SOCS4",7.9554,9.2646,15.547,11.1432,7.723,15.3854,8.3286,12.0224,10.4166,8.2147
"TMEM86B",1.2101,0.5441,0.809,1.649,1.1629,0.9749,0.6793,1.208,1.3286,1.731
"SEPTIN1",7.1638,6.2204,3.9453,12.3613,3.4158,4.5406,3.6627,5.6481,2.7246,9.2294
"TRNAU1AP",10.0564,9.0532,14.6524,9.3309,10.7257,17.227,18.6523,9.2328,8.841,10.8841
"EXOC3",23.0666,25.4606,30.1614,24.4761,25.0749,24.8468,15.8398,35.4717,19.6422,24.9337
"LYNX1",9.434,12.022,16.6918,7.9649,2.2946,12.2719,2.7984,30.0372,2.2563,16.5381
"TH",0.1121,0.217,0.0575,0.0474,0.1208,0.0975,0.1042,0.2163,0.1245,0.211
"MED14",17.4045,18.9265,25.1982,22.8371,24.7277,13.4067,10.8061,24.5099,28.0957,16.8769
"FAHD1",39.1758,39.139,39.0439,39.164,76.012,45.6099,65.3957,50.682,62.134,34.1066
"TDRP",9.2779,4.6879,10.1768,5.5838,2.1328,11.5787,4.4537,7.5382,6.6655,6.2481
"RCC1",25.9697,38.6776,21.5602,22.8428,56.808,25.4019,36.9131,31.0929,35.6655,29.4205
"PRKRA",5.6135,4.9221,7.9431,4.9466,4.2915,7.7772,5.903,6.3676,3.2718,4.4938
"ZNRF2",26.8566,24.9193,25.5463,26.3418,32.692,39.3644,34.869,20.4374,35.1835,22.5556
"ZNF816",6.2795,5.5185,9.9699,6.3267,7.2385,10.0005,12.7573,5.5967,6.6072,5.6609
"FGD6",7.6639,7.782,14.1434,14.1223,5.4067,9.4316,4.5012,8.0942,9.2776,8.0018
"OAZ2",27.68,18.0322,36.3103,21.4369,17.4572,34.7437,17.387,28.9587,15.2982,22.4279
"FZD2",2.5209,1.5035,4.7412,3.8073,1.2579,1.5385,1.7015,2.7872,0.6919,3.3739
"HCLS1",32.4587,33.0505,17.3745,46.8716,9.6445,21.9642,11.8445,24.0066,10.5797,38.6252
"ZNF609",13.085,12.9549,18.9589,12.8492,11.3814,9.863,4.0446,16.23,10.559,11.4556
"PAK2",51.8049,73.1286,73.0432,54.6044,60.2294,51.9777,25.8394,58.9898,57.5395,51.2481
"CCDC66",2.776,1.6754,4.4299,3.764,2.3216,3.4562,2.5771,2.2628,2.2442,2.0067
"MCFD2",36.7117,36.0403,64.8909,32.847,25.8176,59.0609,28.7049,44.0568,29.7244,31.4733
"HARBI1",4.2676,3.6703,4.0865,4.3013,4.7618,4.3682,5.0801,3.5591,3.5422,3.9945
"GAS1",19.0654,18.2683,63.8004,23.1855,1.6336,39.7837,6.1969,46.6177,3.6029,26.0144
"ARHGAP45",20.6698,19.2463,13.3354,35.4424,21.7984,12.7256,12.6778,19.3031,16.3736,28.1924
"MIGA1",8.1536,5.0803,12.9159,9.3566,5.5278,11.1904,6.1591,8.0376,7.7063,4.8418
"NRIP1",25.3069,19.2851,37.3313,23.9453,35.1481,27.7534,25.1055,18.2388,25.5331,21.4323
"TSPYL5",9.9226,12.8415,30.4231,10.5165,2.2921,16.0769,3.1346,22.6446,2.3909,12.7041
"FUT7",0.5517,0.3834,0.55,1.1784,0.1733,0.3731,0.2792,0.6051,0.3814,1.6461
"H2AC6",89.2124,33.2351,75.9586,97.5932,85.552,124.0902,224.9411,48.0738,114.3923,111.8712
"EIF2S3B",0.5467,0.2191,0.9055,0.4042,0.4756,0.7679,2.6538,0.5461,0.6868,0.2556
"H2BC4",5.7418,2.9288,4.3843,3.8839,5.0663,6.3207,9.4587,4.1251,5.7006,9.0363
"PCGF5",32.9185,28.0383,61.7634,35.5528,35.734,59.6893,41.5828,36.5891,38.0272,26.9582
"PRF1",9.5696,7.5284,5.6634,9.633,5.2248,5.634,6.5026,9.2489,5.2238,7.8719
"YOD1",5.7811,9.3887,6.2241,7.5548,4.4253,6.9782,3.7511,20.0644,7.5338,5.3827
"CHST13",2.7903,2.4375,2.0028,0.8252,2.7802,1.9815,2.386,2.9543,0.868,3.9044
"SLC36A4",3.122,3.2432,5.282,2.2733,2.4579,4.4394,2.7789,4.2249,2.375,2.3074
"OR51E1",1.086,0.3822,1.6957,0.6465,0.4254,0.9873,1.3581,0.6448,0.7678,0.6431
"ARSJ",8.0583,13.2388,7.7984,5.2844,7.3058,9.4755,6.6342,9.0203,6.2824,4.6844
"PPA1",81.5039,126.027,68.2504,57.7871,86.3175,127.4618,145.5918,93.3169,114.1642,82.4738
"PSMG4",2.7685,2.85,3.8531,2.6255,2.4757,3.9673,2.8578,2.5308,2.7465,2.7358
"CXCR2",0.8559,1.2721,0.7395,3.7735,0.2689,1.3507,0.33,3.7712,0.4438,0.9155
"GREM2",26.9113,45.8646,71.8217,42.9497,22.6623,48.0611,30.6687,93.8928,24.1738,47.1563
"SSR4",187.0314,134.0524,81.3587,87.9221,143.2667,164.7077,353.8763,119.484,115.6806,128.9446
"SCRIB",37.8867,47.4963,29.1201,32.4374,67.313,19.6805,14.2424,50.9116,45.7552,41.8921
"KCTD2",18.789,21.938,37.6805,25.0287,16.5447,25.4783,11.942,27.3316,16.4061,22.1474
"D2HGDH",13.4047,12.497,8.6961,11.1359,20.865,5.9882,5.6251,11.8022,13.2969,8.7209
"OXTR",0.1693,0.2353,0.4253,0.3338,0.2127,0.2061,0.1175,0.3752,0.4213,0.2287
"CMTR2",11.4962,8.4951,15.8424,12.9456,11.589,15.6434,15.3266,10.2898,11.9767,8.7892
"FAM83H",34.1044,70.6004,19.4143,25.0087,79.1554,17.3987,14.1639,46.3935,55.8236,41.4442
"ST20",0.3156,0.2961,1.0195,0.9334,0.3867,0.4323,0.5339,0.2951,0.8346,0.5757
"PITPNB",31.8634,40.2311,67.3347,32.7076,32.3533,59.9737,26.6246,47.5316,26.8042,36.5728
"LRRC57",5.5941,5.0979,6.9737,6.3501,6.3259,7.1751,7.0261,6.5231,7.0996,5.7255
"MRPL14",142.5038,149.3673,93.9924,111.3008,175.5034,188.0119,314.7566,119.463,142.1656,131.0152
"BBS12",5.8056,5.0453,7.4069,5.8182,4.0584,10.1223,9.7377,4.2115,5.0116,4.1072
"NQO1",52.2982,48.0596,68.1216,59.6089,93.5413,62.5182,107.3225,67.5015,106.3892,46.2326
"AEN",7.8086,17.6111,7.1895,7.0211,12.3975,10.689,8.1088,25.7647,10.4484,8.0762
"FKRP",6.778,7.7734,8.2557,6.8759,7.0384,6.3414,3.2434,9.7956,4.9802,7.1174
"RPH3AL",7.6256,12.5265,6.6458,7.5378,12.9338,8.5624,7.8464,6.7099,8.112,8.8584
"SLC25A42",6.6491,3.4368,10.4226,6.829,5.9787,6.1472,3.9922,8.2467,4.3474,5.819
"METTL23",16.1827,12.8449,11.9879,13.0271,13.7723,16.0389,15.9318,13.1354,12.2542,14.0778
"SLC26A11",6.9095,4.841,8.4645,6.7601,3.3394,5.7078,2.7987,7.2759,3.1353,4.7692
"HIGD1A",170.149,177.1044,140.4151,197.2647,209.5737,336.1316,469.0505,151.4525,263.5256,151.1857
"MAPK15",0.6507,0.2856,0.1844,1.8737,0.3228,0.0521,0.2897,0.3914,0.6126,0.347
"EHMT1",6.4035,8.12,7.9927,7.1126,8.6019,4.6713,2.3453,8.9431,6.1497,7.961
"F2R",16.9556,16.6171,25.2008,10.9238,11.0971,15.9844,10.5977,26.6243,12.0095,14.1392
"NPM1",154.0813,135.0973,173.6975,110.5505,133.311,225.1118,215.676,134.5986,113.4757,111.3734
"PJA1",21.237,17.4697,37.2401,17.5282,13.9742,23.7605,10.2522,25.9714,8.3556,21.8086
"DHTKD1",24.5434,17.1784,21.8563,18.7788,29.3894,17.7443,12.1438,20.6517,36.948,14.7496
"H2AW",10.7579,8.7214,8.7839,4.8816,18.3477,17.9296,54.2912,7.9245,8.7649,10.7851
"ZNF746",5.9049,6.9321,7.1582,6.0062,6.714,6.015,3.0214,7.3003,4.498,5.6392
"POLR2A",74.3576,65.8742,91.7088,87.7258,98.7312,32.7901,22.3823,83.7421,96.5657,78.8396
"FRAT2",46.6774,36.026,37.6215,31.7777,76.6349,29.5089,29.9834,31.2168,49.8567,44.337
"TMEM102",7.1755,11.6288,4.8765,8.7067,15.1437,4.7521,4.8081,8.1981,10.9013,11.2802
"CCL13",30.2072,6.1939,32.1002,19.2212,2.3337,19.1213,39.1458,15.6921,9.1466,4.4531
"DDX60L",5.7978,7.8085,7.6805,8.0957,11.5494,5.4862,1.8493,6.921,5.7316,5.4244
"SYNE4",5.3383,2.9384,1.6144,2.306,4.5415,3.6509,4.8391,2.8043,6.1264,1.8638
"WASHC1",4.1353,3.9435,5.9995,6.0822,4.6647,4.5522,2.3757,2.5824,5.5084,4.5467
"AATK",4.303,2.3372,3.6074,3.653,1.5268,1.559,2.0777,4.6916,1.2327,2.3347
"DDN",0.1335,0.1253,0.024,0.3159,0.214,0.1219,0.0174,0.1387,0.1869,0.1353
"ZNF467",7.526,4.5946,8.1671,5.5642,2.6009,6.9259,3.3576,5.7713,2.4248,9.7137
"TMEM45A",3.5461,2.4936,5.7999,3.387,1.4313,5.6285,2.4507,4.6715,1.9925,2.9656
"RAP2B",9.6406,15.1109,12.2617,10.2746,16.6527,11.2287,6.3276,15.2386,8.8085,15.5802
"ZBTB2",16.9757,22.8793,25.188,21.3387,19.7445,25.9071,11.6216,23.2491,17.2369,20.0286
"RNF135",30.6206,26.2662,37.3224,22.1023,38.3522,32.2719,21.3982,29.2451,34.9623,29.9691
"ACBD4",12.1558,5.9484,15.3727,11.7701,7.4769,12.5028,11.4638,11.8024,8.8556,8.4755
"SGSH",14.8831,15.9674,15.892,15.1766,16.2477,12.3015,7.6133,17.4496,12.2171,12.8795
"MAB21L2",43.6116,34.9752,164.5297,46.8916,4.0595,127.6986,30.6034,86.5634,2.5862,64.0614
"FANCB",0.4821,0.5616,0.6869,0.8596,0.7884,0.8199,0.6273,0.6334,0.7057,0.7183
"SETD2",22.0681,23.3338,38.7068,25.9846,26.625,19.3255,10.1004,26.1053,21.7722,21.8566
"MEX3D",13.2096,22.3764,14.3375,11.7883,21.5141,12.0226,9.2108,24.0687,14.2351,20.5025
"MRPS23",12.674,14.0761,14.0438,9.8722,17.8542,23.7948,30.4483,13.226,11.192,11.8143
"FDCSP",99.6032,128.1432,11.939,474.586,3.2759,28.7117,22.3551,14.0318,19.771,181.8221
"P2RY13",7.2592,5.1467,9.1909,8.6907,3.4904,9.6727,7.7438,3.8093,2.6078,5.7499
"TNFSF15",2.9251,1.978,2.1253,2.4868,0.7648,2.5791,1.0133,2.9983,0.6819,1.7902
"PHLDA2",30.843,256.9565,9.2407,25.3825,69.8828,62.27,25.8675,239.1574,75.8795,72.0416
"ATG9B",0.1355,0.3157,0.1001,0.3065,0.1427,0.1213,0.0934,0.4555,0.0868,0.1292
"PLAG1",0.9436,0.4816,1.5648,1.251,0.3558,1.0695,0.5843,0.7302,0.658,0.6133
"YIPF6",24.1639,25.7911,31.4871,21.5188,23.2266,33.2492,27.3231,26.3906,28.2416,19.369
"DIPK2A",12.3932,11.2751,27.4257,14.8782,11.8917,15.6235,7.1229,16.054,11.2555,13.0676
"MACIR",29.8515,47.4824,41.9402,67.6391,71.0985,41.4023,46.972,22.9403,110.3509,47.2913
"GPR3",0.4053,2.2611,0.0428,0.564,0.5842,0.2902,0.0931,3.9381,1.2607,1.0145
"SIAH2",40.0702,30.9596,38.2198,37.9664,30.3417,31.6124,25.7921,36.6197,23.8714,35.7329
"COPG1",175.8908,203.7949,137.4816,143.1332,280.408,109.6163,83.0686,176.776,251.5755,174.6749
"SLC9A9",13.1488,7.8184,18.3008,11.6134,3.9211,17.9944,11.6799,15.5211,3.3727,10.5383
"LSM10",43.2311,42.4516,44.1892,43.3666,38.9923,73.5579,81.5201,46.0403,26.3076,45.6547
"RELL1",11.8353,25.4536,23.797,29.2985,34.9004,17.6971,7.8025,22.3949,38.0961,26.0298
"RFX7",4.5206,3.8396,9.2637,6.1868,4.1063,4.1031,2.0798,5.0049,3.7533,4.558
"SLC35C1",58.0297,79.2728,36.6361,45.8777,104.5551,53.975,47.2327,61.9574,77.0709,55.1753
"TIGIT",2.2749,2.6676,0.9005,5.2561,0.5991,1.0182,0.8815,2.6764,0.9757,3.6864
"RNF41",24.423,19.9134,28.8527,18.5295,17.3672,35.456,29.345,27.7161,14.3849,19.4686
"SLC2A4",13.874,18.6082,63.772,17.3662,3.6898,35.918,4.5466,38.8851,2.0826,29.4853
"IBA57",2.9481,5.6006,4.3696,3.2473,5.9796,3.0918,2.5725,6.964,4.2524,4.7683
"CLDN7",413.5184,681.9437,197.4265,360.3509,743.7905,350.4022,523.0319,416.9944,721.2864,489.5065
"ADO",15.1612,16.2689,25.941,14.8253,13.2808,21.3596,10.5077,20.4395,11.9701,15.7327
"COA4",56.2291,69.2092,45.7702,40.5778,84.9771,84.7027,107.8941,52.2178,62.5393,53.9855
"PRKAG1",39.938,38.9135,49.1078,30.3051,43.0361,64.5516,62.5507,37.4033,30.946,32.8718
"GINS3",2.3537,3.8151,3.9729,2.6103,5.0478,3.3995,2.9978,3.6888,3.4128,3.4864
"MRPS11",9.0156,9.7463,9.437,7.8702,13.1896,13.4161,17.3852,9.1318,9.4895,10.0064
"SNRPE",48.8863,54.8357,50.0137,38.0265,55.7714,73.2355,85.6672,48.4756,45.4859,44.6947
"CHST15",18.1257,30.1897,54.5155,20.5735,2.5538,26.9661,5.5622,38.6995,5.7403,18.4448
"IDH2",262.176,272.3576,228.2546,141.9003,328.7318,250.9783,169.4714,271.9554,203.3703,256.9446
"TMEM259",60.9529,62.3866,42.5885,54.3429,77.0076,38.078,37.6099,63.5119,52.9174,59.0457
"GET1",4.8532,2.6553,8.9096,6.2956,2.8512,8.8029,4.9877,4.6012,5.0906,2.7724
"TNRC18",33.6896,42.2745,45.5976,32.5893,46.2353,22.4696,10.1871,63.917,28.5011,43.1729
"TMEM30B",73.7592,111.5433,54.6565,82.2065,129.0022,62.2361,58.6377,93.505,107.9426,77.9097
"DEXI",0.8983,0.7459,0.8879,1.2382,0.9184,0.5792,0.4061,0.7435,0.9117,0.7713
"NOP10",390.2664,338.0787,236.016,264.3193,402.2091,543.2622,887.5286,276.3361,328.363,310.7296
"FAM89A",4.8356,3.6255,5.2138,2.8538,2.4987,7.1002,5.0228,3.7019,2.4082,3.0945
"TDRKH",4.1419,3.4517,6.4988,4.9706,4.3942,6.2876,4.6606,6.7668,4.2794,4.6834
"IST1",61.2375,60.9011,73.6795,70.9457,72.0163,60.6579,46.5661,60.208,69.4935,63.3525
"ERCC6L2",3.6855,3.7879,5.6088,4.774,3.4594,5.1524,2.6696,5.3067,4.3817,3.8815
"MRPL41",245.7024,269.513,109.005,152.8579,401.2806,235.2285,486.1272,197.437,284.1421,272.727
"CREB3L2",29.0842,38.328,37.4082,25.3776,22.1621,20.7557,10.741,35.9329,28.2962,24.9682
"P2RY8",11.0708,11.469,4.7645,21.3942,2.3117,5.2902,2.7962,12.7062,2.9924,16.2904
"TSEN54",22.8394,22.1829,15.8343,21.7324,37.6433,22.8164,28.8318,21.8649,24.5905,20.5272
"RGMA",7.0283,10.84,21.3028,11.3896,4.8956,10.8006,3.0335,21.1579,2.9727,16.2106
"UBA7",39.0419,28.1604,34.1745,42.2172,49.5874,23.6313,20.1784,39.9467,48.17,39.1053
"MRPS16",85.6597,91.5467,80.9764,64.1939,135.9339,114.784,122.9474,86.4402,88.172,73.8807
"RAD51B",1.424,1.0937,1.785,1.5515,1.5412,2.5194,2.7484,1.5149,1.4095,1.3048
"EXT1",27.2768,48.0252,26.1858,25.736,44.4738,21.0386,14.2917,34.2015,36.8691,37.3672
"SHMT2",36.2774,41.6865,28.8255,28.9373,62.9466,30.9782,34.0834,39.7081,45.7796,36.387
"MOB2",32.8528,31.264,64.3011,34.7391,27.7315,52.6532,20.2006,46.2093,22.7516,40.2614
"ATP6AP2",46.1542,41.9856,62.0185,39.7922,40.1442,61.2226,46.2801,49.5004,40.9854,39.213
"BACE2",31.1184,26.0454,16.3825,17.0352,24.2743,20.2195,22.1495,25.5219,36.6779,19.7931
"UBE2E2",11.1916,9.9122,26.0899,13.4806,2.5185,22.747,8.5291,16.086,3.7162,10.225
"SYNM",127.0314,289.0294,855.2336,251.8873,7.8749,383.6288,48.8009,409.4455,6.7476,279.0218
"B4GALNT4",1.4182,1.282,1.6215,1.7445,0.5087,0.5921,0.441,2.3211,0.3709,2.2128
"AP1S2",19.7092,11.7684,42.4227,17.4444,6.7051,38.5751,19.4058,19.3266,8.6859,15.9477
"C8orf33",47.3859,42.6823,58.4852,74.4462,71.3222,87.4766,95.3005,44.9888,51.9155,52.8874
"SPACA6",1.2758,0.8908,2.0447,1.3736,0.2918,2.4125,0.7414,1.9303,0.3468,1.3554
"ZSCAN22",2.0469,2.0537,3.4766,2.525,2.1872,1.5158,1.3389,2.991,2.0772,1.941
"KCNJ14",0.1787,0.2981,0.2138,0.3877,0.3482,0.1813,0.1706,0.4952,0.4263,0.2777
"FBXL6",11.2755,11.2493,7.286,11.2045,22.5066,7.465,10.685,11.7933,15.0964,12.159
"C1S",207.4167,115.0083,251.2524,164.9026,54.0411,167.4954,88.9715,200.1824,70.4465,136.9306
"YBEY",17.132,9.9599,12.0227,15.3835,16.0139,18.6275,14.1998,16.6541,17.3691,14.6663
"CLN8",5.1307,5.8843,4.9678,5.7921,5.3515,4.3448,2.9539,7.5484,7.2387,5.3908
"PLCXD1",7.8284,39.0303,5.0191,10.9671,26.6161,5.3044,4.9185,36.941,9.4851,24.1114
"TRAPPC6B",3.6075,3.2096,5.102,2.5758,2.0337,5.1476,3.5975,3.6897,2.9192,2.5621
"PGBD4",1.8128,0.8603,1.8687,2.6235,1.7159,1.7725,1.7667,1.1862,1.1399,1.5476
"NPLOC4",26.4651,40.1866,30.4615,29.5472,36.7059,26.775,15.7387,37.838,31.6373,28.4443
"CAPN12",0.8283,0.356,0.2145,0.7071,0.2495,0.4548,0.4333,0.2928,0.4117,0.3201
"EXOC7",16.8553,15.2486,23.1696,16.1663,13.8217,22.1621,10.6355,22.331,13.2534,15.0222
"KPNA2",13.6541,41.2397,14.9935,20.1081,51.529,23.4933,17.6774,28.9689,41.572,27.9154
"BGN",82.6245,50.6259,158.1482,51.765,24.9463,52.8526,36.3162,69.8378,30.489,67.9373
"CEP97",2.7818,1.9489,5.6606,3.808,2.3624,3.7268,2.0898,3.0928,1.8467,2.592
"FES",12.4389,9.6166,12.4437,10.9533,4.1822,10.5527,7.5724,12.382,4.4503,11.1787
"GLRX5",66.2182,65.3963,63.2008,58.3262,90.7219,95.9605,75.7839,66.2274,80.9639,62.2968
"LIMK2",61.3305,41.8343,40.773,37.3958,78.7696,39.2885,39.1831,49.9091,48.6219,50.439
"MFSD5",36.5658,41.3203,36.1336,44.0366,65.4329,38.2656,31.3614,32.1917,44.0827,44.4243
"ADI1",72.6923,54.8168,57.9407,56.8697,62.8235,78.9705,77.8877,46.7653,52.5492,51.6668
"RWDD4",12.7637,10.3924,13.8747,10.8042,12.8668,20.7174,16.8975,11.416,13.5229,9.7839
"SATB1",13.8188,7.5778,30.7845,15.9145,6.2582,15.7654,6.4023,18.6408,4.163,10.0437
"CSF1R",71.7226,43.5436,69.3187,35.1125,19.0438,49.3483,25.7387,57.2136,11.4912,36.7874
"EPHB3",50.2127,32.5163,25.0025,19.938,83.3003,26.5079,15.8335,50.2648,47.6655,32.3727
"TRAK1",31.8899,37.247,34.0885,36.7471,41.0923,23.0791,15.2911,39.9404,46.4762,32.9816
"PLCB1",2.5776,2.5891,11.8965,3.1236,0.5653,6.9944,2.2919,4.888,0.9557,2.3924
"SKA2",21.6822,20.7439,39.1327,23.2767,28.4259,40.8588,33.5859,28.2407,34.1169,27.35
"NDN",56.1021,42.1232,83.8835,59.8362,34.991,82.7276,40.0314,78.6711,30.1821,60.7723
"NTM",2.8416,3.5726,17.5441,3.108,0.5798,6.4193,1.5629,10.1353,0.8771,3.7771
"TSKU",31.8636,36.1232,23.5766,38.725,56.4025,26.2333,23.5228,25.6532,30.0526,43.2063
"ANXA2",137.8612,311.1615,131.4808,121.311,264.8545,171.205,200.9722,196.8937,225.6592,190.2225
"HOXB4",5.9799,3.5541,12.7394,7.9016,2.2305,9.8741,3.1125,7.1647,2.6914,8.3281
"SLC35D3",0.4566,0.9065,1.7167,0.8038,0.123,0.4632,0.2829,1.1295,0.1691,0.9473
"PAQR7",6.046,4.5177,10.8208,6.3625,4.0407,6.022,2.3091,6.869,2.5159,6.2534
"NGRN",14.6651,19.8016,15.8125,8.2436,14.0994,14.8525,10.6583,24.9017,7.0694,18.7523
"RPS17",1.9016,1.9321,1.6058,2.4338,2.0182,1.8237,2.6824,2.4572,1.5907,1.3763
"C1orf116",21.8184,50.9182,12.9783,25.7304,33.4735,9.9632,11.8095,76.8097,28.5639,29.436
"DDX28",16.754,23.7883,15.8602,10.8263,28.3904,20.7772,22.0013,24.6255,16.3812,17.9562
"ACBD3",53.4702,59.6836,57.716,43.9715,55.7745,59.7017,32.0276,52.8993,60.2513,41.2057
"ALG12",7.5221,8.478,7.9579,5.8369,10.2246,6.5159,5.7211,8.3514,7.7455,7.4668
"LCK",12.8465,13.5175,5.7219,23.5755,6.0972,7.8241,7.9413,10.0341,2.8715,20.4372
"COL18A1",16.8949,29.8247,42.4882,9.8344,13.2234,14.0957,4.9968,47.0318,13.7712,22.205
"RBM10",54.0691,53.5651,47.7097,55.5009,87.0434,36.7334,30.6805,56.4903,54.349,66.9276
"ADGRG3",1.7453,1.6061,1.7211,2.511,0.6965,1.962,1.2276,2.3524,1.9565,1.6569
"GLUD2",1.804,1.5385,2.759,1.1216,1.7003,2.1525,1.7606,1.8104,1.4349,1.0801
"RPL35A",503.8833,367.9065,492.9827,306.434,359.2932,799.8433,1038.392,401.8678,284.8103,403.013
"TCEAL7",28.3218,15.2708,50.6609,16.5276,4.9526,66.6116,37.9545,28.13,4.3637,19.8533
"CEP63",6.8965,4.9746,10.2979,6.6219,4.9097,6.7624,4.0849,6.8849,6.6986,5.5614
"SRPRA",115.5197,131.1492,100.7354,94.9963,113.1619,90.1739,57.82,130.1527,91.9801,98.2844
"EWSR1",56.9625,65.4362,59.9862,60.0967,75.5845,48.9408,27.8744,69.1159,64.0523,61.6314
"HMGN4",144.7239,110.4112,174.9795,119.8378,115.4579,265.9159,223.2631,130.1165,123.5914,108.7048
"SPATA13",9.6877,10.0336,14.3684,14.6506,11.8879,6.8369,5.8597,12.1943,9.7454,9.8991
"GJC1",4.8045,4.8677,22.6855,8.1672,0.5068,13.4658,1.7417,11.9023,0.5364,9.6592
"CNOT10",15.2431,16.8635,19.3919,15.2803,21.1143,16.4289,11.5727,16.6781,17.7412,16.2014
"MTA1",13.9462,11.091,19.0937,12.0465,11.8004,12.0522,6.2331,16.8603,9.3048,11.8265
"CADM1",5.7465,5.9946,17.4747,4.3447,1.8287,9.5639,3.4247,9.0087,3.7616,5.7098
"ZNF320",7.7754,3.9653,8.4118,7.6449,4.7879,7.9428,7.0032,4.1774,7.3125,4.622
"PYCR1",31.2793,34.0935,11.6246,8.1176,50.6937,19.931,25.5192,25.2723,38.3837,18.2793
"NAA38",57.4197,63.9219,37.7792,46.5232,70.5523,73.6514,140.1201,67.0122,46.8172,65.38
"SPNS2",9.768,46.0511,11.2357,8.1847,17.0909,9.3376,6.7789,11.9571,12.9922,12.4986
"AP2A2",31.1328,27.9713,33.2723,24.2837,35.6402,24.1702,15.4892,33.8287,26.4567,28.289
"PCP4",41.0652,48.9488,140.6003,70.4343,1.6574,168.1076,40.9181,36.2172,0.4022,78.7642
"ABAT",9.6506,7.5443,9.8067,10.6172,7.7067,7.0793,5.9172,8.5499,16.8952,7.1478
"SLC25A10",8.591,12.2974,3.9411,7.415,19.8216,6.2703,7.9922,10.5615,15.3579,10.3198
"CAMK1D",35.2452,23.8482,31.6799,31.7183,29.1061,17.8272,9.9698,27.076,23.3789,27.5988
"AFMID",14.46,8.0673,8.8297,10.4024,11.2446,11.5669,19.078,8.852,10.6487,7.6382
"GAS6",75.5727,60.0208,52.4012,49.4678,87.4968,61.9785,62.2565,68.3806,66.8291,61.1356
"GPC6",8.9126,11.5042,24.9904,10.4817,4.8878,12.4413,4.598,20.1697,5.3627,11.4515
"ARHGEF37",14.5361,11.3334,38.9011,21.6647,11.9607,21.4175,5.6795,33.1616,11.5291,17.5439
"PTGDR2",6.4895,2.2117,6.5363,3.5298,11.3663,3.3366,4.1187,6.1545,5.5558,6.4501
"GPR19",0.4659,0.6476,0.5226,0.7464,0.3477,0.709,0.5558,0.6656,0.2114,0.5508
"GJD3",1.5086,1.7804,2.0359,1.567,0.9871,1.5368,0.6489,2.0855,1.2023,2.0971
"RABIF",14.896,15.918,16.0025,19.0314,19.3046,19.486,19.4046,15.697,17.2501,18.2047
"TMEM119",23.6478,29.1181,25.3224,32.1283,15.1706,15.6066,12.1171,40.4114,12.8663,33.1857
"FANCF",12.1206,11.1976,17.7494,13.8938,21.3449,15.1227,15.9531,9.4567,19.1656,11.3401
"SMDT1",102.0344,92.334,98.173,81.0296,99.1368,132.6957,165.8975,83.6892,87.2035,89.669
"RUVBL2",59.5857,74.3035,49.4476,41.3231,95.2279,53.0422,54.763,70.3618,62.4528,65.1555
"PTTG1IP",357.8585,360.2584,405.7906,324.0607,511.0069,419.3657,358.2138,324.8302,398.1415,383.7754
"DDX41",44.4918,41.7348,35.0597,34.283,61.1195,37.9349,36.3746,44.2615,39.3252,39.3596
"DAZAP2",254.1413,193.2894,231.6473,219.6746,265.3016,287.6298,233.4852,201.6666,269.3869,211.5495
"SELENOF",260.3889,212.23,235.5317,201.4129,226.2664,447.5537,612.4829,207.0979,237.9675,193.2003
"EPHA10",7.9178,9.4774,5.3153,12.6688,15.7203,4.3268,5.6516,7.0771,12.6264,8.048
"BCOR",11.9292,12.1949,18.7071,16.893,13.6362,9.6892,4.6701,13.4904,8.2624,15.8373
"KIAA2026",10.3482,7.5178,15.6749,12.3671,7.2444,8.1837,3.5887,12.3025,8.0945,7.8852
"FHL3",16.9304,20.6676,52.1841,17.2534,4.9596,42.2423,9.3282,31.6674,4.468,27.5608
"C19orf71",3.0989,2.7574,3.1194,5.0294,4.4168,1.8403,0.9835,5.1829,2.1162,2.4507
"RIPK4",11.2391,22.7948,6.7604,14.368,12.4342,6.177,3.8625,18.1481,16.1989,9.5885
"NPIPA1",0.3112,0.2884,1.3651,0.8488,0.2412,0.5999,0.414,0.9269,0.6347,0.3854
"SF3A3",57.0794,62.9179,68.783,50.4707,66.6958,68.8018,45.6744,64.4279,40.4332,53.713
"GTF2H2C",1.015,0.712,1.6037,0.944,1.2335,1.5932,2.5669,1.1607,0.8539,0.7374
"ASB7",11.8436,12.0564,17.7415,16.4544,15.5613,13.8545,10.3943,10.6095,17.1451,12.7257
"GPR132",2.9395,4.9757,1.7219,4.7597,1.3967,1.7745,1.1538,8.3419,1.1525,3.4339
"MX2",2.5484,1.9206,3.6793,3.5827,1.0014,4.552,1.0917,3.9063,1.7197,2.6377
"EP400",7.7654,10.4663,13.5795,9.5116,10.7309,5.4657,2.2928,12.9733,8.815,8.7037
"MEX3B",1.9124,1.2841,5.6212,3.0187,0.6524,3.3565,1.8626,2.633,0.2737,2.3895
"TENT5C",79.533,46.5726,51.5271,48.536,40.8646,33.7974,32.6174,57.1132,44.6785,48.2406
"COA5",28.3739,12.8318,39.6036,25.474,19.8263,52.4311,68.6232,20.2804,21.1034,19.8908
"UTP11",21.0344,23.7779,33.8508,19.2499,19.314,40.3772,26.6062,25.4546,16.8273,19.3131
"PSMG1",24.738,30.6952,35.5119,21.9826,50.5809,40.2377,53.3832,35.9827,38.9933,31.4221
"PRR14L",11.3414,13.7639,14.3595,16.1323,19.5695,7.4968,4.0642,14.6608,18.1908,13.4543
"SETD3",47.5153,53.7448,80.5552,45.4791,52.0148,76.7143,32.7999,63.1246,47.2436,47.9159
"ZNRF3",9.6945,8.8208,14.0998,7.0813,10.5662,10.9366,3.5663,13.2303,5.7822,8.043
"FBXL7",8.2535,9.4751,22.2621,11.0596,4.2099,14.597,2.9946,20.0521,4.0189,12.2422
"TANGO2",5.0289,4.0857,4.2771,4.1459,4.61,4.6125,4.8496,4.1155,4.3182,3.7484
"MRPL54",126.7643,132.1833,67.0983,62.022,121.232,199.2736,302.3096,99.5705,88.731,102.0318
"NDUFB1",78.2276,66.2397,69.9234,63.3121,75.0673,142.1627,248.3168,68.1782,73.0759,74.4968
"KLHL25",3.5534,4.443,5.2192,4.0043,5.9285,3.7611,3.2441,4.8083,4.1118,4.9942
"TRMT12",14.7083,13.5312,14.8238,10.9875,15.9638,19.1559,21.0729,16.0308,10.6399,15.2575
"BMP8A",1.9343,1.7336,1.6057,4.9587,1.8743,1.8981,1.0821,3.3339,4.4006,2.8758
"ALYREF",83.6724,144.2045,62.5399,79.7067,142.923,88.638,85.7206,115.8882,101.8137,108.324
"RFLNB",14.5332,13.9165,15.9046,16.5594,8.1417,22.0511,6.7736,26.4424,6.0835,14.4834
"UPP1",10.7338,38.7582,6.1474,13.8487,49.8707,12.7961,20.2778,18.6869,21.8511,21.7407
"LHFPL6",21.5986,15.4273,53.8786,21.539,5.2812,30.0472,10.7046,32.9819,7.5349,20.471
"CMTM4",78.1431,82.6227,56.633,63.3822,127.2314,38.756,28.7585,83.0383,93.0102,61.9448
"TMEM50A",147.0088,133.8783,195.0962,165.2979,152.8347,209.9519,156.123,133.3769,167.9803,138.547
"ASCL2",15.074,13.1889,6.1699,8.6229,16.5149,9.753,13.7806,6.9733,14.0764,14.2704
"TBK1",4.8292,5.4088,6.7523,5.8406,4.2155,7.0852,3.9055,5.3375,5.2661,3.8795
"CBX6",22.5113,31.1968,72.5429,32.2784,9.9298,32.9173,6.5602,54.2862,8.1191,37.5596
"MACC1",3.3043,7.811,3.7681,3.2345,4.4338,3.4461,2.6588,3.8983,3.6585,3.5045
"TBL3",12.0149,20.2881,12.8536,11.1528,22.9453,10.4211,7.0024,17.3678,12.5998,16.3651
"KREMEN1",20.8793,19.9621,21.8731,19.4615,30.2998,15.4366,13.2332,28.2859,19.9776,22.0956
"TRAIP",2.1246,4.657,3.2798,2.7489,7.2442,4.4692,4.8991,3.4896,6.342,4.3213
"CHEK2",5.828,7.2683,5.9003,6.1363,10.6225,5.1071,9.2508,6.9621,9.2589,6.5485
"AIFM3",31.0227,19.7219,18.2793,17.4479,34.2355,13.7073,21.3685,23.3431,25.0435,18.455
"B3GALT5",76.2536,22.8285,23.6083,82.7044,45.5907,17.4219,19.9208,18.4524,58.9128,48.8356
"ZNF703",123.8563,77.6479,108.0089,110.7442,141.7574,66.1364,41.1814,96.7274,98.4507,136.1292
"CCR4",2.223,2.949,0.7857,5.0551,0.746,0.7688,1.008,7.3663,0.7334,3.7711
"LIN9",4.1975,3.383,6.8529,4.3413,5.6317,9.2495,6.7305,3.3721,5.7797,4.7296
"BTBD9",9.3479,14.9216,10.7162,13.2854,14.1573,7.1368,3.7326,12.1874,17.747,11.9236
"NUDT14",32.6241,19.954,13.3112,16.9057,33.8812,26.7441,37.2968,21.4919,18.8171,18.5353
"FAM3B",0.3859,0.2497,0.3104,0.2165,0.1254,0.1013,0.4849,0.1244,1.1385,0.1618
"KIRREL1",13.1177,16.4992,30.9588,14.1433,6.0019,13.452,3.4189,26.9216,5.8885,14.1964
"IQGAP3",3.0451,7.7657,4.9761,6.1787,20.8241,3.323,4.1099,9.5934,19.6862,8.5597
"TOB2",72.6308,55.6195,69.2602,66.5656,56.9412,52.8775,34.4201,73.0102,46.1266,61.0124
"ARSI",1.1704,1.5991,3.2637,1.2161,1.2969,1.4922,0.9261,1.8897,1.0824,2.2436
"TTC32",6.7925,6.7073,8.3395,6.6833,5.2227,11.6185,8.8719,11.5939,8.3409,4.0363
"PRKX",11.3555,15.6702,18.1201,11.0632,13.8164,12.3122,11.1381,19.9365,25.194,13.4526
"KMT5A",15.9714,19.538,18.3266,18.1652,25.3092,18.016,11.1739,21.315,20.5112,17.9096
"KCNH8",0.6778,0.5757,0.8108,0.6805,0.3707,0.4839,0.3049,0.6434,0.4425,0.4239
"SMTN",94.282,157.3861,354.7914,95.9592,25.3952,245.1063,50.5298,271.4808,13.2606,163.353
"COA3",120.7768,105.4845,85.8746,97.9937,182.3379,155.6452,283.5265,101.4719,141.6116,111.5507
"PTP4A2",122.1873,148.0745,135.8391,114.1611,129.5648,147.6815,93.8813,119.5868,113.0814,118.812
"ACTG1",3053.0763,8200.1614,2796.4354,3524.7418,7537.4294,3145.8599,1966.0228,5122.107,4209.5717,5032.6341
"TMPRSS2",156.1323,495.4094,78.3305,206.6311,369.9106,91.6046,59.6399,251.7831,407.136,192.6785
"DENND5A",16.9615,17.778,41.0553,18.6047,4.1779,26.5219,7.0464,30.0799,4.9708,19.0451
"VPS33B",1.3431,1.6969,1.5094,2.3873,2.2761,1.1561,0.918,1.6774,3.0176,1.9933
"ADAP2",11.2076,6.0463,9.1901,6.2272,5.7618,8.4964,8.5205,5.6316,5.0713,5.6436
"UQCR10",117.9802,107.7788,86.163,91.7852,146.1136,149.8749,252.3102,103.7403,111.0152,126.8493
"FAM120C",1.7659,1.563,3.8647,1.9177,0.8458,2.1057,0.6253,2.9174,0.7384,1.7189
"EIF3C",3.8401,2.8678,2.9305,3.0023,3.6609,3.9292,1.7996,4.9986,2.9521,3.3319
"CLDN5",23.533,19.6046,25.4859,12.6317,17.1252,18.3574,13.7645,41.4292,19.7807,27.9394
"NIPSNAP1",81.035,41.7784,55.0687,30.581,73.1735,66.7886,69.0901,51.6512,63.4599,37.6194
"LRTOMT",3.6686,1.8445,3.6658,2.6166,3.0238,3.8312,3.4821,3.4678,2.7077,2.5802
"ADRA2C",2.1743,1.5352,1.72,1.1754,0.8814,1.8144,0.791,2.6234,2.0364,2.061
"NR2C2AP",14.2506,17.9371,13.3726,9.9681,19.8923,20.0837,23.8733,18.5295,9.7334,15.621
"CRELD2",19.0915,31.4014,13.006,14.7129,23.4499,13.7156,15.0776,28.4418,24.5722,24.7901
"SCFD2",13.185,20.648,15.0245,11.7405,20.5757,9.5926,7.1174,21.5148,12.9237,13.6035
"UBE2F",7.7293,10.2992,8.9084,8.283,9.279,13.2434,9.4789,9.754,9.2738,8.3311
"PPP1R2",44.122,35.6866,70.2686,39.7597,31.5758,70.2127,41.1224,46.7815,41.0345,34.3788
"TSPYL2",15.0525,15.8398,23.5554,15.8178,3.1053,25.6003,4.6757,26.6355,3.5071,11.8301
"PGP",9.6928,15.4567,7.6563,8.4757,22.3231,12.2996,10.35,15.1058,18.908,12.0237
"SNRNP35",9.9868,10.5905,10.9081,12.2471,12.7583,11.7777,8.0232,9.4624,12.4269,12.132
"IRAK1",69.815,122.8465,63.4083,61.7323,126.6877,55.6128,48.0971,102.4929,87.6135,84.1289
"CMSS1",4.1634,5.7395,6.1264,3.6165,4.4038,7.5295,5.3165,7.7039,3.7162,5.4791
"ACOT1",3.0518,9.2279,8.2955,4.1551,7.6892,11.6328,10.1834,11.9294,7.2847,8.2051
"ALDH1A3",3.4854,4.0907,7.6763,3.1769,1.251,3.8942,1.1804,5.7443,1.5744,4.054
"H2AC20",2.0625,2.9022,1.6654,1.2199,3.8879,3.6093,4.1599,2.1429,1.7644,3.8662
"TM2D3",8.8447,6.9868,11.7821,8.4107,6.8749,12.1294,9.5249,9.1804,6.8086,7.981
"TSSC4",27.8954,39.66,34.7914,28.2164,40.1239,37.1718,26.7005,44.9466,27.6843,38.5732
"TACSTD2",2.1833,3.7928,1.2557,1.2003,1.5565,1.9167,1.0563,3.2572,1.698,2.978
"PRKD1",3.7664,3.5698,10.9605,4.6314,1.0208,7.1716,2.1585,7.8567,1.1383,4.9928
"CCSER1",1.5078,1.0393,0.9513,0.8918,0.8389,1.2878,1.5063,1.5059,1.2558,0.759
"SRPK3",1.7611,1.5223,4.6439,1.969,0.4959,2.4185,0.9502,2.7892,0.4677,1.5451
"SLIT3",13.9301,17.8128,39.0124,17.1087,4.2665,13.8637,3.577,33.1667,9.6175,17.3666
"PKP3",38.1238,150.1764,38.3238,63.9153,218.4907,44.1433,42.2545,78.912,163.4463,108.7458
"CSF1",20.6284,31.6287,31.3786,25.9437,15.1067,19.2694,9.5297,27.4344,15.3394,33.4269
"ACTRT3",2.2865,1.7795,3.1729,2.2991,1.8103,2.0413,1.5868,2.6607,1.6597,1.9152
"PLA2G6",3.7129,2.3716,2.9275,4.2609,4.5953,2.4826,2.1636,2.9224,3.9279,2.9578
"MAML2",11.1984,16.3906,15.4751,12.9002,11.4107,7.3016,4.0943,13.2025,12.6911,12.3395
"SS18L1",7.9927,6.6194,8.8573,9.6245,7.7756,7.8575,5.8953,8.448,8.3085,6.2143
"TOP1MT",11.0688,11.7439,8.7216,7.1401,14.0047,8.6872,5.6746,10.0503,7.597,10.0747
"COPB2",28.9373,32.5048,31.0506,24.6294,32.8983,26.0917,18.3386,29.1375,32.1085,27.1948
"THAP7",21.3754,21.7821,21.6865,14.5739,20.18,29.9154,24.3609,25.3337,13.4037,22.1965
"KNTC1",3.0589,3.4415,4.0601,3.8579,5.0877,2.5669,2.5228,5.141,5.2266,3.2954
"WDR27",1.4261,0.5053,1.9211,1.6726,0.7082,0.959,0.5835,1.3138,1.0431,0.5854
"TXNRD2",8.5662,7.6532,7.758,5.5204,8.7646,5.7378,5.8118,8.19,6.6185,6.8166
"FOXO4",39.0747,28.063,54.4621,40.0495,27.5548,39.5994,14.9196,42.5385,23.0189,31.1482
"PTP4A3",13.6086,14.6648,29.3795,14.0439,5.194,19.1984,11.6209,22.0736,8.7093,17.1284
"PROS1",36.6755,29.9253,54.6746,22.7273,22.4313,39.2462,30.6167,34.0271,30.3722,29.1297
"HDDC3",3.8678,3.0566,2.0104,2.305,4.9034,4.0473,5.0836,2.8949,2.7883,3.0701
"BEX5",13.2153,8.2107,11.5313,6.5903,7.0337,15.0627,21.782,7.3766,3.6274,8.3493
"ZFP1",6.9795,4.7322,17.8012,5.8916,3.5765,13.838,6.5955,6.4066,3.4992,5.6713
"DUSP8",23.4587,15.4053,8.4226,29.5392,19.6997,11.3313,6.1211,48.3082,21.0557,27.0893
"SOCS3",130.6572,133.8369,27.1498,180.993,8.5528,45.1973,9.7714,372.4178,22.1137,47.5216
"LPAR5",39.3981,31.3693,20.6183,37.0527,43.995,25.2344,25.2146,32.5862,36.4594,36.6788
"XPOT",19.3335,23.6337,29.7468,19.532,23.1286,24.3473,14.4534,24.4398,19.0844,17.3754
"STING1",54.8297,34.2857,25.7588,28.3543,40.0392,25.8513,28.5028,31.9691,34.6978,33.437
"PDE4B",14.6327,6.7787,3.6545,9.802,1.9572,9.1238,4.0383,16.6788,2.6442,11.133
"MED12",22.0447,28.0696,30.3726,25.3429,27.1212,12.9672,7.1245,30.1034,20.7567,24.0678
"ZNF93",1.6802,1.6466,2.0482,2.1604,1.5061,2.4317,2.1982,1.4705,1.4487,1.4063
"SEPTIN9",69.7345,99.4998,97.5187,73.4203,80.9302,66.4012,31.7904,95.8558,78.3641,88.649
"CDCA2",1.8327,4.8834,3.0166,5.5218,9.8316,3.6066,3.8372,1.8755,8.9376,5.6128
"AMER1",3.5207,2.5643,6.6437,3.2346,3.0384,3.0522,1.1907,4.0545,1.9605,3.5428
"ZBTB40",8.9619,6.3703,14.9348,10.1052,6.7239,7.4571,3.5354,10.6793,7.5963,8.073
"H2BC21",12.9101,10.6974,19.8743,14.3516,11.7083,17.066,9.8801,16.4287,9.968,20.8215
"EIF4ENIF1",11.5212,11.6955,21.168,12.0733,10.8195,16.1725,7.1483,13.3927,9.7912,12.4267
"LRRC26",11.1242,22.3994,2.6464,1.9315,20.1354,3.7831,9.7598,11.0323,4.9155,11.6131
"RNLS",8.4126,5.9086,8.6833,6.2433,8.4703,10.9566,8.9678,7.1271,6.6005,6.2826
"FAM110C",18.0446,17.3795,14.4007,20.7117,21.0594,14.2224,15.4861,37.8839,28.6096,16.9831
"ATL3",26.417,34.1236,66.0943,37.4959,31.4562,44.9319,22.1723,43.9239,38.6913,36.6696
"NDUFA12",98.7335,90.3554,93.8096,77.5975,93.2719,145.0123,154.7261,94.4334,97.5787,88.4972
"TCTE3",1.5878,0.8477,1.633,1.7179,1.387,1.7089,1.411,1.368,1.8673,0.824
"UBE2G2",29.8369,35.8746,45.4335,34.2042,36.3166,40.7163,18.8505,45.1016,32.4773,27.0612
"OSBP2",3.9483,4.0113,2.8946,2.7714,4.1629,2.443,1.9691,3.1524,1.8878,2.872
"APOO",16.8371,15.6123,13.5355,12.7519,21.9195,20.4904,22.8373,16.3704,21.6166,15.0016
"TMED9",166.3753,218.1729,98.231,106.4209,228.075,137.3232,153.9409,181.7476,179.9275,172.2235
"TMEM186",14.6476,13.8404,14.0458,11.498,22.4979,16.6286,17.581,12.6149,14.9878,13.559
"SDR42E1",3.3252,2.2928,3.0256,3.3665,3.9972,2.924,4.0485,2.401,2.1633,1.8689
"BTBD6",70.4734,76.6749,74.4071,53.6623,90.8111,85.2348,70.7242,77.2025,63.9009,72.5077
"H1-10",122.7217,113.2747,94.7901,81.3909,109.3642,95.5212,90.4274,126.2469,83.9949,139.2952
"RBM43",7.239,4.2584,22.7124,7.7556,3.2378,14.9403,5.9648,6.8342,3.7757,5.3913
"SUMO3",137.4098,115.4511,126.6135,92.8926,116.3469,176.5799,179.2647,113.3551,101.5424,111.4939
"IMMP2L",6.5572,3.5177,7.5525,4.1554,3.2534,11.677,6.8294,7.426,2.8941,4.1997
"JAG2",5.5038,5.3382,5.4882,4.1221,5.5402,3.0301,1.0779,6.7857,7.3465,5.9237
"FMNL1",8.3373,7.8666,5.7813,11.8649,3.7814,4.1565,2.9072,10.297,3.0725,9.9386
"ZFP90",7.8358,4.5871,16.4323,8.1825,4.1684,9.8242,5.3486,8.277,3.8744,6.8432
"NOC4L",21.6889,35.7766,15.6579,14.9166,36.6293,16.3102,12.9298,26.8574,27.6158,21.874
"USP18",5.4289,3.7724,5.412,3.1623,4.8067,8.9705,4.4598,4.7288,7.975,8.1123
"NDUFA6",211.0522,189.9975,174.9369,170.2184,224.7849,330.2739,512.9096,191.5123,186.6585,179.3208
"SORCS2",3.3307,3.7406,7.5249,3.2793,1.1477,2.7489,0.5352,5.2954,1.1038,3.9795
"SIVA1",31.2729,35.2351,26.7339,21.6636,38.5725,53.3094,79.2705,36.8789,23.2069,34.8417
"DGAT1",87.9151,104.4385,52.0687,79.3587,158.609,59.6377,67.7343,74.7742,132.045,91.8663
"AP3M1",32.369,30.464,51.7383,29.6894,30.8457,35.6618,20.3728,31.947,30.924,27.5009
"F8",3.692,2.3991,10.463,3.4859,1.3235,4.9884,1.8273,4.4977,1.8298,2.8834
"UBOX5",8.2791,8.3494,9.4732,8.8557,10.6002,8.2135,5.0088,10.5679,7.7432,9.2059
"MAFF",24.1689,47.6487,3.2747,14.5798,9.5157,13.9127,4.4422,64.4465,11.0434,22.916
"BRF1",4.7589,5.6983,7.0051,5.0803,6.6551,4.4687,3.2423,6.9583,4.9949,5.5747
"SEMA4B",42.9887,98.12,49.9081,48.567,70.4669,38.8382,20.3809,73.9008,54.4807,52.3848
"CIB1",285.8658,280.9019,163.2648,263.2925,420.6212,315.0365,394.543,223.6168,378.3207,316.7599
"NELFA",17.2969,15.5614,19.0889,14.6278,25.0947,13.1681,9.6086,15.6264,15.3714,16.883
"INTS5",23.8512,31.1648,23.7647,22.6101,35.9419,22.9851,16.0024,29.6788,21.4921,29.6198
"RPS27L",28.234,25.3495,30.8164,26.6404,27.5141,52.4072,60.1305,27.8228,31.8121,27.2628
"FAF1",19.2532,23.1489,28.469,17.8119,22.8722,25.3031,16.2366,27.4845,16.2802,19.9664
"NSMCE3",11.8981,8.2604,16.906,11.4536,7.4198,18.9233,12.3557,14.7925,5.8191,12.312
"HSF1",37.9508,39.6171,44.802,35.1724,47.3996,38.8411,29.2901,45.845,29.9478,37.0428
"C6orf120",38.4322,31.159,39.9312,27.6516,33.7204,47.0594,37.0598,34.1149,29.2353,23.1867
"PURA",10.7226,8.0589,23.4247,12.1366,8.2192,15.5922,6.8837,11.2884,7.5637,9.0298
"INPP5J",7.753,6.4957,9.0409,14.9471,11.8669,6.6704,7.8619,9.2732,17.7601,11.5374
"LRRC37B",2.6684,1.3104,3.4202,3.2981,1.6741,2.2339,2.0158,1.9213,1.9933,2.0956
"DDX51",7.6227,10.1365,9.9635,7.7832,12.4934,6.105,3.1427,9.3286,6.8393,7.2603
"NOMO2",4.809,6.9332,8.9115,3.3561,8.4508,3.203,1.8325,7.2844,10.1713,4.1516
"SIGIRR",43.8325,52.3555,29.1289,44.6026,73.8218,33.9489,40.5211,46.0704,44.583,50.9837
"NRBP2",9.468,7.3935,16.6745,9.313,5.3523,9.8512,4.1515,13.4199,8.1744,7.3651
"IFITM2",101.0949,101.7601,69.0192,88.7542,32.6739,86.4141,80.4675,124.3122,79.3412,110.8645
"TNFAIP2",25.1495,25.626,27.4349,30.1881,7.3095,15.8629,10.0916,32.6802,7.6763,19.584
"ZNF445",3.3664,2.8678,6.999,4.1003,2.972,3.4726,1.2004,4.159,2.2363,3.5968
"TCEAL9",87.6416,47.3701,81.0402,60.5225,49.4745,110.6665,97.6553,78.4815,46.3228,47.8792
"RAB11B",128.0982,122.1823,116.8302,118.5229,159.6205,108.1071,87.0757,136.7345,125.6697,148.4174
"PRMT3",6.5782,7.0406,9.3697,6.7319,8.5382,11.0705,9.2006,6.458,6.6622,4.5659
"PRPF39",12.022,7.7967,18.602,13.5696,9.3222,15.6649,11.9548,9.2873,11.4738,8.4493
"ZNF74",4.5557,3.3978,6.7854,3.6032,4.6394,3.9809,2.6194,5.0549,1.9141,4.2775
"CDNF",2.6923,1.2784,2.9523,1.4155,1.015,2.8223,2.0241,2.0513,1.1632,1.1215
"NOTUM",1.6964,0.0547,0.1255,1.0602,0.0494,0.1064,1.7523,0.0545,0.1088,0.1063
"RBM11",1.0146,0.9675,1.317,0.5426,0.3662,1.7081,1.3202,1.1214,0.2015,0.4156
"IL3RA",31.1322,22.9788,20.3141,31.8495,16.6789,17.227,17.3285,23.8644,18.2573,26.1111
"CCDC137",17.3579,23.8049,19.5148,23.8378,31.3535,16.4518,14.4845,21.6899,26.0038,22.968
"SFTPA2",15.7273,6.7384,2.5101,1.9007,2.4765,10.3266,14.3895,18.0684,19.5818,2.9688
"CDK10",12.6476,11.8513,12.0149,16.5903,21.1212,14.7404,15.6655,13.3747,15.0084,11.0562
"SOCS1",6.4636,6.0871,3.2557,7.2939,2.1108,2.9335,3.2094,8.63,1.9843,6.8652
"TCN2",59.2328,58.2657,47.411,78.9803,59.2294,89.8987,66.4249,50.0939,79.4802,57.8478
"GAS2L1",14.0291,15.7368,17.0342,14.3395,20.9805,14.4628,10.1632,17.8122,21.4497,16.3115
"ATP6V0A2",3.9804,4.5129,4.5032,6.1833,5.2439,4.3953,3.7085,5.4423,6.1314,4.5669
"TEDC1",3.2477,6.6038,2.1427,3.5314,7.1757,2.5231,2.0388,5.413,6.8733,5.3098
"HGS",15.3925,20.4245,15.0993,14.0256,21.9695,11.4828,7.5767,18.0804,16.9228,16.8382
"TNFAIP8L1",8.9986,18.6713,20.6293,13.0123,12.6499,18.0174,5.8944,27.4525,11.0737,13.9941
"RAD51D",2.2984,2.1279,3.2832,2.3057,2.4934,2.4414,1.7827,2.786,1.7735,2.1827
"MAPK11",4.359,3.7533,5.3052,6.8099,1.3754,3.6627,1.5044,5.3559,2.9773,5.2233
"MRPL30",16.7172,15.9522,26.4062,16.5375,22.7567,25.4388,21.5443,18.8364,21.4077,15.8217
"TARS3",6.7925,7.0919,14.3019,8.0486,5.8955,7.7957,2.2171,8.97,5.8517,6.2684
"SMYD3",6.635,5.8296,7.558,4.4817,6.5401,7.731,7.8427,5.8649,4.6468,5.2446
"IFNLR1",13.2412,22.7125,4.7742,15.447,12.4995,9.1488,5.8239,17.0679,12.6076,15.0676
"ZSWIM9",7.5271,9.4403,12.4136,10.2494,6.2523,7.6842,2.2197,11.9276,6.5278,11.3443
"KPNA7",0.6792,4.7097,0.265,0.786,1.8093,0.6292,0.9992,1.933,0.9187,1.4663
"TMEM179B",56.2277,45.5796,37.0759,36.3121,56.0921,60.8729,83.8323,46.1015,43.1491,48.9415
"KRT6B",0.3983,0.2307,0.0794,0.0327,0.2712,0.1347,0.1728,0.4369,0.2065,0
"PARPBP",2.1249,2.3379,2.1761,2.0947,5.4822,5.1115,7.2616,2.754,5.7755,2.6315
"STAC3",4.6047,2.7934,2.4919,5.3678,1.8829,2.7805,2.2509,2.2781,3.5242,2.3452
"MUC1",124.5997,132.496,44.8637,78.906,202.5448,28.0372,21.5439,75.7071,288.4637,104.4299
"FAAP100",14.8082,19.621,14.0032,14.5929,23.2496,11.9765,8.8544,17.9857,16.4753,16.2001
"IRF7",16.9097,15.3078,10.4642,16.8711,20.6987,10.4767,11.1414,13.6577,18.6872,25.6117
"BRCC3",40.7869,35.6443,41.1288,39.4027,56.8794,42.5456,33.1763,40.4153,48.4885,30.4849
"PDE6G",3.6289,2.8611,1.0853,4.9531,0.7454,4.3185,5.7512,2.6102,0.2171,2.4513
"PRKG1",4.7197,5.0755,17.129,5.8662,2.0868,12.02,2.4248,10.5645,3.1007,5.2413
"NR2F2",35.5095,23.5079,82.0123,36.6757,24.9566,43.9201,15.8048,33.8283,20.4704,33.8199
"AHNAK2",7.9149,22.1494,60.0892,15.3841,2.8137,18.2581,2.0358,39.9501,3.2433,19.4463
"SP1",42.1389,40.664,70.6494,51.3127,50.8723,37.9983,19.7812,44.737,51.8976,42.8122
"MRPL40",36.3216,29.7791,35.4023,27.218,33.5495,56.494,64.0635,31.5687,28.3081,32.0482
"INKA1",3.2056,2.8272,9.6457,4.4483,1.8128,7.2794,7.5082,4.0478,1.0739,7.3455
"PDIA2",0.4101,0.475,0.4906,0.438,0.7516,1.0054,0.2372,0.5681,0.3898,0.3001
"PCGF3",11.6296,8.5532,14.3922,12.9555,10.8058,10.2631,6.2585,14.2854,13.7347,10.0804
"LMLN",2.3034,1.344,2.8816,2.3313,1.7732,1.3467,0.9686,2.6062,2.5708,1.4431
"P4HB",317.8255,399.7452,213.8804,202.9744,452.412,203.5032,205.2699,332.3958,439.5911,312.9678
"PSMD13",67.3389,89.831,69.417,62.3148,92.8601,99.9023,101.3947,81.5909,78.0172,75.9257
"PBX1",14.5489,14.8217,55.7677,18.5484,7.309,29.8151,5.5216,35.8068,6.7039,15.8986
"NDUFA4L2",5.8823,2.971,7.0694,3.3289,1.8309,8.5091,5.1974,6.1492,2.1744,4.5806
"ZFP36L1",191.71,78.5999,257.3039,247.8696,52.0815,199.1672,49.4606,209.5507,38.2218,158.2669
"UBE2L3",66.4205,81.0469,86.2449,70.2846,98.4447,78.7738,70.5735,74.2906,83.2025,80.5481
"BRWD1",6.8924,5.9339,11.9551,10.175,6.0457,8.4195,3.9343,8.1777,7.9186,6.1362
"PMEL",2.2592,2.0962,1.3357,1.4096,2.6217,1.8084,2.379,2.2794,1.9094,1.4423
"MYBL1",1.7523,2.0539,1.7805,5.9314,0.5439,1.4457,0.815,0.8993,0.5364,2.4102
"MOSMO",4.8973,2.9656,8.7878,5.8875,2.4659,7.3528,3.798,4.7824,3.0902,3.2722
"DRG1",58.2908,63.4153,66.9173,43.8675,72.9838,97.4838,100.0383,57.9375,55.2651,59.157
"ANKFY1",14.4371,12.7822,21.6194,13.1709,15.133,13.636,5.751,19.279,15.4032,13.0788
"YTHDF3",43.1736,44.9577,72.3831,47.9498,50.2588,61.7732,41.9489,56.8793,50.8885,41.9197
"IFIT1",11.8361,4.845,32.6901,11.7548,6.2334,44.2212,14.0942,13.3182,11.3345,20.1708
"ADAMTSL5",1.7305,1.6864,3.0042,0.957,1.684,1.5414,1.2083,2.3241,1.7725,3.0649
"MORF4L1",109.2893,95.5341,159.6944,90.229,75.4083,171.288,124.0005,113.5318,74.5824,95.1146
"WDR53",8.4764,8.0669,13.8875,7.9227,9.0312,16.0047,13.649,9.7198,6.8788,8.2153
"DMWD",10.4818,11.3632,14.1105,10.1874,10.3678,10.4568,4.3837,13.954,8.2421,11.1006
"SLC52A2",30.1794,51.7514,18.7134,24.7283,69.4082,24.1291,22.3686,37.2441,37.9598,37.7275
"PIGP",12.1152,7.4642,13.2804,7.414,8.6149,18.5453,15.5462,14.2946,8.4892,8.0946
"IKZF1",7.4636,7.337,5.1729,16.03,2.5676,3.5918,2.167,5.714,2.1477,10.0817
"PCYT2",17.2135,15.253,12.6771,12.4415,29.3387,14.4732,13.669,15.6352,28.054,15.2707
"BCAP31",201.2898,220.0558,155.0787,167.339,267.3775,174.4175,190.5363,207.6583,203.4852,208.5071
"GNB1L",1.2829,1.8614,1.2295,1.0239,1.7587,1.564,1.1666,1.81,0.7029,1.7652
"EVI2B",41.3036,23.7029,28.6083,46.1256,11.9048,29.3009,20.4885,20.2624,13.5332,28.677
"THNSL1",6.8164,3.684,5.77,4.3814,6.9881,6.2276,6.3455,4.3486,3.9888,4.2948
"TRIM69",12.5971,11.5427,21.1144,13.5616,8.4266,22.6247,12.9575,15.573,6.4999,13.4437
"IFITM1",105.4794,74.3169,90.0461,84.7449,58.4799,104.4387,117.2824,113.6045,97.5243,112.2814
"LAMP1",137.1334,192.4576,178.655,158.0973,182.367,111.6304,66.0014,189.7174,207.6128,181.3888
"POMK",4.473,6.6635,5.7834,5.4182,7.5155,3.624,2.2166,7.8007,6.5254,5.9189
"C16orf54",14.4958,12.6083,4.8749,14.7491,4.3922,7.031,5.7026,11.8672,4.9967,8.2984
"SETD4",3.3482,2.7759,6.0081,4.3721,4.6842,3.7548,3.9294,3.5223,4.1533,3.9663
"PTCH1",8.5321,3.9896,10.6426,13.3696,7.8294,5.8831,3.6275,9.4371,6.7,14.5946
"RNPC3",3.4867,2.3352,6.1901,5.2874,2.664,3.9624,2.8381,3.2604,4.3733,2.7512
"ZNF267",6.4044,7.174,5.717,6.5451,3.7746,8.6724,7.2683,6.6372,5.0564,4.1154
"IRS2",27.608,11.745,14.7275,19.4325,17.0019,9.2387,3.8607,31.1044,17.9831,20.7272
"BICD2",12.491,11.6197,29.4457,18.2598,4.6466,17.072,4.6469,21.2027,3.8833,14.2976
"TMLHE",6.1798,5.4544,8.4957,8.1209,9.4039,9.4646,7.4578,8.7196,7.2712,6.0597
"RASA3",15.8432,16.2913,28.4291,18.7573,8.4869,12.7444,5.803,25.428,8.1479,16.7341
"LRCH3",6.9489,6.5666,13.8577,9.1546,6.443,6.8879,2.9266,8.6184,5.4418,7.9884
"LEMD1",0.1468,0,0.0878,0,0,0.0745,0.0637,0,0,0
"NDUFA13",1.1664,0.4706,0.6076,1.0849,0.5319,1.0592,1.5422,0.86,0.7608,0.5147
"ZNF566",2.4053,1.7943,6.2343,3.208,1.6595,4.0429,2.1991,2.7195,1.7117,2.246
"CDIN1",1.8449,1.6426,4.8771,2.046,1.4283,3.3505,1.2504,2.9608,0.8797,1.7303
"CD300LF",8.1095,4.0789,2.8765,5.159,1.2665,9.0041,10.7978,3.7719,1.7234,4.7295
"GSAP",4.6048,2.1062,7.3846,4.9153,1.5021,5.1883,3.6145,4.4886,1.4166,2.5492
"CYP2R1",10.4721,7.1233,8.4804,9.1668,9.3573,10.6581,11.2671,6.5351,9.0609,7.2576
"ANKRD46",10.9678,5.9578,16.8219,9.1119,5.2388,19.2871,15.9119,8.9488,5.5685,7.4501
"PIP5K1C",29.6707,43.0481,63.5765,34.0887,22.1773,42.0726,10.365,63.7931,19.0574,42.9536
"CYP4F2",2.9425,0.7025,3.9822,2.9412,7.8243,1.5759,2.6097,11.9043,15.4437,3.1314
"ZBTB6",9.4579,8.9255,18.8001,11.2286,9.4414,17.5884,12.1292,11.9571,11.9853,7.8454
"POLR3C",15.4026,15.3638,19.4132,11.998,16.2064,18.2977,14.9117,18.068,10.8298,14.2089
"WWOX",5.8592,3.5989,7.2282,4.3783,2.8598,4.8242,2.8182,5.9571,2.7991,3.3925
"CENATAC",3.0999,2.3999,4.0779,6.146,3.1471,4.1863,2.9572,3.6556,5.5813,2.7269
"BCL9L",12.933,12.0197,22.4735,14.2168,9.0802,7.9817,3.6026,15.7573,7.1897,15.2046
"POLR1D",20.7274,18.3267,30.1395,19.1917,18.6321,31.1815,34.2449,19.8731,18.8377,19.068
"KIF18B",2.0304,4.5479,2.6938,4.232,9.1816,2.005,2.1502,3.5795,7.6769,4.7165
"ZNRF1",9.0002,6.5848,10.1041,8.5054,8.4122,7.9804,5.2026,8.0442,9.2699,7.7282
"FFAR4",37.1035,75.0982,17.8549,24.9921,63.4367,40.842,27.8386,40.1789,44.4204,43.9139
"SLC51B",75.7538,85.4538,88.6433,175.5226,159.7385,172.9971,329.4416,82.9446,226.8245,159.9394
"CYP4F12",17.0746,17.8181,19.2166,24.2118,54.2504,10.6459,16.2795,18.5719,28.8932,16.6417
"MTARC1",4.1567,2.1576,7.0874,4.5498,6.0058,3.0052,2.8464,4.4117,6.1087,4.5179
"BLOC1S4",25.4206,31.8029,20.4776,18.3396,33.3626,27.8162,23.475,24.4587,20.4606,27.4191
"MRTFB",7.8781,7.033,14.0759,8.0417,7.6135,6.2934,3.0506,8.9513,9.5822,7.6089
"ZNF17",2.9273,2.4579,5.0339,3.8075,2.3758,3.8565,2.5571,3.5765,2.2555,2.7189
"TOR3A",42.2213,53.6597,41.4252,35.7485,59.6614,65.6913,68.5313,46.9529,39.0785,49.8254
"PPP1CC",85.3118,76.005,124.7966,85.6148,92.0046,130.7067,97.0354,89.5175,111.9046,82.3087
"ZNF555",1.3598,1.0319,3.1142,1.7814,0.9275,2.4231,2.5765,1.4128,1.3915,1.1844
"BACE1",5.5195,5.502,11.2646,4.5051,3.3123,5.7683,2.4064,7.9062,3.0086,4.6378
"THBS2",8.2322,8.3077,18.2141,6.4893,1.0608,6.2689,2.2843,24.5265,3.1709,8.1477
"RXRA",31.4385,26.4377,35.265,34.0935,34.3067,24.4562,13.4095,36.5553,37.582,33.4963
"ANKRD37",6.7156,5.7507,2.7185,4.4468,4.4541,4.6795,4.59,6.6954,2.6729,5.7048
"NUDT17",2.4596,2.0189,4.2479,2.5004,0.7244,4.0234,2.4404,3.2262,0.8608,1.7134
"ZNF75D",6.5635,3.7352,8.3686,6.6538,3.855,6.4167,4.7599,5.9833,6.1532,4.5368
"CYP4X1",2.9979,1.7143,3.4742,1.3853,2.2958,2.4394,1.1378,2.5956,1.7486,1.5188
"NKRF",4.0289,5.8442,5.3418,4.8156,5.1264,4.6322,3.0291,6.1626,3.9341,4.7514
"KPNA4",17.0385,29.5682,37.3815,22.2734,23.3477,33.9395,14.8537,29.3682,22.4769,22.0314
"ZNF501",2.8664,1.8741,7.7152,3.6219,1.7069,5.8092,4.8488,3.2082,1.6212,2.7856
"ZNF197",6.2572,4.8484,11.0679,7.0853,4.8886,6.894,3.8306,5.9913,5.5997,5.3071
"RPS23",87.4108,138.9013,96.118,102.8003,93.8192,150.5379,184.4891,182.6504,67.902,145.3989
"GNG2",19.4383,15.7493,53.8535,16.9221,5.0281,28.7166,9.6853,30.053,5.2171,16.6047
"BTN3A2",17.2754,11.3333,25.9104,12.6867,18.0074,17.0741,14.8263,9.3426,13.2102,24.2846
"INSIG1",42.1088,70.7172,36.0394,31.9477,89.0055,51.9713,27.5876,106.5535,255.517,39.2301
"TMEM222",22.1257,27.8192,24.6097,18.6976,28.2555,29.5295,20.9119,23.4726,19.9689,24.0794
"ARHGAP30",19.798,15.5398,13.9178,34.4067,7.1966,10.4556,6.2049,15.4898,6.3528,24.3415
"SEPTIN10",62.7718,46.0547,126.6154,54.1176,45.6883,108.0122,63.3584,64.919,54.1491,43.6287
"CYP4F3",3.3796,2.4639,3.6784,5.762,5.9529,3.2318,2.6314,5.0271,3.1023,3.6864
"SMYD4",5.1483,3.9602,8.5658,6.1056,4.8029,7.1044,4.0858,6.509,4.8723,4.6774
"NF2",10.5788,15.9112,12.6881,11.8924,23.0137,8.4527,5.0758,16.6978,14.0961,14.3362
"SMIM29",20.2027,14.8827,22.5839,15.6632,12.9687,29.4548,33.5358,17.6429,12.1873,17.4828
"UBE2H",48.4332,57.8929,95.1042,60.5036,34.5113,58.1828,17.4324,75.3061,31.2137,46.8086
"HPDL",14.5268,52.356,12.7518,6.499,26.0653,13.3763,10.3613,18.5028,9.6773,15.0373
"KATNA1",17.8246,16.3655,28.0118,16.0345,15.6927,30.4242,21.5186,20.5378,15.4612,16.7331
"ARAP1",28.4195,19.3495,28.2033,28.5062,20.5347,19.4146,11.7999,27.7969,19.5034,24.1734
"KIF24",1.2713,2.3471,1.6699,1.6833,3.5085,1.4288,1.2434,2.3482,3.8385,1.9196
"PDE2A",10.4767,9.9146,25.9145,8.0867,3.3561,15.1438,3.3228,15.8447,3.8284,11.5642
"PRR5",6.7167,5.9067,4.9186,6.5397,11.6442,4.9403,5.287,6.2109,9.9936,8.3322
"ZFP91",62.6035,56.6575,80.6039,59.9265,60.9582,70.1264,36.1061,62.4222,67.0838,48.7856
"BCDIN3D",3.3236,2.0124,3.9347,2.5082,2.0537,4.3441,3.3199,2.3928,1.3943,2.4174
"LYRM7",14.9988,7.7186,24.6944,15.7828,12.33,24.407,24.3884,14.0003,12.907,9.8523
"BCR",15.8736,25.6037,13.9578,14.285,28.0343,9.7646,6.02,21.1559,20.4346,17.3328
"SPIN2B",6.9672,3.8108,6.4367,4.1311,6.2741,7.1906,5.8795,5.3753,2.3605,4.718
"HYAL3",3.4446,4.8861,2.8349,2.0297,4.0277,3.0346,3.3027,4.6551,2.2156,3.2016
"CXCR3",5.9918,6.3024,4.2221,7.363,9.3348,3.4556,3.8806,6.1115,4.4258,6.2098
"ZNF397",7.0263,4.3625,11.9367,9.5339,5.3717,7.3741,4.1911,7.622,6.6919,5.9466
"ZSCAN30",4.718,2.6065,7.604,5.7196,2.9433,5.9235,2.7651,5.2858,3.1136,3.058
"TPCN1",32.5402,25.6677,31.4626,35.2478,33.0791,21.0857,14.2788,39.5389,36.0423,25.8862
"LILRB4",8.5013,4.1369,3.2792,6.2377,1.6389,6.0273,3.9284,3.3791,0.7388,2.7
"TNFRSF4",2.8401,3.1144,1.1148,3.2809,1.8124,1.5756,3.1567,4.6413,1.9787,4.0168
"HEXIM1",38.141,48.8517,48.1402,54.0081,43.0348,35.9272,16.2022,58.7692,32.679,55.3351
"POFUT2",9.1511,7.0655,11.6333,9.1752,6.5855,9.3893,5.9595,13.4353,7.448,7.6697
"ERCC6L",0.8796,2.5914,1.7466,2.0636,4.7529,1.4277,1.6481,2.0104,4.0677,2.6736
"TMEM17",1.7237,0.8361,2.5418,1.2113,0.6756,3.0645,2.3762,1.7732,0.876,1.2797
"TNFRSF18",4.2086,3.4676,2.805,4.8007,3.1355,4.2085,5.9458,6.5797,3.3665,6.0107
"RTN4RL2",0.4443,0.1764,0.4935,0.219,0.4187,0.2575,0.1376,0.4396,0.2962,0.4287
"ZDHHC17",8.2783,6.0341,19.8824,9.904,3.6066,12.7206,4.4595,10.6399,5.7358,6.7573
"ZNF395",33.0678,26.9156,44.8725,31.1665,32.1837,30.6322,16.3328,30.5379,17.6404,32.0483
"PPARA",17.5734,13.5772,20.4071,19.3465,17.7074,13.277,8.4047,18.1581,23.1979,12.3394
"EMID1",4.7438,6.1479,3.4652,5.711,3.6006,4.0086,3.3186,6.7497,3.0527,8.5287
"ESPN",11.644,9.158,8.3103,18.4204,19.6909,9.1438,9.5831,10.9938,27.4576,15.741
"TMEM216",25.035,16.1089,20.0017,15.1014,17.7182,26.3142,38.0256,18.2481,11.6679,16.3006
"RPS19BP1",35.3926,44.3873,38.7429,32.9936,49.0227,52.4628,66.4527,40.3638,31.4665,43.726
"TEAD1",21.7725,38.1673,91.1144,28.9136,13.5385,55.4895,8.0415,59.0576,11.8487,34.0779
"PLCD1",29.541,18.0797,36.0074,47.1658,60.7802,37.0602,28.9407,35.2354,67.8269,37.7355
"ENTPD5",77.6991,68.4545,65.4346,88.9066,121.4086,45.2589,41.4835,68.1749,120.2828,74.8632
"MITF",7.5657,6.7572,24.0198,7.6898,2.0345,18.3532,3.1704,13.6559,2.2162,7.5865
"NAP1L1",38.1323,30.3987,66.7796,44.6391,20.8594,63.2978,36.9047,39.5003,23.3874,36.5527
"LILRA5",7.6971,4.5463,1.4835,1.8548,0.7792,9.9342,5.9353,5.8349,2.1284,2.9174
"CMC1",6.6019,5.4547,5.2159,5.5783,6.1905,10.2891,17.8234,5.7838,7.2972,5.3025
"LYPD6",3.6879,3.5663,4.8161,1.6965,3.6593,5.7054,7.1715,3.0652,4.6367,2.9167
"RNF220",13.4367,13.8683,15.7404,11.1434,14.3148,13.9886,9.033,13.7089,11.7136,13.8971
"SHTN1",16.3659,11.6212,15.3094,14.916,18.9744,14.4296,11.9213,12.9051,20.5394,10.953
"TSPYL4",20.318,20.6355,38.1927,18.246,11.8053,25.3566,10.2853,29.7724,10.9454,19.2942
"MT1X",80.029,26.5037,21.3845,31.5796,12.7892,159.5318,62.2213,14.1593,32.0716,25.346
"GCNT1",12.2802,10.9345,11.5317,9.9342,17.4029,10.1228,9.3871,7.9528,13.0108,8.7714
"SESTD1",7.9732,9.1534,20.9758,9.7818,5.5783,12.9554,4.8359,12.9804,6.3919,9.5045
"FNBP1",58.0217,64.9104,160.1673,83.9916,22.5889,94.8229,22.9002,113.8369,25.8966,83.0512
"BCAM",31.5836,29.8706,35.819,21.3308,14.7303,23.5186,12.7751,43.756,16.8086,31.8678
"EPOR",4.404,1.6739,3.8918,2.7419,1.9194,3.1492,2.5206,3.1479,1.8541,2.5331
"CIDEC",16.4007,18.6662,10.6338,14.6814,18.5201,10.9163,5.31,7.8313,17.9499,17.5661
"TAF9B",26.8967,19.9197,60.1624,21.7035,13.6935,56.0933,25.9101,29.2027,13.3561,22.0441
"CHP1",142.3247,203.466,163.8585,224.574,322.943,135.5988,123.2085,192.1768,435.099,205.8466
"FPR3",29.8806,24.2856,22.5984,15.3151,9.7792,34.702,23.3291,29.6546,7.556,22.7909
"KCNJ11",1.3197,1.6407,0.9986,1.3401,2.3678,0.7017,0.869,1.2885,1.6075,1.7883
"COL4A1",27.2056,56.801,105.8156,43.4905,12.7815,33.1563,8.7938,103.132,11.8625,54.4526
"GJA4",12.0234,4.8891,14.0636,12.028,3.8334,9.758,5.9491,8.6672,2.9553,13.6567
"PTMA",753.3058,637.9506,570.4076,512.2179,841.3076,710.2355,770.9922,647.0896,599.7376,530.995
"HSPA14",18.2232,26.9319,18.0854,18.5161,26.7134,32.564,31.1314,21.07,22.7708,17.5775
"SIRT7",12.4245,10.3447,9.8507,15.5717,20.4146,10.0472,11.5094,8.8617,20.3328,15.7784
"IFT140",8.76,5.0291,7.7134,5.374,8.9475,5.5877,3.7344,8.2681,6.5399,6.3682
"USP7",47.4284,59.9843,69.045,60.9409,75.8007,36.8504,19.5649,65.3338,54.7493,56.3776
"NANOS3",0.6703,0.215,0.4626,0.5337,0.0972,0.7846,0.6039,0.4286,0.0802,0.7314
"NHLRC1",4.2567,3.6064,4.2888,3.3322,6.7152,4.0527,4.1172,4.2334,3.6822,5.0511
"MAGEH1",42.3115,43.6598,59.9265,29.7653,21.0066,77.8445,53.4003,52.0834,15.6826,43.9475
"TET3",9.2081,8.2088,8.2615,9.8957,11.7308,4.3654,2.4688,11.577,12.6565,7.433
"ISG15",70.2752,53.7734,58.5172,54.4765,43.2523,139.5745,69.3484,61.9028,62.6962,151.343
"EXD3",5.3869,5.1382,4.2599,5.7677,9.153,4.0424,5.0494,5.1217,9.3308,5.2539
"C17orf97",2.4608,3.9746,5.7302,4.4164,6.7986,4.888,1.5155,1.9907,2.4543,5.101
"ZKSCAN4",3.1066,2.3342,5.6257,3.5509,2.6585,4.7128,4.0796,2.1682,2.2529,2.6263
"DHRS4L2",12.7359,18.4034,14.0971,15.3891,28.8739,22.215,16.7569,14.7468,21.2268,18.485
"B3GLCT",6.5607,8.1286,9.7128,7.6543,6.2472,7.6717,5.3301,8.4298,5.2861,6.0433
"SPRY4",8.2924,10.0934,15.9259,7.8489,10.1304,11.8027,6.4015,17.982,10.2025,17.5842
"TRPV2",10.2008,9.6745,10.5987,10.5607,4.9705,7.9104,7.6074,14.7624,5.2029,11.6642
"C2orf88",34.5571,24.261,37.6659,58.924,43.4193,67.387,76.4817,24.2888,92.7554,46.2217
"THSD4",10.3579,11.6915,6.4533,8.9613,8.6983,4.0677,2.2687,13.716,8.4207,7.7801
"TCEA1",43.1531,35.8564,65.8757,47.7094,30.4656,69.2909,37.5267,41.909,32.2648,37.6143
"NHEJ1",7.2183,2.705,6.0781,6.3791,5.4427,3.3679,3.5817,6.9685,6.6928,5.1454
"FANCA",2.1872,3.016,1.7464,3.621,5.3016,1.7119,1.8247,3.4032,4.0124,2.81
"SECISBP2",17.8251,13.5074,15.49,17.0755,17.5974,12.7492,11.9687,15.3181,17.5422,12.421
"SEMA4D",7.0263,6.3787,5.978,10.0119,4.025,3.7556,2.4484,7.4011,4.2137,8.625
"MCRS1",47.7723,57.8219,43.0016,44.1439,72.4864,56.5068,60.7405,54,52.5098,57.0479
"FANCM",1.5443,1.2589,2.3614,1.3772,1.7104,2.0208,1.3292,1.6357,1.6356,1.4795
"ZNF70",1.8425,1.2395,2.6344,2.2251,1.8058,1.8208,0.9743,2.0744,1.3701,1.7702
"CARD9",1.2472,0.6341,0.846,1.2032,0.4659,0.7869,0.7521,1.0666,0.4258,1.2098
"PEAR1",4.1639,2.2853,10.2323,3.5281,2.3964,3.6308,1.9539,6.1734,3.1237,4.5365
"H1-2",171.8564,122.9066,82.1595,207.5406,236.7912,169.8898,221.904,73.7093,153.4907,217.0663
"EIF4EBP1",89.4987,94.6141,56.3023,53.2437,150.9747,83.8642,121.8833,66.9428,89.6836,74.6123
"FAM122A",17.296,14.38,21.8814,14.2799,13.4481,20.5569,10.1206,26.4163,10.9597,14.7294
"DMBT1",85.9113,7.8106,5.9285,22.5223,14.7144,2.5965,11.7448,14.7241,88.1893,20.295
"CYHR1",9.8171,7.178,10.3584,10.3753,10.9011,9.1961,7.498,8.8422,10.3633,10.5537
"COL14A1",51.0786,55.403,102.8064,40.6879,21.8353,27.2809,9.6735,87.0753,27.8929,39.299
"KLHL17",2.7104,1.4048,2.1228,2.6792,1.3973,1.7774,1.8511,2.2715,2.1661,2.1242
"RINL",5.3963,3.2105,5.1136,5.5049,2.6402,7.5658,6.801,4.3467,1.9428,4.8289
"S100A3",1.7567,5.1774,3.1522,1.7018,1.4844,3.5949,2.207,3.4615,1.6017,2.762
"UBQLN2",35.3195,36.927,62.7524,38.0728,34.953,36.5678,18.94,46.8398,28.617,39.4866
"RILPL1",1.7273,1.6963,3.7742,1.5898,0.4707,2.0563,0.711,3.0887,0.7128,2.0836
"ARL4C",29.6005,30.4065,12.7585,31.5967,7.9134,25.687,7.0047,45.2141,8.9415,27.7828
"C11orf95",8.385,7.0437,19.4722,10.5496,3.0353,11.782,3.6332,14.6916,3.2239,10.5528
"GPR89B",1.0454,1.1101,1.1045,1.1558,0.8656,0.7285,1.0171,0.8933,0.8055,0.8217
"AGRN",25.3132,33.3866,21.1268,18.2774,34.598,10.6978,7.035,32.3937,33.2756,32.9158
"NHS",1.8335,1.6859,6.1752,2.5621,2.1397,3.0529,0.8431,3.3112,1.9858,1.6778
"SMTNL2",1.0271,0.4496,0.4423,0.486,0.3679,0.9065,0.9088,0.6616,0.2237,0.6452
"ZC3H6",2.7458,1.206,6.4687,3.4728,0.9766,3.6199,1.4045,2.6778,1.9205,2.5241
"LAMTOR4",166.0668,134.8612,100.1014,113.927,172.4922,208.3391,474.8163,132.8413,139.9361,141.6311
"PRKAR1B",23.3789,26.6267,23.9169,16.421,19.3087,18.2109,15.0854,29.3224,18.2614,24.1254
"NCR3LG1",4.6989,7.0505,4.1943,2.9,6.1339,3.9833,2.1666,8.3086,8.7157,2.4495
"DCUN1D3",5.3138,6.4006,6.6114,5.4481,3.7273,5.3699,2.8873,11.4926,4.5592,5.7824
"TUBB4B",411.9757,1337.6074,401.5098,475.2332,1237.4548,491.8068,364.9046,873.6491,805.0272,811.4531
"COMMD6",83.2472,60.6514,102.3628,65.7599,53.8989,156.381,143.5408,73.6471,52.078,74.9423
"PLA2G2A",2108.7605,881.0259,297.3175,123.4247,913.8751,935.6732,1790.9693,307.8429,823.4588,436.7336
"HYKK",1.5354,1.4236,3.1395,2.0459,2.2968,2.608,2.1024,2.3464,2.5686,1.6462
"ZNF383",3.1594,2.0377,6.8422,4.1168,1.9966,5.7563,5.7572,2.9304,1.977,2.4592
"LRRIQ4",1.2269,0.6103,1.2008,2.7212,1.0775,1.1881,1.3788,1.1009,2.5589,1.0171
"CENPP",0.4755,0.6323,0.7257,0.6142,0.8448,0.7818,0.5263,0.8631,0.9436,0.8196
"PLSCR1",59.8106,57.3531,55.1603,59.4527,67.9549,85.8606,74.0025,47.6383,71.7573,47.3528
"GTF2F2",21.7866,29.0812,28.3006,20.7739,25.6976,37.9873,19.1447,24.792,23.5651,23.0767
"CIBAR1",3.3423,2.6968,8.1525,3.6431,1.9664,8.0832,4.1705,4.0928,2.3911,3.31
"PRR19",0.6133,0.3299,0.497,0.3803,0.5967,0.572,0.4891,0.4933,0.4308,0.5212
"ZP3",5.1077,3.1188,3.7619,1.4091,8.1732,4.6983,4.34,3.584,2.4308,4.345
"C10orf99",767.7977,397.379,469.4769,608.6565,1086.4211,699.291,1136.8145,495.2206,1262.4372,705.0784
"PDCD1",2.7938,3.7223,1.0026,4.5262,0.5037,1.3678,1.138,2.4735,0.5668,4.9477
"SELL",16.3967,15.7685,10.0417,48.6837,3.2174,16.9179,4.709,15.5433,4.6133,30.6574
"CHM",9.9777,6.9845,14.1604,7.6253,6.1324,14.6272,9.8852,9.6256,7.1777,6.0851
"BLOC1S5",11.1714,7.2314,16.4417,11.0811,10.2817,16.9762,16.6881,9.1827,10.0941,9.7069
"H2AX",38.3813,106.1994,31.6039,46.1587,175.5495,50.9605,68.508,65.9478,80.2204,97.5444
"INSC",2.4217,2.0163,4.1865,2.4018,1.2665,2.9436,1.8638,2.7615,0.6431,2.8278
"C19orf54",12.5859,9.5227,13.2373,13.9326,15.1525,8.2377,6.6006,12.793,15.5041,12.6836
"FAM83G",12.8789,24.1714,9.3327,15.9579,24.9941,6.9943,6.3617,26.4914,23.7635,18.3919
"SRSF10",21.898,18.4192,27.4086,22.3827,21.1291,23.8774,21.1167,22.1131,23.4041,16.8957
"HBA2",6.5297,61.5109,11.6063,40.3514,14.8632,59.5238,75.1875,50.2407,38.8048,28.2123
"NBR1",95.0321,52.1458,116.4718,95.0819,81.1086,71.3788,42.566,88.2566,81.963,68.4829
"RALGAPA2",23.1387,21.8252,21.1642,21.3137,33.8649,10.6876,6.9824,26.9301,32.3239,17.4012
"NDOR1",10.6701,10.8971,10.0568,13.8386,16.1856,6.6424,5.9371,12.3177,13.6069,11.3393
"SUMO2",95.7704,77.905,116.7787,86.2411,71.9222,154.2326,109.6321,90.0959,77.2504,78.1987
"DPYD",12.7806,9.8068,27.3433,10.5002,6.1408,20.7963,7.0836,18.5856,4.767,8.889
"S100A16",282.2115,701.2223,153.2155,185.7313,617.1391,274.8573,371.3179,394.8964,329.1588,336.1428
"PTAR1",11.0436,8.0482,19.3616,12.5917,9.9463,15.5714,10.134,11.5387,12.9995,8.3082
"PARVB",6.0914,8.3887,8.8461,6.2365,2.131,9.7007,3.6348,10.4881,5.0008,8.47
"UROS",9.1168,7.4636,9.6847,7.0455,7.643,12.715,9.75,8.5031,5.9773,6.8209
"ZDHHC9",40.5761,44.1468,29.0821,26.235,57.6767,28.2703,26.6905,41.1275,40.6394,31.5244
"ZBED6CL",6.4073,6.0732,6.4816,10.6386,9.6661,6.0058,5.1997,6.0537,5.9551,8.7161
"TMEM120B",2.3274,2.9161,2.7373,3.0046,2.6369,2.0094,1.0514,2.8441,2.1102,1.9978
"NOXA1",23.2252,13.3857,15.5261,22.2215,21.6039,14.0906,19.1996,13.9104,27.0582,18.3649
"TMEM198",2.2132,2.3275,2.3048,1.5194,0.8567,2.5861,1.4914,3.1412,1.6905,2.0623
"PRELP",51.0849,65.7096,151.7376,70.2102,11.3442,89.911,15.478,127.2253,11.8947,73.5222
"MTF1",9.6161,11.3059,13.0901,12.0503,10.2473,6.9768,3.6925,13.3697,15.6017,9.6595
"TMEM201",4.2398,9.3101,5.9711,4.5968,10.3307,4.453,2.3645,9.4394,4.9262,7.3276
"SLX4",2.2927,2.2354,3.0723,4.2574,2.6411,1.7309,0.9174,3.1761,2.3959,2.7913
"ENTPD8",75.3017,70.6998,34.7796,90.4158,108.5757,56.9931,71.7831,49.6814,102.5686,105.8945
"RPL14",211.8242,171.5738,198.3308,128.4414,170.1012,274.0483,306.0517,182.7042,131.3507,160.7859
"FBF1",0.6888,0.4813,0.6656,0.9402,0.6992,0.6911,0.3546,1.0303,0.8006,0.6596
"MSL1",28.9835,20.2157,35.24,35.3485,25.9499,28.6804,18.1493,31.4763,29.0798,26.0799
"GJB3",29.0952,104.8731,6.7341,14.1919,43.055,31.77,22.6486,69.2197,8.8229,32.0595
"TRMT2B",14.3094,11.0128,14.0671,14.7128,21.1124,14.3764,14.5985,15.0367,16.8247,13.5061
"HACD4",5.9662,5.1002,15.4351,7.5066,1.8447,12.5564,6.642,10.0693,2.2919,5.3185
"CFAP126",27.9071,21.6104,50.6671,21.8006,24.3177,28.8452,13.1039,33.713,28.358,16.606
"NOC2L",31.4673,52.6109,30.9716,26.637,61.7002,26.0271,14.311,47.397,35.643,36.925
"DHFRP1",0.8202,0.7599,1.7988,0.6738,1.8897,1.8028,0.5929,1.8937,1.701,0.4617
"NELFB",94.4663,106.8057,95.2643,93.0637,135.9167,89.3634,74.2501,97.2514,107.6271,114.0892
"ZNF292",6.7429,5.8384,14.1048,10.1276,6.1614,8.7949,4.8711,7.5114,7.4008,6.3946
"KCTD21",5.649,5.0182,10.8968,6.5495,4.816,7.5607,4.7947,6.1092,3.7343,6.5954
"ADAT2",2.5624,1.6453,3.2516,2.5329,2.5886,1.7234,2.2106,2.3019,3.0057,1.4918
"ZNF567",2.8578,2.4729,5.5924,2.8703,1.4433,5.0379,3.4801,2.6778,2.1135,2.2291
"NDUFA4",140.2753,129.397,142.6271,107.2581,116.5347,270.127,400.7284,133.8435,104.2624,127.1449
"ALKBH2",9.8995,11.0605,13.0933,6.875,10.3159,15.8428,15.3133,10.0542,5.9169,10.5491
"APOD",56.7132,29.2285,147.8799,21.0488,7.2426,80.512,28.9158,49.2117,11.6389,21.6992
"H1-0",506.0024,478.849,514.2002,450.4944,499.9385,418.6624,279.3289,461.5233,493.7193,441.2023
"LITAF",164.1013,242.0667,132.6018,190.6155,227.0037,148.2534,128.36,170.2656,195.433,176.9503
"ARID2",6.8242,7.4777,12.374,8.57,6.4677,6.7734,3.3951,10.4841,7.4872,6.3594
"SF3B3",25.9478,40.5732,35.5979,27.5991,40.3387,20.242,13.7321,36.866,30.3973,30.8897
"BLOC1S3",7.5902,9.9405,11.3996,8.6798,13.0562,8.3584,6.4798,9.7674,13.0265,10.0913
"SP6",2.67,2.3235,2.3729,4.395,4.4276,1.1307,2.9663,2.9834,9.7163,3.6624
"PLAC9",21.4867,24.4087,35.8281,25.2108,12.0425,38.9483,44.1043,37.0501,14.6975,31.9286
"CLDN4",573.9014,1093.6488,198.5354,607.5485,914.8802,398.9341,337.4562,844.4398,603.6078,852.1236
"JPT1",82.2038,139.5622,55.7713,115.1385,176.2291,95.9118,120.4159,93.7986,159.8263,134.2144
"S100A13",11.7244,10.4235,13.6543,9.3821,6.2186,17.8062,22.2562,13.3994,5.6139,12.6717
"ZNF33A",14.1821,10.4342,26.0056,19.5234,12.228,16.7636,10.4174,14.2649,15.5075,12.9679
"PCDH18",10.3472,5.7817,49.7264,14.748,6.571,16.6383,8.14,11.7875,4.5865,17.6102
"MAOA",238.9872,221.6971,211.534,271.9085,324.3015,190.5083,139.6552,189.5688,351.2983,186.8465
"C15orf61",2.0266,1.71,2.4243,1.8234,2.0819,3.4918,3.2231,1.582,1.4844,1.847
"TSPYL1",28.2211,31.5479,46.5163,30.7481,32.9064,36.5304,15.6371,42.2836,27.767,28.7483
"PNRC2",129.4886,122.1313,145.3416,121.4857,133.6185,162.0012,137.3066,130.684,114.8858,104.1152
"FHIT",3.409,2.3096,2.5202,2.1978,2.3712,3.1747,2.0316,2.6068,1.9089,1.8998
"ZKSCAN3",3.3404,2.0338,7.2309,3.7319,2.8485,4.1794,3.022,2.6442,2.6391,3.2235
"RRP7A",8.8928,31.8971,13.4073,14.4975,41.2677,9.901,16.3283,21.0415,16.7513,14.8426
"LIN54",7.2852,7.4208,11.207,9.1348,9.6996,10.1115,6.9702,9.2598,10.9331,8.3436
"S100A14",525.7526,785.9757,289.2013,433.1552,943.6823,409.8866,662.745,505.4136,745.2885,542.8641
"KAZN",2.7677,4.2028,2.1106,1.3968,2.425,1.9912,1.1431,2.3448,2.2354,1.7765
"GSPT2",8.9074,10.8444,21.7152,12.3884,9.7716,13.4434,7.7429,13.8248,6.4163,12.4099
"HMGB1",84.8023,83.2995,115.9059,91.9293,91.0764,154.1163,125.4998,98.368,91.254,85.7783
"RASSF10",3.1794,2.5565,1.5322,0.7253,1.0788,1.9076,4.4446,0.5097,0.6782,1.712
"GJB4",0.6703,1.3606,0.1266,1.1998,0.665,0.5369,0.1377,0.3665,0.1097,1.0009
"BLOC1S2",23.1005,24.6619,25.2792,24.247,24.2797,42.9817,42.9713,20.0369,19.4898,21.3496
"IL1RAP",1.2562,1.4655,1.8824,1.2905,1.0261,1.7439,1.0725,1.7264,1.0969,1.1969
"TDRD7",29.4751,20.0492,38.7861,29.5071,32.9342,38.5379,40.5777,23.6746,39.923,28.2579
"KIAA0895L",5.187,3.597,3.1535,6.6462,4.5977,3.3712,3.16,5.9093,6.7923,3.8636
"HLA-DRB1",690.2054,581.8503,783.6707,814.2127,355.6788,1123.6519,748.6086,991.3912,224.4338,991.169
"AKR1C3",80.0561,31.3222,37.1637,57.8785,68.0879,74.0726,126.0884,33.4679,38.2314,25.7895
"ZNF250",3.0468,2.1508,5.1814,3.5325,2.2386,4.2254,3.1447,3.4893,2.348,2.7995
"WDSUB1",16.1046,8.9283,20.2691,13.9992,13.2903,21.7624,17.1103,11.84,13.8297,14.9729
"ZNF79",5.0014,4.4288,10.8807,6.1847,4.6096,8.1495,4.0027,6.047,3.3733,4.6192
"S100A4",256.603,235.7493,438.5136,191.2682,151.3033,521.5083,509.2283,327.2518,199.8552,270.5883
"PLEKHG4",4.4284,3.2318,2.7319,2.1279,4.0428,1.8301,1.4745,4.572,3.5251,2.1343
"FAT4",2.8263,3.5851,14.4111,4.1686,1.49,5.1027,1.1251,10.2851,1.2667,5.3465
"ACADSB",35.4987,19.7271,37.9643,22.1129,22.5056,34.2965,28.7214,24.7069,26.9975,14.1922
"STK40",53.1018,98.3923,59.4073,46.5274,74.7319,56.2852,25.9709,81.1455,41.5374,64.5186
"CTSE",65.9607,57.1396,16.2963,55.5555,36.7729,49.7513,43.3807,16.5978,34.1246,40.6485
"SEMA4A",9.5928,8.3833,5.6703,10.3909,5.9567,4.9116,3.9259,8.1375,2.9023,10.1468
"MPHOSPH8",36.332,26.2849,59.198,46.1886,33.4022,38.7686,17.879,39.4621,32.0085,33.6483
"ZNF766",5.2203,4.6795,8.7929,6.0312,5.3664,5.8149,3.2697,5.2285,5.1534,5.0427
"FAM217B",8.2583,4.5263,17.3027,9.6036,4.1643,14.6011,9.685,6.3834,5.9433,6.9171
"TUBB",252.3997,471.7235,469.092,321.0161,424.3377,311.7776,182.587,444.9612,327.1552,452.4027
"LCOR",5.3821,9.3948,6.8344,8.7203,10.1856,4.8948,2.8444,6.9498,12.9021,7.6302
"SUPT5H",48.1432,59.8549,53.1964,47.1948,57.6315,37.5122,19.8917,54.9303,46.2409,47.9978
"XPNPEP3",3.0224,2.9617,3.6665,3.3754,4.4234,2.5101,2.1811,3.8422,3.3851,2.6365
"PPIA",130.4698,128.99,111.3679,96.6275,155.44,143.3805,206.9072,129.5739,138.644,128.9931
"SUPT3H",3.1313,2.0613,6.1058,2.3079,1.5807,4.3666,2.7878,3.5454,1.1007,2.6423
"NIF3L1",38.0863,28.0818,36.1434,29.7082,40.8839,42.3587,51.2892,27.779,38.2476,29.2151
"IARS1",36.2683,45.6094,50.7399,28.3666,49.5462,35.2256,23.9239,51.763,37.2049,33.15
"POM121",10.5134,13.0235,11.2242,8.8505,11.9818,7.0244,4.3667,16.91,8.5918,8.8396
"CD55",35.7721,57.9832,49.8069,30.3175,23.9074,41.4293,26.818,96.0392,31.7533,31.1399
"WDR5",27.0651,42.9304,35.3411,27.2545,51.7727,31.124,18.011,36.9291,36.1803,36.0861
"LONP1",42.5509,53.0259,38.9851,33.0836,67.0799,33.2147,19.0492,55.3375,40.627,45.433
"TRRAP",9.9377,14.6654,13.9052,12.3335,14.0425,5.636,3.1167,16.0466,12.7713,11.3875
"FUT4",16.345,25.8356,14.4083,9.5606,28.7583,17.8738,10.4812,23.3065,22.7554,16.5701
"ASB13",47.3133,28.2208,44.5347,58.5222,64.3239,50.1063,60.639,28.4648,53.4853,50.5357
"PTPN1",38.2739,60.5897,47.1658,50.2751,52.4471,38.9814,23.6059,64.5859,50.9824,46.3941
"EVL",9.8806,7.8773,10.1861,15.0916,3.5272,8.1426,4.0095,10.2252,3.0389,11.0506
"THEM5",1.799,2.1496,1.4173,1.6869,1.6543,1.0683,1.4845,2.8265,1.092,1.4227
"EPHB4",37.2521,33.97,34.2534,25.1486,57.2198,28.7108,18.1868,47.7896,28.6696,34.2413
"XRCC6",292.3134,344.5917,322.9056,242.6358,358.4257,359.7916,289.1097,366.6017,260.7493,301.0553
"S100A5",0.7797,0.8128,1.3992,0.4804,0.8574,1.1866,0.5073,0.4726,0.6064,0.6584
"PPP1R26",18.6131,16.8995,21.6174,17.3879,18.3483,12.2118,7.1199,19.9368,15.2893,16.856
"TSC22D2",9.1974,14.5028,10.0918,13.0193,8.5083,8.2594,4.2922,23.2549,8.5781,11.6535
"ZNF569",2.0922,1.5985,4.5561,2.4329,1.0625,4.111,2.2599,1.9943,0.7267,1.8832
"ARMCX4",1.7018,2.3028,3.9644,2.7308,1.0286,2.2297,0.7895,4.4917,1.3294,2.1148
"YRDC",28.5869,33.6758,17.5605,20.2589,27.5411,35.7824,31.0286,38.7514,23.4542,26.6193
"ZNF777",17.6343,20.4899,19.568,14.3913,21.3283,15.7145,8.8819,21.0914,13.1148,19.658
"PIK3R4",15.7843,18.062,24.8892,16.8674,18.2523,13.9559,6.5094,23.4473,16.5786,17.0302
"ZNF605",2.2634,1.1428,4.6104,3.0477,1.4592,2.7139,1.4022,1.9752,2.3714,1.9215
"TRAPPC2",5.0969,3.7301,8.113,7.1789,5.4407,8.1622,9.8453,5.3475,9.2123,5.8575
"MYL6B",13.4745,8.5865,13.3796,10.2164,7.7938,14.51,11.5535,11.3198,5.9326,10.4853
"ZNF799",1.935,1.3446,2.8934,2.28,2.1467,3.6192,6.0454,1.6544,2.8529,2.1954
"SIAH1",3.9914,3.5331,6.5061,5.3951,4.2071,7.059,4.2819,3.6009,5.4145,3.7819
"NCOR2",35.2359,41.6287,49.3469,34.9773,35.368,23.0873,9.6293,56.1442,38.1422,41.8563
"SULT1A1",8.2324,12.218,8.3847,11.4984,23.6224,8.9873,22.7165,6.7925,36.5974,16.7033
"PRPF40A",27.5085,31.6258,36.2968,28.8984,34.4469,31.6187,20.0957,31.1907,34.0817,23.2581
"GDAP2",3.9348,4.552,4.8291,5.3945,5.2653,4.3392,3.7168,4.4263,6.3545,4.2134
"TCEAL3",27.472,24.3499,37.4775,19.8044,10.8737,41.4009,13.4881,28.5425,9.2474,24.8351
"ANAPC7",11.8945,13.4229,16.6884,12.9622,16.9159,15.9326,10.5354,14.3662,13.0548,13.8818
"TPK1",4.3328,6.7554,3.7575,4.0243,7.4906,4.1415,5.0334,2.4452,7.875,4.2496
"SLC6A9",8.2399,17.1469,14.6812,16.1737,17.9016,8.2262,6.5798,18.7151,23.8365,22.0675
"AFAP1",4.6091,4.4232,8.4801,3.7004,4.1288,4.7041,1.7504,6.8244,2.9371,3.2609
"NACA",116.1616,83.3421,126.098,80.4367,92.297,138.1723,99.5498,101.4793,77.6209,85.7683
"MYO18A",17.6871,21.6531,17.3099,22.9318,20.6112,7.9661,4.7221,23.4245,20.9019,19.1368
"BORCS6",11.0988,10.0936,12.5967,10.5034,17.7834,12.6669,10.0374,9.4269,18.2128,14.3947
"MAN2A2",11.6049,9.3984,18.8482,13.1553,8.6263,9.6634,5.7307,18.4543,8.733,9.0886
"MME",2.1482,1.821,1.8752,3.9022,0.8009,1.2208,1.1813,2.1386,0.6075,1.7862
"CACNA1H",23.3029,33.9419,88.1365,29.2314,4.4729,47.0705,7.0904,80.4799,5.8096,40.3367
"SULF2",55.9791,51.4885,34.728,48.6576,58.0985,35.7039,25.5023,45.1846,65.8119,44.9346
"LAMA2",5.5085,6.8797,15.4003,6.0944,2.7535,5.0069,1.7984,12.3201,4.2993,5.2077
"PLXNB2",120.9596,142.0031,125.6117,124.9613,195.604,67.9858,44.1964,154.5743,172.6563,158.5661
"XRCC2",0.5904,1.2198,1.1729,1.7616,2.2358,0.9947,1.1798,1.1501,3.2469,0.8332
"MYO6",23.7788,25.0822,22.5146,25.9335,30.4509,16.9034,14.4235,22.9883,37.4734,18.714
"MRTFA",16.5691,19.0023,17.1736,17.3065,19.3438,12.3185,7.1349,19.2173,13.8629,21.0043
"HDAC2",17.8982,18.5137,21.1825,15.0874,20.9778,22.7261,14.4573,18.4334,16.8317,15.661
"MMP1",2.2228,11.342,2.69,2.4078,1.7053,2.4779,2.657,10.5535,1.0855,4.4783
"UGT2B15",13.3447,17.7911,45.0641,57.8203,38.7226,13.5136,51.3795,74.4326,20.8307,29.7278
"TCF4",6.0121,5.7567,17.4452,8.5154,2.0463,9.34,2.6524,10.4892,3.1651,6.6085
"SDHAF3",42.6733,27.0609,41.1551,28.7447,46.7293,68.3097,97.7987,36.1864,39.5861,25.3557
"HRH1",11.3279,17.516,13.1199,10.285,9.5669,14.3209,10.9513,28.29,9.9385,10.4606
"RABL6",31.7985,36.0972,27.9413,33.3643,54.7706,25.805,22.0337,38.0299,48.728,40.8516
"ZKSCAN5",5.4947,4.8839,9.8445,6.6917,5.5601,7.22,4.6496,7.1535,5.0991,6.7715
"TRAPPC4",20.7207,24.071,18.2104,18.6246,28.5954,27.0173,28.4652,16.058,24.139,16.4334
"TTC30B",6.1685,5.3393,9.6491,6.0279,6.9893,8.8561,9.8763,4.4862,8.6977,5.1089
"TECPR2",9.2492,9.3752,17.0537,10.1272,7.3539,9.4408,3.476,14.9407,6.9445,10.3929
"ERI2",6.0581,3.5107,6.0708,5.1586,6.6331,6.914,6.7555,5.1042,7.7,3.8861
"TOMM7",206.1893,185.2577,249.6509,169.4575,151.7232,322.9694,280.6822,228.5821,132.8184,233.507
"HSH2D",14.3326,14.4704,8.0706,20.5724,13.7347,7.8936,12.1538,9.9689,17.0696,12.9426
"TRPV1",1.9015,0.558,2.9648,2.8799,1.6443,1.1097,0.8888,1.5249,3.575,1.1317
"ZNF512B",5.6547,4.8555,12.9739,7.1778,1.8943,5.6372,1.8063,10.1398,2.2254,7.1275
"ZNF431",2.1413,1.3902,3.3766,2.6439,1.6988,2.6989,2.8801,1.573,1.9288,1.7021
"ALKAL1",1.3406,0.8384,0.4811,0.3965,0.4212,0.748,0.5233,0.5107,0.0695,0.1811
"NF1",7.2388,9.6785,13.5553,8.0771,8.5712,6.8178,2.8539,10.219,9.0542,7.1463
"VKORC1L1",33.8175,30.908,38.279,22.7396,35.0182,42.6801,30.1853,33.7538,32.7516,26.4871
"DAPK1",15.052,12.81,34.552,14.2235,3.8324,19.4674,5.7747,26.0247,5.2926,15.4717
"HLA-DQA1",53.5489,39.0823,54.4124,76.1934,10.9591,80.3597,45.1212,46.0387,14.1485,58.2931
"COL27A1",1.4144,1.0801,2.8381,1.8441,0.329,0.9295,0.4258,2.6255,0.7182,1.0721
"GM2A",54.3147,56.512,62.5874,48.9835,40.7199,66.7433,38.7035,61.8303,35.5305,50.4594
"H2AC13",3.5448,0.6334,2.3626,4.1933,4.391,4.1612,4.6126,2.1045,7.7191,7.9018
"S100A2",0.659,2.3356,1.1235,0.9258,1.1491,1.6046,2.0153,1.8145,0.8713,1.4357
"CD47",35.7917,27.9493,51.4242,35.8072,29.6464,52.3181,46.4932,40.4519,35.9046,27.69
"TLE1",29.663,57.3926,32.1173,24.331,50.1889,21.7656,20.7054,42.9108,29.3018,36.5758
"MAML3",13.2663,8.3224,11.6679,12.3543,9.566,7.2193,4.7174,12.5075,10.6111,7.2142
"H2AC11",1.7434,1.062,1.3001,2.7118,2.9449,2.6185,4.2426,1.4585,5.9869,3.0971
"STRN3",18.0996,17.9245,35.6816,22.1055,16.0147,32.9135,12.2166,24.5402,18.7044,18.6825
"ZNF239",2.8223,2.8148,6.5582,2.3418,2.4304,6.1795,2.9856,2.7635,0.7895,2.7568
"MVB12B",10.3383,14.108,13.9017,10.0546,11.044,9.2488,4.118,14.4509,8.2206,13.7079
"ADA",6.7647,4.1966,6.0855,8.2596,1.8803,4.2224,5.357,4.2773,2.5952,6.2846
"PPTC7",27.2058,31.8785,34.282,34.8752,28.5472,32.2359,16.2898,32.9955,43.0829,27.1758
"LAMB3",64.1756,282.6158,46.3657,91.62,138.5483,31.2121,27.2607,139.5829,88.1053,112.69
"KPNA5",2.6235,1.2417,5.8364,2.8105,0.7065,5.2211,2.0668,2.378,0.8814,1.6998
"ARHGEF12",18.4089,23.7932,34.5268,23.1316,24.9927,19.0147,7.5537,30.4171,24.8443,19.2974
"PDLIM7",68.8149,102.1149,225.3079,75.5168,13.2594,133.2659,42.6741,159.9873,8.8822,115.8285
"FLNA",624.8007,1689.6812,3236.5807,1060.0687,152.0212,1274.3008,162.3618,2820.7318,98.7708,1760.6782
"SRGAP1",1.95,2.5447,2.5824,2.2659,2.0667,1.3418,0.695,2.3851,2.9816,1.9837
"FAM3C",46.502,43.6372,43.9161,27.7796,35.8098,66.6297,31.0655,37.0891,40.1911,26.5619
"NOP9",12.2197,22.2764,15.5153,11.1031,20.7231,9.7976,5.3624,18.8775,12.8984,13.893
"SLC39A10",4.964,4.3911,9.5946,6.0768,4.7897,4.9985,3.6226,7.2923,4.9603,3.9552
"CASP4",18.9099,11.3051,11.9599,12.6697,9.8119,18.3307,26.4862,10.7843,9.511,11.7255
"AP2A1",30.5931,40.8516,33.9574,29.7978,52.3791,23.3525,14.0279,39.894,37.5824,37.1531
"FUT11",6.2167,6.6415,10.0044,7.3417,6.8635,7.4295,4.7783,8.9737,4.7302,7.3786
"ANXA4",52.5558,61.4824,53.7983,50.2986,77.2062,66.1807,72.7333,52.8761,99.1054,50.4611
"LAGE3",33.873,36.1459,26.297,26.5119,43.8662,31.2047,43.4483,35.0256,25.8005,37.3677
"WDR5B",3.7812,3.1983,6.6766,4.6265,4.3267,5.9194,4.4487,2.7989,3.3447,3.0357
"WDR45",10.1214,7.4256,9.5291,8.9926,7.2468,10.312,8.3375,9.2972,5.135,7.8787
"METTL9",37.1032,34.8398,43.1495,26.9767,33.2715,56.9175,56.2031,33.5172,27.5107,29.3097
"SERTAD1",38.2811,62.8075,20.4408,39.6163,25.5051,53.9005,59.4829,104.8162,19.8857,60.3373
"EOLA2",12.704,14.4596,12.0843,12.3454,17.0596,16.7457,16.6969,15.6932,12.3583,14.4007
"ZNF398",6.1094,9.1813,11.3832,7.1457,7.8527,7.4521,4.4165,8.5304,5.8951,7.2711
"ANXA6",81.8465,99.0846,192.9894,105.8288,30.406,128.7214,39.4255,161.5206,26.2826,121.3762
"ZNF420",4.4359,2.2141,8.1167,3.9725,2.4967,7.91,6.829,2.4017,1.5743,3.2792
"ZNF763",1.5873,0.4826,2.1362,1.8093,1.8545,1.6858,2.2807,1.0136,1.183,1.223
"MAFG",20.2083,20.6583,19.9187,20.5534,13.6047,17.7053,7.0072,31.6704,17.4019,21.4708
"ARRDC1",29.5312,26.3257,15.316,23.5725,44.2904,19.3701,23.8749,23.1267,34.6851,28.2063
"KIAA1671",17.5586,25.4016,20.4525,23.4569,34.2464,8.9881,5.6011,21.2436,41.9498,20.6769
"IGF2R",20.0211,30.4678,28.2936,30.8204,34.0393,11.793,6.291,34.5805,36.2606,26.9335
"DYNC1H1",18.0862,34.9885,42.761,29.4218,29.4728,14.763,5.0345,46.6128,27.0202,29.8916
"PCBP2",40.4541,35.1921,43.8268,34.5091,39.8975,39.9149,30.7447,38.2308,38.7395,37.5058
"ZGPAT",2.8599,3.6824,2.2229,3.5279,3.5172,1.8153,1.612,3.6546,2.9022,3.8586
"SLC25A29",4.7687,4.8778,3.6339,3.0047,4.2624,4.0604,2.3859,4.1584,3.682,3.0503
"PGAP1",4.048,3.6285,9.1549,4.3978,7.5516,5.194,3.0026,6.7939,6.2343,2.5645
"SRC",48.6173,50.8388,50.2195,51.9236,58.5411,37.0984,29.3407,47.3191,53.2005,48.1386
"PCNX3",26.1172,33.5104,21.4429,30.3129,53.3996,15.938,12.498,32.6589,36.6672,31.177
"ACSL5",152.5182,174.8681,143.6157,212.8091,213.0187,102.9228,109.5289,150.8269,264.6521,154.1124
"LRRC8B",6.267,9.1658,7.2206,4.884,8.2997,7.8956,4.3381,8.8994,9.2303,5.2262
"ABCB8",8.2341,11.0169,8.4207,9.1095,16.077,7.3569,7.3561,11.7412,14.4031,11.9481
"SND1",91.8179,116.1956,86.6496,61.4616,104.3732,61.4459,53.586,109.6113,83.2212,86.0707
"PSMD12",21.8003,35.476,32.2736,25.7912,32.789,35.8874,20.8847,32.974,32.1879,22.5529
"PIWIL2",4.875,2.1103,1.8802,4.333,2.5527,3.1619,3.2122,2.3065,2.2651,3.3021
"NOL4L",20.8563,15.8602,23.4726,30.2017,27.0313,14.4409,10.5104,25.7585,29.1945,23.1267
"SLC22A4",3.913,2.9662,4.2666,8.6375,6.5114,3.9601,5.2379,4.3378,5.1253,4.5908
"ENTPD4",24.663,25.6616,22.6525,30.3066,29.5278,15.2427,10.5158,25.7966,33.8903,23.1384
"C1D",13.9613,10.2178,19.6417,14.3685,11.6637,30.4867,28.0408,11.6399,14.9142,10.2513
"SERPINA1",186.4919,100.0901,99.4507,97.6877,162.1366,123.4777,165.8334,93.6025,127.9422,72.5735
"TPSB2",45.0227,71.3394,35.2399,38.4012,33.0138,24.2199,33.7934,54.8778,17.0969,59.9643
"KANK2",105.5637,101.2476,326.7055,86.596,24.9729,198.6622,42.1617,194.4603,18.079,128.7659
"GTF2E2",27.012,33.177,23.314,25.5184,30.1304,33.803,28.3917,25.1514,27.9485,28.3902
"GUCA2A",1466.7841,2349.1959,1107.8321,2539.2233,3045.6195,2591.0622,3337.7107,1358.3272,3088.1773,3395.2397
"RAD54B",0.3735,0.4093,0.4297,0.3399,0.4965,0.3206,0.6855,0.4179,0.5214,0.3979
"ZNF165",3.8502,8.7443,2.8726,8.4498,8.3081,4.1012,4.0344,28.8855,8.7307,8.6647
"SYNGAP1",6.0502,3.9069,8.4268,5.3878,3.0223,4.5987,1.8821,7.8399,2.6901,4.7771
"FITM2",16.2914,10.7737,16.5919,13.0865,19.0587,14.4222,14.1232,18.0813,17.3099,11.2762
"BLM",1.8752,3.0315,1.9502,3.3613,3.8522,1.4792,1.7329,2.7594,3.5953,3.0633
"DDI2",7.8185,8.7598,12.4232,10.4599,11.5602,6.162,2.8905,9.2793,9.9357,8.5579
"SVIL",75.8587,88.9344,267.371,104.0398,17.8869,153.4414,21.5697,158.554,18.4443,89.5749
"TRIM33",9.9988,11.2458,23.4149,14.7379,11.4988,14.4485,5.3976,15.1721,13.0029,9.9002
"LRP10",173.9441,278.0984,154.5731,167.7912,301.6491,140.4601,97.7774,211.135,217.3659,221.1593
"PELI1",41.5917,46.9214,47.5725,54.0983,31.6658,47.7522,30.836,63.7707,52.0638,30.0551
"MRPL21",27.3743,37.7807,40.5455,24.6118,59.4877,59.8219,65.7973,38.8207,41.9613,32.4877
"UAP1L1",6.2676,4.0427,6.7514,5.9782,4.1023,3.974,5.1728,6.9439,11.2381,6.4976
"SLC22A5",10.6224,4.2177,12.8901,21.4554,15.2403,8.4597,9.7092,11.028,20.8087,9.049
"ADARB1",5.6221,8.0265,18.239,9.3252,2.5228,8.8406,1.5436,14.3844,2.2157,10.787
"HTT",11.2665,15.6595,12.6296,14.9052,19.0741,7.0723,3.7806,19.8469,16.7275,14.5317
"C5AR1",36.7124,15.5143,7.5869,11.462,3.6935,13.2341,4.5177,46.518,4.3843,9.1081
"DIO3",3.6596,2.2735,3.6965,7.0598,1.4619,5.6057,3.469,4.2051,1.3948,10.1911
"CYP2B6",1.0645,2.0625,2.5467,3.6121,6.1225,1.246,1.4206,2.9492,1.5708,3.8994
"SHPK",2.4342,3.4764,2.4132,3.2613,4.4365,1.8009,3.3775,2.7666,4.1418,2.6981
"IPP",11.9528,7.9907,15.3095,12.9611,10.4758,15.7426,12.6573,11.3194,11.2832,7.6982
"MAP3K5",21.7887,27.4932,18.7412,17.4045,25.2802,14.1403,9.56,17.4686,24.9775,17.7914
"GSTK1",158.2106,110.7987,105.5354,107.1299,168.9871,139.9581,201.0254,117.1868,138.2819,106.618
"HNRNPAB",258.7109,417.9034,221.0667,245.3342,370.768,256.6482,174.3009,361.7547,371.6502,334.6434
"PDGFA",20.7653,37.0073,32.989,27.7107,32.2954,23.8485,13.2069,26.8405,18.4018,34.4455
"SPN",5.2862,4.805,4.3589,9.6023,3.1351,3.35,2.0834,5.8794,2.4474,7.5659
"RPF2",15.626,19.7533,19.835,12.081,20.5919,24.2329,15.4823,18.853,15.6174,15.583
"SLC28A3",2.1714,1.3952,0.7472,0.5864,2.4017,1.2674,2.2965,0.546,1.7427,0.7033
"MIB2",8.6465,7.8072,8.8734,8.4634,11.2493,6.6672,4.2873,11.501,8.4779,8.4902
"MYO5A",6.4372,5.8458,11.4593,6.7773,1.9989,7.3631,2.3713,9.2873,2.5657,5.4161
"GZMM",5.337,5.8438,3.9661,10.2033,3.3534,7.383,8.7685,7.7853,1.0901,11.0338
"ATG7",8.9972,8.9211,8.2482,6.4984,8.9692,8.75,8.4204,8.3231,7.661,8.158
"SIPA1L1",10.3472,11.4525,13.2789,10.4994,12.6189,7.6697,3.7813,13.8718,8.9185,9.9228
"TTC30A",5.1263,5.334,8.7689,6.2293,5.6592,7.8412,5.1356,5.2339,6.4561,4.3405
"RAB40C",23.0842,28.7465,21.2904,28.8742,37.9459,17.8696,13.1883,21.7309,29.5013,30.3515
"PIGN",10.2032,6.1362,6.6144,4.7133,10.3014,8.7422,8.121,7.693,8.4939,4.5146
"HHLA3",11.5061,7.6478,10.1737,11.8973,7.4262,8.1201,11.1207,9.0525,13.4226,10.7292
"TOPORS",20.5205,15.0648,26.2003,23.4137,17.5277,22.4814,13.4313,19.9364,18.1648,16.469
"ENTPD6",98.9786,82.7888,38.6997,47.5927,98.5054,51.6733,49.1041,55.6731,58.09,55.3161
"ENPP1",1.9336,2.7779,4.4702,9.3641,4.0692,2.3508,1.6907,3.7787,7.4552,6.1161
"FAR1",32.2039,36.2703,52.6818,38.7437,48.0727,46.6286,34.5454,41.0986,60.4084,27.0373
"MFAP5",60.8468,76.0518,109.7948,42.071,15.4453,214.2456,46.2275,72.7447,19.6008,40.7215
"ZNF615",5.7517,4.0546,11.7206,6.0903,3.3526,9.7179,5.4407,5.9326,3.0899,4.0047
"EOLA1",7.6028,6.7126,6.634,7.5388,8.3553,7.8036,11.3027,7.9197,8.5484,7.6934
"CDC42SE1",45.4523,44.8759,39.5892,56.8747,41.8755,49.8035,37.6605,64.5037,40.9071,41.3788
"MPEG1",84.1988,55.6718,73.9915,65.3713,25.366,72.7839,49.665,84.1493,20.0159,63.4074
"DPP4",6.6821,11.2918,10.1472,11.7597,13.3479,10.8343,7.6478,7.3716,22.8788,12.6793
"PDCD1LG2",4.1685,2.4017,4.7736,3.562,0.7502,4.112,5.0426,3.2863,1.2055,2.2286
"SPTAN1",47.5411,76.121,101.006,71.8453,79.2978,37.2988,16.2341,104.7116,81.5517,96.0223
"NMB",10.1189,9.7159,9.5707,4.791,5.9197,8.9506,4.3458,6.9398,5.5824,7.1721
"PARVA",44.5343,56.9531,119.5535,46.8426,32.7916,68.4459,22.6282,81.2075,27.1245,60.5838
"RPE",30.5546,22.3673,37.157,22.9643,30.5699,39.0798,37.0306,25.9461,30.4314,19.4577
"PHF2",36.6394,36.4568,58.4049,34.06,30.0718,38.5882,13.5973,48.9336,28.4506,32.6158
"RPS26",338.4166,171.8693,235.9471,126.5876,425.3064,405.5813,439.2646,422.2183,249.6804,293.9468
"PSAP",1531.0886,1332.2053,1380.8322,1072.0591,1012.3969,1521.5996,962.3597,1519.8467,979.9582,1218.4023
"S100A10",1728.6101,2425.3772,1334.3462,1491.0929,2759.0638,1973.8109,2312.9471,1673.2179,2406.8299,2023.9377
"LHFPL5",0.2232,0.1551,0.4611,0.59,0.3442,0.2264,0.1496,0.26,0.8205,0.185
"RPL37A",423.4274,322.9114,334.0529,228.0623,296.5405,485.4308,692.6538,354.0042,217.1301,352.4455
"TXNRD3",3.553,3.3513,7.4663,2.8166,2.6102,5.7766,2.3556,5.0809,2.2694,2.8745
"CFD",357.2359,360.7013,266.4715,171.9758,149.5519,422.9783,392.2163,506.1857,147.3627,366.1426
"MCMBP",33.7839,40.9986,51.197,33.115,40.0606,49.172,35.368,39.127,34.7148,34.4296
"EME2",2.2522,1.4899,1.2887,2.1652,1.9585,1.2308,1.0616,2.9123,2.4945,1.4342
"ZNF81",2.7339,1.5686,3.8921,3.1626,2.1053,2.0473,1.6048,2.4775,2.4682,1.8875
"TAF13",57.707,77.1292,62.965,52.585,81.3617,97.6627,98.2285,69.0983,70.2457,51.3607
"ATAD3A",12.2636,31.8694,12.0827,12.0517,39.0984,10.2234,6.7004,23.2038,20.5679,19.3107
"FAM118B",36.168,33.5667,26.2031,29.0316,44.9173,49.3119,70.1354,25.8503,42.7807,32.236
"ZNF461",2.6229,1.8115,5.7014,3.0743,1.3164,6.3763,6.1462,2.8802,1.9072,2.0526
"SLC9A8",12.6809,18.7829,13.5422,17.2326,21.3393,10.0111,5.7548,19.5149,15.4233,16.2897
"OCLN",8.6501,16.7208,8.8155,10.6403,20.0554,6.5012,9.0498,11.2026,15.1304,10.5894
"H4-16",0.9683,0.4531,1.4538,1.9577,1.192,1.2329,1.0286,0.7186,1.8134,0.5206
"ZNF44",5.9217,4.1324,8.8776,7.4273,6.943,7.9631,8.4707,5.5329,7.0158,5.3534
"GPAA1",90.2893,123.1628,67.8328,78.0487,147.924,70.2628,73.7548,113.3401,97.7873,107.2649
"ADAMTSL2",2.832,2.861,3.3227,3.0763,2.2688,3.5139,1.4174,4.323,0.7963,4.1056
"SGTB",3.8606,3.2822,9.8165,4.5642,1.6433,6.9847,4.2943,5.0738,2.0754,3.5151
"MYO1C",127.4243,194.2772,200.6621,136.5877,195.6218,110.8103,50.9192,178.7888,161.4715,168.2464
"NKIRAS1",4.0599,3.899,8.8782,5.3395,2.0402,9.3961,4.1796,5.0576,1.9705,3.9621
"UGT2B17",212.3346,263.6579,751.5966,1020.9824,629.0738,242.8659,778.3738,612.8726,358.0038,404.3993
"KIF13B",29.091,73.7892,31.9244,41.6399,53.1696,16.7139,9.3473,46.5752,51.5588,48.827
"ADH5",127.4324,97.3713,207.1736,112.6836,108.5026,264.889,238.5816,144.5588,91.305,108.4881
"H2BC12",92.6248,63.2906,46.5377,62.0892,84.9721,63.4267,105.6624,56.4573,61.3098,92.2878
"TEAD4",5.9789,13.9343,4.9423,3.9734,15.5337,4.1231,4.2834,8.8408,9.6131,7.601
"SPG7",5.6897,4.3803,5.6212,5.9507,6.7858,4.5892,3.522,5.8907,6.0136,5.0924
"ERO1A",28.1071,27.9813,27.573,27.6708,41.1776,21.1852,14.7877,25.8859,52.7242,21.8946
"ZNF347",2.7276,2.6338,5.7753,3.8271,2.0188,4.5836,2.7146,3.1874,2.3686,2.4303
"PLCG2",7.9605,8.0116,6.1307,17.9325,2.6206,3.1936,2.151,6.0467,4.2182,10.2967
"FCHSD1",5.1262,3.2531,4.667,6.3146,4.2701,4.0727,3.297,3.9487,4.4761,4.0465
"ZNF71",3.5463,3.1337,7.2129,3.5,1.9882,4.1453,2.2695,4.0555,1.2014,3.568
"S100A6",3427.7562,5035.1773,2792.1091,2818.8168,6042.7292,4944.2914,8147.5346,4186.1679,5557.8739,4657.1542
"RPL12",960.4318,648.0634,833.7511,441.5009,679.4534,978.1678,1194.005,648.8033,439.8011,662.4138
"MPZL1",73.0464,67.492,70.0504,62.52,82.7307,62.6511,49.8418,69.5808,76.5146,61.2427
"VPS13A",5.5455,5.1039,10.7104,9.8452,6.0341,5.1102,2.8693,8.2,9.5244,4.6688
"MBP",12.1579,9.9055,11.0496,9.3829,11.882,10.8315,8.1332,13.3156,9.2396,8.0115
"AKAP17A",23.2438,21.3312,24.4368,28.0771,22.7098,16.9138,13.03,27.0756,19.8778,23.8942
"NOL8",9.4096,8.5226,15.1486,10.7252,11.9799,9.2475,6.2867,9.1456,8.5474,8.1054
"IRAK4",12.0458,8.4899,12.5046,14.1718,9.8862,16.7878,17.4646,10.7099,12.5988,9.3627
"MRPL42",8.5186,7.4355,10.494,8.2379,9.7039,12.8161,12.2228,9.1481,10.965,6.6668
"ZNF335",7.9943,8.5579,8.372,7.7375,8.9603,5.5277,3.5671,8.6215,7.0364,6.7935
"RPS4X",1259.5422,1372.6551,1805.6482,764.5742,938.4571,2416.0782,3066.6285,1568.7322,1092.1389,1409.6979
"ZNF273",1.5545,1.0617,2.4406,2.3072,1.3486,2.8582,2.0227,1.6823,1.099,1.223
"MAK16",5.9527,9.4512,10.0811,5.9533,7.9916,12.2005,6.9803,10.2717,5.3472,6.1484
"SIRPA",33.6884,27.3051,35.1491,22.0348,15.9824,29.8075,15.7802,34.3498,24.4893,30.4172
"GRK6",35.802,44.0934,27.6527,36.1689,45.5025,33.9835,27.645,41.4003,30.9716,43.5387
"PRIM1",3.9434,3.6268,5.5392,3.5883,4.8772,6.7611,7.5462,4.3937,3.9689,3.7968
"MARCHF5",26.5946,22.5341,30.9715,25.5219,26.0306,34.7239,32.1281,24.4744,28.8669,21.4148
"AKR1B10",77.1194,166.8164,85.4326,116.031,296.5127,92.3,78.3666,110.6041,313.6914,150.1975
"SULT1C4",3.2056,1.6082,8.3537,3.7173,0.6895,3.9064,1.3673,3.1647,1.1586,2.6416
"ZBTB14",9.8593,7.4191,15.8385,10.0523,7.1258,15.508,10.0779,8.864,7.0557,7.7353
"CD2AP",67.779,59.5179,78.0216,93.9629,82.6662,50.6054,40.2395,59.146,118.1476,56.2291
"NUP62CL",2.4831,2.2184,3.2315,2.1384,4.3977,4.2352,3.9057,2.5515,4.032,1.963
"SFI1",3.7237,3.8769,3.9716,5.7412,3.9868,2.5913,2.2485,4.2426,3.9762,4.8244
"ZNF649",6.7979,6.0368,10.5186,4.4464,4.4663,12.9974,7.2928,7.7193,3.5306,4.0783
"CHSY3",0.6586,0.9691,1.3903,0.5347,0.4138,0.9039,0.3193,1.4892,0.3615,0.9552
"LPAR1",30.0958,26.5435,65.8291,27.0416,18.541,49.0963,35.5917,35.9646,20.767,28.4591
"MB",13.7376,9.2228,9.7148,5.5721,11.9139,16.3318,22.1898,12.1171,7.1226,8.7964
"HIBCH",23.4436,21.2938,24.1334,20.1249,19.2812,21.8176,21.7509,25.0765,34.2997,10.6865
"HMGN5",15.4174,5.6011,23.3029,13.4009,15.5361,18.3988,12.3201,9.7483,14.6271,6.4172
"MIER1",27.741,33.1448,52.3972,40.5736,37.5624,58.4808,48.6138,32.6094,38.7429,27.6468
"MAN1A2",16.073,16.6709,28.9361,18.5302,15.9785,20.5371,8.5991,21.0959,15.6477,12.5215
"SVIP",21.118,13.1805,25.626,18.4086,18.076,32.4782,29.213,17.453,18.3585,14.0336
"DDRGK1",95.5193,86.403,61.225,67.6808,111.9915,69.4816,72.7671,74.4527,66.8683,86.5851
"TFDP1",71.9116,84.9823,84.0886,67.1802,93.3626,82.6565,78.4008,90.222,75.5559,65.3918
"SZT2",3.7211,3.248,5.8898,5.1565,3.3797,2.4356,1.2401,5.5793,3.602,2.75
"SULT1C2",2.7173,1.296,1.6217,1.5875,0.8689,3.2858,0.6314,0.2395,0.9246,1.8868
"ZXDA",2.8983,2.4659,6.2009,2.9487,2.8251,3.6753,1.8696,3.822,1.9843,2.623
"RPS6KL1",1.3064,1.5169,1.579,1.7916,1.8119,1.0816,0.599,1.6949,1.116,1.3169
"QRICH1",35.8843,35.1008,48.0744,36.4061,38.1471,32.7226,18.0904,39.2396,33.4771,34.6837
"CSF2RA",5.4402,5.1852,4.5587,5.3497,1.379,6.7199,8.4637,6.8959,1.593,4.1376
"FKBP1C",1.71,1.2779,1.8526,1.5743,0.7298,0.8346,1.0076,1.2403,1.6058,0.9153
"DDX42",38.9625,42.2068,62.1045,40.1706,38.9992,39.766,13.7077,51.6989,34.7139,40.8902
"RPL23A",268.2301,209.9247,189.1749,148.0251,163.1695,249.2011,317.9666,234.7646,129.9696,221.9691
"SLC29A3",6.3328,4.9311,5.5137,5.4024,5.5273,6.6573,5.4368,4.5162,2.8123,5.534
"STYX",12.6465,11.2955,23.0414,14.8904,11.4666,22.6668,14.0748,16.0603,11.6878,11.747
"UBL5",171.6676,165.4039,128.0071,126.0811,145.4874,252.7177,382.5325,140.6682,151.9935,161.7257
"HELZ",8.9249,8.2934,16.1023,12.2553,8.3291,8.1674,3.9317,11.109,9.2731,8.1247
"TMEM116",1.6707,0.8242,2.4372,2.6873,1.2321,2.5908,3.5597,1.5503,2.2515,1.3116
"UCKL1",26.0396,21.5066,20.7797,23.4146,25.9146,20.5426,22.1244,24.8109,22.1171,20.534
"CARD11",5.6359,9.1444,2.3308,18.2137,2.1891,2.8141,2.0769,5.5696,1.4896,10.7966
"SDAD1",30.3385,34.7103,48.3383,34.0717,36.8331,39.9488,22.9575,32.2333,31.936,29.7942
"ZKSCAN8",11.2842,7.0263,26.3627,12.1142,6.2078,14.3486,5.2472,12.3663,6.7844,8.1514
"PHETA1",26.2524,31.329,22.2482,29.5622,48.6722,20.4817,18.1257,31.0864,26.5228,35.984
"HYLS1",6.184,5.1788,8.3416,8.009,8.5619,7.7554,9.2401,4.431,6.7663,6.266
"ZNF813",3.4909,2.6779,3.4686,2.4965,3.0596,3.0284,3.5448,2.1439,3.2096,2.1157
"PIM3",185.4877,265.6919,38.3454,65.4243,69.5323,78.6501,46.3246,221.5157,112.7292,115.5195
"GET3",132.8537,115.9338,106.2184,86.0233,134.8459,157.4472,227.5609,117.8221,107.9631,116.8622
"ASPH",31.6838,23.9289,37.1317,16.2254,25.4578,34.1455,24.655,28.467,28.7673,17.1538
"SPRED2",28.7894,53.283,32.032,36.8092,41.5956,27.8965,16.0878,55.6016,49.1696,38.4631
"WWP2",36.6457,39.0232,29.2039,39.2266,55.004,22.5332,15.981,35.4546,52.9373,40.5693
"GFPT1",102.4341,114.0645,82.6552,90.9205,159.7338,71.3818,61.317,99.8775,127.4297,75.3196
"UVRAG",11.2206,10.792,17.7327,12.3155,7.4448,13.4127,6.0731,14.0788,7.8634,11.5309
"ITSN2",13.0886,13.127,21.5181,18.3107,11.4727,16.1405,6.6715,15.5023,14.0761,11.8761
"OGA",43.1689,50.3081,97.1023,67.7304,41.1444,59.8179,21.6241,74.204,52.0894,45.1654
"MT1F",156.4894,81.5706,63.7228,87.8158,60.1485,190.9993,143.6404,51.2426,77.6554,100.3106
"ZNF69",9.2735,3.6958,8.293,7.506,9.5116,7.8859,13.3093,5.4786,5.7508,3.9612
"TXNRD1",56.0608,124.1077,62.5317,51.6861,73.8616,77.6255,43.5973,70.9056,66.2722,46.1721
"NRARP",193.0303,87.5613,83.2101,106.3901,192.7875,104.2622,82.7559,128.484,123.8533,139.0047
"TPM2",698.1342,1130.5253,2641.1372,745.3833,67.384,2559.1839,623.8723,1706.79,40.5528,1407.5183
"ZNF808",3.8554,2.4281,4.2531,5.6256,3.6529,4.2724,3.9049,3.9633,5.2214,3.3498
"B3GNT6",44.5805,51.8258,29.2411,47.0159,58.1264,24.5908,26.4554,53.9768,53.4392,34.9104
"YTHDF2",48.4026,60.2196,63.2221,52.7645,67.1619,52.6581,40.1402,59.6708,58.6692,52.4076
"TMA16",14.0297,11.1157,15.6471,11.2131,11.9544,17.9806,14.344,10.3495,11.0738,10.7147
"HLA-DRB5",285.4881,244.4287,345.762,133.4223,186.721,216.5021,275.5015,423.0066,40.7603,474.065
"ATL1",4.2235,2.6892,8.436,6.1699,2.1735,5.9035,4.3105,5.6456,3.3689,3.8212
"CNGA1",3.4057,1.7601,6.4422,6.148,4.0659,5.2905,6.3151,1.9904,13.486,5.6939
"MAFK",25.4376,45.6515,20.4095,27.3846,23.0623,19.7706,8.4383,57.3572,21.5557,33.3615
"GPN1",26.0357,23.7384,24.676,20.8767,25.7686,36.3518,42.7906,23.0125,20.375,20.5566
"PLN",86.173,73.7605,727.637,153.5558,7.2609,301.0604,88.7564,178.8492,9.9148,110.8012
"C2CD4A",0.5471,1.9267,0.1592,0.4373,2.453,0.6751,0.3848,1.9359,2.2311,0.4495
"ZNF28",9.1059,6.7452,10.7095,7.0727,9.9084,11.7418,14.5894,6.254,8.7792,6.7039
"ITGBL1",1.2538,0.877,2.1018,0.3171,0.2332,0.8786,0.3757,1.7911,0.2823,0.4931
"ZNF511",9.1917,9.3023,7.4281,6.8451,11.3692,13.1743,20.2143,9.1799,9.9005,8.9526
"WDHD1",3.4462,4.5733,4.4375,4.5296,6.4662,3.1198,2.6886,6.1002,5.6705,4.2517
"CTNND1",7.7142,10.4008,9.1255,10.9911,11.2544,5.3545,3.1157,9.4857,16.3869,9.9946
"DDX39B",15.7113,7.5251,19.6995,21.759,10.0251,14.0284,7.4171,14.488,19.9934,7.4551
"NUDT16",30.0704,24.4988,32.2918,29.975,34.2096,24.7266,15.7685,29.819,44.4385,26.4886
"TLK1",22.842,24.029,43.4274,27.4083,27.2468,29.7228,18.3963,27.1707,33.6753,23.5837
"LRBA",19.8977,23.0563,28.1927,16.9655,23.7797,14.5032,6.9308,28.3358,20.1158,16.6158
"MMP17",1.4763,1.7244,3.5624,2.1076,0.4438,2.3239,0.679,3.4246,0.3365,2.0245
"BAZ1A",13.9834,17.8034,15.5087,21.3715,21.4378,12.2355,8.3272,15.6902,21.1529,14.7453
"COPS8",23.7477,19.2409,34.9605,20.4312,19.1785,42.775,26.2084,30.1926,19.8049,22.1364
"CCDC69",111.4244,112.8517,318.587,116.8884,14.2558,220.5621,67.3902,179.3643,17.4321,124.6117
"MDM4",4.6047,4.0423,7.5818,10.1415,5.0772,4.655,4.3961,6.6786,7.3062,5.0315
"KLHL9",25.6316,25.2732,42.3145,28.2417,26.2243,35.1143,24.7491,29.1661,25.787,26.3578
"NCOA6",17.5074,17.409,25.175,23.0053,23.9838,11.7121,7.7169,19.0311,26.1352,17.9341
"STK39",59.4503,67.3037,67.8499,72.6014,80.0597,64.6397,38.9931,56.5327,72.9654,47.9086
"CALM1",251.6289,308.4773,460.5913,276.0805,267.2367,439.0708,194.6218,339.6075,298.3405,274.5149
"TTC37",22.0899,17.0496,32.1403,19.4392,21.0688,23.6119,13.997,24.1592,21.4288,15.9451
"PAPSS2",139.7799,178.7678,162.4082,168.701,282.3517,98.5774,90.6598,160.7437,403.8582,142.6432
"SLC9A6",6.1077,6.641,9.8453,6.6264,6.2493,6.9213,3.6453,8.4718,7.9016,6.338
"FAN1",4.9144,2.5959,6.5023,3.9963,2.7671,4.5783,3.0042,4.6683,3.1575,2.6033
"EIF1AY",20.8435,0,0,22.0013,18.1892,0.0193,0.2307,0,0,0
"MT-ND6",5856.3829,4596.1099,8462.2668,15909.4376,7748.9013,5189.2159,2702.2359,8139.1308,8399.8833,6120.5863
"IPO9",13.6047,15.6881,21.0334,12.7953,16.3559,14.7241,7.011,19.786,11.9883,14.1491
"CEP290",1.2122,0.7776,2.3789,1.7175,0.8311,1.2832,0.4774,1.5838,1.1382,0.875
"MT-CO2",18288.3915,22557.8344,21717.6264,40140.216,29260.9759,17815.3264,10467.5319,21143.2549,38635.4811,30867.9067
"GLMP",38.1307,19.8416,22.2542,18.7074,22.894,26.8902,29.4495,22.492,24.1984,19.883
"DLL1",13.1528,6.9799,8.9522,12.1899,7.7196,6.3536,5.5372,21.3849,7.6977,16.5169
"ECI2",20.1213,13.2546,18.4425,17.5849,21.305,21.6552,27.9505,15.6067,17.4758,14.1824
"UNC13B",15.7415,24.7034,14.261,12.5043,26.2159,11.1549,8.5323,18.216,19.6725,15.3219
"MT-CYB",8126.2907,12190.5054,13898.1981,15948.5742,12560.9707,8573.3623,4201.6054,13067.6949,5098.3473,13583.9183
"LDB1",63.8549,38.5029,96.7636,54.362,34.905,77.8295,31.4597,76.4776,32.4634,59.4379
"PPP1R14C",11.456,29.5291,18.2497,29.6359,51.5854,14.7776,18.701,32.6064,52.4567,33.195
"CTR9",32.7646,34.1145,39.4012,36.9986,39.6187,25.7957,17.1872,32.0691,32.0524,32.1162
"SMOC1",2.2504,2.3092,2.2806,2.1207,1.1869,1.4727,1.4414,3.4163,1.7955,2.4102
"MSRB1",52.7829,41.0167,55.0217,47.917,63.6627,74.7963,129.3995,48.2268,52.8131,53.0408
"ZNF652",6.0806,6.8279,12.1725,9.9924,8.6657,7.7961,2.688,7.9843,7.4456,8.8616
"SMURF1",15.8702,24.3437,18.1168,19.5097,14.4534,12.7598,7.4605,22.8161,19.488,15.7765
"SLC5A3",5.9947,6.1611,14.0289,10.5314,8.1533,6.7897,4.4705,8.7543,7.7279,7.5736
"GPATCH3",17.233,17.9862,17.2067,16.9541,20.4269,20.7908,15.7536,16.1449,17.2289,19.9193
"CDC42BPB",38.9047,55.6448,54.3737,39.3068,55.1565,32.4355,12.955,56.721,46.0063,43.2015
"RPL10A",1987.8151,1229.0051,1575.9715,892.5061,1242.5652,2467.5795,3933.7091,1334.0291,795.3274,1278.4154
"MT-ND2",6859.8876,8994.7978,11782.2367,18932.8975,7947.739,7777.3713,4468.9179,8129.2359,9549.6824,10275.96
"RCSD1",13.7763,12.701,13.5133,22.9077,5.4278,11.2603,8.5329,8.1484,4.9494,14.3381
"ZNF830",20.9192,18.5541,27.8161,21.5081,18.6225,24.8013,17.8018,23.9338,17.0657,21.5654
"MT-ND5",3985.8894,3717.4789,5920.6809,9195.432,5985.7998,3417.3637,1831.8303,6906.7926,4468.0973,4140.3394
"MUC2",184.9245,659.8543,280.7929,396.9643,774.6435,87.9316,90.5621,514.6628,766.8561,429.2406
"CNOT7",21.7399,18.8501,26.3771,17.1368,20.6086,29.7446,19.9882,21.0486,17.751,16.5127
"MTOR",18.0185,19.2788,22.4118,18.1525,21.9646,11.7337,5.2866,27.8547,20.8536,17.4085
"ZNF521",4.3128,2.8064,10.4556,3.6666,2.26,4.7447,1.7464,5.9178,3.5514,4.3948
"LRIG2",3.8166,2.76,7.1271,5.3897,3.3969,3.6438,2.8128,4.0714,4.233,3.1384
"MT-CO1",23817.3704,23767.8432,27108.3937,40723.8015,29031.7449,18756.9873,12039.5582,25170.6057,31479.7754,25802.625
"PNP",30.7338,65.5976,17.3141,15.9623,66.5986,27.0594,44.017,26.0291,41.1718,31.8527
"GK",6.9223,11.8472,6.8326,6.192,13.2455,7.297,6.8947,6.0673,21.6226,5.9171
"CD247",5.2914,4.6202,3.3991,11.2974,3.785,2.9786,6.984,5.1039,2.2393,8.5476
"CHAMP1",10.47,15.8968,19.2758,14.7438,12.9551,10.258,6.5405,18.2682,13.3922,12.9805
"INPP5F",9.4476,6.2337,15.2783,11.5426,6.2017,9.1629,5.2117,10.6792,8.942,8.5927
"ARHGAP11A",3.1333,8.4797,5.9934,6.8673,15.3504,5.7724,3.5908,5.7423,16.6245,8.0417
"HMGN2",185.2118,175.7336,200.5132,162.61,295.1218,298.8796,324.4451,235.1338,196.3693,203.0751
"SELENOM",64.8504,65.779,106.6728,39.3307,22.1168,168.543,125.2793,96.3081,18.4732,78.4725
"UBE2J1",108.3959,114.1568,110.7542,116.5751,104.3325,108.9657,94.6432,96.9089,113.2821,108.5304
"GJC2",3.059,3.8506,10.9358,3.549,1.0424,5.9081,1.286,8.63,0.9882,6.7235
"OPA1",29.3264,37.8336,44.1494,32.448,40.7491,34.6017,16.4845,42.2259,41.4161,27.6822
"ZNF277",17.0922,10.2059,22.9256,12.9543,11.9506,28.1986,30.2042,12.3147,12.7583,10.2693
"MT-ND3",11958.0606,19267.8337,17096.6792,20970.7911,15085.476,15414.0091,9191.904,13242.1301,10542.6119,24185.8376
"KTI12",4.3845,4.4768,6.2619,4.675,6.1284,6.1727,6.1322,5.2991,5.3351,5.047
"SELENOT",88.4337,79.6432,93.5799,72.1043,81.3527,184.4206,241.7544,75.9819,77.6671,69.4697
"ARHGEF15",4.8036,3.2008,6.8059,3.6156,2.0324,3.296,1.7036,5.2309,3.4289,4.3893
"CES1",39.5824,62.9169,64.6461,53.6047,4.4958,88.7129,20.5619,93.657,9.9284,27.4877
"CD3E",22.5884,20.2893,11.2419,38.2168,10.672,14.8979,12.6647,22.5928,7.7778,36.4572
"RUSC2",14.2156,9.319,39.7868,16.0626,4.0448,25.1149,4.0486,29.1117,3.0733,18.3084
"FICD",4.649,4.7949,5.649,6.4593,4.4047,4.5306,2.1594,6.2374,4.8587,5.4771
"OSTC",150.5296,124.4689,141.3626,102.1786,146.8085,243.9337,379.9783,117.6486,148.8664,103.4927
"R3HDM4",58.8686,117.2611,41.5796,62.4131,108.0461,56.3912,47.6159,81.2994,62.5708,66.7707
"TSEN15",6.7945,5.8114,9.8612,5.1859,4.6099,14.665,9.9919,7.3136,4.0097,5.7658
"LTN1",12.403,10.6726,19.8049,12.6114,12.2364,12.8475,8.3647,13.4469,13.7569,9.0141
"GRK5",10.9346,15.0352,19.1915,10.7398,8.5143,10.7764,4.3432,15.8085,6.1847,14.5055
"TYW1",13.2309,16.7568,15.2003,13.4564,18.3533,11.4935,8.9922,16.444,14.4812,13.6719
"DCAF12",53.3757,43.3043,46.8825,47.2223,56.472,51.0402,44.3368,44.968,45.5415,41.6059
"ASB12",1.6887,1.6345,1.0101,0.5351,1.7432,1.1013,1.0987,1.5457,1.626,1.3852
"MT-ND4",14939.7562,18739.7715,21558.6972,31551.1136,21101.1269,14917.6583,7502.4679,17415.9778,26646.7299,21753.2579
"SMC5",32.3969,38.0363,32.9066,27.527,37.0616,27.3191,18.434,30.7109,35.565,21.5429
"MT-ND1",6825.9671,10247.1916,10121.7365,15424.5913,9812.3023,7193.1201,3581.3281,9208.4948,10447.7933,10467.3395
"PRMT6",16.0343,14.4984,19.2937,12.7226,18.3763,19.684,15.5797,14.9518,10.626,13.2852
"CIPC",25.8922,21.669,49.1145,35.6994,25.1234,42.8273,23.5052,29.1304,27.6756,26.7053
"CAPZA2",71.3747,65.7274,122.7111,58.216,58.4294,164.6035,174.1857,69.6524,61.3132,56.2758
"MT-ATP6",11565.6258,11440.7685,15082.8044,18888.9396,13355.8759,10074.3809,6071.1388,12166.5392,13877.4398,14094.1444
"TOP1",68.7889,130.9149,73.7378,86.5252,130.0548,61.5978,38.4355,86.9483,112.3642,84.7545
"MAP3K3",19.4718,14.2289,33.6235,17.7933,7.4982,21.5345,7.9214,24.5106,6.5762,18.1835
"L1CAM",10.8629,25.5673,65.4444,14.4771,3.7849,19.8256,2.9547,56.1253,5.2215,23.5689
"SREBF2",105.7977,123.3184,99.2409,98.5375,181.8485,66.3898,50.3404,134.8646,184.5367,122.4336
"C1orf174",13.1306,11.8228,15.5828,13.3044,15.4725,20.4934,26.5734,13.7509,12.2072,12.74
"RPL39",174.616,139.9607,116.5864,113.7719,130.462,325.8235,558.6995,137.3461,107.2401,147.0693
"DZIP3",6.9559,4.1681,13.2453,8.4952,4.2393,7.9498,3.6186,8.2408,4.3482,5.5165
"KIAA0753",6.1833,5.68,10.1077,9.6179,10.1253,7.5804,7.1507,7.711,8.3477,6.7021
"DCLRE1A",10.1287,7.7761,13.3469,8.1872,9.4626,13.0274,11.3859,8.1091,8.9061,7.0297
"ATG9A",23.2503,22.5595,24.6723,24.7482,28.7745,16.5414,9.7527,27.5848,24.3385,22.0723
"NOS1AP",1.3881,1.1493,2.2929,1.4387,2.1519,1.1351,0.8778,1.9409,1.6344,1.4919
"APRT",168.7153,174.9985,80.1648,93.1963,221.8425,135.7058,186.9114,136.2709,134.2995,141.1463
"TBKBP1",5.9157,4.9502,12.4305,6.0897,1.6155,9.183,2.4007,9.7325,1.5181,6.9227
"MAGEE1",1.9912,3.0986,7.0957,3.2553,1.163,3.0087,1.0218,5.3468,0.8506,4.2483
"MT-CO3",19329.6645,28440.2533,25215.0506,27617.2205,30308.4745,18959.2491,13149.363,26602.164,24908.2745,30258.0306
"L3MBTL3",5.9107,4.6025,7.4046,6.0575,5.477,4.4744,3.1388,5.3229,4.0309,3.8378
"DMD",8.0147,14.905,51.4786,14.5758,2.2674,22.0594,3.1305,29.7364,2.1119,12.1472
"NAGA",60.6237,61.2371,52.6743,53.9593,69.3551,46.7917,37.2548,65.8413,61.5236,58.7947
"SMG5",41.1756,62.3001,61.1491,61.1833,67.5778,44.6216,32.6576,58.9062,58.0246,58.4504
"KIFBP",9.7184,10.7949,15.7832,9.4264,9.6893,12.2869,5.4881,13.1962,9.8401,10.6766
"TGM2",32.5416,46.646,44.8096,48.2131,25.5843,23.6329,21.1765,71.8614,20.4477,49.5793
"PJA2",107.2239,98.6123,261.5482,116.1192,75.587,202.1112,65.6518,152.6912,105.2698,106.9348
"SGMS1",18.9958,14.0293,22.6719,11.4465,10.2115,22.7387,13.5924,14.0253,9.4746,10.0215
"ZNF525",2.9888,1.4617,3.6855,2.9114,1.9425,2.6728,3.8799,1.376,2.2142,1.6075
"INF2",34.3076,66.4925,37.1704,45.4449,85.0332,25.3607,20.9276,48.1513,63.2943,51.361
"CHML",4.0477,4.574,9.2612,5.7141,4.5867,6.2691,1.9517,5.8863,5.5522,4.8181
"CAPN8",8.3396,36.3406,6.7314,17.4127,16.0916,10.8926,9.7244,17.4622,14.4112,11.7723
"SAMD5",11.4132,5.2962,16.9387,7.5363,18.0432,12.3429,10.5243,12.536,13.438,8.998
"FCGR3A",30.5288,9.899,7.8498,6.1922,2.9602,11.4078,9.0738,10.1973,5.4958,5.9101
"CENPW",23.0857,63.5456,22.7998,21.8753,64.826,54.1924,73.1985,50.9455,73.9497,49.08
"FANK1",2.8816,1.8179,2.1227,3.3415,3.0876,4.0157,4.8548,1.56,5.2605,1.9209
"EEF1AKMT2",3.0291,2.1444,4.5243,2.4208,2.2939,3.8501,3.1214,2.9925,3.5677,2.2443
"PLPP4",0.4654,0.3852,1.0561,0.2631,0.0774,0.6665,0.3384,0.9528,0.0639,0.4993
"GDI1",55.9837,58.1309,75.6734,53.8882,43.0272,54.8226,27.8605,71.8707,48.6497,57.3343
"PCMTD2",27.0402,14.584,37.8283,18.5902,15.7193,37.3055,17.5542,22.6623,11.1196,12.7216
"SOX18",6.6757,7.5001,12.4699,7.2011,8.4839,10.8247,5.9099,15.3215,8.8941,28.0271
"LIME1",0.4595,0.1666,0.9321,0.7681,0.3013,0.456,0.208,0.4566,0.6836,0.2834
"RTL8A",78.6505,75.8088,88.2338,55.916,98.9528,90.3907,63.1459,80.753,63.3908,79.8966
"EFCAB7",2.8312,1.2288,4.9681,2.4168,1.2543,4.0636,3.9862,2.1713,1.0974,1.8461
"FOXO6",1.5296,0.9522,1.4486,1.3194,0.4005,1.778,0.5252,2.2293,0.4957,1.5714
"SYS1",17.9661,14.8325,19.2425,16.2082,19.27,25.0136,22.3066,15.6934,16.1911,18.1869
"INPP5B",5.6249,4.3824,8.2712,7.1027,3.3175,5.4777,3.3553,6.0752,3.9664,5.1792
"NEU4",11.943,26.6036,9.7393,21.2153,64.0849,18.1389,18.1333,17.4407,17.6323,28.2516
"MAFB",29.2223,18.9586,28.1064,14.7812,10.0734,23.7437,12.8707,18.1791,7.5287,11.6976
"TRAF3IP1",17.2572,14.7883,26.687,13.7956,11.8841,20.6153,6.1779,19.4783,14.5459,13.7829
"CHIC1",6.6001,6.2902,14.1751,7.4145,5.5564,10.859,5.7606,9.2448,6.6917,5.5792
"GIGYF2",13.1408,14.0366,19.8054,12.8988,14.6875,9.8079,4.9987,16.4231,12.9692,12.5511
"RUFY2",5.835,3.7392,9.7963,6.2766,3.334,7.4216,4.5133,5.542,5.132,3.3368
"PHACTR4",27.8007,23.491,24.5868,24.6051,39.6352,18.9539,15.7911,27.0395,29.2501,24.2255
"ASAH2B",2.366,1.4584,1.8759,1.3134,1.8744,2.2009,1.2479,1.323,2.6042,1.2664
"TIMM23B",1.2233,1.6594,2.3455,1.5363,2.1796,2.346,1.461,2.0545,1.3554,1.664
"GPRIN2",28.4746,23.474,16.3504,43.0231,41.5496,23.5164,23.2756,21.7847,37.9282,40.7598
"MACO1",28.5126,30.7602,34.9434,34.039,32.1951,24.8599,15.2272,31.4859,29.9708,30.2006
"DAXX",49.5561,46.4881,50.1825,51.6603,63.4596,49.2679,40.1094,47.4025,40.9039,50.5641
"BMPR2",16.8848,17.6886,40.8068,22.7691,16.2481,23.4194,10.4504,25.6541,23.2223,18.6395
"TCEA3",141.0757,63.922,86.538,80.0227,159.8281,100.6619,102.5467,99.218,93.1888,78.685
"PFDN6",26.2568,28.9504,19.719,21.2747,29.9667,26.4355,34.8174,27.2261,22.9424,25.5034
"RING1",70.3039,78.8442,74.724,56.0915,61.6277,76.1105,40.4761,91.9028,49.3438,70.552
"HSD17B8",55.3869,41.3151,42.3122,27.4514,54.5249,55.5638,97.8322,48.8608,36.4716,40.1626
"RXRB",43.0217,26.7611,45.2727,34.5813,36.8892,42.8686,36.9299,40.4334,27.6735,34.2137
"OXLD1",25.5992,17.8548,17.5399,20.7154,34.4508,27.2294,35.3823,17.6319,19.9582,23.1316
"HLA-DOA",25.0565,23.1471,13.6191,34.5186,5.8047,16.2354,15.8784,12.2399,4.5909,24.0032
"BRD2",65.0629,49.7762,69.5433,64.1488,56.0861,54.933,38.676,64.9444,46.0103,53.6845
"HLA-DMA",77.7901,49.349,46.6136,69.2905,21.34,74.0761,50.9539,45.0734,22.9854,55.5924
"COL5A2",22.9904,28.701,58.2653,26.7289,14.0719,19.6478,9.2203,49.9493,15.2652,25.8763
"PSMB8",106.9084,75.1941,78.9885,83.9656,107.0957,116.1709,179.5547,69.4005,109.932,85.2745
"TAP2",6.9708,9.3798,11.4338,14.4754,9.8438,5.48,3.3353,12.2615,16.1334,10.4127
"SPIN3",1.341,0.8849,2.5333,1.4123,0.9942,1.6345,0.8872,1.3666,0.9704,0.9189
"HLA-DRA",2117.4778,1545.7398,1136.862,1332.4231,455.3713,2469.0351,3350.2597,1214.5105,356.7643,1522.2915
"COL15A1",28.1633,45.0226,93.2271,36.2434,13.6186,29.3167,6.6958,77.8537,11.2789,49.5703
"NOTCH4",2.2942,2.2769,4.4731,2.6274,1.4432,1.5428,1.1357,3.0569,2.4549,2.2982
"PBX2",34.7205,24.9209,40.8514,29.8694,17.4231,30.2774,12.5963,41.4172,16.2903,25.1121
"AGER",3.4126,1.4842,3.1279,5.5544,2.0363,3.3997,2.1405,5.8158,3.7423,2.413
"RNF5",207.8428,156.1895,168.9566,147.5161,212.3826,245.1523,329.921,173.8148,168.1093,199.6956
"AGPAT1",32.7242,25.0498,36.9928,22.7685,29.3997,29.6666,21.0512,31.4803,24.9426,26.5204
"FKBPL",10.8189,11.2768,12.1249,9.9914,15.85,14.9613,13.2877,9.7417,11.5728,14.5009
"MRPL38",0.6707,0.4131,0.6018,0.7213,0.3017,0.8583,0.4562,0.7127,0.7587,0.3861
"STK19",6.4807,6.3655,7.3519,5.3153,7.8325,7.8423,5.9014,6.8671,4.8697,5.235
"DXO",8.5009,5.4362,6.5953,7.5906,8.9024,9.3113,7.5081,7.8508,5.4295,5.6175
"SKIV2L",21.3864,21.9551,19.7588,24.7096,26.2153,14.8756,10.3083,25.9853,24.5433,20.782
"NELFE",70.5166,76.6305,56.2225,52.733,79.614,95.4449,107.8622,71.0449,59.7806,61.3885
"ZBTB12",6.0987,4.328,8.7548,4.3747,5.6747,3.4752,2.195,5.4735,3.0275,4.2599
"SDHD",130.0615,90.1363,143.8696,126.8979,136.8516,239.0941,245.8197,100.9061,172.2514,102.3676
"EHMT2",16.1448,10.0022,19.1631,14.1584,16.0665,11.8159,6.5844,16.636,11.3058,14.3475
"LAYN",10.6295,10.3531,20.1202,7.7868,1.8785,32.5719,12.461,16.7675,2.6463,11.8046
"SLC44A4",691.6025,657.8282,316.5687,489.0445,987.2948,349.1804,374.9157,436.8468,927.6947,559.6532
"NEU1",40.2287,30.895,36.6905,36.9222,29.799,48.5937,61.2575,32.7827,52.3819,41.7039
"HSPA1B",75.9601,73.9008,83.2417,87.719,82.7721,48.6011,26.5213,61.7607,30.9461,70.0758
"HSPA1A",50.9012,84.0009,106.3954,76.2375,43.3813,56.0128,20.047,82.4975,20.6336,77.0414
"HSPA1L",2.9327,1.9994,4.8321,2.891,1.4603,3.4242,1.392,2.7403,1.291,2.5417
"LSM2",86.9746,77.3682,88.9964,62.8095,89.3652,133.2287,219.7776,76.0195,73.6267,85.3486
"VARS1",28.8074,56.2333,27.7194,26.096,73.4925,16.77,12.1194,50.6424,39.5249,38.5735
"VWA7",5.7436,11.0191,3.7342,5.4773,9.4932,3.589,3.069,7.0629,3.5174,6.5086
"CARD16",19.3151,11.0415,17.3296,18.7876,12.7149,20.253,25.9976,14.4237,17.1339,15.1064
"MBD5",2.3966,1.5406,5.6077,2.5436,1.216,3.5802,1.1545,3.7566,1.5066,1.7472
"MSH5",0.3729,0.169,0.2618,0.4795,0.2904,0.2097,0.0949,0.2948,0.7061,0.1068
"LY6G6C",0.203,0.3702,0,0.3001,0.2391,0.5405,0.1321,0.4745,0.7892,0.9768
"ABHD16A",0.8786,1.0466,0.7882,1.0578,0.6743,0.573,0.6369,1.4344,0.5271,0.8139
"LY6G5C",2.4102,1.4182,1.709,1.6957,2.0701,1.7155,3.5409,1.4136,1.3302,1.7725
"CSNK2B",8.8761,8.8172,7.6258,9.426,8.6701,8.3702,7.07,8.3836,8.6602,9.3208
"GPANK1",18.8977,10.561,19.4778,18.1179,15.9014,23.0437,22.853,12.6814,12.3635,18.6546
"APOM",3.83,3.3912,5.5424,5.2371,4.2309,5.3895,6.4307,3.637,3.0747,3.3383
"BAG6",102.6366,132.4428,101.707,101.1571,141.714,68.8535,43.6133,135.6074,106.3447,114.1437
"PRRC2A",77.555,89.9435,93.6085,77.3689,93.1292,46.7849,25.1568,109.8155,68.0999,83.7443
"AIF1",78.4032,41.352,49.2,48.4819,18.6961,84.2571,101.5417,51.5661,22.0567,49.9575
"LST1",17.3981,8.8926,7.3339,10.3036,3.8943,16.8909,30.9509,10.6043,3.7865,11.4733
"NFKBIL1",24.2796,19.7002,26.1926,20.38,21.1299,26.5042,15.4374,23.4131,16.9151,25.1316
"MICB",5.007,3.4729,3.3324,5.7614,3.8954,3.5187,3.767,2.3267,7.1366,2.9333
"MICA",9.776,6.3703,15.6431,12.6363,10.3237,19.1841,21.8442,12.3423,8.6008,7.7073
"ZNF805",1.3376,1.7232,2.6249,2.1038,1.2749,1.8525,0.7366,2.6389,1.8467,1.401
"HLA-C",2283.3192,1807.424,929.3389,1413.9996,1845.3915,1321.5763,1149.0896,1401.8834,2481.9631,1555.7636
"POU5F1",1.289,2.3927,0.9189,1.7494,1.7309,0.9405,0.7583,1.5961,2.9663,2.3439
"CCHCR1",16.4962,12.4398,13.989,13.3592,20.3568,14.137,12.9843,13.0943,17.7836,15.2903
"PSORS1C1",1.8594,0.9644,1.5496,1.277,1.5864,0.6571,2.0182,0.8149,1.7819,1.5715
"C6orf15",0.0441,0,0,0,0,0,0,0,0,0
"DHX16",30.9863,29.3737,30.7776,31.5938,37.946,24.8139,15.4349,32.5398,26.8379,31.8252
"MRPS18B",117.7473,83.2007,110.2996,88.2337,144.4005,117.3191,146.3135,100.887,111.7096,102.7377
"PPP1R10",52.5301,44.0048,50.5216,74.5903,42.1816,35.8399,21.8546,82.1912,36.3138,59.6759
"ABCF1",50.1165,80.4055,55.8931,55.441,79.0924,43.1058,20.8778,74.0014,56.7676,63.5014
"PRR3",5.6094,5.1911,7.902,6.7054,4.5705,5.6441,4.2295,6.8357,4.8518,5.6572
"LILRB3",4.8816,1.4355,1.4681,2.1776,1.0667,1.909,0.9582,3.046,1.3786,1.2573
"DDR1",104.8304,101.2632,63.334,71.8274,138.7237,53.9302,49.7939,92.6456,92.2162,91.071
"GNL1",17.6411,26.556,24.6666,16.7717,18.0209,19.0621,9.5226,24.8054,13.3164,19.6659
"HLA-E",1002.3099,755.6443,895.8323,759.1656,675.3496,882.7423,564.6907,797.88,720.3326,840.6125
"TRIM39",5.4608,6.094,8.9337,7.0053,4.5675,7.2825,2.8392,9.0552,5.2126,6.3271
"ZNF468",11.6575,11.8592,12.3639,10.2455,14.4073,16.2415,21.7242,7.5698,10.8523,9.1034
"TRIM40",4.2299,55.8607,3.1319,6.619,11.4957,9.1863,8.5768,37.5685,5.685,7.4484
"TRIM31",71.9059,147.5747,29.8217,105.9398,161.3055,35.952,24.0935,29.7057,75.0052,82.5105
"RNF39",5.4962,3.1292,2.362,6.1806,2.3942,3.233,1.5325,2.8552,1.796,5.9434
"PPP1R11",122.1766,140.7318,113.4384,118.981,160.0832,132.5656,96.5957,117.6509,136.1544,120.9465
"RACK1",641.233,480.8115,540.5493,329.3994,550.0654,661.4448,749.8516,501.357,374.1327,469.6841
"HLA-G",7.8019,5.2708,24.7329,6.5801,13.1272,12.5318,84.8272,3.3925,11.3711,8.4616
"HLA-F",63.2929,59.708,29.5531,54.8338,69.5913,49.5671,44.091,39.853,84.0681,56.4754
"AKT1S1",25.6361,29.6459,26.0362,20.6409,41.6209,23.728,16.4887,30.842,28.038,25.058
"GABBR1",6.028,4.5964,12.4036,7.8015,1.5536,6.7012,2.0902,9.8632,3.2657,4.84
"SPDYC",0.2056,0.1072,0,0.152,0.533,0.2347,0.3345,0.1068,0,0.2083
"TRIM27",17.8127,20.382,17.0806,14.3205,24.9606,19.2906,14.6278,18.2815,13.6943,16.5296
"RANBP17",0.8827,0.4843,0.7086,0.6595,0.7751,0.6504,0.5381,0.7337,0.6793,0.4661
"MROH6",2.7023,3.7387,2.1527,2.4727,5.0025,1.9546,1.4822,2.6313,10.1781,4.2606
"ATXN2",5.5995,4.4111,8.8871,6.8953,6.1282,4.8884,2.4889,6.4065,5.1261,5.5957
"DCTN1",25.3718,43.6182,57.9883,38.3752,45.5405,32.7493,15.9835,56.554,39.9418,48.2314
"TCTN1",5.1872,3.3889,7.0237,3.7096,2.3595,6.1259,3.3335,5.483,2.1697,3.7082
"ZBTB48",10.9004,5.8516,9.5264,13.0781,9.3049,9.6085,9.554,8.2386,11.2445,9.1105
"MZT1",24.2958,15.899,28.2312,22.521,22.7485,56.9163,51.2552,20.1419,30.296,19.1343
"ZNF155",2.0938,1.291,2.7517,1.33,1.0145,3.0515,0.921,1.2715,1.6283,0.8516
"UQCC3",7.0773,8.5287,5.2628,5.2168,11.3177,10.8989,18.5291,7.1102,7.5371,8.4416
"CD177",615.4625,291.6622,517.9599,646.0189,7.6661,49.7905,390.2379,342.5179,285.1817,492.8593
"ZNF783",3.8797,4.581,4.5142,4.1905,4.1852,3.0326,2.1495,4.8339,3.5241,3.7699
"TRIM13",8.4696,6.9523,13.5268,10.6257,9.8568,13.4724,13.7231,7.1849,9.3274,8.907
"SPIRE2",17.1319,11.3648,8.7996,18.3919,17.9479,9.391,9.5718,17.0783,23.3882,16.3587
"SLC35B4",4.8698,6.3525,10.4652,6.7805,4.6105,6.8003,3.6427,7.6197,3.7419,5.9611
"TMEM231",3.3113,2.3098,4.6621,2.2222,2.9929,4.858,3.646,3.5198,2.5092,2.7788
"SDHAF1",36.3624,34.9278,32.015,21.0251,48.7833,54.644,66.4668,25.4058,32.8928,35.4677
"PSENEN",29.9139,23.4045,18.6325,29.6548,31.6921,29.9476,40.3887,19.2787,29.1532,23.8532
"LGR4",77.7662,78.0662,76.022,77.5454,101.5834,74.8988,59.5098,61.9487,128.2404,69.3744
"PSMB10",57.4917,50.03,40.928,49.2463,61.5396,55.3044,60.7455,45.8,56.5293,52.6662
"E2F4",58.7212,67.0982,49.469,54.0457,83.6525,57.0848,51.8744,52.7963,50.4605,57.0446
"PDE7A",4.0174,4.9288,3.9839,6.7718,3.0256,4.0439,2.6076,4.174,4.4773,4.879
"MUC12",73.8311,314.9902,51.7956,76.0236,183.5673,21.8264,17.9444,121.4055,288.7186,242.1523
"SNX2",32.9482,22.5023,42.382,28.4212,21.2012,42.508,28.9855,28.8937,24.0496,23.5361
"NT5M",3.6889,4.2241,7.3653,3.342,2.9382,5.8902,3.3128,5.9919,1.5759,4.2379
"ADGRG1",37.4883,33.1291,23.2515,24.686,58.6508,19.8127,17.5896,32.5761,45.3746,30.624
"IPO7",57.7564,72.9606,123.1218,55.7345,67.0055,90.7569,51.2885,79.7012,56.8593,53.2424
"PRR13",95.4472,118.7411,84.2272,118.7549,173.7316,94.4587,112.557,81.3611,215.8856,130.0152
"TECPR1",9.9274,10.9345,9.791,11.0741,12.0794,5.6382,4.5209,11.2328,14.0224,10.0647
"MT1H",182.5656,141.893,57.9078,139.9261,42.503,244.1445,156.694,44.2903,112.0079,104.5937
"MT1M",473.8456,338.9654,174.5978,246.3295,82.9693,609.401,685.4731,201.4607,251.5163,292.1349
"CFI",1.2226,0.403,1.2001,0.6953,0.2659,0.6202,0.3671,0.6406,1.0078,0.4871
"SAMD9",16.9218,29.048,22.2566,28.0326,38.7203,18.0714,9.0127,14.8787,39.9949,29.4275
"CNEP1R1",11.1203,6.6343,13.3466,10.1869,7.447,15.1963,16.8184,7.6011,10.0708,7.4747
"EXOC3L4",3.1035,1.9989,2.6531,6.1259,2.9527,1.9158,2.0763,3.0115,5.442,3.6934
"CCDC85C",7.0026,8.4562,9.463,6.3444,10.2924,7.8841,3.2656,9.3541,7.3527,7.9039
"C2CD4B",4.3822,4.0639,2.0237,2.43,1.397,1.422,1.3837,7.3652,0.6014,3.2323
"RGL3",4.3508,2.4692,1.5362,1.8208,1.4701,1.963,1.465,1.7789,2.0795,1.4735
"NAP1L4",65.6193,64.3324,72.9549,64.3192,71.0715,71.6478,51.1708,69.8252,53.3793,62.657
"TMSB4X",3134.6637,2655.6098,1979.7464,2860.1049,2521.7359,3982.0927,6521.4561,2337.3807,2194.1104,2663.1304
"SMN2",0.0171,2.7039,3.8587,1.6151,1.5764,0.026,3.9974,2.3228,1.2211,0.0519
"HMGN1",78.416,64.5264,64.6892,77.9881,94.3922,81.6728,95.8853,71.3205,85.069,71.5821
"LCMT1",41.0249,31.0768,41.4239,39.8051,57.1055,48.317,53.587,40.4486,46.3746,47.436
"LIN52",8.7896,6.1844,10.5972,6.223,5.3581,13.2702,10.2344,7.8705,4.4212,7.0325
"ETFRF1",19.3355,11.9335,30.7051,17.6295,13.0227,44.0563,31.4838,19.0407,18.5445,13.1029
"ITSN1",6.5542,5.2274,12.4123,6.872,4.7578,6.4696,2.7098,7.5811,6.3397,6.1378
"ITPRIPL2",12.2771,19.1273,17.226,14.4988,13.5333,15.9628,5.542,23.4053,10.9379,16.6789
"DENND1C",32.3071,43.7413,18.7076,36.9917,36.3807,18.2335,12.3679,34.591,43.1745,39.5887
"CRYZL1",12.4204,8.7683,20.6446,10.9633,9.5844,25.577,18.3191,12.0818,9.7364,11.0307
"CYS1",10.1995,13.0371,31.3702,16.2194,5.1439,22.4096,6.4963,28.9277,3.9244,21.5576
"PLPP6",18.35,19.6818,20.41,22.3573,29.2463,22.1191,16.1645,15.0307,32.7911,19.864
"RNPS1",37.7543,51.451,36.5995,34.4506,52.723,40.0864,28.7229,45.0515,36.0074,42.653
"DNAJC19",21.4799,13.6673,25.4408,17.2462,17.5002,39.8633,38.7277,19.1435,16.0201,16.1938
"JPT2",52.0869,64.4369,67.8315,39.6234,88.85,61.8319,58.5043,58.6568,62.869,54.1194
"SERPINB5",4.9555,43.0389,3.3956,4.4489,42.844,8.6181,4.4996,16.7612,2.3293,8.5939
"RAB12",26.5417,24.0407,60.6223,27.6855,13.4582,68.9428,19.7853,39.3332,16.1613,24.621
"HLA-A",1799.6073,1080.0993,1053.1428,1114.4211,1464.5129,977.8294,1370.9814,785.4548,1616.0265,1309.1308
"HACD2",48.9035,58.2174,57.8362,60.6498,68.108,50.1461,42.919,53.5575,77.538,47.3755
"CFAP44",1.4077,0.5895,1.7516,2.2425,0.7739,0.8415,0.5233,1.5104,2.3133,0.6707
"LNP1",4.4276,2.6689,7.4184,4.0228,2.0111,6.4534,3.7136,4.2398,1.9913,3.162
"ANKRD28",10.3866,15.653,16.7407,13.1538,14.316,11.378,5.6496,15.2975,15.7128,9.7552
"METTL6",3.944,2.8472,5.819,3.6611,3.0358,6.3017,5.5028,3.4527,2.5447,3.197
"GPX3",201.8573,105.2758,216.478,96.9364,36.763,285.3733,152.0353,201.3368,76.4569,124.7857
"DIO2",1.0543,1.142,1.6445,1.2227,1.6951,1.7616,1.4167,1.5894,0.6324,1.6757
"SELENOH",8.288,7.8095,4.1245,5.6537,8.124,9.955,22.2021,7.991,5.5003,6.6511
"STK38L",33.3364,27.5209,48.1509,32.1818,22.1291,52.4905,34.5408,40.4504,22.6759,25.1888
"TSN",55.9858,61.992,75.793,51.7103,66.2488,82.6896,64.5706,65.8749,57.0265,53.8853
"SLC48A1",15.5984,13.6749,27.0779,14.6609,14.2227,21.5267,11.3767,20.2039,10.4855,17.1291
"IGLV10-54",219.4979,111.2566,96.0888,70.8117,67.9155,109.788,331.5673,162.1468,323.103,85.3027
"IGHD",4.8915,16.7258,3.3183,56.0114,53.1033,1.2708,0.7762,15.5873,1.8557,22.6965
"IGHV1-3",788.1431,741.1108,782.2208,12.2052,3.4036,140.3237,193.1642,366.3473,385.761,378.9718
"IGHV3-11",440.2908,295.697,426.3381,232.0381,93.8984,128.6562,185.416,298.1019,447.7896,542.2678
"IGHV3-15",577.2834,670.3688,227.1737,355.0967,563.875,336.1631,296.2575,459.4021,754.6695,545.3614
"MT-ND4L",5149.0804,7349.9316,6822.4542,9239.569,5627.4637,4773.9676,2475.9454,7529.0698,7172.2836,7629.6422
"POU5F1B",0.1129,0.0535,0.0737,0.1214,0.1161,0.1093,0.2137,0.1813,0.1596,0.1144
"ZNF611",2.3733,1.9389,3.7854,3.6568,2.3645,3.644,2.5596,2.4361,2.6162,2.4119
"NUP62",22.2984,25.6943,24.8881,23.4871,33.7541,18.788,13.4782,25.8577,20.3624,26.3924
"DENND1B",6.2315,5.1479,7.623,8.0275,6.0042,7.4157,6.9438,5.0872,9.5425,4.8636
"SFT2D2",15.4643,25.3404,22.5498,22.598,32.4895,15.2873,10.7913,23.0882,30.1074,25.0569
"CEP43",1.985,0.9292,2.2154,2.461,1.475,1.869,1.544,1.7125,2.3094,1.3387
"SCAF8",20.5351,20.2792,31.4423,22.7457,21.7076,19.4232,12.0172,26.5619,17.5177,21.0164
"ACKR1",55.83,53.1249,50.7418,50.7557,23.6883,43.2884,16.903,58.1311,48.5364,58.7756
"TCTEX1D2",1.3083,1.0654,1.2472,1.1487,0.5395,1.4932,1.2769,0.8921,0.7631,0.87
"CRYGS",1.2491,0.6893,1.8458,2.3178,0.9926,1.4535,1.2111,1.3232,1.9429,0.7693
"KLHL23",21.3459,13.9949,53.1932,19.3207,8.9968,47.2329,22.5095,29.7046,9.17,18.595
"TRIM59",1.0746,1.2151,2.3023,1.9646,2.2283,1.5758,2.3221,0.927,2.0868,1.5376
"MLLT11",5.2318,9.3668,12.8119,6.2799,0.7735,7.8989,2.0023,16.2858,1.7552,6.299
"GIMAP1",5.4905,2.7895,7.7369,6.4227,2.4423,4.2017,1.9209,3.2218,2.9403,6.2304
"ARHGEF35",6.8146,6.696,5.4659,6.6696,12.3672,7.6066,5.9201,3.7328,16.3701,12.7414
"NRAS",58.4804,78.4958,59.4631,62.3212,80.7244,81.8581,79.4991,66.2649,92.8296,51.3322
"LTC4S",5.2568,5.1674,5.3682,3.2862,1.6918,3.642,4.9495,5.4616,1.8613,5.0666
"QTRT1",35.9724,27.7729,23.4263,24.685,43.5355,28.3643,41.726,37.7445,24.6263,29.3157
"CHUK",13.2912,18.6768,16.3678,14.5791,16.2763,21.8201,13.598,15.8334,19.8814,13.0411
"MXD3",2.2734,2.3799,1.6672,4.3847,6.0275,2.4667,5.5049,2.0436,4.3201,4.1263
"COG8",2.0375,2.3401,2.8294,2.6674,4.2933,1.6391,1.0977,3.4045,2.4525,2.8929
"ARHGAP19",6.2864,5.6311,7.0854,8.3061,5.8627,5.5184,2.6873,8.0848,6.2959,7.3322
"LCAT",3.5903,2.3667,6.7559,3.8741,1.2987,4.9318,1.9445,5.4441,1.0263,3.6772
"GPC2",0.5975,0.5674,0.4527,0.589,0.6257,0.3233,0.3455,0.3862,1.0532,0.417
"SIPA1",22.4494,20.192,22.0673,33.3247,13.2423,18.5138,12.2263,24.8146,9.9133,28.1062
"ERV3-1",2.2802,1.7746,5.5281,2.4126,2.7126,3.516,2.9802,1.7794,2.3644,0.9139
"SYNJ2BP",28.363,23.5815,49.8065,32.7489,29.1343,38.7223,22.582,31.1257,33.9209,24.1306
"ARL2",45.5667,37.1463,43.3955,39.0142,46.4829,48.5223,54.1515,43.6786,27.3853,43.8644
"SRA1",25.7868,39.2463,19.1387,25.0209,42.0768,41.4315,54.2462,33.1506,28.4195,25.7789
"DNAJC9",6.9181,11.5671,7.7551,8.076,12.5782,10.6237,10.2175,11.3325,8.4459,10.1537
"C8orf82",25.6501,24.4531,18.3375,20.4073,38.7673,19.6581,20.278,22.7518,28.2523,26.9359
"VDAC1",205.0277,252.0365,192.4808,198.5132,353.1447,177.6969,142.7552,237.5457,366.3058,232.5121
"TMX2",124.3178,150.8852,103.6667,94.186,191.4636,144.2045,117.5744,121.1981,139.4499,120.26
"HEXA",5.4426,3.8583,4.5521,3.5856,3.1841,4.8695,5.1727,4.2033,3.2817,3.8808
"NDUFS3",68.1019,65.2466,53.3228,52.3808,99.7162,82.7676,121.9902,61.7717,80.7681,68.9927
"LEPROT",65.0001,50.575,106.6518,62.3257,51.7008,104.1959,78.0241,63.4397,67.5426,48.3856
"ADAT3",2.9426,3.4026,1.155,2.4135,5.4819,1.2594,2.3931,2.8662,5.4351,5.5439
"PPP1CB",154.1576,140.3086,287.841,191.2775,144.9705,312.845,157.0476,169.1147,226.5038,144.3886
"GPSM3",56.6133,39.6003,27.429,65.4658,18.1006,38.2321,32.1143,35.488,14.2223,50.295
"NCKIPSD",26.2513,15.6622,25.5243,21.4065,31.8235,21.1032,14.7612,19.8078,24.5498,20.2803
"ATF6B",92.5942,62.1131,63.2513,74.4985,106.1254,68.6564,53.2293,83.9655,79.0201,67.5636
"S1PR3",2.5877,4.724,5.5641,5.9595,0.5817,2.6931,0.8563,5.6011,0.8501,3.6165
"CLIC1",757.78,918.1987,511.3406,544.5627,1091.1685,927.6634,1238.3818,673.874,780.7561,746.4758
"DDAH2",96.1957,109.3005,117.7194,104.8482,122.6691,105.9318,72.2093,133.7218,94.0601,136.5937
"RPS29",147.5191,106.1725,104.4193,76.3852,98.1772,200.5318,357.1041,107.611,69.1646,114.6835
"EMP2",34.8397,47.0545,48.3798,31.6134,79.2426,33.331,30.609,57.0091,50.0415,42.222
"KCTD11",11.8857,21.4067,16.811,13.0149,15.5389,14.5606,6.7028,18.1163,14.3905,16.5362
"LTB4R",2.1108,1.1417,1.4536,2.5981,1.0108,1.441,0.7126,2.7383,1.1535,1.1792
"DNASE1",2.8017,2.3778,2.8945,3.7443,1.9518,0.9381,1.537,1.3998,1.9464,3.3624
"CSNK1E",15.919,16.1139,18.1462,16.2374,15.0445,15.596,7.8543,18.3588,13.0278,14.3191
"IRF9",1.1378,0.5485,1.0974,1.8086,0.63,1.4717,0.6292,1.2117,1.5264,1.0231
"GALT",9.0628,6.2534,6.4717,8.4097,8.0515,8.1268,8.3934,7.1581,7.6416,5.9853
"CLDN9",0.354,0.2683,0.3465,0.5234,1.0313,0.1469,0.1256,0.5015,0.9511,0.3587
"ITGA1",14.1307,18.5255,56.2726,22.5763,5.1679,28.5089,6.4878,34.2917,5.8964,19.9293
"NUDT19",19.2305,23.9101,21.7519,19.2448,32.9163,17.2705,12.1766,21.407,27.214,18.5632
"AP1G2",9.3659,7.8221,4.7052,8.8468,11.4103,4.0576,3.0757,7.4132,7.8584,6.6011
"NAXD",49.6016,53.7898,62.5156,51.5686,58.0667,62.7361,44.4728,61.4435,44.0307,50.2588
"GANC",5.5018,4.1058,7.5858,5.0613,6.9651,5.789,5.8096,5.5422,6.0257,4.3212
"REPIN1",117.4476,93.133,85.0229,67.5512,155.1789,76.2375,70.525,99.7779,90.8626,83.6179
"MRPL23",33.6999,39.8739,19.4503,19.6741,40.8007,28.012,35.5627,30.6898,32.6542,35.1527
"SMIM7",16.4589,12.8484,18.0176,13.1058,16.5851,21.3397,26.8589,13.2944,15.944,15.3318
"TSPAN4",18.2322,13.491,19.5606,11.8472,7.1566,20.2005,13.9917,21.2459,5.4165,17.1384
"ARL16",14.5749,15.1509,22.3517,9.9491,15.1977,24.4773,36.0932,16.1212,14.8896,13.814
"LYRM4",13.3098,14.0479,15.6907,10.3553,14.6963,23.3742,28.446,13.7481,8.7664,13.5123
"MYCBP",25.8484,29.585,26.6032,26.0241,35.4615,40.2843,43.4603,26.9893,39.2906,25.6697
"ALG3",34.0755,42.864,24.5268,22.8712,55.1305,24.8383,26.9765,36.6442,32.1541,33.2421
"FIS1",163.8104,143.8822,143.3215,105.2332,108.4696,232.0884,309.4647,158.2543,93.2191,146.3823
"ANG",45.6687,29.1882,22.1069,21.0962,41.0414,38.8416,65.9676,29.8299,27.092,28.0871
"COLCA2",7.7937,2.0631,5.594,8.6707,4.524,5.9864,3.1551,4.7813,5.888,6.0669
"NEURL1B",30.628,26.6697,80.4187,61.9672,46.4238,42.3733,21.5775,49.5605,59.5491,51.5383
"HAUS3",2.5323,2.057,4.6062,3.4666,2.0791,3.7632,2.5164,2.6207,2.2464,2.8465
"BBIP1",2.7819,2.0317,4.4613,3.5514,1.9964,4.4629,3.1567,3.2979,3.4447,2.4275
"PPME1",14.7328,20.0023,15.1589,12.2583,18.9421,14.796,9.3502,17.923,13.416,15.5009
"STARD10",269.0675,192.0178,110.8048,125.7848,384.7289,253.6897,513.5426,172.8102,204.8881,199.142
"ZSWIM8",16.1845,13.4474,18.3657,17.4618,12.0568,11.615,5.6015,21.3878,11.5525,15.1099
"IFRD2",26.309,48.7224,19.6765,16.4985,55.4398,28.1726,30.002,40.2669,25.5945,25.267
"ZBED1",64.1928,41.9983,58.985,56.7021,67.3662,50.3304,40.7564,55.4285,48.6009,54.5116
"HNRNPUL2",24.6465,34.0758,47.4754,38.0619,38.0138,25.1755,7.5851,41.5806,42.6048,41.249
"CSKMT",1.6635,1.3504,3.559,1.3954,2.7739,2.7747,4.0169,1.13,1.02,1.5883
"ZSWIM7",13.6367,13.8819,18.9685,12.9816,14.7854,23.2352,30.2567,20.8902,12.262,12.6273
"ARHGEF28",3.0468,1.9959,3.0614,3.0195,2.2813,1.4246,1.214,2.4266,2.2274,1.9567
"RTL10",6.0881,6.2755,9.7957,5.3703,6.7121,3.5211,3.0597,6.0997,5.6374,4.4084
"PHB2",196.9997,163.2069,162.4502,110.8185,234.3376,223.4843,326.87,167.3656,135.8267,144.8032
"NEURL4",8.7521,6.8677,8.9784,9.3398,8.7081,5.3272,3.3736,8.3125,6.7295,7.9729
"UBXN2B",15.8074,14.0697,24.0144,17.2708,19.3148,21.2141,14.6351,17.2531,19.3943,15.6659
"PEX26",15.719,14.7816,15.1862,30.3683,42.4339,12.4297,13.0827,15.1512,38.9453,20.923
"FASTKD5",16.0431,22.8131,23.1911,21.9996,27.0993,21.849,12.3623,25.1235,22.9463,19.1072
"GOLGA8B",0.5911,0.4708,1.7043,3.6928,0.4945,0.8086,0.3889,1.9253,1.4463,0.6999
"DDX3X",49.6594,94.5348,94.0585,61.9316,54.698,71.4336,27.378,112.3549,71.9845,61.0696
"VPS16",17.6576,16.4161,22.8533,21.8552,23.4223,14.4719,11.252,18.7076,21.5291,18.0911
"MYL5",3.8459,3.0959,3.3975,5.7568,4.071,3.7455,4.3423,4.2909,4.4359,3.9209
"ZNF407",3.2514,5.0268,7.0866,4.2268,4.4628,3.0144,0.9517,5.4839,3.5102,4.6876
"NPEPL1",1.4694,0.7836,2.0726,1.5866,1.1788,1.2688,0.8004,1.8178,0.8823,1.2049
"TMEM242",10.6671,9.1452,19.5794,12.2964,9.7181,18.1994,17.205,12.2989,8.3592,11.2313
"TNFRSF25",10.9822,8.47,3.8598,11.3974,7.5351,5.0554,9.921,5.0284,11.0224,4.9645
"TSTD1",73.6704,54.4749,38.9481,67.5882,97.0731,88.337,175.0014,51.0716,58.1877,58.9064
"CYB5RL",3.373,1.6657,4.4242,2.3883,2.8564,2.7357,1.8789,2.9886,2.2371,2.1223
"FNIP1",7.9924,11.5199,16.6321,8.7925,9.2197,10.6102,5.3419,12.1959,14.0179,8.2088
"PAM16",1.6828,1.0251,1.4118,1.9713,1.4213,1.297,1.166,1.6122,2.1076,0.9965
"ZNF579",6.0611,6.0777,4.6808,4.1975,5.5391,3.8527,3.1148,6.8393,3.6517,6.5612
"RNASEK",1.2529,0.7717,0.9198,1.6001,0.6173,1.17,1.5563,1.0947,1.5502,0.9522
"NBPF1",5.4648,5.6874,14.7465,9.3143,6.975,5.7957,4.4458,6.848,12.0688,7.5281
"VAMP2",70.9847,54.6234,101.3416,76.3747,47.5558,70.9916,35.1188,83.6473,67.1119,66.7649
"C6orf226",18.2007,22.4029,18.3811,15.2821,27.6712,23.1034,23.5645,26.1318,14.0837,21.4073
"PPP3R1",28.7429,32.1061,39.1306,33.2083,30.7017,38.899,23.6863,30.3664,32.7412,30.1671
"FANCG",0.259,0.18,0.1549,0.2128,0.217,0.1971,0.2434,0.1645,0.6715,0.2916
"AP4M1",9.6989,9.2323,12.8931,9.6035,12.9138,13.1993,12.003,9.8975,8.6756,9.7618
"CEBPD",149.0061,169.6901,35.4847,86.219,52.924,79.2552,38.4398,228.5406,52.9733,125.3358
"ZBED8",3.0934,0.9765,9.0716,3.79,1.4161,7.424,6.4634,2.2406,0.8523,3.3851
"NPTXR",5.4352,9.5179,20.3681,8.8766,1.3095,8.1378,1.933,14.6621,1.5087,11.4924
"PPP2R2A",16.3969,15.9414,20.5282,14.8735,17.101,19.7226,15.5963,15.5283,17.9566,15.0145
"TRIM16",5.1305,7.8426,5.9646,4.5545,7.049,5.3055,4.1843,7.4607,5.985,4.988
"SLC12A8",7.5057,6.7111,3.9766,3.4387,12.9622,3.8164,4.8062,6.1779,6.4543,4.1953
"APOL6",20.6356,17.6577,36.5654,32.3244,26.9724,23.1833,15.2207,22.991,38.6312,22.4219
"FADS3",3.5128,4.4123,4.2845,6.0919,4.3941,3.4364,2.6752,5.2391,2.5053,4.7567
"CCNL2",20.1561,12.5373,21.8768,25.6186,13.5075,16.099,13.8245,20.1155,22.9268,13.8212
"UBA52",328.1167,281.7393,242.5872,220.4408,281.991,341.8616,397.4171,272.9285,229.637,291.2625
"PPT2",6.4156,4.7714,9.9876,6.7688,5.3604,7.6255,3.926,8.1429,5.448,5.9736
"TIAF1",1.1359,0.5771,1.7642,2.6535,0.7557,0.552,0.2112,1.1901,1.0096,0.7447
"FAM185A",4.8349,4.3196,5.4265,4.3337,5.5246,6.4483,5.5383,4.9651,4.094,3.9343
"EXOSC6",10.1039,19.6231,13.5978,11.3803,17.8278,20.1799,7.6523,21.313,16.1301,12.6472
"VPS52",27.6545,25.5276,31.0272,27.3283,32.9469,24.3107,14.7688,34.0214,30.1399,25.861
"ZNF844",3.4952,2.0795,5.9388,6.0487,5.0945,4.5186,6.2386,2.82,3.6805,4.6541
"CKMT1A",20.2344,31.4927,12.9039,19.3951,57.4383,10.8312,16.3756,24.6251,51.3324,25.7256
"HLA-DPB1",105.6822,107.3993,79.072,81.5749,34.6091,114.961,94.4335,81.0148,20.4849,93.9059
"CPTP",56.9053,78.0181,41.8248,50.6811,117.0779,45.3296,48.9846,57.9005,86.2164,82.6705
"C4B",2.8618,1.9096,2.7141,4.7461,0.5421,1.6749,0.3511,2.3093,0.74,3.1227
"ADM5",0.8896,0.9891,0.7981,1.0962,0.8384,1.3537,0.5402,1.6328,0.7841,1.1417
"ATXN1L",18.1746,23.4826,31.3512,20.2327,17.0119,16.8513,6.5112,34.4668,17.9751,18.1739
"HNRNPA1P48",3.4686,4.0846,5.3689,3.093,3.2692,5.3588,2.9975,4.7317,3.583,3.917
"NDUFAF8",26.7083,31.0508,23.6897,20.759,29.0099,31.0318,44.0614,34.4294,23.2567,28.6042
"PLEKHM1",14.3457,18.6105,11.8116,13.8779,17.5981,9.2274,6.354,21.6748,13.4996,14.9103
"ZNF469",0.6288,0.6592,0.9358,0.6344,0.2126,0.4446,0.154,0.8915,0.2244,0.6408
"MCRIP1",34.6187,32.5211,52.9687,27.8995,17.4483,62.5207,46.3817,41.9197,11.739,40.9374
"SLC26A6",25.4678,23.5628,19.0343,32.5168,39.3885,13.0034,16.6219,21.61,37.0766,28.0569
"IGHV3-72",247.7713,170.7639,86.8427,128.0589,82.4986,129.1438,304.633,204.9786,301.6465,113.9128
"ERCC6",3.5392,2.1367,4.0137,3.3925,2.4497,2.5507,1.5227,2.6526,2.2136,2.6306
"NOL7",58.2059,70.1482,71.9629,57.2613,73.5866,77.3248,55.1296,64.6384,55.7418,58.1692
"FTCDNL1",2.0546,1.3194,2.6993,2.3328,0.7954,2.8474,4.3684,1.8869,0.9987,0.9852
"WDR46",39.0119,62.1651,30.7613,29.5204,62.7329,32.6219,25.8145,48.2426,28.0898,39.8382
"PARG",13.4188,10.3321,17.0921,12.2635,14.969,12.7565,8.569,15.3967,16.0207,11.624
"LTB",32.5575,32.8976,10.5408,98.5899,9.1338,12.1206,11.2283,22.5507,6.4526,60.9671
"MT-ATP8",3834.8004,4963.6699,5016.2538,6178.7792,2273.8733,3409.0738,1827.3003,5813.98,3574.5362,5617.6967
"OST4",501.0306,365.4146,296.4841,258.5033,330.9039,531.4099,1030.5897,368.4723,258.8457,367.1801
"RPL41",908.2036,587.1162,552.6054,418.4554,578.651,1071.8678,2112.1285,645.511,409.7803,609.3135
"PRAC2",14.0095,8.1309,3.9993,5.4143,23.4073,13.0818,16.1582,8.3528,15.9715,14.5177
"PET100",1.4596,1.4477,1.0983,1.9145,1.3535,1.9345,3.1246,1.1496,1.5379,1.4312
"ACBD6",9.3247,9.5073,11.7431,7.6612,7.9514,11.9192,8.1892,10.6745,6.6349,8.2458
"HSBP1",36.6642,30.9946,37.8017,26.2808,35.7684,60.9027,92.0013,31.3401,33.4084,29.0691
"HLA-DPA1",181.839,115.2526,144.8969,121.2888,41.7751,147.7467,165.4599,143.3349,35.8145,148.1744
"RPS18",3371.2796,2006.411,2473.1954,1428.1662,2196.7551,4077.1917,11626.6064,2171.8391,1477.5342,2063.8141
"TAPBP",94.6125,119.905,106.0041,138.8874,201.462,60.211,44.0273,142.3821,199.0052,141.8388
"TMA7",23.9287,26.4799,21.1077,26.8512,34.3567,39.7476,58.3748,15.3814,35.2016,18.6715
"MCTS1",9.5365,8.7661,10.3609,10.2804,12.2893,12.0128,14.1892,8.374,12.2347,8.7901
"AJM1",4.3314,5.822,7.1055,4.6018,5.549,3.6578,3.5359,9.9294,6.1592,6.2008
"HLA-DQB2",12.9999,15.3061,1.2182,26.696,3.1994,15.3436,23.5909,12.0696,2.6986,9.5033
"TNF",1.4573,5.5378,1.5798,3.2771,0.5723,2.3099,1.8963,33.8769,0.5194,2.584
"PET117",1.018,1.5224,1.3502,1.0471,1.7521,1.8858,1.0943,0.8737,1.2392,1.0315
"LYRM9",2.3578,1.7864,3.2623,1.4842,0.7943,3.804,2.4766,2.2824,0.8542,1.1322
"RAB6D",0.8905,0.8056,1.7185,1.764,2.2646,1.892,1.7272,1.0823,2.1953,1.362
"TWIST2",7.6865,6.7334,9.4397,6.0053,2.8773,11.4893,4.3626,17.2748,2.3318,10.8816
"RPS28",410.7946,345.4865,240.9362,212.0866,318.7485,415.7041,583.8782,325.6404,262.4705,410.537
"UQCRHL",4.1362,4.2139,2.5579,2.2115,4.2729,5.5474,8.788,4.783,3.5257,4.8777
"TRIM26",42.4239,47.1553,49.3093,46.8804,53.6646,39.9208,21.5969,53.219,47.105,46.3117
"MCIDAS",0.0476,0,0.0854,0.0352,0.1121,0.0362,0.1548,0.0247,0.2221,0.0241
"JRK",3.5432,3.1825,5.4869,3.5622,3.8142,3.4173,1.3696,4.0772,3.246,3.5902
"HLA-B",2283.1395,1580.0513,1430.6981,1453.7255,1261.5419,1335.2668,1380.9919,1177.7173,1803.9629,1481.6721
"HGH1",18.7535,23.0532,17.7829,13.4774,40.4642,15.0255,13.9546,17.0417,20.9277,21.7872
"PPP1R3E",3.8644,2.5258,5.8307,4.9948,3.3308,4.5116,1.8872,4.2152,3.7835,2.939
"SMIM27",1.2247,0.999,1.7676,1.3582,1.2045,2.1877,2.1825,1.4107,1.0146,1.3488
"NFAM1",6.0489,6.8607,3.5135,4.3171,1.9279,4.7221,2.8209,7.0475,1.3868,4.5171
"B3GALT4",32.9787,28.245,22.4958,29.176,38.473,37.5643,35.1772,26.3637,32.0975,33.3065
"ZBTB22",39.0313,26.2492,29.7586,28.4031,26.4548,35.1778,22.4519,31.6954,28.2271,28.3082
"CDKN2AIPNL",33.1047,22.7829,33.7742,27.3612,30.5204,47.648,63.0922,28.5371,34.3127,24.9597
"CKMT1B",20.0389,34.8758,12.2069,20.027,49.8573,11.2652,17.5038,25.345,54.9403,31.0803
"ZNF737",2.6385,1.5851,3.8691,3.5491,2.4387,3.8165,3.4038,1.6802,2.5507,2.248
"RGL2",23.8856,16.138,28.6615,20.8291,12.7109,24.3991,15.6839,27.5016,12.3078,17.6489
"HLA-DQA2",72.7117,56.4867,0.0627,43.451,10.67,28.2863,115.0301,15.5374,6.7391,1.4516
"KIFC1",11.6683,23.8511,13.9986,22.35,52.8324,14.8647,16.5397,17.7827,37.0041,31.3289
"TMEM250",47.8643,47.5529,46.6455,42.7924,64.3019,44.6067,34.5261,48.7976,45.9434,57.3287
"RNF103",12.8332,12.733,21.0176,18.8868,20.8019,11.9232,9.1308,13.5911,22.7573,14.6142
"RBM14",19.4969,23.2229,18.2262,18.0533,30.7208,11.7837,9.6468,24.504,16.6058,25.3154
"ALKBH6",0.3797,0.2103,0.4685,0.8598,0.2796,0.3612,0.3088,0.2589,1.0705,0.2164
"NME1",8.1898,12.8901,5.1127,4.1469,10.3341,7.5819,16.4221,11.0817,9.2348,8.8273
"TNFSF12",44.8922,24.7299,72.7576,31.0618,14.1709,65.798,34.7927,43.7888,12.4808,33.6831
"APOBEC3G",6.7672,3.8726,6.5818,8.1285,2.269,9.966,8.1151,3.5056,2.0049,5.8677
"WBP1",4.6488,2.6023,4.7503,5.0283,2.0691,4.5851,3.7528,4.6958,2.9459,2.6605
"MRPS17",10.5769,9.027,11.7967,7.2459,12.8726,15.652,12.7845,11.8964,9.6595,9.0455
"GET4",0.293,0.1281,0.2544,0.3214,0.4098,0.1438,0.123,0.3535,0.0588,0.3256
"C1orf226",17.5167,19.9201,20.4742,17.6402,42.6825,17.4706,12.0653,25.9919,22.5976,19.6038
"ADSL",0.6559,0.7833,0.9235,0.8216,1.0303,0.9772,0.9186,0.9748,0.8714,0.8722
"LY6G5B",0.8236,0.3153,0.754,1.3172,0.4277,0.6394,0.2624,1.1351,1.3333,0.4258
"PSMB9",38.0322,26.1044,23.3326,34.8661,20.0662,30.075,39.3411,18.774,29.8153,31.2526
"SMKR1",0.736,0.8768,0.849,0.2332,0.2478,0.56,0.4105,0.6555,0.6542,0.6392
"COX19",5.2954,5.1874,7.9774,7.3927,6.3353,4.8141,5.3703,7.4014,6.5963,6.0574
"PPIL3",18.6537,10.6236,24.4062,11.7362,14.2859,29.1038,41.7896,10.662,15.4181,12.9312
"L1TD1",2.0877,0.5267,2.935,3.6376,27.7613,1.4569,0.4672,1.1605,17.974,1.1992
"AQP1",141.5135,102.6346,233.7638,83.4432,93.6272,156.8172,70.437,140.6157,36.2461,94.999
"ISY1",10.9203,10.0522,11.9225,9.7663,11.3837,12.373,8.4917,10.1702,10.4164,11.5182
"ARHGEF25",8.2628,9.646,26.0141,7.6417,1.0761,20.3463,4.4376,18.2464,1.2852,10.7621
"PEDS1",9.5708,13.1628,13.9235,10.4573,13.9547,11.0941,6.4526,13.1471,11.6195,12.5743
"NSUN6",5.8255,5.106,6.7841,7.7656,6.0036,6.0889,4.8047,5.5176,7.0017,4.591
"HLA-DOB",4.2194,3.8044,1.9044,8.0764,1.4883,2.4422,2.7958,1.9095,1.6105,6.2163
"YAE1",12.8553,17.2574,15.1046,9.5926,20.2188,33.8854,43.477,12.6326,17.7977,12.0174
"TDGF1",3.4385,2.304,3.0851,2.8751,11.4202,1.931,7.5372,2.8283,7.354,2.3227
"CRCP",30.4367,33.1348,38.3471,27.9397,35.8892,37.4249,32.7331,30.9798,32.5012,24.0158
"RPL36A",0.5396,0.5625,0.5533,1.0829,0.8961,0.567,0.3177,0.7609,1.4589,0.4947
"RPP21",0.3806,0.3637,0.74,1.2664,0.3289,0.4827,0.4128,0.8569,0.8388,0.45
"CD302",7.3223,3.3082,12.175,5.1365,2.4143,11.0473,6.2762,5.2578,2.2351,3.2159
"ATP5MF",55.0813,39.937,26.6086,35.6485,55.0483,60.1611,148.0789,36.8016,57.8106,45.3419
"ARHGAP8",0.5309,0.5108,0.6045,0.4831,0.6062,0.1864,0.2258,0.6788,1.2862,0.2069
"ARPC4",103.0027,125.2288,74.134,92.1358,148.5167,119.7845,157.1082,86.596,118.3746,108.1443
"INMT",4.4364,3.1929,12.8889,3.9717,3.0009,8.6109,3.8486,7.1648,3.7084,5.5196
"ARPC1A",33.1812,34.637,31.2532,28.3076,40.4582,36.7899,35.7613,27.2718,47.3896,32.321
"ATP5PO",38.1675,35.947,36.0174,33.8623,42.85,57.8844,96.0056,35.7645,41.144,40.2853
"PLEKHO2",26.4096,24.8588,32.6248,25.4065,7.8713,44.042,19.4185,32.716,8.5819,25.4417
"PISD",15.4196,16.38,16.4844,13.9754,16.7026,15.3741,13.0009,14.9517,10.6771,12.4454
"PI4KA",24.1209,28.3956,31.4942,25.8338,28.9639,17.8666,8.5427,37.6816,25.3199,26.6125
"AMACR",2.533,2.9141,1.6785,3.4813,3.4176,1.9672,2.6532,3.1995,3.6783,3.738
"MTFP1",1.1116,2.3835,0.285,0.7044,1.7063,0.6283,1.4465,1.6829,0.9386,1.6734
"ARHGDIG",0.8546,1.293,1.7313,0.7745,0.5976,1.0907,0.9327,2.0622,1.1577,1.4804
"ARFGAP3",42.632,82.513,41.3636,29.8047,44.0248,47.4887,29.9956,42.5791,50.3805,36.1787
"EIF6",123.8892,271.7266,85.2149,103.6749,206.7845,125.0668,148.0897,140.9062,121.4958,133.0038
"MRPL20",62.3217,75.6676,54.7423,46.7164,68.2657,71.7501,66.7932,71.8469,49.5133,63.2966
"ARPIN",25.0567,21.8457,39.7153,27.1412,27.5067,24.9621,11.1358,31.5231,29.8136,22.6965
"UGT1A10",18.0247,19.0735,18.4159,25.1494,38.1748,11.4183,14.1105,21.8622,28.2618,13.4565
"HLA-DMB",31.3525,16.1958,16.4279,24.6905,5.4125,40.4497,56.2453,14.9045,5.4624,19.6717
"DECR2",21.3725,15.2658,12.0245,13.3805,18.852,12.0319,24.0124,8.9665,17.4704,8.7703
"AP5Z1",10.3307,12.4055,9.3177,10.4947,15.5229,7.3478,6.5674,9.9391,11.7659,11.8567
"EIF4EBP3",1.6908,3.1415,1.8467,1.3044,2.0093,2.3491,2.1044,1.833,1.6008,1.9366
"MRPL33",66.8053,50.9161,72.7369,51.5304,45.4451,119.5208,149.845,58.2147,42.1536,51.8207
"MICAL3",7.3633,7.0125,7.3558,9.0352,7.2972,4.466,2.1916,8.4331,5.9983,6.0993
"STON1",5.9409,7.9006,37.2341,10.0647,1.6443,24.979,2.4765,20.316,2.066,11.075
"IGKV2D-29",157.9253,64.6489,13.4835,32.768,16.3251,73.8392,152.9643,92.7576,67.7489,22.196
"PRAF2",4.5058,3.802,7.0953,6.0281,2.8023,4.9442,2.5527,6.9107,2.9559,7.8888
"KCTD7",5.7156,4.5896,12.3464,7.1539,2.2251,7.3504,2.597,8.3669,3.1043,5.2012
"EFNA4",35.0567,28.8521,25.235,27.9262,44.2717,29.9108,44.9844,18.2745,32.1493,35.439
"NAA80",7.9344,7.0054,6.5325,6.6253,6.8184,7.2088,5.1016,10.3287,9.0745,6.7154
"CFB",1.8521,0.4714,0.3285,0.5573,0.4161,0.6227,0.7847,0.7608,1.1054,0.6765
"WDR92",3.5708,2.5466,4.8337,3.9461,3.649,3.6797,1.9564,3.0851,3.5273,3.0595
"NME2",0.2653,0.3829,0.1831,0.5432,0.6925,0.7143,0.4515,0.7634,0.4762,0.4757
"LEFTY1",202.2389,53.8017,35.2891,53.3795,107.1008,66.5758,137.2075,47.7226,60.005,42.9381
"OR2A7",0.9943,1.2091,1.0195,3.2904,2.1866,1.4049,0.3388,2.1152,1.9515,0.1439
"MRPS6",19.4213,15.9933,29.2232,19.6211,17.2149,31.005,31.074,20.5125,16.2075,19.292
"ZNF512",10.2466,6.4564,19.7578,11.7444,7.2677,16.1209,5.3936,10.2249,5.1865,9.9131
"GSTA1",1.0092,21.7111,14.7044,8.1178,28.0785,17.9983,48.273,15.6018,4.6463,9.3666
"NFS1",9.8369,6.9031,11.3072,8.6047,10.2121,8.4562,6.6807,9.5962,9.9196,7.439
"DDOST",318.0747,302.0303,214.7089,178.8955,401.0432,245.7554,323.021,295.1249,289.1433,246.2553
"TMEM199",4.3468,4.9268,4.3311,3.8334,5.3923,5.8664,4.7984,4.5975,4.9361,5.0611
"P2RY11",2.2377,3.5979,2.563,3.3792,3.5002,1.6664,0.9603,4.7982,3.2584,2.798
"LY6G6D",0.1659,0,0.1489,0,0,0,0,0,0,0
"ETV5",3.5386,3.3848,6.0805,2.5314,1.73,4.1628,2.9626,4.4283,2.3059,4.4617
"LILRA6",4.011,1.055,1.4126,1.3026,0.4063,1.1409,0.5122,1.9668,0.4081,0.7597
"APOBEC3C",64.1227,52.678,99.7111,105.4717,76.2539,74.355,66.5909,68.0627,49.4791,55.0546
"UBE2V1",0.5921,0.4849,0.8728,1.0163,0.6079,0.8849,0.743,0.8679,0.9539,0.5143
"C4A",3.1884,2.4406,1.8901,1.8417,0.6305,0.5957,0.3334,3.0465,0.9188,5.3147
"HBB",26.6438,168.7464,54.3293,138.0642,23.6761,508.289,650.9034,239.2753,176.2813,104.3851
"N4BP2L2",9.1302,5.6584,15.2211,11.1404,5.7818,14.366,8.7147,9.3473,8.4362,6.1273
"CEBPA",15.6102,20.9663,17.0807,14.4228,40.834,19.1345,20.2362,22.832,22.3915,26.1963
"H2AJ",64.5903,67.8303,39.6869,56.519,96.2591,72.0239,126.7531,58.4645,88.3759,66.2459
"PGAM5",27.0316,49.9691,24.1024,20.2999,62.9955,37.5446,34.0005,37.2457,33.3435,28.6959
"ZCCHC3",28.119,29.7142,32.1209,31.9709,23.6062,29.5213,18.1141,36.8886,20.5294,30.0671
"TWF2",17.1546,17.5402,17.3883,15.7241,19.5207,15.832,18.009,17.8734,13.059,20.5445
"MARS2",11.7976,18.5419,10.6906,9.0833,26.8231,15.8014,10.4023,21.21,14.4498,10.1805
"INSL3",2.2629,2.1861,0.7923,1.9587,3.4854,0.7559,0.2155,5.7918,2.9189,1.51
"ADH1C",489.9522,216.8857,526.0625,298.0129,476.1851,537.0852,653.0035,385.398,260.7721,342.7683
"CDK11B",29.413,38.0523,31.9292,32.5705,41.8103,24.9224,11.6245,37.0046,39.1879,38.322
"FMN1",5.0918,4.2569,5.0329,4.7457,7.8667,2.8836,2.0047,6.8518,7.4235,3.9904
"HAUS5",5.895,6.1654,6.4833,6.4969,7.7352,5.7418,3.5033,7.9133,5.3241,6.3585
"PDCD6",1.2772,1.0455,1.7803,1.848,1.1159,1.2678,0.9629,1.4465,2.3531,0.9275
"YJEFN3",1.8938,0.2333,1.2666,2.724,0.6328,0.6026,0.5825,1.0911,1.0176,0.471
"SMIM20",51.6389,34.4226,57.3885,45.1879,48.4023,90.2173,118.6395,42.586,49.7944,39.0021
"CHCHD10",274.0298,303.3075,136.7602,184.8055,371.7523,179.372,279.1043,250.4143,257.5919,270.5765
"ATP6V1E2",1.6427,0.8211,2.4306,2.2302,1.1861,2.0466,1.2625,1.9962,0.5529,1.2362
"SELENOP",174.2472,110.9767,115.4048,160.3372,96.2745,217.5449,305.956,85.7807,151.8522,148.1759
"IGKV2D-40",69.5926,8.3758,6.8016,25.7822,19.1489,14.0738,22.8859,10.7118,2.8299,18.2816
"ZNF674",1.2073,1.0444,2.6527,1.0201,0.9521,1.8496,1.5923,1.425,1.0475,0.9487
"SHANK3",4.6048,3.9355,6.5338,5.583,3.0201,2.9921,1.1372,8.1599,4.5222,6.6183
"SHLD3",4.277,3.2367,4.5207,3.552,4.8319,10.1638,17.192,3.6524,5.24,3.3839
"HOXA10",10.7365,8.2076,23.2219,11.1373,12.5975,16.2128,8.6427,10.3296,9.1806,12.5716
"NACA2",0.8926,0.5981,0.4576,0.2828,0.2404,0.7762,0.4978,0.1987,0.2975,0.4522
"SLC10A5",2.3545,1.6361,3.2648,3.1651,3.4296,2.28,4.4101,2.0015,3.9952,1.8797
"EIF5AL1",0.6235,0.8712,0.2381,0.5885,0.5377,3.977,4.6955,3.0737,7.3254,3.1186
"ALG11",2.1089,1.6159,2.0359,1.7481,1.6775,2.1878,1.7018,1.6647,2.0611,1.312
"ATXN7L3B",53.3044,41.4396,58.8362,41.1651,50.651,54.2426,41.1389,43.731,39.2854,40.8885
"PRKDC",17.8529,37.5341,36.2118,26.5257,37.2398,13.6237,7.15,46.1826,30.3142,26.022
"CLDN23",79.7174,292.9089,52.8166,118.2592,255.5691,98.3734,78.6274,241.2669,150.9933,231.5428
"LYN",24.6784,22.0962,16.6988,30.4297,14.6289,21.1537,18.1964,18.0494,18.3699,23.0458
"PINX1",3.6155,6.4008,3.8469,3.385,7.1749,5.8335,5.3193,3.9262,3.7019,4.5654
"SIGLEC14",2.8628,3.29,2.371,6.2593,0.761,1.3404,2.9611,1.3982,1.5985,3.4462
"AP5B1",11.8382,19.2011,11.6166,16.7493,20.8914,10.773,5.8502,15.8786,17.5505,16.5949
"OMP",2.0709,0.6476,0.3716,1.0718,2.8302,1.1029,2.1558,1.3985,2.5769,1.9934
"FPGT",11.6512,7.0376,15.9864,11.4435,9.6145,21.2906,25.0094,7.5468,12.0564,7.928
"IGLL5",12.9356,10.5486,7.1683,12.9392,4.1955,7.9316,13.3174,10.4751,11.2437,16.8849
"MEX3A",1.4531,0.9668,1.1373,1.0058,1.9669,1.1997,0.8448,1.0279,1.07,0.7988
"SLC22A18AS",14.9382,18.8035,10.9981,13.9063,42.6593,19.2954,35.1954,16.2679,48.3227,15.1612
"MPV17L2",14.3681,19.3527,12.7169,10.6228,28.3653,18.8356,13.896,16.8192,17.0255,16.4274
"BORCS8",3.4993,3.2619,2.9439,4.6134,4.8444,5.5702,5.3925,3.8327,4.4103,3.7282
"DPP3",42.9248,59.9224,27.9274,43.3372,90.1988,26.5292,27.7028,46.5672,73.3409,61.4439
"BRK1",399.6639,343.9477,426.6223,286.3804,287.0884,619.498,655.4071,391.3506,272.7182,346.3382
"CHMP1B",108.7761,119.3693,73.3538,87.6765,89.4582,119.7083,81.4415,143.0577,82.845,103.4585
"EID1",264.3325,219.0364,571.1095,217.7888,130.0644,624.5801,273.5115,338.0175,112.4487,235.3453
"EBLN2",1.153,0.7906,2.0145,2.2433,0.8007,1.5698,0.4738,0.9457,2.1709,0.4919
"POLR2M",12.2584,7.5717,21.3083,10.4868,8.7796,24.2046,17.1531,8.995,9.1073,7.654
"FDXACB1",1.2338,1.6897,1.3901,1.294,1.555,1.3972,1.5868,1.5203,1.2273,1.1484
"TRIL",2.9913,2.3491,11.1395,4.9835,3.64,2.6345,2.1595,6.4924,2.6131,4.9408
"MTRNR2L8",1.2608,4.5584,1.6968,2.8547,0.7427,1.7986,0.9741,1.9649,3.1254,1.9961
"CTSO",52.1766,37.1966,95.8688,49.0207,25.7425,72.0755,35.1616,57.341,42.8554,40.6529
"TRAPPC2B",5.0532,4.1507,6.0614,4.2233,2.226,10.782,6.1108,5.6781,4.0153,4.1462
"ZNF10",2.0686,2.2329,5.7742,3.0724,1.0399,4.0852,1.1365,3.6967,1.3871,2.1985
"SMIM3",25.9399,30.5719,25.9048,15.1027,22.743,50.7419,43.6881,41.3013,12.7157,20.698
"HMBS",14.9841,18.4243,8.5514,7.792,29.2064,17.3103,26.7426,16.8891,17.9431,13.9174
"ZNF225",1.8348,1.2775,3.6484,2.116,1.075,2.6196,1.18,1.2218,1.179,1.4141
"POLG2",3.7213,1.9043,4.8271,4.0772,2.8735,3.5477,4.1568,2.2825,3.173,2.6008
"ZNF350",7.9859,5.5415,10.7877,8.4749,5.846,10.1382,8.7569,5.6168,6.5247,6.0119
"ZNF253",8.2801,4.3738,9.091,8.2177,6.0184,8.4142,11.0483,3.9223,6.4613,4.6926
"DENND11",29.5403,20.5942,30.6531,25.372,26.5585,20.8926,12.927,28.7233,21.9253,17.456
"LSM14A",81.2652,72.6151,110.8012,87.4499,73.8631,98.5999,48.7542,86.6502,65.6204,72.5791
"GATC",10.544,8.4171,12.4203,8.5461,13.4607,12.0074,14.4409,10.9429,9.2588,7.5862
"FNTB",4.3612,3.9406,4.3126,3.4141,4.4159,4.1915,2.5652,4.6434,3.1712,4.5284
"CNPY2",1.4174,1.1433,1.4837,1.4721,1.3996,1.6434,1.4272,0.9818,1.9947,0.9404
"MGAM2",3.3018,2.8365,4.5471,13.4654,5.1474,1.6336,2.534,3.625,18.9019,3.959
"CUX1",27.2971,28.4344,36.2823,26.6714,26.7792,24.1357,17.3104,35.4547,24.3492,26.2815
"MAP1LC3B2",2.6464,1.8757,2.4693,2.7392,2.4444,3.3828,2.7549,2.1721,2.1405,2.4938
"CHURC1",46.3715,14.7095,72.4338,35.1135,15.158,59.2744,31.5503,29.6867,29.0766,19.3904
"RBM8B",1.1644,1.1126,0.3482,0.7174,0.3658,0.7383,0.3788,0.7057,0.4528,0.6882
"PDF",0.3386,1.4115,0.1279,0.1317,0.9573,0.1627,0.3478,0.4999,0.2217,0.5597
"RNASE4",3.926,2.761,2.0371,1.224,3.2991,2.6992,1.1387,1.5972,1.3243,2.8997
"MC1R",0.4924,0.1674,0.5378,0.7756,0.3229,0.2932,0.1672,0.545,0.3164,0.2712
"SMIM6",19.8188,22.5524,8.1946,24.9785,28.2491,21.455,30.0007,16.8598,24.0681,22.6421
"ITGB3",4.8935,7.2196,14.7646,6.3091,2.0524,8.2535,1.3488,12.1302,2.2622,8.215
"THTPA",4.8233,3.5779,4.5801,4.1126,4.098,5.3842,6.0014,4.5723,2.6285,4.4591
"MRPL46",1.122,1.3603,1.0995,0.7884,1.155,1.4289,2.102,1.1575,0.7921,0.8708
"RBM15B",35.1007,41.0352,34.7078,28.6804,45.7897,29.6674,16.0421,47.9587,31.9753,33.7266
"HOXB7",61.8362,33.1524,50.3976,57.4382,62.7355,70.4834,154.6478,32.5233,76.1107,43.1966
"MRC1",30.6762,18.2697,43.4689,17.4819,8.0889,33.5757,13.4548,33.9528,9.6833,13.7006
"SCX",3.6388,3.3607,5.3724,3.4055,1.259,4.9064,2.2776,5.7906,2.8658,5.6939
"CCPG1",5.274,4.5911,7.6542,6.016,4.654,6.879,4.5325,5.3892,6.4274,5.015
"ZNF865",12.1301,14.4356,13.5796,11.1302,13.5764,7.1897,4.9854,14.4594,11.7078,15.3498
"BOP1",20.3589,46.3119,18.4683,20.004,50.5652,14.4104,11.3216,36.696,27.3755,30.6271
"PECAM1",59.1896,45.9795,84.6114,44.8606,26.5661,53.4569,25.8703,63.349,47.67,50.625
"GAN",1.9632,5.5978,3.913,3.4164,5.6949,2.3653,1.0641,5.8529,5.224,3.5412
"C15orf65",8.3263,4.3393,9.9277,6.8849,8.7769,14.6707,22.952,6.4311,8.6055,7.16
"CORO7",2.3638,3.7562,1.549,3.2811,4.8545,1.6927,0.9801,2.9435,3.1721,2.8765
"MMP12",15.7696,18.7685,13.697,34.8943,11.5689,20.125,39.9123,54.236,10.5245,40.7396
"SPON1",106.7641,143.4801,77.2294,65.2132,176.2118,88.194,71.3519,89.6613,133.4402,92.1407
"MRPL12",22.6192,40.0485,8.9692,15.8273,55.2483,15.2892,41.653,30.6871,26.8578,36.4758
"CCNQ",32.8384,36.0331,29.8715,25.0198,43.5486,57.0895,77.2001,27.0798,26.8381,32.8734
"GTF2I",4.5026,4.1952,7.7317,3.9787,3.5513,3.7516,1.7594,6.2327,2.8112,3.6808
"ZNF234",3.4958,1.9542,5.7122,4.144,2.5402,3.7891,2.7827,2.7088,2.6276,2.8792
"MYZAP",5.9611,12.7129,7.1076,10.4962,6.4131,10.3839,3.5212,7.5583,7.5945,8.4044
"SRSF8",58.0894,53.983,61.2524,48.4363,64.8227,60.6046,50.1125,55.0049,50.1044,42.3277
"IKBKE",20.4527,12.0458,9.7418,18.6782,17.3518,10.2653,15.0906,12.4957,12.0812,16.9384
"NBPF11",2.6984,1.1965,3.6276,2.9133,1.3403,1.9683,1.1593,2.4475,2.1052,1.2759
"DYNLL2",57.3799,73.015,101.8748,66.1658,69.649,61.6573,23.6841,89.0155,62.5573,78.9331
"OTUD7B",8.1621,10.0189,15.7078,12.3833,11.6356,8.0837,2.868,11.0862,11.3605,12.2598
"GJA5",5.0355,3.1007,7.2842,3.7115,2.4387,7.7333,2.4597,5.3927,4.2174,3.4381
"TIMM23",98.12,130.4736,98.0197,88.2423,150.0975,150.8086,125.8397,113.6856,103.8091,97.7717
"RNF115",9.19,6.9862,16.9039,8.276,6.7297,13.3327,9.351,10.7446,6.2694,8.6117
"RPL17",2.7889,5.3401,1.594,2.3521,3.1153,3.4894,6.6935,4.4429,2.3778,2.784
"SEC22B",18.1422,16.29,20.459,14.109,16.9984,22.9331,17.1757,15.3885,17.6553,13.8483
"TXNIP",1018.7596,841.8899,1844.2725,1462.6616,535.7065,1904.5468,605.2188,1159.1308,513.753,837.8279
"SRGAP2",2.392,1.8699,4.4147,2.9074,1.6878,2.4035,1.108,3.326,2.3304,2.7003
"BAHCC1",5.1469,3.9084,6.4032,4.6791,4.1997,3.4305,1.5429,8.1172,4.1995,4.8707
"RASSF5",14.1035,13.5357,7.6145,20.5845,4.9013,9.4248,5.0561,15.7914,4.8736,15.1859
"NCOA4",222.958,234.2038,324.8212,201.9602,268.5737,340.8932,241.8881,256.8452,238.6868,188.1882
"MRPS21",71.7966,73.2068,76.4216,61.167,63.3159,101.9149,105.7106,83.8744,59.7986,86.8913
"S1PR2",7.0619,9.0807,7.4024,13.4818,3.0446,5.7242,2.8569,9.9668,3.2626,13.8292
"ZNF224",2.7896,1.5173,5.4946,4.8141,1.8452,3.0773,2.0716,1.8254,3.8482,2.0418
"SMIM22",52.2956,43.7151,16.6206,42.7898,62.7368,43.2475,130.9332,31.6497,55.7936,55.087
"NBPF12",2.1227,1.5699,3.7586,2.0614,1.4988,2.0361,0.8569,2.6348,1.787,1.6539
"SLC6A14",12.1294,15.5225,0.3426,0.7473,0.3493,2.4781,0.9353,0.9335,4.4545,2.5604
"MTRNR2L12",4.1765,6.3274,6.7972,17.378,2.8837,5.0991,2.6541,5.3484,11.7083,7.7748
"FBXO17",2.9873,2.6373,8.2409,3.1754,0.8918,6.1474,1.826,5.9423,0.7772,3.5439
"MAGIX",4.7682,2.4226,2.1838,4.7348,7.5685,5.3887,5.5945,4.1767,5.7718,3.76
"IKBKG",3.8973,4.3677,4.522,3.878,4.4328,3.8125,2.7645,4.4145,3.0766,4.8397
"TMEM185A",6.0247,4.8282,10.0665,4.4981,4.2262,6.8985,3.9841,6.8649,4.3014,6.1746
"EGLN2",1.3251,0.9047,1.5991,1.8219,0.8838,1.2853,0.3529,1.7874,2.6999,0.8402
"TAF15",68.4444,88.7162,82.6496,75.2904,87.9338,49.6517,23.2235,94.7553,84.5722,86.1713
"RASL10B",0.8268,0.8921,0.911,0.6435,0.1641,1.3685,0.3964,0.9796,0.1128,0.9994
"MMP28",62.6974,84.7432,37.5397,62.0105,101.9304,59.9759,56.8765,47.7188,94.7633,79.7418
"CCL5",102.8049,49.5928,38.7241,93.872,50.4495,62.7826,44.3555,55.577,20.7743,48.2095
"GTF2H5",7.6567,7.8614,14.4642,7.8465,6.8675,15.3506,14.1693,9.2774,7.2692,7.5398
"KMT2B",14.0057,12.5935,15.8516,16.0652,15.7801,8.4999,5.0251,15.2952,12.9981,13.0366
"POM121C",9.591,13.3413,12.3464,10.0113,13.0136,7.456,3.7456,16.4094,8.5671,10.2639
"CD24",1079.0967,685.5627,859.1853,926.0379,1474.7886,906.621,1355.1138,789.6914,1640.7434,997.5256
"DOC2B",5.9127,6.2615,7.2712,5.7353,3.1133,4.1628,1.2823,7.7485,4.0465,6.3984
"DCP1A",18.2335,17.2822,23.4601,18.6532,15.4936,20.2379,9.8425,23.1336,15.1153,15.9965
"CWC25",15.5916,17.6951,19.7591,20.7838,14.915,15.2956,11.8305,24.2489,18.1299,15.4369
"EPOP",1.0643,1.9413,0.5055,2.43,0.6491,1.0955,0.6721,2.9107,1.2415,2.3629
"ZNHIT3",8.822,7.0276,10.7722,7.4461,8.4728,16.3344,18.0025,8.0181,6.3277,7.9971
"CYFIP1",44.0364,57.5816,27.0624,42.9303,66.5913,36.4606,24.0806,62.7684,60.0185,49.2196
"H2BC8",4.284,1.7654,2.7412,4.0758,5.8532,2.7289,9.2478,2.7603,3.4092,8.9508
"USP27X",3.4294,3.2119,7.4914,3.993,2.6857,4.8656,1.6815,5.99,2.5769,4.1463
"TAF9",40.6512,34.823,36.7143,31.4202,47.3305,64.5749,79.9531,35.9182,39.5386,30.3824
"NOL12",1.6475,0.7106,1.4781,2.3311,1.5126,1.2319,1.6633,1.2395,2.3416,1.4966
"H3C8",0.7818,0.6167,0.6825,0.7811,1.3144,1.0289,1.7047,0.7684,1.4132,1.1989
"CASTOR2",2.0052,2.8213,6.0489,3.8647,3.0426,2.2295,1.0421,4.3796,1.2553,4.9316
"SOCS7",6.8849,5.8613,8.5069,6.5667,7.0543,4.7004,1.8845,10.2919,4.5229,5.3424
"RCC1L",33.1449,37.1167,39.4106,27.9162,48.6444,36.2666,30.6173,37.2747,36.8999,36.9917
"H3C6",4.1835,2.7353,3.2075,8.9416,4.0685,3.5882,3.7611,3.6945,6.6254,5.6647
"MLLT6",31.8735,29.4872,37.3841,33.0035,28.8847,24.7708,11.089,42.9325,24.2513,26.0945
"PPP4R3B",38.6495,32.3044,57.6048,40.0342,40.6407,49.8696,37.4571,37.3149,41.8613,33.8784
"SYNRG",12.1753,10.4872,12.9903,14.4967,10.6562,8.801,5.3291,11.3342,10.9987,10.1693
"NUDT18",15.6549,13.3203,10.6319,13.4424,18.5326,18.3859,13.9459,8.2381,13.6431,16.7746
"ZNF2",2.69,2.259,6.9772,3.2235,1.9105,4.4231,3.2681,3.6822,1.9829,3.0744
"CCL4",7.3506,20.6482,3.0047,7.8476,1.5247,6.8236,8.5679,40.22,1.7216,7.8506
"PRAG1",19.5994,28.2979,20.5279,31.0333,40.3148,11.6802,10.029,14.3437,20.9177,38.3011
"CCL18",29.1521,24.5279,9.1088,36.8334,3.3491,236.9234,57.7502,4.5959,13.0842,30.1996
"FCGBP",284.3269,755.8138,519.3163,639.943,950.9178,172.6276,239.3675,799.4115,1095.5404,735.6115
"HNF1B",18.1685,12.9716,15.3272,15.1667,31.8726,8.7496,10.7162,6.8559,19.534,20.1562
"FP565260.1",0.8928,1.3434,1.6864,1.1018,2.6257,1.379,0.9521,1.081,1.0963,2.0813
"AATF",27.5546,44.1524,35.8553,30.2615,41.7063,26.9444,13.7157,36.6676,29.9003,34.4458
"H2BC9",1.6816,1.7013,0.5769,2.4134,2.7504,1.2795,2.3813,0.9507,1.7694,1.9795
"CCL15",6.208,9.6814,3.1463,9.4599,9.335,8.4372,8.4481,3.3973,9.7297,8.8832
"TUBGCP5",6.9832,6.0295,4.8316,6.0254,5.7007,7.4652,4.637,7.3632,5.7913,5.5537
"PRSS2",0.2023,0,0.2178,0,0.1907,0.0616,0.5265,0,0,0.041
"SIK1B",16.3087,6.3855,0.9051,18.7856,0.2872,4.5093,0.1914,11.9112,1.9613,15.7262
"UHRF1",2.6932,6.0273,2.3986,5.5636,9.2111,1.8081,2.0486,3.8372,5.0978,5.8892
"ORAI1",29.4131,37.7473,25.9449,24.0772,36.0219,27.2114,22.9759,29.3659,22.9799,36.3749
"CCL4L2",5.5429,6.4617,1.2433,4.7451,1.1342,6.8809,6.1687,31.1056,0.6806,2.0322
"CCL3L3",1.838,0.8675,0.7467,1.1281,0.2942,5.0133,6.092,21.4381,0.0539,3.3382
"H4C9",10.7478,8.0429,7.6296,10.071,10.501,9.4056,13.4732,6.2991,11.2061,14.241
"PIK3R6",1.9434,1.5491,1.7693,2.2398,0.7542,1.5222,1.5991,1.3511,0.7335,1.8389
"TADA2A",9.6248,6.1041,10.9138,9.3142,10.7751,9.0077,10.1252,8.6665,7.7172,6.3184
"PIP4K2B",28.6065,23.9922,58.6625,29.8614,19.6443,33.0051,13.701,37.0631,16.3643,28.1525
"RAB7B",3.9113,4.2929,6.9936,3.2903,2.4229,4.059,3.7587,7.0935,1.9132,4.7193
"DACH1",5.1689,3.7556,7.9718,4.3934,4.9962,4.4495,5.339,6.6443,4.548,3.6604
"H4C5",0.2741,0.25,0.6148,0.7599,0.9687,0.4171,1.0699,0.4627,0.1599,0.6596
"H2AC8",8.8075,6.5723,3.5919,7.3997,9.5275,7.1582,16.1493,4.6794,5.2929,9.3299
"PIGW",6.7277,16.1249,6.8431,6.3572,17.6157,9.7997,5.4071,12.1669,10.8281,6.9262
"F8A1",15.1968,11.0663,15.5824,7.6516,9.6423,8.8699,7.0818,7.5701,14.571,8.2867
"PCGF2",10.987,7.7305,10.4956,12.1041,8.3308,11.5068,6.8556,10.5707,21.6946,10.9561
"SRCIN1",1.2359,1.0834,1.9748,0.846,0.4528,0.8839,0.4774,2.0055,0.4891,1.124
"MARCKS",292.8785,217.7015,360.4189,328.0028,331.1095,268.0591,200.475,204.9511,248.6163,261.8297
"CCL3",1.0912,2.7367,0.1836,0.8067,0.3535,2.2312,5.6351,10.5574,0.053,1.9348
"PSMB3",215.5945,237.7667,161.1474,201.4142,297.0111,265.4182,397.6269,218.1045,225.6397,242.6692
"CISD3",67.1842,77.2824,45.6774,48.0529,118.0358,79.8835,113.0843,62.4179,67.0147,65.6572
"RDM1",0.4643,0.5915,0.6017,1.1061,2.188,0.8243,2.2488,0.7236,1.2839,1.4636
"DDX52",7.8971,9.123,10.5632,9.4319,11.6258,10.6421,7.9106,9.3659,9.5056,8.1751
"MYO19",7.5159,8.6381,5.5512,6.8098,13.1688,5.1345,5.3995,9.3025,10.6419,5.756
"GGNBP2",20.8341,19.2866,29.8306,23.0605,20.2598,21.1197,12.6023,21.5696,27.3354,18.6582
"DHRS11",60.5755,50.9082,57.1525,88.5348,108.42,59.7084,66.4873,55.497,102.9703,75.2255
"ACACA",10.508,15.9193,17.9359,10.2795,20.8365,8.3106,3.7162,20.5423,16.7337,11.4519
"MRM1",12.4381,10.9433,9.4446,10.5272,25.5349,7.5034,10.778,6.9938,14.6929,11.2275
"H3C10",8.6485,2.2322,5.6163,11.4485,8.3842,7.3323,9.7533,4.6639,19.2171,19.8212
"MRPL45",80.302,52.7569,83.6883,53.2695,75.2912,102.5431,126.1223,63.2722,62.8235,52.4668
"FP565260.6",0.7626,1.1678,1.6049,1.7819,1.8013,1.2178,0.7106,1.0564,2.4895,1.4596
"PAGR1",5.3784,6.8945,4.0586,4.6084,7.3621,4.8026,3.371,6.4761,7.1793,5.6229
"BLACAT1",0.2422,0.1814,0.2173,0.1231,0.1641,0.1152,0.0394,0.2044,0.0824,0.1994
"ADORA3",5.0745,3.0283,3.428,2.5894,1.8568,6.874,7.5353,1.6127,1.2381,2.9439
"AC068631.3",2.9434,0,0.8126,2.0088,0.8536,2.0672,8.2494,0.941,1.7609,1.1471
"EXOC3L2",3.7996,2.8455,2.8934,3.2813,2.3624,2.4537,1.1633,5.5732,3.0047,3.9955
"AC005551.1",4.7534,4.6314,1.298,2.4447,4.8697,3.3021,5.513,3.2208,3.8575,2.3035
"EEF1AKMT4",7.0537,11.219,3.2815,3.1677,19.7477,6.2017,13.9379,6.7315,8.3708,6.406
"BX255925.3",29.0459,34.6955,21.4415,31.8274,62.7213,24.5552,33.4227,23.0559,37.7524,37.9437
