"SYMBOL","Description"
"ACOT8","acyl-CoA thioesterase 8"
"CDH2","cadherin 2, type 1, N-cadherin (neuronal)"
"TANK","TRAF family member-associated NFKB activator"
"HDAC5","histone deacetylase 5"
"PDCD6","programmed cell death 6"
"TROAP","trophinin associated protein (tastin)"
"MED16","mediator complex subunit 16"
"PIGK","phosphatidylinositol glycan anchor biosynthesis, class K"
"PARP2","poly (ADP-ribose) polymerase family, member 2"
"HMGXB4","high-mobility group protein 2-like 1"
"RANBP9","RAN binding protein 9"
"SMC4","structural maintenance of chromosomes 4"
"TSPAN32","tetraspanin 32"
"USH1C","Usher syndrome 1C (autosomal recessive, severe)"
"TSFM","Ts translation elongation factor, mitochondrial"
"PPIF","peptidylprolyl isomerase F (cyclophilin F)"
"ARPC2","actin related protein 2/3 complex, subunit 2, 34kDa"
"RASGRP1","RAS guanyl releasing protein 1 (calcium and DAG-regulated)"
"DNAL4","dynein, axonemal, light chain 4"
"ZNF263","zinc finger protein 263"
"YAF2","YY1 associated factor 2"
"TOB1","transducer of ERBB2, 1"
"AKAP9","A kinase (PRKA) anchor protein (yotiao) 9"
"EBI3","Epstein-Barr virus induced gene 3"
"CEBPZ","CCAAT/enhancer binding protein zeta"
"TRIM28","tripartite motif-containing 28"
"CDH17","cadherin 17, LI cadherin (liver-intestine)"
"LPAR6","purinergic receptor P2Y, G-protein coupled, 5"
"LPCAT3","membrane bound O-acyltransferase domain containing 5"
"RCL1","RNA terminal phosphate cyclase-like 1"
"CNIH1","cornichon homolog (Drosophila)"
"RBM7","RNA binding motif protein 7"
"CDK2","cyclin-dependent kinase 2"
"RBM5","RNA binding motif protein 5"
"TXNDC9","thioredoxin domain containing 9"
"MPHOSPH10","M-phase phosphoprotein 10 (U3 small nucleolar ribonucleoprotein)"
"CDK4","cyclin-dependent kinase 4"
"CDK5","cyclin-dependent kinase 5"
"CDK6","cyclin-dependent kinase 6"
"STX6","syntaxin 6"
"CDK7","cyclin-dependent kinase 7 (MO15 homolog, Xenopus laevis, cdk-activating kinase)"
"AP3S2","adaptor-related protein complex 3, sigma 2 subunit"
"MRPS31","mitochondrial ribosomal protein S31"
"SRRM1","serine/arginine repetitive matrix 1"
"SF3B4","splicing factor 3b, subunit 4, 49kDa"
"CDKN1A","cyclin-dependent kinase inhibitor 1A (p21, Cip1)"
"FSTL3","follistatin-like 3 (secreted glycoprotein)"
"STUB1","STIP1 homology and U-box containing protein 1"
"EFS","embryonal Fyn-associated substrate"
"CDKN1B","cyclin-dependent kinase inhibitor 1B (p27, Kip1)"
"BET1","BET1 homolog (S. cerevisiae)"
"EIF1B","eukaryotic translation initiation factor 1B"
"SF3A1","splicing factor 3a, subunit 1, 120kDa"
"DNAJA2","DnaJ (Hsp40) homolog, subfamily A, member 2"
"CCNO","cyclin O"
"TCIRG1","T-cell, immune regulator 1, ATPase, H+ transporting, lysosomal V0 subunit A3"
"CRISP3","cysteine-rich secretory protein 3"
"TRIM22","tripartite motif-containing 22"
"ABCA7","ATP-binding cassette, sub-family A (ABC1), member 7"
"WARS2","tryptophanyl tRNA synthetase 2, mitochondrial"
"HMG20B","high-mobility group 20B"
"CACNG3","calcium channel, voltage-dependent, gamma subunit 3"
"CACNG2","calcium channel, voltage-dependent, gamma subunit 2"
"TUBA1B","tubulin, alpha 1b"
"IRF9","interferon-stimulated transcription factor 3, gamma 48kDa"
"NOD1","nucleotide-binding oligomerization domain containing 1"
"ADAR","adenosine deaminase, RNA-specific"
"NDC80","NDC80 homolog, kinetochore complex component (S. cerevisiae)"
"IFITM3","interferon induced transmembrane protein 3 (1-8U)"
"CDIPT","CDP-diacylglycerol--inositol 3-phosphatidyltransferase (phosphatidylinositol synthase)"
"TMEM147","transmembrane protein 147"
"LYPLA1","lysophospholipase I"
"C1D","nuclear DNA-binding protein"
"CD52","CD52 molecule"
"ACAA2","acetyl-Coenzyme A acyltransferase 2 (mitochondrial 3-oxoacyl-Coenzyme A thiolase)"
"TAB1","mitogen-activated protein kinase kinase kinase 7 interacting protein 1"
"GPNMB","glycoprotein (transmembrane) nmb"
"TACC3","transforming, acidic coiled-coil containing protein 3"
"PPIH","peptidylprolyl isomerase H (cyclophilin H)"
"HMGN4","high mobility group nucleosomal binding domain 4"
"ATP5PD","ATP synthase, H+ transporting, mitochondrial F0 complex, subunit d"
"CREB3","cAMP responsive element binding protein 3"
"CEACAM5","carcinoembryonic antigen-related cell adhesion molecule 5"
"SYNCRIP","synaptotagmin binding, cytoplasmic RNA interacting protein"
"CARM1","coactivator-associated arginine methyltransferase 1"
"APPBP2","amyloid beta precursor protein (cytoplasmic tail) binding protein 2"
"CEBPB","CCAAT/enhancer binding protein (C/EBP), beta"
"DDX17","DEAD (Asp-Glu-Ala-Asp) box polypeptide 17"
"RNASEH2A","ribonuclease H2, subunit A"
"CEBPE","CCAAT/enhancer binding protein (C/EBP), epsilon"
"LAMTOR5","hepatitis B virus x interacting protein"
"PROCR","protein C receptor, endothelial (EPCR)"
"PRDX4","peroxiredoxin 4"
"AGR2","anterior gradient homolog 2 (Xenopus laevis)"
"HTATIP2","HIV-1 Tat interactive protein 2, 30kDa"
"SPTLC1","serine palmitoyltransferase, long chain base subunit 1"
"SLC35A1","solute carrier family 35 (CMP-sialic acid transporter), member A1"
"IFI44","interferon-induced protein 44"
"OLFM4","olfactomedin 4"
"CXCL13","chemokine (C-X-C motif) ligand 13 (B-cell chemoattractant)"
"CCT7","chaperonin containing TCP1, subunit 7 (eta)"
"CCT4","chaperonin containing TCP1, subunit 4 (delta)"
"CCT2","chaperonin containing TCP1, subunit 2 (beta)"
"SMC2","structural maintenance of chromosomes 2"
"AHSA1","AHA1, activator of heat shock 90kDa protein ATPase homolog 1 (yeast)"
"SH2B2","SH2B adaptor protein 2"
"TGOLN2","trans-golgi network protein 2"
"CENPE","centromere protein E, 312kDa"
"POSTN","periostin, osteoblast specific factor"
"ATP5MG","ATP synthase, H+ transporting, mitochondrial F0 complex, subunit G"
"RASL10A","RAS-like, family 10, member A"
"NPRL2","tumor suppressor candidate 4"
"IGF2BP3","insulin-like growth factor 2 mRNA binding protein 3"
"YKT6","YKT6 v-SNARE homolog (S. cerevisiae)"
"CGRRF1","cell growth regulator with ring finger domain 1"
"RRAGA","Ras-related GTP binding A"
"DCTN6","dynactin 6"
"GNB5","guanine nucleotide binding protein (G protein), beta 5"
"DLL3","delta-like 3 (Drosophila)"
"CCT8","chaperonin containing TCP1, subunit 8 (theta)"
"CETN2","centrin, EF-hand protein, 2"
"CETN3","centrin, EF-hand protein, 3 (CDC31 homolog, yeast)"
"USP39","ubiquitin specific peptidase 39"
"POLD3","polymerase (DNA-directed), delta 3, accessory subunit"
"CETP","cholesteryl ester transfer protein, plasma"
"NUDC","nuclear distribution gene C homolog (A. nidulans)"
"STAG2","stromal antigen 2"
"CTSC","cathepsin C"
"NUP50","nucleoporin 50kDa"
"NES","nestin"
"HBS1L","HBS1-like (S. cerevisiae)"
"NCKAP1","NCK-associated protein 1"
"VAMP5","vesicle-associated membrane protein 5 (myobrevin)"
"MTHFD2","methylenetetrahydrofolate dehydrogenase (NADP+ dependent) 2, methenyltetrahydrofolate cyclohydrolase"
"ADCY1","adenylate cyclase 1 (brain)"
"CFTR","cystic fibrosis transmembrane conductance regulator (ATP-binding cassette sub-family C, member 7)"
"UTP14A","UTP14, U3 small nucleolar ribonucleoprotein, homolog A (yeast)"
"CGA","glycoprotein hormones, alpha polypeptide"
"CCL27","chemokine (C-C motif) ligand 27"
"PGRMC1","progesterone receptor membrane component 1"
"TSPAN9","tetraspanin 9"
"WDR3","WD repeat domain 3"
"TXNL4A","thioredoxin-like 4A"
"UTS2","urotensin 2"
"GADD45G","growth arrest and DNA-damage-inducible, gamma"
"PAPOLA","poly(A) polymerase alpha"
"TCERG1","transcription elongation regulator 1"
"SUB1","SUB1 homolog (S. cerevisiae)"
"DBF4","DBF4 homolog (S. cerevisiae)"
"MORF4L1","mortality factor 4 like 1"
"AFG3L2","AFG3 ATPase family gene 3-like 2 (yeast)"
"SEC61B","Sec61 beta subunit"
"TMED2","transmembrane emp24 domain trafficking protein 2"
"IFI44L","interferon-induced protein 44-like"
"EBNA1BP2","EBNA1 binding protein 2"
"YWHAQ","tyrosine 3-monooxygenase/tryptophan 5-monooxygenase activation protein, theta polypeptide"
"TMED10","transmembrane emp24-like trafficking protein 10 (yeast)"
"GCN1","GCN1 general control of amino-acid synthesis 1-like 1 (yeast)"
"COPS5","COP9 constitutive photomorphogenic homolog subunit 5 (Arabidopsis)"
"METAP2","methionyl aminopeptidase 2"
"IMMT","inner membrane protein, mitochondrial (mitofilin)"
"SF3B2","splicing factor 3b, subunit 2, 145kDa"
"KIF2C","kinesin family member 2C"
"SNRNP27","putative nucleic acid binding protein RY-1"
"TMED1","transmembrane emp24 protein transport domain containing 1"
"ZPBP","zona pellucida binding protein"
"TOPBP1","topoisomerase (DNA) II binding protein 1"
"DNAJB4","DnaJ (Hsp40) homolog, subfamily B, member 4"
"SPACA9","chromosome 9 open reading frame 9"
"KRR1","KRR1, small subunit (SSU) processome component, homolog (yeast)"
"CIT","citron (rho-interacting, serine/threonine kinase 21)"
"CHEK1","CHK1 checkpoint homolog (S. pombe)"
"CLASRP","splicing factor, arginine/serine-rich 16"
"SLC7A9","solute carrier family 7 (cationic amino acid transporter, y+ system), member 9"
"CHGA","chromogranin A (parathyroid secretory protein 1)"
"CDC37","cell division cycle 37 homolog (S. cerevisiae)"
"DMC1","DMC1 dosage suppressor of mck1 homolog, meiosis-specific homologous recombination (yeast)"
"PLAAT3","HRAS-like suppressor 3"
"CORO1A","coronin, actin binding protein, 1A"
"AP4S1","adaptor-related protein complex 4, sigma 1 subunit"
"LSM6","LSM6 homolog, U6 small nuclear RNA associated (S. cerevisiae)"
"FSTL1","follistatin-like 1"
"WDHD1","WD repeat and HMG-box DNA binding protein 1"
"BAZ1A","bromodomain adjacent to zinc finger domain, 1A"
"MAP4K5","mitogen-activated protein kinase kinase kinase kinase 5"
"PKP3","plakophilin 3"
"CHIT1","chitinase 1 (chitotriosidase)"
"SUPT16H","suppressor of Ty 16 homolog (S. cerevisiae)"
"AKAP11","A kinase (PRKA) anchor protein 11"
"MRPL3","mitochondrial ribosomal protein L3"
"PDCD10","programmed cell death 10"
"KLHL2","kelch-like 2, Mayven (Drosophila)"
"MGAT4B","mannosyl (alpha-1,3-)-glycoprotein beta-1,4-N-acetylglucosaminyltransferase, isozyme B"
"B4GALT7","xylosylprotein beta 1,4-galactosyltransferase, polypeptide 7 (galactosyltransferase I)"
"MED8","mediator complex subunit 8"
"CBX3","chromobox homolog 3 (HP1 gamma homolog, Drosophila)"
"GABARAP","GABA(A) receptor-associated protein"
"OIP5","Opa interacting protein 5"
"EXOSC8","exosome component 8"
"MGLL","monoglyceride lipase"
"GABARAPL2","GABA(A) receptor-associated protein-like 2"
"BUD23","Williams Beuren syndrome chromosome region 22"
"NLRP3","NLR family, pyrin domain containing 3"
"CHUK","conserved helix-loop-helix ubiquitous kinase"
"OSBPL7","oxysterol binding protein-like 7"
"ADCY8","adenylate cyclase 8 (brain)"
"TBCB","tubulin folding cofactor B"
"CKM","creatine kinase, muscle"
"TSR3","chromosome 16 open reading frame 42"
"ERCC8","excision repair cross-complementing rodent repair deficiency, complementation group 8"
"CKS2","CDC28 protein kinase regulatory subunit 2"
"RPL39L","ribosomal protein L39-like"
"FTSJ3","FtsJ homolog 3 (E. coli)"
"AP1S1","adaptor-related protein complex 1, sigma 1 subunit"
"CLC","Charcot-Leyden crystal protein"
"CLU","clusterin"
"CLTB","clathrin, light chain (Lcb)"
"CCR1","chemokine (C-C motif) receptor 1"
"CCR5","chemokine (C-C motif) receptor 5"
"CCR7","chemokine (C-C motif) receptor 7"
"ADH1A","alcohol dehydrogenase 1A (class I), alpha polypeptide"
"MISP","chromosome 19 open reading frame 21"
"HSPB6","heat shock protein, alpha-crystallin-related, B6"
"COL1A1","collagen, type I, alpha 1"
"COL3A1","collagen, type III, alpha 1 (Ehlers-Danlos syndrome type IV, autosomal dominant)"
"COL4A2","collagen, type IV, alpha 2"
"COL5A1","collagen, type V, alpha 1"
"ADH5","alcohol dehydrogenase 5 (class III), chi polypeptide"
"COL5A2","collagen, type V, alpha 2"
"COL6A1","collagen, type VI, alpha 1"
"COL6A2","collagen, type VI, alpha 2"
"COL6A3","collagen, type VI, alpha 3"
"SERPINA3","serpin peptidase inhibitor, clade A (alpha-1 antiproteinase, antitrypsin), member 3"
"COL15A1","collagen, type XV, alpha 1"
"COPA","coatomer protein complex, subunit alpha"
"COPB1","coatomer protein complex, subunit beta 1"
"COX5B","cytochrome c oxidase subunit Vb"
"COX6A2","cytochrome c oxidase subunit VIa polypeptide 2"
"COX6C","cytochrome c oxidase subunit VIc"
"COX7A1","cytochrome c oxidase subunit VIIa polypeptide 1 (muscle)"
"COX7A2","cytochrome c oxidase subunit VIIa polypeptide 2 (liver)"
"COX7C","cytochrome c oxidase subunit VIIc"
"COX8A","cytochrome c oxidase subunit 8A (ubiquitous)"
"COX15","COX15 homolog, cytochrome c oxidase assembly protein (yeast)"
"CP","ceruloplasmin (ferroxidase)"
"CPA1","carboxypeptidase A1 (pancreatic)"
"CPA3","carboxypeptidase A3 (mast cell)"
"CPB2","carboxypeptidase B2 (plasma)"
"CPOX","coproporphyrinogen oxidase"
"CREBBP","CREB binding protein (Rubinstein-Taybi syndrome)"
"CRK","v-crk sarcoma virus CT10 oncogene homolog (avian)"
"CRKL","v-crk sarcoma virus CT10 oncogene homolog (avian)-like"
"CRP","C-reactive protein, pentraxin-related"
"CRY1","cryptochrome 1 (photolyase-like)"
"RPL10L","ribosomal protein L10-like"
"SREK1","splicing factor, arginine/serine-rich 12"
"CRYAA","crystallin, alpha A"
"CRYBB3","crystallin, beta B3"
"CRYM","crystallin, mu"
"PARP1","poly (ADP-ribose) polymerase family, member 1"
"CS","citrate synthase"
"MAPK14","mitogen-activated protein kinase 14"
"CSF3","colony stimulating factor 3 (granulocyte)"
"CSK","c-src tyrosine kinase"
"CSNK1D","casein kinase 1, delta"
"CSNK1E","casein kinase 1, epsilon"
"CSNK2A1","casein kinase 2, alpha 1 polypeptide"
"CST4","cystatin S"
"CSTA","cystatin A (stefin A)"
"CSTF1","cleavage stimulation factor, 3' pre-RNA, subunit 1, 50kDa"
"TICAM1","toll-like receptor adaptor molecule 1"
"CTBP1","C-terminal binding protein 1"
"CTNNA1","catenin (cadherin-associated protein), alpha 1, 102kDa"
"CTNND1","catenin (cadherin-associated protein), delta 1"
"CTSD","cathepsin D"
"CTSG","cathepsin G"
"CTSH","cathepsin H"
"CTSZ","cathepsin Z"
"CYB5A","cytochrome b5 type A (microsomal)"
"CYC1","cytochrome c-1"
"CYP1A1","cytochrome P450, family 1, subfamily A, polypeptide 1"
"CYP2A6","cytochrome P450, family 2, subfamily A, polypeptide 6"
"ADRB2","adrenergic, beta-2-, receptor, surface"
"CYP11A1","cytochrome P450, family 11, subfamily A, polypeptide 1"
"CYP24A1","cytochrome P450, family 24, subfamily A, polypeptide 1"
"CYP51A1","cytochrome P450, family 51, subfamily A, polypeptide 1"
"AANAT","arylalkylamine N-acetyltransferase"
"DAXX","death-associated protein 6"
"AP2A2","adaptor-related protein complex 2, alpha 2 subunit"
"AP1B1","adaptor-related protein complex 1, beta 1 subunit"
"DCK","deoxycytidine kinase"
"DCN","decorin"
"ACE","angiotensin I converting enzyme (peptidyl-dipeptidase A) 1"
"DCT","dopachrome tautomerase (dopachrome delta-isomerase, tyrosine-related protein 2)"
"DCTN1","dynactin 1 (p150, glued homolog, Drosophila)"
"DDC","dopa decarboxylase (aromatic L-amino acid decarboxylase)"
"AP1G1","adaptor-related protein complex 1, gamma 1 subunit"
"DDX5","DEAD (Asp-Glu-Ala-Asp) box polypeptide 5"
"DHX8","DEAH (Asp-Glu-Ala-His) box polypeptide 8"
"DHX9","DEAH (Asp-Glu-Ala-His) box polypeptide 9"
"DHX15","DEAH (Asp-Glu-Ala-His) box polypeptide 15"
"DECR1","2,4-dienoyl CoA reductase 1, mitochondrial"
"TLE5","amino-terminal enhancer of split"
"COCH","coagulation factor C homolog, cochlin (Limulus polyphemus)"
"DHCR7","7-dehydrocholesterol reductase"
"DHODH","dihydroorotate dehydrogenase"
"DHPS","deoxyhypusine synthase"
"DLD","dihydrolipoamide dehydrogenase"
"DLST","dihydrolipoamide S-succinyltransferase (E2 component of 2-oxo-glutarate complex)"
"DNM1","dynamin 1"
"DNMT1","DNA (cytosine-5-)-methyltransferase 1"
"DNMT3A","DNA (cytosine-5-)-methyltransferase 3 alpha"
"AGL","amylo-1, 6-glucosidase, 4-alpha-glucanotransferase (glycogen debranching enzyme, glycogen storage disease type III)"
"DRD4","dopamine receptor D4"
"DRG2","developmentally regulated GTP binding protein 2"
"DSG3","desmoglein 3 (pemphigus vulgaris antigen)"
"DSP","desmoplakin"
"DTYMK","deoxythymidylate kinase (thymidylate kinase)"
"DVL2","dishevelled, dsh homolog 2 (Drosophila)"
"E2F1","E2F transcription factor 1"
"ECH1","enoyl Coenzyme A hydratase 1, peroxisomal"
"AGXT","alanine-glyoxylate aminotransferase"
"S1PR1","endothelial differentiation, sphingolipid G-protein-coupled receptor, 1"
"PHC2","polyhomeotic homolog 2 (Drosophila)"
"EEF1A2","eukaryotic translation elongation factor 1 alpha 2"
"AHCY","S-adenosylhomocysteine hydrolase"
"AGO3","eukaryotic translation initiation factor 2C, 3"
"EEF1D","eukaryotic translation elongation factor 1 delta (guanine nucleotide exchange protein)"
"EEF2","eukaryotic translation elongation factor 2"
"EIF2D","ligatin"
"EFNA2","ephrin-A2"
"EFNB1","ephrin-B1"
"EGF","epidermal growth factor (beta-urogastrone)"
"CELSR3","cadherin, EGF LAG seven-pass G-type receptor 3 (flamingo homolog, Drosophila)"
"EGFR","epidermal growth factor receptor (erythroblastic leukemia viral (v-erb-b) oncogene homolog, avian)"
"ZFC3H1","coiled-coil domain containing 131"
"EIF1AX","eukaryotic translation initiation factor 1A, X-linked"
"EIF2S1","eukaryotic translation initiation factor 2, subunit 1 alpha, 35kDa"
"EIF4A1","eukaryotic translation initiation factor 4A, isoform 1"
"EIF4A2","eukaryotic translation initiation factor 4A, isoform 2"
"AHSG","alpha-2-HS-glycoprotein"
"EIF4G1","eukaryotic translation initiation factor 4 gamma, 1"
"EIF5","eukaryotic translation initiation factor 5"
"EIF5A","eukaryotic translation initiation factor 5A"
"PIKFYVE","phosphatidylinositol-3-phosphate/phosphatidylinositol 5-kinase, type III"
"HACD2","protein tyrosine phosphatase-like (proline instead of catalytic arginine), member b"
"TUBB","tubulin, beta"
"EP300","E1A binding protein p300"
"AK1","adenylate kinase 1"
"STX2","syntaxin 2"
"EPRS1","glutamyl-prolyl-tRNA synthetase"
"EPS8","epidermal growth factor receptor pathway substrate 8"
"EPS15","epidermal growth factor receptor pathway substrate 15"
"ERBB2","v-erb-b2 erythroblastic leukemia viral oncogene homolog 2, neuro/glioblastoma derived oncogene homolog (avian)"
"ERBB3","v-erb-b2 erythroblastic leukemia viral oncogene homolog 3 (avian)"
"ERCC1","excision repair cross-complementing rodent repair deficiency, complementation group 1 (includes overlapping antisense sequence)"
"ERCC3","excision repair cross-complementing rodent repair deficiency, complementation group 3 (xeroderma pigmentosum group B complementing)"
"ERCC6","excision repair cross-complementing rodent repair deficiency, complementation group 6"
"FBL","fibrillarin"
"ESR2","estrogen receptor 2 (ER beta)"
"ETF1","eukaryotic translation termination factor 1"
"MECOM","ecotropic viral integration site 1"
"EXTL3","exostoses (multiple)-like 3"
"ALB","albumin"
"EZH2","enhancer of zeste homolog 2 (Drosophila)"
"F2","coagulation factor II (thrombin)"
"F9","coagulation factor IX (plasma thromboplastic component, Christmas disease, hemophilia B)"
"ABCD1","ATP-binding cassette, sub-family D (ALD), member 1"
"F12","coagulation factor XII (Hageman factor)"
"FABP1","fatty acid binding protein 1, liver"
"FANCE","Fanconi anemia, complementation group E"
"ACSL4","acyl-CoA synthetase long-chain family member 4"
"BPTF","bromodomain PHD finger transcription factor"
"FAP","fibroblast activation protein, alpha"
"FAT1","FAT tumor suppressor homolog 1 (Drosophila)"
"FCAR","Fc fragment of IgA, receptor for"
"FCER1A","Fc fragment of IgE, high affinity I, receptor for; alpha polypeptide"
"FCER1G","Fc fragment of IgE, high affinity I, receptor for; gamma polypeptide"
"MICU2","EF-hand domain family, member A1"
"FDPS","farnesyl diphosphate synthase (farnesyl pyrophosphate synthetase, dimethylallyltranstransferase, geranyltranstransferase)"
"FEN1","flap structure-specific endonuclease 1"
"ALDH9A1","aldehyde dehydrogenase 9 family, member A1"
"FGB","fibrinogen beta chain"
"FGF2","fibroblast growth factor 2 (basic)"
"FH","fumarate hydratase"
"NID2","nidogen 2 (osteonidogen)"
"RRAS2","related RAS viral (r-ras) oncogene homolog 2"
"MRAS","muscle RAS oncogene homolog"
"FKBP1A","FK506 binding protein 1A, 12kDa"
"HSPA4L","heat shock 70kDa protein 4-like"
"RHOBTB3","Rho-related BTB domain containing 3"
"VASH1","vasohibin 1"
"AAK1","AP2 associated kinase 1"
"CPEB3","cytoplasmic polyadenylation element binding protein 3"
"CHSY1","carbohydrate (chondroitin) synthase 1"
"ATG14","KIAA0831"
"FKBP2","FK506 binding protein 2, 13kDa"
"PPP6R1","SAPS domain family, member 1"
"FKBP3","FK506 binding protein 3, 25kDa"
"UBOX5","U-box domain containing 5"
"FKBP4","FK506 binding protein 4, 59kDa"
"CEP164","centrosomal protein 164kDa"
"EPN2","epsin 2"
"NCBP2","nuclear cap binding protein subunit 2, 20kDa"
"ELL2","elongation factor, RNA polymerase II, 2"
"CCT5","chaperonin containing TCP1, subunit 5 (epsilon)"
"PDCD11","programmed cell death 11"
"EXOSC7","exosome component 7"
"KDM1A","amine oxidase (flavin containing) domain 2"
"KDM4B","jumonji domain containing 2B"
"WAPL","wings apart-like homolog (Drosophila)"
"RRP1B","ribosomal RNA processing 1 homolog B (S. cerevisiae)"
"KDM4C","jumonji domain containing 2C"
"PEG10","paternally expressed 10"
"ZC3H13","zinc finger CCCH-type containing 13"
"FOXO3","forkhead box O3"
"POGZ","pogo transposable element with ZNF domain"
"KDM6B","jumonji domain containing 3"
"SMC5","structural maintenance of chromosomes 5"
"MLANA","melan-A"
"TTLL12","tubulin tyrosine ligase-like family, member 12"
"METAP1","methionyl aminopeptidase 1"
"PASK","PAS domain containing serine/threonine kinase"
"LARP4B","La ribonucleoprotein domain family, member 5"
"FLOT2","flotillin 2"
"ARL6IP1","ADP-ribosylation factor-like 6 interacting protein 1"
"RRS1","RRS1 ribosome biogenesis regulator homolog (S. cerevisiae)"
"SYNE2","spectrin repeat containing, nuclear envelope 2"
"PLCB1","phospholipase C, beta 1 (phosphoinositide-specific)"
"MGA","MAX gene associated"
"NUP160","nucleoporin 160kDa"
"FMO2","flavin containing monooxygenase 2 (non-functional)"
"SMG6","Smg-6 homolog, nonsense mediated mRNA decay factor (C. elegans)"
"USP22","ubiquitin specific peptidase 22"
"FMR1","fragile X mental retardation 1"
"FN1","fibronectin 1"
"PPP1R13B","protein phosphatase 1, regulatory (inhibitor) subunit 13B"
"SMG5","Smg-5 homolog, nonsense mediated mRNA decay factor (C. elegans)"
"NCSTN","nicastrin"
"MED13L","mediator complex subunit 13-like"
"ECPAS","KIAA0368"
"ADNP","activity-dependent neuroprotector homeobox"
"PPWD1","peptidylprolyl isomerase domain and WD repeat containing 1"
"SIRT4","sirtuin (silent mating type information regulation 2 homolog) 4 (S. cerevisiae)"
"SIRT1","sirtuin (silent mating type information regulation 2 homolog) 1 (S. cerevisiae)"
"TDRD7","tudor domain containing 7"
"TPSD1","tryptase delta 1"
"TARDBP","TAR DNA binding protein"
"ATP1B4","ATPase, (Na+)/K+ transporting, beta 4 polypeptide"
"SF3B3","splicing factor 3b, subunit 3, 130kDa"
"SF3B1","splicing factor 3b, subunit 1, 155kDa"
"HEY1","hairy/enhancer-of-split related with YRPW motif 1"
"CBX5","chromobox homolog 5 (HP1 alpha homolog, Drosophila)"
"BRD4","bromodomain containing 4"
"SEC61G","Sec61 gamma subunit"
"CBX7","chromobox homolog 7"
"TMEM131","transmembrane protein 131"
"MTREX","superkiller viralicidic activity 2-like 2 (S. cerevisiae)"
"RPL13A","ribosomal protein L13a"
"SRRM2","serine/arginine repetitive matrix 2"
"PRAME","preferentially expressed antigen in melanoma"
"GTPBP4","GTP binding protein 4"
"ARL2BP","ADP-ribosylation factor-like 2 binding protein"
"FPGS","folylpolyglutamate synthase"
"RIGI","DEAD (Asp-Glu-Ala-Asp) box polypeptide 58"
"ORC6","origin recognition complex, subunit 6 like (yeast)"
"ORC3","origin recognition complex, subunit 3-like (yeast)"
"CD2AP","CD2-associated protein"
"MKRN2","makorin, ring finger protein, 2"
"BACE1","beta-site APP-cleaving enzyme 1"
"HSPBP1","hsp70-interacting protein"
"LY96","lymphocyte antigen 96"
"PPP1R15A","protein phosphatase 1, regulatory (inhibitor) subunit 15A"
"POLA2","polymerase (DNA directed), alpha 2 (70kD subunit)"
"PLA2G15","lysophospholipase 3 (lysosomal phospholipase A2)"
"SH3BP4","SH3-domain binding protein 4"
"RAB38","RAB38, member RAS oncogene family"
"ABCF1","ATP-binding cassette, sub-family F (GCN20), member 1"
"IFIT5","interferon-induced protein with tetratricopeptide repeats 5"
"FJX1","four jointed box 1 (Drosophila)"
"PRPF6","PRP6 pre-mRNA processing factor 6 homolog (S. cerevisiae)"
"MTOR","FK506 binding protein 12-rapamycin associated protein 1"
"FTH1","ferritin, heavy polypeptide 1"
"ALPL","alkaline phosphatase, liver/bone/kidney"
"FYN","FYN oncogene related to SRC, FGR, YES"
"IFI6","interferon, alpha-inducible protein 6"
"LPCAT4","1-acylglycerol-3-phosphate O-acyltransferase 7 (lysophosphatidic acid acyltransferase, eta)"
"GAA","glucosidase, alpha; acid (Pompe disease, glycogen storage disease type II)"
"GABPB1","GA binding protein transcription factor, beta subunit 2"
"BAMBI","BMP and activin membrane-bound inhibitor homolog (Xenopus laevis)"
"GAK","cyclin G associated kinase"
"TXN2","thioredoxin 2"
"NIPBL","Nipped-B homolog (Drosophila)"
"RAB26","RAB26, member RAS oncogene family"
"MOB4","MOB1, Mps One Binder kinase activator-like 3 (yeast)"
"GALNT1","UDP-N-acetyl-alpha-D-galactosamine:polypeptide N-acetylgalactosaminyltransferase 1 (GalNAc-T1)"
"AHCTF1","AT hook containing transcription factor 1"
"NELFB","cofactor of BRCA1"
"NOL11","nucleolar protein 11"
"NGDN","neuroguidin, EIF4E binding protein"
"HIGD1A","HIG1 domain family, member 1A"
"IBTK","inhibitor of Bruton agammaglobulinemia tyrosine kinase"
"AMBP","alpha-1-microglobulin/bikunin precursor"
"TKFC","dihydroxyacetone kinase 2 homolog (S. cerevisiae)"
"LRIG1","leucine-rich repeats and immunoglobulin-like domains 1"
"IPCEF1","phosphoinositide-binding protein PIP3-E"
"ZNF451","zinc finger protein 451"
"UBXN7","UBX domain containing 7"
"SENP6","SUMO1/sentrin specific peptidase 6"
"DECR2","2,4-dienoyl CoA reductase 2, peroxisomal"
"PRPF31","PRP31 pre-mRNA processing factor 31 homolog (S. cerevisiae)"
"SERBP1","SERPINE1 mRNA binding protein 1"
"NOC2L","nucleolar complex associated 2 homolog (S. cerevisiae)"
"B3GAT3","beta-1,3-glucuronyltransferase 3 (glucuronosyltransferase I)"
"CLEC4E","C-type lectin domain family 4, member E"
"FBXO5","F-box protein 5"
"FGF20","fibroblast growth factor 20"
"GBP1","guanylate binding protein 1, interferon-inducible, 67kDa"
"GBP2","guanylate binding protein 2, interferon-inducible"
"GNL3","guanine nucleotide binding protein-like 3 (nucleolar)"
"GCH1","GTP cyclohydrolase 1 (dopa-responsive dystonia)"
"GCK","glucokinase (hexokinase 4, maturity onset diabetes of the young 2)"
"PTPN18","protein tyrosine phosphatase, non-receptor type 18 (brain-derived)"
"KAT2A","GCN5 general control of amino-acid synthesis 5-like 2 (yeast)"
"PLEK2","pleckstrin 2"
"INTS6","integrator complex subunit 6"
"TIMM13","translocase of inner mitochondrial membrane 13 homolog (yeast)"
"TIMM10","translocase of inner mitochondrial membrane 10 homolog (yeast)"
"RGS17","regulator of G-protein signaling 17"
"CKAP2","cytoskeleton associated protein 2"
"MRPL46","mitochondrial ribosomal protein L46"
"SH3YL1","SH3 domain containing, Ysc84-like 1 (S. cerevisiae)"
"AMH","anti-Mullerian hormone"
"GJA1","gap junction protein, alpha 1, 43kDa"
"AKAP8L","A kinase (PRKA) anchor protein 8-like"
"FGF22","fibroblast growth factor 22"
"GJA3","gap junction protein, alpha 3, 46kDa"
"LAT","linker for activation of T cells"
"PPA2","pyrophosphatase (inorganic) 2"
"TAF5L","TAF5-like RNA polymerase II, p300/CBP-associated factor (PCAF)-associated factor, 65kDa"
"EIF2AK1","eukaryotic translation initiation factor 2-alpha kinase 1"
"GK","glycerol kinase"
"DKKL1","dickkopf-like 1 (soggy)"
"DKK4","dickkopf homolog 4 (Xenopus laevis)"
"AFF4","AF4/FMR2 family, member 4"
"INVS","inversin"
"RSPH14","rhabdoid tumor deletion region gene 1"
"GLA","galactosidase, alpha"
"GPKOW","G patch domain and KOW motifs"
"KLHL20","kelch-like 20 (Drosophila)"
"LSM1","LSM1 homolog, U6 small nuclear RNA associated (S. cerevisiae)"
"LSM3","LSM3 homolog, U6 small nuclear RNA associated (S. cerevisiae)"
"TEKT2","tektin 2 (testicular)"
"DIMT1","DIM1 dimethyladenosine transferase 1-like (S. cerevisiae)"
"TOX3","TOX high mobility group box family member 3"
"EIF3K","eukaryotic translation initiation factor 3, subunit K"
"UTP20","UTP20, small subunit (SSU) processome component, homolog (yeast)"
"RRP7A","CGI-96 protein"
"POLL","polymerase (DNA directed), lambda"
"PCSK1N","proprotein convertase subtilisin/kexin type 1 inhibitor"
"GLG1","golgi apparatus protein 1"
"APOBEC3C","apolipoprotein B mRNA editing enzyme, catalytic polypeptide-like 3C"
"AMPH","amphiphysin"
"GLRA2","glycine receptor, alpha 2"
"GLRX","glutaredoxin (thioltransferase)"
"BIN1","bridging integrator 1"
"GLUL","glutamate-ammonia ligase (glutamine synthetase)"
"GNA11","guanine nucleotide binding protein (G protein), alpha 11 (Gq class)"
"GNAQ","guanine nucleotide binding protein (G protein), q polypeptide"
"GNB1","guanine nucleotide binding protein (G protein), beta polypeptide 1"
"GNB3","guanine nucleotide binding protein (G protein), beta polypeptide 3"
"GNG3","guanine nucleotide binding protein (G protein), gamma 3"
"GNG11","guanine nucleotide binding protein (G protein), gamma 11"
"GNGT1","guanine nucleotide binding protein (G protein), gamma transducing activity polypeptide 1"
"GOLGA3","golgi autoantigen, golgin subfamily a, 3"
"GOT2","glutamic-oxaloacetic transaminase 2, mitochondrial (aspartate aminotransferase 2)"
"SLCO4A1","solute carrier organic anion transporter family, member 4A1"
"CXCR3","chemokine (C-X-C motif) receptor 3"
"MLNR","motilin receptor"
"ANK2","ankyrin 2, neuronal"
"GRB2","growth factor receptor-bound protein 2"
"TRIB2","tribbles homolog 2 (Drosophila)"
"MRPS28","mitochondrial ribosomal protein S28"
"OSTM1","osteopetrosis associated transmembrane protein 1"
"GRN","granulin"
"MRPS18B","mitochondrial ribosomal protein S18B"
"ATAD2","ATPase family, AAA domain containing 2"
"GRIN2C","glutamate receptor, ionotropic, N-methyl D-aspartate 2C"
"GRIN2D","glutamate receptor, ionotropic, N-methyl D-aspartate 2D"
"NDUFAF4","chromosome 6 open reading frame 66"
"MED4","mediator complex subunit 4"
"MRPL15","mitochondrial ribosomal protein L15"
"NR3C1","nuclear receptor subfamily 3, group C, member 1 (glucocorticoid receptor)"
"CNIH4","cornichon homolog 4 (Drosophila)"
"DNAJC15","DnaJ (Hsp40) homolog, subfamily C, member 15"
"SCG3","secretogranin III"
"PYCARD","PYD and CARD domain containing"
"FHOD1","formin homology 2 domain containing 1"
"TBK1","TANK-binding kinase 1"
"LGALS13","lectin, galactoside-binding, soluble, 13 (galectin 13)"
"RACGAP1","Rac GTPase activating protein 1"
"PDIA3","protein disulfide isomerase family A, member 3"
"GSC2","goosecoid-like"
"GSK3B","glycogen synthase kinase 3 beta"
"GSPT1","G1 to S phase transition 1"
"GSR","glutathione reductase"
"GSTA3","glutathione S-transferase A3"
"GSTM5","glutathione S-transferase M5"
"GTF2B","general transcription factor IIB"
"GTF2E1","general transcription factor IIE, polypeptide 1, alpha 56kDa"
"GTF2E2","general transcription factor IIE, polypeptide 2, beta 34kDa"
"GTF2F2","general transcription factor IIF, polypeptide 2, 30kDa"
"GTF2H1","general transcription factor IIH, polypeptide 1, 62kDa"
"GTF2H4","general transcription factor IIH, polypeptide 4, 52kDa"
"GUCA1A","guanylate cyclase activator 1A (retina)"
"UQCR10","ubiquinol-cytochrome c reductase complex (7.2 kD)"
"GUCY2F","guanylate cyclase 2F, retinal"
"ANAPC2","anaphase promoting complex subunit 2"
"CNOT7","CCR4-NOT transcription complex, subunit 7"
"GNL2","guanine nucleotide binding protein-like 2 (nucleolar)"
"SEC61A1","Sec61 alpha 1 subunit (S. cerevisiae)"
"GYPB","glycophorin B (MNS blood group)"
"NRBP1","nuclear receptor binding protein 1"
"MRM2","FtsJ homolog 2 (E. coli)"
"STRN3","striatin, calmodulin binding protein 3"
"PILRA","paired immunoglobin-like type 2 receptor alpha"
"LMCD1","LIM and cysteine-rich domains 1"
"NOP53","glioma tumor suppressor candidate region gene 2"
"GZMH","granzyme H (cathepsin G-like 2, protein h-CCPX)"
"TBX21","T-box 21"
"GZMA","granzyme A (granzyme 1, cytotoxic T-lymphocyte-associated serine esterase 3)"
"GZMB","granzyme B (granzyme 2, cytotoxic T-lymphocyte-associated serine esterase 1)"
"GZMK","granzyme K (granzyme 3; tryptase II)"
"H1-0","H1 histone family, member 0"
"H2AC8","histone cluster 1, H2ae"
"H2AX","H2A histone family, member X"
"H2AZ1","H2A histone family, member Z"
"ANXA1","annexin A1"
"H3-3B","H3 histone, family 3B (H3.3B)"
"HSD17B10","hydroxysteroid (17-beta) dehydrogenase 10"
"HADHB","hydroxyacyl-Coenzyme A dehydrogenase/3-ketoacyl-Coenzyme A thiolase/enoyl-Coenzyme A hydratase (trifunctional protein), beta subunit"
"HBB","hemoglobin, beta"
"HBE1","hemoglobin, epsilon 1"
"HBQ1","hemoglobin, theta 1"
"SERPIND1","serpin peptidase inhibitor, clade D (heparin cofactor), member 1"
"HCK","hemopoietic cell kinase"
"HCLS1","hematopoietic cell-specific Lyn substrate 1"
"HTT","huntingtin (Huntington disease)"
"HDAC1","histone deacetylase 1"
"HDAC2","histone deacetylase 2"
"NT5C","5', 3'-nucleotidase, cytosolic"
"DNTTIP2","deoxynucleotidyltransferase, terminal, interacting protein 2"
"EHD4","EH-domain containing 4"
"PIK3R4","phosphoinositide-3-kinase, regulatory subunit 4, p150"
"HINT1","histidine triad nucleotide binding protein 1"
"ACAA1","acetyl-Coenzyme A acyltransferase 1 (peroxisomal 3-oxoacyl-Coenzyme A thiolase)"
"HK3","hexokinase 3 (white cell)"
"HMGB2","high-mobility group box 2"
"HMGN1","high-mobility group nucleosome binding domain 1"
"HMOX1","heme oxygenase (decycling) 1"
"FOXA1","forkhead box A1"
"HNRNPA1","heterogeneous nuclear ribonucleoprotein A1"
"HNRNPL","heterogeneous nuclear ribonucleoprotein L"
"HOXA11","homeobox A11"
"HOXC8","homeobox C8"
"HPX","hemopexin"
"HRG","histidine-rich glycoprotein"
"APEX1","APEX nuclease (multifunctional DNA repair enzyme) 1"
"HSD17B2","hydroxysteroid (17-beta) dehydrogenase 2"
"DNAJA1","DnaJ (Hsp40) homolog, subfamily A, member 1"
"HSPA2","heat shock 70kDa protein 2"
"HSPA4","heat shock 70kDa protein 4"
"HSPA5","heat shock 70kDa protein 5 (glucose-regulated protein, 78kDa)"
"BIRC3","baculoviral IAP repeat-containing 3"
"HSPA6","heat shock 70kDa protein 6 (HSP70B')"
"HSPA9","heat shock 70kDa protein 9 (mortalin)"
"XIAP","baculoviral IAP repeat-containing 4"
"HSP90AA1","heat shock protein 90kDa alpha (cytosolic), class A member 1"
"HSP90AB1","heat shock protein 90kDa alpha (cytosolic), class B member 1"
"HSPE1","heat shock 10kDa protein 1 (chaperonin 10)"
"DNAJB1","DnaJ (Hsp40) homolog, subfamily B, member 1"
"APLP1","amyloid beta (A4) precursor-like protein 1"
"APOA1","apolipoprotein A-I"
"APOA2","apolipoprotein A-II"
"ICAM1","intercellular adhesion molecule 1 (CD54), human rhinovirus receptor"
"ICAM3","intercellular adhesion molecule 3"
"APOB","apolipoprotein B (including Ag(x) antigen)"
"IRF8","interferon regulatory factor 8"
"MRPL58","immature colon carcinoma transcript 1"
"ID1","inhibitor of DNA binding 1, dominant negative helix-loop-helix protein"
"ACADL","acyl-Coenzyme A dehydrogenase, long chain"
"IDH3A","isocitrate dehydrogenase 3 (NAD+) alpha"
"IDH3G","isocitrate dehydrogenase 3 (NAD+) gamma"
"IFI16","interferon, gamma-inducible protein 16"
"IFI27","interferon, alpha-inducible protein 27"
"IFI35","interferon-induced protein 35"
"SP110","SP110 nuclear body protein"
"IFIT1","interferon-induced protein with tetratricopeptide repeats 1"
"IFIT3","interferon-induced protein with tetratricopeptide repeats 3"
"IFNA1","interferon, alpha 1"
"AQP8","aquaporin 8"
"IFNA2","interferon, alpha 2"
"IFNA8","interferon, alpha 8"
"IFNA10","interferon, alpha 10"
"IFNAR1","interferon (alpha, beta and omega) receptor 1"
"IFNB1","interferon, beta 1, fibroblast"
"IFNG","interferon, gamma"
"IFNGR1","interferon gamma receptor 1"
"APOC3","apolipoprotein C-III"
"IFRD1","interferon-related developmental regulator 1"
"TUBB2B","tubulin, beta 2B"
"IGFBP1","insulin-like growth factor binding protein 1"
"NUP43","nucleoporin 43kDa"
"APOE","apolipoprotein E"
"IGFBP7","insulin-like growth factor binding protein 7"
"APOH","apolipoprotein H (beta-2-glycoprotein I)"
"JCHAIN","immunoglobulin J polypeptide, linker protein for immunoglobulin alpha and mu polypeptides"
"APP","amyloid beta (A4) precursor protein (peptidase nexin-II, Alzheimer disease)"
"IL1A","interleukin 1, alpha"
"IL1B","interleukin 1, beta"
"IL2","interleukin 2"
"IL2RB","interleukin 2 receptor, beta"
"IL3","interleukin 3 (colony-stimulating factor, multiple)"
"IL4","interleukin 4"
"IL6","interleukin 6 (interferon, beta 2)"
"FASLG","Fas ligand (TNF superfamily, member 6)"
"IL7R","interleukin 7 receptor"
"CXCL8","interleukin 8"
"CXCR1","interleukin 8 receptor, alpha"
"IL10","interleukin 10"
"IL10RB","interleukin 10 receptor, beta"
"IL13","interleukin 13"
"IL13RA1","interleukin 13 receptor, alpha 1"
"AQP2","aquaporin 2 (collecting duct)"
"IL18","interleukin 18 (interferon-gamma-inducing factor)"
"ILF2","interleukin enhancer binding factor 2, 45kDa"
"ILF3","interleukin enhancer binding factor 3, 90kDa"
"IMPDH2","IMP (inosine monophosphate) dehydrogenase 2"
"IDO1","indoleamine-pyrrole 2,3 dioxygenase"
"CXCL10","chemokine (C-X-C motif) ligand 10"
"INPP4A","inositol polyphosphate-4-phosphatase, type I, 107kDa"
"INSR","insulin receptor"
"EIF3E","eukaryotic translation initiation factor 3, subunit E"
"IRAK1","interleukin-1 receptor-associated kinase 1"
"IRF1","interferon regulatory factor 1"
"IRF3","interferon regulatory factor 3"
"IRF7","interferon regulatory factor 7"
"IRS1","insulin receptor substrate 1"
"ISG20","interferon stimulated exonuclease gene 20kDa"
"AQP9","aquaporin 9"
"ITGA2","integrin, alpha 2 (CD49B, alpha 2 subunit of VLA-2 receptor)"
"ITGA2B","integrin, alpha 2b (platelet glycoprotein IIb of IIb/IIIa complex, antigen CD41)"
"ITGA3","integrin, alpha 3 (antigen CD49C, alpha 3 subunit of VLA-3 receptor)"
"ITGA5","integrin, alpha 5 (fibronectin receptor, alpha polypeptide)"
"AR","androgen receptor (dihydrotestosterone receptor; testicular feminization; spinal and bulbar muscular atrophy; Kennedy disease)"
"ITGA9","integrin, alpha 9"
"ITGAV","integrin, alpha V (vitronectin receptor, alpha polypeptide, antigen CD51)"
"ABCC6","ATP-binding cassette, sub-family C (CFTR/MRP), member 6"
"ITGB4","integrin, beta 4"
"EIF6","eukaryotic translation initiation factor 6"
"ITGB5","integrin, beta 5"
"ITGB6","integrin, beta 6"
"ITGB7","integrin, beta 7"
"ITGB8","integrin, beta 8"
"ITIH2","inter-alpha (globulin) inhibitor H2"
"ARAF","v-raf murine sarcoma 3611 viral oncogene homolog"
"ITIH4","inter-alpha (globulin) inhibitor H4 (plasma Kallikrein-sensitive glycoprotein)"
"ITPR1","inositol 1,4,5-triphosphate receptor, type 1"
"IVL","involucrin"
"JAK2","Janus kinase 2 (a protein tyrosine kinase)"
"JARID2","jumonji, AT rich interactive domain 2"
"JUN","jun oncogene"
"CD82","CD82 molecule"
"KARS1","lysyl-tRNA synthetase"
"NDUFS7","NADH dehydrogenase (ubiquinone) Fe-S protein 7, 20kDa (NADH-coenzyme Q reductase)"
"KCND1","potassium voltage-gated channel, Shal-related subfamily, member 1"
"KCNH1","potassium voltage-gated channel, subfamily H (eag-related), member 1"
"KCNJ3","potassium inwardly-rectifying channel, subfamily J, member 3"
"KCNQ1","potassium voltage-gated channel, KQT-like subfamily, member 1"
"KCNQ2","potassium voltage-gated channel, KQT-like subfamily, member 2"
"CENPS","apoptosis-inducing, TAF9-like domain 1"
"KISS1","KiSS-1 metastasis-suppressor"
"KIT","v-kit Hardy-Zuckerman 4 feline sarcoma viral oncogene homolog"
"ARF5","ADP-ribosylation factor 5"
"KLRB1","killer cell lectin-like receptor subfamily B, member 1"
"ARF6","ADP-ribosylation factor 6"
"KIFC1","kinesin family member C1"
"KIF22","kinesin family member 22"
"ARG1","arginase, liver"
"TNPO1","transportin 1"
"KRAS","v-Ki-ras2 Kirsten rat sarcoma viral oncogene homolog"
"ARG2","arginase, type II"
"KRT7","keratin 7"
"KRT14","keratin 14 (epidermolysis bullosa simplex, Dowling-Meara, Koebner)"
"KRT18","keratin 18"
"KRT19","keratin 19"
"KRT33A","keratin 33A"
"RHOB","ras homolog gene family, member B"
"KTN1","kinectin 1 (kinesin receptor)"
"RHOC","ras homolog gene family, member C"
"LAG3","lymphocyte-activation gene 3"
"PRAMEF12","PRAME family member 12"
"RND3","Rho family GTPase 3"
"LAMA4","laminin, alpha 4"
"LAMA5","laminin, alpha 5"
"LAMB1","laminin, beta 1"
"LAMC1","laminin, gamma 1 (formerly LAMB2)"
"LBP","lipopolysaccharide binding protein"
"LCAT","lecithin-cholesterol acyltransferase"
"LCN1","lipocalin 1 (tear prealbumin)"
"LCP2","lymphocyte cytosolic protein 2 (SH2 domain containing leukocyte protein of 76kDa)"
"LGALS1","lectin, galactoside-binding, soluble, 1 (galectin 1)"
"LGALS2","lectin, galactoside-binding, soluble, 2"
"LIG1","ligase I, DNA, ATP-dependent"
"ARHGDIG","Rho GDP dissociation inhibitor (GDI) gamma"
"KNOP1","similar to TSG118.1"
"LOX","lysyl oxidase"
"LSP1","lymphocyte-specific protein 1"
"CYP4F3","cytochrome P450, family 4, subfamily F, polypeptide 3"
"LTBP3","latent transforming growth factor beta binding protein 3"
"LTF","lactotransferrin"
"LUM","lumican"
"LY6E","lymphocyte antigen 6 complex, locus E"
"LY75","lymphocyte antigen 75"
"EPCAM","tumor-associated calcium signal transducer 1"
"M6PR","mannose-6-phosphate receptor (cation dependent)"
"MAD2L1","MAD2 mitotic arrest deficient-like 1 (yeast)"
"SMAD2","SMAD family member 2"
"SMAD3","SMAD family member 3"
"SMAD4","SMAD family member 4"
"ARRB1","arrestin, beta 1"
"SMAD7","SMAD family member 7"
"MAGEA1","melanoma antigen family A, 1 (directs expression of antigen MZ2-E)"
"ARSA","arylsulfatase A"
"MAOB","monoamine oxidase B"
"STS","steroid sulfatase (microsomal), isozyme S"
"MARS1","methionyl-tRNA synthetase"
"MAZ","MYC-associated zinc finger protein (purine-binding transcription factor)"
"MBNL1","muscleblind-like (Drosophila)"
"MCM2","minichromosome maintenance complex component 2"
"MCM4","minichromosome maintenance complex component 4"
"MCM5","minichromosome maintenance complex component 5"
"MCM6","minichromosome maintenance complex component 6"
"MCM7","minichromosome maintenance complex component 7"
"ADAM11","ADAM metallopeptidase domain 11"
"MDH2","malate dehydrogenase 2, NAD (mitochondrial)"
"MDM2","Mdm2, transformed 3T3 cell double minute 2, p53 binding protein (mouse)"
"MEFV","Mediterranean fever"
"MAP3K5","mitogen-activated protein kinase kinase kinase 5"
"RAB8A","RAB8A, member RAS oncogene family"
"MEST","mesoderm specific transcript homolog (mouse)"
"MFAP1","microfibrillar-associated protein 1"
"MGP","matrix Gla protein"
"MIF","macrophage migration inhibitory factor (glycosylation-inhibiting factor)"
"CXCL9","chemokine (C-X-C motif) ligand 9"
"MITF","microphthalmia-associated transcription factor"
"MKI67","antigen identified by monoclonal antibody Ki-67"
"MKLN1","muskelin 1, intracellular mediator containing kelch motifs"
"MAP3K11","mitogen-activated protein kinase kinase kinase 11"
"MLLT1","myeloid/lymphoid or mixed-lineage leukemia (trithorax homolog, Drosophila); translocated to, 1"
"MMP1","matrix metallopeptidase 1 (interstitial collagenase)"
"MMP2","matrix metallopeptidase 2 (gelatinase A, 72kDa gelatinase, 72kDa type IV collagenase)"
"MMP3","matrix metallopeptidase 3 (stromelysin 1, progelatinase)"
"MMP8","matrix metallopeptidase 8 (neutrophil collagenase)"
"MMP11","matrix metallopeptidase 11 (stromelysin 3)"
"MMP14","matrix metallopeptidase 14 (membrane-inserted)"
"MMP15","matrix metallopeptidase 15 (membrane-inserted)"
"MNAT1","menage a trois homolog 1, cyclin H assembly factor (Xenopus laevis)"
"MNT","MAX binding protein"
"MPG","N-methylpurine-DNA glycosylase"
"MPO","myeloperoxidase"
"ASL","argininosuccinate lyase"
"MT2A","metallothionein 2A"
"MT3","metallothionein 3"
"MTIF2","mitochondrial translational initiation factor 2"
"MMUT","methylmalonyl Coenzyme A mutase"
"MX1","myxovirus (influenza virus) resistance 1, interferon-inducible protein p78 (mouse)"
"MX2","myxovirus (influenza virus) resistance 2 (mouse)"
"MYBL2","v-myb myeloblastosis viral oncogene homolog (avian)-like 2"
"GADD45B","growth arrest and DNA-damage-inducible, beta"
"MYH9","myosin, heavy chain 9, non-muscle"
"MYL6","myosin, light chain 6, alkali, smooth muscle and non-muscle"
"MYOC","myocilin, trabecular meshwork inducible glucocorticoid response"
"NARS1","asparaginyl-tRNA synthetase"
"NASP","nuclear autoantigenic sperm protein (histone-binding)"
"ATF3","activating transcription factor 3"
"CEACAM6","carcinoembryonic antigen-related cell adhesion molecule 6 (non-specific cross reacting antigen)"
"NBN","nibrin"
"NCBP1","nuclear cap binding protein subunit 1, 80kDa"
"NDUFA1","NADH dehydrogenase (ubiquinone) 1 alpha subcomplex, 1, 7.5kDa"
"NDUFA2","NADH dehydrogenase (ubiquinone) 1 alpha subcomplex, 2, 8kDa"
"NDUFA3","NADH dehydrogenase (ubiquinone) 1 alpha subcomplex, 3, 9kDa"
"NDUFA7","NADH dehydrogenase (ubiquinone) 1 alpha subcomplex, 7, 14.5kDa"
"NDUFA8","NADH dehydrogenase (ubiquinone) 1 alpha subcomplex, 8, 19kDa"
"NDUFA9","NADH dehydrogenase (ubiquinone) 1 alpha subcomplex, 9, 39kDa"
"NDUFA10","NADH dehydrogenase (ubiquinone) 1 alpha subcomplex, 10, 42kDa"
"NDUFB2","NADH dehydrogenase (ubiquinone) 1 beta subcomplex, 2, 8kDa"
"NDUFB3","NADH dehydrogenase (ubiquinone) 1 beta subcomplex, 3, 12kDa"
"NDUFB4","NADH dehydrogenase (ubiquinone) 1 beta subcomplex, 4, 15kDa"
"NDUFB5","NADH dehydrogenase (ubiquinone) 1 beta subcomplex, 5, 16kDa"
"NDUFB6","NADH dehydrogenase (ubiquinone) 1 beta subcomplex, 6, 17kDa"
"NDUFB7","NADH dehydrogenase (ubiquinone) 1 beta subcomplex, 7, 18kDa"
"NDUFB8","NADH dehydrogenase (ubiquinone) 1 beta subcomplex, 8, 19kDa"
"NDUFC2","NADH dehydrogenase (ubiquinone) 1, subcomplex unknown, 2, 14.5kDa"
"ATIC","5-aminoimidazole-4-carboxamide ribonucleotide formyltransferase/IMP cyclohydrolase"
"NDUFS2","NADH dehydrogenase (ubiquinone) Fe-S protein 2, 49kDa (NADH-coenzyme Q reductase)"
"NDUFS3","NADH dehydrogenase (ubiquinone) Fe-S protein 3, 30kDa (NADH-coenzyme Q reductase)"
"NDUFS4","NADH dehydrogenase (ubiquinone) Fe-S protein 4, 18kDa (NADH-coenzyme Q reductase)"
"NDUFS6","NADH dehydrogenase (ubiquinone) Fe-S protein 6, 13kDa (NADH-coenzyme Q reductase)"
"NDUFV2","NADH dehydrogenase (ubiquinone) flavoprotein 2, 24kDa"
"ATM","ataxia telangiectasia mutated"
"NEDD8","neural precursor cell expressed, developmentally down-regulated 8"
"NEFM","neurofilament, medium polypeptide 150kDa"
"NEK2","NIMA (never in mitosis gene a)-related kinase 2"
"NFKB1","nuclear factor of kappa light polypeptide gene enhancer in B-cells 1 (p105)"
"NFKBIA","nuclear factor of kappa light polypeptide gene enhancer in B-cells inhibitor, alpha"
"NFKBIE","nuclear factor of kappa light polypeptide gene enhancer in B-cells inhibitor, epsilon"
"ATP12A","ATPase, H+/K+ transporting, nongastric, alpha polypeptide"
"NFYB","nuclear transcription factor Y, beta"
"NGFR","nerve growth factor receptor (TNFR superfamily, member 16)"
"SNU13","NHP2 non-histone chromosome protein 2-like 1 (S. cerevisiae)"
"ATP1B1","ATPase, Na+/K+ transporting, beta 1 polypeptide"
"NME1","non-metastatic cells 1, protein (NM23A) expressed in"
"NME3","non-metastatic cells 3, protein expressed in"
"NME4","non-metastatic cells 4, protein expressed in"
"NOS3","nitric oxide synthase 3 (endothelial cell)"
"CNOT2","CCR4-NOT transcription complex, subunit 2"
"NOTCH2","Notch homolog 2 (Drosophila)"
"PNP","nucleoside phosphorylase"
"NPM1","nucleophosmin (nucleolar phosphoprotein B23, numatrin)"
"NRAS","neuroblastoma RAS viral (v-ras) oncogene homolog"
"ACO1","aconitase 1, soluble"
"YBX1","Y box binding protein 1"
"NT5E","5'-nucleotidase, ecto (CD73)"
"NTHL1","nth endonuclease III-like 1 (E. coli)"
"NTRK1","neurotrophic tyrosine kinase, receptor, type 1"
"NTS","neurotensin"
"NUP98","nucleoporin 98kDa"
"ATP2B3","ATPase, Ca++ transporting, plasma membrane 3"
"OAS1","2',5'-oligoadenylate synthetase 1, 40/46kDa"
"OAS2","2'-5'-oligoadenylate synthetase 2, 69/71kDa"
"OAS3","2'-5'-oligoadenylate synthetase 3, 100kDa"
"OAT","ornithine aminotransferase (gyrate atrophy)"
"ODC1","ornithine decarboxylase 1"
"ATP5F1A","ATP synthase, H+ transporting, mitochondrial F1 complex, alpha subunit 1, cardiac muscle"
"ORC1","origin recognition complex, subunit 1-like (yeast)"
"ORC2","origin recognition complex, subunit 2-like (yeast)"
"ORM1","orosomucoid 1"
"OSM","oncostatin M"
"OTC","ornithine carbamoyltransferase"
"CLDN11","claudin 11 (oligodendrocyte transmembrane protein)"
"OXCT1","3-oxoacid CoA transferase 1"
"OXT","oxytocin, prepro- (neurophysin I)"
"P4HA1","procollagen-proline, 2-oxoglutarate 4-dioxygenase (proline 4-hydroxylase), alpha polypeptide I"
"P4HB","procollagen-proline, 2-oxoglutarate 4-dioxygenase (proline 4-hydroxylase), beta polypeptide"
"PA2G4","proliferation-associated 2G4, 38kDa"
"PLA2G3","phospholipase A2, group III"
"NOX3","NADPH oxidase 3"
"PRDX1","peroxiredoxin 1"
"SERPINE1","serpin peptidase inhibitor, clade E (nexin, plasminogen activator inhibitor type 1), member 1"
"SERPINB2","serpin peptidase inhibitor, clade B (ovalbumin), member 2"
"ITSN2","intersectin 2"
"PAX5","paired box 5"
"TRAT1","T cell receptor associated transmembrane adaptor 1"
"PARD6A","par-6 partitioning defective 6 homolog alpha (C. elegans)"
"HEBP1","heme binding protein 1"
"PBX2","pre-B-cell leukemia homeobox 2"
"IMPG2","interphotoreceptor matrix proteoglycan 2"
"PCBP2","poly(rC) binding protein 2"
"ATP5F1C","ATP synthase, H+ transporting, mitochondrial F1 complex, gamma polypeptide 1"
"ACO2","aconitase 2, mitochondrial"
"MED31","mediator complex subunit 31"
"DERL2","Der1-like domain family, member 2"
"ISOC1","isochorismatase domain containing 1"
"RRP15","ribosomal RNA processing 15 homolog (S. cerevisiae)"
"MRPS16","mitochondrial ribosomal protein S16"
"MRPS18C","mitochondrial ribosomal protein S18C"
"FIS1","fission 1 (mitochondrial outer membrane) homolog (S. cerevisiae)"
"ZNF593","zinc finger protein 593"
"PRLH","prolactin releasing hormone"
"GMNN","geminin, DNA replication inhibitor"
"RPS27L","ribosomal protein S27-like"
"MRPL2","mitochondrial ribosomal protein L2"
"PCK2","phosphoenolpyruvate carboxykinase 2 (mitochondrial)"
"MRPL4","mitochondrial ribosomal protein L4"
"FCF1","FCF1 small subunit (SSU) processome component homolog (S. cerevisiae)"
"NDUFA13","NADH dehydrogenase (ubiquinone) 1 alpha subcomplex, 13"
"MRPS7","mitochondrial ribosomal protein S7"
"POLR1D","polymerase (RNA) I polypeptide D, 16kDa"
"GAL","galanin prepropeptide"
"PLLP","plasma membrane proteolipid (plasmolipin)"
"UTP18","UTP18, small subunit (SSU) processome component, homolog (yeast)"
"NDUFAF1","NADH dehydrogenase (ubiquinone) 1 alpha subcomplex, assembly factor 1"
"KMT5B","suppressor of variegation 4-20 homolog 1 (Drosophila)"
"UTP11","UTP11-like, U3 small nucleolar ribonucleoprotein, (yeast)"
"PCNA","proliferating cell nuclear antigen"
"SAR1B","SAR1 gene homolog B (S. cerevisiae)"
"DYNC1LI1","dynein, cytoplasmic 1, light intermediate chain 1"
"MRNIP","hypothetical LOC51149"
"SLC45A2","solute carrier family 45, member 2"
"MRTO4","mRNA turnover 4 homolog (S. cerevisiae)"
"RSL24D1","chromosome 15 open reading frame 15"
"HERC5","hect domain and RLD 5"
"DDX47","DEAD (Asp-Glu-Ala-Asp) box polypeptide 47"
"GP6","glycoprotein VI (platelet)"
"GOLM1","golgi membrane protein 1"
"SCAND1","SCAN domain containing 1"
"GMIP","GEM interacting protein"
"TLR8","toll-like receptor 8"
"NME8","thioredoxin domain containing 3 (spermatozoa)"
"SPG21","spastic paraplegia 21 (autosomal recessive, Mast syndrome)"
"MS4A4A","membrane-spanning 4-domains, subfamily A, member 4"
"PDCD1","programmed cell death 1"
"MRPS17","mitochondrial ribosomal protein S17"
"ATP6V1D","ATPase, H+ transporting, lysosomal 34kDa, V1 subunit D"
"WNT16","wingless-type MMTV integration site family, member 16"
"NIP7","nuclear import 7 homolog (S. cerevisiae)"
"ATP5F1D","ATP synthase, H+ transporting, mitochondrial F1 complex, delta subunit"
"NOL7","nucleolar protein 7, 27kDa"
"PDE3B","phosphodiesterase 3B, cGMP-inhibited"
"ACTL6B","actin-like 6B"
"PDE4B","phosphodiesterase 4B, cAMP-specific (phosphodiesterase E4 dunce homolog, Drosophila)"
"ANAPC5","anaphase promoting complex subunit 5"
"REV1","REV1 homolog (S. cerevisiae)"
"RTCB","chromosome 22 open reading frame 28"
"ATP5F1E","ATP synthase, H+ transporting, mitochondrial F1 complex, epsilon subunit"
"RTF2","chromosome 20 open reading frame 43"
"PDE1B","phosphodiesterase 1B, calmodulin-dependent"
"CINP","cyclin-dependent kinase 2-interacting protein"
"HDAC7","histone deacetylase 7A"
"PDGFRA","platelet-derived growth factor receptor, alpha polypeptide"
"ESF1","ESF1, nucleolar pre-rRNA processing protein, homolog (S. cerevisiae)"
"PCF11","PCF11, cleavage and polyadenylation factor subunit, homolog (S. cerevisiae)"
"MED15","mediator complex subunit 15"
"PDGFRB","platelet-derived growth factor receptor, beta polypeptide"
"ATP5PB","ATP synthase, H+ transporting, mitochondrial F0 complex, subunit B1"
"PDHB","pyruvate dehydrogenase (lipoamide) beta"
"RBMX2","RNA binding motif protein, X-linked 2"
"MRPL48","mitochondrial ribosomal protein L48"
"TMBIM4","transmembrane BAX inhibitor motif containing 4"
"CDK5RAP1","CDK5 regulatory subunit associated protein 1"
"GINS2","GINS complex subunit 2 (Psf2 homolog)"
"IFT25","chromosome 1 open reading frame 41"
"PDK4","pyruvate dehydrogenase kinase, isozyme 4"
"LSM7","LSM7 homolog, U6 small nuclear RNA associated (S. cerevisiae)"
"LSM8","LSM8 homolog, U6 small nuclear RNA associated (S. cerevisiae)"
"PDPK1","3-phosphoinositide dependent protein kinase-1"
"SELENOT","selenoprotein T"
"CMPK1","cytidylate kinase"
"POLR3K","polymerase (RNA) III (DNA directed) polypeptide K, 12.3 kDa"
"WBP11","WW domain binding protein 11"
"ARID4B","AT rich interactive domain 4B (RBP1-like)"
"STK26","serine/threonine protein kinase MST4"
"SERPINF1","serpin peptidase inhibitor, clade F (alpha-2 antiplasmin, pigment epithelium derived factor), member 1"
"RSF1","remodeling and spacing factor 1"
"KDM3B","jumonji domain containing 1B"
"CALML5","calmodulin-like 5"
"GALNT7","UDP-N-acetyl-alpha-D-galactosamine:polypeptide N-acetylgalactosaminyltransferase 7 (GalNAc-T7)"
"PEX1","peroxisome biogenesis factor 1"
"ATP5MC3","ATP synthase, H+ transporting, mitochondrial F0 complex, subunit C3 (subunit 9)"
"PEX13","peroxisome biogenesis factor 13"
"PFDN5","prefoldin subunit 5"
"PFKFB4","6-phosphofructo-2-kinase/fructose-2,6-biphosphatase 4"
"ATP5ME","ATP synthase, H+ transporting, mitochondrial F0 complex, subunit E"
"PGD","phosphogluconate dehydrogenase"
"ATP5PF","ATP synthase, H+ transporting, mitochondrial F0 complex, subunit F6"
"ATP6V1A","ATPase, H+ transporting, lysosomal 70kDa, V1 subunit A"
"PGR","progesterone receptor"
"SLC25A3","solute carrier family 25 (mitochondrial carrier; phosphate carrier), member 3"
"ATP6V1B2","ATPase, H+ transporting, lysosomal 56/58kDa, V1 subunit B2"
"ATP6V0C","ATPase, H+ transporting, lysosomal 16kDa, V0 subunit c"
"PIGH","phosphatidylinositol glycan anchor biosynthesis, class H"
"PIK3C3","phosphoinositide-3-kinase, class 3"
"PIK3CA","phosphoinositide-3-kinase, catalytic, alpha polypeptide"
"PIK3CD","phosphoinositide-3-kinase, catalytic, delta polypeptide"
"PIK3R2","phosphoinositide-3-kinase, regulatory subunit 2 (p85 beta)"
"ATP6V1E1","ATPase, H+ transporting, lysosomal 31kDa, V1 subunit E1"
"ACP1","acid phosphatase 1, soluble"
"PIP4K2A","phosphatidylinositol-5-phosphate 4-kinase, type II, alpha"
"PKLR","pyruvate kinase, liver and RBC"
"PKM","pyruvate kinase, muscle"
"PKP2","plakophilin 2"
"PLAGL1","pleiomorphic adenoma gene-like 1"
"PLAT","plasminogen activator, tissue"
"PLAU","plasminogen activator, urokinase"
"PLCB2","phospholipase C, beta 2"
"PLCG1","phospholipase C, gamma 1"
"NUP54","nucleoporin 54kDa"
"PLD2","phospholipase D2"
"CLIC5","chloride intracellular channel 5"
"SERPINF2","serpin peptidase inhibitor, clade F (alpha-2 antiplasmin, pigment epithelium derived factor), member 2"
"PLK1","polo-like kinase 1 (Drosophila)"
"PLOD1","procollagen-lysine 1, 2-oxoglutarate 5-dioxygenase 1"
"PLOD2","procollagen-lysine, 2-oxoglutarate 5-dioxygenase 2"
"PLSCR1","phospholipid scramblase 1"
"ATP6V0A1","ATPase, H+ transporting, lysosomal V0 subunit a1"
"PMAIP1","phorbol-12-myristate-13-acetate-induced protein 1"
"PMM1","phosphomannomutase 1"
"PELO","pelota homolog (Drosophila)"
"EXOSC10","exosome component 10"
"ATP5PO","ATP synthase, H+ transporting, mitochondrial F1 complex, O subunit (oligomycin sensitivity conferring protein)"
"MIS18A","chromosome 21 open reading frame 45"
"PNN","pinin, desmosome associated protein"
"MRPL39","mitochondrial ribosomal protein L39"
"NANS","N-acetylneuraminic acid synthase (sialic acid synthase)"
"CYCS","cytochrome c, somatic"
"PODXL","podocalyxin-like"
"POLE","polymerase (DNA directed), epsilon"
"POLE2","polymerase (DNA directed), epsilon 2 (p59 subunit)"
"POLR2B","polymerase (RNA) II (DNA directed) polypeptide B, 140kDa"
"POLR2C","polymerase (RNA) II (DNA directed) polypeptide C, 33kDa"
"GDAP1","ganglioside-induced differentiation-associated protein 1"
"POLR2D","polymerase (RNA) II (DNA directed) polypeptide D"
"POLR2F","polymerase (RNA) II (DNA directed) polypeptide F"
"WNT4","wingless-type MMTV integration site family, member 4"
"POLR2G","polymerase (RNA) II (DNA directed) polypeptide G"
"POLR2I","polymerase (RNA) II (DNA directed) polypeptide I, 14.5kDa"
"POLR2J","polymerase (RNA) II (DNA directed) polypeptide J, 13.3kDa"
"POLR2L","polymerase (RNA) II (DNA directed) polypeptide L, 7.6kDa"
"YIPF1","Yip1 domain family, member 1"
"GAR1","nucleolar protein family A, member 1 (H/ACA small nucleolar RNPs)"
"MIOS","hypothetical protein FLJ20323"
"TOLLIP","toll interacting protein"
"KRT20","keratin 20"
"PIMREG","family with sequence similarity 64, member A"
"CHPF2","chondroitin sulfate glucuronyltransferase"
"TMCO1","transmembrane and coiled-coil domains 1"
"DHX29","DEAH (Asp-Glu-Ala-His) box polypeptide 29"
"EXOSC4","exosome component 4"
"APBB1IP","amyloid beta (A4) precursor protein-binding, family B, member 1 interacting protein"
"NDUFB11","NADH dehydrogenase (ubiquinone) 1 beta subcomplex, 11, 17.3kDa"
"DDIT4","DNA-damage-inducible transcript 4"
"TOMM7","translocase of outer mitochondrial membrane 7 homolog (yeast)"
"GNL3L","guanine nucleotide binding protein-like 3 (nucleolar)-like"
"ING3","inhibitor of growth family, member 3"
"PAF1","Paf1, RNA polymerase II associated factor, homolog (S. cerevisiae)"
"PPARG","peroxisome proliferator-activated receptor gamma"
"MED1","mediator complex subunit 1"
"RRN3","RRN3 RNA polymerase I transcription factor homolog (S. cerevisiae)"
"PPAT","phosphoribosyl pyrophosphate amidotransferase"
"MPHOSPH8","M-phase phosphoprotein 8"
"XAF1","XIAP associated factor-1"
"PPBP","pro-platelet basic protein (chemokine (C-X-C motif) ligand 7)"
"SAMD9","sterile alpha motif domain containing 9"
"AFTPH","aftiphilin"
"QPCTL","glutaminyl-peptide cyclotransferase-like"
"PPID","peptidylprolyl isomerase D (cyclophilin D)"
"NDE1","nudE nuclear distribution gene E homolog 1 (A. nidulans)"
"ERCC6L","excision repair cross-complementing rodent repair deficiency, complementation group 6-like"
"MS4A12","membrane-spanning 4-domains, subfamily A, member 12"
"EPS8L1","EPS8-like 1"
"SPDL1","coiled-coil domain containing 99"
"CMTM6","CKLF-like MARVEL transmembrane domain containing 6"
"HAUS4","chromosome 14 open reading frame 94"
"RNF125","ring finger protein 125"
"MRPL16","mitochondrial ribosomal protein L16"
"PPM1B","protein phosphatase 1B (formerly 2C), magnesium-dependent, beta isoform"
"TMEM132A","transmembrane protein 132A"
"NMRK1","chromosome 9 open reading frame 95"
"PPP1CA","protein phosphatase 1, catalytic subunit, alpha isoform"
"ACP5","acid phosphatase 5, tartrate resistant"
"HERC6","hect domain and RLD 6"
"PRPF39","PRP39 pre-mRNA processing factor 39 homolog (S. cerevisiae)"
"PPP1CC","protein phosphatase 1, catalytic subunit, gamma isoform"
"PPP1R1A","protein phosphatase 1, regulatory (inhibitor) subunit 1A"
"PTCD3","Pentatricopeptide repeat domain 3"
"MRPL20","mitochondrial ribosomal protein L20"
"ZWILCH","Zwilch, kinetochore associated, homolog (Drosophila)"
"MED9","mediator complex subunit 9"
"GPATCH1","G patch domain containing 1"
"PPP1R7","protein phosphatase 1, regulatory (inhibitor) subunit 7"
"MAGOHB","mago-nashi homolog 2"
"PRPF38B","PRP38 pre-mRNA processing factor 38 (yeast) domain containing B"
"HEATR1","HEAT repeat containing 1"
"CDCA8","cell division cycle associated 8"
"UBR7","chromosome 14 open reading frame 130"
"MRPS18A","mitochondrial ribosomal protein S18A"
"PPP2CB","protein phosphatase 2 (formerly 2A), catalytic subunit, beta isoform"
"SEC61A2","Sec61 alpha 2 subunit (S. cerevisiae)"
"MRM3","RNA methyltransferase like 1"
"PPP2R1A","protein phosphatase 2 (formerly 2A), regulatory subunit A , alpha isoform"
"DNAJC17","DnaJ (Hsp40) homolog, subfamily C, member 17"
"PPP2R1B","protein phosphatase 2 (formerly 2A), regulatory subunit A, beta isoform"
"PPP2R2A","protein phosphatase 2 (formerly 2A), regulatory subunit B, alpha isoform"
"FANCI","Fanconi anemia, complementation group I"
"PPP2R2B","protein phosphatase 2 (formerly 2A), regulatory subunit B, beta isoform"
"NAT10","N-acetyltransferase 10"
"NEIL3","nei endonuclease VIII-like 3 (E. coli)"
"PPP2R5A","protein phosphatase 2, regulatory subunit B', alpha isoform"
"PPP2R5B","protein phosphatase 2, regulatory subunit B', beta isoform"
"IMP3","IMP3, U3 small nucleolar ribonucleoprotein, homolog (yeast)"
"BRF2","BRF2, subunit of RNA polymerase III transcription initiation factor, BRF1-like"
"BRIX1","brix domain containing 2"
"PPP2R5E","protein phosphatase 2, regulatory subunit B', epsilon isoform"
"RSAD1","radical S-adenosyl methionine domain containing 1"
"TMA16","hypothetical protein FLJ11184"
"PPP4C","protein phosphatase 4 (formerly X), catalytic subunit"
"PPP3R1","protein phosphatase 3 (formerly 2B), regulatory subunit B, alpha isoform"
"STYK1","serine/threonine/tyrosine kinase 1"
"PPP5C","protein phosphatase 5, catalytic subunit"
"MCM10","minichromosome maintenance complex component 10"
"CSGALNACT2","chondroitin sulfate GalNAcT-2"
"NDUFAF7","chromosome 2 open reading frame 56"
"SMPD3","sphingomyelin phosphodiesterase 3, neutral membrane (neutral sphingomyelinase II)"
"BMP2K","BMP2 inducible kinase"
"DDX60","hypothetical protein FLJ20035"
"FERMT1","chromosome 20 open reading frame 42"
"DOCK10","dedicator of cytokinesis 10"
"OSGEP","O-sialoglycoprotein endopeptidase"
"NHP2","nucleolar protein family A, member 2 (H/ACA small nucleolar RNPs)"
"PRKACA","protein kinase, cAMP-dependent, catalytic, alpha"
"PRKACG","protein kinase, cAMP-dependent, catalytic, gamma"
"LUC7L","LUC7-like (S. cerevisiae)"
"RBM22","RNA binding motif protein 22"
"POLR3B","polymerase (RNA) III (DNA directed) polypeptide B"
"NECAP2","NECAP endocytosis associated 2"
"TSR1","TSR1, 20S rRNA accumulation, homolog (S. cerevisiae)"
"ASF1B","ASF1 anti-silencing function 1 homolog B (S. cerevisiae)"
"VPS35","vacuolar protein sorting 35 homolog (S. cerevisiae)"
"ARFGAP1","ADP-ribosylation factor GTPase activating protein 1"
"AP5M1","chromosome 14 open reading frame 108"
"NUP133","nucleoporin 133kDa"
"WDR12","WD repeat domain 12"
"RIOK2","RIO kinase 2 (yeast)"
"MBNL3","muscleblind-like 3 (Drosophila)"
"FOXJ2","forkhead box J2"
"ADCY10","testicular soluble adenylyl cyclase"
"UTP6","UTP6, small subunit (SSU) processome component, homolog (yeast)"
"EAF2","ELL associated factor 2"
"ZC3H15","zinc finger CCCH-type containing 15"
"TMEM126B","transmembrane protein 126B"
"PKN2","protein kinase N2"
"PRKCQ","protein kinase C, theta"
"PRKCZ","protein kinase C, zeta"
"NXT2","nuclear transport factor 2-like export factor 2"
"PRKDC","protein kinase, DNA-activated, catalytic polypeptide"
"MAPK1","mitogen-activated protein kinase 1"
"MAPK3","mitogen-activated protein kinase 3"
"NXF3","nuclear RNA export factor 3"
"MAPK11","mitogen-activated protein kinase 11"
"MAPK13","mitogen-activated protein kinase 13"
"MAP2K1","mitogen-activated protein kinase kinase 1"
"MAP2K2","mitogen-activated protein kinase kinase 2"
"MAP2K5","mitogen-activated protein kinase kinase 5"
"MAP2K6","mitogen-activated protein kinase kinase 6"
"EIF2AK2","eukaryotic translation initiation factor 2-alpha kinase 2"
"PRL","prolactin"
"PROC","protein C (inactivator of coagulation factors Va and VIIIa)"
"MEPCE","methylphosphate capping enzyme"
"METTL3","methyltransferase like 3"
"AZGP1","alpha-2-glycoprotein 1, zinc-binding"
"CYP26B1","cytochrome P450, family 26, subfamily B, polypeptide 1"
"PSEN1","presenilin 1 (Alzheimer disease 3)"
"EIF5A2","eukaryotic translation initiation factor 5A2"
"RETN","resistin"
"ZC3HAV1","zinc finger CCCH-type, antiviral 1"
"PSMA2","proteasome (prosome, macropain) subunit, alpha type, 2"
"PSMA3","proteasome (prosome, macropain) subunit, alpha type, 3"
"PSMA4","proteasome (prosome, macropain) subunit, alpha type, 4"
"PSMA6","proteasome (prosome, macropain) subunit, alpha type, 6"
"NDUFA4L2","NADH dehydrogenase (ubiquinone) 1 alpha subcomplex, 4-like 2"
"PNO1","partner of NOB1 homolog (S. cerevisiae)"
"SH3GLB2","SH3-domain GRB2-like endophilin B2"
"C1GALT1","core 1 synthase, glycoprotein-N-acetylgalactosamine 3-beta-galactosyltransferase, 1"
"EXOSC5","exosome component 5"
"CMC2","chromosome 16 open reading frame 61"
"PSMB7","proteasome (prosome, macropain) subunit, beta type, 7"
"PYY","peptide YY"
"PSMG2","tumor necrosis factor superfamily, member 5-induced protein 1"
"TOMM22","translocase of outer mitochondrial membrane 22 homolog (yeast)"
"CHPT1","choline phosphotransferase 1"
"CCDC47","coiled-coil domain containing 47"
"PSMC2","proteasome (prosome, macropain) 26S subunit, ATPase, 2"
"SLC17A7","solute carrier family 17 (sodium-dependent inorganic phosphate cotransporter), member 7"
"PSMC4","proteasome (prosome, macropain) 26S subunit, ATPase, 4"
"UTP3","UTP3, small subunit (SSU) processome component, homolog (S. cerevisiae)"
"PSMC5","proteasome (prosome, macropain) 26S subunit, ATPase, 5"
"TIGAR","chromosome 12 open reading frame 5"
"PSMD5","proteasome (prosome, macropain) 26S subunit, non-ATPase, 5"
"NUP107","nucleoporin 107kDa"
"APMAP","chromosome 20 open reading frame 3"
"PSMD7","proteasome (prosome, macropain) 26S subunit, non-ATPase, 7"
"PSMD8","proteasome (prosome, macropain) 26S subunit, non-ATPase, 8"
"PELI1","pellino homolog 1 (Drosophila)"
"PSMD10","proteasome (prosome, macropain) 26S subunit, non-ATPase, 10"
"CAMK1G","calcium/calmodulin-dependent protein kinase IG"
"PSME2","proteasome (prosome, macropain) activator subunit 2 (PA28 beta)"
"PTEN","phosphatase and tensin homolog (mutated in multiple advanced cancers 1)"
"PTGER2","prostaglandin E receptor 2 (subtype EP2), 53kDa"
"CBX8","chromobox homolog 8 (Pc class homolog, Drosophila)"
"PTK2","PTK2 protein tyrosine kinase 2"
"SYT13","synaptotagmin XIII"
"SEMA4G","sema domain, immunoglobulin domain (Ig), transmembrane domain (TM) and short cytoplasmic domain, (semaphorin) 4G"
"ANKRA2","ankyrin repeat, family A (RFXANK-like), 2"
"CATSPERG","chromosome 19 open reading frame 15"
"BAK1","BCL2-antagonist/killer 1"
"BARD1","BRCA1 associated RING domain 1"
"PVALB","parvalbumin"
"BAX","BCL2-associated X protein"
"PEX2","peroxisomal membrane protein 3, 35kDa (Zellweger syndrome)"
"PXN","paxillin"
"PYGB","phosphorylase, glycogen; brain"
"PYGL","phosphorylase, glycogen; liver (Hers disease, glycogen storage disease type VI)"
"PYGM","phosphorylase, glycogen; muscle (McArdle syndrome, glycogen storage disease type V)"
"EPS15L1","epidermal growth factor receptor pathway substrate 15-like 1"
"RBM25","RNA binding motif protein 25"
"RRAGD","Ras-related GTP binding D"
"QARS1","glutaminyl-tRNA synthetase"
"RAB5A","RAB5A, member RAS oncogene family"
"RAB5B","RAB5B, member RAS oncogene family"
"RAC2","ras-related C3 botulinum toxin substrate 2 (rho family, small GTP binding protein Rac2)"
"RAD21","RAD21 homolog (S. pombe)"
"RAD23B","RAD23 homolog B (S. cerevisiae)"
"RALA","v-ral simian leukemia viral oncogene homolog A (ras related)"
"RANBP2","RAN binding protein 2"
"RAP1A","RAP1A, member of RAS oncogene family"
"RASA1","RAS p21 protein activator (GTPase activating protein) 1"
"RB1","retinoblastoma 1 (including osteosarcoma)"
"RBBP4","retinoblastoma binding protein 4"
"RBBP5","retinoblastoma binding protein 5"
"RBBP7","retinoblastoma binding protein 7"
"RBL2","retinoblastoma-like 2 (p130)"
"BCKDHB","branched chain keto acid dehydrogenase E1, beta polypeptide (maple syrup urine disease)"
"RBP4","retinol binding protein 4, plasma"
"RCN1","reticulocalbin 1, EF-hand calcium binding domain"
"CCND1","cyclin D1"
"RELB","v-rel reticuloendotheliosis viral oncogene homolog B, nuclear factor of kappa light polypeptide gene enhancer in B-cells 3 (avian)"
"REN","renin"
"RET","ret proto-oncogene"
"BCL2A1","BCL2-related protein A1"
"REV3L","REV3-like, catalytic subunit of DNA polymerase zeta (yeast)"
"RFC2","replication factor C (activator 1) 2, 40kDa"
"RFC3","replication factor C (activator 1) 3, 38kDa"
"RFC4","replication factor C (activator 1) 4, 37kDa"
"RFNG","RFNG O-fucosylpeptide 3-beta-N-acetylglucosaminyltransferase"
"BCL2L2","BCL2-like 2"
"ACTA2","actin, alpha 2, smooth muscle, aorta"
"RHO","rhodopsin (opsin 2, rod pigment) (retinitis pigmentosa 4, autosomal dominant)"
"BCL3","B-cell CLL/lymphoma 3"
"RNASE2","ribonuclease, RNase A family, 2 (liver, eosinophil-derived neurotoxin)"
"RNASEL","ribonuclease L (2',5'-oligoisoadenylate synthetase-dependent)"
"TRMT11","tRNA methyltransferase 11 homolog (S. cerevisiae)"
"MRPS35","mitochondrial ribosomal protein S35"
"APOBEC3G","apolipoprotein B mRNA editing enzyme, catalytic polypeptide-like 3G"
"GUF1","GUF1 GTPase homolog (S. cerevisiae)"
"ABCE1","ATP-binding cassette, sub-family E (OABP), member 1"
"TNFRSF17","tumor necrosis factor receptor superfamily, member 17"
"ROBO1","roundabout, axon guidance receptor, homolog 1 (Drosophila)"
"ROM1","retinal outer segment membrane protein 1"
"RP2","retinitis pigmentosa 2 (X-linked recessive)"
"RPA1","replication protein A1, 70kDa"
"OPN1SW","opsin 1 (cone pigments), short-wave-sensitive (color blindness, tritan)"
"RPL3","ribosomal protein L3"
"RPL3L","ribosomal protein L3-like"
"RPL4","ribosomal protein L4"
"RPL5","ribosomal protein L5"
"RPL8","ribosomal protein L8"
"RPL10","ribosomal protein L10"
"RPL12","ribosomal protein L12"
"RPL13","ribosomal protein L13"
"RPL15","ribosomal protein L15"
"RPL19","ribosomal protein L19"
"RPL22","ribosomal protein L22"
"RPL24","ribosomal protein L24"
"RPL27","ribosomal protein L27"
"RPL30","ribosomal protein L30"
"RPL36AL","ribosomal protein L36a-like"
"RPL37","ribosomal protein L37"
"RPL37A","ribosomal protein L37a"
"RPL38","ribosomal protein L38"
"RPLP1","ribosomal protein, large, P1"
"BCS1L","BCS1-like (yeast)"
"MRPL12","mitochondrial ribosomal protein L12"
"MRPS12","mitochondrial ribosomal protein S12"
"RPS2","ribosomal protein S2"
"RPS3","ribosomal protein S3"
"RPS4X","ribosomal protein S4, X-linked"
"RPS4Y1","ribosomal protein S4, Y-linked 1"
"RPS6","ribosomal protein S6"
"RPS6KB1","ribosomal protein S6 kinase, 70kDa, polypeptide 1"
"RPS9","ribosomal protein S9"
"RPS11","ribosomal protein S11"
"RPS14","ribosomal protein S14"
"RPS16","ribosomal protein S16"
"RPS19","ribosomal protein S19"
"RPS21","ribosomal protein S21"
"RPS23","ribosomal protein S23"
"RRAS","related RAS viral (r-ras) oncogene homolog"
"RREB1","ras responsive element binding protein 1"
"BDKRB1","bradykinin receptor B1"
"RRM1","ribonucleotide reductase M1 polypeptide"
"RYR2","ryanodine receptor 2 (cardiac)"
"S100A1","S100 calcium binding protein A1"
"S100A12","S100 calcium binding protein A12"
"MAPK12","mitogen-activated protein kinase 12"
"ATXN1","ataxin 1"
"BFSP1","beaded filament structural protein 1, filensin"
"SCN5A","sodium channel, voltage-gated, type V, alpha subunit"
"SCT","secretin"
"SCTR","secretin receptor"
"CCL1","chemokine (C-C motif) ligand 1"
"CCL2","chemokine (C-C motif) ligand 2"
"CEACAM1","carcinoembryonic antigen-related cell adhesion molecule 1 (biliary glycoprotein)"
"CCL5","chemokine (C-C motif) ligand 5"
"CCL8","chemokine (C-C motif) ligand 8"
"CCL11","chemokine (C-C motif) ligand 11"
"CCL13","chemokine (C-C motif) ligand 13"
"CCL17","chemokine (C-C motif) ligand 17"
"CCL22","chemokine (C-C motif) ligand 22"
"CXCL6","chemokine (C-X-C motif) ligand 6 (granulocyte chemotactic protein 2)"
"CXCL11","chemokine (C-X-C motif) ligand 11"
"CX3CL1","chemokine (C-X3-C motif) ligand 1"
"BID","BH3 interacting domain death agonist"
"SDC2","syndecan 2"
"MRPL17","mitochondrial ribosomal protein L17"
"SDF2","stromal cell-derived factor 2"
"HEATR6","HEAT repeat containing 6"
"SDHA","succinate dehydrogenase complex, subunit A, flavoprotein (Fp)"
"BIK","BCL2-interacting killer (apoptosis-inducing)"
"SDHB","succinate dehydrogenase complex, subunit B, iron sulfur (Ip)"
"SDHD","succinate dehydrogenase complex, subunit D, integral membrane protein"
"MRPS14","mitochondrial ribosomal protein S14"
"SEC13","SEC13 homolog (S. cerevisiae)"
"SEMA3F","sema domain, immunoglobulin domain (Ig), short basic domain, secreted, (semaphorin) 3F"
"RTP4","receptor (chemosensory) transporter protein 4"
"NOD2","nucleotide-binding oligomerization domain containing 2"
"LIN7B","lin-7 homolog B (C. elegans)"
"XYLT2","xylosyltransferase II"
"NCAPG","non-SMC condensin I complex, subunit G"
"CARD9","caspase recruitment domain family, member 9"
"SFRP1","secreted frizzled-related protein 1"
"SRSF1","splicing factor, arginine/serine-rich 1 (splicing factor 2, alternate splicing factor)"
"SRSF2","splicing factor, arginine/serine-rich 2"
"SRSF4","splicing factor, arginine/serine-rich 4"
"NOC3L","nucleolar complex associated 3 homolog (S. cerevisiae)"
"SIL1","SIL1 homolog, endoplasmic reticulum chaperone (S. cerevisiae)"
"CXCR5","Burkitt lymphoma receptor 1, GTP binding protein (chemokine (C-X-C motif) receptor 5)"
"POLR1E","polymerase (RNA) I polypeptide E, 53kDa"
"ACTR6","ARP6 actin-related protein 6 homolog (yeast)"
"SGCG","sarcoglycan, gamma (35kDa dystrophin-associated glycoprotein)"
"SGK1","serum/glucocorticoid regulated kinase"
"SGTA","small glutamine-rich tetratricopeptide repeat (TPR)-containing, alpha"
"ITSN1","intersectin 1 (SH3 domain protein)"
"SH3GL2","SH3-domain GRB2-like 2"
"PDIA2","protein disulfide isomerase family A, member 2"
"SMURF2","SMAD specific E3 ubiquitin protein ligase 2"
"PARP12","poly (ADP-ribose) polymerase family, member 12"
"SI","sucrase-isomaltase (alpha-glucosidase)"
"CERK","ceramide kinase"
"RBM15","RNA binding motif protein 15"
"TBC1D15","TBC1 domain family, member 15"
"ST6GAL1","ST6 beta-galactosamide alpha-2,6-sialyltranferase 1"
"SPATA20","spermatogenesis associated 20"
"YTHDC2","YTH domain containing 2"
"TUT1","terminal uridylyl transferase 1, U6 snRNA-specific"
"PMEL","silver homolog (mouse)"
"MRPS15","mitochondrial ribosomal protein S15"
"MRPS11","mitochondrial ribosomal protein S11"
"MRPL40","mitochondrial ribosomal protein L40"
"MRPL34","mitochondrial ribosomal protein L34"
"MRPL11","mitochondrial ribosomal protein L11"
"MRPL9","mitochondrial ribosomal protein L9"
"SKP1","S-phase kinase-associated protein 1A (p19A)"
"SKP2","S-phase kinase-associated protein 2 (p45)"
"NOL6","nucleolar protein family 6 (RNA-associated)"
"UPF3B","UPF3 regulator of nonsense transcripts homolog B (yeast)"
"SLC1A6","solute carrier family 1 (high affinity aspartate/glutamate transporter), member 6"
"INTS3","integrator complex subunit 3"
"SLC2A3","solute carrier family 2 (facilitated glucose transporter), member 3"
"PYCR3","pyrroline-5-carboxylate reductase-like"
"BMP4","bone morphogenetic protein 4"
"SLC6A2","solute carrier family 6 (neurotransmitter transporter, noradrenalin), member 2"
"SLC7A2","solute carrier family 7 (cationic amino acid transporter, y+ system), member 2"
"SLC10A1","solute carrier family 10 (sodium/bile acid cotransporter family), member 1"
"SLC13A1","solute carrier family 13 (sodium/sulfate symporters), member 1"
"SLC25A1","solute carrier family 25 (mitochondrial carrier; citrate transporter), member 1"
"SLC22A4","solute carrier family 22 (organic cation transporter), member 4"
"SNAI2","snail homolog 2 (Drosophila)"
"SMARCA2","SWI/SNF related, matrix associated, actin dependent regulator of chromatin, subfamily a, member 2"
"HLTF","helicase-like transcription factor"
"SMARCA4","SWI/SNF related, matrix associated, actin dependent regulator of chromatin, subfamily a, member 4"
"MRPS34","mitochondrial ribosomal protein S34"
"SMARCD1","SWI/SNF related, matrix associated, actin dependent regulator of chromatin, subfamily d, member 1"
"MTMR9","myotubularin related protein 9"
"SUMO3","SMT3 suppressor of mif two 3 homolog 3 (S. cerevisiae)"
"SIGLEC1","sialic acid binding Ig-like lectin 1, sialoadhesin"
"SNAI1","snail homolog 1 (Drosophila)"
"SNAPC1","small nuclear RNA activating complex, polypeptide 1, 43kDa"
"SNAPC2","small nuclear RNA activating complex, polypeptide 2, 45kDa"
"SNRNP70","small nuclear ribonucleoprotein 70kDa polypeptide (RNP antigen)"
"SNRPB2","small nuclear ribonucleoprotein polypeptide B''"
"BNIP1","BCL2/adenovirus E1B 19kDa interacting protein 1"
"SNRPD1","small nuclear ribonucleoprotein D1 polypeptide 16kDa"
"SNRPD3","small nuclear ribonucleoprotein D3 polypeptide 18kDa"
"SNRPF","small nuclear ribonucleoprotein polypeptide F"
"SNTA1","syntrophin, alpha 1 (dystrophin-associated protein A1, 59kDa, acidic component)"
"SOD3","superoxide dismutase 3, extracellular"
"BNIP3","BCL2/adenovirus E1B 19kDa interacting protein 3"
"CAPN15","small optic lobes homolog (Drosophila)"
"SOS2","son of sevenless homolog 2 (Drosophila)"
"SOX2","SRY (sex determining region Y)-box 2"
"SOX9","SRY (sex determining region Y)-box 9 (campomelic dysplasia, autosomal sex-reversal)"
"SP1","Sp1 transcription factor"
"SP100","SP100 nuclear antigen"
"SPARC","secreted protein, acidic, cysteine-rich (osteonectin)"
"SPP2","secreted phosphoprotein 2, 24kDa"
"SPP1","secreted phosphoprotein 1 (osteopontin, bone sialoprotein I, early T-lymphocyte activation 1)"
"SRC","v-src sarcoma (Schmidt-Ruppin A-2) viral oncogene homolog (avian)"
"SRF","serum response factor (c-fos serum response element-binding transcription factor)"
"SRP9","signal recognition particle 9kDa"
"SRP14","signal recognition particle 14kDa (homologous Alu RNA binding protein)"
"BRCA1","breast cancer 1, early onset"
"SRPRA","signal recognition particle receptor ('docking protein')"
"TRIM21","tripartite motif-containing 21"
"SSB","Sjogren syndrome antigen B (autoantigen La)"
"SSRP1","structure specific recognition protein 1"
"SST","somatostatin"
"BRCA2","breast cancer 2, early onset"
"ST13","suppression of tumorigenicity 13 (colon carcinoma) (Hsp70 interacting protein)"
"STAT1","signal transducer and activator of transcription 1, 91kDa"
"STAT2","signal transducer and activator of transcription 2, 113kDa"
"STAT3","signal transducer and activator of transcription 3 (acute-phase response factor)"
"STAT5A","signal transducer and activator of transcription 5A"
"STAT5B","signal transducer and activator of transcription 5B"
"STAT6","signal transducer and activator of transcription 6, interleukin-4 induced"
"STAU1","staufen, RNA binding protein, homolog 1 (Drosophila)"
"AURKA","aurora kinase A"
"STK10","serine/threonine kinase 10"
"STK11","serine/threonine kinase 11"
"STX1A","syntaxin 1A (brain)"
"STX5","syntaxin 5"
"STXBP2","syntaxin binding protein 2"
"SULT2B1","sulfotransferase family, cytosolic, 2B, member 1"
"SUPT4H1","suppressor of Ty 4 homolog 1 (S. cerevisiae)"
"SUPT6H","suppressor of Ty 6 homolog (S. cerevisiae)"
"VAMP2","vesicle-associated membrane protein 2 (synaptobrevin 2)"
"BST2","bone marrow stromal cell antigen 2"
"SYK","spleen tyrosine kinase"
"SYPL1","synaptophysin-like 1"
"TAF4","TAF4 RNA polymerase II, TATA box binding protein (TBP)-associated factor, 135kDa"
"TAF7","TAF7 RNA polymerase II, TATA box binding protein (TBP)-associated factor, 55kDa"
"TAF10","TAF10 RNA polymerase II, TATA box binding protein (TBP)-associated factor, 30kDa"
"TAF11","TAF11 RNA polymerase II, TATA box binding protein (TBP)-associated factor, 28kDa"
"TAF12","TAF12 RNA polymerase II, TATA box binding protein (TBP)-associated factor, 20kDa"
"MAP3K7","mitogen-activated protein kinase kinase kinase 7"
"KLF5","Kruppel-like factor 5 (intestinal)"
"TARBP1","TAR (HIV-1) RNA binding protein 1"
"TARBP2","TAR (HIV-1) RNA binding protein 2"
"BTF3","basic transcription factor 3"
"TBP","TATA box binding protein"
"TCEA2","transcription elongation factor A (SII), 2"
"ZEB1","zinc finger E-box binding homeobox 1"
"TCN2","transcobalamin II; macrocytic anemia"
"DYNLT3","dynein, light chain, Tctex-type 3"
"TERF1","telomeric repeat binding factor (NIMA-interacting) 1"
"TF","transferrin"
"BUB1B","BUB1 budding uninhibited by benzimidazoles 1 homolog beta (yeast)"
"TFAP2C","transcription factor AP-2 gamma (activating enhancer binding protein 2 gamma)"
"TFAP4","transcription factor AP-4 (activating enhancer binding protein 4)"
"TFRC","transferrin receptor (p90, CD71)"
"TG","thyroglobulin"
"TGFB1","transforming growth factor, beta 1"
"TGFBR2","transforming growth factor, beta receptor II (70/80kDa)"
"TGFBR3","transforming growth factor, beta receptor III"
"TGM1","transglutaminase 1 (K polypeptide epidermal type I, protein-glutamine-gamma-glutamyltransferase)"
"THBS1","thrombospondin 1"
"THBS2","thrombospondin 2"
"BYSL","bystin-like"
"THY1","Thy-1 cell surface antigen"
"TIAM1","T-cell lymphoma invasion and metastasis 1"
"TIMP1","TIMP metallopeptidase inhibitor 1"
"TIMP4","TIMP metallopeptidase inhibitor 4"
"TK1","thymidine kinase 1, soluble"
"C1QBP","complement component 1, q subcomponent binding protein"
"TLR2","toll-like receptor 2"
"TLR3","toll-like receptor 3"
"TLR4","toll-like receptor 4"
"SERPING1","serpin peptidase inhibitor, clade G (C1 inhibitor), member 1, (angioedema, hereditary)"
"TNFRSF1A","tumor necrosis factor receptor superfamily, member 1A"
"TNS1","tensin 1"
"TP53","tumor protein p53 (Li-Fraumeni syndrome)"
"TP53BP2","tumor protein p53 binding protein, 2"
"TPD52L2","tumor protein D52-like 2"
"TPI1","triosephosphate isomerase 1"
"TPR","translocated promoter region (to activated MET oncogene)"
"HSP90B1","heat shock protein 90kDa beta (Grp94), member 1"
"TRAF2","TNF receptor-associated factor 2"
"TRAF3","TNF receptor-associated factor 3"
"C3","complement component 3"
"CCT3","chaperonin containing TCP1, subunit 3 (gamma)"
"TRIP6","thyroid hormone receptor interactor 6"
"TRO","trophinin"
"C4BPA","complement component 4 binding protein, alpha"
"TSC1","tuberous sclerosis 1"
"TSC2","tuberous sclerosis 2"
"TSNAX","translin-associated factor X"
"PHLDA2","pleckstrin homology-like domain, family A, member 2"
"TTR","transthyretin (prealbumin, amyloidosis type I)"
"TUBA4A","tubulin, alpha 4a"
"TUFM","Tu translation elongation factor, mitochondrial"
"TULP2","tubby like protein 2"
"HIRA","HIR histone cell cycle regulation defective homolog A (S. cerevisiae)"
"TWIST1","twist homolog 1 (acrocephalosyndactyly 3; Saethre-Chotzen syndrome) (Drosophila)"
"CCR2","similar to C-C chemokine receptor type 2 (C-C CKR-2) (CC-CKR-2) (CCR-2) (CCR2) (Monocyte chemoattractant protein 1 receptor) (MCP-1-R) (CD192 antigen)"
"TXN","thioredoxin"
"TYR","tyrosinase (oculocutaneous albinism IA)"
"TYROBP","TYRO protein tyrosine kinase binding protein"
"TYRP1","tyrosinase-related protein 1"
"UBA52","ubiquitin A-52 residue ribosomal protein fusion product 1"
"UBA7","ubiquitin-activating enzyme E1-like"
"UBE2B","ubiquitin-conjugating enzyme E2B (RAD6 homolog)"
"UBE2D2","ubiquitin-conjugating enzyme E2D 2 (UBC4/5 homolog, yeast)"
"UBE2E1","ubiquitin-conjugating enzyme E2E 1 (UBC4/5 homolog, yeast)"
"UBE2I","ubiquitin-conjugating enzyme E2I (UBC9 homolog, yeast)"
"UBE2N","ubiquitin-conjugating enzyme E2N (UBC13 homolog, yeast)"
"SUMO1","SMT3 suppressor of mif two 3 homolog 1 (S. cerevisiae)"
"UFD1","ubiquitin fusion degradation 1 like (yeast)"
"UGP2","UDP-glucose pyrophosphorylase 2"
"UMPS","uridine monophosphate synthetase (orotate phosphoribosyl transferase and orotidine-5'-decarboxylase)"
"UPK3A","uroplakin 3A"
"UQCRC1","ubiquinol-cytochrome c reductase core protein I"
"UQCRC2","ubiquinol-cytochrome c reductase core protein II"
"UQCRFS1","ubiquinol-cytochrome c reductase, Rieske iron-sulfur polypeptide 1"
"UQCRH","ubiquinol-cytochrome c reductase hinge protein"
"VASP","vasodilator-stimulated phosphoprotein"
"MRPL49","mitochondrial ribosomal protein L49"
"VBP1","von Hippel-Lindau binding protein 1"
"VCL","vinculin"
"VCP","valosin-containing protein"
"VRK1","vaccinia related kinase 1"
"VTN","vitronectin"
"VWF","von Willebrand factor"
"WAS","Wiskott-Aldrich syndrome (eczema-thrombocytopenia)"
"WNT3","wingless-type MMTV integration site family, member 3"
"WNT6","wingless-type MMTV integration site family, member 6"
"WRN","Werner syndrome"
"XBP1","X-box binding protein 1"
"XPA","xeroderma pigmentosum, complementation group A"
"XPC","xeroderma pigmentosum, complementation group C"
"XRCC5","X-ray repair complementing defective repair in Chinese hamster cells 5 (double-strand-break rejoining; Ku autoantigen, 80kDa)"
"YY1","YY1 transcription factor"
"YWHAE","tyrosine 3-monooxygenase/tryptophan 5-monooxygenase activation protein, epsilon polypeptide"
"YWHAZ","tyrosine 3-monooxygenase/tryptophan 5-monooxygenase activation protein, zeta polypeptide"
"ZAP70","zeta-chain (TCR) associated protein kinase 70kDa"
"SF1","splicing factor 1"
"ZFY","zinc finger protein, Y-linked"
"MZF1","myeloid zinc finger 1"
"CA1","carbonic anhydrase I"
"CA9","carbonic anhydrase IX"
"TRIM25","tripartite motif-containing 25"
"CA12","carbonic anhydrase XII"
"CACNA1D","calcium channel, voltage-dependent, L type, alpha 1D subunit"
"CACNA1F","calcium channel, voltage-dependent, L type, alpha 1F subunit"
"ZYX","zyxin"
"DAP3","death associated protein 3"
"CACNA2D1","calcium channel, voltage-dependent, alpha 2/delta subunit 1"
"CACNB2","calcium channel, voltage-dependent, beta 2 subunit"
"CACNB3","calcium channel, voltage-dependent, beta 3 subunit"
"CACNG1","calcium channel, voltage-dependent, gamma subunit 1"
"USP7","ubiquitin specific peptidase 7 (herpes virus-associated)"
"RAB7A","RAB7A, member RAS oncogene family"
"MRPL57","mitochondrial ribosomal protein 63"
"OTUB2","OTU domain, ubiquitin aldehyde binding 2"
"CENPM","centromere protein M"
"SECISBP2","SECIS binding protein 2"
"NOC4L","nucleolar complex associated 4 homolog (S. cerevisiae)"
"ASPSCR1","alveolar soft part sarcoma chromosome region, candidate 1"
"DCTPP1","XTP3-transactivated protein A"
"TRAPPC6A","trafficking protein particle complex 6A"
"CAD","carbamoyl-phosphate synthetase 2, aspartate transcarbamylase, and dihydroorotase"
"DHX58","DEXH (Asp-Glu-X-His) box polypeptide 58"
"FA2H","fatty acid 2-hydroxylase"
"RBM42","RNA binding motif protein 42"
"BAG6","HLA-B associated transcript 3"
"PLA2G7","phospholipase A2, group VII (platelet-activating factor acetylhydrolase, plasma)"
"BIRC7","baculoviral IAP repeat-containing 7 (livin)"
"CDC73","cell division cycle 73, Paf1/RNA polymerase II complex component, homolog (S. cerevisiae)"
"CHPF","chondroitin polymerizing factor"
"MRPL24","mitochondrial ribosomal protein L24"
"NAA16","NMDA receptor regulated 1-like"
"EFL1","elongation factor Tu GTP binding domain containing 1"
"PANK3","pantothenate kinase 3"
"USB1","chromosome 16 open reading frame 57"
"RPAP3","RNA polymerase II associated protein 3"
"ICE2","NMDA receptor regulated 2"
"PARP8","poly (ADP-ribose) polymerase family, member 8"
"CENPU","MLF1 interacting protein"
"TBL1XR1","transducin (beta)-like 1X-linked receptor 1"
"WDR59","WD repeat domain 59"
"LIN28A","lin-28 homolog (C. elegans)"
"PALB2","partner and localizer of BRCA2"
"E2F8","E2F transcription factor 8"
"TBC1D17","TBC1 domain family, member 17"
"ZFAND1","zinc finger, AN1-type domain 1"
"SNIP1","Smad nuclear interacting protein 1"
"ISOC2","isochorismatase domain containing 2"
"SHCBP1","SHC SH2-domain binding protein 1"
"PIP4K2C","phosphatidylinositol-5-phosphate 4-kinase, type II, gamma"
"ARHGEF5","Rho guanine nucleotide exchange factor (GEF) 5"
"CBLL1","Cas-Br-M (murine) ecotropic retroviral transforming sequence-like 1"
"LPCAT1","acyltransferase like 2"
"RIN3","Ras and Rab interactor 3"
"SETD6","SET domain containing 6"
"NOL10","nucleolar protein 10"
"DNAJB14","DnaJ (Hsp40) homolog, subfamily B, member 14"
"IFT56","tetratricopeptide repeat domain 26"
"RPF1","brix domain containing 5"
"MOGAT2","monoacylglycerol O-acyltransferase 2"
"MUS81","MUS81 endonuclease homolog (S. cerevisiae)"
"BRD3","bromodomain containing 3"
"MED28","mediator complex subunit 28"
"PNPLA3","patatin-like phospholipase domain containing 3"
"SHOC2","soc-2 suppressor of clear homolog (C. elegans)"
"THAP7","THAP domain containing 7"
"MLF2","myeloid leukemia factor 2"
"AAAS","achalasia, adrenocortical insufficiency, alacrimia (Allgrove, triple-A)"
"CALM3","calmodulin 3 (phosphorylase kinase, delta)"
"TUBB1","tubulin, beta 1"
"ZBP1","Z-DNA binding protein 1"
"PABPN1","poly(A) binding protein, nuclear 1"
"CALR","calreticulin"
"RSPH6A","radial spokehead-like 1"
"SLC38A1","solute carrier family 38, member 1"
"NDEL1","nudE nuclear distribution gene E homolog (A. nidulans)-like 1"
"CLPB","ClpB caseinolytic peptidase B homolog (E. coli)"
"FIP1L1","FIP1 like 1 (S. cerevisiae)"
"CDT1","chromatin licensing and DNA replication factor 1"
"ISCA1","iron-sulfur cluster assembly 1 homolog (S. cerevisiae)"
"MADCAM1","mucosal vascular addressin cell adhesion molecule 1"
"SF3A2","splicing factor 3a, subunit 2, 66kDa"
"ELL","elongation factor RNA polymerase II"
"MED25","mediator complex subunit 25"
"SLIRP","chromosome 14 open reading frame 156"
"SYMPK","symplekin"
"SEH1L","SEH1-like (S. cerevisiae)"
"KIF18A","kinesin family member 18A"
"ACTN4","actinin, alpha 4"
"USP11","ubiquitin specific peptidase 11"
"CAPN2","calpain 2, (m/II) large subunit"
"UBL4A","ubiquitin-like 4A"
"KDM5D","jumonji, AT rich interactive domain 1D"
"ARID1A","AT rich interactive domain 1A (SWI-like)"
"H3-4","histone cluster 3, H3"
"TRRAP","transformation/transcription domain-associated protein"
"CAPZA1","capping protein (actin filament) muscle Z-line, alpha 1"
"PICALM","phosphatidylinositol binding clathrin assembly protein"
"CAPZA2","capping protein (actin filament) muscle Z-line, alpha 2"
"ACOX3","acyl-Coenzyme A oxidase 3, pristanoyl"
"AXIN1","axin 1"
"CAST","calpastatin"
"FZD7","frizzled homolog 7 (Drosophila)"
"GFI1B","growth factor independent 1B (potential regulator of CDKN1A, translocated in CML)"
"H2AC13","histone cluster 1, H2ai"
"H2AC17","histone cluster 1, H2am"
"CDCA3","cell division cycle associated 3"
"APH1B","anterior pharynx defective 1 homolog B (C. elegans)"
"H4C6","histone cluster 1, H4f"
"H4C2","histone cluster 1, H4b"
"CASP3","caspase 3, apoptosis-related cysteine peptidase"
"GRWD1","glutamate-rich WD repeat containing 1"
"CASP5","caspase 5, apoptosis-related cysteine peptidase"
"PIP5K1A","phosphatidylinositol-4-phosphate 5-kinase, type I, alpha"
"PIP5K1B","phosphatidylinositol-4-phosphate 5-kinase, type I, beta"
"NCALD","neurocalcin delta"
"PLA2G6","phospholipase A2, group VI (cytosolic, calcium-independent)"
"RBM48","hypothetical protein DKFZp564O0523"
"POLR1B","polymerase (RNA) I polypeptide B, 128kDa"
"BFSP2","beaded filament structural protein 2, phakinin"
"CASP8","caspase 8, apoptosis-related cysteine peptidase"
"RAD54L","RAD54-like (S. cerevisiae)"
"CASP10","caspase 10, apoptosis-related cysteine peptidase"
"GNPAT","glyceronephosphate O-acyltransferase"
"CUL3","cullin 3"
"MAK16","RNA binding motif protein 13"
"CUL1","cullin 1"
"MT4","metallothionein 4"
"SUPT3H","suppressor of Ty 3 homolog (S. cerevisiae)"
"CBX2","chromobox homolog 2 (Pc class homolog, Drosophila)"
"PCGF1","polycomb group ring finger 1"
"CAT","catalase"
"PKP4","plakophilin 4"
"PIK3R3","phosphoinositide-3-kinase, regulatory subunit 3 (p55, gamma)"
"NIPSNAP1","nipsnap homolog 1 (C. elegans)"
"IFITM1","interferon induced transmembrane protein 1 (9-27)"
"HAT1","histone acetyltransferase 1"
"CYP4F2","cytochrome P450, family 4, subfamily F, polypeptide 2"
"TRIM5","tripartite motif-containing 5"
"MICALL1","MICAL-like 1"
"APOL1","apolipoprotein L, 1"
"CDC14A","CDC14 cell division cycle 14 homolog A (S. cerevisiae)"
"DENR","density-regulated protein"
"CAV1","caveolin 1, caveolae protein, 22kDa"
"CAV2","caveolin 2"
"RUVBL1","RuvB-like 1 (E. coli)"
"PLPP2","phosphatidic acid phosphatase type 2C"
"RUNX1","runt-related transcription factor 1 (acute myeloid leukemia 1; aml1 oncogene)"
"CDK13","cell division cycle 2-like 5 (cholinesterase-related cell division controller)"
"OASL","2'-5'-oligoadenylate synthetase-like"
"AKR1C3","aldo-keto reductase family 1, member C3 (3-alpha hydroxysteroid dehydrogenase, type II)"
"CHRD","chordin"
"EIF3A","eukaryotic translation initiation factor 3, subunit A"
"EIF3B","eukaryotic translation initiation factor 3, subunit B"
"EIF3D","eukaryotic translation initiation factor 3, subunit D"
"EIF3G","eukaryotic translation initiation factor 3, subunit G"
"EIF3I","eukaryotic translation initiation factor 3, subunit I"
"EIF3J","eukaryotic translation initiation factor 3, subunit J"
"VAMP4","vesicle-associated membrane protein 4"
"STX11","syntaxin 11"
"BECN1","beclin 1 (coiled-coil, myosin-like BCL2 interacting protein)"
"CBL","Cas-Br-M (murine) ecotropic retroviral transforming sequence"
"CBLB","Cas-Br-M (murine) ecotropic retroviral transforming sequence b"
"CBLN1","cerebellin 1 precursor"
"EDF1","endothelial differentiation-related factor 1"
"SNX4","sorting nexin 4"
"RIPK1","receptor (TNFRSF)-interacting serine-threonine kinase 1"
"TNFSF10","tumor necrosis factor (ligand) superfamily, member 10"
"ADAM9","ADAM metallopeptidase domain 9 (meltrin gamma)"
"CBS","cystathionine-beta-synthase"
"RAB11A","RAB11A, member RAS oncogene family"
"RIPK2","receptor-interacting serine-threonine kinase 2"
"FADD","Fas (TNFRSF6)-associated via death domain"
"NAPA","N-ethylmaleimide-sensitive factor attachment protein, alpha"
"DLK1","delta-like 1 homolog (Drosophila)"
"TNFRSF10B","tumor necrosis factor receptor superfamily, member 10b"
"PEX11A","peroxisomal biogenesis factor 11A"
"IL18R1","interleukin 18 receptor 1"
"DPM1","dolichyl-phosphate mannosyltransferase polypeptide 1, catalytic subunit"
"IQGAP1","IQ motif containing GTPase activating protein 1"
"CFLAR","CASP8 and FADD-like apoptosis regulator"
"ALKBH1","alkB, alkylation repair homolog 1 (E. coli)"
"VNN1","vanin 1"
"SQSTM1","sequestosome 1"
"CDC16","cell division cycle 16 homolog (S. cerevisiae)"
"DDX18","DEAD (Asp-Glu-Ala-Asp) box polypeptide 18"
"EIF2S2","eukaryotic translation initiation factor 2, subunit 2 beta, 38kDa"
"PRP4K","PRP4 pre-mRNA processing factor 4 homolog B (yeast)"
"CCNA1","cyclin A1"
"AP1G2","adaptor-related protein complex 1, gamma 2 subunit"
"CACNA1H","calcium channel, voltage-dependent, T type, alpha 1H subunit"
"CACNA1G","calcium channel, voltage-dependent, T type, alpha 1G subunit"
"CCNB1","cyclin B1"
"MBD2","methyl-CpG binding domain protein 2"
"SKAP2","src kinase associated phosphoprotein 2"
"P4HA2","procollagen-proline, 2-oxoglutarate 4-dioxygenase (proline 4-hydroxylase), alpha polypeptide II"
"WASL","Wiskott-Aldrich syndrome-like"
"HSPB3","heat shock 27kDa protein 3"
"CCNE1","cyclin E1"
"PGLYRP1","peptidoglycan recognition protein 1"
"CCNF","cyclin F"
"SOCS3","suppressor of cytokine signaling 3"
"BAZ1B","bromodomain adjacent to zinc finger domain, 1B"
"CCRL2","chemokine (C-C motif) receptor-like 2"
"DCAF15","hypothetical protein BC002926"
"UBA3","ubiquitin-activating enzyme E1C (UBA3 homolog, yeast)"
"UBE2M","ubiquitin-conjugating enzyme E2M (UBC12 homolog, yeast)"
"BTAF1","BTAF1 RNA polymerase II, B-TFIID transcription factor-associated, 170kDa (Mot1 homolog, S. cerevisiae)"
"RPL14","ribosomal protein L14"
"DOK2","docking protein 2, 56kDa"
"CCNT1","cyclin T1"
"GPRC5A","G protein-coupled receptor, family C, group 5, member A"
"EIF1AY","eukaryotic translation initiation factor 1A, Y-linked"
"PKMYT1","protein kinase, membrane associated tyrosine/threonine 1"
"CCT6A","chaperonin containing TCP1, subunit 6A (zeta 1)"
"PIGQ","phosphatidylinositol glycan anchor biosynthesis, class Q"
"ADCK2","aarF domain containing kinase 2"
"NMI","N-myc (and STAT) interactor"
"ATP6V0D1","ATPase, H+ transporting, lysosomal 38kDa, V0 subunit d1"
"R3HDM4","chromosome 19 open reading frame 22"
"RRP9","RRP9, small subunit (SSU) processome component, homolog (yeast)"
"NEMF","serologically defined colon cancer antigen 1"
"RSAD2","radical S-adenosyl methionine domain containing 2"
"EXO1","exonuclease 1"
"CD3D","CD3d molecule, delta (CD3-TCR complex)"
"COX7A2L","cytochrome c oxidase subunit VIIa polypeptide 2 like"
"SCAF11","splicing factor, arginine/serine-rich 2, interacting protein"
"MYOM2","myomesin (M-protein) 2, 165kDa"
"ZW10","ZW10, kinetochore associated, homolog (Drosophila)"
"BUB3","BUB3 budding uninhibited by benzimidazoles 3 homolog (yeast)"
"CALML4","calmodulin-like 4"
"CD4","CD4 molecule"
"VAPA","VAMP (vesicle-associated membrane protein)-associated protein A, 33kDa"
"PTTG1","pituitary tumor-transforming 1"
"UBE2L6","ubiquitin-conjugating enzyme E2L 6"
"GPR50","G protein-coupled receptor 50"
"CD7","CD7 molecule"
"CD8A","CD8a molecule"
"COPB2","coatomer protein complex, subunit beta 2 (beta prime)"
"MED14","mediator complex subunit 14"
"IMP4","IMP4, U3 small nucleolar ribonucleoprotein, homolog (yeast)"
"CD9","CD9 molecule"
"CD19","CD19 molecule"
"COPS2","COP9 constitutive photomorphogenic homolog subunit 2 (Arabidopsis)"
"TRIP13","thyroid hormone receptor interactor 13"
"TRIP12","thyroid hormone receptor interactor 12"
"MS4A3","membrane-spanning 4-domains, subfamily A, member 3 (hematopoietic cell-specific)"
"TGM5","transglutaminase 5"
"CD22","CD22 molecule"
"VAMP3","vesicle-associated membrane protein 3 (cellubrevin)"
"SNAP29","synaptosomal-associated protein, 29kDa"
"RPL23","ribosomal protein L23"
"TXNL1","thioredoxin-like 1"
"PPIG","peptidylprolyl isomerase G (cyclophilin G)"
"COX5A","cytochrome c oxidase subunit Va"
"OTOF","otoferlin"
"ATP5IF1","ATPase inhibitory factor 1"
"CD27","CD27 molecule"
"MED21","mediator complex subunit 21"
"DDX23","DEAD (Asp-Glu-Ala-Asp) box polypeptide 23"
"CD80","CD80 molecule"
"NTN1","netrin 1"
"MED23","mediator complex subunit 23"
"TNFRSF8","tumor necrosis factor receptor superfamily, member 8"
"MED17","mediator complex subunit 17"
"MED7","mediator complex subunit 7"
"QKI","quaking homolog, KH domain RNA binding (mouse)"
"AIM2","absent in melanoma 2"
"EIF2AK3","eukaryotic translation initiation factor 2-alpha kinase 3"
"ATG5","ATG5 autophagy related 5 homolog (S. cerevisiae)"
"CD34","CD34 molecule"
"STX8","syntaxin 8"
"PIGL","phosphatidylinositol glycan anchor biosynthesis, class L"
"PIGB","phosphatidylinositol glycan anchor biosynthesis, class B"
"SCARB1","scavenger receptor class B, member 1"
"PAGE4","P antigen family, member 4 (prostate associated)"
"ADAMTS2","ADAM metallopeptidase with thrombospondin type 1 motif, 2"
"SCARB2","scavenger receptor class B, member 2"
"PMPCB","peptidase (mitochondrial processing) beta"
"SPTLC2","serine palmitoyltransferase, long chain base subunit 2"
"TBPL1","TBP-like 1"
"CD37","CD37 molecule"
"EEF1E1","eukaryotic translation elongation factor 1 epsilon 1"
"GOSR1","golgi SNAP receptor complex member 1"
"CD38","CD38 molecule"
"ATP6V1G1","ATPase, H+ transporting, lysosomal 13kDa, V1 subunit G1"
"ATP5MF","ATP synthase, H+ transporting, mitochondrial F0 complex, subunit F2"
"MRPL33","mitochondrial ribosomal protein L33"
"GTPBP1","GTP binding protein 1"
"BABAM2","brain and reproductive organ-expressed (TNFRSF1A modulator)"
"ENTPD5","ectonucleoside triphosphate diphosphohydrolase 5"
"APOBEC3B","apolipoprotein B mRNA editing enzyme, catalytic polypeptide-like 3B"
"RBM39","RNA binding motif protein 39"
"KIF20B","M-phase phosphoprotein 1"
"CREB5","cAMP responsive element binding protein 5"
"CD40","CD40 molecule, TNF receptor superfamily member 5"
"IER2","immediate early response 2"
"NFE2L3","nuclear factor (erythroid-derived 2)-like 3"
"NCOR1","nuclear receptor co-repressor 1"
"NUP155","nucleoporin 155kDa"
"CTR9","Ctr9, Paf1/RNA polymerase II complex component, homolog (S. cerevisiae)"
"EIF5B","eukaryotic translation initiation factor 5B"
"KDM4A","jumonji domain containing 2A"
"CLINT1","clathrin interactor 1"
"NUP93","nucleoporin 93kDa"
"CD68","CD68 molecule"
"EMC2","tetratricopeptide repeat domain 35"
"TRAM2","translocation associated membrane protein 2"
"CD69","CD69 molecule"
"ESPL1","extra spindle pole bodies homolog 1 (S. cerevisiae)"
"AQR","aquarius homolog (mouse)"
"CD74","CD74 molecule, major histocompatibility complex, class II invariant chain"
"DOCK4","dedicator of cytokinesis 4"
"KNTC1","kinetochore associated 1"
"USP34","ubiquitin specific peptidase 34"
"CD79A","CD79a molecule, immunoglobulin-associated alpha"
"LAPTM4A","lysosomal-associated protein transmembrane 4 alpha"
"ACAP1","centaurin, beta 1"
"HDAC4","histone deacetylase 4"
"CD81","CD81 molecule"
"ZFYVE16","zinc finger, FYVE domain containing 16"
"MATR3","matrin 3"
"DHX38","DEAH (Asp-Glu-Ala-His) box polypeptide 38"
"MRPL19","mitochondrial ribosomal protein L19"
"KEAP1","kelch-like ECH-associated protein 1"
"RB1CC1","RB1-inducible coiled-coil 1"
"ARHGAP11A","Rho GTPase activating protein 11A"
"ELMO1","engulfment and cell motility 1"
"CEP170","centrosomal protein 170kDa"
"TOMM70","translocase of outer mitochondrial membrane 70 homolog A (S. cerevisiae)"
"FCHSD2","FCH and double SH3 domains 2"
"CDC5L","CDC5 cell division cycle 5-like (S. pombe)"
"SNAP91","synaptosomal-associated protein, 91kDa homolog (mouse)"
"CDC6","cell division cycle 6 homolog (S. cerevisiae)"
"JOSD1","Josephin domain containing 1"
"P2RY14","purinergic receptor P2Y, G-protein coupled, 14"
"CD302","CD302 molecule"
"CDC25A","cell division cycle 25 homolog A (S. pombe)"
"XYLB","xylulokinase homolog (H. influenzae)"
"CDC25B","cell division cycle 25 homolog B (S. pombe)"
"GOLGA5","golgi autoantigen, golgin subfamily a, 5"
"HS3ST1","heparan sulfate (glucosamine) 3-O-sulfotransferase 1"
"CDC25C","cell division cycle 25 homolog C (S. pombe)"
"RBX1","ring-box 1"
"CDC34","cell division cycle 34 homolog (S. cerevisiae)"
"THOC1","THO complex 1"
"CDH1","cadherin 1, type 1, E-cadherin (epithelial)"
