"from_symbol","to_symbol","combined_score"
"ARF5","ACAP1",0.825
"ARF5","COPA",0.718
"ARF5","COPB2",0.752
"ARF5","ARFGAP1",0.795
"ARF5","RAB11A",0.792
"ARF5","COPB1",0.846
"M6PR","TGOLN2",0.748
"FKBP4","SERPINB2",0.712
"FKBP4","HSPA2",0.748
"FKBP4","MTOR",0.961
"FKBP4","DNAJB1",0.957
"FKBP4","PPID",0.937
"FKBP4","HSP90AB1",0.999
"FKBP4","HSPA4",0.998
"FKBP4","CDC37",0.859
"FKBP4","NR3C1",0.996
"FKBP4","HSP90AA1",0.999
"FKBP4","PGR",0.977
"FKBP4","S100A1",0.742
"FKBP4","AHSA1",0.973
"FKBP4","AR",0.928
"FKBP4","CHUK",0.801
"CYP26B1","CYP1A1",0.943
"CYP26B1","CYP2A6",0.936
"NDUFAF7","NDUFA7",0.74
"NDUFAF7","NDUFS3",0.735
"NDUFAF7","NDUFS2",0.947
"NDUFAF7","NDUFA10",0.721
"NDUFAF7","NDUFAF4",0.74
"NDUFAF7","NDUFS7",0.813
"NDUFAF7","NDUFAF1",0.799
"NDUFAF7","TMEM126B",0.82
"NDUFAF7","NDUFB5",0.708
"NDUFAF7","NDUFA13",0.702
"NDUFAF7","ATP5F1C",0.825
"CFTR","PRKACG",0.976
"CFTR","PRKACA",0.982
"CFTR","DNAJB1",0.825
"CFTR","AHSA1",0.867
"CFTR","HSP90AA1",0.986
"CFTR","HSPA4",0.925
"CFTR","VCP",0.938
"CFTR","RAB11A",0.709
"CFTR","HSP90AB1",0.964
"CFTR","DNAJA1",0.849
"CFTR","KRT18",0.702
"CFTR","YWHAZ",0.917
"CFTR","STUB1",0.97
"CYP51A1","FDPS",0.886
"CYP51A1","PGRMC1",0.867
"CYP51A1","DHCR7",0.978
"CYP51A1","CYB5A",0.764
"CYP51A1","PPIG",0.891
"SLC7A2","ARG2",0.831
"SLC7A2","ARG1",0.841
"HSPB6","DNAJB1",0.776
"HSPB6","HSP90AA1",0.783
"HSPB6","HSP90AB1",0.783
"HSPB6","HSPA4",0.842
"HSPB6","YWHAZ",0.701
"PDK4","ITPR1",0.825
"PDK4","HSPA9",0.904
"PDK4","CYCS",0.718
"RALA","RASA1",0.988
"RALA","ARF6",0.722
"RALA","PPP2R1B",0.869
"RALA","CALM3",0.827
"RALA","RAC2",0.932
"RALA","KRAS",0.759
"RALA","CALML5",0.816
"RALA","RAB8A",0.749
"RALA","CALML4",0.786
"RALA","SRC",0.874
"RALA","RAB11A",0.703
"RALA","PLD2",0.974
"CACNG3","CACNB2",0.779
"CACNG3","CACNA2D1",0.978
"CACNG3","CACNA1F",0.927
"CACNG3","CACNG1",0.974
"CACNG3","CACNA1D",0.957
"CACNG3","GRIN2C",0.788
"CACNG3","HSPA2",0.734
"CACNG3","FKBP1A",0.728
"CACNG3","GRIN2D",0.748
"CACNG3","CATSPERG",0.748
"CACNG3","CACNA1H",0.818
"CACNG3","CACNB3",0.938
"CACNG3","CACNG2",0.756
"TMEM132A","HSPA5",0.723
"DVL2","GNAQ",0.911
"DVL2","SMURF2",0.762
"DVL2","FZD7",0.964
"DVL2","NOTCH2",0.926
"DVL2","CSNK1D",0.875
"DVL2","SQSTM1",0.779
"DVL2","BAMBI",0.934
"DVL2","GSK3B",0.976
"DVL2","AXIN1",0.999
"DVL2","CSNK2A1",0.943
"DVL2","PARD6A",0.958
"DVL2","CSNK1E",0.967
"DVL2","PLK1",0.914
"DVL2","ARRB1",0.929
"DVL2","CUL3",0.732
"DVL2","SFRP1",0.706
"DVL2","INVS",0.942
"DVL2","ADAR",0.75
"DVL2","WNT4",0.747
"RPAP3","RUVBL1",0.999
"RPAP3","POLR1D",0.732
"RPAP3","MED17",0.774
"RPAP3","PPP1CC",0.868
"RPAP3","POLR3B",0.823
"RPAP3","INTS3",0.811
"RPAP3","POLR2J",0.936
"RPAP3","POLR2F",0.701
"RPAP3","HSP90AA1",0.99
"RPAP3","CDC37",0.772
"RPAP3","TARBP2",0.904
"RPAP3","HSP90AB1",0.992
"RPAP3","HSPA4",0.75
"RPAP3","PPP1CA",0.85
"RPAP3","TSC1",0.706
"RPAP3","POLR2B",0.817
"RPAP3","POLR2L",0.748
"SKAP2","LCP2",0.851
"SKAP2","ITGA5",0.9
"SKAP2","FYN",0.896
"CX3CL1","CCL13",0.749
"CX3CL1","CCL11",0.992
"CX3CL1","CXCL8",0.845
"CX3CL1","IL10",0.815
"CX3CL1","CCR5",0.977
"CX3CL1","CCR7",0.915
"CX3CL1","IFNG",0.923
"CX3CL1","CCL5",0.971
"CX3CL1","CSF3",0.942
"CX3CL1","CD8A",0.704
"CX3CL1","CXCL13",0.86
"CX3CL1","GNA11",0.807
"CX3CL1","CCL17",0.856
"CX3CL1","FGF2",0.971
"CX3CL1","GNB1",0.8
"CX3CL1","CCL27",0.756
"CX3CL1","IL1B",0.839
"CX3CL1","CXCR1",0.994
"CX3CL1","CCR2",0.997
"CX3CL1","IL1A",0.829
"CX3CL1","CCR1",0.905
"CX3CL1","IL2",0.743
"CX3CL1","CXCR3",0.99
"CX3CL1","ICAM1",0.725
"CX3CL1","CCL2",0.831
"CX3CL1","CXCL6",0.737
"CX3CL1","CCL1",0.866
"CX3CL1","CXCR5",0.787
"CX3CL1","CXCL11",0.859
"CX3CL1","IL4",0.78
"CX3CL1","IL6",0.735
"CX3CL1","CXCL9",0.926
"CX3CL1","EGF",0.961
"CX3CL1","IFNA2",0.825
"CX3CL1","CXCL10",0.948
"CX3CL1","CCL22",0.878
"TSR3","TSR1",0.827
"OSBPL7","VAPA",0.759
"CRY1","CSNK1D",0.993
"CRY1","SKP1",0.7
"CRY1","NR3C1",0.914
"CRY1","CSNK1E",0.999
"CRY1","CUL1",0.745
"PGLYRP1","CTSG",0.762
"PGLYRP1","HSPA4",0.963
"PGLYRP1","NOD1",0.728
"PGLYRP1","NOD2",0.71
"PGLYRP1","MMP8",0.732
"PGLYRP1","LTF",0.781
"CAMK1G","CALML4",0.8
"CAMK1G","NOS3",0.907
"CAMK1G","CALM3",0.943
"CAMK1G","CALML5",0.837
"CD74","RPL30",0.98
"CD74","EIF5A2",0.765
"CD74","SEC61A1",0.869
"CD74","RSAD1",0.923
"CD74","POLR2C",0.877
"CD74","RPL4",0.982
"CD74","UTP6",0.781
"CD74","RPS4X",0.869
"CD74","RPLP1",0.94
"CD74","POLR2B",0.77
"CD74","MRPL33",0.967
"CD74","QARS1",0.706
"CD74","MED1",0.937
"CD74","HEATR1",0.791
"CD74","MRPL12",0.971
"CD74","RPL8",0.98
"CD74","MRPL17",0.971
"CD74","RPS2",0.981
"CD74","EIF1B",0.81
"CD74","RPL24",0.975
"CD74","RPL37A",0.972
"CD74","UBA52",0.973
"CD74","RPS6",0.978
"CD74","EIF5",0.84
"CD74","TUFM",0.972
"CD74","RPS27L",0.934
"CD74","MRPS12",0.888
"CD74","MRPL11",0.774
"CD74","RPS21",0.979
"CD74","IMP3",0.938
"CD74","NOC4L",0.812
"CD74","EIF3A",0.746
"CD74","RPL13",0.976
"CD74","MIF",0.999
"CD74","MRPL2",0.836
"CD74","MRPL4",0.835
"CD74","MRTO4",0.888
"CD74","RPL23",0.981
"CD74","RPS19",0.985
"CD74","MRPS16",0.97
"CD74","RPL15",0.977
"CD74","MRPL49",0.769
"CD74","RPL19",0.978
"CD74","RPS16",0.981
"CD74","RPL5",0.982
"CD74","SIL1",0.774
"CD74","BYSL",0.837
"CD74","RPL10",0.93
"CD74","NGDN",0.79
"CD74","ATP5F1C",0.839
"CD74","MRPL3",0.836
"CD74","POLR2F",0.85
"CD74","SERBP1",0.832
"CD74","KRR1",0.844
"CD74","RPL12",0.977
"CD74","SNU13",0.872
"CD74","POLR3B",0.778
"CD74","RCL1",0.781
"CD74","RRP7A",0.778
"CD74","CCL5",0.713
"CD74","IFI35",0.94
"CD74","RPS9",0.982
"CD74","HMGN4",0.817
"CD74","ATP5F1A",0.865
"CD74","MRPS35",0.827
"CD74","ARL6IP1",0.853
"CD74","RPL38",0.981
"CD74","RPL13A",0.943
"CD74","RPL10L",0.93
"CD74","EPRS1",0.845
"CD74","APP",0.985
"CD74","RPS23",0.979
"CD74","UTP3",0.785
"CD74","MRPL20",0.959
"CD74","RRP9",0.79
"CD74","DAP3",0.793
"CD74","PDCD11",0.967
"CD74","RPL22",0.905
"CD74","MRPL40",0.792
"CD74","EIF3K",0.717
"CD74","RPL27",0.979
"CD74","GCN1",0.787
"CD74","POLR1B",0.78
"CD74","DNTTIP2",0.781
"CD74","EFL1",0.806
"CD74","EIF1AY",0.942
"CD74","MTIF2",0.842
"CD74","UTP20",0.792
"CD74","MRPL16",0.776
"CD74","EIF5A",0.766
"CD74","MRPL24",0.836
"CD74","UTP11",0.766
"CD74","RPS3",0.983
"CD74","RPL3L",0.934
"CD74","RPS4Y1",0.864
"CD74","RIOK2",0.768
"CD74","MRNIP",0.909
"CD74","RPS11",0.981
"CD74","HSPBP1",0.774
"CD74","MRPL34",0.772
"CD74","DOCK4",0.909
"CD74","EIF2S2",0.8
"CD74","EIF5B",0.908
"CD74","MPHOSPH10",0.829
"CD74","MRPL9",0.968
"CD74","RPL3",0.937
"CD74","NOL6",0.792
"CD74","RPL37",0.975
"CD74","NOL10",0.781
"CD74","ABCE1",0.761
"CD74","MRPL58",0.816
"CD74","MRPL19",0.969
"CD74","FCF1",0.789
"CD74","EIF1AX",0.934
"CD74","EEF2",0.945
"CD74","TSFM",0.73
"CD74","UTP18",0.796
"CD74","EIF3D",0.701
"CD74","WDR3",0.824
"CD74","IMP4",0.771
"CD74","NAT10",0.794
"CD74","RPL39L",0.931
"CD74","RPL14",0.981
"CD74","EIF2S1",0.868
"CD74","MRPL46",0.821
"CD74","SEC61A2",0.853
"CD74","MRPS14",0.835
"CD74","RPL36AL",0.838
"CD74","FANCE",0.931
"CD74","MRPS7",0.845
"CD74","MRPS15",0.827
"CD74","HMGN1",0.817
"CPA1","CPA3",0.922
"SYPL1","VAMP2",0.821
"RANBP9","MPHOSPH8",0.943
"RANBP9","NTRK1",0.725
"RANBP9","DDX5",0.709
"RANBP9","MKLN1",0.998
"CD4","IFNGR1",0.739
"CD4","SKP1",0.95
"CD4","IFNB1",0.845
"CD4","LCP2",0.891
"CD4","TFRC",0.88
"CD4","TNFRSF1A",0.797
"CD4","CD19",0.936
"CD4","CCR5",0.999
"CD4","IL10",0.976
"CD4","CXCL8",0.861
"CD4","CD34",0.886
"CD4","IFNG",0.991
"CD4","CCR7",0.947
"CD4","LAT",0.737
"CD4","CD22",0.836
"CD4","CCL5",0.887
"CD4","MAPK3",0.71
"CD4","CSF3",0.734
"CD4","CD80",0.958
"CD4","CD8A",0.999
"CD4","MADCAM1",0.801
"CD4","CCND1",0.781
"CD4","FYN",0.98
"CD4","CXCL13",0.818
"CD4","STAT5B",0.833
"CD4","ALB",0.817
"CD4","CD38",0.932
"CD4","CCL17",0.718
"CD4","CD40",0.924
"CD4","PLCG1",0.737
"CD4","IL3",0.709
"CD4","GZMB",0.936
"CD4","ITIH4",0.999
"CD4","CCRL2",0.878
"CD4","BST2",0.788
"CD4","CRP",0.79
"CD4","FASLG",0.868
"CD4","STAT6",0.862
"CD4","TLR8",0.754
"CD4","IL7R",0.96
"CD4","ICAM3",0.707
"CD4","IFNA1",0.887
"CD4","KIT",0.778
"CD4","CD82",0.968
"CD4","TLR3",0.786
"CD4","TLR4",0.902
"CD4","LAG3",0.914
"CD4","ITGB7",0.728
"CD4","IL1B",0.958
"CD4","CD7",0.901
"CD4","THBS1",0.817
"CD4","PDCD1",0.96
"CD4","CD79A",0.753
"CD4","KLRB1",0.787
"CD4","NT5E",0.736
"CD4","STAT1",0.891
"CD4","THY1",0.753
"CD4","SYK",0.981
"CD4","TNFRSF8",0.776
"CD4","CCR2",0.909
"CD4","SCARB2",0.739
"CD4","CD69",0.948
"CD4","IL18",0.849
"CD4","IL1A",0.876
"CD4","CD3D",0.982
"CD4","CD9",0.829
"CD4","CD68",0.898
"CD4","CASP3",0.772
"CD4","NFKB1",0.858
"CD4","CCR1",0.708
"CD4","IL2",0.975
"CD4","CXCR3",0.864
"CD4","CD81",0.982
"CD4","ICAM1",0.969
"CD4","RBX1",0.914
"CD4","PMEL",0.782
"CD4","IDO1",0.875
"CD4","GZMA",0.758
"CD4","IL13",0.931
"CD4","STAT5A",0.843
"CD4","TRAT1",0.942
"CD4","IL2RB",0.875
"CD4","CCL2",0.839
"CD4","TLR2",0.814
"CD4","APOBEC3G",0.767
"CD4","TBX21",0.947
"CD4","PLAT",0.942
"CD4","MPO",0.7
"CD4","SOCS3",0.712
"CD4","FN1",0.916
"CD4","CXCR5",0.909
"CD4","CUL1",0.944
"CD4","TGFB1",0.87
"CD4","CXCL11",0.769
"CD4","LY75",0.744
"CD4","PTK2",0.859
"CD4","ZAP70",0.995
"CD4","IL6",0.966
"CD4","IL4",0.97
"CD4","ARG1",0.761
"CD4","CXCL9",0.79
"CD4","HSPA4",0.712
"CD4","IFNA2",0.788
"CD4","SRC",0.728
"CD4","CXCL10",0.839
"CD4","TP53",0.703
"CD4","CCL22",0.72
"CD4","CD27",0.931
"CD4","APOE",0.701
"CD4","STAT3",0.892
"TSPAN9","TSPAN32",0.715
"TSPAN9","CD9",0.761
"PPP5C","SDF2",0.724
"PPP5C","MAP3K5",0.97
"PPP5C","CCT8",0.917
"PPP5C","CCT2",0.908
"PPP5C","CCT4",0.926
"PPP5C","CCT7",0.908
"PPP5C","ARAF",0.702
"PPP5C","CCT3",0.911
"PPP5C","HSP90AA1",0.997
"PPP5C","CDC37",0.995
"PPP5C","HSPA4",0.801
"PPP5C","HSP90AB1",0.997
"PPP5C","TSC1",0.958
"PPP5C","CCT5",0.908
"PPP5C","PSMG2",0.901
"PPP5C","CCT6A",0.913
"UBR7","NASP",0.723
"MAP4K5","CRKL",0.82
"MAP4K5","CRK",0.895
"MAP4K5","GRB2",0.926
"ERCC1","TOPBP1",0.737
"ERCC1","ERCC8",0.977
"ERCC1","PARP2",0.721
"ERCC1","RPA1",0.898
"ERCC1","FANCE",0.71
"ERCC1","KDM1A",0.907
"ERCC1","WRN",0.855
"ERCC1","GTF2H1",0.894
"ERCC1","LIG1",0.891
"ERCC1","NBN",0.7
"ERCC1","XPC",0.994
"ERCC1","XPA",0.999
"ERCC1","XRCC5",0.982
"ERCC1","CDK7",0.789
"ERCC1","ERCC3",0.994
"ERCC1","FEN1",0.946
"ERCC1","PALB2",0.757
"ERCC1","FANCI",0.907
"ERCC1","BRCA2",0.877
"ERCC1","RAD23B",0.998
"ERCC1","REV3L",0.712
"ERCC1","MUS81",0.998
"ERCC1","ATM",0.975
"ERCC1","PRKDC",0.958
"ERCC1","ERCC6",0.926
"ERCC1","PARP1",0.869
"ERCC1","CETN2",0.971
"ERCC1","EXO1",0.848
"ERCC1","GTF2H4",0.728
"ERCC1","APEX1",0.774
"ERCC1","RRM1",0.782
"ERCC1","BRCA1",0.93
"COX15","NDUFS3",0.75
"COX15","COX5B",0.804
"COX15","UQCRFS1",0.978
"COX15","COX6C",0.739
"COX15","NDUFS4",0.882
"COX15","CYC1",0.961
"COX15","UQCRC2",0.888
"COX15","COX7A2",0.757
"COX15","NDUFS7",0.72
"COX15","COX7C",0.892
"COX15","UQCR10",0.715
"COX15","COX5A",0.941
"COX15","COX6A2",0.829
"COX15","BCS1L",0.942
"COX15","UQCRC1",0.842
"MS4A12","AQP8",0.704
"XYLT2","GRB2",0.918
"XYLT2","B4GALT7",0.979
"XYLT2","B3GAT3",0.772
"XYLT2","EXTL3",0.721
"XYLT2","ABCC6",0.701
"SCTR","SCT",0.999
"SCTR","AQP2",0.738
"SCTR","GNB1",0.959
"SNAI2","TGFB1",0.711
"SNAI2","HDAC1",0.924
"SNAI2","FN1",0.8
"SNAI2","SMAD2",0.812
"SNAI2","CDH2",0.891
"SNAI2","SMAD4",0.849
"SNAI2","JUN",0.775
"SNAI2","EZH2",0.843
"SNAI2","TP53",0.915
"SNAI2","GSK3B",0.816
"SNAI2","CDH1",0.929
"SNAI2","EGF",0.732
"SNAI2","SOX9",0.91
"SNAI2","MDM2",0.853
"SNAI2","CTBP1",0.777
"SNAI2","SNAI1",0.864
"SNAI2","HDAC2",0.828
"SNAI2","MMP2",0.719
"SNAI2","KIT",0.744
"SNAI2","MITF",0.736
"SNAI2","SOX2",0.721
"SNAI2","TWIST1",0.952
"SNAI2","KDM1A",0.974
"RB1CC1","BECN1",0.999
"RB1CC1","VAPA",0.733
"RB1CC1","TSC2",0.834
"RB1CC1","GABARAPL2",0.953
"RB1CC1","ATG5",0.97
"RB1CC1","SQSTM1",0.914
"RB1CC1","PTK2",0.994
"RB1CC1","TP53",0.984
"RB1CC1","GABARAP",0.97
"RB1CC1","ATG14",0.999
"RB1CC1","PIK3C3",0.989
"RB1CC1","MTOR",0.982
"RB1CC1","TBK1",0.879
"RB1CC1","MAP3K5",0.912
"RB1CC1","PIK3R4",0.986
"AKAP11","PRKACA",0.939
"AKAP11","GSK3B",0.85
"AKAP11","PRKACG",0.775
"PIGQ","PIGH",0.999
"PIGQ","PIGK",0.765
"PIGQ","PIGB",0.747
"PIGQ","CDIPT",0.813
"PIGQ","PIGL",0.996
"CDH17","VCL",0.99
"CDH17","FN1",0.804
"CDH17","CDH2",0.708
"CDH17","IQGAP1",0.776
"CDH17","SRC",0.787
"CDH17","DSP",0.927
"CDH17","PSEN1",0.925
"CDH17","CDH1",0.702
"CDH17","EGF",0.763
"CDH17","EGFR",0.82
"CDH17","CTNND1",0.999
"CDH17","PKP4",0.753
"CDH17","CTNNA1",0.983
"CDH17","SNAI1",0.701
"CDH17","ERBB2",0.74
"CDH17","OLFM4",0.826
"B4GALT7","B3GAT3",0.882
"CHPF2","CSGALNACT2",0.936
"CHPF2","CHSY1",0.802
"CHPF2","CHPF",0.894
"GABARAPL2","GABARAP",0.964
"GABARAPL2","HSP90AB1",0.745
"GABARAPL2","SQSTM1",0.999
"GABARAPL2","SIRT1",0.974
"GABARAPL2","ATG5",0.999
"GABARAPL2","BNIP3",0.997
"GABARAPL2","TBC1D15",0.983
"GABARAPL2","BECN1",0.992
"GABARAPL2","NEDD8",0.71
"GABARAPL2","UBA3",0.747
"GABARAPL2","PRKACG",0.937
"GABARAPL2","PRKACA",0.938
"GABARAPL2","TBC1D17",0.972
"GABARAPL2","PIK3R4",0.912
"GABARAPL2","MTOR",0.706
"GABARAPL2","GOSR1",0.774
"GABARAPL2","NIPSNAP1",0.771
"GABARAPL2","ATG14",0.994
"GABARAPL2","PIK3C3",0.984
"MYOC","FN1",0.777
"OTC","ARG1",0.993
"OTC","CS",0.706
"OTC","ARG2",0.993
"OTC","PYGM",0.836
"OTC","CAD",0.975
"OTC","PYGB",0.836
"OTC","PYGL",0.84
"OTC","NOS3",0.923
"OTC","OAT",0.989
"OTC","ASL",0.963
"TARBP1","MTREX",0.832
"TARBP1","UTP20",0.824
"TARBP1","PDCD11",0.72
"TARBP1","CCT4",0.842
"PSMA4","PSME2",0.99
"PSMA4","PSMD8",0.999
"PSMA4","CCT8",0.731
"PSMA4","NFKBIA",0.772
"PSMA4","CCT2",0.731
"PSMA4","PSMA3",0.999
"PSMA4","NEDD8",0.765
"PSMA4","CSF3",0.836
"PSMA4","SKP1",0.718
"PSMA4","PSMD7",0.999
"PSMA4","PSMD5",0.74
"PSMA4","PSMA6",0.999
"PSMA4","VCP",0.821
"PSMA4","PSMB7",0.999
"PSMA4","PSMG2",0.971
"PSMA4","PSMA2",0.999
"PSMA4","RBX1",0.716
"PSMA4","UBXN7",0.733
"PSMA4","PSMC2",0.999
"PSMA4","PSMC4",0.999
"PSMA4","PSMC5",0.999
"PSMA4","UBA52",0.943
"LCP2","LAT",0.999
"LCP2","HCLS1",0.715
"LCP2","CRKL",0.759
"LCP2","FYN",0.993
"LCP2","TYROBP",0.96
"LCP2","RASGRP1",0.765
"LCP2","PLCG1",0.999
"LCP2","CD3D",0.907
"LCP2","APBB1IP",0.701
"LCP2","HCK",0.802
"LCP2","GRB2",0.999
"LCP2","IL2",0.798
"LCP2","SOS2",0.712
"LCP2","GP6",0.78
"LCP2","RAP1A",0.925
"LCP2","SYK",0.999
"LCP2","FCER1G",0.857
"LCP2","ZAP70",0.999
"LCP2","VASP",0.776
"LCP2","SRC",0.969
"LCP2","CBL",0.981
"LCP2","WAS",0.979
"DCN","THBS2",0.72
"DCN","MMP14",0.859
"DCN","FGF2",0.834
"DCN","RETN",0.887
"DCN","ERBB2",0.958
"DCN","COL6A1",0.824
"DCN","TLR4",0.988
"DCN","MMP2",0.866
"DCN","PDGFRA",0.826
"DCN","POSTN",0.758
"DCN","EGFR",0.999
"DCN","VTN",0.945
"DCN","MMP3",0.765
"DCN","FGF22",0.94
"DCN","LUM",0.978
"DCN","TGFB1",0.999
"DCN","FN1",0.996
"DCN","CHSY1",0.733
"DCN","SPARC",0.905
"DCN","TLR2",0.99
"DCN","SPP1",0.768
"DCN","FGF20",0.938
"DCN","EGF",0.917
"DCN","YBX1",0.989
"DCN","COL3A1",0.935
"DCN","SDC2",0.712
"DCN","ERBB3",0.913
"DCN","THBS1",0.854
"DCN","COL1A1",0.923
"TNFRSF17","CD19",0.765
"TNFRSF17","CD79A",0.793
"TNFRSF17","JCHAIN",0.872
"TNFRSF17","CD38",0.773
"TNFRSF17","CD40",0.813
"TNFRSF17","CD27",0.825
"GUCA1A","GUF1",0.833
"GUCA1A","GUCY2F",0.982
"GRN","VCP",0.762
"GRN","TARDBP",0.958
"GRN","CS",0.807
"GRN","SLC25A1",0.803
"GRN","CTSD",0.866
"GRN","POLE2",0.797
"GRN","TNFRSF1A",0.803
"VAMP3","VAMP4",0.701
"VAMP3","PICALM",0.737
"VAMP3","STX6",0.999
"VAMP3","CD9",0.797
"VAMP3","YKT6",0.852
"VAMP3","NAPA",0.974
"VAMP3","RAB8A",0.806
"VAMP3","STX1A",0.999
"VAMP3","SNAP29",0.985
"VAMP3","TGOLN2",0.841
"VAMP3","STX2",0.997
"VAMP3","RAB11A",0.871
"VAMP3","SNX4",0.917
"VAMP3","GOSR1",0.92
"VAMP3","TFRC",0.829
"VAMP3","BET1",0.868
"VAMP3","STX11",0.92
"VAMP3","STX8",0.936
"VAMP3","BNIP1",0.751
"VAMP3","VAMP2",0.995
"VAMP3","STX5",0.914
"UTS2","SST",0.768
"RFC2","TOPBP1",0.889
"RFC2","UBE2B",0.803
"RFC2","RPA1",0.896
"RFC2","POLE",0.759
"RFC2","WRN",0.828
"RFC2","NBN",0.849
"RFC2","LIG1",0.808
"RFC2","POLE2",0.833
"RFC2","MCM4",0.828
"RFC2","POLA2",0.912
"RFC2","RFC4",0.999
"RFC2","MCM5",0.874
"RFC2","POLD3",0.778
"RFC2","BRD4",0.748
"RFC2","MCM6",0.827
"RFC2","CDC6",0.716
"RFC2","FEN1",0.939
"RFC2","PCNA",0.999
"RFC2","RNASEH2A",0.734
"RFC2","MCM7",0.894
"RFC2","ATM",0.894
"RFC2","CHEK1",0.86
"RFC2","RFC3",0.999
"RFC2","EXO1",0.893
"RFC2","BRCA1",0.94
"ARHGEF5","GRB2",0.806
"NFE2L3","JUN",0.727
"PKP2","CDH2",0.773
"PKP2","GJA1",0.973
"PKP2","SCN5A",0.976
"PKP2","PKP3",0.796
"PKP2","RYR2",0.828
"PKP2","DSP",0.999
"PKP2","DSG3",0.876
"PKP2","CTNNA1",0.721
"PKP2","PKP4",0.738
"INPP4A","PIKFYVE",0.943
"INPP4A","RAB5A",0.85
"INPP4A","PTEN",0.946
"INPP4A","PIK3R2",0.946
"INPP4A","PIK3C3",0.938
"INPP4A","PIK3R3",0.913
"GNA11","SRC",0.713
"GNA11","GNB5",0.833
"GNA11","PIK3CA",0.797
"GNA11","KIT",0.806
"GNA11","GNAQ",0.973
"GNA11","GNG3",0.823
"GNA11","GNB1",0.994
"GNA11","GNG11",0.7
"GNA11","EIF1AX",0.779
"GNA11","PLCB2",0.944
"GNA11","PLCG1",0.936
"GNA11","NRAS",0.793
"GNA11","PLCB1",0.973
"GNA11","GNGT1",0.768
"GNA11","CCR5",0.942
"GNA11","GNB3",0.813
"GNA11","BDKRB1",0.915
"HDAC7","YWHAQ",0.742
"HDAC7","RBBP4",0.728
"HDAC7","RBBP7",0.731
"HDAC7","SIRT1",0.802
"HDAC7","UBE2I",0.792
"HDAC7","H2AX",0.715
"HDAC7","EZH2",0.713
"HDAC7","EP300",0.94
"HDAC7","HDAC1",0.886
"HDAC7","KAT2A",0.761
"HDAC7","H2AZ1",0.739
"HDAC7","EGFR",0.711
"HDAC7","HDAC2",0.836
"HDAC7","FOXA1",0.976
"HDAC7","NCOR1",0.959
"HDAC7","CREBBP",0.712
"MRPS35","RSAD1",0.846
"MRPS35","MRPL33",0.992
"MRPS35","RPL4",0.828
"MRPS35","MRPS18A",0.991
"MRPS35","RPL8",0.812
"MRPS35","MRPL39",0.884
"MRPS35","MRPL12",0.918
"MRPS35","MRPS31",0.998
"MRPS35","MED1",0.824
"MRPS35","MRPS28",0.986
"MRPS35","MRPL17",0.995
"MRPS35","RPS2",0.922
"MRPS35","IMP3",0.851
"MRPS35","MRPL11",0.98
"MRPS35","TUFM",0.94
"MRPS35","MRPS12",0.998
"MRPS35","MRPS11",0.999
"MRPS35","MRPL2",0.98
"MRPS35","MRPL4",0.994
"MRPS35","MRPL57",0.844
"MRPS35","MRPL49",0.991
"MRPS35","PTCD3",0.999
"MRPS35","MRPS16",0.998
"MRPS35","RPL23",0.948
"MRPS35","MRPL3",0.995
"MRPS35","RPL10",0.704
"MRPS35","RPS16",0.81
"MRPS35","RPS14",0.831
"MRPS35","RPS23",0.863
"MRPS35","MRPL20",0.961
"MRPS35","DAP3",0.999
"MRPS35","RPL13A",0.819
"MRPS35","RPS9",0.936
"MRPS35","MRPS17",0.983
"MRPS35","MTIF2",0.951
"MRPS35","ACO2",0.867
"MRPS35","MRPL40",0.993
"MRPS35","MRPL15",0.94
"MRPS35","RPL3L",0.819
"MRPS35","MRPL24",0.896
"MRPS35","MRPL16",0.996
"MRPS35","MRPL34",0.988
"MRPS35","MRPS18C",0.994
"MRPS35","MRNIP",0.838
"MRPS35","RPS11",0.95
"MRPS35","MRPS34",0.99
"MRPS35","MRPL19",0.996
"MRPS35","MRPL58",0.929
"MRPS35","MRPL9",0.946
"MRPS35","RPL3",0.841
"MRPS35","MRPS18B",0.995
"MRPS35","MRPS15",0.999
"MRPS35","MRPS14",0.999
"MRPS35","MRPS7",0.997
"MRPS35","MRPL46",0.995
"MRPS35","MRPL48",0.857
"APPBP2","RBX1",0.904
"APPBP2","PRAME",0.917
"APPBP2","APP",0.936
"CD22","CD38",0.787
"CD22","CD37",0.71
"CD22","CD19",0.992
"CD22","GRB2",0.783
"CD22","CD81",0.847
"CD22","CD79A",0.985
"CD22","PAX5",0.796
"CD22","CD7",0.752
"CD22","SYK",0.959
"CD22","TNFRSF8",0.716
"CD22","CD69",0.726
"CD22","CXCR5",0.717
"CD22","GAL",0.762
"GSC2","SLC25A1",0.78
"ZFY","RPS4Y1",0.95
"ZFY","EIF1AY",0.965
"ZFY","KDM5D",0.971
"KCNQ1","CALML4",0.985
"KCNQ1","SCN5A",0.973
"KCNQ1","RYR2",0.727
"KCNQ1","PHLDA2",0.904
"KCNQ1","AKAP9",0.999
"KCNQ1","PRKACA",0.97
"KCNQ1","CALM3",0.999
"KCNQ1","PRKACG",0.959
"KCNQ1","KCNQ2",0.967
"KCNQ1","CALML5",0.988
"TRIB2","TRIM21",0.811
"TRIB2","UBE2E1",0.789
"GPKOW","MFAP1",0.846
"GPKOW","RBMX2",0.84
"GPKOW","SF3B4",0.865
"GPKOW","SNRPD1",0.805
"GPKOW","SF3B1",0.826
"GPKOW","RBM48",0.806
"GPKOW","SRRM2",0.805
"GPKOW","MX2",0.923
"GPKOW","SF3B2",0.843
"GPKOW","SNIP1",0.834
"GPKOW","VASP",0.772
"GPKOW","SNRPF",0.812
"GPKOW","SF3B3",0.912
"GPKOW","DHX38",0.998
"GPKOW","SNRPD3",0.811
"GPKOW","CDC5L",0.87
"GPKOW","DDX5",0.809
"GPKOW","SRRM1",0.837
"GPKOW","MTREX",0.839
"AQR","SNRPB2",0.996
"AQR","PPIG",0.831
"AQR","DHX38",0.849
"AQR","DHX8",0.998
"AQR","PPWD1",0.849
"AQR","SNRPD3",0.997
"AQR","RBM22",0.999
"AQR","CDC5L",0.999
"AQR","SRRM1",0.903
"AQR","SRRM2",0.994
"AQR","DHX15",0.93
"AQR","SF3B2",0.808
"AQR","SF3B3",0.901
"AQR","SNIP1",0.891
"AQR","SNRPF",0.997
"AQR","RBMX2",0.801
"AQR","SF3B4",0.805
"AQR","NCBP1",0.937
"AQR","SNRPD1",0.997
"AQR","MAGOHB",0.95
"AQR","SF3B1",0.9
"AQR","SF3A2",0.883
"AQR","SF3A1",0.88
"AQR","MFAP1",0.808
"PSMC4","NEDD8",0.704
"PSMC4","PSMA3",0.998
"PSMC4","PSMD8",0.999
"PSMC4","PSME2",0.824
"PSMC4","RPS3",0.708
"PSMC4","PSMD5",0.999
"PSMC4","PSMA6",0.999
"PSMC4","PSMD7",0.999
"PSMC4","PSMD10",0.999
"PSMC4","CSF3",0.801
"PSMC4","RAD23B",0.875
"PSMC4","HTT",0.734
"PSMC4","PSMB7",0.998
"PSMC4","ECPAS",0.877
"PSMC4","VCP",0.855
"PSMC4","CDC73",0.708
"PSMC4","RPS6",0.713
"PSMC4","UBA52",0.935
"PSMC4","PSMC5",0.999
"PSMC4","RPL8",0.734
"PSMC4","PSMC2",0.999
"PSMC4","RPS4X",0.728
"PSMC4","PSMA2",0.999
"ACAP1","ARF6",0.9
"DERL2","P4HB",0.818
"DERL2","VCP",0.994
"DERL2","EMC2",0.904
"DERL2","UFD1",0.963
"DERL2","SEC61B",0.718
"DERL2","HSPA5",0.946
"NOX3","RAC2",0.799
"KDM4B","KDM1A",0.725
"KDM4B","KDM6B",0.758
"KDM4B","SMARCA4",0.783
"KDM4B","KDM4A",0.821
"KDM4B","KDM3B",0.734
"KDM4B","H4C6",0.798
"KDM4B","H3-3B",0.773
"KDM4B","H3-4",0.771
"ICAM3","ICAM1",0.964
"ICAM3","ITIH4",0.805
"ACTL6B","RUVBL1",0.907
"ACTL6B","PPARG",0.901
"ACTL6B","ING3",0.798
"ACTL6B","RB1",0.747
"ACTL6B","SMARCA2",0.982
"ACTL6B","ARID4B",0.891
"ACTL6B","TRRAP",0.938
"ACTL6B","ARID1A",0.978
"ACTL6B","SMARCD1",0.99
"ACTL6B","MORF4L1",0.813
"ACTL6B","SMARCA4",0.98
"KIF22","RACGAP1",0.861
"KIF22","KIFC1",0.881
"KIF22","MAZ",0.888
"KIF22","CDCA8",0.815
"KIF22","TACC3",0.892
"KIF22","AURKA",0.802
"KIF22","KIF20B",0.748
"KIF22","LCN1",0.78
"KIF22","KIF2C",0.916
"KIF22","BUB1B",0.709
"KIF22","PLK1",0.86
"KIF22","CDCA3",0.833
"CEACAM1","CEACAM5",0.909
"CEACAM1","CEACAM6",0.878
"YTHDC2","FIP1L1",0.812
"YTHDC2","RBM15",0.899
"YTHDC2","CBLL1",0.781
"YTHDC2","ZC3H13",0.932
"YTHDC2","ALKBH1",0.767
"YTHDC2","CSTF1",0.876
"YTHDC2","METTL3",0.946
"YTHDC2","IGF2BP3",0.836
"TNFRSF1A","BID",0.8
"TNFRSF1A","CASP8",0.998
"TNFRSF1A","CASP10",0.902
"TNFRSF1A","CCL2",0.768
"TNFRSF1A","TLR2",0.745
"TNFRSF1A","TAB1",0.835
"TNFRSF1A","SRC",0.934
"TNFRSF1A","TP53",0.741
"TNFRSF1A","JUN",0.729
"TNFRSF1A","CD27",0.715
"TNFRSF1A","STAT3",0.829
"TNFRSF1A","IL6",0.997
"TNFRSF1A","JAK2",0.702
"TNFRSF1A","DAXX",0.944
"TNFRSF1A","TNFRSF8",0.703
"TNFRSF1A","IL1B",0.997
"TNFRSF1A","CHUK",0.999
"TNFRSF1A","TNFRSF10B",0.842
"TNFRSF1A","GRB2",0.855
"TNFRSF1A","IL2",0.74
"TNFRSF1A","ICAM1",0.742
"TNFRSF1A","RIPK1",0.999
"TNFRSF1A","XIAP",0.853
"TNFRSF1A","TRAF3",0.977
"TNFRSF1A","IL1A",0.934
"TNFRSF1A","CASP3",0.853
"TNFRSF1A","TRAF2",0.999
"TNFRSF1A","NFKB1",0.848
"TNFRSF1A","FASLG",0.998
"TNFRSF1A","BIRC3",0.999
"TNFRSF1A","CD40",0.919
"TNFRSF1A","TANK",0.997
"TNFRSF1A","TLR4",0.949
"TNFRSF1A","TBK1",0.998
"TNFRSF1A","CFLAR",0.852
"TNFRSF1A","SUMO1",0.739
"TNFRSF1A","NFKBIA",0.809
"TNFRSF1A","TNFSF10",0.993
"TNFRSF1A","TLR3",0.752
"TNFRSF1A","EGFR",0.864
"TNFRSF1A","TIMP1",0.873
"TNFRSF1A","IL10",0.968
"TNFRSF1A","CXCL8",0.782
"TNFRSF1A","IFNGR1",0.804
"TNFRSF1A","CD8A",0.766
"TNFRSF1A","MAP3K7",0.999
"TNFRSF1A","FADD",0.999
"TNFRSF1A","RIPK2",0.706
"TNFRSF1A","IFNG",0.919
"TNFRSF1A","CCL5",0.718
"GOLGA5","STX5",0.804
"GOLGA5","GOSR1",0.827
"PPP2R5B","XBP1",0.75
"PPP2R5B","PPP2R1B",0.98
"PPP2R5B","PPP4C",0.766
"PPP2R5B","PPP2R2A",0.916
"PPP2R5B","PPP2R5A",0.848
"PPP2R5B","BUB1B",0.811
"PPP2R5B","PPP1R1A",0.91
"PPP2R5B","PPP2CB",0.966
"PPP2R5B","ARRB1",0.818
"PPP2R5B","RYR2",0.9
"PPP2R5B","PPP2R1A",0.999
"PPP2R5B","PPP2R2B",0.884
"PPP2R5B","PPP2R5E",0.725
"PYGM","GCK",0.807
"PYGM","PYGL",0.955
"PYGM","ROM1",0.786
"PYGM","CALML4",0.857
"PYGM","AGL",0.997
"PYGM","UGP2",0.987
"PYGM","PYGB",0.959
"PYGM","FKBP2",0.774
"PYGM","MAP3K11",0.796
"PYGM","SF1",0.826
"PYGM","CALM3",0.868
"PYGM","CALML5",0.867
"PYGM","FTH1",0.783
"PYGM","COX8A",0.775
"BCL3","HDAC1",0.909
"BCL3","IL6",0.761
"BCL3","JUN",0.758
"BCL3","CHUK",0.701
"BCL3","IL1B",0.719
"BCL3","COPS5",0.812
"BCL3","STAT1",0.75
"BCL3","NFKB1",0.999
"BCL3","RELB",0.959
"BCL3","CD40",0.81
"BCL3","NFKBIA",0.904
"PIGB","PIGH",0.854
"PIGB","PIGL",0.822
"PIGB","PIGK",0.81
"PRLH","PRL",0.749
"TRIP13","BUB3",0.741
"TRIP13","MAD2L1",0.994
"TRIP13","CDCA8",0.736
"TRIP13","DMC1",0.705
"TRIP13","TK1",0.722
"TRIP13","CYC1",0.912
"TRIP13","MCM4",0.741
"TRIP13","PLK1",0.734
"TRIP13","NCAPG",0.711
"TRIP13","NEK2",0.761
"TRIP13","BUB1B",0.928
"TRIP13","CDCA3",0.774
"TRIP13","AURKA",0.771
"TRIP13","CCNB1",0.797
"TRIP13","EXO1",0.861
"TRIP13","KIF2C",0.811
"TRIP13","MCM7",0.799
"KRT14","IVL",0.702
"KRT14","ITGB4",0.759
"KRT14","PGR",0.734
"KRT14","DSG3",0.778
"KRT20","CEACAM5",0.869
"KRT20","CHGA",0.776
"KRT20","UPK3A",0.728
"SPP2","AHSG",0.941
"SPP2","MGP",0.73
"HSD17B10","HADHB",0.971
"HSD17B10","ACAA2",0.98
"HSD17B10","AGO3",0.72
"HSD17B10","TARBP2",0.911
"HSD17B10","ACAA1",0.969
"HSD17B10","APP",0.881
"HSD17B10","EEF2",0.752
"HSD17B10","DHX9",0.748
"GPATCH1","USB1",0.794
"TNS1","FN1",0.756
"TNS1","SRC",0.783
"TNS1","VCL",0.808
"NGFR","FGF20",0.762
"NGFR","EGF",0.891
"NGFR","SQSTM1",0.762
"NGFR","NTRK1",0.999
"NGFR","PIK3R3",0.902
"NGFR","FGF2",0.844
"NGFR","IQGAP1",0.751
"NGFR","GRB2",0.762
"NGFR","IRAK1",0.949
"NGFR","FADD",0.923
"NGFR","APP",0.959
"NGFR","PIK3R2",0.906
"NGFR","RIPK2",0.993
"NGFR","CRK",0.745
"NGFR","CASP3",0.82
"NGFR","FGF22",0.758
"NGFR","THY1",0.705
"NGFR","EFNA2",0.854
"NGFR","PIK3CA",0.912
"NGFR","ARHGDIG",0.961
"NGFR","PIK3CD",0.9
"NGFR","IRS1",0.702
"NTN1","FYN",0.81
"NTN1","ROBO1",0.824
"NTN1","PTK2",0.799
"NTN1","SRC",0.75
"TRO","TROAP",0.999
"TRO","BYSL",0.999
"PTPN18","EGFR",0.841
"PTPN18","ERBB2",0.799
"DRD4","GNG11",0.732
"DRD4","GNB1",0.741
"DRD4","GNG3",0.705
"DRD4","GNB3",0.837
"DRD4","GNGT1",0.753
"DRD4","GNB5",0.76
"DRD4","MAOB",0.785
"SCT","GNB1",0.895
"SCT","SST",0.912
"SCT","NTS",0.764
"SCT","PYY",0.726
"SCT","AQP2",0.702
"TBX21","CD80",0.835
"TBX21","CCR7",0.823
"TBX21","IFNG",0.964
"TBX21","STAT5B",0.727
"TBX21","CD8A",0.944
"TBX21","IL10",0.866
"TBX21","CCR5",0.722
"TBX21","CD19",0.714
"TBX21","IL7R",0.794
"TBX21","KDM6B",0.925
"TBX21","LAG3",0.746
"TBX21","CCRL2",0.737
"TBX21","GZMB",0.918
"TBX21","STAT6",0.878
"TBX21","FASLG",0.789
"TBX21","STAT5A",0.734
"TBX21","IL13",0.852
"TBX21","GZMA",0.77
"TBX21","IRF8",0.716
"TBX21","CXCR3",0.831
"TBX21","IL2",0.868
"TBX21","KLRB1",0.701
"TBX21","PDCD1",0.7
"TBX21","IL1B",0.782
"TBX21","CD69",0.757
"TBX21","STAT1",0.846
"TBX21","IL6",0.829
"TBX21","IL4",0.887
"TBX21","CD27",0.773
"TBX21","STAT3",0.789
"TBX21","CXCL10",0.736
"TBX21","RUNX1",0.974
"TBX21","IL2RB",0.813
"TBX21","TGFB1",0.73
"TBX21","CXCR5",0.737
"MRPS34","MRPL57",0.896
"MRPS34","MRPS11",0.994
"MRPS34","MRPL2",0.914
"MRPS34","MRPL4",0.945
"MRPS34","MRPL11",0.935
"MRPS34","MRPS12",0.994
"MRPS34","TUFM",0.959
"MRPS34","MRPL3",0.896
"MRPS34","MRPS16",0.999
"MRPS34","MRPL49",0.88
"MRPS34","PTCD3",0.993
"MRPS34","MRPS18A",0.971
"MRPS34","MRPL33",0.886
"MRPS34","MRPL17",0.905
"MRPS34","MRPS28",0.993
"MRPS34","MRPL12",0.964
"MRPS34","MRPS31",0.996
"MRPS34","MRPL39",0.875
"MRPS34","MRPL9",0.885
"MRPS34","MRPL19",0.865
"MRPS34","MRPL58",0.937
"MRPS34","MRPL34",0.907
"MRPS34","MRPS18C",0.988
"MRPS34","MRPL46",0.893
"MRPS34","MRPL48",0.921
"MRPS34","MRPS15",0.996
"MRPS34","MRPS14",0.997
"MRPS34","MRPS7",0.995
"MRPS34","MRPS18B",0.996
"MRPS34","TSFM",0.756
"MRPS34","DAP3",0.993
"MRPS34","MRPL20",0.925
"MRPS34","MRPL16",0.915
"MRPS34","MRPL24",0.918
"MRPS34","MRPL40",0.927
"MRPS34","MRPL15",0.886
"MRPS34","MRPS17",0.99
"MRPS34","MTIF2",0.939
"CA12","CYP24A1",0.806
"CA12","CA9",0.739
"MAP2K5","SQSTM1",0.734
"MAP2K5","PRKCZ",0.761
"TIGAR","HK3",0.76
"TIGAR","TP53",0.981
"TIGAR","TPI1",0.894
"TIGAR","PFKFB4",0.968
"TIGAR","PKM",0.76
"FGF20","ALB",0.746
"FGF20","MAPK3",0.724
"FGF20","CXCL8",0.752
"FGF20","EGFR",0.927
"FGF20","MICU2",0.767
"FGF20","INSR",0.815
"FGF20","ERBB2",0.828
"FGF20","PDGFRA",0.855
"FGF20","KIT",0.85
"FGF20","NTRK1",0.888
"FGF20","GRB2",0.77
"FGF20","ERBB3",0.773
"FGF20","IL6",0.702
"FGF20","EGF",0.988
"FGF20","TGFB1",0.821
"FGF20","PDGFRB",0.893
"FGF20","FN1",0.797
"FGF20","CDH2",0.882
"CPB2","PROCR",0.724
"CPB2","APOH",0.747
"CPB2","PLAT",0.92
"CPB2","SERPIND1",0.764
"CPB2","SERPINF2",0.895
"CPB2","C3",0.807
"CPB2","SERPINE1",0.774
"CPB2","SERPINF1",0.819
"CPB2","F2",0.992
"CPB2","PLAU",0.735
"CPB2","PROC",0.753
"CPB2","HRG",0.732
"CDK13","SUPT4H1",0.765
"CDK13","MNAT1",0.78
"CDK13","CTR9",0.701
"CDK13","SUPT6H",0.789
"CDK13","CCNT1",0.968
"CDK13","CDC73",0.798
"CDK13","CDK7",0.808
"TSPAN32","PHLDA2",0.739
"TSPAN32","CD9",0.79
"TSPAN32","CD81",0.768
"NDUFB4","NDUFB5",0.999
"NDUFB4","NDUFA13",0.999
"NDUFB4","NDUFC2",0.999
"NDUFB4","NDUFB3",0.999
"NDUFB4","ATP5ME",0.936
"NDUFB4","NDUFV2",0.999
"NDUFB4","COX5A",0.988
"NDUFB4","NDUFAF1",0.976
"NDUFB4","ATP5PO",0.866
"NDUFB4","NDUFA9",0.999
"NDUFB4","ATP5MG",0.828
"NDUFB4","ATP5MF",0.767
"NDUFB4","NDUFB8",0.999
"NDUFB4","COX6A2",0.93
"NDUFB4","NDUFA4L2",0.767
"NDUFB4","NDUFB11",0.999
"NDUFB4","NDUFS6",0.999
"NDUFB4","PALB2",0.973
"NDUFB4","NDUFB2",0.999
"NDUFB4","ATP5F1C",0.757
"NDUFB4","UQCRC1",0.967
"NDUFB4","UQCRFS1",0.98
"NDUFB4","NDUFS3",0.999
"NDUFB4","COX5B",0.984
"NDUFB4","NDUFA3",0.999
"NDUFB4","SLIRP",0.709
"NDUFB4","NDUFA1",0.999
"NDUFB4","NDUFB7",0.999
"NDUFB4","UQCRC2",0.951
"NDUFB4","CYC1",0.928
"NDUFB4","NDUFS4",0.999
"NDUFB4","COX6C",0.985
"NDUFB4","NDUFA7",0.999
"NDUFB4","ATP5PD",0.839
"NDUFB4","SDHD",0.806
"NDUFB4","NDUFS7",0.999
"NDUFB4","COX7A1",0.941
"NDUFB4","COX7C",0.984
"NDUFB4","NDUFB6",0.999
"NDUFB4","NDUFAF4",0.888
"NDUFB4","NDUFA10",0.999
"NDUFB4","NDUFA8",0.999
"NDUFB4","NDUFA2",0.999
"NDUFB4","UQCR10",0.994
"NDUFB4","NDUFS2",0.999
"NDUFB4","ATP5PF",0.89
"NDUFB4","UQCRH",0.952
"NDUFB4","MRPS14",0.77
"CLIC5","MYH9",0.813
"ACTR6","SF3B4",0.851
"ACTR6","H2AZ1",0.956
"ACTR6","RUVBL1",0.999
"FAP","FN1",0.705
"OSTM1","TCIRG1",0.963
"IMPG2","PRPF31",0.707
"IFT25","ANAPC2",0.886
"IFT25","ANAPC5",0.897
"IFT25","CDC16",0.886
"IFT25","IFT56",0.992
"PLOD1","PLOD2",0.977
"PLOD1","COL4A2",0.787
"PLOD1","P4HA1",0.881
"PLOD1","COL1A1",0.818
"PLOD1","COL3A1",0.781
"PLOD1","COL6A1",0.729
"PLOD1","COL6A3",0.782
"PLOD1","P4HA2",0.908
"PLOD1","COL5A2",0.865
"PLOD1","COL5A1",0.857
"PLOD1","LOX",0.78
"PLOD1","COL6A2",0.726
"OXCT1","ACAA1",0.942
"OXCT1","SDHB",0.816
"OXCT1","SDHA",0.874
"OXCT1","ACAA2",0.959
"OXCT1","HADHB",0.944
"RRN3","POLR2L",0.98
"RRN3","POLR1E",0.998
"RRN3","POLR2B",0.713
"RRN3","FBL",0.791
"RRN3","GTF2H4",0.714
"RRN3","POLR2F",0.993
"RRN3","TRIM28",0.743
"RRN3","POLR1D",0.998
"RRN3","POLR1B",0.999
"RRN3","TBP",0.971
"MOGAT2","PLPP2",0.774
"MOGAT2","PNPLA3",0.713
"MOGAT2","MGLL",0.925
"AQP2","PRKACA",0.96
"AQP2","AQP9",0.714
"AQP2","PRKACG",0.96
"AQP2","STUB1",0.79
"DIMT1","RPF1",0.915
"DIMT1","GNL3L",0.701
"DIMT1","MPHOSPH10",0.951
"DIMT1","NOL6",0.985
"DIMT1","NOC2L",0.79
"DIMT1","RIOK2",0.984
"DIMT1","EXOSC10",0.901
"DIMT1","GNL3",0.707
"DIMT1","RPS11",0.946
"DIMT1","NOL7",0.833
"DIMT1","IMP4",0.988
"DIMT1","BUD23",0.985
"DIMT1","TRMT11",0.725
"DIMT1","UTP18",0.968
"DIMT1","RRP1B",0.711
"DIMT1","WDR3",0.986
"DIMT1","FCF1",0.97
"DIMT1","BRIX1",0.941
"DIMT1","UTP3",0.97
"DIMT1","RPS23",0.917
"DIMT1","RRP9",0.981
"DIMT1","RPS9",0.929
"DIMT1","FTSJ3",0.797
"DIMT1","RRP7A",0.934
"DIMT1","RCL1",0.984
"DIMT1","GTPBP4",0.861
"DIMT1","GRWD1",0.753
"DIMT1","SNU13",0.939
"DIMT1","WDR12",0.708
"DIMT1","RPS14",0.917
"DIMT1","UTP11",0.958
"DIMT1","RPS3",0.757
"DIMT1","UTP20",0.928
"DIMT1","TSR1",0.999
"DIMT1","DNTTIP2",0.947
"DIMT1","RSL24D1",0.873
"DIMT1","PDCD11",0.784
"DIMT1","MRTO4",0.878
"DIMT1","UTP14A",0.975
"DIMT1","NOC4L",0.989
"DIMT1","RRS1",0.928
"DIMT1","IMP3",0.972
"DIMT1","NOL11",0.832
"DIMT1","KRR1",0.856
"DIMT1","MAK16",0.763
"DIMT1","RPS16",0.928
"DIMT1","DDX18",0.748
"DIMT1","BYSL",0.999
"DIMT1","DDX47",0.761
"DIMT1","RPS19",0.938
"DIMT1","DHX15",0.72
"DIMT1","NIP7",0.884
"DIMT1","PNO1",0.972
"DIMT1","RPS4X",0.884
"DIMT1","UTP6",0.971
"DIMT1","TMA16",0.705
"DIMT1","EBNA1BP2",0.729
"DIMT1","GNL2",0.839
"DIMT1","MTREX",0.815
"DIMT1","RPS6",0.943
"DIMT1","RPS2",0.758
"DIMT1","HEATR1",0.965
"DIMT1","FBL",0.952
"EIF2AK1","CHUK",0.903
"EIF2AK1","EIF2S1",0.996
"EIF2AK1","EIF2S2",0.811
"EIF2AK1","IFIT1",0.903
"NME8","RIN3",0.734
"NME8","TXN",0.747
"NME8","ABCA7",0.73
"NME8","DYNLT3",0.8
"HBQ1","HBB",0.95
"HBQ1","HBE1",0.967
"HBQ1","LUC7L",0.855
"CEACAM6","FN1",0.707
"CEACAM6","CEACAM5",0.71
"RBM22","SRRM2",0.995
"RBM22","SF3B2",0.931
"RBM22","DHX15",0.936
"RBM22","SF3B3",0.93
"RBM22","SNIP1",0.979
"RBM22","LSM3",0.809
"RBM22","SNRPF",0.999
"RBM22","WBP11",0.865
"RBM22","PPIG",0.843
"RBM22","SNRPB2",0.997
"RBM22","SRSF1",0.856
"RBM22","DHX38",0.994
"RBM22","DHX8",0.996
"RBM22","PPWD1",0.882
"RBM22","SNRPD3",0.997
"RBM22","TCERG1",0.985
"RBM22","PRPF6",0.7
"RBM22","CDC5L",0.999
"RBM22","SRRM1",0.883
"RBM22","SF3A2",0.951
"RBM22","NCBP2",0.898
"RBM22","SF3A1",0.946
"RBM22","MFAP1",0.858
"RBM22","LSM7",0.852
"RBM22","LSM6",0.805
"RBM22","RBMX2",0.948
"RBM22","NCBP1",0.808
"RBM22","SF3B4",0.955
"RBM22","SNRPD1",0.997
"RBM22","LSM8",0.843
"RBM22","MAGOHB",0.926
"RBM22","SF3B1",0.949
"HSD17B2","AKR1C3",0.982
"HSD17B2","CYP1A1",0.962
"ZW10","BUB1B",0.928
"ZW10","COPB1",0.763
"ZW10","DCTN1",0.719
"ZW10","ZWILCH",0.999
"ZW10","COPA",0.865
"ZW10","COPB2",0.81
"ZW10","NAPA",0.751
"ZW10","NDC80",0.863
"ZW10","ESPL1",0.84
"ZW10","MAD2L1",0.811
"ZW10","BUB3",0.931
"ZW10","BNIP1",0.965
"ZW10","CENPE",0.832
"ZW10","KNTC1",0.999
"ZW10","SPDL1",0.854
"ITGB4","ITGB7",0.768
"ITGB4","LAMC1",0.802
"ITGB4","COL6A1",0.766
"ITGB4","ERBB2",0.944
"ITGB4","COL6A3",0.754
"ITGB4","THBS2",0.75
"ITGB4","ACTN4",0.797
"ITGB4","LAMA4",0.919
"ITGB4","ITGA2",0.924
"ITGB4","LAMA5",0.829
"ITGB4","COL6A2",0.766
"ITGB4","ITGB6",0.848
"ITGB4","VWF",0.743
"ITGB4","VTN",0.798
"ITGB4","EGFR",0.776
"ITGB4","ITGAV",0.929
"ITGB4","ITGA2B",0.827
"ITGB4","PTK2",0.964
"ITGB4","SRC",0.948
"ITGB4","VASP",0.707
"ITGB4","SPP1",0.717
"ITGB4","ITGB8",0.762
"ITGB4","COL4A2",0.827
"ITGB4","FN1",0.764
"ITGB4","CAV2",0.706
"ITGB4","ITGA3",0.982
"ITGB4","COL1A1",0.756
"ITGB4","CAV1",0.758
"ITGB4","ITGA9",0.779
"ITGB4","ITGB5",0.846
"ITGB4","EIF6",0.817
"ITGB4","THBS1",0.854
"ITGB4","LAMB1",0.806
"ITGB4","ITGA5",0.953
"PPP1R15A","ATF3",0.896
"PPP1R15A","SDHB",0.746
"PPP1R15A","PPP1CA",0.998
"PPP1R15A","CYCS",0.785
"PPP1R15A","EIF2AK3",0.901
"PPP1R15A","SHOC2",0.72
"PPP1R15A","COX5A",0.744
"PPP1R15A","NDUFV2",0.842
"PPP1R15A","UQCR10",0.863
"PPP1R15A","NDUFS2",0.866
"PPP1R15A","EIF2S1",0.999
"PPP1R15A","UQCRFS1",0.975
"PPP1R15A","NDUFS3",0.869
"PPP1R15A","CYC1",0.975
"PPP1R15A","UQCRC2",0.809
"PPP1R15A","PPP1CC",0.997
"PPP1R15A","SMAD7",0.945
"TRIP6","PRAME",0.774
"TRIP6","VCL",0.836
"TRIP6","EXOSC8",0.797
"TRIP6","PKM",0.779
"TRIP6","OIP5",0.876
"TRIP6","RIPK2",0.912
"SLC22A4","NOD2",0.841
"SLC22A4","RUNX1",0.779
"CETP","PLA2G7",0.861
"CETP","APOC3",0.977
"CETP","APOB",0.989
"CETP","LCAT",0.987
"CETP","APOE",0.974
"CETP","APOH",0.817
"CETP","CLU",0.887
"CETP","APOA2",0.97
"CETP","APOA1",0.989
"CETP","APOL1",0.896
"CETP","APP",0.761
"CETP","SCARB1",0.8
"TFAP2C","UBE2I",0.772
"TFAP2C","EGFR",0.82
"TFAP2C","CGA",0.753
"TFAP2C","FOXA1",0.798
"SULT2B1","DHCR7",0.815
"SULT2B1","CYP11A1",0.931
"SULT2B1","CYP1A1",0.926
"SULT2B1","STS",0.94
"SULT2B1","AKR1C3",0.935
"PPP1R13B","PPP1CA",0.938
"PPP1R13B","TP53",0.986
"PPP1R13B","TP53BP2",0.726
"PPP1R13B","PPP1CC",0.87
"ESF1","NOC2L",0.924
"ESF1","EXOSC10",0.793
"ESF1","GNL3",0.809
"ESF1","RPF1",0.781
"ESF1","NOL10",0.929
"ESF1","GNL3L",0.793
"ESF1","MPHOSPH10",0.987
"ESF1","NOL6",0.994
"ESF1","RRP1B",0.779
"ESF1","UTP18",0.994
"ESF1","WDR3",0.877
"ESF1","NAT10",0.991
"ESF1","IMP4",0.836
"ESF1","FTSJ3",0.752
"ESF1","RRP7A",0.814
"ESF1","GTPBP4",0.942
"ESF1","NOC3L",0.861
"ESF1","GRWD1",0.825
"ESF1","BRIX1",0.851
"ESF1","UTP3",0.998
"ESF1","RRP9",0.736
"ESF1","DNTTIP2",0.736
"ESF1","RSL24D1",0.855
"ESF1","PDCD11",0.946
"ESF1","UTP11",0.863
"ESF1","CEBPZ",0.928
"ESF1","UTP20",0.746
"ESF1","TSR1",0.825
"ESF1","RRS1",0.842
"ESF1","MRTO4",0.797
"ESF1","UTP14A",0.892
"ESF1","NOC4L",0.772
"ESF1","DDX47",0.991
"ESF1","CSNK2A1",0.72
"ESF1","GAR1",0.705
"ESF1","DHX15",0.876
"ESF1","NGDN",0.921
"ESF1","MAK16",0.851
"ESF1","KRR1",0.957
"ESF1","DDX18",0.977
"ESF1","BYSL",0.93
"ESF1","EBNA1BP2",0.856
"ESF1","GNL2",0.873
"ESF1","POLR1E",0.827
"ESF1","RRP15",0.828
"ESF1","UTP6",0.995
"ESF1","NOP53",0.872
"ESF1","TMA16",0.726
"ESF1","DHX8",0.796
"ESF1","HEATR1",0.884
"SIRT4","CD38",0.921
"SIRT4","PNP",0.913
"UQCRC1","SDHD",0.727
"UQCRC1","COX7A2",0.833
"UQCRC1","NDUFS7",0.997
"UQCRC1","CS",0.71
"UQCRC1","COX7A1",0.998
"UQCRC1","COX7C",0.994
"UQCRC1","NDUFB6",0.945
"UQCRC1","CDCA8",0.7
"UQCRC1","DLD",0.831
"UQCRC1","NDUFA10",0.996
"UQCRC1","NDUFA8",0.992
"UQCRC1","NDUFA2",0.992
"UQCRC1","UQCR10",0.999
"UQCRC1","NDUFS2",0.999
"UQCRC1","COX7A2L",0.926
"UQCRC1","COX8A",0.816
"UQCRC1","UQCRH",0.999
"UQCRC1","UQCRFS1",0.999
"UQCRC1","NDUFS3",0.995
"UQCRC1","ATP5F1A",0.97
"UQCRC1","COX5B",0.999
"UQCRC1","NDUFA3",0.939
"UQCRC1","NDUFA1",0.922
"UQCRC1","NDUFB7",0.991
"UQCRC1","ACO2",0.855
"UQCRC1","UQCRC2",0.999
"UQCRC1","CYC1",0.999
"UQCRC1","NDUFS4",0.993
"UQCRC1","COX6C",0.965
"UQCRC1","NDUFA7",0.95
"UQCRC1","ATP5PD",0.863
"UQCRC1","MDH2",0.921
"UQCRC1","ATP5PB",0.903
"UQCRC1","NDUFA9",0.998
"UQCRC1","ATP5F1D",0.968
"UQCRC1","TUFM",0.983
"UQCRC1","NDUFB8",0.982
"UQCRC1","COX6A2",0.994
"UQCRC1","CYCS",0.925
"UQCRC1","NDUFB11",0.94
"UQCRC1","SDHA",0.968
"UQCRC1","NDUFS6",0.99
"UQCRC1","BCS1L",0.831
"UQCRC1","SDHB",0.938
"UQCRC1","PALB2",0.734
"UQCRC1","NDUFB2",0.866
"UQCRC1","ATP5F1C",0.955
"UQCRC1","PDHB",0.826
"UQCRC1","HTT",0.94
"UQCRC1","NDUFB5",0.967
"UQCRC1","NDUFA13",0.982
"UQCRC1","NDUFC2",0.944
"UQCRC1","GOT2",0.718
"UQCRC1","NDUFB3",0.94
"UQCRC1","NDUFV2",0.996
"UQCRC1","COX5A",0.999
"UQCRC1","ATP5PO",0.765
"LAG3","PDCD1",0.95
"LAG3","CD69",0.713
"LAG3","CXCR3",0.803
"LAG3","IL2",0.744
"LAG3","GZMA",0.805
"LAG3","IDO1",0.825
"LAG3","CD27",0.775
"LAG3","CCR5",0.736
"LAG3","IL10",0.763
"LAG3","IFNG",0.877
"LAG3","CCR7",0.707
"LAG3","CD80",0.99
"LAG3","CD8A",0.947
"LAG3","GZMB",0.93
"LAG3","FASLG",0.768
"LAG3","GZMH",0.731
"LAG3","GZMK",0.701
"OTUB2","UBE2N",0.822
"OTUB2","TRAF3",0.765
"OTUB2","UBA52",0.975
"TFAP4","BPTF",0.744
"TFAP4","CDKN1A",0.919
"TFAP4","HBS1L",0.762
"CHRD","AMH",0.928
"CHRD","BMP4",0.999
"CHRD","VWF",0.781
"GOLGA3","TSNAX",0.848
"EFNB1","SRC",0.806
"GLG1","FGF2",0.734
"DLL3","NOTCH2",0.998
"DLL3","EGF",0.756
"DLD","UQCRC2",0.836
"DLD","ACO2",0.751
"DLD","DLST",0.999
"DLD","MDH2",0.944
"DLD","ATP5F1A",0.917
"DLD","PMPCB",0.843
"DLD","NDUFS3",0.784
"DLD","CS",0.911
"DLD","NDUFA10",0.768
"DLD","IDH3G",0.889
"DLD","GLUL",0.871
"DLD","BCKDHB",0.999
"DLD","AGXT",0.934
"DLD","IDH3A",0.905
"DLD","FH",0.957
"DLD","PDHB",0.999
"DLD","ATP5F1C",0.914
"DLD","TUFM",0.713
"DLD","NDUFA9",0.82
"DLD","SDHB",0.745
"DLD","SDHA",0.815
"ABCC6","MRPS7",0.804
"ABCC6","AHSG",0.724
"ABCC6","MGP",0.898
"APOH","APOE",0.921
"APOH","AMBP",0.942
"APOH","APOB",0.985
"APOH","APOC3",0.987
"APOH","PLA2G7",0.745
"APOH","SERPIND1",0.806
"APOH","FGB",0.804
"APOH","TLR2",0.836
"APOH","APOL1",0.904
"APOH","SERPINF2",0.822
"APOH","AHSG",0.957
"APOH","APOA2",0.989
"APOH","ITIH2",0.867
"APOH","HPX",0.792
"APOH","TLR4",0.842
"APOH","LCAT",0.828
"APOH","F2",0.984
"APOH","ORM1",0.76
"APOH","CLU",0.911
"APOH","FABP1",0.776
"APOH","CRP",0.778
"APOH","ITIH4",0.851
"APOH","ALB",0.933
"APOH","APP",0.763
"APOH","TYR",0.778
"APOH","HRG",0.862
"APOH","APOA1",0.985
"APOH","AZGP1",0.81
"APOH","VTN",0.787
"RGS17","GNB5",0.947
"RGS17","GNAQ",0.897
"CEBPE","MPO",0.735
"CEBPE","GZMH",0.725
"CEBPE","LTF",0.876
"OSGEP","ACP1",0.802
"OSGEP","NUP43",0.758
"TGM1","CSTA",0.888
"TGM1","IVL",0.989
"TGM1","TGM5",0.765
"TEKT2","SPACA9",0.813
"XYLB","BCKDHB",0.796
"XYLB","PDHB",0.792
"ADH1A","MAOB",0.928
"ADH1A","ALDH9A1",0.864
"ADH1A","GSTA3",0.73
"CDC6","POLA2",0.885
"CDC6","MCM5",0.999
"CDC6","CDK2",0.999
"CDC6","RFC4",0.839
"CDC6","GMNN",0.905
"CDC6","DBF4",0.956
"CDC6","CCNA1",0.993
"CDC6","MCM10",0.998
"CDC6","POLE2",0.943
"CDC6","MCM4",0.999
"CDC6","SKP2",0.746
"CDC6","ORC1",0.999
"CDC6","ATAD2",0.703
"CDC6","ORC3",0.999
"CDC6","POLE",0.797
"CDC6","CDC14A",0.765
"CDC6","SMC4",0.728
"CDC6","MAD2L1",0.754
"CDC6","E2F1",0.977
"CDC6","RPA1",0.723
"CDC6","CDCA8",0.819
"CDC6","RBL2",0.725
"CDC6","KNTC1",0.767
"CDC6","TOPBP1",0.793
"CDC6","CCNB1",0.931
"CDC6","AURKA",0.761
"CDC6","RRM1",0.749
"CDC6","E2F8",0.934
"CDC6","CDKN1A",0.927
"CDC6","EXO1",0.966
"CDC6","ANAPC5",0.817
"CDC6","SMC2",0.716
"CDC6","CDK6",0.82
"CDC6","CCNF",0.874
"CDC6","RFC3",0.785
"CDC6","CDK4",0.836
"CDC6","KIF2C",0.713
"CDC6","MCM7",0.999
"CDC6","ESPL1",0.855
"CDC6","CDC16",0.701
"CDC6","CHEK1",0.941
"CDC6","PLK1",0.809
"CDC6","WDHD1",0.916
"CDC6","ORC6",0.999
"CDC6","CDC25A",0.82
"CDC6","CDC25C",0.818
"CDC6","GINS2",0.705
"CDC6","FEN1",0.844
"CDC6","PCNA",0.716
"CDC6","BUB1B",0.803
"CDC6","MCM6",0.999
"CDC6","TP53",0.741
"CDC6","CCNE1",0.902
"CDC6","MCM2",0.999
"CDC6","CDT1",0.999
"CDC6","ORC2",0.999
"AAAS","SEC13",0.952
"AAAS","NUP93",0.983
"AAAS","NUP50",0.922
"AAAS","MAGOHB",0.762
"AAAS","NUP160",0.951
"AAAS","RANBP2",0.995
"AAAS","NUP107",0.98
"AAAS","AHCTF1",0.869
"AAAS","NUP98",0.96
"AAAS","NUP133",0.957
"AAAS","NUP43",0.98
"AAAS","UBE2I",0.715
"AAAS","TPR",0.937
"AAAS","NUP54",0.968
"AAAS","NUP155",0.989
"AAAS","SEH1L",0.994
"CBX5","CBX3",0.975
"CBX5","TRIM28",0.997
"CBX5","WRN",0.888
"CBX5","ADNP",0.819
"CBX5","H1-0",0.749
"CBX5","POGZ",0.879
"CBX5","DNMT3A",0.875
"CBX5","KMT5B",0.737
"CBX5","CDCA8",0.809
"CBX5","NIPBL",0.734
"CBX5","SMARCA4",0.923
"CBX5","BRCA1",0.7
"CBX5","RBBP7",0.768
"CBX5","RBBP4",0.931
"CBX5","SP100",0.92
"CBX5","H4C6",0.911
"CBX5","H3-4",0.999
"CBX5","H3-3B",0.999
"CBX5","BRD4",0.751
"CBX5","DNMT1",0.928
"CBX5","EZH2",0.746
"KLHL20","CUL3",0.999
"KLHL20","RBX1",0.986
"KLHL20","KEAP1",0.909
"KLHL20","PDCD6",0.731
"KLHL20","KLHL2",0.744
"DHPS","EIF5A",0.999
"DHPS","MAPK3",0.841
"DHPS","ODC1",0.745
"DHPS","EIF5A2",0.993
"PSMD5","PSMC2",0.999
"PSMD5","PSMA2",0.758
"PSMD5","PSMC5",0.999
"PSMD5","PSMD8",0.999
"PSMD5","PSMD10",0.905
"PSMD5","PSMD7",0.999
"NANS","SLC35A1",0.72
"GSTA3","GSR",0.933
"GSTA3","ADH5",0.703
"GSTA3","CYP1A1",0.933
"GSTA3","GSTM5",0.819
"GSTA3","CYP2A6",0.919
"MAPK13","MED1",0.923
"MAPK13","ESR2",0.908
"MAPK13","NEFM",0.906
"MAPK13","CARD9",0.913
"MAPK13","MAPK12",0.915
"MAPK13","MAP2K2",0.947
"MAPK13","CDC25C",0.927
"MAPK13","TAB1",0.825
"MAPK13","PGR",0.908
"MAPK13","CEBPB",0.928
"MAPK13","GNB5",0.737
"MAPK13","MAP2K6",0.971
"MAPK13","ZAP70",0.919
"MAPK13","PTK2",0.914
"MAPK13","TP53",0.943
"MAPK13","JUN",0.968
"MAPK13","SRC",0.742
"MAPK13","MAP2K1",0.954
"MAPK13","GNB3",0.737
"MAPK13","MAPK3",0.942
"MAPK13","FOXO3",0.926
"MAPK13","MAP3K7",0.922
"MAPK13","CDC25B",0.927
"MAPK13","SP1",0.915
"MAPK13","GNB1",0.738
"MAPK13","MAPK1",0.907
"MAPK13","MAP3K5",0.926
"MAPK13","CARM1",0.911
"MAPK13","MAPK11",0.765
"VCL","MAPK1",0.786
"VCL","PIP4K2C",0.9
"VCL","PIP5K1B",0.904
"VCL","CTNNA1",0.999
"VCL","ARPC2",0.741
"VCL","ACTN4",0.999
"VCL","PIP5K1A",0.907
"VCL","HCLS1",0.957
"VCL","PIP4K2A",0.911
"VCL","CRK",0.764
"VCL","MAPK3",0.77
"VCL","MAP2K1",0.72
"VCL","ZYX",0.999
"VCL","CTNND1",0.952
"VCL","VTN",0.829
"VCL","FERMT1",0.73
"VCL","SRC",0.997
"VCL","VASP",0.999
"VCL","PTK2",0.998
"VCL","CDH1",0.996
"VCL","WAS",0.761
"VCL","FN1",0.992
"VCL","GJA1",0.795
"VCL","CDH2",0.939
"VCL","WASL",0.984
"VCL","PXN",0.999
"VCL","CAV1",0.744
"VCL","GRB2",0.795
"VCL","ITGB5",0.907
"VCL","CSK",0.826
"VCL","APBB1IP",0.812
"VCL","ITGA5",0.78
"VCL","PIKFYVE",0.915
"SIRT1","RPS6KB1",0.712
"SIRT1","MTOR",0.937
"SIRT1","PNP",0.931
"SIRT1","SMAD7",0.72
"SIRT1","MCM10",0.793
"SIRT1","CBX3",0.779
"SIRT1","DNAJB1",0.756
"SIRT1","TRIM28",0.754
"SIRT1","IRS1",0.823
"SIRT1","CCND1",0.721
"SIRT1","YY1",0.936
"SIRT1","FOXO3",0.999
"SIRT1","CD38",0.943
"SIRT1","WRN",0.854
"SIRT1","KAT2A",0.943
"SIRT1","CDC14A",0.992
"SIRT1","KDM1A",0.915
"SIRT1","H2AZ1",0.747
"SIRT1","PTEN",0.757
"SIRT1","RB1",0.821
"SIRT1","TRMT11",0.701
"SIRT1","E2F1",0.924
"SIRT1","PPARG",0.998
"SIRT1","NCOR1",0.996
"SIRT1","CREBBP",0.754
"SIRT1","TBP",0.745
"SIRT1","BAX",0.942
"SIRT1","HMOX1",0.733
"SIRT1","HDAC2",0.898
"SIRT1","KDM6B",0.774
"SIRT1","STK11",0.903
"SIRT1","APEX1",0.797
"SIRT1","CDKN1A",0.719
"SIRT1","ATG5",0.993
"SIRT1","BRCA1",0.777
"SIRT1","IL1B",0.719
"SIRT1","H2AX",0.831
"SIRT1","AR",0.728
"SIRT1","NOS3",0.841
"SIRT1","H4C6",0.906
"SIRT1","PARP1",0.844
"SIRT1","TSC2",0.843
"SIRT1","BECN1",0.7
"SIRT1","NFKB1",0.983
"SIRT1","ATM",0.856
"SIRT1","CASP3",0.725
"SIRT1","HDAC4",0.9
"SIRT1","HSP90AA1",0.803
"SIRT1","HDAC1",0.993
"SIRT1","H3-4",0.836
"SIRT1","H3-3B",0.922
"SIRT1","SMAD3",0.703
"SIRT1","CSNK2A1",0.835
"SIRT1","GSK3B",0.758
"SIRT1","STAT3",0.817
"SIRT1","CYCS",0.718
"SIRT1","JUN",0.927
"SIRT1","TP53",0.999
"SIRT1","EZH2",0.942
"SIRT1","EP300",0.972
"SIRT1","XPA",0.772
"SIRT1","BRD4",0.833
"SIRT1","ZEB1",0.87
"SIRT1","DNMT1",0.922
"SIRT1","USP22",0.933
"SIRT1","SQSTM1",0.707
"SIRT1","IL6",0.726
"TGFBR3","TGFBR2",0.986
"TGFBR3","BMP4",0.754
"TGFBR3","TGFB1",0.997
"TMED1","TMED2",0.784
"TMED1","TMED10",0.926
"MZF1","SCAND1",0.797
"PSMD8","NEDD8",0.763
"PSMD8","PSMA3",0.999
"PSMD8","PSMD7",0.999
"PSMD8","PSMA6",0.998
"PSMD8","CSF3",0.904
"PSMD8","PSMD10",0.988
"PSMD8","PSMB7",0.993
"PSMD8","RAD23B",0.742
"PSMD8","VCP",0.797
"PSMD8","ECPAS",0.936
"PSMD8","PSMC5",0.999
"PSMD8","UBA52",0.936
"PSMD8","COPS5",0.713
"PSMD8","PSMA2",0.999
"PSMD8","PSMC2",0.999
"EFNA2","NTRK1",0.847
"EFNA2","PDGFRB",0.72
"EFNA2","KIT",0.714
"EFNA2","ERBB2",0.74
"EFNA2","EGFR",0.832
"EFNA2","RASA1",0.917
"EFNA2","FYN",0.93
"ATP5F1D","UQCRFS1",0.968
"ATP5F1D","RPS9",0.739
"ATP5F1D","ATP5F1A",0.999
"ATP5F1D","NDUFA3",0.755
"ATP5F1D","COX5B",0.975
"ATP5F1D","PMPCB",0.831
"ATP5F1D","ATP6V0C",0.985
"ATP5F1D","NDUFS3",0.957
"ATP5F1D","UQCRC2",0.824
"ATP5F1D","CYC1",0.991
"ATP5F1D","NDUFB7",0.97
"ATP5F1D","DLST",0.756
"ATP5F1D","ATP5PD",0.999
"ATP5F1D","MDH2",0.853
"ATP5F1D","MRPL16",0.713
"ATP5F1D","NDUFA7",0.903
"ATP5F1D","NDUFS4",0.734
"ATP5F1D","RPS3",0.758
"ATP5F1D","COX6C",0.812
"ATP5F1D","COX7C",0.9
"ATP5F1D","KDM6B",0.915
"ATP5F1D","RPS11",0.822
"ATP5F1D","NDUFS7",0.992
"ATP5F1D","NDUFA10",0.867
"ATP5F1D","CDCA8",0.975
"ATP5F1D","MRPL9",0.767
"ATP5F1D","NDUFB6",0.887
"ATP5F1D","UQCR10",0.879
"ATP5F1D","NDUFS2",0.902
"ATP5F1D","NDUFA8",0.855
"ATP5F1D","ATP6V1D",0.931
"ATP5F1D","JARID2",0.89
"ATP5F1D","ATP5MC3",0.999
"ATP5F1D","ATP5PF",0.999
"ATP5F1D","NDUFB5",0.901
"ATP5F1D","NDUFA13",0.934
"ATP5F1D","NDUFC2",0.755
"ATP5F1D","COX5A",0.98
"ATP5F1D","PPA2",0.738
"ATP5F1D","MRPL12",0.958
"ATP5F1D","KDM5D",0.89
"ATP5F1D","NDUFV2",0.944
"ATP5F1D","RPL8",0.728
"ATP5F1D","ATP5ME",0.999
"ATP5F1D","MRPL17",0.932
"ATP5F1D","RPS2",0.748
"ATP5F1D","ATP6V1E1",0.771
"ATP5F1D","ATP5PO",0.999
"ATP5F1D","ATP5IF1",0.886
"ATP5F1D","ATP5MG",0.999
"ATP5F1D","ATP6V1A",0.923
"ATP5F1D","TUFM",0.927
"ATP5F1D","NDUFA9",0.761
"ATP5F1D","ATP5PB",0.999
"ATP5F1D","IMP3",0.736
"ATP5F1D","SDHB",0.931
"ATP5F1D","MRPL2",0.775
"ATP5F1D","COX6A2",0.799
"ATP5F1D","NDUFB11",0.936
"ATP5F1D","SDHA",0.863
"ATP5F1D","NDUFS6",0.915
"ATP5F1D","NDUFB8",0.935
"ATP5F1D","ATP5MF",0.999
"ATP5F1D","PALB2",0.877
"ATP5F1D","ATP6V1B2",0.913
"ATP5F1D","ATP5F1E",0.999
"ATP5F1D","ATP5F1C",0.999
"FGF22","KIT",0.848
"FGF22","PDGFRA",0.858
"FGF22","ERBB2",0.824
"FGF22","NTRK1",0.887
"FGF22","MAPK3",0.721
"FGF22","ALB",0.751
"FGF22","EGFR",0.926
"FGF22","INSR",0.814
"FGF22","CXCL8",0.754
"FGF22","IL6",0.711
"FGF22","EGF",0.989
"FGF22","CDH2",0.882
"FGF22","FN1",0.799
"FGF22","PDGFRB",0.894
"FGF22","TGFB1",0.819
"FGF22","GRB2",0.759
"FGF22","ERBB3",0.767
"NDUFB7","NDUFA7",0.999
"NDUFB7","ATP5PD",0.883
"NDUFB7","COX6C",0.833
"NDUFB7","NDUFS4",0.999
"NDUFB7","CYC1",0.996
"NDUFB7","UQCRC2",0.963
"NDUFB7","NDUFA1",0.999
"NDUFB7","NDUFA3",0.999
"NDUFB7","COX5B",0.995
"NDUFB7","HTATIP2",0.77
"NDUFB7","NDUFS3",0.999
"NDUFB7","PMPCB",0.858
"NDUFB7","UQCRFS1",0.996
"NDUFB7","UQCRH",0.997
"NDUFB7","ATP5PF",0.803
"NDUFB7","UQCR10",0.998
"NDUFB7","NDUFS2",0.999
"NDUFB7","NDUFA2",0.999
"NDUFB7","COX8A",0.757
"NDUFB7","NDUFA8",0.999
"NDUFB7","MGLL",0.898
"NDUFB7","NDUFAF4",0.865
"NDUFB7","NDUFA10",0.999
"NDUFB7","NDUFB6",0.999
"NDUFB7","COX7A1",0.898
"NDUFB7","COX7C",0.977
"NDUFB7","SDHD",0.732
"NDUFB7","NDUFS7",0.999
"NDUFB7","NDUFV2",0.999
"NDUFB7","NDUFAF1",0.974
"NDUFB7","COX5A",0.985
"NDUFB7","NDUFB3",0.999
"NDUFB7","ATP5ME",0.948
"NDUFB7","NDUFC2",0.999
"NDUFB7","NDUFA13",0.999
"NDUFB7","NDUFB5",0.999
"NDUFB7","ATP5F1C",0.757
"NDUFB7","NDUFB2",0.999
"NDUFB7","PALB2",0.946
"NDUFB7","SDHB",0.865
"NDUFB7","NDUFB8",0.999
"NDUFB7","ATP5MF",0.83
"NDUFB7","NDUFS6",0.999
"NDUFB7","COX6A2",0.961
"NDUFB7","NDUFB11",0.999
"NDUFB7","NDUFA4L2",0.726
"NDUFB7","ATP5MG",0.872
"NDUFB7","ATP5PB",0.808
"NDUFB7","NDUFA9",0.999
"TIMM13","TOMM70",0.712
"TIMM13","TOMM22",0.861
"TIMM13","TIMM10",0.999
"CDC34","NFKBIA",0.751
"CDC34","UBA3",0.803
"CDC34","NEDD8",0.815
"CDC34","UBE2M",0.721
"CDC34","SKP2",0.817
"CDC34","SKP1",0.998
"CDC34","CSNK2A1",0.709
"CDC34","CUL1",0.998
"CDC34","UBA7",0.866
"CDC34","CUL3",0.737
"CDC34","RBX1",0.999
"CDC34","UBA52",0.983
"GADD45B","GADD45G",0.955
"GADD45B","CDKN1A",0.758
"GADD45B","CCNB1",0.97
"GADD45B","PCNA",0.912
"GADD45B","CNOT7",0.782
"GADD45B","ATF3",0.824
"GADD45B","TP53",0.964
"GADD45B","JUN",0.702
"MADCAM1","ITGB7",0.995
"MADCAM1","ICAM1",0.843
"MADCAM1","CD8A",0.808
"MADCAM1","TK1",0.705
"MAPK12","SP1",0.916
"MAPK12","GNB1",0.737
"MAPK12","CDC25B",0.931
"MAPK12","MAPK11",0.856
"MAPK12","MAP3K5",0.925
"MAPK12","CARM1",0.921
"MAPK12","MAPK1",0.927
"MAPK12","GNB3",0.748
"MAPK12","MAP2K1",0.954
"MAPK12","MAP3K7",0.923
"MAPK12","FOXO3",0.929
"MAPK12","SNTA1",0.818
"MAPK12","MAPK3",0.911
"MAPK12","GNB5",0.737
"MAPK12","CEBPB",0.929
"MAPK12","CDC25C",0.931
"MAPK12","MAP2K2",0.949
"MAPK12","TAB1",0.828
"MAPK12","PGR",0.91
"MAPK12","SRC",0.743
"MAPK12","TP53",0.946
"MAPK12","JUN",0.971
"MAPK12","PTK2",0.913
"MAPK12","ZAP70",0.919
"MAPK12","MAP2K6",0.98
"MAPK12","ESR2",0.907
"MAPK12","MED1",0.923
"MAPK12","CARD9",0.938
"MAPK12","NEFM",0.907
"SERPIND1","ITIH2",0.712
"SERPIND1","AHSG",0.704
"SERPIND1","FGB",0.951
"SERPIND1","PROC",0.76
"SERPIND1","VTN",0.762
"SERPIND1","HRG",0.867
"SERPIND1","F2",0.999
"SNAP29","STX5",0.935
"SNAP29","VAMP2",0.986
"SNAP29","BNIP1",0.821
"SNAP29","STX8",0.976
"SNAP29","ATG14",0.999
"SNAP29","BET1",0.784
"SNAP29","STX11",0.841
"SNAP29","GOSR1",0.832
"SNAP29","SNX4",0.911
"SNAP29","VAMP5",0.798
"SNAP29","STX2",0.841
"SNAP29","STX1A",0.987
"SNAP29","NAPA",0.983
"SNAP29","YKT6",0.988
"SNAP29","ATG5",0.776
"SNAP29","STX6",0.999
"SNAP29","VAMP4",0.972
"THAP7","H4C6",0.816
"THAP7","NCOR1",0.76
"MMP11","MMP1",0.772
"MIF","NME1",0.732
"MIF","COPS5",0.976
"MIF","GOT2",0.929
"MIF","CCL2",0.836
"MIF","IL6",0.708
"MIF","TP53",0.731
"MIF","KRT7",0.76
"MIF","CCL5",0.756
"OSM","IL10",0.704
"OSM","IL13RA1",0.713
"OSM","JAK2",0.919
"OSM","EGFR",0.753
"OSM","IFNGR1",0.703
"OSM","IL1B",0.749
"OSM","STAT5B",0.726
"OSM","STAT5A",0.761
"OSM","IL1A",0.756
"OSM","PDGFRB",0.721
"OSM","STAT6",0.777
"OSM","FGF2",0.742
"OSM","IL10RB",0.71
"OSM","STAT3",0.911
"OSM","PDGFRA",0.741
"OSM","IL6",0.963
"OSM","IL7R",0.805
"SF3A1","SF3B3",0.999
"SF3A1","PRPF31",0.996
"SF3A1","SNIP1",0.994
"SF3A1","SNRPF",0.997
"SF3A1","LSM3",0.995
"SF3A1","PPIH",0.885
"SF3A1","LUC7L",0.779
"SF3A1","WBP11",0.884
"SF3A1","SRSF2",0.781
"SF3A1","SNRNP70",0.867
"SF3A1","SRRM2",0.995
"SF3A1","DHX15",0.977
"SF3A1","SF3B2",0.999
"SF3A1","TCERG1",0.992
"SF3A1","SNRPD3",0.995
"SF3A1","PRPF6",0.999
"SF3A1","CDC5L",0.998
"SF3A1","SRRM1",0.914
"SF3A1","SNRPB2",0.998
"SF3A1","SRSF1",0.967
"SF3A1","DHX38",0.82
"SF3A1","USP39",0.916
"SF3A1","MFAP1",0.999
"SF3A1","RBM25",0.871
"SF3A1","LSM7",0.993
"SF3A1","LSM6",0.991
"SF3A1","PRPF39",0.839
"SF3A1","SF3A2",0.999
"SF3A1","NCBP2",0.977
"SF3A1","LSM8",0.991
"SF3A1","RBM39",0.722
"SF3A1","MAGOHB",0.918
"SF3A1","DDX23",0.955
"SF3A1","SNU13",0.994
"SF3A1","TXNL4A",0.989
"SF3A1","SF3B1",0.999
"SF3A1","RBMX2",0.993
"SF3A1","SF1",0.996
"SF3A1","SF3B4",0.999
"SF3A1","NCBP1",0.949
"SF3A1","SNRPD1",0.999
"SNRPD3","MFAP1",0.997
"SNRPD3","USP39",0.98
"SNRPD3","NHP2",0.904
"SNRPD3","GNL3L",0.748
"SNRPD3","LSM1",0.709
"SNRPD3","RBM25",0.891
"SNRPD3","LSM6",0.999
"SNRPD3","LSM7",0.999
"SNRPD3","PRPF39",0.854
"SNRPD3","NAT10",0.753
"SNRPD3","SF3A2",0.999
"SNRPD3","SYMPK",0.849
"SNRPD3","NCBP2",0.984
"SNRPD3","EEF2",0.752
"SNRPD3","LSM8",0.999
"SNRPD3","MAGOHB",0.989
"SNRPD3","SNU13",0.998
"SNRPD3","DDX23",0.996
"SNRPD3","TXNL4A",0.998
"SNRPD3","RBM48",0.807
"SNRPD3","SF3B1",0.996
"SNRPD3","RBMX2",0.988
"SNRPD3","SNRPD1",0.999
"SNRPD3","SF3B4",0.995
"SNRPD3","NCBP1",0.986
"SNRPD3","SF3B3",0.998
"SNRPD3","RBM42",0.924
"SNRPD3","SNRPF",0.999
"SNRPD3","LSM3",0.999
"SNRPD3","SNIP1",0.991
"SNRPD3","PRPF31",0.998
"SNRPD3","LUC7L",0.936
"SNRPD3","YBX1",0.925
"SNRPD3","PPIH",0.972
"SNRPD3","WBP11",0.804
"SNRPD3","SNRNP27",0.948
"SNRPD3","SNRNP70",0.999
"SNRPD3","TARDBP",0.832
"SNRPD3","POLR2F",0.735
"SNRPD3","SRRM2",0.991
"SNRPD3","GAR1",0.831
"SNRPD3","DHX15",0.99
"SNRPD3","SF3B2",0.998
"SNRPD3","TCERG1",0.862
"SNRPD3","PPWD1",0.831
"SNRPD3","POLR2L",0.741
"SNRPD3","SSB",0.841
"SNRPD3","PRPF6",0.999
"SNRPD3","SRRM1",0.888
"SNRPD3","POLR2C",0.707
"SNRPD3","CDC5L",0.999
"SNRPD3","SRSF1",0.962
"SNRPD3","PRP4K",0.82
"SNRPD3","SNRPB2",0.999
"SNRPD3","PPIG",0.862
"SNRPD3","DHX38",0.926
"SNRPD3","HNRNPA1",0.893
"SNRPD3","DHX8",0.992
"MAPK1","RPS6KB1",0.927
"MAPK1","GNB3",0.737
"MAPK1","ATP1B4",0.9
"MAPK1","CXCL8",0.735
"MAPK1","MAP2K1",0.999
"MAPK1","PLAAT3",0.705
"MAPK1","MAP3K7",0.926
"MAPK1","PRKCZ",0.919
"MAPK1","NRAS",0.959
"MAPK1","APP",0.827
"MAPK1","FOXO3",0.963
"MAPK1","ATP1B1",0.905
"MAPK1","MAPK3",0.994
"MAPK1","GNB1",0.808
"MAPK1","SP1",0.969
"MAPK1","PPARG",0.736
"MAPK1","PRKACG",0.927
"MAPK1","PLCG1",0.769
"MAPK1","FGF2",0.78
"MAPK1","CREBBP",0.803
"MAPK1","PRKACA",0.929
"MAPK1","CDKN1B",0.858
"MAPK1","PPP2R1B",0.942
"MAPK1","MAPK11",0.906
"MAPK1","RAC2",0.942
"MAPK1","CREB5",0.946
"MAPK1","MITF",0.932
"MAPK1","KRAS",0.988
"MAPK1","CDKN1A",0.732
"MAPK1","STAT1",0.95
"MAPK1","JAK2",0.794
"MAPK1","ESR2",0.948
"MAPK1","PIK3CA",0.822
"MAPK1","TSC1",0.926
"MAPK1","SH3GL2",0.808
"MAPK1","PXN",0.835
"MAPK1","GRB2",0.92
"MAPK1","CREB3",0.918
"MAPK1","STAT5A",0.878
"MAPK1","CARD9",0.916
"MAPK1","TSC2",0.952
"MAPK1","CASP3",0.961
"MAPK1","MAPK14",0.995
"MAPK1","NFKB1",0.79
"MAPK1","FN1",0.716
"MAPK1","HSP90AA1",0.941
"MAPK1","GJA1",0.943
"MAPK1","GNB5",0.754
"MAPK1","SMAD3",0.962
"MAPK1","CASP8",0.839
"MAPK1","ARRB1",0.989
"MAPK1","CEBPB",0.877
"MAPK1","SMAD2",0.967
"MAPK1","IQGAP1",0.988
"MAPK1","PPP2CB",0.954
"MAPK1","MAP2K2",0.999
"MAPK1","PPP2R1A",0.929
"MAPK1","GSK3B",0.742
"MAPK1","SRC",0.932
"MAPK1","TP53",0.998
"MAPK1","EP300",0.818
"MAPK1","HSP90AB1",0.813
"MAPK1","SMAD4",0.816
"MAPK1","JUN",0.998
"MAPK1","CYCS",0.775
"MAPK1","PLA2G3",0.702
"MAPK1","STAT3",0.996
"MAPK1","IL6",0.936
"MAPK1","MAP2K6",0.966
"MAPK1","EGF",0.789
"TCN2","AK1",0.718
"TCN2","LTF",0.84
"TCN2","CBL",0.917
"TCN2","MMUT",0.808
"CRYBB3","TSC2",0.705
"CRYBB3","CRYAA",0.886
"CRYBB3","BFSP1",0.789
"CRYBB3","BFSP2",0.773
"CRYBB3","GJA3",0.774
"SLC25A1","CS",0.964
"SLC25A1","UFD1",0.715
"SLC25A1","MRPL40",0.822
"SLC25A1","POLE2",0.81
"PLA2G3","PLA2G7",0.742
"PLA2G3","PLD2",0.703
"PLA2G3","PLA2G15",0.843
"PLA2G3","LPCAT1",0.712
"PLA2G3","PLAAT3",0.83
"PLA2G3","MAPK3",0.709
"LGALS2","GAL",0.784
"LGALS2","CLC",0.709
"LGALS1","LUM",0.713
"LGALS1","FN1",0.878
"MICALL1","EIF3E",0.939
"MICALL1","EIF3K",0.877
"MICALL1","RPS3",0.752
"MICALL1","EIF3D",0.932
"MICALL1","RAB8A",0.887
"MICALL1","EHD4",0.817
"MICALL1","EIF3B",0.78
"MICALL1","EIF3A",0.74
"CENPM","TK1",0.74
"CENPM","CENPU",0.999
"CENPM","CCNB1",0.714
"CENPM","ESPL1",0.703
"CENPM","H4C2",0.806
"CENPM","H4C6",0.905
"CENPM","OIP5",0.857
"CENPM","BUB1B",0.884
"CENPM","GINS2",0.835
"CENPM","PLK1",0.745
"CENPM","MAD2L1",0.818
"CENPM","CENPS",0.997
"CENPM","CDCA3",0.835
"CENPM","CENPE",0.725
"CENPM","CDCA8",0.823
"DMC1","BRCA1",0.832
"DMC1","CDK4",0.83
"DMC1","ATM",0.866
"DMC1","BRCA2",0.979
"DMC1","RPA1",0.79
"TOMM22","TOMM70",0.999
"TOMM22","TOMM7",0.999
"TOMM22","TIMM10",0.869
"TOMM22","HSPA9",0.915
"TOMM22","IMMT",0.945
"TOMM22","SLC25A3",0.712
"TOMM22","CS",0.727
"XBP1","DCTN1",0.769
"XBP1","RPL13",0.8
"XBP1","RPS21",0.8
"XBP1","ATF3",0.824
"XBP1","RPL19",0.855
"XBP1","RPS16",0.817
"XBP1","RPL5",0.821
"XBP1","RPL10",0.802
"XBP1","ARFGAP1",0.75
"XBP1","RPL15",0.807
"XBP1","RPL23",0.8
"XBP1","RPS19",0.824
"XBP1","RPL4",0.812
"XBP1","RPS4X",0.817
"XBP1","EIF2AK3",0.909
"XBP1","SEC61A1",0.912
"XBP1","SRP14",0.807
"XBP1","CASP3",0.706
"XBP1","RPL30",0.812
"XBP1","UBA52",0.8
"XBP1","RPS6",0.843
"XBP1","SRP9",0.816
"XBP1","RPS2",0.803
"XBP1","RPL37A",0.8
"XBP1","RPL24",0.802
"XBP1","RPL8",0.801
"XBP1","SRPRA",0.795
"XBP1","CALR",0.844
"XBP1","PAX5",0.755
"XBP1","IL1B",0.709
"XBP1","TBPL1",0.912
"XBP1","RPL37",0.8
"XBP1","HSP90B1",0.872
"XBP1","RPL3",0.814
"XBP1","EIF2AK2",0.843
"XBP1","EXTL3",0.75
"XBP1","MAP3K5",0.758
"XBP1","SEC61B",0.915
"XBP1","RPS11",0.832
"XBP1","RPL36AL",0.803
"XBP1","PDIA3",0.857
"XBP1","EIF2S1",0.859
"XBP1","RPL14",0.806
"XBP1","HSPA5",0.98
"XBP1","TBP",0.938
"XBP1","RPL13A",0.825
"XBP1","RPL38",0.8
"XBP1","PIK3R2",0.936
"XBP1","RPS23",0.8
"XBP1","ATP6V0D1",0.75
"XBP1","RPS9",0.81
"XBP1","RTCB",0.717
"XBP1","RPL12",0.802
"XBP1","RPS14",0.814
"XBP1","RPS3",0.835
"XBP1","SEC61G",0.842
"XBP1","RPL27",0.813
"XBP1","RPL22",0.82
"RTCB","RCL1",0.734
"RTCB","SEC13",0.716
"JOSD1","RAD23B",0.776
"JOSD1","VCP",0.727
"JOSD1","COPS5",0.81
"GTPBP1","GP6",0.851
"GTPBP1","EXOSC5",0.734
"GTPBP1","EXOSC8",0.72
"GTPBP1","EXOSC7",0.72
"GTPBP1","EXOSC4",0.754
"GTPBP1","ZFC3H1",0.722
"GTPBP1","ITGA2B",0.781
"GTPBP1","TFRC",0.859
"GTPBP1","C1D",0.762
"GTPBP1","EXOSC10",0.762
"DNAL4","DYNLT3",0.761
"RASL10A","AP1B1",0.898
"HMGXB4","BAZ1A",0.903
"HMGXB4","BAZ1B",0.754
"HMGXB4","RBBP4",0.956
"HMGXB4","RSF1",0.744
"HMGXB4","BPTF",0.97
"HMGXB4","MCM5",0.866
"BIK","BCL2L2",0.991
"BIK","PMAIP1",0.93
"BIK","BAX",0.747
"BIK","BCL2A1",0.932
"BIK","BAK1",0.799
"HMOX1","CASP3",0.806
"HMOX1","IL13",0.855
"HMOX1","NOS3",0.77
"HMOX1","NLRP3",0.892
"HMOX1","IL1B",0.817
"HMOX1","IL6",0.81
"HMOX1","IL4",0.878
"HMOX1","KEAP1",0.934
"HMOX1","JUN",0.798
"HMOX1","CYCS",0.827
"HMOX1","STAT3",0.849
"HMOX1","HSPA4",0.778
"HMOX1","TXN",0.774
"HMOX1","STX1A",0.738
"HMOX1","TUT1",0.7
"HMOX1","GSR",0.761
"HMOX1","CP",0.942
"HMOX1","IL10",0.726
"HMOX1","HPX",0.753
"HMOX1","BAX",0.729
"HMOX1","TLR4",0.719
"HMOX1","PPARG",0.784
"NIPSNAP1","GABARAP",0.738
"NIPSNAP1","SQSTM1",0.838
"MCM5","POLE",0.997
"MCM5","ORC3",0.994
"MCM5","SSRP1",0.767
"MCM5","SMC4",0.785
"MCM5","ORC1",0.998
"MCM5","DBF4",0.991
"MCM5","TK1",0.809
"MCM5","MCM4",0.999
"MCM5","LIG1",0.947
"MCM5","MCM10",0.997
"MCM5","POLE2",0.998
"MCM5","CCNA1",0.902
"MCM5","POLA2",0.91
"MCM5","GMNN",0.847
"MCM5","RFC4",0.949
"MCM5","CDK2",0.86
"MCM5","TOPBP1",0.985
"MCM5","KNTC1",0.728
"MCM5","RPA1",0.902
"MCM5","E2F1",0.728
"MCM5","MAD2L1",0.845
"MCM5","RNASEH2A",0.835
"MCM5","MCM7",0.999
"MCM5","CHEK1",0.866
"MCM5","REV3L",0.703
"MCM5","RFC3",0.937
"MCM5","RBX1",0.836
"MCM5","EXO1",0.83
"MCM5","SMC2",0.754
"MCM5","RRM1",0.957
"MCM5","ASF1B",0.863
"MCM5","CDT1",0.999
"MCM5","ORC2",0.999
"MCM5","MCM6",0.999
"MCM5","MCM2",0.999
"MCM5","CCNE1",0.73
"MCM5","PCNA",0.918
"MCM5","FEN1",0.942
"MCM5","GINS2",0.999
"MCM5","ORC6",0.975
"MCM5","PLK1",0.747
"MCM5","WDHD1",0.999
"ARSA","GLA",0.974
"TTLL12","EEF1A2",0.724
"TTLL12","DNAJB1",0.797
"CBX7","PCGF1",0.993
"CBX7","BUB1B",0.736
"CBX7","BRCA2",0.753
"CBX7","CBX2",0.985
"CBX7","H3-3B",0.974
"CBX7","H3-4",0.982
"CBX7","ANAPC2",0.732
"CBX7","BARD1",0.72
"CBX7","EZH2",0.996
"CBX7","ANAPC5",0.721
"CBX7","RBBP7",0.935
"CBX7","RBBP4",0.934
"CBX7","BABAM2",0.727
"CBX7","BRCA1",0.764
"CBX7","CDC16",0.721
"CBX7","PHC2",0.996
"CBX7","JARID2",0.79
"CBX7","HDAC2",0.994
"CBX7","CBX8",0.995
"CBX7","YY1",0.704
"TAB1","NFKBIA",0.801
"TAB1","TLR3",0.985
"TAB1","TLR4",0.767
"TAB1","MAPK11",0.899
"TAB1","NOD2",0.717
"TAB1","BIRC3",0.845
"TAB1","RIPK2",0.959
"TAB1","MAP3K7",0.999
"TAB1","FADD",0.765
"TAB1","EGFR",0.809
"TAB1","MAP2K6",0.95
"TAB1","GSK3B",0.963
"TAB1","NOD1",0.824
"TAB1","HSP90AA1",0.704
"TAB1","TRAF3",0.972
"TAB1","MAPK14",0.999
"TAB1","TRAF2",0.975
"TAB1","NFKB1",0.737
"TAB1","XIAP",0.999
"TAB1","RIPK1",0.983
"TAB1","IRAK1",0.993
"TAB1","UBE2N",0.919
"TAB1","CHUK",0.993
"PNPLA3","MGLL",0.938
"PNPLA3","PLPP2",0.781
"PNPLA3","ACSL4",0.712
"MYH9","ACTN4",0.926
"MYH9","ACTA2",0.953
"MYH9","HSP90AB1",0.78
"MYH9","IQGAP1",0.82
"MYH9","APOL1",0.898
"MYH9","MYL6",0.998
"TXN2","MAP3K5",0.97
"TXN2","PRDX1",0.928
"TXN2","COX5B",0.717
"TXN2","GSR",0.752
"TXN2","MRPL11",0.835
"TXN2","TXN",0.967
"TXN2","GLRX",0.765
"TXN2","POLR2B",0.809
"EIF3D","EIF1B",0.892
"EIF3D","RPS2",0.982
"EIF3D","COPS5",0.941
"EIF3D","EIF5",0.997
"EIF3D","RPS6",0.988
"EIF3D","EIF3B",0.999
"EIF3D","RPL8",0.761
"EIF3D","RPS4X",0.969
"EIF3D","RPL4",0.937
"EIF3D","EIF4A1",0.992
"EIF3D","EIF4A2",0.812
"EIF3D","RPL5",0.814
"EIF3D","RPS16",0.983
"EIF3D","RPS19",0.991
"EIF3D","RPL23",0.725
"EIF3D","KARS1",0.776
"EIF3D","EIF3A",0.999
"EIF3D","MRPS12",0.795
"EIF3D","RPS21",0.972
"EIF3D","RPS3",0.989
"EIF3D","PSMD7",0.947
"EIF3D","EIF3K",0.999
"EIF3D","CCT7",0.745
"EIF3D","EIF1AY",0.868
"EIF3D","RPS9",0.962
"EIF3D","EIF3E",0.999
"EIF3D","RPS23",0.98
"EIF3D","RPL13A",0.789
"EIF3D","RPS14",0.966
"EIF3D","EIF3G",0.999
"EIF3D","EIF2S1",0.996
"EIF3D","EIF3I",0.999
"EIF3D","EIF1AX",0.975
"EIF3D","EIF4G1",0.974
"EIF3D","EEF2",0.824
"EIF3D","EIF2S2",0.985
"EIF3D","EIF5B",0.742
"EIF3D","ABCE1",0.94
"EIF3D","CCT2",0.764
"EIF3D","RPS11",0.988
"EIF3D","EIF3J",0.999
"PVALB","GRIN2C",0.707
"PVALB","CALM3",0.783
"PVALB","CALML5",0.775
"PVALB","SST",0.937
"PVALB","ALB",0.717
"PVALB","CALML4",0.776
"PVALB","SLC17A7",0.806
"ST13","HSP90AA1",0.997
"ST13","HSPA4",0.997
"ST13","HSP90AB1",0.995
"ST13","DNAJB1",0.943
"IL2RB","CD3D",0.703
"IL2RB","CCL5",0.737
"IL2RB","CSF3",0.702
"IL2RB","IFNG",0.934
"IL2RB","CCR7",0.728
"IL2RB","GZMA",0.901
"IL2RB","IL13",0.788
"IL2RB","STAT5B",0.976
"IL2RB","STAT5A",0.983
"IL2RB","CD8A",0.922
"IL2RB","IL2",0.999
"IL2RB","CXCR3",0.716
"IL2RB","PDCD1",0.715
"IL2RB","IFNB1",0.729
"IL2RB","CD69",0.732
"IL2RB","IL10",0.928
"IL2RB","JAK2",0.937
"IL2RB","IL4",0.916
"IL2RB","IL6",0.859
"IL2RB","IL7R",0.891
"IL2RB","IFNA1",0.752
"IL2RB","STAT3",0.871
"IL2RB","CD27",0.829
"IL2RB","IFNA2",0.702
"IL2RB","GZMB",0.907
"IL2RB","IL3",0.743
"IL2RB","FASLG",0.74
"RBX1","UBE2D2",0.999
"RBX1","SKP1",0.999
"RBX1","MCM4",0.847
"RBX1","POLE2",0.907
"RBX1","COPS2",0.99
"RBX1","PSMA6",0.765
"RBX1","CDK2",0.993
"RBX1","POLE",0.906
"RBX1","KLHL2",0.795
"RBX1","PAF1",0.801
"RBX1","SKP2",0.999
"RBX1","POLR2G",0.941
"RBX1","MNAT1",0.728
"RBX1","UBA3",0.949
"RBX1","NEDD8",0.999
"RBX1","UBE2M",0.999
"RBX1","NFKBIA",0.987
"RBX1","UBE2B",0.757
"RBX1","SUMO1",0.826
"RBX1","CDKN1B",0.989
"RBX1","POLR2I",0.911
"RBX1","ERCC8",0.994
"RBX1","UBE2I",0.777
"RBX1","DCAF15",0.957
"RBX1","UBA52",0.961
"RBX1","CDKN1A",0.945
"RBX1","POLR2D",0.914
"RBX1","CTR9",0.814
"RBX1","COPS5",0.983
"RBX1","POLR2C",0.909
"RBX1","MCM7",0.863
"RBX1","CUL3",0.999
"RBX1","CKS2",0.931
"RBX1","SUPT6H",0.808
"RBX1","ERCC6",0.927
"RBX1","UBE2N",0.791
"RBX1","PSMA2",0.806
"RBX1","POLR2B",0.942
"RBX1","CCNF",0.917
"RBX1","POLR2L",0.93
"RBX1","UBXN7",0.884
"RBX1","SMAD2",0.916
"RBX1","POLR2J",0.913
"RBX1","GINS2",0.802
"RBX1","POLR2F",0.95
"RBX1","SMAD3",0.941
"RBX1","CUL1",0.999
"RBX1","WDHD1",0.815
"RBX1","PRAME",0.97
"RBX1","RAD23B",0.721
"RBX1","CDT1",0.767
"RBX1","SQSTM1",0.786
"RBX1","KEAP1",0.999
"RBX1","CDC73",0.804
"RBX1","PDCD6",0.737
"RBX1","FBXO5",0.94
"RBX1","TP53",0.776
"RBX1","MCM6",0.83
"RBX1","GSK3B",0.709
"RBX1","MCM2",0.809
"RBX1","CCNE1",0.93
"RBX1","MED8",0.821
"ACO2","MRPL34",0.87
"ACO2","CS",0.999
"ACO2","MRPL19",0.914
"ACO2","ACO1",0.943
"ACO2","IDH3G",0.994
"ACO2","NDUFA10",0.747
"ACO2","NDUFS2",0.955
"ACO2","MRPS15",0.876
"ACO2","MRPS14",0.859
"ACO2","MRPL46",0.858
"ACO2","UQCRFS1",0.702
"ACO2","ISCA1",0.761
"ACO2","DAP3",0.867
"ACO2","NDUFS3",0.703
"ACO2","ATP5F1A",0.884
"ACO2","RPS9",0.836
"ACO2","DLST",0.921
"ACO2","DNAJB1",0.728
"ACO2","CYC1",0.902
"ACO2","UQCRC2",0.879
"ACO2","MRPL40",0.876
"ACO2","HSPA9",0.927
"ACO2","MRPL16",0.873
"ACO2","MDH2",0.951
"ACO2","NDUFA9",0.756
"ACO2","MRPS12",0.863
"ACO2","TPI1",0.799
"ACO2","MRPS11",0.857
"ACO2","NDUFB8",0.745
"ACO2","MRPL4",0.886
"ACO2","SDHA",0.975
"ACO2","MRPL2",0.813
"ACO2","CYCS",0.807
"ACO2","SDHB",0.94
"ACO2","MRPL49",0.894
"ACO2","MRPS16",0.869
"ACO2","ACAA2",0.75
"ACO2","RPL23",0.852
"ACO2","MRPL3",0.881
"ACO2","AFG3L2",0.724
"ACO2","MRPL33",0.865
"ACO2","FH",0.949
"ACO2","IDH3A",0.998
"ACO2","GOT2",0.753
"ACO2","NDUFV2",0.814
"ACO2","MRPL17",0.874
"PMM1","TK1",0.825
"PMM1","HK3",0.928
"CERK","SPTLC1",0.82
"CERK","SMPD3",0.946
"CERK","SPTLC2",0.792
"PAPOLA","SNRNP70",0.988
"PAPOLA","NGDN",0.701
"PAPOLA","CSTF1",0.889
"PAPOLA","SMAD2",0.728
"PAPOLA","TUT1",0.952
"PAPOLA","ZFC3H1",0.864
"PAPOLA","SRSF2",0.867
"PAPOLA","SRSF1",0.904
"PAPOLA","DHX38",0.841
"PAPOLA","PCF11",0.949
"PAPOLA","MTREX",0.995
"PAPOLA","SYMPK",0.998
"PAPOLA","FIP1L1",0.986
"PAPOLA","NCBP2",0.921
"PAPOLA","SRSF4",0.884
"PAPOLA","PABPN1",0.991
"PAPOLA","EXOSC10",0.774
"PAPOLA","NCBP1",0.903
"PAPOLA","PIP4K2A",0.799
"NID2","LAMB1",0.928
"NID2","FN1",0.715
"NID2","COL4A2",0.734
"NID2","LAMA5",0.849
"NID2","LAMC1",0.984
"NID2","LAMA4",0.896
"SNAPC1","BRF2",0.746
"SNAPC1","SNAPC2",0.999
"SNAPC1","TBP",0.987
"SNAPC1","GTF2B",0.962
"SUPT16H","XPC",0.736
"SUPT16H","MCM4",0.722
"SUPT16H","SUPT4H1",0.991
"SUPT16H","POLR1B",0.748
"SUPT16H","NCBP1",0.735
"SUPT16H","POLR2G",0.963
"SUPT16H","CINP",0.877
"SUPT16H","PAF1",0.994
"SUPT16H","SSRP1",0.999
"SUPT16H","POLR3B",0.703
"SUPT16H","H2AZ1",0.88
"SUPT16H","NASP",0.727
"SUPT16H","NCBP2",0.833
"SUPT16H","POLR2I",0.947
"SUPT16H","CTR9",0.997
"SUPT16H","POLR2D",0.978
"SUPT16H","TPR",0.718
"SUPT16H","H2AX",0.918
"SUPT16H","H4C6",0.99
"SUPT16H","POLR2B",0.988
"SUPT16H","POLR2L",0.94
"SUPT16H","H2AC8",0.782
"SUPT16H","H4C2",0.953
"SUPT16H","SUPT6H",0.997
"SUPT16H","POLR2C",0.994
"SUPT16H","TCEA2",0.878
"SUPT16H","H3-4",0.869
"SUPT16H","H3-3B",0.886
"SUPT16H","POLR2F",0.935
"SUPT16H","WDHD1",0.784
"SUPT16H","POLR2J",0.82
"SUPT16H","CSNK2A1",0.927
"SUPT16H","MCM2",0.735
"SUPT16H","TP53",0.756
"SUPT16H","CDC73",0.995
"SUPT16H","BRD4",0.723
"FKBP3","HDAC1",0.928
"FKBP3","PPP3R1",0.789
"FKBP3","CALML5",0.726
"FKBP3","MDM2",0.76
"FKBP3","CALM3",0.733
"FKBP3","HDAC2",0.899
"FKBP3","MTOR",0.951
"FKBP3","YY1",0.73
"CTSG","MPO",0.999
"CTSG","CPA3",0.812
"CTSG","SERPINA3",0.988
"CTSG","LTF",0.997
"CTSG","MS4A3",0.797
"CTSG","CTSD",0.722
"GZMH","KLRB1",0.712
"GZMH","GZMA",0.877
"GZMH","CD8A",0.895
"GZMH","CCL5",0.869
"GZMH","FASLG",0.747
"GZMH","GZMB",0.847
"GZMH","GZMK",0.878
"GZMB","CXCR5",0.736
"GZMB","CASP8",0.962
"GZMB","BID",0.964
"GZMB","CXCL9",0.728
"GZMB","CXCL10",0.715
"GZMB","TUBA4A",0.908
"GZMB","CD27",0.785
"GZMB","HSPA4",0.837
"GZMB","KLRB1",0.787
"GZMB","PDCD1",0.832
"GZMB","IL1B",0.765
"GZMB","CD69",0.838
"GZMB","CD68",0.75
"GZMB","CASP3",0.986
"GZMB","PARP1",0.955
"GZMB","GZMA",0.904
"GZMB","IL2",0.887
"GZMB","CXCR3",0.767
"GZMB","PARP2",0.905
"GZMB","CD40",0.722
"GZMB","CTSC",0.718
"GZMB","FASLG",0.942
"GZMB","IL7R",0.772
"GZMB","IFNA1",0.743
"GZMB","TUBA1B",0.911
"GZMB","CD19",0.805
"GZMB","CCR5",0.809
"GZMB","IL10",0.787
"GZMB","CD80",0.817
"GZMB","CCL5",0.865
"GZMB","IFNG",0.956
"GZMB","CCR7",0.803
"GZMB","CD38",0.786
"GZMB","CD8A",0.963
"AP4S1","AP1G2",0.819
"AP4S1","AP1S1",0.914
"AP4S1","AP1B1",0.89
"AP4S1","AP2A2",0.922
"AP4S1","AP3S2",0.91
"AP4S1","AP5M1",0.952
"AP4S1","AP1G1",0.877
"AP4S1","AFTPH",0.904
"POLE2","TOPBP1",0.705
"POLE2","CDT1",0.734
"POLE2","CS",0.8
"POLE2","MCM2",0.992
"POLE2","MCM6",0.995
"POLE2","FEN1",0.883
"POLE2","GINS2",0.996
"POLE2","PCNA",0.725
"POLE2","RPA1",0.737
"POLE2","ORC6",0.734
"POLE2","WDHD1",0.995
"POLE2","REV3L",0.973
"POLE2","MCM7",0.982
"POLE2","POLE",0.999
"POLE2","ORC3",0.705
"POLE2","RFC3",0.906
"POLE2","ORC1",0.852
"POLE2","LIG1",0.841
"POLE2","MCM10",0.961
"POLE2","MCM4",0.998
"POLE2","EXO1",0.866
"POLE2","POLD3",0.961
"POLE2","RFC4",0.935
"POLE2","BRCA1",0.702
"POLE2","POLA2",0.991
"SOS2","PIK3CA",0.86
"SOS2","GRB2",0.999
"SOS2","PDGFRB",0.925
"SOS2","SRC",0.786
"SOS2","IRS1",0.876
"SOS2","EGFR",0.998
"SOS2","CRK",0.79
"SOS2","RRAS",0.955
"SOS2","NRAS",0.966
"SOS2","RRAS2",0.94
"SOS2","MRAS",0.948
"SOS2","PLCG1",0.73
"SOS2","RASGRP1",0.928
"SOS2","KRAS",0.985
"SOS2","PDGFRA",0.92
"PYGL","UGP2",0.988
"PYGL","AGL",0.997
"PYGL","GCK",0.805
"PYGL","CALML4",0.854
"PYGL","CALM3",0.864
"PYGL","CALML5",0.861
"PYGL","PYGB",0.984
"CNIH1","TMED10",0.828
"ATP6V1D","ATP5F1C",0.932
"ATP6V1D","TCIRG1",0.994
"ATP6V1D","ATP6V1B2",0.999
"ATP6V1D","ATP6V1A",0.999
"ATP6V1D","ATP6V1E1",0.999
"ATP6V1D","ATP5PO",0.828
"ATP6V1D","LAMTOR5",0.706
"ATP6V1D","PPA2",0.767
"ATP6V1D","ATP6V0A1",0.999
"ATP6V1D","ATP5MC3",0.895
"ATP6V1D","ATP12A",0.82
"ATP6V1D","ATP6V0D1",0.999
"ATP6V1D","ATP6V1G1",0.999
"ATP6V1D","ATP6V0C",0.999
"ATP6V1D","ATP5F1A",0.934
"PLEK2","FERMT1",0.8
"PLEK2","SRC",0.868
"PLEK2","GRB2",0.735
"PLEK2","TIAM1",0.711
"PLEK2","ANK2",0.801
"PLEK2","IRS1",0.73
"PLEK2","DNM1",0.703
"PLEK2","ARF6",0.772
"PLEK2","RASA1",0.803
"PIGH","PIGL",0.986
"PIGH","CDIPT",0.803
"PIGH","PIGK",0.747
"PSMA3","CCT8",0.847
"PSMA3","PSME2",0.992
"PSMA3","CCT2",0.85
"PSMA3","EEF2",0.754
"PSMA3","NEDD8",0.836
"PSMA3","EIF2S1",0.734
"PSMA3","EIF3I",0.805
"PSMA3","CSF3",0.71
"PSMA3","CCT7",0.774
"PSMA3","CCT4",0.802
"PSMA3","PSMD7",0.999
"PSMA3","PSMA6",0.999
"PSMA3","VCP",0.748
"PSMA3","PSMB7",0.999
"PSMA3","RPS16",0.819
"PSMA3","NDUFB5",0.701
"PSMA3","PSMG2",0.981
"PSMA3","PSMA2",0.999
"PSMA3","UBXN7",0.733
"PSMA3","PSMC2",0.999
"PSMA3","PSMC5",0.998
"PSMA3","CCT5",0.806
"PSMA3","UBA52",0.94
"PSMA3","CDKN1A",0.871
"PSMA3","RPS2",0.717
"AHSA1","HSPA4",0.971
"AHSA1","HSPE1",0.831
"AHSA1","HSP90AB1",0.999
"AHSA1","CLPB",0.74
"AHSA1","CDC37",0.968
"AHSA1","HSP90AA1",0.999
"AHSA1","STUB1",0.716
"AHSA1","PPIG",0.811
"AHSA1","DNAJA1",0.902
"AHSA1","TSC1",0.812
"AHSA1","HSP90B1",0.915
"AHSA1","HSPBP1",0.734
"AHSA1","DNAJB4",0.776
"AHSA1","HSPA5",0.732
"AHSA1","PPID",0.95
"AHSA1","DNAJB1",0.897
"SPTLC2","SPTLC1",0.999
"SPTLC2","AGXT",0.872
"SPTLC2","ORM1",0.91
"SPTLC2","CBS",0.84
"RIN3","RAB5A",0.917
"RIN3","CD2AP",0.973
"RIN3","BIN1",0.999
"RIN3","RAB5B",0.929
"ALKBH1","RBM15",0.713
"ALKBH1","METTL3",0.858
"CHGA","KRT7",0.73
"CHGA","SST",0.921
"CHGA","SCG3",0.99
"CHGA","CEACAM5",0.723
"CHGA","PYY",0.721
"CHGA","OLFM4",0.711
"SLC10A1","EGFR",0.853
"SLC10A1","SLCO4A1",0.734
"EIF5","EIF3I",0.999
"EIF5","EIF2S1",0.998
"EIF5","MRPS7",0.797
"EIF5","EIF2D",0.729
"EIF5","EIF1AX",0.975
"EIF5","EEF2",0.86
"EIF5","EIF4G1",0.99
"EIF5","EIF5B",0.992
"EIF5","EIF2S2",0.999
"EIF5","ABCE1",0.986
"EIF5","RPS4Y1",0.82
"EIF5","RPS11",0.958
"EIF5","MRNIP",0.82
"EIF5","EIF3J",0.998
"EIF5","DENR",0.895
"EIF5","RASA1",0.817
"EIF5","RPS3",0.988
"EIF5","EIF3K",0.916
"EIF5","EIF1AY",0.921
"EIF5","RPS9",0.943
"EIF5","DHX29",0.705
"EIF5","RPS23",0.965
"EIF5","EIF3E",0.992
"EIF5","RPS14",0.943
"EIF5","EIF3G",0.999
"EIF5","RPS16",0.968
"EIF5","EIF4A2",0.988
"EIF5","RPS19",0.966
"EIF5","EIF3A",0.998
"EIF5","MRPS11",0.801
"EIF5","RPS27L",0.926
"EIF5","MRPS12",0.798
"EIF5","RPS21",0.947
"EIF5","RPS2",0.969
"EIF5","EIF1B",0.897
"EIF5","EIF3B",0.999
"EIF5","RPS6",0.982
"EIF5","EIF6",0.826
"EIF5","ETF1",0.775
"EIF5","RPL4",0.811
"EIF5","RPS4X",0.867
"EIF5","RSAD1",0.77
"EIF5","EIF4A1",0.993
"BDKRB1","GNAQ",0.974
"BDKRB1","F2",0.909
"BDKRB1","ACE",0.874
"BDKRB1","VRK1",0.852
"BDKRB1","GNB1",0.952
"VRK1","TP53",0.859
"VRK1","H3-4",0.717
"VRK1","H4C2",0.81
"VRK1","H4C6",0.878
"VRK1","H2AC13",0.901
"VRK1","H2AC17",0.903
"APEX1","H2AC17",0.8
"APEX1","WRN",0.877
"APEX1","LIG1",0.996
"APEX1","NEIL3",0.767
"APEX1","NPM1",0.871
"APEX1","PARP2",0.866
"APEX1","RPA1",0.732
"APEX1","H4C6",0.841
"APEX1","PARP1",0.967
"APEX1","GZMA",0.883
"APEX1","H4C2",0.8
"APEX1","H2AC13",0.8
"APEX1","NME1",0.982
"APEX1","EXO1",0.726
"APEX1","EP300",0.944
"APEX1","TP53",0.944
"APEX1","STAT3",0.709
"APEX1","YBX1",0.896
"APEX1","XRCC5",0.799
"APEX1","XPA",0.799
"APEX1","MPG",0.892
"APEX1","NTHL1",0.994
"APEX1","FEN1",0.998
"APEX1","PCNA",0.864
"APEX1","TXN",0.983
"PABPN1","ZFC3H1",0.98
"PABPN1","HSPA4",0.709
"PABPN1","SRSF2",0.859
"PABPN1","SNRNP70",0.762
"PABPN1","TARDBP",0.855
"PABPN1","CSTF1",0.886
"PABPN1","PCF11",0.908
"PABPN1","MTREX",0.905
"PABPN1","HNRNPL",0.718
"PABPN1","SRSF1",0.946
"PABPN1","DHX38",0.825
"PABPN1","HNRNPA1",0.885
"PABPN1","DHX9",0.851
"PABPN1","FIP1L1",0.907
"PABPN1","SYMPK",0.886
"PABPN1","NCBP2",0.988
"PABPN1","SRSF4",0.918
"PABPN1","EIF4G1",0.795
"PABPN1","NCBP1",0.978
"EFS","FYN",0.83
"EFS","CRK",0.712
"EFS","CASP3",0.739
"CINP","PAF1",0.744
"CINP","SSRP1",0.807
"PCK2","GOT2",0.898
"PCK2","PKLR",0.958
"PCK2","MMUT",0.827
"PCK2","PDHB",0.89
"PCK2","ASL",0.82
"PCK2","MDH2",0.964
"PCK2","CS",0.958
"PCK2","PKM",0.953
"NFKBIA","UBE2D2",0.994
"NFKBIA","SKP1",0.999
"NFKBIA","RPS3",0.783
"NFKBIA","CXCL8",0.887
"NFKBIA","NFKBIE",0.987
"NFKBIA","IL10",0.72
"NFKBIA","IFNG",0.714
"NFKBIA","MAPK3",0.732
"NFKBIA","MAP3K7",0.855
"NFKBIA","PRKACG",0.965
"NFKBIA","CD40",0.822
"NFKBIA","CREBBP",0.741
"NFKBIA","HSPA5",0.711
"NFKBIA","NEDD8",0.926
"NFKBIA","RIGI",0.798
"NFKBIA","BIRC3",0.827
"NFKBIA","TBK1",0.91
"NFKBIA","SUMO1",0.86
"NFKBIA","TLR4",0.872
"NFKBIA","PRKACA",0.965
"NFKBIA","NOD2",0.708
"NFKBIA","IRF7",0.716
"NFKBIA","IL1B",0.945
"NFKBIA","CHUK",0.999
"NFKBIA","UBE2I",0.874
"NFKBIA","STAT1",0.917
"NFKBIA","USP11",0.922
"NFKBIA","SYK",0.73
"NFKBIA","UBA52",0.952
"NFKBIA","IL1A",0.839
"NFKBIA","CASP3",0.74
"NFKBIA","NFKB1",0.999
"NFKBIA","MAPK14",0.829
"NFKBIA","TRAF2",0.761
"NFKBIA","RELB",0.995
"NFKBIA","ICAM1",0.797
"NFKBIA","UBE2N",0.829
"NFKBIA","IRAK1",0.922
"NFKBIA","RIPK1",0.804
"NFKBIA","TLR2",0.749
"NFKBIA","CCL2",0.754
"NFKBIA","CEBPB",0.744
"NFKBIA","CSNK2A1",0.929
"NFKBIA","SOCS3",0.726
"NFKBIA","CUL1",0.999
"NFKBIA","ARRB1",0.936
"NFKBIA","IL6",0.927
"NFKBIA","SQSTM1",0.809
"NFKBIA","SRC",0.797
"NFKBIA","CXCL10",0.752
"NFKBIA","JUN",0.908
"NFKBIA","TP53",0.915
"NFKBIA","EP300",0.734
"NFKBIA","STAT3",0.741
"NFKBIA","VCP",0.863
"PSME2","PSMA2",0.994
"PSME2","PSMC2",0.746
"PSME2","IRF9",0.718
"PSME2","STAT1",0.714
"PSME2","PSMC5",0.773
"PSME2","PSMB7",0.993
"PSME2","IFI35",0.835
"PSME2","IFNG",0.96
"PSME2","PSMA6",0.982
"PSME2","IRF1",0.755
"PSME2","PSMD7",0.845
"PSME2","UBE2L6",0.753
"PNN","PRPF38B",0.713
"PNN","PRP4K",0.951
"PNN","PPIG",0.906
"PNN","SRRM1",0.979
"PNN","SRRM2",0.844
"PNN","SNRNP70",0.759
"PNN","UPF3B",0.891
"PNN","SNIP1",0.823
"PNN","MAGOHB",0.872
"PNN","RBM39",0.804
"PNN","SREK1",0.845
"PNN","SRSF4",0.76
"PNN","RBM25",0.812
"CYP24A1","CA9",0.784
"CYP24A1","CA1",0.883
"CYP24A1","DHCR7",0.826
"AURKA","CDK2",0.886
"AURKA","KIFC1",0.718
"AURKA","RACGAP1",0.883
"AURKA","PTEN",0.711
"AURKA","MAD2L1",0.929
"AURKA","TACC3",0.998
"AURKA","CDCA8",0.952
"AURKA","CENPE",0.869
"AURKA","CDKN1B",0.74
"AURKA","ASF1B",0.751
"AURKA","BRCA1",0.942
"AURKA","CCNB1",0.979
"AURKA","SMC2",0.704
"AURKA","UBE2I",0.712
"AURKA","MYBL2",0.84
"AURKA","KIF2C",0.975
"AURKA","CCNF",0.791
"AURKA","CPEB3",0.913
"AURKA","CDK4",0.704
"AURKA","ESPL1",0.773
"AURKA","PTTG1",0.967
"AURKA","CHEK1",0.754
"AURKA","NDC80",0.933
"AURKA","CKS2",0.804
"AURKA","NFKB1",0.794
"AURKA","CDC25A",0.727
"AURKA","NEK2",0.829
"AURKA","H3-4",0.856
"AURKA","FN1",0.945
"AURKA","PLK1",0.997
"AURKA","NCAPG",0.952
"AURKA","FEN1",0.748
"AURKA","BUB1B",0.924
"AURKA","CDC25C",0.831
"AURKA","MKI67",0.85
"AURKA","GSK3B",0.769
"AURKA","MCM6",0.743
"AURKA","EZH2",0.761
"AURKA","TP53",0.998
"AURKA","CDCA3",0.815
"PYGB","CALML5",0.872
"PYGB","CALM3",0.876
"PYGB","CALML4",0.86
"PYGB","GCK",0.805
"PYGB","UGP2",0.987
"PYGB","AGL",0.999
"PROCR","SCARB2",0.832
"PROCR","PROC",0.996
"PROCR","CAV1",0.797
"PROCR","ICAM1",0.721
"PROCR","SCARB1",0.83
"PROCR","S1PR1",0.715
"PROCR","CMC2",0.928
"PROCR","F2",0.819
"MYBL2","RBBP4",0.997
"MYBL2","CCNB1",0.931
"MYBL2","CCNF",0.721
"MYBL2","CDC25A",0.728
"MYBL2","PLK1",0.877
"MYBL2","MKI67",0.783
"MYBL2","TP53",0.742
"MYBL2","CDK2",0.986
"MYBL2","KIFC1",0.731
"MYBL2","CCNA1",0.989
"MYBL2","TK1",0.765
"MYBL2","CCND1",0.702
"MYBL2","E2F1",0.937
"MYBL2","CREBBP",0.768
"MYBL2","RBL2",0.831
"MYBL2","NPM1",0.806
"CSTF1","SYMPK",0.939
"CSTF1","FIP1L1",0.941
"CSTF1","NCBP1",0.704
"CSTF1","BARD1",0.997
"CSTF1","PCF11",0.94
"CSTF1","BRCA1",0.974
"TPD52L2","GABPB1",0.822
"CTSZ","TUBB1",0.749
"CTSZ","CTSD",0.766
"CTSZ","ATP5F1E",0.831
"CTSZ","BID",0.903
"TUBB1","TUBA1B",0.979
"TUBB1","TUBA4A",0.964
"TUBB1","ITGA2B",0.704
"TUBB1","ATP5F1E",0.795
"TUBB1","GJA1",0.934
"BIRC7","UBE2D2",0.989
"BIRC7","CASP3",0.992
"BIRC7","XIAP",0.817
"BIRC7","UBA52",0.9
"UBOX5","VCP",0.839
"UBOX5","UFD1",0.843
"EEF1A2","RPL5",0.739
"EEF1A2","POLR2B",0.725
"EEF1A2","RPLP1",0.866
"EEF1A2","RPL4",0.817
"EEF1A2","RPS6",0.722
"EEF1A2","RPS2",0.793
"EEF1A2","ETF1",0.931
"EEF1A2","RPL8",0.737
"EEF1A2","PELO",0.86
"EEF1A2","EEF2",0.854
"EEF1A2","GTPBP4",0.705
"EEF1A2","EEF1D",0.96
"EEF1A2","RPS3",0.77
"EEF1A2","EIF5A",0.728
"EEF1A2","UTP20",0.754
"CSNK2A1","MORF4L1",0.732
"CSNK2A1","RBBP7",0.826
"CSNK2A1","RBBP4",0.86
"CSNK2A1","CTR9",0.871
"CSNK2A1","RRP15",0.84
"CSNK2A1","HDAC1",0.961
"CSNK2A1","HSP90AA1",0.88
"CSNK2A1","TP53",0.959
"CSNK2A1","JUN",0.701
"CSNK2A1","YAF2",0.893
"CSNK2A1","PTEN",0.971
"CSNK2A1","RRP7A",0.955
"CSNK2A1","SSRP1",0.936
"CSNK2A1","MDM2",0.728
"CSNK2A1","HDAC2",0.972
"CSNK2A1","CBX8",0.774
"CSNK2A1","NOL6",0.91
"CDK5RAP1","CDK5",0.91
"CDK5RAP1","EXOSC5",0.994
"SNTA1","AKAP9",0.819
"SNTA1","SGCG",0.918
"SNTA1","SCN5A",0.963
"OXT","NTS",0.917
"OXT","GAL",0.862
"OXT","ESR2",0.791
"OXT","ADRB2",0.786
"OXT","KISS1",0.737
"OXT","PRL",0.899
"OXT","CD38",0.706
"OXT","SST",0.769
"LBP","CRP",0.776
"LBP","TLR2",0.712
"LBP","LY96",0.979
"LBP","TLR4",0.979
"LBP","IL6",0.86
"LBP","APOA1",0.949
"CST4","LCN1",0.891
"AHCY","DNMT3A",0.937
"AHCY","CBS",0.987
"AHCY","DNMT1",0.952
"ACOT8","PEX13",0.7
"APMAP","MRPL17",0.731
"APMAP","POLR2C",0.741
"APMAP","POLR2B",0.704
"APMAP","IMP3",0.761
"APMAP","POLR1B",0.7
"APMAP","PDCD11",0.734
"APMAP","MTIF2",0.784
"APMAP","POLR3B",0.7
"APMAP","RPS9",0.756
"APMAP","MRPL20",0.761
"APMAP","EXOSC10",0.868
"APMAP","EIF5B",0.781
"TXNL1","COPS5",0.757
"RNF125","UBE2L6",0.854
"RNF125","RIGI",0.991
"RNF125","CS",0.823
"RNF125","TRIM25",0.831
"RNF125","UBE2D2",0.753
"RNF125","UFD1",0.91
"RNF125","DHX58",0.76
"RNF125","UBXN7",0.737
"IDH3G","SDHB",0.746
"IDH3G","SDHA",0.726
"IDH3G","PDHB",0.817
"IDH3G","ATP5F1C",0.774
"IDH3G","IDH3A",0.999
"IDH3G","FH",0.801
"IDH3G","GOT2",0.886
"IDH3G","BCKDHB",0.72
"IDH3G","CS",0.874
"IDH3G","ACO1",0.975
"IDH3G","ATP5F1A",0.728
"IDH3G","DLST",0.892
"IDH3G","ASL",0.865
"IDH3G","MDH2",0.818
"PSMD10","PSMC2",0.999
"PSMD10","CDK4",0.972
"PSMD10","PSMC5",0.999
"PSMD10","TP53",0.866
"PSMD10","RB1",0.807
"PSMD10","PSMD7",0.996
"PSMD10","NFKBIE",0.723
"PSMD10","MDM2",0.986
"STS","CYP11A1",0.934
"STS","AKR1C3",0.952
"STS","DHCR7",0.813
"STS","CYP1A1",0.921
"PGRMC1","SERBP1",0.902
"PGRMC1","PGR",0.944
"PGRMC1","CYB5A",0.815
"PGRMC1","EGFR",0.765
"NXT2","GUCY2F",0.706
"NXT2","NXF3",0.998
"GUCY2F","PKM",0.903
"GUCY2F","GCH1",0.805
"GUCY2F","PDE3B",0.739
"GUCY2F","PKLR",0.903
"GUCY2F","PDE1B",0.713
"ATP1B4","ATP1B1",0.91
"ATP1B4","MAPK3",0.9
"ATP1B4","SMAD7",0.785
"PAGE4","JUN",0.707
"STAG2","H4C6",0.762
"STAG2","RAD21",0.999
"STAG2","ESPL1",0.987
"STAG2","NIPBL",0.982
"STAG2","EP300",0.794
"STAG2","SRSF2",0.777
"STAG2","SMC5",0.784
"STAG2","PLK1",0.817
"STAG2","SMC4",0.772
"STAG2","WAPL",0.997
"F9","F12",0.737
"F9","PROC",0.72
"F9","VWF",0.915
"F9","ALB",0.732
"F9","F2",0.932
"ABCD1","ACSL4",0.708
"ABCD1","PEX2",0.725
"ABCD1","PEX13",0.841
"USP11","BRCA1",0.723
"USP11","BRCA2",0.934
"USP11","TP53",0.864
"USP11","USP7",0.966
"TIMP1","ARAF",0.714
"TIMP1","IL10",0.954
"TIMP1","CXCL8",0.78
"TIMP1","CCL5",0.74
"TIMP1","IFNG",0.76
"TIMP1","ALB",0.737
"TIMP1","MMP3",0.999
"TIMP1","SERPINE1",0.84
"TIMP1","MMP8",0.835
"TIMP1","FGF2",0.77
"TIMP1","MMP14",0.999
"TIMP1","HPX",0.777
"TIMP1","MMP2",0.997
"TIMP1","MMP1",0.999
"TIMP1","IL1B",0.791
"TIMP1","THBS1",0.762
"TIMP1","NFKB1",0.704
"TIMP1","COL1A1",0.842
"TIMP1","IL13",0.702
"TIMP1","ICAM1",0.825
"TIMP1","CCL2",0.867
"TIMP1","TGFB1",0.882
"TIMP1","FN1",0.954
"TIMP1","EGF",0.728
"TIMP1","IL6",0.938
"TIMP1","IL4",0.72
"TIMP1","SPP1",0.781
"TIMP1","STAT3",0.772
"TIMP1","JUN",0.701
"TIMP1","CXCL10",0.744
"GLA","SI",0.972
"GLA","GAA",0.943
"ATP12A","ACE",0.771
"ATP12A","ALB",0.773
"ATP12A","ATP6V0C",0.847
"ATP12A","ATP1B1",0.957
"ATP12A","TCIRG1",0.927
"ATP12A","PPIG",0.701
"ATP12A","PPA2",0.926
"ATP12A","ATP6V0A1",0.892
"MLNR","NTS",0.724
"ACP5","SPP1",0.701
"OLFM4","NDUFA13",0.753
"OLFM4","MMP8",0.858
"OLFM4","LTF",0.812
"NTHL1","REV1",0.745
"NTHL1","NEIL3",0.961
"NTHL1","LIG1",0.701
"NTHL1","UMPS",0.723
"NTHL1","POLE",0.772
"NTHL1","FEN1",0.792
"NTHL1","MPG",0.806
"NTHL1","YBX1",0.897
"ZNF263","TRIM28",0.764
"MMP2","SNAI1",0.731
"MMP2","HPX",0.874
"MMP2","ERBB2",0.738
"MMP2","POSTN",0.787
"MMP2","COL5A1",0.796
"MMP2","THBS2",0.89
"MMP2","MMP14",0.997
"MMP2","FGF2",0.802
"MMP2","SERPINE1",0.755
"MMP2","LOX",0.73
"MMP2","CCND1",0.738
"MMP2","LUM",0.78
"MMP2","PTEN",0.745
"MMP2","CXCL8",0.814
"MMP2","IL10",0.761
"MMP2","ITGAV",0.835
"MMP2","PLAU",0.755
"MMP2","HSP90AB1",0.758
"MMP2","SMAD4",0.709
"MMP2","SPP1",0.843
"MMP2","STAT3",0.916
"MMP2","SRC",0.972
"MMP2","CDH1",0.791
"MMP2","IL6",0.847
"MMP2","TGFB1",0.962
"MMP2","FN1",0.756
"MMP2","HSP90AA1",0.831
"MMP2","SPARC",0.701
"MMP2","CDH2",0.834
"MMP2","COL4A2",0.783
"MMP2","CCL2",0.704
"MMP2","ICAM1",0.751
"MMP2","CASP3",0.713
"MMP2","COL1A1",0.828
"MMP2","TIMP4",0.963
"MMP2","COL3A1",0.799
"MMP2","IL1B",0.745
"MMP2","THBS1",0.985
"MMP2","MMP1",0.93
"ORC6","RPA1",0.821
"ORC6","MCM2",0.949
"ORC6","MCM6",0.961
"ORC6","ORC2",0.999
"ORC6","CDT1",0.997
"ORC6","GMNN",0.894
"ORC6","CCNB1",0.776
"ORC6","POLA2",0.794
"ORC6","MCM10",0.907
"ORC6","MCM4",0.987
"ORC6","DBF4",0.998
"ORC6","ORC1",0.999
"ORC6","CHEK1",0.732
"ORC6","MCM7",0.999
"ORC6","ORC3",0.999
"CORO1A","WAS",0.794
"CCL22","CCL1",0.827
"CCL22","CXCR5",0.866
"CCL22","CXCL11",0.735
"CCL22","PPBP",0.709
"CCL22","CCL2",0.914
"CCL22","CCRL2",0.835
"CCL22","CXCL10",0.959
"CCL22","STAT3",0.744
"CCL22","IL6",0.825
"CCL22","IL4",0.832
"CCL22","CXCL9",0.843
"CCL22","CCL11",0.866
"CCL22","CCR2",0.986
"CCL22","CXCL8",0.901
"CCL22","IL10",0.912
"CCL22","CCR5",0.972
"CCL22","IL1B",0.816
"CCL22","CXCR1",0.887
"CCL22","IL2",0.736
"CCL22","CD8A",0.768
"CCL22","CXCR3",0.941
"CCL22","CXCL13",0.778
"CCL22","IL13",0.835
"CCL22","CCL17",0.964
"CCL22","IL18",0.706
"CCL22","IL1A",0.771
"CCL22","CCR7",0.984
"CCL22","IFNG",0.765
"CCL22","CCR1",0.95
"CCL22","CCL5",0.926
"CCL22","CSF3",0.733
"DHODH","CAD",0.994
"DHODH","IMPDH2",0.72
"DHODH","UMPS",0.999
"DHODH","KISS1",0.855
"DHODH","NT5E",0.821
"DHODH","PPAT",0.711
"CCL17","CCR5",0.981
"CCL17","IL10",0.768
"CCL17","CXCL8",0.857
"CCL17","CCR2",0.946
"CCL17","CXCR1",0.874
"CCL17","IL2",0.741
"CCL17","CD8A",0.742
"CCL17","CXCL13",0.797
"CCL17","CXCR3",0.956
"CCL17","IL13",0.913
"CCL17","IFNG",0.764
"CCL17","CCR7",0.932
"CCL17","CCL5",0.999
"CCL17","CCR1",0.942
"CCL17","CCL1",0.907
"CCL17","CXCR5",0.873
"CCL17","CXCL11",0.758
"CCL17","PPBP",0.713
"CCL17","CCL2",0.75
"CCL17","CCRL2",0.901
"CCL17","CXCL10",0.883
"CCL17","CCL27",0.824
"CCL17","IL6",0.806
"CCL17","IL4",0.794
"CCL17","CXCL9",0.791
"POLR2C","POLR2B",0.999
"POLR2C","POLR1E",0.847
"POLR2C","MRPL33",0.905
"POLR2C","ERCC6",0.98
"POLR2C","POLR2L",0.999
"POLR2C","PCF11",0.807
"POLR2C","H4C6",0.964
"POLR2C","RPL4",0.842
"POLR2C","GTF2E2",0.987
"POLR2C","RSAD1",0.862
"POLR2C","SEC61A1",0.791
"POLR2C","MED21",0.995
"POLR2C","TCEA2",0.922
"POLR2C","H2AC8",0.927
"POLR2C","SUPT6H",0.991
"POLR2C","H4C2",0.892
"POLR2C","MARS1",0.8
"POLR2C","MED14",0.997
"POLR2C","SRSF1",0.717
"POLR2C","ATP5PO",0.759
"POLR2C","MED15",0.87
"POLR2C","MRPL17",0.939
"POLR2C","CTR9",0.983
"POLR2C","POLR2D",0.999
"POLR2C","RPS2",0.946
"POLR2C","GTF2H4",0.974
"POLR2C","RPL8",0.869
"POLR2C","GTF2F2",0.997
"POLR2C","MRPL12",0.938
"POLR2C","MED1",0.974
"POLR2C","H2AC13",0.861
"POLR2C","MRTO4",0.894
"POLR2C","MED25",0.828
"POLR2C","MRPS11",0.889
"POLR2C","MRPL2",0.873
"POLR2C","GTF2E1",0.986
"POLR2C","TAF7",0.928
"POLR2C","MRPL4",0.826
"POLR2C","PPP2R1A",0.835
"POLR2C","MED8",0.952
"POLR2C","MED9",0.944
"POLR2C","MED4",0.907
"POLR2C","ERCC3",0.98
"POLR2C","IMP3",0.937
"POLR2C","CDK7",0.943
"POLR2C","MRPL11",0.816
"POLR2C","CDC73",0.973
"POLR2C","TUFM",0.906
"POLR2C","MRPS12",0.917
"POLR2C","POLR2F",0.999
"POLR2C","ATP5F1C",0.872
"POLR2C","MRPL3",0.864
"POLR2C","MED23",0.847
"POLR2C","RPL10",0.779
"POLR2C","H3-3B",0.781
"POLR2C","SIL1",0.762
"POLR2C","RPL19",0.716
"POLR2C","RPS16",0.821
"POLR2C","RPL5",0.939
"POLR2C","INTS3",0.994
"POLR2C","INTS6",0.998
"POLR2C","MRPS16",0.977
"POLR2C","RPL23",0.943
"POLR2C","POLR2J",0.999
"POLR2C","PAF1",0.974
"POLR2C","RPS23",0.919
"POLR2C","MRPL20",0.935
"POLR2C","TAF11",0.924
"POLR2C","RPL13A",0.832
"POLR2C","RPL10L",0.759
"POLR2C","ATP5F1A",0.883
"POLR2C","ARL6IP1",0.735
"POLR2C","POLR2G",0.999
"POLR2C","RPS9",0.94
"POLR2C","GTF2H1",0.984
"POLR2C","HMGN4",0.797
"POLR2C","H2AZ1",0.94
"POLR2C","GTF2B",0.997
"POLR2C","H2AC17",0.861
"POLR2C","RPS14",0.881
"POLR2C","SSRP1",0.936
"POLR2C","POLR3B",0.94
"POLR2C","RPL12",0.814
"POLR2C","RPS3",0.983
"POLR2C","RPL3L",0.856
"POLR2C","MRPL24",0.861
"POLR2C","MRPL16",0.786
"POLR2C","MED28",0.935
"POLR2C","MED7",0.994
"POLR2C","EFL1",0.703
"POLR2C","EIF1AY",0.785
"POLR2C","POLR1D",0.997
"POLR2C","POLR1B",0.944
"POLR2C","MED17",0.996
"POLR2C","SUPT4H1",0.998
"POLR2C","ELL",0.727
"POLR2C","MED16",0.837
"POLR2C","PDCD11",0.936
"POLR2C","MED31",0.995
"POLR2C","TAF12",0.931
"POLR2C","TAF10",0.922
"POLR2C","POLR2I",0.999
"POLR2C","MRPL19",0.919
"POLR2C","MLLT1",0.813
"POLR2C","RPL3",0.866
"POLR2C","ERCC8",0.902
"POLR2C","MRPL9",0.947
"POLR2C","HSPBP1",0.769
"POLR2C","MRNIP",0.863
"POLR2C","RPS11",0.981
"POLR2C","NELFB",0.947
"POLR2C","MRPS15",0.877
"POLR2C","HMGN1",0.797
"POLR2C","TAF4",0.915
"POLR2C","SEC61A2",0.787
"POLR2C","MRPS14",0.866
"POLR2C","FANCE",0.783
"POLR2C","MRPS7",0.915
"POLR2C","POLR3K",0.831
"POLR2C","TBP",0.983
"POLR2C","EEF2",0.708
"POLR2C","MNAT1",0.977
"POLR2C","TSFM",0.826
"POLR2C","EIF1AX",0.79
"PARD6A","RAC2",0.934
"PARD6A","FZD7",0.716
"PARD6A","PTEN",0.909
"PARD6A","PRKCZ",0.999
"PARD6A","GSK3B",0.921
"MMP15","MMP14",0.703
"USB1","CDC5L",0.794
"NME3","PKLR",0.912
"NME3","NME1",0.989
"NME3","NME4",0.949
"NME3","RRM1",0.816
"NME3","DCTPP1",0.91
"NME3","PKM",0.913
"NME3","AK1",0.809
"NME3","GCH1",0.829
"NME3","DTYMK",0.952
"PSMD7","ECPAS",0.932
"PSMD7","VCP",0.775
"PSMD7","HTT",0.723
"PSMD7","RAD23B",0.76
"PSMD7","PSMB7",0.999
"PSMD7","FEN1",0.883
"PSMD7","PSMC2",0.999
"PSMD7","PSMA2",0.999
"PSMD7","COPS5",0.969
"PSMD7","UBA52",0.938
"PSMD7","PSMC5",0.999
"PSMD7","NEDD8",0.787
"PSMD7","UFD1",0.737
"PSMD7","EIF3E",0.722
"PSMD7","CSF3",0.707
"PSMD7","PSMA6",0.998
"SMPD3","PLPP2",0.913
"PLA2G15","LPCAT3",0.717
"PLA2G15","LPCAT1",0.757
"PLA2G15","LYPLA1",0.932
"PLA2G15","TMEM147",0.764
"PLA2G15","PLA2G6",0.856
"PLA2G15","PLAAT3",0.871
"PLA2G15","LPCAT4",0.786
"PLA2G15","LCAT",0.905
"CMC2","ICAM1",0.823
"PDIA2","HSPA5",0.87
"PDIA2","HSP90B1",0.835
"PDIA2","TXN",0.822
"ARHGDIG","PRKACA",0.914
"ARHGDIG","RAC2",0.719
"ARHGDIG","PRKACG",0.914
"ARHGDIG","RHOC",0.881
"ARHGDIG","RHOB",0.953
"TSC2","PDPK1",0.882
"TSC2","DDIT4",0.991
"TSC2","ATM",0.735
"TSC2","YWHAZ",0.952
"TSC2","YWHAQ",0.835
"TSC2","RPS6",0.908
"TSC2","RAP1A",0.79
"TSC2","YWHAE",0.792
"TSC2","TSC1",0.999
"TSC2","HSP90AB1",0.743
"TSC2","TP53",0.713
"TSC2","NPRL2",0.747
"TSC2","GSK3B",0.99
"TSC2","RAB5A",0.819
"TSC2","HSP90AA1",0.745
"TSC2","AXIN1",0.806
"TSC2","RRAGD",0.912
"TSC2","CCND1",0.779
"TSC2","MAPK3",0.96
"TSC2","PTEN",0.889
"TSC2","SGK1",0.794
"TSC2","MTOR",0.99
"TSC2","RASA1",0.928
"TSC2","RPS6KB1",0.952
"TSC2","FKBP1A",0.75
"TSC2","CDKN1B",0.84
"TSC2","TACC3",0.729
"TSC2","TBC1D17",0.759
"TSC2","STK11",0.857
"TSC2","RRAGA",0.934
"NME4","DCTPP1",0.912
"NME4","AK1",0.803
"NME4","PKM",0.915
"NME4","GCH1",0.829
"NME4","CMPK1",0.813
"NME4","DTYMK",0.975
"NME4","PKLR",0.912
"NME4","RRM1",0.824
"NME4","NME1",0.984
"STUB1","UBE2E1",0.785
"STUB1","ATXN1",0.816
"STUB1","CDK5",0.73
"STUB1","ERBB2",0.982
"STUB1","HSPBP1",0.962
"STUB1","MAP3K5",0.828
"STUB1","UBE2B",0.885
"STUB1","HSPA2",0.901
"STUB1","EGFR",0.93
"STUB1","IRF1",0.865
"STUB1","CCT7",0.711
"STUB1","UBE2D2",0.986
"STUB1","DNAJB1",0.979
"STUB1","PTEN",0.904
"STUB1","SMAD3",0.979
"STUB1","HSP90AA1",0.999
"STUB1","HTT",0.738
"STUB1","TP53",0.968
"STUB1","HSP90AB1",0.999
"STUB1","VCP",0.812
"STUB1","HSPA4",0.999
"STUB1","GSK3B",0.803
"STUB1","RUNX1",0.717
"STUB1","CDC37",0.8
"STUB1","NR3C1",0.856
"STUB1","DNAJA1",0.908
"STUB1","AR",0.931
"STUB1","CCT5",0.747
"STUB1","UBE2N",0.999
"STUB1","HSPB3",0.76
"MEFV","PYCARD",0.999
"MEFV","ZBP1",0.708
"MEFV","AIM2",0.999
"MEFV","IRF3",0.752
"MEFV","PKN2",0.956
"MEFV","TLR4",0.724
"MEFV","NOD2",0.749
"MEFV","IL1B",0.935
"MEFV","NLRP3",0.996
"MEFV","CASP5",0.939
"MEFV","YWHAE",0.932
"MEFV","IL18",0.928
"MEFV","IL1A",0.72
"MEFV","BECN1",0.889
"MEFV","IFI16",0.929
"MEFV","CASP8",0.709
"CRYM","ARG2",0.793
"CRYM","ARG1",0.786
"AQP8","AQP9",0.726
"TOX3","BRCA1",0.765
"TOX3","LSP1",0.892
"TOX3","BRCA2",0.797
"MAZ","BPTF",0.766
"MAZ","JUN",0.702
"CDIPT","PLCB2",0.901
"CDIPT","PLCG1",0.905
"CDIPT","PIK3R3",0.903
"CDIPT","PTEN",0.928
"CDIPT","PLCB1",0.909
"CDIPT","PIK3C3",0.988
"CDIPT","PIK3R2",0.909
"CDIPT","PIKFYVE",0.943
"SLC6A2","STX1A",0.921
"MGA","RUVBL1",0.9
"MGA","TAF4",0.902
"MGA","YAF2",0.908
"MGA","CBX3",0.855
"MGA","PRPF31",0.9
"MGA","TAF7",0.902
"MGA","RBBP5",0.905
"AQP9","GK",0.875
"CSK","CRK",0.838
"CSK","FYN",0.885
"CSK","EGFR",0.929
"CSK","DOK2",0.752
"CSK","TRAF3",0.704
"CSK","GRB2",0.791
"CSK","CAV1",0.931
"CSK","PXN",0.992
"CSK","EGF",0.707
"CSK","SRC",0.998
"CSK","CBL",0.839
"CSK","STAT3",0.724
"CSK","JUN",0.731
"CSK","ARRB1",0.788
"CSK","GJA1",0.734
"CTSH","BID",0.907
"CTSH","CSTA",0.964
"CTSH","CTSD",0.846
"GABPB1","TUBA1B",0.822
"GABPB1","YAF2",0.895
"GABPB1","TUBB2B",0.911
"GABPB1","YY1",0.868
"GABPB1","TDRD7",0.831
"DNAJC17","CDC5L",0.986
"OIP5","PKM",0.775
"OIP5","BUB1B",0.837
"OIP5","NCAPG",0.783
"OIP5","MAD2L1",0.854
"OIP5","PRAME",0.811
"OIP5","CENPS",0.71
"OIP5","MIS18A",0.999
"OIP5","CDCA8",0.856
"OIP5","CENPU",0.815
"OIP5","RACGAP1",0.826
"OIP5","MCM10",0.717
"OIP5","CCNB1",0.888
"OIP5","EXOSC8",0.825
"OIP5","CHEK1",0.743
"OIP5","NDC80",0.712
"OIP5","KIF2C",0.866
"EXTL3","B3GAT3",0.774
"TG","FTH1",0.707
"TG","HSP90B1",0.716
"TG","ALB",0.912
"BRF2","POLR3K",0.816
"BRF2","TBP",0.999
"BRF2","POLR3B",0.91
"BRF2","GTF2B",0.787
"BRF2","POLR1D",0.798
"BRF2","POLR2F",0.75
"BRF2","POLR2L",0.782
"BRF2","SNAPC2",0.702
"ZFAND1","VCP",0.946
"RIPK2","CHUK",0.943
"RIPK2","IL1B",0.735
"RIPK2","NLRP3",0.861
"RIPK2","TRAF3",0.995
"RIPK2","NFKB1",0.767
"RIPK2","MAPK14",0.802
"RIPK2","TRAF2",0.988
"RIPK2","CARD9",0.971
"RIPK2","UBE2N",0.734
"RIPK2","XIAP",0.999
"RIPK2","RIPK1",0.711
"RIPK2","TLR2",0.799
"RIPK2","NOD1",0.999
"RIPK2","HSP90AA1",0.938
"RIPK2","HSP90AB1",0.928
"RIPK2","MAP3K7",0.882
"RIPK2","BIRC3",0.988
"RIPK2","CFLAR",0.799
"RIPK2","TLR4",0.756
"RIPK2","HSP90B1",0.917
"RIPK2","NOD2",0.999
"DECR1","PTTG1",0.835
"DECR1","HADHB",0.736
"SFRP1","WNT6",0.918
"SFRP1","WNT4",0.946
"SFRP1","DKK4",0.771
"SFRP1","FZD7",0.769
"SFRP1","WNT3",0.921
"SFRP1","WNT16",0.906
"PLAT","SERPINF2",0.948
"PLAT","IL6",0.737
"PLAT","EGF",0.762
"PLAT","FN1",0.867
"PLAT","MMP3",0.837
"PLAT","VWF",0.934
"PLAT","HRG",0.703
"PLAT","PLAU",0.837
"PLAT","VTN",0.881
"PLAT","CRP",0.723
"PLAT","SERPINF1",0.818
"PLAT","SERPINB2",0.989
"PLAT","SERPINE1",0.999
"DKK4","WNT6",0.949
"DKK4","WNT4",0.8
"DKK4","WNT3",0.798
"DKK4","WNT16",0.781
"GDAP1","FIS1",0.885
"EIF3E","EIF2S2",0.986
"EIF3E","ABCE1",0.956
"EIF3E","NPM1",0.702
"EIF3E","RPS11",0.978
"EIF3E","EIF3J",0.999
"EIF3E","EIF3I",0.999
"EIF3E","EIF2S1",0.994
"EIF3E","EIF1AX",0.985
"EIF3E","EIF4G1",0.994
"EIF3E","RPS9",0.961
"EIF3E","RPL13A",0.764
"EIF3E","RPS23",0.982
"EIF3E","IFIT1",0.983
"EIF3E","RPS14",0.964
"EIF3E","EIF3G",0.999
"EIF3E","RPS3",0.994
"EIF3E","EIF3K",0.999
"EIF3E","EIF1AY",0.923
"EIF3E","NCBP1",0.746
"EIF3E","EIF3A",0.999
"EIF3E","MRPS12",0.787
"EIF3E","RPS27L",0.801
"EIF3E","RPS21",0.966
"EIF3E","RPL5",0.717
"EIF3E","RPL19",0.758
"EIF3E","RPS16",0.986
"EIF3E","EIF4A2",0.886
"EIF3E","RPS19",0.99
"EIF3E","RPS4X",0.971
"EIF3E","RPL4",0.841
"EIF3E","RPL30",0.835
"EIF3E","ATM",0.768
"EIF3E","EIF4A1",0.986
"EIF3E","RPS2",0.987
"EIF3E","COPS5",0.93
"EIF3E","EIF1B",0.882
"EIF3E","RPS6",0.983
"EIF3E","EIF3B",0.999
"PYCR3","P4HA1",0.911
"PYCR3","OAT",0.786
"PYCR3","P4HA2",0.918
"DCTN6","DCTN1",0.999
"DCTN6","CAPZA1",0.974
"DCTN6","DYNC1LI1",0.842
"DCTN6","CAPZA2",0.946
"GSR","GLRX",0.98
"GSR","PDHB",0.842
"GSR","TXN",0.916
"GSR","CYCS",0.721
"GSR","KEAP1",0.712
"GSR","BCKDHB",0.831
"GSR","GSTM5",0.921
"GSR","PRDX1",0.703
"GSR","CS",0.836
"GSR","DLST",0.778
"GSR","PGD",0.804
"PPP2CB","INTS6",0.994
"PPP2CB","PPP1R1A",0.9
"PPP2CB","INTS3",0.994
"PPP2CB","MAP2K2",0.921
"PPP2CB","PLK1",0.784
"PPP2CB","ARRB1",0.817
"PPP2CB","RYR2",0.9
"PPP2CB","PPP2R1A",0.999
"PPP2CB","PPP2R2B",0.997
"PPP2CB","PPP2R5E",0.99
"PPP2CB","TP53",0.714
"PPP2CB","CCT5",0.994
"PPP2CB","PPP4C",0.885
"PPP2CB","PPP2R2A",0.999
"PPP2CB","CHEK1",0.764
"PPP2CB","CCT6A",0.994
"PPP2CB","CDC16",0.767
"PPP2CB","NFKB1",0.918
"PPP2CB","IRAK1",0.912
"PPP2CB","PPP2R5A",0.992
"PPP2CB","STRN3",0.996
"PPP2CB","TGFBR2",0.926
"PPP2CB","PPP3R1",0.918
"PPP2CB","CCT8",0.995
"PPP2CB","PPP2R1B",0.999
"PPP2CB","CCT2",0.994
"PPP2CB","CCT4",0.994
"PPP2CB","MAP2K1",0.928
"PPP2CB","CCT7",0.994
"PPP2CB","RPS6KB1",0.92
"PPP2CB","MOB4",0.997
"PPP2CB","PPM1B",0.794
"PPP2CB","CCT3",0.994
"PPP2CB","MAPK3",0.925
"PPP2CB","FYN",0.726
"PPP2CB","PRKCZ",0.911
"NEFM","MAPK14",0.908
"NEFM","NES",0.853
"NEFM","MAPK11",0.906
"EXOSC5","C1D",0.999
"EXOSC5","IMP4",0.868
"EXOSC5","WDR3",0.851
"EXOSC5","UTP18",0.842
"EXOSC5","FCF1",0.791
"EXOSC5","NOL6",0.878
"EXOSC5","MPHOSPH10",0.721
"EXOSC5","ZC3HAV1",0.868
"EXOSC5","EXOSC10",0.999
"EXOSC5","UTP11",0.863
"EXOSC5","UTP20",0.818
"EXOSC5","PDCD11",0.746
"EXOSC5","HBS1L",0.988
"EXOSC5","RRP9",0.848
"EXOSC5","UTP3",0.799
"EXOSC5","RPS9",0.717
"EXOSC5","RCL1",0.88
"EXOSC5","RRP7A",0.742
"EXOSC5","SNU13",0.795
"EXOSC5","KRR1",0.798
"EXOSC5","BYSL",0.828
"EXOSC5","EXOSC7",0.999
"EXOSC5","EXOSC4",0.999
"EXOSC5","UTP14A",0.813
"EXOSC5","ZFC3H1",0.963
"EXOSC5","NOC4L",0.807
"EXOSC5","IMP3",0.904
"EXOSC5","FBL",0.789
"EXOSC5","HEATR1",0.82
"EXOSC5","UTP6",0.771
"EXOSC5","PNO1",0.815
"EXOSC5","EXOSC8",0.999
"EXOSC5","MTREX",0.999
"EXOSC5","RBM7",0.885
"PAF1","CDC73",0.999
"PAF1","EAF2",0.908
"PAF1","POLR2J",0.876
"PAF1","CCNT1",0.944
"PAF1","POLR2F",0.939
"PAF1","SUPT6H",0.978
"PAF1","H4C2",0.85
"PAF1","H2AC8",0.836
"PAF1","TCEA2",0.939
"PAF1","H4C6",0.93
"PAF1","ELL2",0.9
"PAF1","POLR2L",0.953
"PAF1","POLR2B",0.96
"PAF1","ERCC6",0.981
"PAF1","H2AC13",0.836
"PAF1","ICE2",0.9
"PAF1","CTR9",0.999
"PAF1","POLR2D",0.912
"PAF1","ERCC8",0.801
"PAF1","MLLT1",0.953
"PAF1","POLR2I",0.906
"PAF1","NELFB",0.904
"PAF1","H2AC17",0.837
"PAF1","PEX2",0.9
"PAF1","SSRP1",0.985
"PAF1","POLR2G",0.942
"PAF1","ELL",0.906
"PAF1","AFF4",0.901
"PAF1","SUPT4H1",0.994
"CYP4F3","PPIG",0.731
"CYP4F3","CYP4F2",0.977
"TULP2","CDC73",0.765
"ECH1","ACAA2",0.744
"HNRNPL","RBM39",0.75
"HNRNPL","MBNL1",0.896
"HNRNPL","SNRPD1",0.739
"HNRNPL","SYNCRIP",0.933
"HNRNPL","DHX9",0.901
"HNRNPL","ILF2",0.836
"HNRNPL","PCBP2",0.951
"HNRNPL","SSB",0.725
"HNRNPL","ILF3",0.995
"HNRNPL","SRSF1",0.945
"HNRNPL","MATR3",0.757
"HNRNPL","UBE2I",0.804
"HNRNPL","HNRNPA1",0.993
"HNRNPL","SNRPF",0.725
"HNRNPL","SRSF2",0.751
"HNRNPL","YBX1",0.872
"HNRNPL","SNRNP70",0.842
"HNRNPL","HDAC1",0.775
"HNRNPL","TARDBP",0.837
"HNRNPL","MED23",0.722
"RELB","BIRC3",0.717
"RELB","ANK2",0.748
"RELB","CD40",0.934
"RELB","NFKBIE",0.996
"RELB","EZH2",0.801
"RELB","STAT1",0.726
"RELB","DAXX",0.756
"RELB","TNFRSF8",0.745
"RELB","CHUK",0.995
"RELB","TRAF3",0.714
"RELB","NFKB1",0.999
"CLASRP","IQGAP1",0.73
"CLASRP","KIF2C",0.708
"CKM","CALM3",0.832
"SLC17A7","STX1A",0.716
"SLC17A7","SH3GL2",0.83
"SLC17A7","VAMP2",0.938
"RNASEH2A","ORC1",0.714
"RNASEH2A","POLE",0.861
"RNASEH2A","RFC4",0.728
"RNASEH2A","MCM6",0.743
"RNASEH2A","MCM2",0.732
"RNASEH2A","CDT1",0.776
"RNASEH2A","PCNA",0.943
"RNASEH2A","FEN1",0.902
"RNASEH2A","PALB2",0.816
"RNASEH2A","RFC3",0.748
"RNASEH2A","MCM7",0.863
"RNASEH2A","EXO1",0.826
"RNASEH2A","ADAR",0.754
"SF3A2","AMH",0.863
"SF3A2","SF3B3",0.999
"SF3A2","PRPF31",0.999
"SF3A2","SNIP1",0.995
"SF3A2","LSM3",0.991
"SF3A2","SNRPF",0.998
"SF3A2","RBM42",0.85
"SF3A2","PPIH",0.851
"SF3A2","LUC7L",0.747
"SF3A2","SRSF2",0.738
"SF3A2","SNRNP27",0.845
"SF3A2","WBP11",0.927
"SF3A2","SNRNP70",0.986
"SF3A2","SRRM2",0.998
"SF3A2","SF3B2",0.999
"SF3A2","DHX15",0.969
"SF3A2","TCERG1",0.941
"SF3A2","PRPF6",0.999
"SF3A2","CDC5L",0.998
"SF3A2","SRRM1",0.933
"SF3A2","SNRPB2",0.999
"SF3A2","PRP4K",0.832
"SF3A2","SRSF1",0.98
"SF3A2","DHX38",0.751
"SF3A2","HNRNPA1",0.78
"SF3A2","USP39",0.915
"SF3A2","DHX9",0.704
"SF3A2","MFAP1",0.991
"SF3A2","RBM25",0.846
"SF3A2","LSM7",0.991
"SF3A2","HMG20B",0.719
"SF3A2","LSM6",0.992
"SF3A2","PRPF39",0.829
"SF3A2","NCBP2",0.987
"SF3A2","SRSF4",0.746
"SF3A2","LSM8",0.993
"SF3A2","RBM39",0.751
"SF3A2","DDX23",0.962
"SF3A2","SNU13",0.991
"SF3A2","MAGOHB",0.908
"SF3A2","SF3B1",0.999
"SF3A2","DDX17",0.712
"SF3A2","TXNL4A",0.989
"SF3A2","RBMX2",0.996
"SF3A2","SF1",0.996
"SF3A2","NCBP1",0.93
"SF3A2","SF3B4",0.999
"SF3A2","SNRPD1",0.999
"AMH","PRL",0.717
"AMH","CYP11A1",0.78
"AMH","SOX9",0.92
"RETN","IL1B",0.717
"RETN","CXCL8",0.74
"RETN","RBP4",0.763
"RETN","MPO",0.757
"RETN","MMP8",0.747
"RETN","SERPINE1",0.774
"RETN","CCL2",0.712
"RETN","PPARG",0.858
"RETN","CRP",0.771
"RETN","IL6",0.809
"RETN","TLR4",0.993
"RSPH6A","RANBP2",0.806
"TBC1D17","FIS1",0.996
"TBC1D17","RAB7A",0.932
"TBC1D17","GABARAP",0.958
"TBC1D17","RAB8A",0.776
"TBC1D17","TBC1D15",0.993
"TLE5","RUNX1",0.714
"SGTA","HSP90AB1",0.867
"SGTA","HSPA4",0.988
"SGTA","HSP90AA1",0.943
"SGTA","UBL4A",0.999
"SGTA","STX5",0.763
"SGTA","SEC61B",0.815
"SGTA","DNAJB14",0.825
"SGTA","BAG6",0.993
"SNAPC2","TBP",0.922
"CYP4F2","PPIG",0.845
"FBL","DNTTIP2",0.984
"FBL","CCT7",0.738
"FBL","PDCD11",0.989
"FBL","POLR1B",0.849
"FBL","RPL27",0.912
"FBL","CEBPZ",0.772
"FBL","UTP11",0.992
"FBL","RPL3L",0.835
"FBL","RPS3",0.812
"FBL","UTP20",0.995
"FBL","RCL1",0.986
"FBL","RRP7A",0.993
"FBL","FTSJ3",0.928
"FBL","IFI35",0.796
"FBL","GTPBP4",0.799
"FBL","RPL12",0.724
"FBL","GRWD1",0.763
"FBL","WDR12",0.85
"FBL","RPS14",0.988
"FBL","SNU13",0.999
"FBL","ALB",0.728
"FBL","EPRS1",0.868
"FBL","BRIX1",0.84
"FBL","RPL13A",0.934
"FBL","RRP9",0.999
"FBL","UTP3",0.997
"FBL","RPS23",0.99
"FBL","RPS9",0.99
"FBL","UTP18",0.994
"FBL","WDR3",0.995
"FBL","FCF1",0.987
"FBL","NOL7",0.875
"FBL","IMP4",0.993
"FBL","C1D",0.727
"FBL","NAT10",0.993
"FBL","NOC2L",0.881
"FBL","ILF2",0.746
"FBL","EXOSC10",0.987
"FBL","NPM1",0.921
"FBL","RPS11",0.99
"FBL","RUVBL1",0.868
"FBL","GNL3",0.883
"FBL","NOL10",0.988
"FBL","NHP2",0.998
"FBL","MPHOSPH10",0.998
"FBL","NOL6",0.998
"FBL","RPL3",0.974
"FBL","EIF6",0.811
"FBL","HEATR1",0.996
"FBL","RPS6",0.994
"FBL","RPS2",0.878
"FBL","EXOSC8",0.747
"FBL","DDX5",0.835
"FBL","EBNA1BP2",0.935
"FBL","MTREX",0.856
"FBL","NIP7",0.893
"FBL","PA2G4",0.738
"FBL","POLR1E",0.71
"FBL","NOP53",0.703
"FBL","UTP6",0.991
"FBL","RPS4X",0.949
"FBL","PNO1",0.968
"FBL","RPL4",0.849
"FBL","H4C6",0.8
"FBL","RPS19",0.986
"FBL","GAR1",0.994
"FBL","EXOSC4",0.753
"FBL","DHX15",0.939
"FBL","C1QBP",0.773
"FBL","NGDN",0.988
"FBL","KRR1",0.994
"FBL","RPL5",0.849
"FBL","RPS16",0.99
"FBL","BYSL",0.995
"FBL","EXOSC7",0.756
"FBL","DDX18",0.854
"FBL","IMP3",0.988
"FBL","RRS1",0.836
"FBL","RPS27L",0.742
"FBL","MRPS12",0.769
"FBL","NOL11",0.966
"FBL","UTP14A",0.985
"FBL","MRTO4",0.898
"FBL","NOC4L",0.992
"CLC","RNASE2",0.758
"EBI3","STAT1",0.792
"TBCB","TUBB2B",0.722
"TBCB","TUBA1B",0.786
"TBCB","TUBA4A",0.808
"POLR2I","GTF2B",0.997
"POLR2I","H2AZ1",0.93
"POLR2I","H2AC17",0.873
"POLR2I","SSRP1",0.898
"POLR2I","POLR3B",0.729
"POLR2I","TAF11",0.909
"POLR2I","POLR2G",0.999
"POLR2I","GTF2H1",0.967
"POLR2I","POLR1D",0.88
"POLR2I","MED16",0.823
"POLR2I","MED31",0.992
"POLR2I","POLR1B",0.899
"POLR2I","MED17",0.98
"POLR2I","SUPT4H1",0.998
"POLR2I","MED7",0.99
"POLR2I","MED28",0.842
"POLR2I","TAF10",0.928
"POLR2I","TAF12",0.921
"POLR2I","MLLT1",0.702
"POLR2I","ERCC8",0.919
"POLR2I","MNAT1",0.968
"POLR2I","TBP",0.977
"POLR2I","TAF4",0.914
"POLR2I","NELFB",0.948
"POLR2I","POLR3K",0.846
"POLR2I","MED21",0.992
"POLR2I","TCEA2",0.965
"POLR2I","SUPT6H",0.93
"POLR2I","H4C2",0.879
"POLR2I","H2AC8",0.928
"POLR2I","POLR2L",0.999
"POLR2I","PCF11",0.841
"POLR2I","POLR2B",0.999
"POLR2I","POLR1E",0.756
"POLR2I","ERCC6",0.995
"POLR2I","GTF2E2",0.974
"POLR2I","H4C6",0.956
"POLR2I","GTF2F2",0.998
"POLR2I","MED1",0.857
"POLR2I","H2AC13",0.869
"POLR2I","MED14",0.991
"POLR2I","POLR2D",0.999
"POLR2I","CTR9",0.917
"POLR2I","GTF2H4",0.966
"POLR2I","MED15",0.85
"POLR2I","ERCC3",0.972
"POLR2I","CDK7",0.913
"POLR2I","CDC73",0.934
"POLR2I","TAF7",0.903
"POLR2I","GTF2E1",0.989
"POLR2I","MED25",0.821
"POLR2I","MED8",0.867
"POLR2I","MED9",0.865
"POLR2I","MED4",0.891
"POLR2I","PPP2R1A",0.808
"POLR2I","EAF2",0.75
"POLR2I","INTS6",0.808
"POLR2I","POLR2J",0.999
"POLR2I","POLR2F",0.999
"POLR2I","MED23",0.825
"POLR2I","H3-3B",0.714
"APLP1","PSEN1",0.716
"APLP1","BACE1",0.817
"CCDC9","MAGOHB",0.72
"CCDC9","UPF3B",0.902
"TGFB1","SRC",0.787
"TGFB1","BAMBI",0.831
"TGFB1","STAT3",0.87
"TGFB1","SPP1",0.716
"TGFB1","ITGB8",0.983
"TGFB1","JUN",0.722
"TGFB1","SMAD4",0.959
"TGFB1","EP300",0.793
"TGFB1","TP53",0.809
"TGFB1","ZEB1",0.709
"TGFB1","EGF",0.904
"TGFB1","IL4",0.852
"TGFB1","CDH1",0.841
"TGFB1","IL6",0.96
"TGFB1","FN1",0.969
"TGFB1","PDGFRB",0.825
"TGFB1","CXCL11",0.947
"TGFB1","SMAD3",0.99
"TGFB1","CCL2",0.851
"TGFB1","CDH2",0.738
"TGFB1","SPARC",0.722
"TGFB1","SMAD2",0.983
"TGFB1","ICAM1",0.73
"TGFB1","IL2",0.763
"TGFB1","IL13",0.816
"TGFB1","ITGB5",0.791
"TGFB1","IL1A",0.764
"TGFB1","NFKB1",0.711
"TGFB1","COL1A1",0.802
"TGFB1","CASP3",0.706
"TGFB1","CD68",0.787
"TGFB1","SDC2",0.899
"TGFB1","COL3A1",0.748
"TGFB1","MMP1",0.812
"TGFB1","LTBP3",0.996
"TGFB1","THBS1",0.985
"TGFB1","REN",0.799
"TGFB1","IL1B",0.932
"TGFB1","TLR4",0.721
"TGFB1","LAMC1",0.745
"TGFB1","PDGFRA",0.774
"TGFB1","SNAI1",0.793
"TGFB1","POSTN",0.791
"TGFB1","KIT",0.702
"TGFB1","STAT6",0.862
"TGFB1","FASLG",0.724
"TGFB1","TGFBR2",0.999
"TGFB1","CLU",0.745
"TGFB1","PPARG",0.922
"TGFB1","SERPINE1",0.798
"TGFB1","FGF2",0.982
"TGFB1","SMURF2",0.828
"TGFB1","ITGB6",0.986
"TGFB1","CD8A",0.796
"TGFB1","MMP3",0.787
"TGFB1","ALB",0.784
"TGFB1","APP",0.895
"TGFB1","ACTA2",0.705
"TGFB1","IFNG",0.888
"TGFB1","CD34",0.787
"TGFB1","MAPK3",0.721
"TGFB1","LUM",0.752
"TGFB1","FSTL1",0.757
"TGFB1","ITGAV",0.994
"TGFB1","EGFR",0.975
"TGFB1","CXCL8",0.775
"TGFB1","IL10",0.932
"TGFB1","SMAD7",0.989
"TGFB1","FKBP1A",0.873
"TGFB1","VTN",0.787
"PLIN3","RHOBTB3",0.977
"PLIN3","RAB5A",0.801
"CD79A","CXCL9",0.988
"CD79A","ZAP70",0.714
"CD79A","CD27",0.877
"CD79A","BACE1",0.727
"CD79A","PAX5",0.946
"CD79A","CD7",0.754
"CD79A","PIK3CD",0.807
"CD79A","SYK",0.996
"CD79A","THY1",0.741
"CD79A","TNFRSF8",0.818
"CD79A","CD3D",0.727
"CD79A","GRB2",0.737
"CD79A","JCHAIN",0.921
"CD79A","CD19",0.998
"CD79A","CD34",0.769
"CD79A","CD38",0.825
"CD79A","FYN",0.932
"LIM2","BFSP2",0.72
"LIM2","ATP6V0C",0.975
"LIM2","ATP6V0D1",0.975
"LIM2","ATP5F1A",0.854
"LIM2","ATP5MC3",0.89
"LIM2","GJA3",0.794
"LIM2","BFSP1",0.748
"LIM2","CRYAA",0.864
"LIM2","ATP6V0A1",0.94
"LIM2","ATP6V1E1",0.975
"LIM2","ATP5F1C",0.835
"LIM2","TCIRG1",0.886
"LIM2","ATP6V1B2",0.975
"NKG7","GZMK",0.933
"NKG7","CD3D",0.834
"NKG7","CCL5",0.89
"NKG7","GZMA",0.937
"NKG7","CD8A",0.904
"NKG7","KLRB1",0.73
"CEACAM5","CRP",0.769
"CEACAM5","KRAS",0.717
"CEACAM5","ERBB2",0.768
"CEACAM5","KRT7",0.883
"CEACAM5","EGFR",0.72
"CEACAM5","KRT19",0.877
"CEACAM5","ALB",0.728
"CEACAM5","EPCAM",0.757
"CRX","RHO",0.937
"CRX","ROM1",0.738
"CRX","PRPF31",0.727
"SULT2A1","CYP1A1",0.944
"SULT2A1","CYP11A1",0.814
"CDC37","STK11",0.898
"CDC37","CCT8",0.929
"CDC37","RUVBL1",0.736
"CDC37","SDF2",0.742
"CDC37","HSP90B1",0.973
"CDC37","ERBB2",0.891
"CDC37","CCT2",0.932
"CDC37","CCT7",0.931
"CDC37","ARAF",0.752
"CDC37","DNAJB1",0.952
"CDC37","CCT4",0.937
"CDC37","PPID",0.895
"CDC37","EGFR",0.917
"CDC37","DDX17",0.752
"CDC37","CCT3",0.924
"CDC37","HSP90AA1",0.999
"CDC37","CDK7",0.767
"CDC37","HSP90AB1",0.999
"CDC37","HSPA4",0.995
"CDC37","SRC",0.899
"CDC37","TSC1",0.958
"CDC37","CCT5",0.928
"CDC37","CHUK",0.979
"CDC37","PSMG2",0.9
"CDC37","CCT6A",0.931
"CDC37","CDK4",0.999
"CDC37","HCK",0.726
"CDC37","CDK6",0.964
"RABAC1","VAMP2",0.822
"EPOR","IFNA1",0.72
"EPOR","EGF",0.734
"EPOR","PRL",0.806
"EPOR","IL4",0.717
"EPOR","IL6",0.787
"EPOR","KIT",0.799
"EPOR","STAT3",0.7
"EPOR","IL3",0.91
"EPOR","SOCS3",0.906
"EPOR","IFNG",0.738
"EPOR","CSF3",0.862
"EPOR","GRB2",0.978
"EPOR","IL2",0.846
"EPOR","CRKL",0.841
"EPOR","STAT5B",0.972
"EPOR","STAT5A",0.989
"EPOR","JAK2",0.999
"EPOR","IL10",0.726
"RASIP1","RRAS2",0.74
"PIK3R2","PLCG1",0.926
"PIK3R2","MRAS",0.903
"PIK3R2","PIK3R3",0.999
"PIK3R2","NTRK1",0.93
"PIK3R2","PIP5K1B",0.913
"PIK3R2","TGFBR2",0.789
"PIK3R2","RAC2",0.921
"PIK3R2","PIP4K2C",0.924
"PIK3R2","KRAS",0.946
"PIK3R2","KIT",0.968
"PIK3R2","RET",0.782
"PIK3R2","TLR4",0.912
"PIK3R2","PDGFRA",0.938
"PIK3R2","ERBB2",0.985
"PIK3R2","IFNGR1",0.905
"PIK3R2","IRS1",0.99
"PIK3R2","INSR",0.811
"PIK3R2","EGFR",0.993
"PIK3R2","MTOR",0.944
"PIK3R2","CD19",0.944
"PIK3R2","RRAS",0.914
"PIK3R2","ITGA2",0.907
"PIK3R2","CRK",0.923
"PIK3R2","PTEN",0.985
"PIK3R2","PRKCZ",0.914
"PIK3R2","PIP5K1A",0.925
"PIK3R2","RRAS2",0.734
"PIK3R2","PIK3C3",0.933
"PIK3R2","FYN",0.955
"PIK3R2","CRKL",0.883
"PIK3R2","PIP4K2A",0.923
"PIK3R2","NRAS",0.933
"PIK3R2","PGR",0.912
"PIK3R2","CBLB",0.937
"PIK3R2","PDGFRB",0.971
"PIK3R2","PTK2",0.934
"PIK3R2","ZAP70",0.952
"PIK3R2","FCER1G",0.905
"PIK3R2","CBL",0.954
"PIK3R2","SRC",0.959
"PIK3R2","STAT3",0.724
"PIK3R2","PIK3CD",0.999
"PIK3R2","PIK3CA",0.999
"PIK3R2","ERBB3",0.99
"PIK3R2","JAK2",0.923
"PIK3R2","PIKFYVE",0.914
"PIK3R2","SYK",0.964
"PIK3R2","RAP1A",0.912
"PIK3R2","TRAF2",0.905
"PIK3R2","GRB2",0.789
"PIK3R2","HCK",0.751
"PIK3R2","PDPK1",0.945
"RAB3A","OTOF",0.809
"RAB3A","VAMP2",0.978
"RAB3A","STX1A",0.819
"COMP","FN1",0.958
"COMP","ITGA2B",0.902
"COMP","ITGA5",0.71
"COMP","ITGA3",0.912
"COMP","ITGAV",0.911
"COMP","ITGA2",0.72
"TMEM147","RPL36AL",0.819
"TMEM147","RPL14",0.818
"TMEM147","RPL37",0.815
"TMEM147","RPL3",0.824
"TMEM147","SEC61B",0.86
"TMEM147","SEC61G",0.838
"TMEM147","RPL22",0.851
"TMEM147","RPL27",0.824
"TMEM147","RPL38",0.848
"TMEM147","RPL13A",0.83
"TMEM147","RPL10",0.832
"TMEM147","CCDC47",0.925
"TMEM147","RPL19",0.828
"TMEM147","RPL5",0.819
"TMEM147","RPL15",0.832
"TMEM147","TMCO1",0.925
"TMEM147","RPL23",0.828
"TMEM147","RPL13",0.821
"TMEM147","RPL24",0.824
"TMEM147","RPL37A",0.845
"TMEM147","RPL8",0.848
"TMEM147","RPL4",0.833
"TMEM147","SEC61A1",0.891
"TMEM147","RPL30",0.824
"GAPDHS","CCT8",0.735
"GAPDHS","TPI1",0.999
"USF2","SP1",0.88
"USF2","EP300",0.89
"USF2","BRCA1",0.78
"USF2","MED1",0.801
"ERF","MAPK3",0.876
"GSK3A","GSK3B",0.98
"GSK3A","AXIN1",0.999
"GSK3A","TLR3",0.768
"GSK3A","PRKACA",0.757
"GSK3A","MAP3K7",0.769
"GSK3A","APP",0.927
"PON1","PLA2G7",0.917
"PON1","APOC3",0.933
"PON1","LCAT",0.965
"PON1","APOB",0.952
"PON1","APOE",0.977
"PON1","MPO",0.774
"PON1","CLU",0.996
"PON1","APOA1",0.998
"PON1","APOA2",0.967
"PON1","APP",0.782
"PON1","ALB",0.862
"PON1","APOL1",0.912
"ABCF2","MRPS16",0.787
"ABCF2","RPL23",0.793
"ABCF2","RPL5",0.79
"ABCF2","MRPL4",0.703
"ABCF2","MRPL17",0.771
"ABCF2","MRPL33",0.792
"ABCF2","RPS11",0.769
"ABCF2","EIF5B",0.716
"ABCF2","MRPL19",0.77
"ABCF2","ABCE1",0.921
"ABCF2","RPS3",0.793
"ABCF2","MRPL20",0.816
"HGF","EPS15",0.715
"HGF","EGFR",0.98
"HGF","INSR",0.719
"HGF","CXCL8",0.702
"HGF","IL10",0.813
"HGF","IFNG",0.716
"HGF","ALB",0.782
"HGF","FGF2",0.955
"HGF","SERPINE1",0.832
"HGF","NTRK1",0.997
"HGF","KIT",0.925
"HGF","KRAS",0.852
"HGF","PDGFRA",0.841
"HGF","ERBB2",0.918
"HGF","MMP1",0.708
"HGF","ERBB3",0.952
"HGF","IL1A",0.74
"HGF","GRB2",0.838
"HGF","FN1",0.967
"HGF","PDGFRB",0.855
"HGF","IL6",0.86
"HGF","EGF",0.844
"HGF","SRC",0.867
"HGF","STAT3",0.829
"LAMB1","ITGA5",0.788
"LAMB1","ITGA9",0.758
"LAMB1","ITGB5",0.866
"LAMB1","COL1A1",0.734
"LAMB1","ITGA3",0.803
"LAMB1","COL4A2",0.738
"LAMB1","ITGB8",0.786
"LAMB1","PTK2",0.705
"LAMB1","ITGAV",0.787
"LAMB1","ITGB6",0.749
"LAMB1","COL6A2",0.842
"LAMB1","LAMA5",0.998
"LAMB1","ITGA2",0.784
"LAMB1","COL5A2",0.754
"LAMB1","COL6A3",0.76
"LAMB1","LAMA4",0.992
"LAMB1","COL6A1",0.843
"LAMB1","LAMC1",0.999
"UBE2D4","UBA7",0.793
"UBE2D4","CUL1",0.856
"UBE2D4","UBA52",0.839
"UBE2D4","UBE2D2",0.903
"UBE2D4","SKP1",0.846
"WNT16","FZD7",0.816
"WNT16","WNT4",0.71
"CPA2","CPA3",0.918
"CPA4","MEST",0.724
"BET1","BNIP1",0.898
"BET1","STX8",0.859
"BET1","VAMP2",0.899
"BET1","STX5",0.999
"BET1","SEC13",0.837
"BET1","GOSR1",0.999
"BET1","STX1A",0.73
"BET1","COPB1",0.829
"BET1","VAMP4",0.868
"BET1","STX6",0.945
"BET1","YKT6",0.998
"BET1","COPB2",0.756
"BET1","NAPA",0.962
"POLR1F","BRIX1",0.851
"POLR1F","UTP3",0.79
"POLR1F","GRWD1",0.724
"POLR1F","POLR3B",0.881
"POLR1F","WDR12",0.836
"POLR1F","RRP7A",0.73
"POLR1F","RCL1",0.762
"POLR1F","TSR1",0.846
"POLR1F","CEBPZ",0.832
"POLR1F","UTP11",0.807
"POLR1F","POLR1B",0.999
"POLR1F","DNTTIP2",0.83
"POLR1F","POLR1D",0.999
"POLR1F","RSL24D1",0.856
"POLR1F","MPHOSPH10",0.825
"POLR1F","NOL6",0.72
"POLR1F","RPF1",0.766
"POLR1F","NHP2",0.853
"POLR1F","GNL3L",0.734
"POLR1F","GNL3",0.779
"POLR1F","NOC2L",0.876
"POLR1F","IMP4",0.896
"POLR1F","NAT10",0.847
"POLR1F","POLR3K",0.864
"POLR1F","WDR3",0.793
"POLR1F","UTP6",0.846
"POLR1F","NIP7",0.748
"POLR1F","POLR2L",0.999
"POLR1F","POLR2B",0.893
"POLR1F","POLR1E",0.999
"POLR1F","EBNA1BP2",0.836
"POLR1F","POLR2D",0.767
"POLR1F","UTP14A",0.71
"POLR1F","MRTO4",0.781
"POLR1F","IMP3",0.809
"POLR1F","RRS1",0.872
"POLR1F","BYSL",0.731
"POLR1F","NGDN",0.76
"POLR1F","POLR2F",0.999
"POLR1F","MAK16",0.892
"POLR1F","KRR1",0.83
"POLR1F","DHX15",0.821
"POLR1F","DDX47",0.701
"ITGB8","FN1",0.93
"ITGB8","COL4A2",0.798
"ITGB8","SPP1",0.732
"ITGB8","SRC",0.927
"ITGB8","PTK2",0.933
"ITGB8","ITGA5",0.965
"ITGB8","THBS1",0.775
"ITGB8","ITGB5",0.945
"ITGB8","ITGA9",0.783
"ITGB8","ITGA3",0.963
"ITGB8","COL1A1",0.832
"ITGB8","LAMA4",0.828
"ITGB8","COL6A3",0.722
"ITGB8","THBS2",0.74
"ITGB8","COL6A1",0.769
"ITGB8","LAMC1",0.708
"ITGB8","ITGB7",0.917
"ITGB8","ITGAV",0.999
"ITGB8","VTN",0.936
"ITGB8","ITGB6",0.932
"ITGB8","COL6A2",0.713
"ITGB8","ITGA2",0.966
"NPVF","CYC1",0.967
"NPVF","UQCRC2",0.709
"NPVF","UQCRFS1",0.989
"NPVF","COX5B",0.728
"NPVF","UQCR10",0.836
"NPVF","KISS1",0.852
"NPVF","R3HDM4",0.704
"NPVF","COX5A",0.727
"NPVF","NT5E",0.846
"NPVF","TUFM",0.879
"CAV2","ITGB5",0.705
"CAV2","CAV1",0.999
"CAV2","NOS3",0.871
"CAV2","CALML4",0.933
"CAV2","HSP90AB1",0.833
"CAV2","SRC",0.971
"CAV2","HSP90AA1",0.834
"CAV2","FYN",0.962
"CAV2","EGFR",0.977
"CAV2","CALM3",0.928
"CAV2","HSP90B1",0.81
"CAV2","CALML5",0.936
"HOXA2","ROBO1",0.737
"LFNG","RFNG",0.906
"LFNG","NOTCH2",0.979
"HOXA5","PBX2",0.72
"STX1A","APP",0.741
"STX1A","SNX4",0.917
"STX1A","OTOF",0.769
"STX1A","VAMP2",0.999
"STX1A","STX5",0.843
"STX1A","BNIP1",0.849
"STX1A","STX8",0.926
"STX1A","VAPA",0.74
"STX1A","YKT6",0.834
"STX1A","NAPA",0.992
"STX1A","VAMP4",0.99
"STX1A","STX6",0.98
"STX1A","STXBP2",0.868
"STX1A","CACNA1D",0.717
"STX1A","HTT",0.945
"NOD1","PYCARD",0.821
"NOD1","NOD2",0.975
"NOD1","TLR4",0.801
"NOD1","BIRC3",0.759
"NOD1","RIGI",0.785
"NOD1","NFKB1",0.727
"NOD1","IL18",0.765
"NOD1","CARD9",0.795
"NOD1","IRAK1",0.742
"NOD1","CHUK",0.706
"NOD1","IL1B",0.78
"NOD1","UBA52",0.901
"NOD1","TLR2",0.855
"NOD1","CASP8",0.8
"NOD1","HSP90AA1",0.856
"CYP3A5","AKR1C3",0.929
"CYP3A5","CYP2A6",0.953
"CYP3A5","CYB5A",0.855
"CYP3A5","PPIG",0.926
"CYP3A5","CYP1A1",0.971
"CYP3A5","GSTM5",0.715
"WASL","NCKAP1",0.835
"WASL","ARPC2",0.998
"WASL","BIN1",0.914
"WASL","RAC2",0.957
"WASL","AMPH",0.888
"WASL","EGFR",0.761
"WASL","CRK",0.763
"WASL","HCLS1",0.997
"WASL","FYN",0.854
"WASL","IQGAP1",0.912
"WASL","FCHSD2",0.905
"WASL","WAS",0.919
"WASL","PTK2",0.858
"WASL","VASP",0.869
"WASL","SRC",0.927
"WASL","ITSN1",0.999
"WASL","SH3YL1",0.9
"WASL","ITSN2",0.984
"WASL","EPS8",0.749
"WASL","CAV1",0.848
"WASL","GRB2",0.999
"AIMP2","TP53",0.767
"AIMP2","HSPA4",0.707
"AIMP2","KARS1",0.999
"AIMP2","MARS1",0.999
"AIMP2","QARS1",0.999
"AIMP2","EEF1E1",0.999
"AIMP2","EPRS1",0.999
"PCOLCE","COL6A1",0.779
"PCOLCE","COL5A1",0.928
"PCOLCE","COL5A2",0.857
"PCOLCE","COL6A2",0.833
"PCOLCE","COL1A1",0.813
"PCOLCE","COL3A1",0.976
"PCOLCE","THBS1",0.774
"RBM28","NOC2L",0.973
"RBM28","GNL3",0.86
"RBM28","EXOSC10",0.8
"RBM28","GNL3L",0.854
"RBM28","RPF1",0.856
"RBM28","NOL10",0.892
"RBM28","NOL6",0.882
"RBM28","MPHOSPH10",0.925
"RBM28","WDR3",0.913
"RBM28","RRP1B",0.808
"RBM28","UTP18",0.898
"RBM28","IMP4",0.912
"RBM28","NAT10",0.939
"RBM28","GTPBP4",0.975
"RBM28","NOC3L",0.883
"RBM28","RRP7A",0.771
"RBM28","RCL1",0.786
"RBM28","FTSJ3",0.927
"RBM28","WDR12",0.917
"RBM28","GRWD1",0.873
"RBM28","UTP3",0.945
"RBM28","RRP9",0.89
"RBM28","BRIX1",0.948
"RBM28","RSL24D1",0.829
"RBM28","PDCD11",0.976
"RBM28","CEBPZ",0.984
"RBM28","UTP11",0.869
"RBM28","TSR1",0.848
"RBM28","UTP20",0.824
"RBM28","RRS1",0.915
"RBM28","MRTO4",0.805
"RBM28","UTP14A",0.916
"RBM28","DDX47",0.813
"RBM28","DHX15",0.797
"RBM28","GAR1",0.742
"RBM28","MAK16",0.941
"RBM28","KRR1",0.95
"RBM28","NGDN",0.834
"RBM28","DDX18",0.962
"RBM28","BYSL",0.872
"RBM28","EBNA1BP2",0.972
"RBM28","GNL2",0.95
"RBM28","RRP15",0.919
"RBM28","NIP7",0.938
"RBM28","UTP6",0.958
"RBM28","NOP53",0.924
"RBM28","HEATR1",0.793
"SERPINE1","MMP3",0.877
"SERPINE1","VWF",0.817
"SERPINE1","IFNG",0.72
"SERPINE1","CCL5",0.726
"SERPINE1","PLAU",0.999
"SERPINE1","SMAD7",0.803
"SERPINE1","CXCL8",0.736
"SERPINE1","PROC",0.943
"SERPINE1","VTN",0.999
"SERPINE1","TLR4",0.721
"SERPINE1","ACE",0.71
"SERPINE1","ORM1",0.795
"SERPINE1","F2",0.839
"SERPINE1","CRP",0.793
"SERPINE1","PPARG",0.732
"SERPINE1","FGF2",0.741
"SERPINE1","SERPINB2",0.958
"SERPINE1","ICAM1",0.742
"SERPINE1","IL1A",0.758
"SERPINE1","CDKN1A",0.701
"SERPINE1","IL1B",0.746
"SERPINE1","REN",0.78
"SERPINE1","THBS1",0.819
"SERPINE1","MMP1",0.773
"SERPINE1","SMAD4",0.873
"SERPINE1","IL6",0.849
"SERPINE1","FN1",0.79
"SERPINE1","SMAD3",0.848
"SERPINE1","SERBP1",0.798
"SERPINE1","FGB",0.751
"SERPINE1","CCL2",0.918
"SERPINE1","SMAD2",0.846
"PLOD3","COL4A2",0.802
"PLOD3","PLOD2",0.948
"PLOD3","COL1A1",0.71
"RPA3","TOPBP1",0.733
"RPA3","RPA1",0.999
"RPA3","WRN",0.998
"RPA3","POLA2",0.931
"RPA3","RFC4",0.912
"RPA3","POLD3",0.951
"RPA3","MCM6",0.706
"RPA3","MCM2",0.84
"RPA3","XPA",0.9
"RPA3","XRCC5",0.75
"RPA3","RAD23B",0.756
"RPA3","FANCI",0.707
"RPA3","BRCA2",0.762
"RPA3","PCNA",0.869
"RPA3","FEN1",0.78
"RPA3","RFC3",0.805
"RPA3","H4C6",0.758
"RPA3","ATM",0.72
"RPA3","CHEK1",0.817
"RPA3","BRCA1",0.836
"RPA3","EXO1",0.799
"FIS1","PEX11A",0.972
"FIS1","TBC1D15",0.999
"FIS1","CYCS",0.868
"FIS1","DNM1",0.997
"FIS1","PEX13",0.75
"FIS1","DENR",0.995
"MYL10","MYL6",0.748
"MYL10","PPP1CC",0.71
"MEST","DLK1",0.779
"MEST","PEG10",0.865
"MEST","PLAGL1",0.871
"PSMA2","CCT4",0.843
"PSMA2","SKP1",0.823
"PSMA2","VBP1",0.773
"PSMA2","CCT7",0.768
"PSMA2","PSMA6",0.999
"PSMA2","CCT3",0.746
"PSMA2","EIF3I",0.795
"PSMA2","NEDD8",0.828
"PSMA2","CCT8",0.845
"PSMA2","CCT2",0.74
"PSMA2","CCT5",0.737
"PSMA2","PSMC5",0.999
"PSMA2","UBA52",0.931
"PSMA2","PSMG2",0.954
"PSMA2","PSMC2",0.999
"PSMA2","PSMB7",0.999
"PSMA2","CUL1",0.802
"PSMA2","ECPAS",0.832
"PSMA2","VCP",0.859
"PSMA2","HSP90AB1",0.761
"MYL7","ACTA2",0.724
"MYL7","MYL6",0.823
"GCK","HK3",0.916
"GCK","PKLR",0.727
"GCK","PFKFB4",0.738
"GCK","INSR",0.702
"GCK","IRS1",0.735
"YKT6","STX2",0.771
"YKT6","VAMP5",0.786
"YKT6","VAMP4",0.89
"YKT6","STX6",0.984
"YKT6","NAPA",0.972
"YKT6","BNIP1",0.892
"YKT6","STX8",0.984
"YKT6","VAMP2",0.825
"YKT6","STX5",0.999
"YKT6","SEC13",0.73
"YKT6","GOSR1",0.999
"YKT6","STX11",0.844
"FKTN","DPM1",0.715
"SEC61B","RPL36AL",0.928
"SEC61B","TMED10",0.713
"SEC61B","SEC61A2",0.997
"SEC61B","RPL14",0.949
"SEC61B","RPL39L",0.8
"SEC61B","CNOT2",0.836
"SEC61B","ABCE1",0.818
"SEC61B","STX5",0.703
"SEC61B","RPL37",0.904
"SEC61B","RPL3",0.918
"SEC61B","PELO",0.803
"SEC61B","RPS11",0.896
"SEC61B","SEC61G",0.999
"SEC61B","RPS3",0.89
"SEC61B","RPL22",0.936
"SEC61B","RPL27",0.952
"SEC61B","GSPT1",0.803
"SEC61B","HBS1L",0.825
"SEC61B","RPS23",0.894
"SEC61B","RPL38",0.931
"SEC61B","RPL13A",0.926
"SEC61B","ARL6IP1",0.723
"SEC61B","RPS9",0.911
"SEC61B","RPS14",0.899
"SEC61B","RPL12",0.897
"SEC61B","RPL10",0.931
"SEC61B","RPL5",0.932
"SEC61B","CCDC47",0.85
"SEC61B","RPS16",0.949
"SEC61B","RPL19",0.981
"SEC61B","RPL15",0.936
"SEC61B","TMCO1",0.867
"SEC61B","RPS19",0.886
"SEC61B","RPL23",0.924
"SEC61B","RPL13",0.917
"SEC61B","RPS21",0.902
"SEC61B","RPS6",0.904
"SEC61B","UBA52",0.915
"SEC61B","RPL24",0.927
"SEC61B","RPL37A",0.919
"SEC61B","SRP9",0.805
"SEC61B","RPS2",0.892
"SEC61B","ETF1",0.842
"SEC61B","SRPRA",0.718
"SEC61B","RPL8",0.932
"SEC61B","CYB5A",0.741
"SEC61B","RPS4X",0.902
"SEC61B","RPL4",0.98
"SEC61B","SRP14",0.721
"SEC61B","SEC61A1",0.999
"SEC61B","VAPA",0.736
"SEC61B","UBL4A",0.736
"SEC61B","RPL30",0.924
"C5","CD34",0.776
"C5","BAK1",0.72
"C5","VTN",0.889
"C5","CXCL8",0.754
"C5","F2",0.921
"C5","BAX",0.72
"C5","C3",0.974
"C5","PPIF",0.901
"TNFSF8","TNFRSF8",0.999
"TNFSF8","CXCL8",0.72
"TNFSF8","CD27",0.927
"TNFSF8","CD40",0.851
"AK1","ENTPD5",0.755
"AK1","PKLR",0.928
"AK1","DCK",0.928
"AK1","NME1",0.805
"AK1","RRM1",0.83
"AK1","NT5E",0.722
"AK1","ATP5F1A",0.717
"AK1","NT5C",0.711
"AK1","TSFM",0.747
"AK1","PKM",0.938
"EDF1","TBP",0.951
"EDF1","RPL14",0.884
"EDF1","RPL39L",0.812
"EDF1","RPL36AL",0.706
"EDF1","RPS11",0.918
"EDF1","RPL3",0.832
"EDF1","DOCK4",0.783
"EDF1","RPL37",0.884
"EDF1","RPL22",0.794
"EDF1","RPL27",0.894
"EDF1","RPS3",0.994
"EDF1","RPL3L",0.786
"EDF1","RPS14",0.914
"EDF1","IFI35",0.777
"EDF1","RPS9",0.981
"EDF1","RPS23",0.918
"EDF1","RPL38",0.905
"EDF1","RPL10L",0.811
"EDF1","RPL13A",0.835
"EDF1","RPL23",0.875
"EDF1","RPS19",0.932
"EDF1","RPL15",0.881
"EDF1","SIL1",0.705
"EDF1","RPL10",0.843
"EDF1","RPS16",0.944
"EDF1","RPL19",0.908
"EDF1","RPL5",0.918
"EDF1","RPS21",0.962
"EDF1","RPL13",0.884
"EDF1","MRPL2",0.719
"EDF1","RPL8",0.911
"EDF1","RPL24",0.894
"EDF1","RPL37A",0.883
"EDF1","RPS2",0.968
"EDF1","RPS6",0.927
"EDF1","UBA52",0.872
"EDF1","RPL30",0.907
"EDF1","RPL4",0.892
"EDF1","RPS4X",0.9
"SETX","EXOSC10",0.818
"SETX","DHX9",0.729
"SETX","SUPT4H1",0.749
"SETX","TARDBP",0.862
"SETX","DCTN1",0.785
"SETX","BRCA1",0.99
"SETX","MTREX",0.737
"SETX","PCF11",0.784
"BLNK","CBL",0.967
"BLNK","ZAP70",0.905
"BLNK","PLCG1",0.853
"BLNK","GRB2",0.999
"BLNK","FYN",0.807
"BLNK","LAT",0.844
"BLNK","SYK",0.999
"BLNK","CD19",0.932
"BLNK","PIK3CD",0.819
"BLNK","PAX5",0.76
"CYP26A1","BFSP2",0.742
"CYP26A1","ADH5",0.953
"CYP26A1","CYP1A1",0.945
"CYP26A1","CYP2A6",0.943
"ACTA2","POSTN",0.73
"ACTA2","COL3A1",0.882
"ACTA2","SRF",0.741
"ACTA2","MYL6",0.944
"ACTA2","COL1A1",0.928
"ACTA2","PDGFRB",0.781
"ACTA2","SMAD3",0.733
"FBXL15","CUL1",0.966
"FBXL15","SKP1",0.999
"FBXL15","NEDD8",0.714
"STN1","SMC5",0.718
"STN1","MED23",0.994
"STN1","PCNA",0.769
"STN1","MED25",0.994
"STN1","MED8",0.994
"STN1","MED4",0.994
"STN1","XPA",0.867
"STN1","XRCC5",0.914
"STN1","BRCA1",0.753
"STN1","MED14",0.994
"STN1","MED1",0.994
"STN1","PRKDC",0.849
"STN1","ATM",0.713
"STN1","CHEK1",0.766
"STN1","RPA1",0.998
"STN1","TERF1",0.919
"STN1","POLA2",0.969
"STN1","MED16",0.994
"STN1","MED17",0.994
"DNAJC12","DNAJB1",0.781
"DNAJC12","DNAJB4",0.843
"DNAJC12","HSPA4",0.77
"PPIF","BAX",0.931
"PPIF","BAK1",0.794
"PPIF","FKBP2",0.75
"PPIF","CD34",0.738
"PPIF","CCR5",0.907
"PPIF","HSPA9",0.932
"PPIF","ITPR1",0.967
"PPIF","PPID",0.95
"PPIF","CYCS",0.983
"PPIF","STAT3",0.702
"PPIF","HSP90AB1",0.982
"PPIF","TP53",0.993
"PPIF","GSK3B",0.805
"PPIF","HSP90AA1",0.982
"PPIF","DNAJC15",0.712
"PPIF","ATP5PO",0.989
"PPIF","CYP1A1",0.776
"MPO","IL10",0.771
"MPO","CXCL8",0.733
"MPO","CP",0.965
"MPO","CSF3",0.744
"MPO","APOA1",0.924
"MPO","IFNG",0.789
"MPO","CD34",0.735
"MPO","ALB",0.887
"MPO","MS4A3",0.886
"MPO","MMP8",0.837
"MPO","LTF",0.998
"MPO","C3",0.786
"MPO","CRP",0.817
"MPO","KIT",0.705
"MPO","S100A12",0.766
"MPO","TLR4",0.728
"MPO","IL1B",0.86
"MPO","CD7",0.704
"MPO","CD68",0.74
"MPO","IL1A",0.715
"MPO","ICAM1",0.769
"MPO","H3-4",0.886
"MPO","H3-3B",0.886
"MPO","IL6",0.872
"MPO","RUNX1",0.947
"MPO","APOB",0.711
"ST6GALNAC2","AHSG",0.828
"ST6GALNAC2","C1GALT1",0.737
"UTP18","DHX8",0.766
"UTP18","HEATR1",0.999
"UTP18","RPS6",0.99
"UTP18","EXOSC8",0.799
"UTP18","EBNA1BP2",0.78
"UTP18","GNL2",0.885
"UTP18","MTREX",0.995
"UTP18","NIP7",0.839
"UTP18","POLR1E",0.855
"UTP18","PNO1",0.98
"UTP18","UTP6",0.999
"UTP18","NOP53",0.822
"UTP18","RPS4X",0.926
"UTP18","DDX47",0.772
"UTP18","RPS19",0.971
"UTP18","EXOSC4",0.825
"UTP18","DHX15",0.849
"UTP18","NGDN",0.999
"UTP18","KRR1",0.999
"UTP18","RPS16",0.981
"UTP18","EXOSC7",0.82
"UTP18","BYSL",0.999
"UTP18","RRS1",0.759
"UTP18","IMP3",0.997
"UTP18","MRPS12",0.82
"UTP18","RPS27L",0.854
"UTP18","NOL11",0.937
"UTP18","MRTO4",0.727
"UTP18","UTP14A",0.998
"UTP18","NOC4L",0.999
"UTP18","DNTTIP2",0.993
"UTP18","PDCD11",0.993
"UTP18","POLR1B",0.761
"UTP18","CEBPZ",0.838
"UTP18","UTP11",0.999
"UTP18","UTP20",0.997
"UTP18","TSR1",0.819
"UTP18","RRP7A",0.999
"UTP18","RCL1",0.999
"UTP18","FTSJ3",0.807
"UTP18","NOC3L",0.704
"UTP18","GTPBP4",0.868
"UTP18","GRWD1",0.927
"UTP18","WDR12",0.923
"UTP18","RPS14",0.982
"UTP18","SNU13",0.997
"UTP18","POLR3B",0.749
"UTP18","BRIX1",0.749
"UTP18","UTP3",0.999
"UTP18","RPS23",0.993
"UTP18","RRP9",0.998
"UTP18","RPS9",0.988
"UTP18","RRP1B",0.751
"UTP18","WDR3",0.999
"UTP18","FCF1",0.995
"UTP18","NOL7",0.822
"UTP18","IMP4",0.998
"UTP18","C1D",0.919
"UTP18","NAT10",0.998
"UTP18","NOC2L",0.932
"UTP18","EXOSC10",0.988
"UTP18","MRNIP",0.767
"UTP18","RPS11",0.986
"UTP18","RPF1",0.827
"UTP18","NHP2",0.795
"UTP18","NOL10",0.998
"UTP18","MPHOSPH10",0.999
"UTP18","NOL6",0.999
"P2RX5","P2RY14",0.73
"P2RX5","GRIN2D",0.908
"P2RX5","GRIN2C",0.906
"CRYBA1","GJA3",0.847
"CRYBA1","BFSP2",0.777
"CRYBA1","CRYAA",0.987
"CRYBA1","BFSP1",0.802
"RPL19","EIF6",0.995
"RPL19","MED1",0.982
"RPL19","QARS1",0.863
"RPL19","SRPRA",0.86
"RPL19","ETF1",0.925
"RPL19","RPL8",0.999
"RPL19","SECISBP2",0.81
"RPL19","SRP9",0.903
"RPL19","RPS2",0.999
"RPL19","RPL37A",0.999
"RPL19","RPL24",0.999
"RPL19","UBA52",0.999
"RPL19","RPS6",0.999
"RPL19","BTF3",0.979
"RPL19","UBL4A",0.767
"RPL19","ABCF1",0.947
"RPL19","RPL30",0.999
"RPL19","IFRD1",0.75
"RPL19","EIF5A2",0.925
"RPL19","SEC61A1",0.95
"RPL19","PKLR",0.841
"RPL19","GNL2",0.915
"RPL19","EIF4A1",0.827
"RPL19","EBNA1BP2",0.875
"RPL19","SRP14",0.917
"RPL19","RSAD1",0.974
"RPL19","RPS4X",0.999
"RPL19","NOP53",0.905
"RPL19","RPL4",0.999
"RPL19","RPLP1",0.999
"RPL19","TMA16",0.802
"RPL19","POLR2L",0.828
"RPL19","NIP7",0.86
"RPL19","PA2G4",0.997
"RPL19","RPS19",0.999
"RPL19","RPL23",0.999
"RPL19","TMCO1",0.817
"RPL19","RPL15",0.999
"RPL19","RPL5",0.999
"RPL19","CCDC47",0.817
"RPL19","RPS16",0.999
"RPL19","RPL10",0.999
"RPL19","SIL1",0.791
"RPL19","DDX18",0.894
"RPL19","MRPL3",0.956
"RPL19","MAK16",0.863
"RPL19","SERBP1",0.984
"RPL19","RPS27L",0.989
"RPL19","MRPS12",0.981
"RPL19","TUBB",0.884
"RPL19","MRPL11",0.902
"RPL19","RPS21",0.999
"RPL19","CDH1",0.823
"RPL19","IMP3",0.98
"RPL19","PRAMEF12",0.712
"RPL19","RPL13",0.999
"RPL19","MRPL4",0.958
"RPL19","MRPL2",0.975
"RPL19","MRPS11",0.96
"RPL19","MRTO4",0.978
"RPL19","GSPT1",0.915
"RPL19","HBS1L",0.862
"RPL19","MRPL15",0.776
"RPL19","RPL27",0.999
"RPL19","GCN1",0.946
"RPL19","RPL22",0.999
"RPL19","MTIF2",0.84
"RPL19","RSL24D1",0.992
"RPL19","EFL1",0.918
"RPL19","EIF5A",0.987
"RPL19","MRPL16",0.857
"RPL19","MRPL24",0.975
"RPL19","RPL3L",0.993
"RPL19","SEC61G",0.967
"RPL19","RPS3",0.999
"RPL19","RPL12",0.999
"RPL19","EEF1D",0.896
"RPL19","SNU13",0.892
"RPL19","RPS14",0.999
"RPL19","WDR12",0.929
"RPL19","FTSJ3",0.91
"RPL19","IFI35",0.962
"RPL19","NOC3L",0.865
"RPL19","GTPBP4",0.98
"RPL19","HMGN4",0.92
"RPL19","RPS9",0.999
"RPL19","ARL6IP1",0.94
"RPL19","EPRS1",0.865
"RPL19","RPL10L",0.993
"RPL19","RPL13A",0.999
"RPL19","BRIX1",0.857
"RPL19","RPL38",0.999
"RPL19","RPS23",0.999
"RPL19","PKM",0.849
"RPL19","EEF2",0.999
"RPL19","RPL39L",0.982
"RPL19","EIF3I",0.839
"RPL19","LARP4B",0.901
"RPL19","EIF2S1",0.925
"RPL19","RPL14",0.999
"RPL19","FANCE",0.975
"RPL19","MRPS7",0.965
"RPL19","RPL36AL",0.999
"RPL19","MRPS14",0.966
"RPL19","HMGN1",0.924
"RPL19","ZNF593",0.884
"RPL19","MRPS15",0.967
"RPL19","RPS4Y1",0.994
"RPL19","RPS11",0.999
"RPL19","MRNIP",0.972
"RPL19","GNL3",0.857
"RPL19","NOC2L",0.876
"RPL19","OASL",0.722
"RPL19","HSPBP1",0.799
"RPL19","DOCK4",0.976
"RPL19","EIF5B",0.955
"RPL19","PELO",0.878
"RPL19","DHX9",0.926
"RPL19","RPL3",0.999
"RPL19","RPL37",0.999
"RPL19","NHP2",0.86
"RPL19","RPF1",0.857
"RPL19","NEMF",0.855
"RPL19","PARP8",0.836
"RPL19","GNL3L",0.772
"RPL19","ABCE1",0.872
"CSF3","ALB",0.75
"CSF3","STAT5B",0.745
"CSF3","CD38",0.792
"CSF3","CD8A",0.72
"CSF3","CCL5",0.934
"CSF3","IFNG",0.989
"CSF3","CD34",0.94
"CSF3","IFNAR1",0.751
"CSF3","IL10",0.927
"CSF3","CXCL8",0.971
"CSF3","CCL11",0.995
"CSF3","EGFR",0.857
"CSF3","IFNB1",0.757
"CSF3","IFNGR1",0.791
"CSF3","TLR4",0.757
"CSF3","PDGFRA",0.754
"CSF3","PRL",0.93
"CSF3","IL7R",0.79
"CSF3","CRP",0.712
"CSF3","FGF2",0.961
"CSF3","IL3",0.964
"CSF3","IL10RB",0.728
"CSF3","IL13",0.834
"CSF3","STAT5A",0.746
"CSF3","ICAM1",0.776
"CSF3","IL2",0.962
"CSF3","PSMC2",0.909
"CSF3","IL1A",0.991
"CSF3","IL18",0.792
"CSF3","IL13RA1",0.702
"CSF3","JAK2",0.988
"CSF3","STAT1",0.76
"CSF3","IL1B",0.996
"CSF3","STAT3",0.916
"CSF3","CXCL10",0.908
"CSF3","IFNA2",0.823
"CSF3","EGF",0.957
"CSF3","CXCL9",0.794
"CSF3","IL4",0.818
"CSF3","IL6",0.988
"CSF3","PDGFRB",0.758
"CSF3","SOCS3",0.856
"CSF3","CCL2",0.93
"SUPT4H1","H2AC8",0.86
"SUPT4H1","SUPT6H",0.999
"SUPT4H1","H4C2",0.876
"SUPT4H1","TCEA2",0.993
"SUPT4H1","H4C6",0.889
"SUPT4H1","ELL2",0.962
"SUPT4H1","POLR2B",0.999
"SUPT4H1","ERCC6",0.977
"SUPT4H1","POLR2L",0.995
"SUPT4H1","H2AC13",0.859
"SUPT4H1","ICE2",0.903
"SUPT4H1","GTF2F2",0.755
"SUPT4H1","POLR2D",0.999
"SUPT4H1","CTR9",0.996
"SUPT4H1","CDC73",0.996
"SUPT4H1","CDK7",0.786
"SUPT4H1","EAF2",0.928
"SUPT4H1","POLR2J",0.991
"SUPT4H1","CCNT1",0.97
"SUPT4H1","POLR2F",0.997
"SUPT4H1","H2AC17",0.858
"SUPT4H1","POLR3B",0.831
"SUPT4H1","PEX2",0.902
"SUPT4H1","SSRP1",0.961
"SUPT4H1","GTF2B",0.794
"SUPT4H1","POLR2G",0.998
"SUPT4H1","AFF4",0.934
"SUPT4H1","POLR1B",0.873
"SUPT4H1","ELL",0.951
"SUPT4H1","NCBP1",0.786
"SUPT4H1","MLLT1",0.93
"SUPT4H1","NCBP2",0.703
"SUPT4H1","TBP",0.725
"SUPT4H1","NELFB",0.996
"WNT3","FZD7",0.977
"WNT3","AXIN1",0.767
"WNT3","GSK3B",0.893
"P2RX1","GRIN2C",0.917
"P2RX1","GRIN2D",0.913
"P2RX1","P2RY14",0.899
"RPS6KB1","JUN",0.959
"RPS6KB1","TP53",0.7
"RPS6KB1","HSP90AB1",0.76
"RPS6KB1","PPP2R1A",0.925
"RPS6KB1","SQSTM1",0.834
"RPS6KB1","HSP90AA1",0.837
"RPS6KB1","EIF4A2",0.81
"RPS6KB1","RRAGD",0.886
"RPS6KB1","PDPK1",0.986
"RPS6KB1","EIF4A1",0.809
"RPS6KB1","CASP3",0.737
"RPS6KB1","BECN1",0.728
"RPS6KB1","ATM",0.725
"RPS6KB1","ESR2",0.928
"RPS6KB1","EIF3B",0.892
"RPS6KB1","RPS6",0.999
"RPS6KB1","ATG5",0.705
"RPS6KB1","PIK3CA",0.716
"RPS6KB1","TSC1",0.906
"RPS6KB1","MED1",0.908
"RPS6KB1","PRKACA",0.934
"RPS6KB1","PPP2R1B",0.919
"RPS6KB1","STK11",0.723
"RPS6KB1","CARM1",0.915
"RPS6KB1","TBK1",0.917
"RPS6KB1","RRAGA",0.864
"RPS6KB1","SP1",0.925
"RPS6KB1","EIF4G1",0.952
"RPS6KB1","EEF2",0.708
"RPS6KB1","PRKACG",0.931
"RPS6KB1","FOXO3",0.731
"RPS6KB1","CCND1",0.72
"RPS6KB1","PTEN",0.914
"RPS6KB1","MAPK3",0.935
"RPS6KB1","MTOR",0.999
"RPS6KB1","IRS1",0.994
"RPS6KB1","FKBP1A",0.956
"PIGL","PIGK",0.811
"GALK1","NT5C",0.747
"GALK1","TK1",0.876
"GALK1","UGP2",0.822
"PFN1","WAS",0.991
"PFN1","HTT",0.752
"PFN1","RHOC",0.891
"PFN1","VCP",0.814
"PFN1","VASP",0.999
"PFN1","TUBA4A",0.747
"PFN1","CAPZA1",0.724
"PFN1","YWHAE",0.745
"PFN1","CALML4",0.748
"PFN1","APBB1IP",0.994
"PFN1","CALML5",0.748
"PFN1","CALM3",0.776
"PFN1","ZYX",0.748
"PFN1","DNM1",0.838
"PFN1","HCLS1",0.724
"SLC25A11","MDH2",0.849
"C1QBP","NPM1",0.731
"C1QBP","PRKCZ",0.762
"C1QBP","VTN",0.959
"C1QBP","F12",0.966
"C1QBP","YBX1",0.904
"C1QBP","SERPING1",0.8
"C1QBP","CALR",0.751
"C1QBP","SRSF1",0.814
"CPD","TGOLN2",0.761
"GOSR1","COPB1",0.797
"GOSR1","VAMP5",0.932
"GOSR1","NAPA",0.937
"GOSR1","STX6",0.977
"GOSR1","VAMP4",0.959
"GOSR1","STX5",0.999
"GOSR1","VAMP2",0.877
"GOSR1","STX8",0.87
"GOSR1","BNIP1",0.879
"GOSR1","STX11",0.771
"CCDC47","RPL14",0.815
"CCDC47","RPL36AL",0.816
"CCDC47","RPL3",0.834
"CCDC47","RPL37",0.815
"CCDC47","RPL27",0.817
"CCDC47","RPL22",0.82
"CCDC47","SEC61G",0.845
"CCDC47","RPL13A",0.833
"CCDC47","RPL38",0.856
"CCDC47","RPL23",0.817
"CCDC47","TMCO1",0.976
"CCDC47","RPL15",0.817
"CCDC47","RPL5",0.834
"CCDC47","RPL10",0.828
"CCDC47","RPL13",0.817
"CCDC47","CCT5",0.7
"CCDC47","RPL8",0.822
"CCDC47","RPL37A",0.817
"CCDC47","RPL24",0.822
"CCDC47","RPL30",0.825
"CCDC47","SEC61A1",0.947
"CCDC47","RPL4",0.826
"MED31","TAF4",0.813
"MED31","POLR2F",0.986
"MED31","MED23",0.997
"MED31","MNAT1",0.957
"MED31","TBP",0.939
"MED31","POLR2J",0.964
"MED31","GTF2E1",0.925
"MED31","TAF7",0.801
"MED31","TAF12",0.847
"MED31","TAF10",0.807
"MED31","MED25",0.981
"MED31","MED4",0.999
"MED31","MED9",0.998
"MED31","MED8",0.997
"MED31","CDK7",0.862
"MED31","ERCC3",0.928
"MED31","MED14",0.999
"MED31","GTF2H4",0.925
"MED31","POLR2D",0.993
"MED31","MED7",0.999
"MED31","MED28",0.999
"MED31","MED15",0.997
"MED31","QKI",0.994
"MED31","GTF2F2",0.937
"MED31","MED16",0.996
"MED31","MED1",0.996
"MED31","MED17",0.999
"MED31","TAF11",0.853
"MED31","POLR2L",0.986
"MED31","POLR2B",0.992
"MED31","GTF2E2",0.948
"MED31","GTF2H1",0.817
"MED31","POLR2G",0.992
"MED31","H4C6",0.812
"MED31","GTF2B",0.975
"MED31","MED21",0.999
"MED31","H2AZ1",0.826
"MED31","H4C2",0.804
"MED31","POLR3B",0.703
"MED31","MED13L",0.957
"DRG2","RPL8",0.769
"DRG2","RPS2",0.79
"DRG2","RPS19",0.735
"DRG2","RPS16",0.711
"DRG2","RPL5",0.76
"DRG2","RPL10",0.742
"DRG2","GCN1",0.964
"DRG2","RPS3",0.819
"DRG2","RPS11",0.705
"DRG2","RPL3",0.703
"DRG2","ZC3H15",0.968
"AKAP10","RAB11A",0.749
"AKAP10","PRKACA",0.934
"AKAP10","PRKACG",0.934
"DDX5","TBP",0.712
"DDX5","NCBP2",0.703
"DDX5","HDAC2",0.763
"DDX5","SYNCRIP",0.754
"DDX5","MFAP1",0.851
"DDX5","DHX9",0.996
"DDX5","ILF2",0.792
"DDX5","RBM25",0.888
"DDX5","SF1",0.906
"DDX5","TRIM28",0.74
"DDX5","RBM39",0.971
"DDX5","TXNL4A",0.822
"DDX5","SF3B1",0.901
"DDX5","DDX17",0.994
"DDX5","GTPBP4",0.717
"DDX5","MBNL1",0.743
"DDX5","SRRM2",0.912
"DDX5","SMAD3",0.963
"DDX5","METTL3",0.707
"DDX5","DDX18",0.796
"DDX5","TARDBP",0.729
"DDX5","HDAC1",0.944
"DDX5","SMAD2",0.761
"DDX5","DHX15",0.868
"DDX5","EZH2",0.802
"DDX5","TP53",0.997
"DDX5","EP300",0.917
"DDX5","WBP11",0.922
"DDX5","SRSF2",0.768
"DDX5","UPF3B",0.905
"DDX5","SRSF1",0.764
"DDX5","BRCA1",0.764
"DDX5","PRP4K",0.856
"DDX5","MATR3",0.894
"DDX5","CTR9",0.72
"DDX5","HNRNPA1",0.929
"DDX5","SMARCA4",0.782
"DDX5","DHX38",0.893
"DDX5","RBM5",0.873
"DDX5","TCERG1",0.836
"DDX5","SRRM1",0.885
"DDX5","RBM7",0.835
"DDX5","ILF3",0.739
"DDX5","PRPF6",0.874
"DDX5","MTREX",0.909
"CCL2","IFNA1",0.766
"CCL2","TLR3",0.707
"CCL2","TLR4",0.847
"CCL2","CCL27",0.725
"CCL2","LOX",0.71
"CCL2","PPARG",0.731
"CCL2","CD40",0.811
"CCL2","FGF2",0.732
"CCL2","CCRL2",0.99
"CCL2","FASLG",0.737
"CCL2","CRP",0.816
"CCL2","STAT6",0.709
"CCL2","C3",0.737
"CCL2","GNB1",0.812
"CCL2","CCR7",0.965
"CCL2","IFNG",0.938
"CCL2","CCL5",0.999
"CCL2","MAPK3",0.747
"CCL2","CCL8",0.999
"CCL2","CD80",0.7
"CCL2","CD8A",0.8
"CCL2","MMP3",0.806
"CCL2","CXCL13",0.998
"CCL2","ALB",0.739
"CCL2","CCL13",0.842
"CCL2","IFNB1",0.729
"CCL2","IRF1",0.786
"CCL2","EGFR",0.725
"CCL2","CCL11",0.998
"CCL2","IL10",0.963
"CCL2","CCR5",0.999
"CCL2","CXCL8",0.999
"CCL2","ATF3",0.704
"CCL2","IL4",0.921
"CCL2","IL6",0.985
"CCL2","ARG1",0.726
"CCL2","CXCL9",0.999
"CCL2","IFNA2",0.723
"CCL2","SRC",0.733
"CCL2","JUN",0.98
"CCL2","CXCL10",0.965
"CCL2","APOE",0.746
"CCL2","STAT3",0.867
"CCL2","SPP1",0.726
"CCL2","TLR2",0.79
"CCL2","SOCS3",0.749
"CCL2","CXCL6",0.704
"CCL2","FN1",0.723
"CCL2","CCL1",0.84
"CCL2","CXCR5",0.872
"CCL2","CXCL11",0.796
"CCL2","IL18",0.881
"CCL2","IL1A",0.934
"CCL2","CD68",0.815
"CCL2","NFKB1",0.982
"CCL2","CCR1",0.999
"CCL2","IL2",0.853
"CCL2","CXCR3",0.998
"CCL2","ICAM1",0.928
"CCL2","IL13",0.932
"CCL2","MMP1",0.774
"CCL2","THBS1",0.742
"CCL2","IL1B",0.97
"CCL2","CXCR1",0.996
"CCL2","STAT1",0.831
"CCL2","CCR2",0.999
"CCL1","CCR1",0.972
"CCL1","CCL5",0.945
"CCL1","CCR7",0.877
"CCL1","CXCL13",0.796
"CCL1","CXCR3",0.868
"CCL1","CXCR1",0.795
"CCL1","CCL13",0.722
"CCL1","CCR2",0.934
"CCL1","CXCL8",0.794
"CCL1","CCR5",0.976
"CCL1","CXCL9",0.872
"CCL1","IL6",0.723
"CCL1","CDK7",0.788
"CCL1","CCL27",0.801
"CCL1","CXCL10",0.878
"CCL1","CCRL2",0.837
"CCL1","CXCL6",0.703
"CCL1","MNAT1",0.953
"CCL1","CXCL11",0.998
"CCL1","CXCR5",0.766
"CCL13","PPBP",0.998
"CCL13","CXCL6",0.88
"CCL13","CXCR5",0.825
"CCL13","CXCL11",0.999
"CCL13","CXCL9",0.999
"CCL13","CXCL10",0.999
"CCL13","CCL27",0.792
"CCL13","IL1B",0.754
"CCL13","CXCR1",0.773
"CCL13","CCL11",0.996
"CCL13","IL10",0.749
"CCL13","CCR5",0.996
"CCL13","CCR2",0.999
"CCL13","CXCL8",0.843
"CCL13","CCR7",0.862
"CCL13","CCL8",0.998
"CCL13","CCL5",0.998
"CCL13","CCR1",0.998
"CCL13","CXCL13",0.867
"CCL13","CXCR3",0.903
"KAT2A","USP22",0.998
"KAT2A","EP300",0.994
"KAT2A","TP53",0.909
"KAT2A","TAF7",0.936
"KAT2A","SF3B3",0.942
"KAT2A","TRRAP",0.999
"KAT2A","H3-3B",0.987
"KAT2A","HDAC1",0.974
"KAT2A","HDAC5",0.729
"KAT2A","H3-4",0.977
"KAT2A","HDAC4",0.795
"KAT2A","AGXT",0.969
"KAT2A","H4C6",0.986
"KAT2A","SMARCA4",0.947
"KAT2A","H2AX",0.742
"KAT2A","MED1",0.801
"KAT2A","TAF10",0.999
"KAT2A","TAF12",0.998
"KAT2A","HDAC2",0.948
"KAT2A","TAF5L",0.995
"KAT2A","TACC3",0.758
"KAT2A","TBP",0.959
"KAT2A","CREBBP",0.964
"KAT2A","NCOR1",0.843
"KAT2A","SUPT3H",0.999
"KAT2A","TAF4",0.987
"KAT2A","E2F1",0.888
"KAT2A","HAT1",0.7
"KAT2A","H2AZ1",0.845
"KAT2A","MAP3K7",0.807
"KAT2A","SMARCA2",0.826
"KAT2A","MED17",0.784
"KAT2A","MED16",0.756
"NAGLU","TMED10",0.803
"HSD17B1","CYP1A1",0.955
"HSD17B1","AKR1C3",0.975
"HSD17B1","CYP11A1",0.835
"COL1A1","ITGAV",0.874
"COL1A1","COL6A2",0.954
"COL1A1","COL15A1",0.713
"COL1A1","RB1",0.766
"COL1A1","LUM",0.981
"COL1A1","ITGA2",0.983
"COL1A1","VWF",0.877
"COL1A1","ITGB6",0.851
"COL1A1","LOX",0.808
"COL1A1","COL5A2",0.995
"COL1A1","COL5A1",0.994
"COL1A1","COL6A3",0.974
"COL1A1","THBS2",0.828
"COL1A1","P4HA2",0.863
"COL1A1","POSTN",0.903
"COL1A1","COL6A1",0.969
"COL1A1","ITGB7",0.708
"COL1A1","LAMC1",0.77
"COL1A1","THBS1",0.896
"COL1A1","GP6",0.943
"COL1A1","MMP1",0.767
"COL1A1","ADAMTS2",0.936
"COL1A1","COL3A1",0.999
"COL1A1","THY1",0.807
"COL1A1","SOX9",0.715
"COL1A1","P4HB",0.763
"COL1A1","ITGA5",0.944
"COL1A1","ITGA3",0.848
"COL1A1","P4HA1",0.754
"COL1A1","ITGB5",0.859
"COL1A1","ITGA9",0.704
"COL1A1","SPARC",0.968
"COL1A1","PDGFRB",0.831
"COL1A1","SMAD3",0.773
"COL1A1","FN1",0.974
"COL1A1","PTK2",0.754
"COL1A1","PLOD2",0.826
"COL1A1","ALPL",0.826
"COL1A1","ITGA2B",0.718
"COL1A1","SPP1",0.747
"HDAC5","KDM1A",0.779
"HDAC5","H2AZ1",0.754
"HDAC5","HDAC2",0.751
"HDAC5","NCOR1",0.979
"HDAC5","ANKRA2",0.843
"HDAC5","CREBBP",0.812
"HDAC5","YWHAQ",0.803
"HDAC5","H4C6",0.726
"HDAC5","H2AX",0.712
"HDAC5","YWHAE",0.803
"HDAC5","RBBP4",0.852
"HDAC5","RBBP7",0.789
"HDAC5","EP300",0.821
"HDAC5","TP53",0.768
"HDAC5","HDAC4",0.973
"HDAC5","H3-3B",0.743
"HDAC5","H3-4",0.807
"HDAC5","HDAC1",0.818
"HDAC5","TBL1XR1",0.702
"HDAC5","SMAD3",0.73
"DUSP3","MAPK14",0.936
"DUSP3","MAPK11",0.928
"DUSP3","MAPK3",0.973
"CACNG1","FKBP1A",0.723
"CACNG1","CACNA1G",0.78
"CACNG1","HSPA2",0.727
"CACNG1","CACNG2",0.962
"CACNG1","CACNB3",0.9
"CACNG1","CATSPERG",0.721
"CACNG1","CACNA1H",0.817
"CACNG1","CACNA1D",0.995
"CACNG1","CACNA1F",0.932
"CACNG1","CACNA2D1",0.998
"CACNG1","CACNB2",0.897
"EFNB3","NTRK1",0.752
"EFNB3","SRC",0.711
"RANGRF","SCN5A",0.837
"RANGRF","CACNA2D1",0.708
"RCVRN","AMPH",0.829
"RCVRN","RHO",0.989
"RCVRN","BIN1",0.789
"MYH1","BAZ1B",0.735
"MYH1","MYL6",0.777
"VTN","HPX",0.739
"VTN","ITGB7",0.757
"VTN","CLU",0.962
"VTN","C3",0.79
"VTN","FGF2",0.852
"VTN","ITIH4",0.846
"VTN","SERPINF1",0.828
"VTN","VWF",0.966
"VTN","ALB",0.988
"VTN","ITGB6",0.785
"VTN","APOA1",0.755
"VTN","HRG",0.748
"VTN","ITGA2",0.826
"VTN","PLAU",0.998
"VTN","ITGAV",0.999
"VTN","AMBP",0.737
"VTN","APOE",0.989
"VTN","SPP1",0.964
"VTN","SRC",0.733
"VTN","EGF",0.812
"VTN","ITGA2B",0.999
"VTN","PTK2",0.903
"VTN","SERPING1",0.719
"VTN","FN1",0.999
"VTN","SPARC",0.922
"VTN","ITGA9",0.739
"VTN","ITGB5",0.995
"VTN","SERPINF2",0.885
"VTN","ICAM1",0.738
"VTN","APOA2",0.75
"VTN","AHSG",0.782
"VTN","ITGA3",0.806
"VTN","ITIH2",0.758
"VTN","ITGA5",0.976
"VTN","THBS1",0.826
"TNFAIP1","KLHL2",0.722
"TNFAIP1","CUL3",0.993
"TNFAIP1","RND3",0.755
"TNFAIP1","UBXN7",0.995
"TNFAIP1","KEAP1",0.903
"TNFAIP1","PDCD6",0.72
"TMEM97","TMBIM4",0.83
"FOXN1","SUPT6H",0.755
"CD38","NT5E",0.702
"CD38","THY1",0.708
"CD38","CD69",0.815
"CD38","CD7",0.865
"CD38","PDCD1",0.751
"CD38","CXCR5",0.855
"CD38","CBL",0.823
"CD38","TP53",0.727
"CD38","CD27",0.908
"CD38","ZAP70",0.845
"CD38","IL6",0.788
"CD38","RYR2",0.914
"CD38","TFRC",0.788
"CD38","CD19",0.946
"CD38","PNP",0.922
"CD38","CD8A",0.884
"CD38","CD34",0.964
"CD38","CCR7",0.884
"CD38","IFNG",0.779
"CD38","CD80",0.799
"CD38","CD40",0.714
"CD38","IL7R",0.718
"CD38","KIT",0.722
"IBSP","ITGA2",0.701
"IBSP","MMP3",0.922
"IBSP","ITGAV",0.983
"IBSP","ALPL",0.826
"IBSP","PTK2",0.709
"IBSP","SPP1",0.991
"IBSP","SPARC",0.931
"IBSP","FN1",0.778
"IBSP","ITGB5",0.909
"IBSP","ITGA5",0.727
"LAP3","UTP3",0.826
"LAP3","P4HA2",0.902
"LAP3","STAT1",0.779
"LAP3","P4HA1",0.902
"LAP3","GOT2",0.888
"LAP3","JCHAIN",0.775
"CXCL6","CXCR3",0.847
"CXCL6","CXCL13",0.868
"CXCL6","IL1A",0.708
"CXCL6","CCR7",0.736
"CXCL6","CCR1",0.865
"CXCL6","CCL5",0.999
"CXCL6","CCL8",0.997
"CXCL6","CCL11",0.996
"CXCL6","CCR2",0.831
"CXCL6","CXCL8",0.868
"CXCL6","CCR5",0.827
"CXCL6","IL1B",0.794
"CXCL6","CXCR1",0.999
"CXCL6","CCL27",0.704
"CXCL6","CXCL10",0.998
"CXCL6","IL6",0.702
"CXCL6","CXCL11",0.975
"CXCL6","CXCR5",0.785
"CXCL6","PPBP",0.997
"AFM","HRG",0.774
"PHOX2B","RET",0.782
"GNRHR","GNAQ",0.983
"GNRHR","KISS1",0.951
"SULT1E1","SMG5",0.832
"SULT1E1","SMG6",0.893
"SULT1E1","CYP1A1",0.948
"SULT1E1","AKR1C3",0.936
"PF4V1","CXCL9",0.972
"PF4V1","CCL5",0.929
"PF4V1","CCR1",0.761
"PF4V1","ITGA2B",0.763
"PF4V1","VWF",0.851
"PF4V1","CXCL10",0.999
"PF4V1","CCL27",0.994
"PF4V1","CXCR3",0.997
"PF4V1","CXCL13",0.999
"PF4V1","CXCR1",0.825
"PF4V1","PPBP",0.725
"PF4V1","CCR5",0.723
"PF4V1","CCR2",0.726
"PF4V1","CXCL11",0.999
"PF4V1","FN1",0.77
"PF4V1","CCL11",0.995
"NFKB1","IL1B",0.996
"NFKB1","CHUK",0.999
"NFKB1","CDKN1A",0.751
"NFKB1","TRAF2",0.718
"NFKB1","MAPK14",0.864
"NFKB1","CASP3",0.821
"NFKB1","IL1A",0.946
"NFKB1","TRAF3",0.838
"NFKB1","IL18",0.979
"NFKB1","STAT5A",0.83
"NFKB1","CDK4",0.71
"NFKB1","IRAK1",0.934
"NFKB1","PARP1",0.828
"NFKB1","RIPK1",0.895
"NFKB1","ICAM1",0.903
"NFKB1","IL2",0.804
"NFKB1","TXN",0.983
"NFKB1","TLR2",0.992
"NFKB1","SMAD3",0.765
"NFKB1","CUL1",0.799
"NFKB1","HDAC1",0.996
"NFKB1","SQSTM1",0.747
"NFKB1","NR3C1",0.878
"NFKB1","KEAP1",0.733
"NFKB1","IL4",0.8
"NFKB1","STAT3",0.962
"NFKB1","CXCL10",0.845
"NFKB1","TP53",0.989
"NFKB1","EP300",0.998
"NFKB1","HSP90AB1",0.845
"NFKB1","SRC",0.756
"NFKB1","HSPA4",0.857
"NFKB1","GSK3B",0.713
"NFKB1","IFNA2",0.863
"NFKB1","PPP2R1A",0.916
"NFKB1","IFNB1",0.928
"NFKB1","UBE2D2",0.7
"NFKB1","IL10",0.877
"NFKB1","CXCL8",0.988
"NFKB1","NFKBIE",0.995
"NFKB1","EGFR",0.837
"NFKB1","CCL5",0.975
"NFKB1","MAPK3",0.881
"NFKB1","CD80",0.705
"NFKB1","IFNG",0.932
"NFKB1","STAT5B",0.741
"NFKB1","FADD",0.753
"NFKB1","FOXO3",0.711
"NFKB1","NRAS",0.713
"NFKB1","BCL2A1",0.701
"NFKB1","MAP3K7",0.769
"NFKB1","CD8A",0.818
"NFKB1","HSPA5",0.704
"NFKB1","PPARG",0.972
"NFKB1","MDM2",0.719
"NFKB1","CLU",0.761
"NFKB1","RIGI",0.882
"NFKB1","STAT6",0.858
"NFKB1","E2F1",0.932
"NFKB1","IRF7",0.853
"NFKB1","PPP2R1B",0.909
"NFKB1","HDAC2",0.803
"NFKB1","NLRP3",0.981
"NFKB1","BRCA1",0.726
"NFKB1","PPP2R2A",0.912
"NFKB1","SYK",0.741
"NFKB1","STAT1",0.926
"NFKB1","ATM",0.746
"NFKB1","PRKCQ",0.953
"NFKB1","UBE2N",0.812
"NFKB1","IRF8",0.701
"NFKB1","CEBPB",0.904
"NFKB1","FN1",0.729
"NFKB1","IL6",0.994
"NFKB1","IFNA10",0.768
"NFKB1","JUN",0.994
"NFKB1","PPP2R2B",0.905
"NFKB1","MAP2K1",0.762
"NFKB1","MTOR",0.76
"NFKB1","RPS3",0.923
"NFKB1","IRF1",0.709
"NFKB1","KLF5",0.795
"NFKB1","IFNA8",0.768
"NFKB1","APP",0.87
"NFKB1","YY1",0.715
"NFKB1","NCOR1",0.875
"NFKB1","CREBBP",0.913
"NFKB1","PRKACG",0.944
"NFKB1","CD40",0.898
"NFKB1","BIRC3",0.939
"NFKB1","SP1",0.91
"NFKB1","KRAS",0.805
"NFKB1","TLR3",0.861
"NFKB1","RAC2",0.938
"NFKB1","IFNA1",0.901
"NFKB1","TBK1",0.99
"NFKB1","IRF3",0.881
"NFKB1","ERBB2",0.733
"NFKB1","LY96",0.725
"NFKB1","PRKACA",0.944
"NFKB1","NOD2",0.776
"NFKB1","TLR4",0.993
"IL2","PDGFRB",0.757
"IL2","FN1",0.804
"IL2","STAT3",0.828
"IL2","CD27",0.844
"IL2","TP53",0.741
"IL2","CXCL10",0.857
"IL2","JUN",0.734
"IL2","RUNX1",0.848
"IL2","IFNA2",0.892
"IL2","CXCL9",0.738
"IL2","EGF",0.814
"IL2","IL4",0.999
"IL2","IL6",0.999
"IL2","ZAP70",0.794
"IL2","IFNA10",0.859
"IL2","CD69",0.906
"IL2","CCR2",0.751
"IL2","SYK",0.837
"IL2","JAK2",0.896
"IL2","STAT1",0.797
"IL2","IL13RA1",0.762
"IL2","PDCD1",0.85
"IL2","IL1B",0.999
"IL2","STAT5A",0.956
"IL2","IL13",0.934
"IL2","GZMA",0.737
"IL2","IDO1",0.808
"IL2","ICAM1",0.8
"IL2","CXCR3",0.721
"IL2","JCHAIN",0.922
"IL2","CD3D",0.719
"IL2","IL1A",0.997
"IL2","IL18",0.815
"IL2","STAT6",0.826
"IL2","FASLG",0.824
"IL2","CRP",0.778
"IL2","FGF2",0.74
"IL2","IL3",0.998
"IL2","CD40",0.847
"IL2","IL10RB",0.848
"IL2","TLR4",0.731
"IL2","PDGFRA",0.733
"IL2","TLR3",0.766
"IL2","KRAS",0.759
"IL2","IFNA1",0.881
"IL2","IL7R",0.978
"IL2","PNP",0.779
"IL2","CXCL8",0.985
"IL2","IL10",0.964
"IL2","CCR5",0.758
"IL2","CD19",0.824
"IL2","CCL11",0.861
"IL2","EGFR",0.851
"IL2","TFRC",0.743
"IL2","IFNB1",0.73
"IL2","IFNGR1",0.863
"IL2","ALB",0.718
"IL2","STAT5B",0.956
"IL2","CD8A",0.971
"IL2","CD80",0.903
"IL2","CCL5",0.813
"IL2","CCR7",0.785
"IL2","IFNG",0.99
"IL2","IFNA8",0.861
"IL2","IFNAR1",0.809
"WFS1","ATP1B1",0.904
"GAR1","NAT10",0.909
"GAR1","WDR3",0.774
"GAR1","DOCK4",0.71
"GAR1","MPHOSPH10",0.868
"GAR1","GNL3L",0.911
"GAR1","NHP2",0.999
"GAR1","GNL3",0.757
"GAR1","RUVBL1",0.778
"GAR1","POLR1B",0.775
"GAR1","RRP9",0.825
"GAR1","SNU13",0.965
"GAR1","MRTO4",0.817
"GAR1","RRS1",0.704
"GAR1","NIP7",0.79
"FRG1","SNRPB2",0.81
"FRG1","DHX38",0.802
"FRG1","PPWD1",0.87
"FRG1","CDC5L",0.82
"FRG1","SRRM2",0.805
"FRG1","SNRPF",0.902
"FRG1","SNRPD1",0.837
"CD82","CD9",0.983
"CD82","CD81",0.984
"CD82","CD37",0.796
"CD82","CD19",0.847
"CD82","EGFR",0.738
"CD82","CD8A",0.913
"SPI1","TYROBP",0.933
"SPI1","IRF1",0.974
"SPI1","TBP",0.838
"SPI1","DNMT3A",0.939
"SPI1","STAT6",0.735
"SPI1","MITF",0.968
"SPI1","PAX5",0.817
"SPI1","IRF8",0.999
"SPI1","HCK",0.727
"SPI1","SRF",0.834
"SPI1","TLR2",0.703
"SPI1","CEBPB",0.856
"SPI1","HDAC1",0.765
"SPI1","H3-3B",0.711
"SPI1","BRD4",0.712
"SPI1","JUN",0.993
"SPI1","EP300",0.946
"SPI1","RUNX1",0.993
"CTSC","CTSD",0.713
"CTSC","BID",0.908
"CTSC","GZMA",0.854
"ZPR1","EGFR",0.921
"CRTAM","CD8A",0.755
"DTX4","TBK1",0.854
"UNC93B1","IFNB1",0.749
"UNC93B1","HSP90B1",0.71
"UNC93B1","TBK1",0.715
"UNC93B1","TLR3",0.999
"UNC93B1","TLR8",0.961
"PUS3","MRPL17",0.782
"CCND1","NRAS",0.791
"CCND1","SKP2",0.959
"CCND1","FOXO3",0.756
"CCND1","PTEN",0.855
"CCND1","RB1",0.998
"CCND1","MAPK3",0.744
"CCND1","SOX2",0.792
"CCND1","TWIST1",0.711
"CCND1","MTOR",0.802
"CCND1","EGFR",0.841
"CCND1","CDK2",0.999
"CCND1","SKP1",0.968
"CCND1","MCM10",0.839
"CCND1","MAP2K1",0.751
"CCND1","CDKN1B",0.999
"CCND1","NES",0.802
"CCND1","SNAI1",0.705
"CCND1","ERBB2",0.904
"CCND1","RBL2",0.966
"CCND1","KIT",0.749
"CCND1","KRAS",0.835
"CCND1","DNMT3A",0.708
"CCND1","SYMPK",0.921
"CCND1","FOXA1",0.832
"CCND1","E2F1",0.938
"CCND1","STAT6",0.704
"CCND1","CDK5",0.885
"CCND1","CREBBP",0.986
"CCND1","MDM2",0.926
"CCND1","CDC25B",0.707
"CCND1","CDK4",0.999
"CCND1","PARP1",0.724
"CCND1","CDK6",0.999
"CCND1","H4C6",0.758
"CCND1","CASP3",0.847
"CCND1","CCNB1",0.797
"CCND1","BRCA1",0.922
"CCND1","CDKN1A",0.999
"CCND1","STAT1",0.783
"CCND1","ARID1A",0.752
"CCND1","JAK2",0.852
"CCND1","SMARCA4",0.718
"CCND1","H2AX",0.735
"CCND1","AR",0.955
"CCND1","PIK3CA",0.704
"CCND1","BNIP3",0.702
"CCND1","JUN",0.919
"CCND1","TP53",0.946
"CCND1","HSP90AB1",0.711
"CCND1","EP300",0.974
"CCND1","STAT3",0.98
"CCND1","GSK3B",0.987
"CCND1","RUNX1",0.733
"CCND1","SRC",0.875
"CCND1","MKI67",0.722
"CCND1","CCNE1",0.841
"CCND1","IL6",0.763
"CCND1","CDH1",0.851
"CCND1","CDK7",0.72
"CCND1","EGF",0.731
"CCND1","ZEB1",0.758
"CCND1","CUL1",0.924
"CCND1","PLK1",0.727
"CCND1","HDAC1",0.833
"CCND1","HSP90AA1",0.819
"CCND1","H3-3B",0.827
"CCND1","FN1",0.743
"CCND1","HDAC4",0.92
"CCND1","CDC25A",0.97
"CCND1","PGR",0.834
"CCND1","SMAD2",0.743
"CCND1","BRCA2",0.861
"CCND1","AXIN1",0.779
"CCND1","CDH2",0.726
"CCND1","PCNA",0.989
"CCDC86","MRTO4",0.777
"PRPF19","CDC5L",0.999
"PRPF19","SRRM1",0.852
"PRPF19","PRPF6",0.872
"PRPF19","PPWD1",0.84
"PRPF19","TCERG1",0.909
"PRPF19","DHX8",0.998
"PRPF19","HNRNPA1",0.868
"PRPF19","DHX38",0.996
"PRPF19","RBM5",0.826
"PRPF19","SNRPB2",0.997
"PRPF19","PPIG",0.875
"PRPF19","SRSF1",0.8
"PRPF19","WBP11",0.824
"PRPF19","SENP6",0.837
"PRPF19","SNIP1",0.968
"PRPF19","SDHA",0.843
"PRPF19","SNRPF",0.999
"PRPF19","SF3B3",0.998
"PRPF19","DHX15",0.997
"PRPF19","SF3B2",0.993
"PRPF19","SRRM2",0.997
"PRPF19","SNRNP70",0.815
"PRPF19","SF3B1",0.996
"PRPF19","MAGOHB",0.945
"PRPF19","DDX23",0.702
"PRPF19","SF3B4",0.983
"PRPF19","SNRPD1",0.999
"PRPF19","ZC3H13",0.778
"PRPF19","RBMX2",0.992
"PRPF19","DHX9",0.852
"PRPF19","EEF2",0.751
"PRPF19","RPA1",0.825
"PRPF19","NCBP2",0.791
"TMEM109","FH",0.815
"TMEM109","NARS1",0.73
"TMEM109","PPAT",0.846
"TMEM109","GLUL",0.859
"PANX1","CASP3",0.819
"PANX1","GJA1",0.822
"APOC3","TTR",0.771
"APOC3","TLR2",0.963
"APOC3","FGB",0.756
"APOC3","CLU",0.921
"APOC3","FABP1",0.933
"APOC3","F2",0.889
"APOC3","PLA2G7",0.855
"APOC3","APOE",0.999
"APOC3","AMBP",0.856
"APOC3","APOB",0.999
"APOC3","LCAT",0.958
"APOC3","APOA2",0.999
"APOC3","APOA1",0.999
"APOC3","AHSG",0.882
"APOC3","APOL1",0.924
"APOC3","ALB",0.912
"APOC3","APP",0.766
"APOC3","SCARB1",0.842
"IL10RA","IFNB1",0.773
"IL10RA","IFNGR1",0.777
"IL10RA","CCR5",0.778
"IL10RA","IL10",0.999
"IL10RA","IFNG",0.912
"IL10RA","CCL5",0.712
"IL10RA","CD8A",0.772
"IL10RA","STAT5B",0.767
"IL10RA","IL3",0.747
"IL10RA","IL10RB",0.999
"IL10RA","IFNA1",0.787
"IL10RA","IL7R",0.714
"IL10RA","IL1B",0.791
"IL10RA","JAK2",0.778
"IL10RA","STAT1",0.861
"IL10RA","IL13RA1",0.726
"IL10RA","CCR1",0.708
"IL10RA","STAT5A",0.864
"IL10RA","IL13",0.883
"IL10RA","EGF",0.7
"IL10RA","IL4",0.927
"IL10RA","IL6",0.956
"IL10RA","IFNA2",0.722
"IL10RA","STAT3",0.984
"PDHX","PDHB",0.999
"PDHX","SDHB",0.813
"PDHX","SDHA",0.807
"PDHX","BCKDHB",0.969
"PDHX","IDH3A",0.763
"PDHX","CS",0.909
"PDHX","DLST",0.884
"PDHX","ATP5F1A",0.762
"C11orf58","SUB1",0.778
"C11orf58","SKP1",0.866
"YBX3","SYMPK",0.938
"YBX3","CDK4",0.964
"YBX3","YBX1",0.917
"SLC25A3","ATP5PB",0.884
"SLC25A3","CBX2",0.876
"SLC25A3","ATP5F1C",0.862
"SLC25A3","IDH3A",0.749
"SLC25A3","ATP5PO",0.713
"SLC25A3","COX5A",0.888
"SLC25A3","ATP5MC3",0.743
"SLC25A3","ATP5F1A",0.977
"SLC25A3","UQCRFS1",0.957
"SLC25A3","UQCRC2",0.891
"SLC25A3","CCT4",0.825
"POLR3B","SEC61A1",0.727
"POLR3B","RSAD1",0.821
"POLR3B","POLR2L",0.999
"POLR3B","POLR1E",0.841
"POLR3B","RPL4",0.767
"POLR3B","RPL8",0.772
"POLR3B","HEATR1",0.831
"POLR3B","MED1",0.875
"POLR3B","MRPL12",0.914
"POLR3B","MED14",0.754
"POLR3B","MRPL17",0.92
"POLR3B","POLR2D",0.885
"POLR3B","RPS2",0.859
"POLR3B","IMP3",0.865
"POLR3B","TUFM",0.82
"POLR3B","MRPS12",0.807
"POLR3B","MRPL11",0.771
"POLR3B","MRPL2",0.772
"POLR3B","GTF2E1",0.859
"POLR3B","MRPL4",0.77
"POLR3B","MRTO4",0.848
"POLR3B","MRPS11",0.775
"POLR3B","RPL23",0.922
"POLR3B","DHX15",0.719
"POLR3B","MRPS16",0.794
"POLR3B","ATP5F1C",0.781
"POLR3B","MRPL3",0.778
"POLR3B","POLR2F",0.999
"POLR3B","RPS16",0.767
"POLR3B","RPL5",0.92
"POLR3B","RPL10",0.717
"POLR3B","SIL1",0.717
"POLR3B","GTPBP4",0.715
"POLR3B","RPL12",0.771
"POLR3B","RPS14",0.772
"POLR3B","RPL10L",0.715
"POLR3B","RPL13A",0.75
"POLR3B","RPS23",0.796
"POLR3B","MRPL20",0.748
"POLR3B","POLR2G",0.868
"POLR3B","RPS9",0.863
"POLR3B","HMGN4",0.785
"POLR3B","ATP5F1A",0.784
"POLR3B","MTIF2",0.792
"POLR3B","POLR1D",0.999
"POLR3B","PDCD11",0.937
"POLR3B","POLR1B",0.913
"POLR3B","MRPL24",0.753
"POLR3B","CEBPZ",0.841
"POLR3B","RPS3",0.944
"POLR3B","RPL3L",0.772
"POLR3B","MED7",0.755
"POLR3B","UTP20",0.75
"POLR3B","TSR1",0.764
"POLR3B","MRPL16",0.721
"POLR3B","NOC2L",0.837
"POLR3B","HSPBP1",0.715
"POLR3B","RPS11",0.953
"POLR3B","MRPL19",0.826
"POLR3B","EIF5B",0.776
"POLR3B","RPL3",0.774
"POLR3B","MRPL9",0.775
"POLR3B","NOL6",0.808
"POLR3B","TSFM",0.709
"POLR3B","WDR3",0.83
"POLR3B","TBP",0.815
"POLR3B","SEC61A2",0.728
"POLR3B","MRPS14",0.823
"POLR3B","MRPS7",0.773
"POLR3B","HMGN1",0.774
"POLR3B","NAT10",0.892
"POLR3B","POLR3K",0.999
"CD69","CXCR5",0.708
"CD69","IL6",0.72
"CD69","IL4",0.757
"CD69","CXCL9",0.757
"CD69","ZAP70",0.736
"CD69","CD27",0.866
"CD69","KLRB1",0.938
"CD69","CXCR3",0.741
"CD69","CCRL2",0.777
"CD69","CD40",0.732
"CD69","IL7R",0.9
"CD69","GZMK",0.743
"CD69","S1PR1",0.995
"CD69","CD19",0.859
"CD69","CCR5",0.754
"CD69","IL10",0.766
"CD69","CXCL8",0.756
"CD69","CD80",0.906
"CD69","IFNG",0.912
"CD69","CCR7",0.905
"CD69","CD8A",0.938
"SELPLG","CCR5",0.802
"SELPLG","CD34",0.784
"SELPLG","VWF",0.785
"SELPLG","CD40",0.882
"SELPLG","SIGLEC1",0.832
"SELPLG","SCARB2",0.797
"SELPLG","ICAM1",0.991
"SELPLG","CXCR3",0.795
"DAO","AGXT",0.964
"MVK","SH3YL1",0.84
"MVK","ACAA2",0.833
"MVK","DHCR7",0.833
"MVK","FDPS",0.911
"CSRNP2","PPP1CC",0.828
"CSRNP2","PPP1CA",0.832
"IL23A","IL10",0.838
"IL23A","P4HB",0.75
"IL23A","IL13RA1",0.745
"IL23A","JAK2",0.934
"IL23A","IFNGR1",0.705
"IL23A","IFNG",0.73
"IL23A","IFNAR1",0.708
"IL23A","IL10RB",0.731
"IL23A","STAT3",0.75
"IL23A","IL6",0.858
"IL23A","IL4",0.732
"IL23A","IL7R",0.748
"CYP27B1","NCOR1",0.815
"CYP27B1","MED1",0.913
"CYP27B1","PPIG",0.754
"CYP27B1","SRC",0.807
"CYP27B1","DHCR7",0.742
"GLI1","SOX2",0.772
"GLI1","PRKACG",0.954
"GLI1","PRKACA",0.966
"GLI1","PDGFRA",0.711
"GLI1","CUL3",0.945
"GLI1","CUL1",0.934
"GLI1","ARRB1",0.93
"GLI1","CDC73",0.92
"GLI1","SMAD4",0.745
"GLI1","STAT3",0.859
"ITFG2","MIOS",0.825
"ITFG2","RRAGD",0.712
"ITFG2","NPRL2",0.999
"ITFG2","SEH1L",0.809
"ITFG2","SEC13",0.763
"ITFG2","RRAGA",0.704
"ITFG2","WDR59",0.998
"PRR4","LCN1",0.719
"PARP11","PARP8",0.713
"FGF6","IL6",0.702
"FGF6","EGF",0.988
"FGF6","FN1",0.799
"FGF6","PDGFRB",0.894
"FGF6","CDH2",0.881
"FGF6","GRB2",0.745
"FGF6","ERBB3",0.762
"FGF6","PDGFRA",0.863
"FGF6","ERBB2",0.822
"FGF6","KIT",0.848
"FGF6","NTRK1",0.887
"FGF6","ALB",0.755
"FGF6","MAPK3",0.717
"FGF6","EGFR",0.924
"FGF6","INSR",0.811
"FGF6","CXCL8",0.755
"MYL2","PDCD10",0.713
"MYL2","PPP1CC",0.752
"MYL2","PPP1CA",0.742
"MYL2","RYR2",0.712
"MYL2","MYL6",0.948
"RAD51AP1","RAD54L",0.798
"RAD51AP1","SHCBP1",0.749
"RAD51AP1","NCAPG",0.911
"RAD51AP1","MAD2L1",0.859
"RAD51AP1","BRCA2",0.794
"RAD51AP1","PALB2",0.952
"RAD51AP1","BUB1B",0.747
"RAD51AP1","RFC3",0.726
"RAD51AP1","CHEK1",0.802
"RAD51AP1","BRCA1",0.854
"RAD51AP1","RFC4",0.797
"RAD51AP1","EXO1",0.928
"RAD51AP1","CENPU",0.806
"RAD51AP1","MCM10",0.833
"RAD51AP1","SMC2",0.779
"CDKN1B","GRB2",0.827
"CDKN1B","CDK4",0.999
"CDKN1B","CDK6",0.999
"CDKN1B","CKS2",0.837
"CDKN1B","CASP3",0.721
"CDKN1B","ATM",0.713
"CDKN1B","CDKN1A",0.982
"CDKN1B","COPS5",0.992
"CDKN1B","JAK2",0.725
"CDKN1B","CCNB1",0.972
"CDKN1B","UBA52",0.947
"CDKN1B","DCAF15",0.904
"CDKN1B","SRC",0.838
"CDKN1B","CCNE1",0.999
"CDKN1B","TP53",0.991
"CDKN1B","CDK7",0.853
"CDKN1B","CDC25A",0.817
"CDKN1B","CUL1",0.996
"CDKN1B","SKP2",0.999
"CDKN1B","FOXO3",0.98
"CDKN1B","PTEN",0.834
"CDKN1B","RB1",0.818
"CDKN1B","CIT",0.825
"CDKN1B","EGFR",0.736
"CDKN1B","CDK2",0.999
"CDKN1B","CCNA1",0.999
"CDKN1B","SKP1",0.994
"CDKN1B","RBL2",0.796
"CDKN1B","ERCC8",0.902
"CDKN1B","ERBB2",0.739
"CDKN1B","E2F1",0.812
"CDKN1B","NEDD8",0.863
"CDKN1B","CDK5",0.941
"LTBR","BIRC3",0.816
"LTBR","FASLG",0.738
"LTBR","CD40",0.75
"LTBR","TRAF2",0.987
"LTBR","TRAF3",0.999
"LTBR","CHUK",0.823
"OAS3","SP110",0.707
"OAS3","IFIT5",0.866
"OAS3","HERC5",0.902
"OAS3","PARP12",0.82
"OAS3","RTP4",0.735
"OAS3","DHX58",0.829
"OAS3","OAS2",0.999
"OAS3","LY6E",0.74
"OAS3","DDX60",0.89
"OAS3","MX2",0.869
"OAS3","IRF9",0.918
"OAS3","IFI44L",0.922
"OAS3","STAT1",0.959
"OAS3","OAS1",0.986
"OAS3","MX1",0.967
"OAS3","XAF1",0.881
"OAS3","OASL",0.822
"OAS3","EIF2AK2",0.959
"OAS3","IRF7",0.908
"OAS3","STAT2",0.908
"OAS3","GBP1",0.764
"OAS3","HERC6",0.887
"OAS3","IFIT3",0.942
"OAS3","IFI6",0.946
"OAS3","IFITM3",0.731
"OAS3","RIGI",0.943
"OAS3","IFIT1",0.965
"OAS3","RSAD2",0.941
"OAS3","IFI35",0.904
"OAS3","IFI27",0.884
"OAS3","RNASEL",0.956
"OAS3","IFI44",0.929
"MGP","F2",0.752
"MGP","SPP1",0.924
"MGP","BMP4",0.72
"MGP","AHSG",0.977
"ARHGDIB","RAC2",0.992
"ARHGDIB","PRKACA",0.914
"ARHGDIB","PRKACG",0.913
"ARHGDIB","RHOC",0.828
"FZD10","WNT6",0.852
"FZD10","WNT4",0.859
"FZD10","BAMBI",0.918
"FZD10","GNAQ",0.912
"IL26","STAT1",0.823
"IL26","IL10RB",0.999
"IL26","STAT3",0.841
"IFNG","ALB",0.866
"IFNG","STAT5B",0.823
"IFNG","CXCL13",0.71
"IFNG","MMP3",0.725
"IFNG","CD8A",0.99
"IFNG","CD80",0.943
"IFNG","MAPK3",0.846
"IFNG","CCL5",0.921
"IFNG","CCR7",0.841
"IFNG","IFNA8",0.78
"IFNG","IFNAR1",0.989
"IFNG","CXCL8",0.961
"IFNG","CCR5",0.92
"IFNG","IL10",0.995
"IFNG","CD19",0.858
"IFNG","CCL11",0.979
"IFNG","EGFR",0.876
"IFNG","IRF1",0.917
"IFNG","IFNB1",0.95
"IFNG","IFNGR1",0.999
"IFNG","IRF7",0.778
"IFNG","NOD2",0.77
"IFNG","GBP1",0.777
"IFNG","STAT2",0.785
"IFNG","TLR4",0.946
"IFNG","PDGFRA",0.784
"IFNG","TLR3",0.884
"IFNG","EIF2AK2",0.775
"IFNG","IFNA1",0.954
"IFNG","IRF3",0.798
"IFNG","IL7R",0.926
"IFNG","TLR8",0.722
"IFNG","STAT6",0.9
"IFNG","FASLG",0.933
"IFNG","CRP",0.798
"IFNG","CCRL2",0.853
"IFNG","IL3",0.983
"IFNG","CD40",0.927
"IFNG","PPBP",0.755
"IFNG","IL10RB",0.837
"IFNG","STAT5A",0.82
"IFNG","IL13",0.961
"IFNG","IRF8",0.859
"IFNG","GZMA",0.841
"IFNG","IRAK1",0.745
"IFNG","IDO1",0.93
"IFNG","ICAM1",0.902
"IFNG","CXCR3",0.914
"IFNG","MAPK14",0.769
"IFNG","CASP3",0.825
"IFNG","CD68",0.811
"IFNG","IRF9",0.75
"IFNG","IL1A",0.971
"IFNG","IL18",0.949
"IFNG","CCR2",0.837
"IFNG","JAK2",0.998
"IFNG","STAT1",0.986
"IFNG","IL13RA1",0.86
"IFNG","GBP2",0.721
"IFNG","MX1",0.792
"IFNG","KLRB1",0.826
"IFNG","PDCD1",0.915
"IFNG","IL1B",0.998
"IFNG","MMP1",0.706
"IFNG","STAT3",0.907
"IFNG","APOE",0.838
"IFNG","CD27",0.86
"IFNG","SPP1",0.752
"IFNG","TP53",0.834
"IFNG","CXCL10",0.959
"IFNG","JUN",0.711
"IFNG","RUNX1",0.893
"IFNG","IFNA2",0.968
"IFNG","EGF",0.781
"IFNG","CXCL9",0.948
"IFNG","ARG1",0.801
"IFNG","IL4",0.99
"IFNG","IL6",0.983
"IFNG","ZAP70",0.752
"IFNG","IFNA10",0.781
"IFNG","CXCL11",0.835
"IFNG","PDGFRB",0.797
"IFNG","CXCR5",0.802
"IFNG","SOCS3",0.886
"IFNG","TLR2",0.918
"NUP107","GOT2",0.761
"NUP107","NUP54",0.998
"NUP107","TPR",0.972
"NUP107","UBE2I",0.782
"NUP107","SEH1L",0.999
"NUP107","NUP155",0.999
"NUP107","TNPO1",0.758
"NUP107","BUB1B",0.71
"NUP107","RANBP2",0.998
"NUP107","NUP93",0.999
"NUP107","NUP50",0.975
"NUP107","NUP160",0.999
"NUP107","SEC13",0.999
"NUP107","NUP133",0.999
"NUP107","NUP43",0.999
"NUP107","SUMO1",0.729
"NUP107","NUP98",0.999
"NUP107","BUB3",0.742
"NUP107","AHCTF1",0.999
"CNOT2","EIF4G1",0.712
"CNOT2","MTREX",0.875
"CNOT2","CPEB3",0.906
"CNOT2","EXOSC4",0.891
"CNOT2","EXOSC7",0.87
"CNOT2","TOB1",0.978
"CNOT2","CNOT7",0.999
"KRR1","DNTTIP2",0.996
"KRR1","RSL24D1",0.883
"KRR1","POLR1D",0.752
"KRR1","PDCD11",0.999
"KRR1","UTP11",0.999
"KRR1","CEBPZ",0.9
"KRR1","RPS3",0.975
"KRR1","UTP20",0.999
"KRR1","TSR1",0.754
"KRR1","FTSJ3",0.773
"KRR1","RRP7A",0.999
"KRR1","RCL1",0.997
"KRR1","GTPBP4",0.771
"KRR1","NOC3L",0.786
"KRR1","GRWD1",0.871
"KRR1","SNU13",0.995
"KRR1","RPS14",0.997
"KRR1","WDR12",0.87
"KRR1","BRIX1",0.941
"KRR1","RPS23",0.993
"KRR1","UTP3",0.999
"KRR1","RRP9",0.999
"KRR1","RPS9",0.998
"KRR1","ARL6IP1",0.753
"KRR1","RRP1B",0.886
"KRR1","WDR3",0.999
"KRR1","FCF1",0.999
"KRR1","MRPS7",0.865
"KRR1","NOL7",0.81
"KRR1","MRPS15",0.79
"KRR1","NAT10",0.997
"KRR1","IMP4",0.998
"KRR1","EIF2S1",0.866
"KRR1","BUD23",0.813
"KRR1","NOC2L",0.857
"KRR1","RPS4Y1",0.773
"KRR1","RIOK2",0.996
"KRR1","EXOSC10",0.741
"KRR1","GNL3",0.852
"KRR1","RPS11",0.99
"KRR1","MRNIP",0.844
"KRR1","NHP2",0.865
"KRR1","RPF1",0.902
"KRR1","NOL10",0.999
"KRR1","GNL3L",0.707
"KRR1","DOCK4",0.717
"KRR1","MPHOSPH10",0.999
"KRR1","NOL6",0.998
"KRR1","HEATR1",0.998
"KRR1","RPS6",0.997
"KRR1","RPS2",0.916
"KRR1","EXOSC8",0.833
"KRR1","EBNA1BP2",0.935
"KRR1","GNL2",0.762
"KRR1","MTREX",0.901
"KRR1","NIP7",0.938
"KRR1","RRP15",0.927
"KRR1","RPL4",0.89
"KRR1","PNO1",0.985
"KRR1","RPS4X",0.96
"KRR1","UTP6",0.999
"KRR1","NOP53",0.845
"KRR1","TMA16",0.778
"KRR1","DDX47",0.959
"KRR1","RPS19",0.71
"KRR1","EXOSC4",0.791
"KRR1","DHX15",0.744
"KRR1","NGDN",0.999
"KRR1","MAK16",0.932
"KRR1","RPS16",0.988
"KRR1","DDX18",0.992
"KRR1","EXOSC7",0.758
"KRR1","BYSL",0.999
"KRR1","RRS1",0.961
"KRR1","IMP3",0.999
"KRR1","MRPS12",0.829
"KRR1","RPS27L",0.879
"KRR1","NOL11",0.965
"KRR1","MRTO4",0.971
"KRR1","MRPS11",0.787
"KRR1","UTP14A",0.996
"KRR1","NOC4L",0.999
"GNB3","GNGT1",0.999
"GNB3","PLCB1",0.947
"GNB3","MAPK3",0.743
"GNB3","CCR5",0.913
"GNB3","ADCY1",0.708
"GNB3","RHO",0.832
"GNB3","ADCY8",0.715
"GNB3","MAPK11",0.748
"GNB3","KCNJ3",0.741
"GNB3","ACE",0.779
"GNB3","PRKACA",0.723
"GNB3","GNG3",0.998
"GNB3","RAC2",0.7
"GNB3","GNAQ",0.861
"GNB3","GNG11",0.998
"GNB3","GNB1",0.9
"GNB3","PRKACG",0.728
"GNB3","PLCB2",0.979
"GNB3","PDE1B",0.915
"GNB3","MAPK14",0.737
"GNB3","ADRB2",0.703
"GNB3","ADCY10",0.734
"GNB3","PTGER2",0.751
"GNB3","CACNA1F",0.746
"GNB3","GNB5",0.732
"GNB3","CACNA1D",0.716
"CHPT1","PLAAT3",0.919
"CHPT1","LPCAT4",0.933
"CHPT1","LCAT",0.931
"CHPT1","LPCAT3",0.958
"CHPT1","LPCAT1",0.958
"CHPT1","PLA2G7",0.929
"CHPT1","PLD2",0.944
"CHPT1","PLPP2",0.958
"USP5","USP7",0.852
"USP5","USP39",0.772
"USP5","CACNA1H",0.88
"USP5","UBA52",0.97
"TPI1","HSP90AA1",0.7
"TPI1","ATP5F1C",0.776
"TPI1","HSPE1",0.761
"TPI1","GOT2",0.77
"TPI1","PKLR",0.874
"TPI1","TKFC",0.992
"TPI1","PKM",0.963
"TPI1","EEF2",0.733
"TPI1","ACO1",0.724
"TPI1","PARP8",0.752
"TPI1","CS",0.742
"TPI1","MDH2",0.856
"TPI1","GK",0.701
"TPI1","PGD",0.787
"APOBEC1","SYNCRIP",0.772
"APOBEC1","APOB",0.963
"GOLT1B","UMPS",0.957
"CMAS","SLC35A1",0.712
"HCFC2","CREB3",0.924
"HCFC2","RBBP5",0.955
"CLEC4A","TLR2",0.711
"CLEC4A","LY75",0.877
"CLEC4A","TLR8",0.717
"AICDA","PRKDC",0.701
"AICDA","COX5A",0.819
"AICDA","PAX5",0.876
"AICDA","IL4",0.725
"AICDA","CD27",0.728
"AICDA","UQCRFS1",0.761
"AICDA","COX5B",0.736
"AICDA","CYC1",0.801
"AICDA","CD19",0.788
"AICDA","COX7C",0.786
"AICDA","UQCR10",0.708
"AICDA","CD40",0.805
"RAB35","PODXL",0.809
"SRSF9","SRSF4",0.854
"SRSF9","NCBP2",0.865
"SRSF9","PCBP2",0.704
"SRSF9","NCBP1",0.875
"SRSF9","MAGOHB",0.715
"SRSF9","SNRNP70",0.751
"SRSF9","SRSF2",0.98
"SRSF9","YBX1",0.885
"SRSF9","NXF3",0.706
"SRSF9","HNRNPA1",0.91
"SRSF9","DHX38",0.815
"SRSF9","SRSF1",0.984
"SRSF9","SRRM1",0.78
"KLRB1","CD19",0.747
"KLRB1","CD8A",0.891
"KLRB1","CCR7",0.805
"KLRB1","IL18R1",0.708
"KLRB1","CCRL2",0.881
"KLRB1","GZMK",0.931
"KLRB1","IL7R",0.861
"KLRB1","TRAT1",0.705
"KLRB1","GZMA",0.944
"KLRB1","CD3D",0.815
"KLRB1","CD27",0.712
"ASF1A","NASP",0.995
"ASF1A","MCM4",0.899
"ASF1A","SNU13",0.793
"ASF1A","HAT1",0.945
"ASF1A","H2AZ1",0.781
"ASF1A","HIRA",0.999
"ASF1A","H3-4",0.997
"ASF1A","H3-3B",0.999
"ASF1A","MCM2",0.992
"ASF1A","MCM6",0.9
"ASF1A","ASF1B",0.871
"ASF1A","SRSF1",0.897
"ASF1A","RBBP7",0.935
"ASF1A","RBBP4",0.929
"ASF1A","H4C2",0.972
"ASF1A","MCM7",0.879
"ASF1A","H4C6",0.996
"SLC44A4","CD80",0.927
"FBXO5","MAD2L1",0.838
"FBXO5","GMNN",0.867
"FBXO5","TK1",0.766
"FBXO5","SKP1",0.997
"FBXO5","CCNA1",0.763
"FBXO5","ANAPC2",0.989
"FBXO5","CUL1",0.985
"FBXO5","PLK1",0.978
"FBXO5","BUB1B",0.739
"FBXO5","MRPS16",0.719
"FBXO5","PTTG1",0.739
"FBXO5","CHEK1",0.779
"FBXO5","CDC16",0.984
"FBXO5","CCNB1",0.88
"FBXO5","MRPL17",0.707
"FBXO5","ANAPC5",0.977
"FANCE","IFI35",0.911
"FANCE","RPS14",0.931
"FANCE","WRN",0.752
"FANCE","RPL12",0.954
"FANCE","MRPL20",0.969
"FANCE","RPS23",0.978
"FANCE","EPRS1",0.851
"FANCE","RPL13A",0.932
"FANCE","RPL10L",0.932
"FANCE","RPL38",0.954
"FANCE","ATP5F1A",0.835
"FANCE","ARL6IP1",0.854
"FANCE","HMGN4",0.805
"FANCE","RPS9",0.98
"FANCE","MTIF2",0.826
"FANCE","RSL24D1",0.864
"FANCE","EFL1",0.806
"FANCE","RPL27",0.976
"FANCE","RPL22",0.87
"FANCE","PDCD11",0.926
"FANCE","RPL3L",0.929
"FANCE","RPS3",0.981
"FANCE","MRPL24",0.836
"FANCE","MRPL16",0.778
"FANCE","EIF5A",0.804
"FANCE","HSPBP1",0.773
"FANCE","CENPS",0.999
"FANCE","MRNIP",0.921
"FANCE","RPS11",0.982
"FANCE","RPS4Y1",0.863
"FANCE","MRPL19",0.971
"FANCE","RPL37",0.963
"FANCE","GUF1",0.717
"FANCE","NHP2",0.741
"FANCE","RPL3",0.929
"FANCE","MRPL9",0.97
"FANCE","DOCK4",0.899
"FANCE","EIF5B",0.868
"FANCE","TSFM",0.735
"FANCE","EEF2",0.932
"FANCE","HMGN1",0.798
"FANCE","MRPS15",0.838
"FANCE","MRPS7",0.857
"FANCE","RPL36AL",0.826
"FANCE","SEC61A2",0.87
"FANCE","MRPS14",0.837
"FANCE","RPL14",0.974
"FANCE","RPL39L",0.908
"FANCE","RSAD1",0.916
"FANCE","SEC61A1",0.87
"FANCE","CHEK1",0.785
"FANCE","EIF5A2",0.802
"FANCE","RPL30",0.979
"FANCE","MRPL33",0.955
"FANCE","RPLP1",0.97
"FANCE","RPS4X",0.863
"FANCE","NOP53",0.753
"FANCE","RPL4",0.981
"FANCE","RPL8",0.978
"FANCE","MRPL12",0.953
"FANCE","EIF6",0.783
"FANCE","MED1",0.932
"FANCE","BRCA1",0.92
"FANCE","UBA52",0.979
"FANCE","RPS6",0.976
"FANCE","RPL37A",0.957
"FANCE","RPL24",0.978
"FANCE","RPS2",0.978
"FANCE","MRPL17",0.971
"FANCE","IMP3",0.887
"FANCE","RPS21",0.974
"FANCE","MRPL11",0.777
"FANCE","TUFM",0.971
"FANCE","RPS27L",0.916
"FANCE","MRPS12",0.889
"FANCE","MRPS11",0.834
"FANCE","MRTO4",0.89
"FANCE","MRPL4",0.838
"FANCE","MRPL2",0.84
"FANCE","RPL13",0.978
"FANCE","BARD1",0.791
"FANCE","RPL15",0.976
"FANCE","FANCI",0.999
"FANCE","BRCA2",0.899
"FANCE","MRPS16",0.969
"FANCE","RPS19",0.976
"FANCE","PALB2",0.884
"FANCE","RPL23",0.981
"FANCE","ATP5F1C",0.763
"FANCE","MRPL3",0.837
"FANCE","RPL10",0.932
"FANCE","SIL1",0.773
"FANCE","RPL5",0.983
"FANCE","RPS16",0.976
"TULP1","PRPF31",0.742
"MAPK14","ESR2",0.921
"MAPK14","STAT1",0.783
"MAPK14","IL1B",0.782
"MAPK14","MED1",0.929
"MAPK14","CARD9",0.939
"MAPK14","CASP3",0.817
"MAPK14","ATM",0.722
"MAPK14","GNB5",0.737
"MAPK14","PGR",0.92
"MAPK14","MAP2K2",0.951
"MAPK14","CDC25C",0.952
"MAPK14","CEBPB",0.961
"MAPK14","JUN",0.992
"MAPK14","TP53",0.994
"MAPK14","EP300",0.741
"MAPK14","STAT3",0.718
"MAPK14","SRC",0.818
"MAPK14","IL6",0.848
"MAPK14","MAP2K6",0.997
"MAPK14","ZAP70",0.951
"MAPK14","PTK2",0.941
"MAPK14","EGFR",0.799
"MAPK14","MAP2K1",0.97
"MAPK14","FOXO3",0.949
"MAPK14","MAP3K7",0.939
"MAPK14","FYN",0.749
"MAPK14","RB1",0.811
"MAPK14","MAPK3",0.989
"MAPK14","GNB1",0.76
"MAPK14","SP1",0.948
"MAPK14","CDC25B",0.951
"MAPK14","TLR4",0.762
"MAPK14","KRAS",0.807
"MAPK14","CARM1",0.919
"MAPK14","MAP3K5",0.936
"STK38","CDC14A",0.702
"HLA-DOA","BRD3",0.825
"GPLD1","PLPP2",0.761
"GPLD1","ALPL",0.774
"GPLD1","PLD2",0.842
"GMNN","ORC3",0.763
"GMNN","ORC1",0.734
"GMNN","MCM4",0.838
"GMNN","MCM10",0.768
"GMNN","CDK2",0.797
"GMNN","CDT1",0.999
"GMNN","MCM2",0.739
"GMNN","MCM6",0.951
"GMNN","CKS2",0.787
"GMNN","MCM7",0.729
"SNX3","SNX4",0.722
"SNX3","RAB7A",0.874
"SNX3","VPS35",0.999
"FIG4","PIKFYVE",0.999
"FIG4","TARDBP",0.835
"FIG4","SQSTM1",0.755
"FIG4","DCTN1",0.775
"FIG4","PIK3C3",0.951
"BYSL","HEATR1",0.998
"BYSL","DHX8",0.894
"BYSL","RPS2",0.998
"BYSL","RPS6",0.999
"BYSL","MTREX",0.985
"BYSL","EBNA1BP2",0.926
"BYSL","GNL2",0.912
"BYSL","EXOSC8",0.842
"BYSL","RPL4",0.86
"BYSL","PNO1",0.999
"BYSL","RPS4X",0.983
"BYSL","UTP6",0.999
"BYSL","NOP53",0.883
"BYSL","POLR1E",0.866
"BYSL","PA2G4",0.707
"BYSL","NIP7",0.952
"BYSL","DHX15",0.969
"BYSL","EXOSC4",0.864
"BYSL","RPS19",0.994
"BYSL","DDX47",0.77
"BYSL","CSNK1E",0.931
"BYSL","EXOSC7",0.858
"BYSL","DDX18",0.963
"BYSL","RPL10",0.848
"BYSL","RPS16",0.997
"BYSL","MAK16",0.938
"BYSL","NGDN",0.998
"BYSL","NOL11",0.847
"BYSL","MRPS12",0.784
"BYSL","RPS27L",0.903
"BYSL","RRS1",0.945
"BYSL","IMP3",0.997
"BYSL","RPS21",0.992
"BYSL","NOC4L",0.999
"BYSL","MRTO4",0.954
"BYSL","MRPS11",0.779
"BYSL","UTP14A",0.997
"BYSL","MRPL4",0.741
"BYSL","POLR1B",0.856
"BYSL","PDCD11",0.998
"BYSL","RSL24D1",0.913
"BYSL","DNTTIP2",0.994
"BYSL","TSR1",0.999
"BYSL","UTP20",0.998
"BYSL","RPS3",0.998
"BYSL","CSNK1D",0.955
"BYSL","UTP11",0.998
"BYSL","CEBPZ",0.912
"BYSL","SNU13",0.992
"BYSL","WDR12",0.88
"BYSL","RPS14",0.996
"BYSL","GRWD1",0.958
"BYSL","NOC3L",0.841
"BYSL","GTPBP4",0.919
"BYSL","FTSJ3",0.949
"BYSL","RRP7A",0.998
"BYSL","RCL1",0.999
"BYSL","ARL6IP1",0.772
"BYSL","RPS9",0.998
"BYSL","UTP3",0.999
"BYSL","RPS23",0.984
"BYSL","RRP9",0.999
"BYSL","RPL10L",0.843
"BYSL","BRIX1",0.947
"BYSL","FCF1",0.996
"BYSL","WDR3",0.999
"BYSL","RRP1B",0.877
"BYSL","BUD23",0.985
"BYSL","NAT10",0.999
"BYSL","IMP4",0.999
"BYSL","NOL7",0.807
"BYSL","MRPS15",0.78
"BYSL","MRPS7",0.802
"BYSL","GNL3",0.881
"BYSL","RPS11",0.992
"BYSL","MRNIP",0.845
"BYSL","RPS4Y1",0.884
"BYSL","TROAP",0.998
"BYSL","RIOK2",0.999
"BYSL","EXOSC10",0.988
"BYSL","NOC2L",0.921
"BYSL","NOL6",0.999
"BYSL","MPHOSPH10",0.998
"BYSL","GNL3L",0.859
"BYSL","NHP2",0.861
"BYSL","RPF1",0.916
"BYSL","NOL10",0.999
"TBP","POLR2J",0.956
"TBP","CCNT1",0.759
"TBP","PGR",0.715
"TBP","H3-4",0.858
"TBP","HDAC1",0.865
"TBP","H3-3B",0.917
"TBP","MED23",0.927
"TBP","HTT",0.798
"TBP","TRRAP",0.799
"TBP","POLR2F",0.967
"TBP","CDK7",0.983
"TBP","ERCC3",0.998
"TBP","MED9",0.847
"TBP","MED4",0.858
"TBP","MED8",0.929
"TBP","JUN",0.777
"TBP","TP53",0.997
"TBP","MED25",0.85
"TBP","EP300",0.946
"TBP","TAF7",0.999
"TBP","GTF2E1",0.999
"TBP","SDHA",0.756
"TBP","TBPL1",0.941
"TBP","MED1",0.954
"TBP","SUB1",0.77
"TBP","GTF2F2",0.999
"TBP","MED15",0.884
"TBP","GTF2H4",0.997
"TBP","POLR2D",0.986
"TBP","MED14",0.965
"TBP","UBA52",0.717
"TBP","YWHAZ",0.704
"TBP","RAD21",0.793
"TBP","H4C2",0.841
"TBP","MED21",0.916
"TBP","TCEA2",0.898
"TBP","H4C6",0.963
"TBP","GTF2E2",0.998
"TBP","POLR2B",0.982
"TBP","POLR2L",0.971
"TBP","MDM2",0.781
"TBP","BTAF1",0.999
"TBP","MNAT1",0.971
"TBP","FOXA1",0.758
"TBP","POLR3K",0.796
"TBP","ATXN1",0.737
"TBP","E2F1",0.786
"TBP","SUPT3H",0.902
"TBP","TAF4",0.999
"TBP","SP1",0.994
"TBP","RUVBL1",0.895
"TBP","TAF10",0.999
"TBP","TAF12",0.999
"TBP","TAF5L",0.875
"TBP","MED17",0.962
"TBP","POLR1B",0.808
"TBP","MED16",0.858
"TBP","POLR1D",0.888
"TBP","MED28",0.846
"TBP","MED7",0.963
"TBP","NFYB",0.794
"TBP","H2AZ1",0.947
"TBP","GTF2B",0.999
"TBP","GTF2H1",0.988
"TBP","POLR2G",0.974
"TBP","YY1",0.74
"TBP","TAF11",0.999
"GUCA1B","GUF1",0.76
"GUCA1B","RHO",0.751
"GUCA1B","ROM1",0.736
"PRPH2","RHO",0.935
"PRPH2","PRPF31",0.8
"PRPH2","ROM1",0.995
"EXOC2","RAB11A",0.921
"EXOC2","RAB8A",0.82
"EXOC2","TBK1",0.996
"LAMA4","PTK2",0.717
"LAMA4","ITGA2B",0.717
"LAMA4","COL4A2",0.798
"LAMA4","FN1",0.814
"LAMA4","ITGA3",0.851
"LAMA4","ITGB5",0.845
"LAMA4","ITGA9",0.77
"LAMA4","COL3A1",0.75
"LAMA4","ITGA5",0.888
"LAMA4","COL6A1",0.743
"LAMA4","LAMC1",0.98
"LAMA4","ITGB7",0.73
"LAMA4","LAMA5",0.78
"LAMA4","ITGA2",0.838
"LAMA4","ITGB6",0.802
"LAMA4","ITGAV",0.805
"MEP1A","SI",0.706
"MEP1A","NTS",0.718
"MTREX","C1D",0.999
"MTREX","IMP4",0.815
"MTREX","NAT10",0.946
"MTREX","FCF1",0.846
"MTREX","NCBP2",0.921
"MTREX","WDR3",0.985
"MTREX","NOL6",0.917
"MTREX","RPL3",0.711
"MTREX","DHX9",0.901
"MTREX","MFAP1",0.825
"MTREX","MPHOSPH10",0.863
"MTREX","GNL3L",0.774
"MTREX","NOL10",0.846
"MTREX","GNL3",0.79
"MTREX","EXOSC10",0.999
"MTREX","RBM25",0.876
"MTREX","NOC2L",0.839
"MTREX","UTP20",0.9
"MTREX","RPL3L",0.713
"MTREX","CEBPZ",0.875
"MTREX","UTP11",0.822
"MTREX","POLR1B",0.912
"MTREX","PDCD11",0.98
"MTREX","RSL24D1",0.905
"MTREX","NCBP1",0.913
"MTREX","DNTTIP2",0.7
"MTREX","RRP9",0.878
"MTREX","UTP3",0.946
"MTREX","RBM39",0.888
"MTREX","BRIX1",0.787
"MTREX","RPL38",0.705
"MTREX","WDR12",0.709
"MTREX","SNU13",0.844
"MTREX","GRWD1",0.892
"MTREX","NOC3L",0.862
"MTREX","GTPBP4",0.95
"MTREX","RRP7A",0.777
"MTREX","RCL1",0.905
"MTREX","TXNL4A",0.826
"MTREX","DDX18",0.846
"MTREX","EXOSC7",0.998
"MTREX","RPL5",0.822
"MTREX","SRRM2",0.818
"MTREX","EXOSC4",0.998
"MTREX","DHX15",0.959
"MTREX","DDX47",0.792
"MTREX","ZFC3H1",0.995
"MTREX","NOC4L",0.928
"MTREX","UTP14A",0.945
"MTREX","MRTO4",0.908
"MTREX","IMP3",0.793
"MTREX","RRS1",0.772
"MTREX","WBP11",0.829
"MTREX","PRP4K",0.823
"MTREX","RPS6",0.715
"MTREX","RBM5",0.84
"MTREX","HEATR1",0.933
"MTREX","DHX8",0.726
"MTREX","UTP6",0.892
"MTREX","TCERG1",0.831
"MTREX","NOP53",0.999
"MTREX","PA2G4",0.734
"MTREX","NIP7",0.768
"MTREX","PRPF6",0.85
"MTREX","RBM7",0.999
"MTREX","RPL30",0.744
"MTREX","GNL2",0.923
"MTREX","EBNA1BP2",0.752
"MTREX","EXOSC8",0.996
"MTREX","SRRM1",0.821
"ISL1","SOX2",0.774
"ISL1","SST",0.728
"HBEGF","MMP3",0.843
"HBEGF","CD9",0.98
"HBEGF","EGFR",0.999
"HBEGF","ERBB3",0.991
"HBEGF","SRC",0.809
"HBEGF","ERBB2",0.944
"HBEGF","GPNMB",0.778
"HBEGF","EGF",0.992
"HBEGF","MMP14",0.938
"HBEGF","FGF2",0.829
"LOX","IL1B",0.727
"LOX","THBS1",0.807
"LOX","ADAMTS2",0.75
"LOX","COL3A1",0.843
"LOX","PLOD2",0.704
"LOX","FN1",0.931
"LOX","EGFR",0.71
"LOX","POSTN",0.811
"LOX","SNAI1",0.725
"LOX","COL6A1",0.736
"LOX","COL5A1",0.703
"GZMK","CCL5",0.851
"GZMK","CCR7",0.787
"GZMK","CD8A",0.915
"GZMK","CCR5",0.734
"GZMK","IL7R",0.767
"GZMK","CD3D",0.941
"GZMK","GZMA",0.971
"GZMK","CD27",0.712
"CDH9","CDH2",0.745
"CDH9","CTNNA1",0.752
"SPARC","LUM",0.954
"SPARC","ALB",0.991
"SPARC","VWF",0.765
"SPARC","FSTL1",0.779
"SPARC","POSTN",0.797
"SPARC","THBS2",0.735
"SPARC","THBS1",0.847
"SPARC","COL3A1",0.911
"SPARC","SPP1",0.984
"SPARC","APOB",0.818
"SPARC","FN1",0.969
"IL12B","IFNAR1",0.709
"IL12B","IFNGR1",0.867
"IL12B","P4HB",0.767
"IL12B","IL10",0.725
"IL12B","IL10RB",0.7
"TTC1","HSP90AB1",0.744
"TTC1","HSPA4",0.982
"TTC1","HSP90AA1",0.856
"TTC1","PPP1R7",0.785
"TTC1","VAPA",0.819
"LNPEP","TERF1",0.722
"LNPEP","RAB8A",0.708
"IL4","CCL5",0.828
"IL4","CD80",0.894
"IL4","CCR7",0.735
"IL4","IFNAR1",0.855
"IL4","STAT5B",0.749
"IL4","ALB",0.725
"IL4","CXCL13",0.749
"IL4","CD8A",0.947
"IL4","IFNB1",0.72
"IL4","IRS1",0.813
"IL4","IFNGR1",0.892
"IL4","MTOR",0.744
"IL4","CXCL8",0.997
"IL4","CCR5",0.781
"IL4","IL10",0.986
"IL4","CD19",0.879
"IL4","CCL11",0.955
"IL4","IRF1",0.741
"IL4","EGFR",0.82
"IL4","IFNA1",0.794
"IL4","IL7R",0.952
"IL4","TLR4",0.869
"IL4","PDGFRA",0.756
"IL4","CCRL2",0.788
"IL4","IL3",0.981
"IL4","IL10RB",0.842
"IL4","CD40",0.929
"IL4","STAT6",0.997
"IL4","CRP",0.822
"IL4","CD68",0.724
"IL4","IL1A",0.995
"IL4","IL18",0.897
"IL4","IL13",0.993
"IL4","STAT5A",0.758
"IL4","IDO1",0.7
"IL4","CXCR3",0.785
"IL4","ICAM1",0.811
"IL4","IL1B",0.998
"IL4","IL13RA1",0.999
"IL4","STAT1",0.891
"IL4","JAK2",0.856
"IL4","CXCL9",0.735
"IL4","IL6",0.986
"IL4","ARG1",0.88
"IL4","CD27",0.746
"IL4","STAT3",0.92
"IL4","CXCL10",0.882
"IL4","TP53",0.718
"IL4","SOCS3",0.727
"IL4","TLR2",0.834
"IL4","PDGFRB",0.757
"IL4","CXCR5",0.79
"IL4","FN1",0.837
"IL5","STAT6",0.833
"IL5","PDGFRB",0.73
"IL5","CD40",0.789
"IL5","IL10RB",0.759
"IL5","IL3",0.999
"IL5","PDGFRA",0.775
"IL5","CXCL10",0.801
"IL5","IL7R",0.87
"IL5","IFNA1",0.716
"IL5","IL6",0.977
"IL5","CXCL9",0.718
"IL5","EGFR",0.762
"IL5","JAK2",0.889
"IL5","IL13RA1",0.886
"IL5","CCL11",0.934
"IL5","IL10",0.982
"IL5","CCR5",0.703
"IL5","CXCL8",0.932
"IL5","IL1B",0.998
"IL5","IFNGR1",0.838
"IL5","CD8A",0.865
"IL5","STAT5A",0.777
"IL5","STAT5B",0.777
"IL5","IL13",0.991
"IL5","IFNAR1",0.768
"IL5","IL18",0.786
"IL5","IL1A",0.918
"IL5","CD80",0.77
"IL5","CCL5",0.836
"IL5","CCR1",0.723
"SKP1","UBE2D2",0.989
"SKP1","YAF2",0.927
"SKP1","HEY1",0.991
"SKP1","CCNA1",0.982
"SKP1","PSMA6",0.71
"SKP1","CDK2",0.999
"SKP1","SKP2",0.999
"SKP1","UBA3",0.878
"SKP1","ANK2",0.893
"SKP1","METAP2",0.711
"SKP1","NEDD8",0.994
"SKP1","UBE2M",0.888
"SKP1","USP7",0.838
"SKP1","PPP2R2A",0.778
"SKP1","UBA52",0.954
"SKP1","CDKN1A",0.98
"SKP1","COPS5",0.88
"SKP1","CKS2",0.971
"SKP1","CUL3",0.968
"SKP1","CDK4",0.723
"SKP1","CDK6",0.755
"SKP1","CCNF",0.999
"SKP1","SMAD2",0.918
"SKP1","AXIN1",0.785
"SKP1","PCGF1",0.998
"SKP1","CUL1",0.999
"SKP1","SMAD3",0.919
"SKP1","TBL1XR1",0.962
"SKP1","TRRAP",0.884
"SKP1","PLK1",0.753
"SKP1","HSP90AA1",0.818
"SKP1","CDC25A",0.873
"SKP1","KEAP1",0.886
"SKP1","CDCA3",0.868
"SKP1","EP300",0.732
"SKP1","HSP90AB1",0.813
"SKP1","TP53",0.812
"SKP1","HSPA4",0.725
"SKP1","GSK3B",0.768
"SKP1","CCNE1",0.991
"SKP1","PPP2R2B",0.747
"NUP155","NUP54",0.999
"NUP155","TPR",0.939
"NUP155","BTF3",0.772
"NUP155","NIPBL",0.799
"NUP155","UBE2I",0.763
"NUP155","SEH1L",0.999
"NUP155","HDAC4",0.966
"NUP155","RANBP2",0.999
"NUP155","NUP160",0.994
"NUP155","NUP93",0.999
"NUP155","NUP50",0.967
"NUP155","SEC13",0.996
"NUP155","NUP43",0.994
"NUP155","NUP133",0.998
"NUP155","NUP98",0.999
"NUP155","AHCTF1",0.987
"NR3C1","BCL2A1",0.7
"NR3C1","DAP3",0.736
"NR3C1","STAT5B",0.835
"NR3C1","SMARCA2",0.72
"NR3C1","EGFR",0.87
"NR3C1","SUMO1",0.794
"NR3C1","PRKACA",0.7
"NR3C1","HDAC2",0.862
"NR3C1","PRKACG",0.7
"NR3C1","CREBBP",0.943
"NR3C1","NCOR1",0.995
"NR3C1","STAT5A",0.798
"NR3C1","MED1",0.852
"NR3C1","SMARCA4",0.924
"NR3C1","AR",0.795
"NR3C1","ADRB2",0.727
"NR3C1","UBE2I",0.731
"NR3C1","MED15",0.726
"NR3C1","STAT1",0.701
"NR3C1","ARID1A",0.758
"NR3C1","DAXX",0.903
"NR3C1","MED14",0.808
"NR3C1","SMARCD1",0.744
"NR3C1","HSPA4",0.992
"NR3C1","TP53",0.936
"NR3C1","EP300",0.914
"NR3C1","HSP90AB1",0.998
"NR3C1","JUN",0.961
"NR3C1","STAT3",0.981
"NR3C1","CEBPB",0.886
"NR3C1","PGR",0.733
"NR3C1","SMAD2",0.789
"NR3C1","HDAC1",0.929
"NR3C1","HSP90AA1",0.999
"NR3C1","SMAD3",0.942
"TRIM23","UBA52",0.907
"TRIM23","TRAF3",0.74
"TRIM23","UBE2E1",0.82
"TRIM23","TBK1",0.759
"TRIM23","UBE2D2",0.973
"RARS1","NARS1",0.909
"RARS1","MARS1",0.999
"RARS1","MED1",0.769
"RARS1","QARS1",0.999
"RARS1","OAT",0.843
"RARS1","KARS1",0.999
"RARS1","RPS9",0.725
"RARS1","EPRS1",0.999
"RARS1","RPS3",0.754
"RARS1","EEF1E1",0.996
"RARS1","WARS2",0.803
"RARS1","PPARG",0.704
"RARS1","NCOR1",0.942
"BNIP1","BNIP3",0.837
"BNIP1","VAMP4",0.858
"BNIP1","STX6",0.926
"BNIP1","NAPA",0.93
"BNIP1","SNX4",0.724
"BNIP1","ATG14",0.802
"BNIP1","STX8",0.711
"BNIP1","PIK3R4",0.877
"BNIP1","VAMP2",0.773
"BNIP1","STX5",0.906
"ZMYND10","NPRL2",0.754
"LTF","PRL",0.771
"LTF","ORM1",0.715
"LTF","HPX",0.722
"LTF","TLR4",0.827
"LTF","MMP8",0.83
"LTF","CLU",0.993
"LTF","C3",0.711
"LTF","APOA1",0.829
"LTF","ALB",0.996
"LTF","IL10",0.716
"LTF","CP",0.971
"LTF","TFRC",0.889
"LTF","APOE",0.828
"LTF","SPP1",0.772
"LTF","TTR",0.803
"LTF","LCN1",0.923
"LTF","AHSG",0.744
"MLH1","POLE",0.879
"MLH1","PTEN",0.83
"MLH1","WRN",0.835
"MLH1","CDK2",0.733
"MLH1","RFC4",0.89
"MLH1","NBN",0.891
"MLH1","KRAS",0.868
"MLH1","STK11",0.73
"MLH1","TGFBR2",0.702
"MLH1","CDK4",0.743
"MLH1","PRKDC",0.863
"MLH1","ATM",0.997
"MLH1","EPCAM",0.837
"MLH1","BRCA1",0.994
"MLH1","H2AX",0.844
"MLH1","EXO1",0.999
"MLH1","PIK3CA",0.789
"MLH1","TP53",0.965
"MLH1","BARD1",0.784
"MLH1","ERCC3",0.827
"MLH1","XPA",0.838
"MLH1","XRCC5",0.761
"MLH1","RAD23B",0.745
"MLH1","BRCA2",0.954
"MLH1","FANCI",0.789
"MLH1","PALB2",0.892
"MLH1","FEN1",0.73
"MLH1","PCNA",0.893
"EHHADH","ACOX3",0.993
"EHHADH","HADHB",0.999
"EHHADH","ALDH9A1",0.946
"EHHADH","ACAA2",0.995
"EHHADH","ACADL",0.977
"EHHADH","PEX13",0.807
"EHHADH","ACAA1",0.998
"EHHADH","CS",0.712
"CRBN","DCAF15",0.965
"CRBN","COPS5",0.879
"CRBN","BRD4",0.978
"CRBN","JUN",0.71
"CRBN","CUL1",0.73
"CRBN","COPS2",0.804
"CRBN","GSPT1",0.99
"CRBN","GLUL",0.812
"CRBN","ERCC8",0.9
"CRBN","MDM2",0.7
"CRBN","NEDD8",0.882
"HRG","THBS1",0.786
"HRG","SERPINF2",0.768
"HRG","AHSG",0.924
"HRG","AGXT",0.896
"HRG","FGB",0.851
"HRG","APOB",0.805
"HRG","F12",0.714
"HRG","AZGP1",0.704
"HRG","ALB",0.758
"HRG","APOA1",0.78
"HRG","C3",0.848
"HRG","ITIH4",0.77
"HRG","F2",0.837
"RBP1","RBP4",0.91
"RBP1","TTR",0.758
"PFKFB4","HK3",0.747
"HES1","HEY1",0.919
"HES1","NOTCH2",0.812
"HES1","CENPS",0.8
"HES1","SI",0.719
"HES1","FANCI",0.9
"GNAT1","GNB5",0.817
"GNAT1","OPN1SW",0.826
"GNAT1","METAP1",0.75
"GNAT1","GNG11",0.768
"GNAT1","GNB1",0.992
"GNAT1","METAP2",0.75
"GNAT1","GNG3",0.712
"GNAT1","RHO",0.999
"GNAT1","GNGT1",0.973
"NPRL2","RRAGA",0.999
"NPRL2","WDR59",0.999
"NPRL2","MTOR",0.792
"NPRL2","SEC13",0.994
"NPRL2","RRAGD",0.897
"NPRL2","SEH1L",0.999
"NPRL2","LAMTOR5",0.947
"NPRL2","MIOS",0.999
"UMPS","CAD",0.946
"UMPS","DTYMK",0.735
"UMPS","CMPK1",0.776
"UMPS","NT5C",0.938
"UMPS","KISS1",0.957
"UMPS","ENTPD5",0.921
"UMPS","NT5E",0.926
"UMPS","PPAT",0.783
"UMPS","CYP2A6",0.93
"UMPS","ATIC",0.765
"KLHL18","CUL3",0.91
"RRP9","RPL4",0.89
"RRP9","PNO1",0.974
"RRP9","RPS4X",0.954
"RRP9","UTP6",0.999
"RRP9","POLR1E",0.856
"RRP9","RRP15",0.744
"RRP9","NIP7",0.892
"RRP9","EBNA1BP2",0.717
"RRP9","GNL2",0.83
"RRP9","EXOSC8",0.765
"RRP9","RPS6",0.988
"RRP9","HEATR1",0.999
"RRP9","NOC4L",0.999
"RRP9","MRTO4",0.878
"RRP9","UTP14A",0.996
"RRP9","MRPS11",0.715
"RRP9","MRPL4",0.853
"RRP9","NOL11",0.937
"RRP9","RPS27L",0.855
"RRP9","MRPS12",0.831
"RRP9","RRS1",0.854
"RRP9","IMP3",0.998
"RRP9","EXOSC7",0.784
"RRP9","RPS16",0.985
"RRP9","MAK16",0.83
"RRP9","NGDN",0.998
"RRP9","DHX15",0.77
"RRP9","EXOSC4",0.834
"RRP9","RPS19",0.97
"RRP9","DDX47",0.843
"RRP9","RPS9",0.994
"RRP9","UTP3",0.998
"RRP9","RPS23",0.992
"RRP9","BRIX1",0.769
"RRP9","SNU13",0.999
"RRP9","WDR12",0.916
"RRP9","RPS14",0.98
"RRP9","GRWD1",0.928
"RRP9","FTSJ3",0.823
"RRP9","RCL1",0.998
"RRP9","RRP7A",0.998
"RRP9","TSR1",0.871
"RRP9","UTP20",0.998
"RRP9","UTP11",0.996
"RRP9","PDCD11",0.995
"RRP9","DNTTIP2",0.991
"RRP9","NOL6",0.999
"RRP9","MPHOSPH10",0.999
"RRP9","NHP2",0.943
"RRP9","NOL10",0.996
"RRP9","MRNIP",0.843
"RRP9","RPS11",0.982
"RRP9","RPS4Y1",0.767
"RRP9","EXOSC10",0.963
"RRP9","NOC2L",0.857
"RRP9","NAT10",0.998
"RRP9","IMP4",0.999
"RRP9","C1D",0.779
"RRP9","NOL7",0.809
"RRP9","MRPS15",0.777
"RRP9","ZNF593",0.763
"RRP9","MRPS7",0.805
"RRP9","FCF1",0.997
"RRP9","WDR3",0.998
"RRP9","THOC1",0.735
"RRP9","RRP1B",0.721
"EIF1B","EIF3G",0.948
"EIF1B","RPS14",0.82
"EIF1B","RPS23",0.875
"EIF1B","RPS9",0.883
"EIF1B","EIF1AY",0.982
"EIF1B","EIF3K",0.844
"EIF1B","RPS3",0.919
"EIF1B","EIF3J",0.911
"EIF1B","MRNIP",0.805
"EIF1B","RPS11",0.903
"EIF1B","ABCE1",0.715
"EIF1B","EIF2S2",0.915
"EIF1B","EIF1AX",0.986
"EIF1B","EIF2S1",0.953
"EIF1B","EIF3I",0.951
"EIF1B","RSAD1",0.797
"EIF1B","RPS6",0.882
"EIF1B","EIF3B",0.963
"EIF1B","RPS2",0.877
"EIF1B","RPS21",0.833
"EIF1B","RPS27L",0.81
"EIF1B","EIF3A",0.946
"EIF1B","RPS19",0.877
"EIF1B","RPS16",0.903
"SPCS1","SEC61G",0.811
"EIF2AK2","IRF7",0.885
"EIF2AK2","STAT2",0.88
"EIF2AK2","TRIM25",0.866
"EIF2AK2","DHX9",0.808
"EIF2AK2","TLR3",0.772
"EIF2AK2","OASL",0.773
"EIF2AK2","ILF2",0.783
"EIF2AK2","IFNA1",0.78
"EIF2AK2","IRF3",0.841
"EIF2AK2","IFITM3",0.839
"EIF2AK2","IFI6",0.811
"EIF2AK2","RIGI",0.991
"EIF2AK2","IFIT3",0.943
"EIF2AK2","EIF2S1",0.999
"EIF2AK2","HSPA5",0.871
"EIF2AK2","HERC6",0.802
"EIF2AK2","AIM2",0.887
"EIF2AK2","FADD",0.944
"EIF2AK2","IFI35",0.722
"EIF2AK2","IFI27",0.732
"EIF2AK2","IFIT1",0.993
"EIF2AK2","RSAD2",0.953
"EIF2AK2","IFNAR1",0.709
"EIF2AK2","RNASEL",0.911
"EIF2AK2","IFI44",0.951
"EIF2AK2","IFNB1",0.794
"EIF2AK2","IFITM1",0.711
"EIF2AK2","IRS1",0.966
"EIF2AK2","STAT3",0.879
"EIF2AK2","TARBP2",0.844
"EIF2AK2","HERC5",0.917
"EIF2AK2","TP53",0.775
"EIF2AK2","IFIT5",0.855
"EIF2AK2","TRIM22",0.737
"EIF2AK2","MX2",0.912
"EIF2AK2","OAS2",0.934
"EIF2AK2","DDX60",0.701
"EIF2AK2","DHX58",0.87
"EIF2AK2","IFI16",0.778
"EIF2AK2","RIPK1",0.974
"EIF2AK2","IFI44L",0.927
"EIF2AK2","TRIM5",0.7
"EIF2AK2","TRAF2",0.762
"EIF2AK2","ILF3",0.977
"EIF2AK2","IRF9",0.769
"EIF2AK2","XAF1",0.897
"EIF2AK2","STAT1",0.98
"EIF2AK2","MX1",0.979
"EIF2AK2","OAS1",0.929
"EIF2AK2","NLRP3",0.896
"EIF2AK2","ADAR",0.873
"EIF2AK2","CHUK",0.977
"EIF2AK2","IL1B",0.704
"MAPRE3","HCLS1",0.766
"MAPRE3","TUBA1B",0.944
"MAPRE3","TUBB2B",0.948
"MAPRE3","KIF2C",0.762
"MAPRE3","DCTN1",0.984
"TMSB10","BAMBI",0.825
"TMSB10","GPNMB",0.851
"TMSB10","PMEL",0.761
"MSH2","RAD23B",0.946
"MSH2","BRCA2",0.968
"MSH2","FANCI",0.784
"MSH2","PCNA",0.972
"MSH2","PALB2",0.898
"MSH2","FEN1",0.948
"MSH2","TP53",0.974
"MSH2","BARD1",0.805
"MSH2","ERCC3",0.829
"MSH2","DNMT1",0.718
"MSH2","XRCC5",0.973
"MSH2","XPA",0.908
"MSH2","BRCA1",0.994
"MSH2","ARID1A",0.974
"MSH2","CETN2",0.917
"MSH2","H2AX",0.712
"MSH2","EXO1",0.999
"MSH2","PRKDC",0.957
"MSH2","PARP1",0.713
"MSH2","RFC3",0.77
"MSH2","ATM",0.999
"MSH2","MCM7",0.71
"MSH2","CHEK1",0.765
"MSH2","EPCAM",0.914
"MSH2","MUS81",0.752
"MSH2","RPA1",0.855
"MSH2","ERBB2",0.728
"MSH2","ERCC8",0.924
"MSH2","KRAS",0.818
"MSH2","RFC4",0.935
"MSH2","XPC",0.944
"MSH2","NBN",0.824
"MSH2","LIG1",0.72
"MSH2","PTEN",0.778
"MSH2","POLE",0.947
"MSH2","KDM1A",0.925
"MSH2","WRN",0.829
"TFPI","F2",0.94
"TFPI","VWF",0.746
"TFPI","PROC",0.717
"TFPI","ADCY10",0.708
"TFPI","THBS1",0.809
"SLC11A1","S100A12",0.757
"APOB","APOA2",0.999
"APOB","AHSG",0.9
"APOB","APOBEC3C",0.816
"APOB","APOL1",0.892
"APOB","GOT2",0.773
"APOB","CALR",0.892
"APOB","ADRB2",0.744
"APOB","SAR1B",0.822
"APOB","ITIH2",0.788
"APOB","SCARB2",0.962
"APOB","P4HB",0.861
"APOB","EGF",0.786
"APOB","APOBEC3B",0.758
"APOB","IL6",0.751
"APOB","PLA2G7",0.936
"APOB","APOE",0.999
"APOB","VCP",0.746
"APOB","APOBEC3G",0.8
"APOB","TTR",0.878
"APOB","FGB",0.816
"APOB","FN1",0.825
"APOB","APOA1",0.999
"APOB","APP",0.839
"APOB","ALB",0.951
"APOB","SCARB1",0.997
"APOB","TF",0.797
"APOB","TFRC",0.813
"APOB","F2",0.832
"APOB","ACE",0.743
"APOB","HSP90B1",0.882
"APOB","LCAT",0.983
"APOB","HBB",0.72
"APOB","CLU",0.865
"APOB","FABP1",0.898
"APOB","C3",0.819
"APOB","CRP",0.85
"INO80B","TRRAP",0.911
"INO80B","H4C6",0.819
"INO80B","H4C2",0.819
"INO80B","H2AC8",0.815
"INO80B","RUVBL1",0.999
"INO80B","YY1",0.962
"INO80B","ING3",0.902
"SNX17","VPS35",0.824
"SNX17","SNX4",0.728
"NDUFS7","PALB2",0.952
"NDUFS7","ATP5F1C",0.722
"NDUFS7","NDUFB2",0.996
"NDUFS7","ATP5PB",0.767
"NDUFS7","NDUFA9",0.999
"NDUFS7","ATP5MG",0.74
"NDUFS7","NDUFB8",0.999
"NDUFS7","SDHA",0.988
"NDUFS7","NDUFS6",0.999
"NDUFS7","COX6A2",0.941
"NDUFS7","NDUFB11",0.999
"NDUFS7","SDHB",0.976
"NDUFS7","BCS1L",0.774
"NDUFS7","NDUFB3",0.999
"NDUFS7","NDUFV2",0.999
"NDUFS7","TMEM126B",0.719
"NDUFS7","NDUFAF1",0.996
"NDUFS7","COX5A",0.984
"NDUFS7","NDUFC2",0.999
"NDUFS7","NDUFA13",0.999
"NDUFS7","NDUFB5",0.999
"NDUFS7","NDUFA8",0.999
"NDUFS7","MGLL",0.914
"NDUFS7","UQCR10",0.987
"NDUFS7","NDUFS2",0.999
"NDUFS7","NDUFA2",0.999
"NDUFS7","UQCRH",0.964
"NDUFS7","SDHD",0.713
"NDUFS7","COX7A1",0.893
"NDUFS7","COX7C",0.922
"NDUFS7","NDUFB6",0.999
"NDUFS7","NDUFAF4",0.999
"NDUFS7","NDUFA10",0.999
"NDUFS7","NDUFA1",0.999
"NDUFS7","CYC1",0.998
"NDUFS7","UQCRC2",0.98
"NDUFS7","COX6C",0.787
"NDUFS7","NDUFS4",0.999
"NDUFS7","NDUFA7",0.999
"NDUFS7","ATP5PD",0.846
"NDUFS7","UQCRFS1",0.993
"NDUFS7","NDUFS3",0.999
"NDUFS7","PMPCB",0.822
"NDUFS7","NDUFA3",0.999
"NDUFS7","COX5B",0.987
"PCGF1","YAF2",0.999
"PCGF1","YY1",0.701
"PCGF1","PHC2",0.977
"PCGF1","CBX8",0.993
"PCGF1","HDAC2",0.912
"PCGF1","USP7",0.894
"PCGF1","RBBP4",0.941
"PCGF1","RBBP7",0.941
"PCGF1","CBX2",0.994
"PCGF1","EZH2",0.985
"DOK1","RET",0.931
"DOK1","RASA1",0.997
"DOK1","CRKL",0.808
"ACADL","HADHB",0.994
"ACADL","ACOX3",0.961
"ACADL","ACAA2",0.979
"ACADL","ACAA1",0.979
"IGFBP2","EGFR",0.746
"IGFBP5","IGFBP7",0.703
"IGFBP5","FN1",0.812
"IGFBP5","THBS1",0.805
"GGCX","F2",0.961
"GGCX","PROC",0.839
"HSPE1","CCT2",0.894
"HSPE1","HSP90B1",0.839
"HSPE1","HSPA4L",0.795
"HSPE1","CCT8",0.723
"HSPE1","HSPA5",0.725
"HSPE1","CCT3",0.893
"HSPE1","HSPA9",0.97
"HSPE1","MDH2",0.761
"HSPE1","DNAJB1",0.834
"HSPE1","CCT7",0.862
"HSPE1","CCT4",0.893
"HSPE1","HSP90AB1",0.928
"HSPE1","HSPA4",0.93
"HSPE1","CLPB",0.967
"HSPE1","HSP90AA1",0.942
"HSPE1","TXN",0.81
"HSPE1","CCT6A",0.88
"HSPE1","DNAJA1",0.781
"HSPE1","CCT5",0.875
"HSPE1","TSC1",0.702
"HSPE1","MRPL12",0.776
"WNT6","FZD7",0.909
"IL1RL1","IL1B",0.892
"IL1RL1","IL18",0.773
"IL1RL1","IL1A",0.852
"IL1RL1","IRAK1",0.932
"IL1RL1","IL13",0.864
"IL1RL1","KIT",0.814
"IL1RL1","IL7R",0.727
"AZU1","SH3GL2",0.787
"AZU1","MS4A3",0.78
"PPP1R7","PPP1CA",0.992
"PPP1R7","PASK",0.94
"PPP1R7","PPP1CC",0.997
"PROC","SERPINB2",0.916
"PROC","F2",0.987
"PROC","FGB",0.73
"PROC","F12",0.773
"PROC","SERPINF2",0.972
"ID2","CDK2",0.779
"ID2","IL7R",0.75
"ODC1","ARG1",0.984
"ODC1","OAT",0.986
"ODC1","ARG2",0.987
"GORASP2","TMED2",0.77
"GORASP2","STX5",0.758
"CEBPZ","RRP1B",0.838
"CEBPZ","WDR3",0.915
"CEBPZ","IMP4",0.701
"CEBPZ","NAT10",0.925
"CEBPZ","NOC2L",0.999
"CEBPZ","RIOK2",0.806
"CEBPZ","GNL3",0.902
"CEBPZ","RPF1",0.863
"CEBPZ","NOL10",0.931
"CEBPZ","GNL3L",0.862
"CEBPZ","MPHOSPH10",0.977
"CEBPZ","NOL6",0.919
"CEBPZ","RSL24D1",0.877
"CEBPZ","PDCD11",0.999
"CEBPZ","POLR1B",0.917
"CEBPZ","UTP20",0.968
"CEBPZ","TSR1",0.85
"CEBPZ","FTSJ3",0.929
"CEBPZ","GTPBP4",0.983
"CEBPZ","NOC3L",0.956
"CEBPZ","GRWD1",0.897
"CEBPZ","NFYB",0.903
"CEBPZ","WDR12",0.895
"CEBPZ","BRIX1",0.954
"CEBPZ","UTP3",0.865
"CEBPZ","DHX15",0.905
"CEBPZ","NGDN",0.856
"CEBPZ","MAK16",0.878
"CEBPZ","DDX18",0.958
"CEBPZ","RRS1",0.817
"CEBPZ","MRTO4",0.867
"CEBPZ","UTP14A",0.856
"CEBPZ","HEATR1",0.942
"CEBPZ","EBNA1BP2",0.968
"CEBPZ","GNL2",0.942
"CEBPZ","NIP7",0.844
"CEBPZ","POLR1E",0.725
"CEBPZ","RRP15",0.83
"CEBPZ","PA2G4",0.762
"CEBPZ","UTP6",0.832
"CEBPZ","NOP53",0.845
"DLX2","BMP4",0.723
"ORC2","RPA1",0.874
"ORC2","CDC25B",0.796
"ORC2","ORC1",0.999
"ORC2","ORC3",0.999
"ORC2","HAT1",0.961
"ORC2","NOC3L",0.956
"ORC2","CDK2",0.95
"ORC2","DBF4",0.998
"ORC2","CCNA1",0.769
"ORC2","MCM10",0.995
"ORC2","MCM4",0.988
"ORC2","MCM6",0.986
"ORC2","MCM2",0.999
"ORC2","CDT1",0.999
"ORC2","CDC25A",0.794
"ORC2","CDC25C",0.789
"ORC2","MCM7",0.997
"ORC2","CDC5L",0.803
"PPP3R1","PLCG1",0.912
"PPP3R1","CALML5",0.954
"PPP3R1","CALM3",0.98
"PPP3R1","FKBP1A",0.996
"PPP3R1","PLCB1",0.701
"PPP3R1","PPP1R1A",0.909
"PPP3R1","TARDBP",0.909
"PPP3R1","GSK3B",0.928
"PPP3R1","PPP2R1A",0.917
"PPP3R1","PPP2R2A",0.915
"PPP3R1","CALML4",0.982
"PPP3R1","PPP2R5A",0.916
"PLEK","RASA1",0.798
"PLEK","ARF6",0.756
"PLEK","TYROBP",0.71
"PLEK","IRS1",0.728
"PLEK","ANK2",0.797
"PLEK","RAC2",0.732
"PLEK","TIAM1",0.711
"PLEK","GRB2",0.733
"PLEK","HCK",0.746
"PLEK","SRC",0.877
"PRTN3","DNAJA2",0.736
"PRTN3","CRP",0.819
"PRTN3","EPRS1",0.721
"PRTN3","MS4A3",0.81
"ATP6V1B1","ATP6V1A",0.999
"ATP6V1B1","ATP6V1B2",0.989
"ATP6V1B1","TCIRG1",0.998
"ATP6V1B1","ATP5F1C",0.95
"ATP6V1B1","ATP6V0A1",0.999
"ATP6V1B1","PPA2",0.741
"ATP6V1B1","ATP5PO",0.826
"ATP6V1B1","ATP6V1E1",0.999
"ATP6V1B1","ATP5MC3",0.888
"ATP6V1B1","ATP5F1A",0.94
"ATP6V1B1","ATP6V0D1",0.999
"ATP6V1B1","ATP6V0C",0.998
"ATP6V1B1","ATP6V1G1",0.998
"MSH6","STK11",0.71
"MSH6","KRAS",0.801
"MSH6","ERCC8",0.921
"MSH6","RPA1",0.91
"MSH6","REV1",0.718
"MSH6","TGFBR2",0.703
"MSH6","H2AZ1",0.838
"MSH6","PTEN",0.742
"MSH6","POLE",0.957
"MSH6","KDM1A",0.932
"MSH6","WRN",0.875
"MSH6","NBN",0.907
"MSH6","LIG1",0.81
"MSH6","MCM4",0.735
"MSH6","XPC",0.933
"MSH6","RFC4",0.928
"MSH6","ERCC3",0.841
"MSH6","DNMT1",0.781
"MSH6","XPA",0.856
"MSH6","XRCC5",0.972
"MSH6","TP53",0.826
"MSH6","MCM6",0.802
"MSH6","BARD1",0.925
"MSH6","BRCA2",0.967
"MSH6","FANCI",0.784
"MSH6","PALB2",0.894
"MSH6","FEN1",0.95
"MSH6","PCNA",0.998
"MSH6","WDHD1",0.708
"MSH6","RAD23B",0.955
"MSH6","ATM",0.999
"MSH6","RAD21",0.862
"MSH6","CHEK1",0.841
"MSH6","REV3L",0.778
"MSH6","EPCAM",0.874
"MSH6","PARP1",0.798
"MSH6","PRKDC",0.967
"MSH6","CETN2",0.917
"MSH6","H2AX",0.809
"MSH6","EXO1",0.996
"MSH6","BRCA1",0.996
"MSH6","ARID1A",0.726
"SPR","GCH1",0.869
"SPR","AKR1C3",0.92
"SPR","MMUT",0.761
"SPR","NOS3",0.7
"CLCA1","SERPINB2",0.9
"CLCA1","POSTN",0.898
"CLCA1","IL13",0.788
"BCL9","CDC73",0.852
"BCL9","H3-4",0.915
"BCL9","H3-3B",0.915
"BCL9","H4C6",0.727
"OPRD1","GNB1",0.831
"WDR77","CCT7",0.744
"WDR77","SNRPD1",0.988
"WDR77","FIP1L1",0.833
"WDR77","SYMPK",0.841
"WDR77","H4C2",0.819
"WDR77","CDK4",0.886
"WDR77","H4C6",0.965
"WDR77","SMARCA4",0.798
"WDR77","TP53",0.787
"WDR77","SNRPF",0.94
"WDR77","RBBP5",0.836
"SLC35D1","SLC35A1",0.93
"PRDM2","EP300",0.713
"PRDM2","H3-4",0.704
"PRDM2","CTBP1",0.842
"RGS2","GNAQ",0.988
"RGS2","GNB5",0.785
"WARS2","MARS1",0.897
"WARS2","QARS1",0.893
"WARS2","NARS1",0.837
"WARS2","KARS1",0.854
"WARS2","EPRS1",0.841
"AKR7A2","AKR1C3",0.704
"P3H1","COL4A2",0.708
"P3H1","PLOD2",0.744
"P3H1","P4HB",0.875
"P3H1","P4HA1",0.774
"P3H1","SERPINF1",0.7
"P3H1","COL6A3",0.706
"P3H1","P4HA2",0.827
"P3H1","COL5A2",0.793
"P3H1","COL5A1",0.796
"P3H1","COL6A1",0.744
"VAMP4","NAPA",0.971
"VAMP4","STX6",0.999
"VAMP4","STX2",0.973
"VAMP4","TGOLN2",0.908
"VAMP4","STX11",0.93
"VAMP4","SNAP91",0.704
"VAMP4","VAMP2",0.86
"VAMP4","STX5",0.998
"VAMP4","STX8",0.977
"SYF2","SF3B4",0.805
"SYF2","SNRPD1",0.991
"SYF2","RBMX2",0.919
"SYF2","SF3B1",0.779
"SYF2","MAGOHB",0.807
"SYF2","MFAP1",0.725
"SYF2","DHX8",0.997
"SYF2","DHX38",0.998
"SYF2","SNRPB2",0.99
"SYF2","PPIG",0.969
"SYF2","CDC5L",0.999
"SYF2","SRRM1",0.845
"SYF2","PPWD1",0.97
"SYF2","DHX15",0.987
"SYF2","SF3B2",0.778
"SYF2","SRRM2",0.997
"SYF2","UPF3B",0.817
"SYF2","SNIP1",0.797
"SYF2","SNRPF",0.992
"SYF2","SF3B3",0.772
"CTSD","APP",0.735
"CTSD","PLAU",0.709
"CTSD","APOE",0.763
"CTSD","BID",0.917
"CTSD","XIAP",0.714
"MMP8","IL1B",0.715
"MMP8","TIMP4",0.836
"APOA1","APOL1",0.998
"APOA1","APOA2",0.999
"APOA1","AHSG",0.944
"APOA1","ITIH2",0.793
"APOA1","SCARB2",0.738
"APOA1","SAR1B",0.732
"APOA1","APOE",0.999
"APOA1","AMBP",0.891
"APOA1","PLA2G7",0.924
"APOA1","FN1",0.845
"APOA1","ABCA7",0.992
"APOA1","TTR",0.994
"APOA1","APP",0.982
"APOA1","ALB",0.998
"APOA1","SCARB1",0.999
"APOA1","RBP4",0.814
"APOA1","TF",0.919
"APOA1","HPX",0.826
"APOA1","LCAT",0.999
"APOA1","F2",0.927
"APOA1","ORM1",0.869
"APOA1","CLU",0.998
"APOA1","MMP14",0.913
"APOA1","C3",0.957
"APOA1","FABP1",0.88
"APOA1","CRP",0.807
"APOA1","HBB",0.839
"SLC8A2","PRKACG",0.914
"SLC8A2","PRKACA",0.916
"ATIC","PPAT",0.995
"ATIC","MTHFD2",0.992
"ATIC","GRB2",0.718
"ATIC","ENTPD5",0.91
"ATIC","NT5E",0.937
"ATIC","NT5C",0.905
"ATIC","GLUL",0.769
"ATIC","NPM1",0.879
"ATIC","FPGS",0.785
"ATIC","RANBP2",0.793
"ATIC","IMPDH2",0.991
"ATIC","CCT7",0.881
"TTR","HPX",0.793
"TTR","ORM1",0.85
"TTR","SERPINA3",0.82
"TTR","F2",0.724
"TTR","PRL",0.739
"TTR","CLU",0.885
"TTR","CRP",0.792
"TTR","C3",0.782
"TTR","APP",0.982
"TTR","ALB",0.994
"TTR","RBP4",0.999
"TTR","CP",0.827
"TTR","TF",0.817
"TTR","APOE",0.952
"TTR","APOA2",0.843
"TTR","AHSG",0.858
"TBPL1","TAF7",0.799
"TBPL1","BTAF1",0.87
"TBPL1","TAF4",0.787
"TBPL1","SP1",0.907
"TBPL1","SUPT3H",0.729
"TBPL1","TERF1",0.766
"TBPL1","TAF12",0.868
"TBPL1","TAF10",0.857
"TBPL1","GTF2B",0.996
"MED28","GTF2F2",0.818
"MED28","ZC3H13",0.994
"MED28","MED1",0.999
"MED28","MED16",0.999
"MED28","MED17",0.999
"MED28","MED14",0.999
"MED28","GTF2H4",0.812
"MED28","MED7",0.998
"MED28","POLR2D",0.928
"MED28","MED15",0.999
"MED28","MED21",0.999
"MED28","GTF2B",0.906
"MED28","H2AZ1",0.808
"MED28","H4C2",0.8
"MED28","MED13L",0.97
"MED28","TAF11",0.82
"MED28","POLR2L",0.888
"MED28","POLR2B",0.998
"MED28","GTF2E2",0.82
"MED28","GTF2H1",0.812
"MED28","POLR2G",0.92
"MED28","GRB2",0.745
"MED28","H4C6",0.81
"MED28","MNAT1",0.812
"MED28","POLR2J",0.936
"MED28","TAF4",0.8
"MED28","POLR2F",0.825
"MED28","MED23",0.999
"MED28","CDK7",0.838
"MED28","ERCC3",0.812
"MED28","GTF2E1",0.816
"MED28","TAF7",0.811
"MED28","MED25",0.999
"MED28","TAF12",0.803
"MED28","TAF10",0.813
"MED28","MED9",0.999
"MED28","MED4",0.999
"MED28","MED8",0.999
"RNF103","UBE2N",0.773
"RPN2","SEC61G",0.995
"RPN2","HSP90B1",0.877
"RPN2","SEC61A2",0.963
"RPN2","SEC61A1",0.995
"PKD2","INVS",0.703
"PKD2","RAB8A",0.71
"STBD1","AGL",0.863
"STBD1","GABARAP",0.828
"CCNI","CDK5",0.812
"FGF23","PDGFRB",0.743
"FGF23","REN",0.764
"FGF23","PDGFRA",0.783
"FGF23","KIT",0.744
"FGF23","EGFR",0.805
"ELL2","ICE2",0.944
"ELL2","CTR9",0.93
"ELL2","TCEA2",0.937
"ELL2","POLR2B",0.813
"ELL2","ERCC6",0.901
"ELL2","CCNT1",0.995
"ELL2","CDC73",0.921
"ELL2","EAF2",0.977
"ELL2","AFF4",0.999
"ELL2","ELL",0.973
"ELL2","PEX2",0.9
"ELL2","NELFB",0.924
"ELL2","MLLT1",0.999
"CCDC92","PSMC2",0.723
"CCDC92","PSMC5",0.814
"HDHD3","NT5E",0.742
"VPS4B","PDCD6",0.857
"NEK9","SSRP1",0.758
"NEK9","INVS",0.929
"NEK9","PLK1",0.856
"TGFB3","ITGB6",0.799
"TGFB3","ITGAV",0.899
"TGFB3","SMAD7",0.783
"TGFB3","TGFBR2",0.999
"TGFB3","THBS1",0.89
"TGFB3","LTBP3",0.95
"TGFB3","SMAD4",0.807
"TGFB3","SMAD3",0.865
"TGFB3","SMAD2",0.865
"PAPOLG","ZFC3H1",0.892
"PAPOLG","SNRNP70",0.988
"PAPOLG","TUT1",0.938
"PAPOLG","PCF11",0.894
"PAPOLG","EXOSC10",0.774
"PAPOLG","FIP1L1",0.958
"PAPOLG","SYMPK",0.994
"TP53I3","TP53",0.903
"TP53I3","RPA1",0.747
"RHOQ","TIAM1",0.701
"RHOQ","ITSN1",0.854
"RHOQ","WAS",0.802
"RHOQ","IQGAP1",0.792
"RHOQ","CRKL",0.911
"RHOQ","CRK",0.981
"TMEM214","SEC61A1",0.778
"AFTPH","AP5M1",0.907
"AFTPH","AP3S2",0.903
"AFTPH","AP2A2",0.9
"AFTPH","CLTB",0.801
"AFTPH","AP1G1",0.718
"AFTPH","PICALM",0.729
"AFTPH","AP1G2",0.801
"AFTPH","NCALD",0.9
"AFTPH","NECAP2",0.723
"AFTPH","AP1S1",0.906
"AFTPH","AP1B1",0.744
"CRIPT","SRRM1",0.8
"CRIPT","RBM48",0.865
"CRIPT","SF3B1",0.9
"CRIPT","CDC5L",0.801
"CRIPT","RBMX2",0.806
"CRIPT","SNRPD1",0.808
"CRIPT","SF3B4",0.8
"CRIPT","SF3B3",0.9
"CRIPT","SNRPF",0.811
"CRIPT","SNIP1",0.8
"CRIPT","SRRM2",0.8
"CRIPT","SF3B2",0.9
"PPP1R3C","PPP1CA",0.969
"PPP1R3C","PPP1CC",0.974
"HOXB7","PBX2",0.814
"HOXB7","PRKDC",0.954
"HOXB7","XRCC5",0.946
"DUSP1","CALM3",0.726
"DUSP1","MAPK11",0.973
"DUSP1","IER2",0.749
"DUSP1","SKP2",0.808
"DUSP1","MAPK3",0.996
"DUSP1","HDAC1",0.711
"DUSP1","JUN",0.911
"DUSP1","IL6",0.745
"DUSP1","ATF3",0.833
"PANK3","VNN1",0.915
"MSX2","TWIST1",0.901
"MSX2","BMP4",0.823
"IFNA7","IRF9",0.723
"IFNA7","IFNAR1",0.972
"IFNA7","JAK2",0.821
"IFNA7","STAT1",0.726
"IFNA7","IRF1",0.766
"IFNA7","EGFR",0.77
"IFNA7","IFNB1",0.737
"IFNA7","IFNGR1",0.83
"IFNA7","PDGFRA",0.782
"IFNA7","IRF7",0.776
"IFNA7","IFNA10",0.86
"IFNA7","IL7R",0.702
"IFNA7","IRF3",0.769
"IFNA7","PDGFRB",0.773
"IFNA7","IL10RB",0.707
"ARAP3","ARF6",0.798
"ARAP3","RAP1A",0.917
"PRRX1","NUP98",0.842
"PRRX1","TWIST1",0.794
"TNN","ITGA9",0.916
"TNN","ITGAV",0.91
"TNN","ITGB6",0.911
"EGR1","CDKN1A",0.701
"EGR1","STAT1",0.837
"EGR1","SRF",0.904
"EGR1","HDAC1",0.859
"EGR1","CEBPB",0.885
"EGR1","EP300",0.952
"EGR1","TP53",0.969
"EGR1","EZH2",0.798
"EGR1","JUN",0.99
"EGR1","STAT3",0.761
"EGR1","IL6",0.778
"EGR1","ATF3",0.873
"EGR1","IER2",0.908
"EGR1","PTEN",0.789
"EGR1","MAPK3",0.963
"EGR1","SP1",0.806
"EGR1","CREBBP",0.834
"EGR1","PPARG",0.934
"EGR1","SNAI1",0.715
"EGR1","HDAC2",0.7
"PFN2","VASP",0.969
"PFN2","HDAC1",0.795
"NFYB","SP1",0.718
"NFYB","EP300",0.904
"NFYB","TP53",0.717
"WASHC3","VPS35",0.742
"WASHC3","CAPZA1",0.948
"WASHC3","WAS",0.761
"FZD3","GNAQ",0.915
"FZD3","WNT4",0.987
"FZD3","BAMBI",0.919
"DUSP4","MAPK11",0.784
"DUSP4","MAPK3",0.964
"SORBS3","GCH1",0.782
"SORBS3","PXN",0.926
"SORBS3","ITGB5",0.817
"SORBS3","CBL",0.758
"TARDBP","APP",0.881
"TARDBP","MBNL1",0.769
"TARDBP","FMR1",0.953
"TARDBP","SYNCRIP",0.81
"TARDBP","DHX9",0.824
"TARDBP","ILF2",0.795
"TARDBP","EXOSC10",0.751
"TARDBP","TBK1",0.73
"TARDBP","SRSF1",0.912
"TARDBP","RRM1",0.835
"TARDBP","MATR3",0.995
"TARDBP","UBE2I",0.887
"TARDBP","HNRNPA1",0.997
"TARDBP","SSB",0.756
"TARDBP","CCNF",0.818
"TARDBP","EIF4A1",0.717
"TARDBP","ILF3",0.851
"TARDBP","YWHAQ",0.722
"TARDBP","HTT",0.905
"TARDBP","SNRNP70",0.852
"TARDBP","HSP90AA1",0.761
"TARDBP","STAU1",0.796
"TARDBP","SNRPF",0.762
"TARDBP","VCP",0.964
"TARDBP","DCTN1",0.791
"TARDBP","HSPA4",0.92
"TARDBP","SQSTM1",0.95
"TARDBP","SRSF2",0.854
"TARDBP","PSEN1",0.702
"COIL","MPHOSPH10",0.804
"COIL","ATXN1",0.912
"COIL","SRSF2",0.709
"COIL","XRCC5",0.779
"NCAPH","CDCA3",0.742
"NCAPH","MKI67",0.7
"NCAPH","BUB1B",0.915
"NCAPH","PLK1",0.751
"NCAPH","NCAPG",0.999
"NCAPH","SMC5",0.832
"NCAPH","NEK2",0.7
"NCAPH","ESPL1",0.719
"NCAPH","RAD21",0.864
"NCAPH","NDC80",0.777
"NCAPH","PTTG1",0.717
"NCAPH","KIF2C",0.88
"NCAPH","EXO1",0.707
"NCAPH","SMC2",0.999
"NCAPH","CCNB1",0.889
"NCAPH","KNTC1",0.766
"NCAPH","CENPE",0.724
"NCAPH","CDCA8",0.908
"NCAPH","MAD2L1",0.734
"NCAPH","SMC4",0.999
"NCAPH","MCM4",0.711
"NCAPH","ERCC6L",0.709
"KLRK1","CD80",0.731
"KLRK1","CD8A",0.946
"KLRK1","TYROBP",0.998
"KLRK1","IL7R",0.75
"KLRK1","ERBB2",0.782
"KLRK1","FASLG",0.771
"KLRK1","GZMA",0.788
"KLRK1","ICAM1",0.735
"KLRK1","PDCD1",0.739
"KLRK1","SYK",0.85
"KLRK1","FCER1G",0.767
"KLRK1","ZAP70",0.776
"KLRK1","CD27",0.802
"KLRK1","HSPA4",0.848
"IAPP","SST",0.7
"IAPP","APP",0.938
"IAPP","APOE",0.818
"IAPP","GNB1",0.8
"IAPP","PYY",0.855
"TFG","SEC13",0.879
"TFG","NTRK1",0.981
"TFG","TRAF3",0.727
"TFG","GRB2",0.71
"TFG","TPR",0.92
"KALRN","GNAQ",0.811
"NAA50","NAA16",0.995
"MAPK8IP1","JUN",0.992
"MAPK8IP1","APP",0.963
"MAPK8IP1","MAP3K11",0.992
"MAPK8IP1","EGFR",0.771
"PEX16","PEX1",0.855
"PEX16","PEX11A",0.851
"PEX16","PEX2",0.962
"PEX16","PEX13",0.977
"CAT","SOD3",0.892
"GJA3","CRYAA",0.813
"GJA3","BFSP1",0.806
"GJA3","BFSP2",0.939
"GJA3","GJA1",0.968
"GHSR","SST",0.958
"GHSR","GNAQ",0.963
"GHSR","GNB1",0.911
"GHSR","NTS",0.741
"TNFSF10","CFLAR",0.977
"TNFSF10","CYCS",0.744
"TNFSF10","CASP10",0.917
"TNFSF10","FASLG",0.971
"TNFSF10","CASP8",0.994
"TNFSF10","TRAF2",0.757
"TNFSF10","CASP3",0.835
"TNFSF10","FADD",0.994
"TNFSF10","RIPK1",0.948
"TNFSF10","TNFRSF10B",0.999
"TNFSF10","MX1",0.704
"ACVR2A","SMAD4",0.894
"ACVR2A","SMAD3",0.979
"ACVR2A","SMAD2",0.977
"ACVR2A","SMAD7",0.771
"ACVR2A","BMP4",0.997
"FLT3","PIK3CD",0.94
"FLT3","PIK3CA",0.958
"FLT3","PAX5",0.731
"FLT3","SYK",0.787
"FLT3","GRB2",0.972
"FLT3","STAT5A",0.97
"FLT3","HCK",0.716
"FLT3","EGF",0.86
"FLT3","CBL",0.852
"FLT3","RUNX1",0.828
"FLT3","STAT3",0.971
"FLT3","TP53",0.722
"FLT3","CD19",0.703
"FLT3","CD34",0.88
"FLT3","STAT5B",0.97
"FLT3","NRAS",0.9
"FLT3","IL3",0.867
"FLT3","FGF2",0.881
"FLT3","PIK3R3",0.92
"FLT3","DNMT3A",0.851
"FLT3","NPM1",0.943
"FLT3","IL7R",0.826
"FLT3","KRAS",0.865
"FLT3","ERBB2",0.735
"MYOG","JUN",0.718
"MYOG","ID1",0.702
"MYOG","HDAC4",0.749
"MYOG","SRF",0.908
"MYOG","MAPK11",0.712
"MYOG","NES",0.71
"AHR","HSP90AB1",0.995
"AHR","HSP90AA1",0.992
"AHR","CYP1A1",0.973
"AHR","RB1",0.727
"BBS9","AP1G1",0.768
"BBS9","RAB8A",0.828
"BBS9","RAC2",0.74
"INHBA","SMAD3",0.821
"INHBA","SMAD2",0.738
"RAMP3","GNB1",0.8
"MRM2","MRPL4",0.89
"MRM2","MRPL2",0.839
"MRM2","MRPL57",0.801
"MRM2","TUFM",0.861
"MRM2","MRPL11",0.848
"MRM2","MRPL3",0.895
"MRM2","MAK16",0.71
"MRM2","MRPL49",0.845
"MRM2","NIP7",0.753
"MRM2","MRPL33",0.803
"MRM2","NOP53",0.714
"MRM2","MRPS18A",0.863
"MRM2","EBNA1BP2",0.783
"MRM2","MRPL17",0.82
"MRM2","MRPL39",0.816
"MRM2","EIF6",0.784
"MRM2","MRPL12",0.89
"MRM2","RPF1",0.727
"MRM2","MRPL19",0.855
"MRM2","MRPL58",0.875
"MRM2","MRPL9",0.82
"MRM2","NOC2L",0.804
"MRM2","MRPL34",0.809
"MRM2","MRPL48",0.82
"MRM2","MRPL46",0.894
"MRM2","BRIX1",0.736
"MRM2","MRPL20",0.808
"MRM2","MRM3",0.857
"MRM2","GTPBP4",0.863
"MRM2","NOC3L",0.84
"MRM2","WDR12",0.758
"MRM2","MRPL24",0.904
"MRM2","MRPL16",0.842
"MRM2","RSL24D1",0.856
"MRM2","MRPL15",0.873
"MRM2","MRPL40",0.828
"TWIST1","SOX2",0.882
"TWIST1","PTEN",0.762
"TWIST1","SNAI1",0.901
"TWIST1","SOX9",0.732
"TWIST1","CDH2",0.823
"TWIST1","HDAC1",0.734
"TWIST1","CDH1",0.849
"TWIST1","ZEB1",0.932
"TWIST1","STAT3",0.88
"TWIST1","EZH2",0.773
"TWIST1","TP53",0.967
"TWIST1","EP300",0.886
"TWIST1","SMAD4",0.847
"CLTA","ITSN2",0.892
"CLTA","CLTB",0.985
"CLTA","AP1G1",0.734
"CLTA","EPS15L1",0.761
"CLTA","ITSN1",0.824
"CLTA","PICALM",0.922
"CLTA","EPN2",0.918
"CLTA","AP2A2",0.946
"CLTA","HTT",0.91
"CLTA","CLINT1",0.854
"CLTA","AP1B1",0.89
"CLTA","CD80",0.86
"CLTA","GAK",0.859
"CLTA","DNM1",0.702
"CLTA","EPS15",0.835
"CLTA","NCALD",0.9
"CLTA","NECAP2",0.775
"CLTA","AP1S1",0.932
"ZC3HAV1","PARP1",0.894
"ZC3HAV1","IFI16",0.714
"ZC3HAV1","EIF4A1",0.722
"ZC3HAV1","EXOSC7",0.865
"ZC3HAV1","PARP12",0.71
"ZC3HAV1","TRIM25",0.92
"ZC3HAV1","RIGI",0.971
"AKR1D1","AKR1C3",0.983
"NEUROG3","SST",0.841
"SRGN","CPA3",0.738
"EGR2","ATF3",0.803
"EGR2","EP300",0.923
"EGR2","JUN",0.888
"EGR2","CEBPB",0.877
"EGR2","SMARCA4",0.843
"EGR2","CREBBP",0.92
"UNG","EXO1",0.714
"UNG","POLL",0.744
"UNG","APOBEC3G",0.718
"UNG","PCNA",0.829
"UNG","FEN1",0.832
"UNG","LIG1",0.952
"UNG","REV1",0.901
"IFT81","IFT56",0.993
"ACADS","ACAA1",0.992
"ACADS","ACOX3",0.925
"ACADS","HADHB",0.985
"ACADS","ALDH9A1",0.912
"ACADS","ACAA2",0.982
"RNF11","UBE2N",0.946
"RNF11","UBE2D2",0.723
"RNF11","EPS15",0.877
"RNF11","SMURF2",0.982
"BHLHE41","CSNK1E",0.878
"DDX39A","NCBP1",0.7
"DDX39A","THOC1",0.937
"DDX39A","MRPL58",0.752
"DDX39A","PCF11",0.75
"ADGRE5","THY1",0.751
"ATP7B","GLRX",0.856
"ATP7B","CP",0.979
"ZC3H13","RBM15",0.999
"ZC3H13","THOC1",0.723
"ZC3H13","CBLL1",0.999
"ZC3H13","MED16",0.994
"ZC3H13","MED17",0.995
"ZC3H13","METTL3",0.999
"ZC3H13","MED23",0.995
"ZC3H13","MED25",0.994
"ZC3H13","MED8",0.994
"ZC3H13","MED4",0.995
"ZC3H13","MED9",0.994
"ZC3H13","IGF2BP3",0.727
"ZC3H13","MED14",0.994
"ZC3H13","MED15",0.994
"ZC3H13","MED1",0.994
"ZC3H13","POLR2B",0.994
"ZC3H13","MED21",0.994
"ZC3H13","CDC5L",0.918
"ORMDL2","SPTLC1",0.969
"ORMDL2","ORM1",0.847
"PDE1B","DCK",0.907
"PDE1B","ADCY8",0.741
"PDE1B","ADCY1",0.72
"PDE1B","ADCY10",0.709
"PDE1B","CALML4",0.967
"PDE1B","CALM3",0.973
"PDE1B","CALML5",0.971
"LRP1","EGFR",0.838
"LRP1","SCARB1",0.745
"LRP1","ALB",0.714
"LRP1","APP",0.983
"LRP1","CLU",0.715
"LRP1","TLR4",0.774
"LRP1","HSP90B1",0.996
"LRP1","HPX",0.996
"LRP1","THBS1",0.958
"LRP1","CALR",0.998
"LRP1","SCARB2",0.735
"LRP1","HSP90AA1",0.994
"LRP1","HSPA4",0.991
"LRP1","BACE1",0.774
"LRP1","HSP90AB1",0.99
"LRP1","APOE",0.999
"FAAH","EPRS1",0.95
"FAAH","MGLL",0.974
"SEC61A1","EIF1AY",0.782
"SEC61A1","RPL22",0.893
"SEC61A1","POLR1B",0.728
"SEC61A1","RPL27",0.906
"SEC61A1","PDCD11",0.859
"SEC61A1","RPS3",0.991
"SEC61A1","SEC61G",0.999
"SEC61A1","RPL3L",0.87
"SEC61A1","MRPL24",0.888
"SEC61A1","MRPL16",0.817
"SEC61A1","RPS14",0.975
"SEC61A1","RPL12",0.96
"SEC61A1","RPS23",0.978
"SEC61A1","MRPL20",0.711
"SEC61A1","RPL38",0.89
"SEC61A1","UFD1",0.727
"SEC61A1","RPL13A",0.976
"SEC61A1","RPL10L",0.961
"SEC61A1","ARL6IP1",0.868
"SEC61A1","ATP5F1A",0.886
"SEC61A1","RPS9",0.977
"SEC61A1","HMGN4",0.8
"SEC61A1","HSPA5",0.974
"SEC61A1","EEF2",0.77
"SEC61A1","TSFM",0.732
"SEC61A1","EIF1AX",0.788
"SEC61A1","PDIA3",0.858
"SEC61A1","HMGN1",0.799
"SEC61A1","MRPS14",0.857
"SEC61A1","SEC61A2",0.901
"SEC61A1","RPL36AL",0.858
"SEC61A1","MRPS7",0.862
"SEC61A1","RPL14",0.903
"SEC61A1","HSPBP1",0.83
"SEC61A1","PRL",0.944
"SEC61A1","RPS11",0.991
"SEC61A1","MRPL19",0.89
"SEC61A1","RPL37",0.858
"SEC61A1","MRPL9",0.906
"SEC61A1","RPL3",0.981
"SEC61A1","EIF5B",0.714
"SEC61A1","RPL8",0.974
"SEC61A1","CALR",0.816
"SEC61A1","SRPRA",0.957
"SEC61A1","MRPL12",0.87
"SEC61A1","MED1",0.907
"SEC61A1","P4HB",0.855
"SEC61A1","RPS6",0.843
"SEC61A1","UBA52",0.874
"SEC61A1","ATP5PO",0.722
"SEC61A1","RPL24",0.889
"SEC61A1","RPL37A",0.878
"SEC61A1","MRPL17",0.94
"SEC61A1","SRP9",0.79
"SEC61A1","RPS2",0.977
"SEC61A1","RSAD1",0.858
"SEC61A1","SRP14",0.752
"SEC61A1","RPL30",0.89
"SEC61A1","MRPL33",0.789
"SEC61A1","POLR2B",0.731
"SEC61A1","RPL4",0.981
"SEC61A1","RPS4X",0.835
"SEC61A1","RPL15",0.89
"SEC61A1","TMCO1",0.938
"SEC61A1","MRPS16",0.916
"SEC61A1","RPL23",0.997
"SEC61A1","RPS19",0.837
"SEC61A1","MRPL3",0.883
"SEC61A1","ATP5F1C",0.845
"SEC61A1","SIL1",0.906
"SEC61A1","RPL10",0.964
"SEC61A1","RPS16",0.979
"SEC61A1","RPL5",0.996
"SEC61A1","IMP3",0.887
"SEC61A1","RPS21",0.824
"SEC61A1","MRPL11",0.799
"SEC61A1","MRPS12",0.888
"SEC61A1","TUFM",0.77
"SEC61A1","MRTO4",0.864
"SEC61A1","MRPS11",0.854
"SEC61A1","MRPL2",0.872
"SEC61A1","MRPL4",0.881
"SEC61A1","VCP",0.898
"SEC61A1","RPL13",0.887
"RIF1","H4C6",0.78
"RIF1","ATM",0.823
"RIF1","BRCA1",0.813
"RIF1","PPP1CA",0.834
"RIF1","PPP1CC",0.816
"NMI","TRIM21",0.719
"NMI","STAT1",0.855
"NMI","IRF7",0.703
"NMI","STAT2",0.909
"NMI","UBE2L6",0.72
"NMI","IFI35",0.982
"TNFAIP6","FN1",0.83
"TNFAIP6","CXCL11",0.734
"TNFAIP6","IL6",0.704
"TNFAIP6","IL1B",0.752
"TNFAIP6","THBS1",0.867
"TNFAIP6","FGF2",0.771
"TNFAIP6","CXCL8",0.933
"TNFAIP6","CCL5",0.765
"BATF3","JUN",0.979
"BATF3","IRF8",0.823
"BATF3","CREB5",0.773
"KCNJ2","KCNQ2",0.933
"KCNJ2","GNAQ",0.908
"KCNJ2","SOX9",0.782
"KCNJ2","AKAP9",0.776
"KCNJ2","GJA1",0.76
"KCNJ2","SCN5A",0.896
"KCNJ2","RYR2",0.729
"PLA2G12A","LYPLA1",0.718
"PLA2G12A","PLA2G7",0.754
"PLA2G12A","LPCAT1",0.711
"PLA2G12A","PLAAT3",0.78
"SNRPA","SF3B4",0.973
"SNRPA","NCBP1",0.791
"SNRPA","SNRPD1",0.999
"SNRPA","SF1",0.741
"SNRPA","DDX23",0.953
"SNRPA","SNU13",0.974
"SNRPA","SF3B1",0.995
"SNRPA","TXNL4A",0.957
"SNRPA","LSM8",0.972
"SNRPA","RBM39",0.902
"SNRPA","NCBP2",0.948
"SNRPA","PRPF39",0.8
"SNRPA","PCBP2",0.743
"SNRPA","RBM25",0.953
"SNRPA","LSM7",0.968
"SNRPA","LSM6",0.959
"SNRPA","USP39",0.956
"SNRPA","DHX38",0.859
"SNRPA","HNRNPA1",0.741
"SNRPA","SNRPB2",0.939
"SNRPA","PRP4K",0.876
"SNRPA","SRSF1",0.875
"SNRPA","PRPF6",0.994
"SNRPA","CDC5L",0.959
"SNRPA","DHX15",0.788
"SNRPA","SF3B2",0.988
"SNRPA","SNRNP70",0.999
"SNRPA","PPIH",0.743
"SNRPA","LUC7L",0.929
"SNRPA","SRSF2",0.82
"SNRPA","SNRNP27",0.936
"SNRPA","SF3B3",0.985
"SNRPA","PRPF31",0.972
"SNRPA","SNIP1",0.722
"SNRPA","SNRPF",0.999
"SNRPA","RBM42",0.979
"SNRPA","LSM3",0.966
"B9D2","NUDC",0.808
"B9D2","PLK1",0.805
"C4BPB","C4BPA",0.978
"ZNF350","BRCA1",0.998
"ZNF350","TRIM28",0.987
"RAB38","NCAPG",0.929
"RAB38","TYRP1",0.841
"RAB38","TYR",0.778
"CHPF","CSGALNACT2",0.959
"CHPF","CHSY1",0.99
"ACTR5","YY1",0.984
"ACTR5","ING3",0.904
"ACTR5","RUVBL1",0.999
"ACTR5","H2AC8",0.959
"ACTR5","H4C2",0.8
"ACTR5","H4C6",0.955
"ACTR5","TRRAP",0.913
"MC3R","PYY",0.761
"PI3","DSP",0.728
"PI3","IVL",0.834
"PI3","CSTA",0.776
"PI3","PIK3CD",0.755
"ATP5F1E","PPA2",0.719
"ATP5F1E","ATP5ME",0.999
"ATP5F1E","ATP5PO",0.999
"ATP5F1E","ATP5IF1",0.936
"ATP5F1E","ATP6V1E1",0.746
"ATP5F1E","NDUFA13",0.799
"ATP5F1E","ATP5F1C",0.999
"ATP5F1E","ATP5MG",0.999
"ATP5F1E","TUBB",0.702
"ATP5F1E","ATP5PB",0.999
"ATP5F1E","NDUFS6",0.797
"ATP5F1E","ATP5MF",0.999
"ATP5F1E","NDUFA1",0.84
"ATP5F1E","ATP5PD",0.999
"ATP5F1E","NDUFA7",0.795
"ATP5F1E","COX6C",0.796
"ATP5F1E","NDUFA3",0.791
"ATP5F1E","COX5B",0.821
"ATP5F1E","ATP5F1A",0.999
"ATP5F1E","ATP6V0C",0.739
"ATP5F1E","UQCR10",0.925
"ATP5F1E","NDUFA2",0.851
"ATP5F1E","ATP5MC3",0.994
"ATP5F1E","UQCRH",0.864
"ATP5F1E","ATP5PF",0.999
"ATP5F1E","COX7C",0.915
"ATP5F1E","COX7A2",0.768
"ATP5F1E","CDCA8",0.935
"PLCG1","ERBB2",0.981
"PLCG1","CALM3",0.942
"PLCG1","RET",0.85
"PLCG1","PDGFRA",0.988
"PLCG1","PIP4K2C",0.712
"PLCG1","KIT",0.886
"PLCG1","NPM1",0.767
"PLCG1","GNAQ",0.933
"PLCG1","CALML5",0.939
"PLCG1","NTRK1",0.994
"PLCG1","PIK3R3",0.922
"PLCG1","PIP5K1B",0.713
"PLCG1","RASGRP1",0.962
"PLCG1","PLCB2",0.747
"PLCG1","PIP4K2A",0.738
"PLCG1","FYN",0.904
"PLCG1","PIP5K1A",0.785
"PLCG1","PLCB1",0.771
"PLCG1","MAPK3",0.758
"PLCG1","PTEN",0.938
"PLCG1","LAT",0.999
"PLCG1","INSR",0.708
"PLCG1","ITPR1",0.972
"PLCG1","EGFR",0.997
"PLCG1","RASA1",0.879
"PLCG1","COPS2",0.912
"PLCG1","SRC",0.936
"PLCG1","CBL",0.984
"PLCG1","EGF",0.747
"PLCG1","PTK2",0.845
"PLCG1","ZAP70",0.959
"PLCG1","PDGFRB",0.999
"PLCG1","WAS",0.866
"PLCG1","ICAM1",0.943
"PLCG1","GRB2",0.999
"PLCG1","PRKCQ",0.971
"PLCG1","CALML4",0.937
"PLCG1","SYK",0.998
"PLCG1","JAK2",0.967
"PLCG1","COPS5",0.901
"PLCG1","PIKFYVE",0.91
"PLCG1","NOS3",0.916
"PLCG1","ERBB3",0.959
"PLCG1","PIK3CD",0.927
"PLCG1","PIK3CA",0.973
"SRSF6","NCBP1",0.857
"SRSF6","SF1",0.764
"SRSF6","SF3B1",0.718
"SRSF6","RBM39",0.705
"SRSF6","NCBP2",0.92
"SRSF6","SRSF4",0.973
"SRSF6","SREK1",0.794
"SRSF6","PCBP2",0.7
"SRSF6","RBM25",0.886
"SRSF6","DHX38",0.847
"SRSF6","HNRNPA1",0.925
"SRSF6","SRSF1",0.987
"SRSF6","SRRM1",0.92
"SRSF6","CDC5L",0.843
"SRSF6","PCF11",0.74
"SRSF6","SRSF2",0.927
"SRSF6","NXF3",0.771
"SNAI1","KDM1A",0.998
"SNAI1","SOX2",0.742
"SNAI1","PTEN",0.755
"SNAI1","EGFR",0.711
"SNAI1","HMG20B",0.855
"SNAI1","HDAC2",0.998
"SNAI1","MDM2",0.851
"SNAI1","CREBBP",0.759
"SNAI1","DNMT3A",0.805
"SNAI1","CASP3",0.734
"SNAI1","PARP1",0.842
"SNAI1","SOX9",0.731
"SNAI1","BRD4",0.715
"SNAI1","DNMT1",0.995
"SNAI1","EGF",0.702
"SNAI1","IL6",0.718
"SNAI1","CDH1",0.965
"SNAI1","GSK3B",0.978
"SNAI1","STAT3",0.806
"SNAI1","TP53",0.992
"SNAI1","EZH2",0.998
"SNAI1","EP300",0.847
"SNAI1","SMAD4",0.96
"SNAI1","JUN",0.823
"SNAI1","CDH2",0.932
"SNAI1","SMAD2",0.782
"SNAI1","FN1",0.815
"SNAI1","HDAC1",0.999
"SNAI1","SMAD3",0.994
"RNF114","XAF1",0.784
"RNF114","UBE2D2",0.734
"SNRNP27","PRP4K",0.832
"SNRNP27","SNRPB2",0.899
"SNRNP27","PRPF6",0.916
"SNRNP27","SF3B2",0.804
"SNRNP27","SNRNP70",0.963
"SNRNP27","SF3B3",0.812
"SNRNP27","PRPF31",0.923
"SNRNP27","LSM3",0.93
"SNRNP27","SNRPF",0.93
"SNRNP27","RBM42",0.964
"SNRNP27","SF3B4",0.817
"SNRNP27","SNRPD1",0.929
"SNRNP27","DDX23",0.937
"SNRNP27","SNU13",0.92
"SNRNP27","TXNL4A",0.923
"SNRNP27","SF3B1",0.815
"SNRNP27","LSM8",0.924
"SNRNP27","LSM7",0.949
"SNRNP27","LSM6",0.926
"SNRNP27","USP39",0.998
"MPHOSPH10","RPS19",0.976
"MPHOSPH10","DHX15",0.829
"MPHOSPH10","EXOSC4",0.742
"MPHOSPH10","NGDN",0.998
"MPHOSPH10","MAK16",0.875
"MPHOSPH10","RPS16",0.984
"MPHOSPH10","EXOSC7",0.713
"MPHOSPH10","DDX18",0.988
"MPHOSPH10","RRS1",0.806
"MPHOSPH10","IMP3",0.999
"MPHOSPH10","MRPS12",0.821
"MPHOSPH10","RPS27L",0.854
"MPHOSPH10","NOL11",0.953
"MPHOSPH10","MRPS11",0.761
"MPHOSPH10","UTP14A",0.999
"MPHOSPH10","NOC4L",0.998
"MPHOSPH10","HEATR1",0.999
"MPHOSPH10","RPS6",0.996
"MPHOSPH10","RPS2",0.796
"MPHOSPH10","EXOSC8",0.733
"MPHOSPH10","EBNA1BP2",0.932
"MPHOSPH10","GNL2",0.81
"MPHOSPH10","PNO1",0.95
"MPHOSPH10","RPS4X",0.952
"MPHOSPH10","UTP6",0.999
"MPHOSPH10","NOP53",0.702
"MPHOSPH10","RRP1B",0.718
"MPHOSPH10","WDR3",0.999
"MPHOSPH10","FCF1",0.996
"MPHOSPH10","NOL7",0.833
"MPHOSPH10","NAT10",0.996
"MPHOSPH10","IMP4",0.999
"MPHOSPH10","C1D",0.766
"MPHOSPH10","BUD23",0.724
"MPHOSPH10","NOC2L",0.922
"MPHOSPH10","RPS4Y1",0.767
"MPHOSPH10","RIOK2",0.924
"MPHOSPH10","EXOSC10",0.975
"MPHOSPH10","GNL3",0.824
"MPHOSPH10","RPS11",0.982
"MPHOSPH10","MRNIP",0.771
"MPHOSPH10","NHP2",0.908
"MPHOSPH10","RPF1",0.836
"MPHOSPH10","NOL10",0.999
"MPHOSPH10","GNL3L",0.743
"MPHOSPH10","NOL6",0.999
"MPHOSPH10","DNTTIP2",0.997
"MPHOSPH10","PDCD11",0.997
"MPHOSPH10","POLR1B",0.765
"MPHOSPH10","UTP11",0.998
"MPHOSPH10","UTP20",0.997
"MPHOSPH10","TSR1",0.858
"MPHOSPH10","FTSJ3",0.912
"MPHOSPH10","RRP7A",0.996
"MPHOSPH10","RCL1",0.996
"MPHOSPH10","NOC3L",0.852
"MPHOSPH10","GTPBP4",0.933
"MPHOSPH10","SNU13",0.998
"MPHOSPH10","WDR12",0.808
"MPHOSPH10","RPS14",0.982
"MPHOSPH10","BRIX1",0.777
"MPHOSPH10","UTP3",0.999
"MPHOSPH10","RPS23",0.992
"MPHOSPH10","RPS9",0.993
"LIPE","PRKACA",0.989
"LIPE","PPARG",0.857
"LIPE","PRKACG",0.989
"LIPE","MGLL",0.927
"LIPE","GOT2",0.778
"LIPE","APOE",0.751
"LYPD3","AGR2",0.984
"CEACAM8","MS4A3",0.837
"CEACAM8","CD19",0.9
"FBXO9","CUL1",0.973
"SNRPC","SF1",0.836
"SNRPC","SF3B4",0.989
"SNRPC","NCBP1",0.989
"SNRPC","SNRPD1",0.999
"SNRPC","LSM8",0.92
"SNRPC","DDX23",0.995
"SNRPC","SNU13",0.903
"SNRPC","SF3B1",0.993
"SNRPC","TXNL4A",0.85
"SNRPC","PRPF39",0.966
"SNRPC","NCBP2",0.961
"SNRPC","USP39",0.84
"SNRPC","NHP2",0.772
"SNRPC","CARM1",0.83
"SNRPC","RBM25",0.997
"SNRPC","LSM7",0.96
"SNRPC","LSM6",0.867
"SNRPC","SNRPB2",0.995
"SNRPC","PRP4K",0.847
"SNRPC","SRSF1",0.7
"SNRPC","HNRNPA1",0.755
"SNRPC","TCERG1",0.824
"SNRPC","PRPF6",0.906
"SNRPC","SNRNP70",0.999
"SNRPC","SF3B2",0.968
"SNRPC","SF3B3",0.959
"SNRPC","PRPF31",0.881
"SNRPC","SNRPF",0.999
"SNRPC","RBM42",0.858
"SNRPC","LSM3",0.863
"SNRPC","LUC7L",0.988
"H1-3","H4C2",0.771
"H4C6","MED1",0.913
"H4C6","H2AC13",0.989
"H4C6","CENPU",0.905
"H4C6","MORF4L1",0.835
"H4C6","SMARCA4",0.99
"H4C6","H2AX",0.998
"H4C6","GTF2F2",0.838
"H4C6","UBE2I",0.817
"H4C6","ASF1B",0.993
"H4C6","MED15",0.805
"H4C6","ARID1A",0.954
"H4C6","POLR2D",0.962
"H4C6","CTR9",0.905
"H4C6","GTF2H4",0.841
"H4C6","RBBP7",0.996
"H4C6","DAXX",0.994
"H4C6","RBBP4",0.999
"H4C6","MED14",0.829
"H4C6","UBA52",0.935
"H4C6","SMARCD1",0.946
"H4C6","BRCA1",0.867
"H4C6","RAD21",0.836
"H4C6","H2AC8",0.999
"H4C6","SUPT6H",0.925
"H4C6","H4C2",0.983
"H4C6","ATM",0.772
"H4C6","MED21",0.808
"H4C6","MBD2",0.702
"H4C6","MCM7",0.776
"H4C6","BAZ1B",0.701
"H4C6","GTF2E2",0.837
"H4C6","PARP1",0.919
"H4C6","POLR2B",0.96
"H4C6","ERCC6",0.719
"H4C6","PRKDC",0.832
"H4C6","POLR2L",0.955
"H4C6","KDM4A",0.993
"H4C6","HIRA",0.701
"H4C6","POLR2J",0.927
"H4C6","MED23",0.803
"H4C6","HSP90AA1",0.731
"H4C6","HDAC1",0.984
"H4C6","H3-4",0.999
"H4C6","H3-3B",0.999
"H4C6","HDAC4",0.808
"H4C6","RBBP5",0.988
"H4C6","TRRAP",0.924
"H4C6","POLR2F",0.954
"H4C6","CDC73",0.911
"H4C6","DNMT1",0.873
"H4C6","BAZ1A",0.787
"H4C6","BRD4",0.999
"H4C6","XRCC5",0.908
"H4C6","ERCC3",0.847
"H4C6","CDK7",0.833
"H4C6","ARID4B",0.852
"H4C6","MCM2",0.984
"H4C6","MED8",0.805
"H4C6","BARD1",0.981
"H4C6","MED9",0.852
"H4C6","MED4",0.855
"H4C6","RUNX1",0.716
"H4C6","TP53",0.947
"H4C6","MED25",0.807
"H4C6","EZH2",0.977
"H4C6","EP300",0.999
"H4C6","HSP90AB1",0.85
"H4C6","JUN",0.775
"H4C6","TAF7",0.913
"H4C6","GTF2E1",0.841
"H4C6","MCM6",0.809
"H4C6","MED17",0.858
"H4C6","MCM4",0.827
"H4C6","MED16",0.801
"H4C6","TRIM28",0.796
"H4C6","SMARCA2",0.905
"H4C6","CBX3",0.929
"H4C6","XPC",0.71
"H4C6","MED7",0.833
"H4C6","CDK2",0.779
"H4C6","SMC4",0.702
"H4C6","KDM1A",0.899
"H4C6","H2AC17",0.976
"H4C6","SSRP1",0.988
"H4C6","HAT1",0.998
"H4C6","RB1",0.727
"H4C6","H2AZ1",0.995
"H4C6","BPTF",0.904
"H4C6","ORC3",0.792
"H4C6","GTF2B",0.879
"H4C6","SOX2",0.855
"H4C6","POLR2G",0.936
"H4C6","YY1",0.813
"H4C6","GTF2H1",0.844
"H4C6","ORC1",0.831
"H4C6","ATAD2",0.96
"H4C6","TAF11",0.817
"H4C6","ING3",0.842
"H4C6","PARP2",0.739
"H4C6","NASP",0.997
"H4C6","H1-0",0.974
"H4C6","NCBP2",0.705
"H4C6","RPA1",0.812
"H4C6","CREBBP",0.995
"H4C6","MNAT1",0.838
"H4C6","NCOR1",0.895
"H4C6","BRD3",0.937
"H4C6","DNMT3A",0.974
"H4C6","TAF4",0.858
"H4C6","KDM6B",0.771
"H4C6","RUVBL1",0.974
"H4C6","KMT5B",0.901
"H4C6","SUMO1",0.771
"H4C6","NPM1",0.98
"H4C6","CENPS",0.945
"H4C6","TAF10",0.878
"H4C6","TAF12",0.956
"H4C6","HDAC2",0.976
"H4C6","CBX8",0.779
"H1-1","H2AC17",0.796
"H1-1","CDK2",0.995
"H1-1","CDK4",0.833
"H1-1","H4C2",0.82
"H1-1","H2AC8",0.812
"H1-1","CCNB1",0.807
"H1-1","H2AC13",0.787
"H1-1","CCNE1",0.88
"H1-1","CXCL11",0.779
"TREM1","TYROBP",0.999
"TREM1","IL1B",0.739
"COL21A1","PLOD2",0.838
"COL21A1","COL4A2",0.798
"SOX4","STAT3",0.707
"SOX4","EZH2",0.874
"SOX4","UBE2I",0.792
"SSR1","SRPRA",0.752
"SSR1","SEC61G",0.905
"ATXN1","HTT",0.894
"ATXN1","HSPA4",0.733
"ATXN1","PPP2R2B",0.707
"ATXN1","YWHAZ",0.831
"ATXN1","UBE2E1",0.798
"EREG","ERBB3",0.982
"EREG","EGFR",0.999
"EREG","KIT",0.708
"EREG","EGF",0.958
"EREG","KRAS",0.756
"EREG","PDGFRA",0.709
"EREG","ERBB2",0.86
"EREG","NTRK1",0.833
"EREG","PDGFRB",0.722
"EMC3","TMCO1",0.821
"GOT2","SCARB1",0.838
"GOT2","ALB",0.786
"GOT2","TYR",0.912
"GOT2","CAD",0.931
"GOT2","IL10",0.704
"GOT2","MDH2",0.999
"GOT2","NUP133",0.819
"GOT2","SDHD",0.868
"GOT2","CS",0.952
"GOT2","CRP",0.742
"GOT2","FABP1",0.96
"GOT2","NDUFS2",0.802
"GOT2","PPARG",0.793
"GOT2","FH",0.979
"GOT2","IDH3A",0.889
"GOT2","DDC",0.926
"GOT2","SCARB2",0.798
"GOT2","SDHA",0.981
"GOT2","SDHB",0.912
"GOT2","TUFM",0.849
"PIWIL1","TARBP2",0.757
"PIWIL1","HSP90AB1",0.822
"PIWIL1","TDRD7",0.84
"PIWIL1","HSP90AA1",0.823
"SLC10A2","ATP6V0C",0.857
"IRF1","STAT3",0.9
"IRF1","JUN",0.919
"IRF1","CXCL10",0.875
"IRF1","EP300",0.984
"IRF1","RUNX1",0.709
"IRF1","IFNA2",0.847
"IRF1","CXCL9",0.818
"IRF1","IFIT5",0.7
"IRF1","IFNA10",0.761
"IRF1","HDAC1",0.985
"IRF1","SOCS3",0.789
"IRF1","CEBPB",0.721
"IRF1","IRF8",0.983
"IRF1","IRF9",0.894
"IRF1","XAF1",0.787
"IRF1","STAT1",0.999
"IRF1","MX1",0.766
"IRF1","GBP2",0.819
"IRF1","SMARCA4",0.73
"IRF1","IL1B",0.711
"IRF1","HDAC2",0.927
"IRF1","STAT2",0.961
"IRF1","GBP1",0.83
"IRF1","TLR4",0.818
"IRF1","TLR3",0.809
"IRF1","OASL",0.725
"IRF1","IFNA1",0.91
"IRF1","IRF3",0.718
"IRF1","BIRC3",0.732
"IRF1","IFITM3",0.713
"IRF1","RIGI",0.754
"IRF1","STAT6",0.743
"IRF1","IFIT3",0.723
"IRF1","MDM2",0.97
"IRF1","IFI35",0.786
"IRF1","CCL5",0.728
"IRF1","IFNA8",0.765
"IRF1","IFIT1",0.716
"IRF1","IFNAR1",0.702
"IRF1","RSAD2",0.718
"IRF1","IFNB1",0.934
"BMP4","FN1",0.715
"BMP4","SMAD2",0.804
"BMP4","SMAD4",0.933
"BMP4","SPP1",0.74
"BMP4","SOX9",0.722
"BMP4","FGF2",0.873
"BMP4","FSTL1",0.762
"BMP4","CD34",0.754
"BMP4","SOX2",0.745
"PTGER2","GNB1",0.791
"PTGER2","GNB5",0.747
"SOX9","KRT19",0.731
"SOX9","CREBBP",0.754
"SOX9","PRKACG",0.929
"SOX9","PRKACA",0.93
"SOX9","WNT4",0.714
"SOX9","SMAD3",0.778
"SOX9","JUN",0.701
"SOX9","EP300",0.94
"SOX9","GSK3B",0.73
"SOX9","CDH1",0.738
"MRPS7","RPL4",0.934
"MRPS7","RPS4X",0.826
"MRPS7","MRPS18A",0.997
"MRPS7","RPLP1",0.895
"MRPS7","MRPL33",0.998
"MRPS7","POLR2B",0.805
"MRPS7","PA2G4",0.717
"MRPS7","RPL30",0.964
"MRPS7","EIF5A2",0.834
"MRPS7","RSAD1",0.862
"MRPS7","MRPL17",0.999
"MRPS7","RPS2",0.95
"MRPS7","RPL37A",0.953
"MRPS7","RPL24",0.948
"MRPS7","RPS6",0.973
"MRPS7","UBA52",0.935
"MRPS7","MRPS28",0.988
"MRPS7","MED1",0.89
"MRPS7","MRPS31",0.997
"MRPS7","QARS1",0.701
"MRPS7","MRPL12",0.997
"MRPS7","RPL8",0.955
"MRPS7","MRPL39",0.915
"MRPS7","MRPL57",0.904
"MRPS7","NOC4L",0.765
"MRPS7","KARS1",0.715
"MRPS7","RPL13",0.954
"MRPS7","MRPL2",0.998
"MRPS7","MRPL4",0.997
"MRPS7","MRTO4",0.917
"MRPS7","MRPS11",0.999
"MRPS7","MRPS12",0.999
"MRPS7","RPS27L",0.849
"MRPS7","TUFM",0.999
"MRPS7","MRPL11",0.991
"MRPS7","RPS21",0.951
"MRPS7","IMP3",0.935
"MRPS7","RPS16",0.949
"MRPS7","RPL5",0.973
"MRPS7","RPL10",0.865
"MRPS7","SIL1",0.777
"MRPS7","MRPL3",0.996
"MRPS7","ATP5F1C",0.758
"MRPS7","SERBP1",0.716
"MRPS7","POLR2F",0.728
"MRPS7","RPL23",0.972
"MRPS7","RPS19",0.971
"MRPS7","MRPS16",0.999
"MRPS7","PTCD3",0.99
"MRPS7","MRPL49",0.993
"MRPS7","RPL15",0.957
"MRPS7","RPS9",0.95
"MRPS7","HMGN4",0.786
"MRPS7","ATP5F1A",0.802
"MRPS7","RPL13A",0.88
"MRPS7","RPL10L",0.85
"MRPS7","RPL38",0.942
"MRPS7","EPRS1",0.853
"MRPS7","RPS23",0.945
"MRPS7","DAP3",0.999
"MRPS7","MRPL20",0.995
"MRPS7","RPL12",0.786
"MRPS7","SNU13",0.719
"MRPS7","RPS14",0.852
"MRPS7","IFI35",0.84
"MRPS7","RRP7A",0.731
"MRPS7","EIF5A",0.837
"MRPS7","MRPL16",0.996
"MRPS7","MRPL24",0.981
"MRPS7","UTP11",0.716
"MRPS7","RPS3",0.973
"MRPS7","RPL3L",0.862
"MRPS7","TIMM10",0.853
"MRPS7","PDCD11",0.968
"MRPS7","POLR1B",0.774
"MRPS7","RPL27",0.839
"MRPS7","RPL22",0.723
"MRPS7","MRPL40",0.977
"MRPS7","MRPL15",0.995
"MRPS7","EIF1AY",0.887
"MRPS7","EFL1",0.808
"MRPS7","MRPS17",0.994
"MRPS7","MTIF2",0.985
"MRPS7","EIF5B",0.804
"MRPS7","DOCK4",0.857
"MRPS7","RPL3",0.875
"MRPS7","MRPL9",0.994
"MRPS7","NOL6",0.785
"MRPS7","NHP2",0.76
"MRPS7","GUF1",0.795
"MRPS7","RPL37",0.782
"MRPS7","MRPL19",0.995
"MRPS7","MRPL58",0.991
"MRPS7","RPS4Y1",0.821
"MRPS7","RPS11",0.972
"MRPS7","MRNIP",0.847
"MRPS7","MRPL34",0.993
"MRPS7","HSPBP1",0.778
"MRPS7","MRPS18C",0.996
"MRPS7","IMP4",0.722
"MRPS7","RPL39L",0.771
"MRPS7","MRPL46",0.998
"MRPS7","EIF2S1",0.858
"MRPS7","RPL14",0.93
"MRPS7","MRPL48",0.946
"MRPS7","MRPS14",0.999
"MRPS7","SEC61A2",0.853
"MRPS7","RPL36AL",0.832
"MRPS7","MRPS15",0.999
"MRPS7","HMGN1",0.791
"MRPS7","EIF1AX",0.888
"MRPS7","EEF2",0.921
"MRPS7","TSFM",0.931
"MRPS7","WDR3",0.7
"MRPS7","MRPS18B",0.998
"ARMC7","RBMX2",0.923
"ARMC7","SNRPD1",0.922
"ARMC7","SF3B4",0.923
"ARMC7","SRRM1",0.922
"ARMC7","SF3B1",0.922
"ARMC7","RBM48",0.996
"ARMC7","CDC5L",0.922
"ARMC7","SRRM2",0.923
"ARMC7","SF3B2",0.923
"ARMC7","SNRPF",0.922
"ARMC7","SNIP1",0.922
"ARMC7","SF3B3",0.922
"NUP85","SEH1L",0.999
"NUP85","UBE2I",0.766
"NUP85","CCR2",0.977
"NUP85","TPR",0.967
"NUP85","NUP54",0.996
"NUP85","AHCTF1",0.995
"NUP85","NUP98",0.999
"NUP85","NUP133",0.999
"NUP85","NUP43",0.999
"NUP85","SEC13",0.999
"NUP85","CCR5",0.859
"NUP85","NUP50",0.978
"NUP85","NUP93",0.999
"NUP85","NUP160",0.999
"NUP85","RANBP2",0.992
"NT5C","DCTPP1",0.925
"NT5C","IMPDH2",0.944
"NT5C","DTYMK",0.944
"NT5C","PNP",0.966
"NT5C","TK1",0.776
"NT5C","PDE3B",0.793
"NT5C","DCK",0.948
"NT5C","NT5E",0.936
"LILRB3","TYROBP",0.735
"LILRB3","SYK",0.927
"PSD4","ARF6",0.808
"PSPN","RET",0.996
"PSPN","NTRK1",0.769
"CLPP","NDUFS3",0.7
"CLPP","PMPCB",0.749
"CLPP","HSPA9",0.829
"CLPP","CLPB",0.999
"CLPP","TUFM",0.811
"CLPP","SDHB",0.837
"CLPP","MRPS11",0.751
"CLPP","SDHA",0.785
"CLPP","RPS16",0.894
"CLPP","AFG3L2",0.816
"CLPP","MRPL12",0.727
"CLPP","RPS2",0.774
"TNFSF9","CD80",0.882
"TNFSF9","TNFRSF8",0.815
"TNFSF9","CD19",0.722
"TNFSF9","CD27",0.983
"TNFSF9","TLR4",0.792
"TNFSF9","CD40",0.783
"THOC2","TPR",0.914
"THOC2","CDC5L",0.953
"THOC2","SRRM1",0.714
"THOC2","PCF11",0.852
"THOC2","NCBP2",0.964
"THOC2","THOC1",0.999
"THOC2","NEMF",0.819
"THOC2","NCBP1",0.966
"C3","AHSG",0.7
"C3","C4BPA",0.817
"C3","ICAM1",0.705
"C3","F12",0.748
"C3","APOE",0.732
"C3","SERPING1",0.954
"C3","ALB",0.959
"C3","APP",0.887
"C3","CXCL8",0.783
"C3","IL10",0.729
"C3","CP",0.751
"C3","CD19",0.706
"C3","PLAU",0.707
"C3","F2",0.874
"C3","ORM1",0.775
"C3","HPX",0.841
"C3","ITIH4",0.745
"C3","CLU",0.803
"C3","CRP",0.985
"SH2D3A","EGFR",0.771
"SH2D3A","FKBP1A",0.868
"SH2D3A","NUP93",0.959
"SH2D3A","IRF7",0.703
"SH2D3A","IRF3",0.921
"SH2D3A","PPIG",0.93
"SH2D3A","PPP1CA",0.876
"SH2D3A","PPIH",0.936
"FOSB","HDAC1",0.957
"FOSB","H3-3B",0.71
"FOSB","JUN",0.999
"FOSB","EP300",0.735
"FOSB","ATF3",0.941
"FOSB","MAPK11",0.774
"FOSB","HDAC2",0.93
"FOSB","CREB5",0.774
"FOSB","IER2",0.797
"RTN2","BACE1",0.754
"VASP","PRKACG",0.951
"VASP","ITGB7",0.706
"VASP","TACC3",0.715
"VASP","PRKACA",0.955
"VASP","ROBO1",0.718
"VASP","ITGAV",0.707
"VASP","ZYX",0.999
"VASP","ITGB6",0.765
"VASP","CRKL",0.704
"VASP","HCLS1",0.941
"VASP","ITGA2",0.724
"VASP","WAS",0.949
"VASP","FAT1",0.951
"VASP","SRC",0.727
"VASP","PTK2",0.779
"VASP","ITGA2B",0.809
"VASP","ITGA5",0.722
"VASP","PXN",0.971
"VASP","ITGB5",0.709
"VASP","APBB1IP",0.999
"SYMPK","FIP1L1",0.999
"SYMPK","RPL14",0.842
"SYMPK","RPL3",0.844
"SYMPK","DOCK4",0.755
"SYMPK","NCBP1",0.703
"SYMPK","RPL3L",0.84
"SYMPK","PPP1CC",0.7
"SYMPK","NGDN",0.835
"SYMPK","CDC73",0.794
"SYMPK","MRTO4",0.755
"SYMPK","SNRPF",0.907
"SYMPK","PPP1CA",0.728
"SYMPK","SUB1",0.961
"SYMPK","CDK4",0.908
"SYMPK","PCF11",0.995
"CDC25B","CCNA1",0.974
"CDC25B","CDK2",0.994
"CDC25B","ORC3",0.791
"CDC25B","CDK5",0.913
"CDC25B","MAPK11",0.927
"CDC25B","CCNB1",0.951
"CDC25B","YWHAE",0.995
"CDC25B","CHEK1",0.984
"CDC25B","YWHAQ",0.99
"CDC25B","YWHAZ",0.993
"CDC25B","CDK4",0.77
"CDC25B","CDC25C",0.922
"CDC25B","PLK1",0.976
"CDC25B","CDC25A",0.938
"CDC25B","PKMYT1",0.758
"GNRH2","KISS1",0.84
"GNRH2","MAPK3",0.911
"CD93","CALR",0.806
"MKKS","CCT5",0.99
"MKKS","CCT6A",0.788
"MKKS","CCT2",0.994
"MKKS","CCT8",0.966
"MKKS","CCT7",0.922
"MKKS","CCT4",0.95
"MKKS","EPRS1",0.716
"MKKS","CCT3",0.956
"SNRPB2","PPWD1",0.832
"SNRPB2","TCERG1",0.851
"SNRPB2","CDC5L",0.998
"SNRPB2","SRRM1",0.879
"SNRPB2","PRPF6",0.998
"SNRPB2","PRP4K",0.856
"SNRPB2","PPIG",0.863
"SNRPB2","SRSF1",0.943
"SNRPB2","DHX8",0.992
"SNRPB2","DHX38",0.975
"SNRPB2","PRPF31",0.996
"SNRPB2","SNIP1",0.989
"SNRPB2","SNRPF",0.999
"SNRPB2","RBM42",0.816
"SNRPB2","LSM3",0.992
"SNRPB2","SF3B3",0.999
"SNRPB2","WBP11",0.887
"SNRPB2","PPIH",0.86
"SNRPB2","LUC7L",0.709
"SNRPB2","SRRM2",0.99
"SNRPB2","SNRNP70",0.997
"SNRPB2","DHX15",0.993
"SNRPB2","SF3B2",0.999
"SNRPB2","LSM8",0.994
"SNRPB2","SF3B1",0.998
"SNRPB2","TXNL4A",0.989
"SNRPB2","MAGOHB",0.988
"SNRPB2","DDX23",0.888
"SNRPB2","SNU13",0.994
"SNRPB2","RBMX2",0.991
"SNRPB2","SF1",0.842
"SNRPB2","SF3B4",0.999
"SNRPB2","NCBP1",0.888
"SNRPB2","SNRPD1",0.999
"SNRPB2","USP39",0.897
"SNRPB2","MFAP1",0.988
"SNRPB2","LSM7",0.989
"SNRPB2","LSM6",0.99
"SNRPB2","RBM25",0.702
"SNRPB2","PRPF39",0.764
"SNRPB2","NCBP2",0.969
"S1PR4","S1PR1",0.948
"NCLN","SEC61G",0.822
"NCLN","RPL22",0.823
"NCLN","RPL27",0.817
"NCLN","RPL38",0.819
"NCLN","RPL13A",0.824
"NCLN","RPL36AL",0.819
"NCLN","RPL14",0.816
"NCLN","RPL37",0.815
"NCLN","RPL3",0.823
"NCLN","RPL24",0.818
"NCLN","RPL37A",0.818
"NCLN","RPL8",0.827
"NCLN","RPL4",0.847
"NCLN","RPL30",0.817
"NCLN","RPL5",0.818
"NCLN","RPL10",0.824
"NCLN","RPL15",0.839
"NCLN","RPL23",0.819
"NCLN","TMCO1",0.934
"NCLN","RPL13",0.824
"FNTB","KRAS",0.759
"FNTB","GNGT1",0.751
"FNTB","FDPS",0.953
"NECAB3","NEK2",0.738
"RALY","MATR3",0.718
"RALY","HNRNPA1",0.882
"RALY","EIF2S2",0.936
"UROD","CPOX",0.999
"LRFN3","FLOT2",0.706
"UBA2","RANBP2",0.814
"UBA2","SUMO3",0.989
"UBA2","SUMO1",0.999
"UBA2","NEDD8",0.881
"UBA2","UBE2I",0.999
"UBA2","SENP6",0.705
"CCR7","CXCR5",0.962
"CCR7","ARRB1",0.859
"CCR7","CXCL11",0.93
"CCR7","IL6",0.824
"CCR7","CXCL9",0.961
"CCR7","CXCL10",0.968
"CCR7","CD27",0.923
"CCR7","SRC",0.774
"CCR7","CXCR1",0.793
"CCR7","IL1B",0.804
"CCR7","CCR2",0.918
"CCR7","JAK2",0.75
"CCR7","CD68",0.703
"CCR7","CCR1",0.947
"CCR7","ICAM1",0.736
"CCR7","CXCR3",0.763
"CCR7","CCRL2",0.784
"CCR7","CD40",0.801
"CCR7","PPBP",0.866
"CCR7","GNAQ",0.92
"CCR7","IL7R",0.922
"CCR7","S1PR1",0.739
"CCR7","CCL27",0.98
"CCR7","CD19",0.88
"CCR7","CXCL8",0.9
"CCR7","CCR5",0.956
"CCR7","IL10",0.761
"CCR7","CCL11",0.806
"CCR7","CD80",0.894
"CCR7","CCL8",0.886
"CCR7","CCL5",0.994
"CCR7","CD8A",0.941
"CCR7","CXCL13",0.999
"NR1D1","CSNK1E",0.828
"NR1D1","EP300",0.766
"NR1D1","NCOR1",0.999
"ARL2","TUBB2B",0.704
"RRAS","RASGRP1",0.812
"RRAS","PIK3R3",0.915
"RRAS","ARAF",0.969
"RRAS","RASA1",0.979
"RRAS","RRAS2",0.905
"RRAS","PLD2",0.914
"RRAS","TIAM1",0.931
"RRAS","PIK3CA",0.997
"RRAS","PIK3CD",0.997
"RRAS","SHOC2",0.964
"NOP53","ZNF593",0.807
"NOP53","RPL39L",0.86
"NOP53","IMP4",0.819
"NOP53","RPL14",0.9
"NOP53","RRP1B",0.842
"NOP53","RPL37",0.895
"NOP53","NOL10",0.834
"NOP53","RPF1",0.851
"NOP53","GNL3L",0.869
"NOP53","DOCK4",0.772
"NOP53","RPL3",0.944
"NOP53","NOC2L",0.872
"NOP53","EXOSC10",0.705
"NOP53","GNL3",0.895
"NOP53","UTP11",0.72
"NOP53","RPL3L",0.845
"NOP53","DNTTIP2",0.705
"NOP53","RSL24D1",0.978
"NOP53","PDCD11",0.745
"NOP53","RPL22",0.829
"NOP53","RPL27",0.892
"NOP53","RPL38",0.974
"NOP53","BRIX1",0.827
"NOP53","RPL13A",0.892
"NOP53","RPL10L",0.869
"NOP53","UTP3",0.94
"NOP53","RPS9",0.713
"NOP53","FTSJ3",0.997
"NOP53","IFI35",0.768
"NOP53","PTEN",0.94
"NOP53","GTPBP4",0.996
"NOP53","NOC3L",0.742
"NOP53","RPL12",0.903
"NOP53","GRWD1",0.713
"NOP53","NGDN",0.838
"NOP53","MAK16",0.864
"NOP53","RPL5",0.992
"NOP53","RPL10",0.884
"NOP53","RPL15",0.9
"NOP53","AGL",0.983
"NOP53","RPL23",0.851
"NOP53","UTP14A",0.834
"NOP53","TP53",0.702
"NOP53","MRTO4",0.868
"NOP53","RPL13",0.94
"NOP53","RRS1",0.932
"NOP53","UBA52",0.846
"NOP53","RPL24",0.893
"NOP53","RPL37A",0.909
"NOP53","RPL8",0.912
"NOP53","MED1",0.758
"NOP53","EIF6",0.701
"NOP53","NIP7",0.914
"NOP53","RRP15",0.93
"NOP53","PA2G4",0.98
"NOP53","RPL4",0.944
"NOP53","GNL2",0.996
"NOP53","EBNA1BP2",0.97
"NOP53","RPL30",0.975
"FLRT1","FN1",0.767
"STATH","C4BPA",0.774
"TRAP1","SDHB",0.953
"TRAP1","HSPA4",0.73
"TRAP1","SDHA",0.78
"TRAP1","CYCS",0.94
"TRAP1","CLPB",0.767
"TRAP1","HSPA9",0.793
"TRAP1","DNAJB1",0.704
"TRAP1","HSPA5",0.787
"SUGP1","RBM39",0.868
"SUGP1","SF3B1",0.743
"SUGP1","SF1",0.907
"SUGP1","DHX9",0.831
"SUGP1","RBM25",0.869
"SUGP1","TCERG1",0.818
"SUGP1","RBM7",0.8
"SUGP1","SRSF1",0.82
"SUGP1","RBM5",0.868
"SUGP1","SRRM2",0.857
"SUGP1","DHX15",0.999
"DDX49","NOC4L",0.928
"DDX49","NOL11",0.836
"DDX49","NGDN",0.847
"DDX49","DDX47",0.915
"DDX49","DHX15",0.856
"DDX49","NIP7",0.766
"DDX49","GNL2",0.731
"DDX49","RPS6",0.848
"DDX49","RPS2",0.846
"DDX49","DHX8",0.926
"DDX49","HEATR1",0.715
"DDX49","RPF1",0.741
"DDX49","NOL6",0.988
"DDX49","NOC2L",0.712
"DDX49","NAT10",0.765
"DDX49","IMP4",0.766
"DDX49","WDR3",0.732
"DDX49","FCF1",0.873
"DDX49","UTP3",0.995
"DDX49","RPS9",0.86
"DDX49","FTSJ3",0.896
"DDX49","RCL1",0.759
"DDX49","RRP7A",0.796
"DDX49","RPS14",0.84
"DDX49","WDR12",0.9
"DDX49","UTP11",0.898
"DDX49","UTP20",0.885
"DDX49","PDCD11",0.944
"GDF1","SMAD2",0.705
"GDF1","SPTLC1",0.72
"GDF1","MED13L",0.739
"SDF2","CCT8",0.724
"SDF2","CCT2",0.724
"SDF2","CCT3",0.723
"SDF2","CCT7",0.724
"SDF2","CCT4",0.724
"SDF2","HSP90AB1",0.775
"SDF2","PSMG2",0.727
"SDF2","CCT6A",0.723
"SDF2","CCT5",0.724
"SDF2","TSC1",0.744
"CFP","CLU",0.717
"CFP","SERPING1",0.774
"ATG14","GABARAP",0.993
"ATG14","PIK3R4",0.999
"ATG14","SQSTM1",0.822
"ATG14","RAB5A",0.712
"ATG14","ATG5",0.96
"ATG14","PIK3C3",0.999
"ATG14","BECN1",0.999
"DLGAP5","TK1",0.811
"DLGAP5","MCM10",0.756
"DLGAP5","RACGAP1",0.935
"DLGAP5","KIFC1",0.915
"DLGAP5","SMC4",0.728
"DLGAP5","KIF18A",0.945
"DLGAP5","MAD2L1",0.906
"DLGAP5","KNTC1",0.764
"DLGAP5","TROAP",0.77
"DLGAP5","SHCBP1",0.74
"DLGAP5","PIMREG",0.726
"DLGAP5","CENPE",0.957
"DLGAP5","TACC3",0.845
"DLGAP5","CDCA8",0.961
"DLGAP5","CENPU",0.734
"DLGAP5","EXO1",0.787
"DLGAP5","SMC2",0.807
"DLGAP5","CCNB1",0.965
"DLGAP5","ASF1B",0.751
"DLGAP5","E2F8",0.799
"DLGAP5","PTTG1",0.913
"DLGAP5","NDC80",0.957
"DLGAP5","CKS2",0.841
"DLGAP5","ESPL1",0.82
"DLGAP5","ARHGAP11A",0.801
"DLGAP5","CKAP2",0.838
"DLGAP5","KIF2C",0.975
"DLGAP5","CDC25C",0.89
"DLGAP5","BUB1B",0.981
"DLGAP5","GINS2",0.72
"DLGAP5","NCAPG",0.948
"DLGAP5","WDHD1",0.754
"DLGAP5","PLK1",0.807
"DLGAP5","NEK2",0.963
"DLGAP5","CDCA3",0.951
"DLGAP5","MKI67",0.902
"SGPP1","PLPP2",0.942
"CTAG2","MAGEA1",0.845
"CANX","ALB",0.743
"CANX","NCSTN",0.754
"CANX","HSPA9",0.871
"CANX","ITPR1",0.843
"CANX","SEC13",0.757
"CANX","HSP90B1",0.99
"CANX","PDIA3",0.999
"CANX","HSPA5",0.998
"CANX","CD81",0.77
"CANX","CD9",0.759
"CANX","CD3D",0.79
"CANX","P4HB",0.966
"CANX","CALR",0.999
"CANX","VCP",0.967
"CANX","HSP90AB1",0.886
"CANX","COPB1",0.771
"CANX","HSPA4",0.882
"CANX","HSP90AA1",0.848
"PYCARD","CASP8",0.992
"PYCARD","IL18",0.993
"PYCARD","IL1A",0.791
"PYCARD","RIPK1",0.75
"PYCARD","CARD9",0.774
"PYCARD","IFI16",0.948
"PYCARD","IL1B",0.989
"PYCARD","CHUK",0.762
"PYCARD","CASP5",0.999
"PYCARD","NLRP3",0.999
"PYCARD","SYK",0.826
"PYCARD","TLR4",0.76
"PYCARD","AIM2",0.999
"PYCARD","RIGI",0.787
"TRAF2","PIK3CD",0.905
"TRAF2","CHUK",0.995
"TRAF2","TNFRSF10B",0.91
"TRAF2","PIK3CA",0.905
"TRAF2","UBA52",0.717
"TRAF2","TNFRSF8",0.868
"TRAF2","BECN1",0.995
"TRAF2","TRAF3",0.996
"TRAF2","PRKCQ",0.905
"TRAF2","IRAK1",0.939
"TRAF2","UBE2N",0.992
"TRAF2","RIPK1",0.999
"TRAF2","XIAP",0.957
"TRAF2","CASP8",0.994
"TRAF2","SQSTM1",0.931
"TRAF2","MAP2K6",0.916
"TRAF2","CD27",0.814
"TRAF2","JUN",0.788
"TRAF2","HSP90AB1",0.749
"TRAF2","EGFR",0.835
"TRAF2","FADD",0.999
"TRAF2","BAK1",0.727
"TRAF2","FYN",0.913
"TRAF2","MAP3K7",0.988
"TRAF2","TANK",0.973
"TRAF2","CD40",0.996
"TRAF2","BIRC3",0.999
"TRAF2","RIGI",0.927
"TRAF2","PIK3R3",0.901
"TRAF2","MAP3K5",0.999
"TRAF2","TBK1",0.998
"TRAF2","CFLAR",0.943
"TRAF2","USP7",0.751
"YEATS4","H3-3B",0.822
"YEATS4","H3-4",0.864
"YEATS4","TRRAP",0.997
"YEATS4","MORF4L1",0.999
"YEATS4","GTF2F2",0.749
"YEATS4","RUVBL1",0.999
"YEATS4","BRD3",0.712
"YEATS4","ING3",0.998
"YEATS4","H2AZ1",0.976
"YEATS4","PPM1B",0.751
"YEATS4","SMARCA2",0.718
"TAS2R4","PLCB2",0.888
"IDUA","SI",0.836
"PIN1","IRF3",0.967
"PIN1","TP53",0.946
"PIN1","PLK1",0.821
"FBXL12","CUL1",0.983
"KIF17","TNPO1",0.958
"KIF17","KIFC1",0.706
"KIF17","IFT56",0.74
"KIF17","KIF18A",0.73
"KLF2","JUN",0.72
"KLF2","EP300",0.78
"KLF2","CD8A",0.732
"KLF2","SOX2",0.798
"KLF2","S1PR1",0.856
"GFER","TIMM10",0.815
"GFER","COPS5",0.742
"GFER","CYCS",0.781
"GNG13","ADCY10",0.74
"GNG13","GNB5",0.881
"GNG13","PLCB1",0.906
"GNG13","GNGT1",0.888
"GNG13","ADCY8",0.785
"GNG13","ADCY1",0.84
"GNG13","CCR5",0.908
"GNG13","GNAQ",0.709
"GNG13","GNG3",0.946
"GNG13","KCNJ3",0.739
"GNG13","PLCB2",0.966
"GNG13","GNB1",0.999
"GNG13","GNG11",0.764
"ZNF10","TRIM28",0.995
"TICAM1","RIPK1",0.994
"TICAM1","IRAK1",0.96
"TICAM1","TRAF3",0.994
"TICAM1","CASP8",0.977
"TICAM1","CASP10",0.906
"TICAM1","TLR2",0.975
"TICAM1","FADD",0.961
"TICAM1","MAP3K7",0.854
"TICAM1","IFNB1",0.824
"TICAM1","IRF7",0.981
"TICAM1","LY96",0.836
"TICAM1","TLR4",0.999
"TICAM1","TLR3",0.999
"TICAM1","IRF3",0.993
"TICAM1","TBK1",0.982
"TICAM1","CFLAR",0.939
"TICAM1","RIGI",0.868
"TICAM1","TANK",0.82
"MON1B","RAB7A",0.83
"MON1B","RAB5A",0.751
"EIF3K","EIF3G",0.999
"EIF3K","EEF1D",0.774
"EIF3K","RPS14",0.952
"EIF3K","RPS23",0.974
"EIF3K","RPS9",0.957
"EIF3K","EIF1AY",0.788
"EIF3K","RPS3",0.985
"EIF3K","EIF3J",0.999
"EIF3K","RPS4Y1",0.725
"EIF3K","RPS11",0.972
"EIF3K","MRNIP",0.727
"EIF3K","ABCE1",0.875
"EIF3K","EIF2S2",0.972
"EIF3K","EIF4G1",0.914
"EIF3K","EIF1AX",0.963
"EIF3K","MRPS15",0.721
"EIF3K","EIF3I",0.999
"EIF3K","EIF2S1",0.982
"EIF3K","EIF4A1",0.901
"EIF3K","RPS4X",0.952
"EIF3K","RPL8",0.849
"EIF3K","RPS6",0.973
"EIF3K","EIF3B",0.999
"EIF3K","RPS2",0.969
"EIF3K","COPS5",0.924
"EIF3K","RPL24",0.755
"EIF3K","RPS21",0.98
"EIF3K","RPS27L",0.731
"EIF3K","MRPS12",0.806
"EIF3K","EIF3A",0.999
"EIF3K","RPS19",0.986
"EIF3K","RPS16",0.984
"EIF3K","EIF4A2",0.742
"TUBA4A","TUBB",0.994
"TUBA4A","PLK1",0.886
"TUBA4A","GJA1",0.93
"TUBA4A","DYNC1LI1",0.739
"TUBA4A","CETN2",0.718
"TUBA4A","CCT3",0.71
"TUBA4A","CCT4",0.704
"TUBA4A","TUBB2B",0.968
"GNG11","GNAQ",0.705
"GNG11","GNG3",0.809
"GNG11","KCNJ3",0.709
"GNG11","PIK3R3",0.708
"GNG11","GNB1",0.998
"GNG11","PLCB1",0.711
"GNG11","RHO",0.739
"GNG11","CCR5",0.915
"GNG11","GNB5",0.794
"GNGT1","PLCB2",0.851
"GNGT1","CACNA1F",0.748
"GNGT1","GNB5",0.803
"GNGT1","GNB1",0.999
"GNGT1","GNG3",0.751
"GNGT1","GNAQ",0.762
"GNGT1","OPN1SW",0.832
"GNGT1","ADCY1",0.73
"GNGT1","RHO",0.98
"GNGT1","CCR5",0.981
"GNGT1","CCL5",0.802
"PTPN12","PXN",0.999
"PTPN12","GRB2",0.94
"PTPN12","SRC",0.834
"PTPN12","PTK2",0.922
"PTPN12","EGF",0.808
"PTPN12","WAS",0.772
"PTPN12","PDGFRB",0.798
"PTPN12","EGFR",0.963
"PTPN12","ERBB2",0.935
"FGL2","FN1",0.756
"FGL2","FGB",0.788
"FGL2","SERPINF2",0.756
"FGL2","THBS1",0.778
"PEX1","PEX13",0.969
"PEX1","PEX2",0.947
"CYTH4","ARF6",0.983
"CYTH4","PIK3CD",0.723
"CYTH4","IPCEF1",0.784
"GGT1","GSTM5",0.712
"GGT1","GLUL",0.854
"SGSM3","RAB8A",0.727
"SGSM3","RAB5A",0.929
"SGSM3","RAB11A",0.742
"VPREB3","CD19",0.847
"SDF2L1","HSPA5",0.804
"SDF2L1","CCT8",0.721
"SDF2L1","CCT2",0.727
"SDF2L1","HSP90B1",0.964
"SDF2L1","CCT7",0.726
"SDF2L1","CCT4",0.723
"SDF2L1","CCT3",0.729
"SDF2L1","HSP90AB1",0.774
"SDF2L1","CALR",0.717
"SDF2L1","CCT5",0.72
"SDF2L1","TSC1",0.741
"SDF2L1","PSMG2",0.72
"SDF2L1","CCT6A",0.722
"YWHAH","CDC25C",0.989
"YWHAH","HDAC4",0.769
"YWHAH","CSNK1E",0.932
"YWHAH","SCN5A",0.727
"YWHAH","YWHAE",0.948
"YWHAH","YWHAQ",0.911
"YWHAH","YWHAZ",0.972
"YWHAH","CTNNA1",0.923
"YWHAH","TXNDC9",0.841
"YWHAH","MAP2K1",0.735
"YWHAH","ARAF",0.988
"YWHAH","CSNK1D",0.916
"YWHAH","FOXO3",0.951
"MCHR1","SST",0.747
"MCHR1","GNAQ",0.711
"GALR3","GAL",0.999
"RAC2","IQGAP1",0.976
"RAC2","ELMO1",0.975
"RAC2","GNB5",0.73
"RAC2","WAS",0.929
"RAC2","PLD2",0.939
"RAC2","MAP2K6",0.914
"RAC2","SRC",0.955
"RAC2","TIAM1",0.955
"RAC2","PIK3CD",0.957
"RAC2","PIK3CA",0.947
"RAC2","SYK",0.762
"RAC2","NCKAP1",0.938
"RAC2","GNB1",0.726
"RAC2","PIK3R3",0.913
"RAC2","PIP5K1B",0.913
"RAC2","CTNND1",0.925
"RAC2","RACGAP1",0.819
"RAC2","MAPK3",0.95
"RAC2","HCLS1",0.768
"RAC2","PRKCZ",0.934
"RAC2","FYN",0.956
"RAC2","PIP5K1A",0.92
"LIF","PDGFRB",0.736
"LIF","FGF2",0.9
"LIF","IL3",0.723
"LIF","STAT3",0.924
"LIF","PDGFRA",0.773
"LIF","IL6",0.927
"LIF","CXCL8",0.731
"LIF","IL10",0.715
"LIF","IL13RA1",0.738
"LIF","JAK2",0.725
"LIF","EGFR",0.765
"LIF","IL1B",0.785
"LIF","SOX2",0.802
"LIF","IL1A",0.794
"PMPCB","ATP5PB",0.79
"PMPCB","NDUFA9",0.927
"PMPCB","NDUFB8",0.812
"PMPCB","COX6A2",0.903
"PMPCB","NDUFS6",0.892
"PMPCB","SDHA",0.837
"PMPCB","SDHB",0.85
"PMPCB","PALB2",0.735
"PMPCB","ATP5F1C",0.866
"PMPCB","PDHB",0.771
"PMPCB","NDUFB5",0.771
"PMPCB","NDUFA13",0.763
"PMPCB","AFG3L2",0.783
"PMPCB","NDUFV2",0.957
"PMPCB","COX5A",0.985
"PMPCB","COX7A1",0.813
"PMPCB","COX7C",0.898
"PMPCB","NDUFA10",0.919
"PMPCB","NDUFA8",0.924
"PMPCB","NDUFA2",0.898
"PMPCB","UQCR10",0.981
"PMPCB","NDUFS2",0.942
"PMPCB","UQCRH",0.861
"PMPCB","UQCRFS1",0.985
"PMPCB","DAP3",0.778
"PMPCB","NDUFS3",0.925
"PMPCB","ATP5F1A",0.925
"PMPCB","COX5B",0.971
"PMPCB","UQCRC2",0.998
"PMPCB","CYC1",0.995
"PMPCB","NDUFS4",0.955
"PMPCB","COX6C",0.729
"PMPCB","HSPA9",0.729
"PMPCB","MDH2",0.705
"PMPCB","ATP5PD",0.716
"LSM8","TXNL4A",0.994
"LSM8","SF3B1",0.991
"LSM8","MAGOHB",0.921
"LSM8","DDX23",0.981
"LSM8","SNU13",0.993
"LSM8","SF3B4",0.995
"LSM8","NCBP1",0.891
"LSM8","SNRPD1",0.999
"LSM8","RBMX2",0.953
"LSM8","LSM7",0.999
"LSM8","LSM6",0.999
"LSM8","LSM1",0.985
"LSM8","USP39",0.99
"LSM8","MFAP1",0.982
"LSM8","NCBP2",0.87
"LSM8","CDC5L",0.848
"LSM8","SRRM1",0.806
"LSM8","PRPF6",0.999
"LSM8","TCERG1",0.808
"LSM8","PRP4K",0.865
"LSM8","SRSF1",0.893
"LSM8","WBP11",0.902
"LSM8","PPIH",0.966
"LSM8","PRPF31",0.999
"LSM8","SNIP1",0.99
"LSM8","SNRPF",0.999
"LSM8","RBM42",0.906
"LSM8","LSM3",0.999
"LSM8","SF3B3",0.991
"LSM8","SF3B2",0.989
"LSM8","SRRM2",0.91
"LSM8","SNRNP70",0.89
"DNAJB9","HSPA4",0.805
"DNAJB9","SIL1",0.949
"DNAJB9","HSPA6",0.847
"DNAJB9","HSPA9",0.77
"DNAJB9","HSPA2",0.736
"DNAJB9","HSP90B1",0.869
"DNAJB9","HSPA4L",0.737
"DNAJB9","HSPA5",0.985
"SMO","CSNK1E",0.911
"SMO","ARRB1",0.994
"SMO","GNB1",0.951
"SMO","PRKACG",0.965
"SMO","PRKACA",0.965
"SMO","CSNK1D",0.914
"OPN1SW","RHO",0.753
"SIRT2","HDAC1",0.859
"SIRT2","H3-4",0.863
"SIRT2","H3-3B",0.867
"SIRT2","HDAC4",0.704
"SIRT2","TP53",0.768
"SIRT2","EP300",0.907
"SIRT2","PARP1",0.743
"SIRT2","HDAC2",0.84
"SIRT2","PNP",0.916
"SIRT2","CDC14A",0.991
"MTX2","IMMT",0.99
"MTX2","HSPA9",0.776
"MTX2","TOMM7",0.83
"MTX2","TOMM70",0.775
"HOXD10","RHOC",0.819
"SNAP23","VAMP5",0.871
"SNAP23","STX2",0.999
"SNAP23","STXBP2",0.737
"SNAP23","ITSN1",0.722
"SNAP23","STX6",0.998
"SNAP23","CAV1",0.741
"SNAP23","NAPA",0.99
"SNAP23","RAB8A",0.766
"SNAP23","STX8",0.84
"SNAP23","VAMP2",0.999
"SNAP23","STX5",0.927
"SNAP23","SNX4",0.91
"SNAP23","STX11",0.999
"TMOD2","ANK2",0.727
"TMOD2","CAPZA2",0.794
"TMOD2","CAPZA1",0.791
"ALDH1A2","ADH5",0.794
"ALDH1A2","CYP1A1",0.925
"ALDH1A2","CYP2A6",0.914
"CLN6","CALML4",0.733
"MBD4","DNMT3A",0.901
"MBD4","MBD2",0.78
"MBD4","DNMT1",0.925
"COPB1","SEC13",0.825
"COPB1","TMED10",0.909
"COPB1","STX5",0.843
"COPB1","COPA",0.999
"COPB1","COPB2",0.999
"COPB1","TGOLN2",0.806
"MYOD1","HDAC2",0.714
"MYOD1","CREBBP",0.923
"MYOD1","DDX17",0.887
"MYOD1","SMAD7",0.746
"MYOD1","JUN",0.718
"MYOD1","TP53",0.797
"MYOD1","EP300",0.991
"MYOD1","SMAD3",0.929
"MYOD1","HDAC4",0.824
"MYOD1","HDAC1",0.926
"MYOD1","ID1",0.946
"MYOD1","CDK4",0.862
"MYOD1","SRF",0.865
"MYOD1","SMARCA4",0.957
"E2F8","CDCA8",0.769
"E2F8","E2F1",0.928
"E2F8","TK1",0.714
"E2F8","MCM10",0.768
"E2F8","TP53",0.765
"E2F8","MKI67",0.782
"E2F8","NEK2",0.753
"E2F8","BUB1B",0.836
"E2F8","KIF2C",0.772
"PIMREG","CDCA3",0.834
"PIMREG","TDRD7",0.721
"CD68","CD3D",0.71
"CD68","THY1",0.704
"CD68","SCARB2",0.79
"CD68","CCR2",0.788
"CD68","PDCD1",0.73
"CD68","IL1B",0.84
"CD68","CXCL10",0.732
"CD68","APOE",0.843
"CD68","ARG1",0.742
"CD68","IL6",0.839
"CD68","SCARB1",0.79
"CD68","VWF",0.708
"CD68","ALB",0.727
"CD68","CD8A",0.893
"CD68","CD34",0.801
"CD68","IL10",0.794
"CD68","CCR5",0.806
"CD68","TYROBP",0.796
"CD68","TLR4",0.726
"CD68","SIGLEC1",0.8
"ATP1B2","ATP1B1",0.971
"ATP1B2","MAPK3",0.903
"FXR2","EIF4A1",0.705
"FXR2","CPEB3",0.78
"FXR2","SERBP1",0.784
"FXR2","YBX1",0.82
"FXR2","SF3B3",0.925
"FXR2","FMR1",0.995
"MPDU1","DPM1",0.967
"CLEC11A","KIT",0.993
"CMA1","CPA3",0.966
"CMA1","REN",0.727
"CMA1","ACE",0.846
"CMA1","FYN",0.949
"BCL2L2","BAX",0.93
"BCL2L2","BAK1",0.959
"BCL2L2","TP53",0.718
"BCL2L2","PMAIP1",0.998
"BCL2L2","CYCS",0.797
"BCL2L2","BID",0.932
"BCL2L2","CASP3",0.749
"BCL2L2","BECN1",0.987
"BCL2L2","BNIP3",0.737
"PARP2","CASP3",0.927
"PARP2","PARP1",0.965
"PARP2","H2AX",0.743
"PARP2","BRCA1",0.739
"PARP2","XRCC5",0.828
"PARP2","XPA",0.806
"PARP2","ERCC3",0.714
"PARP2","FEN1",0.848
"PARP2","BRCA2",0.865
"PARP2","XPC",0.861
"PARP2","NPM1",0.746
"PARP2","CENPS",0.8
"PARP2","BUB3",0.903
"PARP2","FOXA1",0.745
"FOXA1","PIK3CA",0.706
"FOXA1","AR",0.996
"FOXA1","JUN",0.817
"FOXA1","TP53",0.735
"FOXA1","EP300",0.933
"FOXA1","PGR",0.887
"FOXA1","HDAC1",0.724
"FOXA1","H3-3B",0.833
"FOXA1","KDM1A",0.701
"FOXA1","SOX2",0.74
"FOXA1","YY1",0.704
"FOXA1","AGR2",0.85
"EAPP","DDX23",0.83
"EGLN3","CA9",0.764
"EGLN3","EIF5B",0.753
"EGLN3","PKM",0.793
"EGLN3","H3-4",0.752
"EGLN3","H3-3B",0.75
"NEDD8","UBXN7",0.913
"NEDD8","SRP14",0.757
"NEDD8","RPL30",0.716
"NEDD8","CUL3",0.994
"NEDD8","RPS6",0.705
"NEDD8","UBA52",0.983
"NEDD8","COPS5",0.999
"NEDD8","RPL24",0.729
"NEDD8","RPL37A",0.762
"NEDD8","UBE2I",0.794
"NEDD8","TP53",0.808
"NEDD8","CDT1",0.824
"NEDD8","CUL1",0.999
"NEDD8","RPL5",0.74
"NEDD8","SKP2",0.974
"NEDD8","SMURF2",0.737
"NEDD8","PSMA6",0.884
"NEDD8","RPS3",0.746
"NEDD8","CDK2",0.877
"NEDD8","UBE2D2",0.984
"NEDD8","COPS2",0.956
"NEDD8","USP7",0.714
"NEDD8","SUMO3",0.846
"NEDD8","SUMO1",0.978
"NEDD8","UBE2M",0.999
"NEDD8","UBA3",0.999
"DAD1","SEC61G",0.896
"DAD1","SEC61A2",0.888
"DAD1","MAP3K5",0.755
"AANAT","MAOB",0.937
"AANAT","SLC38A1",0.701
"AANAT","IDO1",0.931
"AANAT","YWHAZ",0.972
"AANAT","DDC",0.967
"ARHGEF6","PXN",0.974
"ARHGEF6","RASA1",0.764
"ARHGEF6","NRAS",0.904
"ARHGEF6","RRAS2",0.916
"ARHGEF6","MRAS",0.908
"ARHGEF6","KRAS",0.912
"RPS4Y1","EIF5A",0.758
"RPS4Y1","MRPL16",0.704
"RPS4Y1","MRPL24",0.817
"RPS4Y1","RPS3",0.998
"RPS4Y1","RPL3L",0.883
"RPS4Y1","GSPT1",0.903
"RPS4Y1","RPL27",0.993
"RPS4Y1","RPL22",0.977
"RPS4Y1","EIF1AY",0.999
"RPS4Y1","EFL1",0.751
"RPS4Y1","RPS9",0.998
"RPS4Y1","HMGN4",0.76
"RPS4Y1","ARL6IP1",0.829
"RPS4Y1","RPL13A",0.985
"RPS4Y1","RPL10L",0.908
"RPS4Y1","RPL38",0.987
"RPS4Y1","EPRS1",0.755
"RPS4Y1","RPS23",0.997
"RPS4Y1","RPL12",0.987
"RPS4Y1","SNU13",0.792
"RPS4Y1","RPS14",0.988
"RPS4Y1","IFI35",0.837
"RPS4Y1","RPL39L",0.907
"RPS4Y1","EIF2S1",0.888
"RPS4Y1","RPL14",0.993
"RPS4Y1","MRPS14",0.818
"RPS4Y1","RPL36AL",0.977
"RPS4Y1","MRPS15",0.807
"RPS4Y1","HMGN1",0.759
"RPS4Y1","EIF1AX",0.736
"RPS4Y1","EEF2",0.99
"RPS4Y1","DOCK4",0.859
"RPS4Y1","EIF2S2",0.831
"RPS4Y1","RPL3",0.975
"RPS4Y1","NOL6",0.773
"RPS4Y1","RPL37",0.99
"RPS4Y1","RIOK2",0.805
"RPS4Y1","RPS11",0.998
"RPS4Y1","MRNIP",0.855
"RPS4Y1","HSPBP1",0.706
"RPS4Y1","RPS2",0.997
"RPS4Y1","RPL37A",0.992
"RPS4Y1","RPL24",0.994
"RPS4Y1","UBA52",0.996
"RPS4Y1","RPS6",0.998
"RPS4Y1","MED1",0.865
"RPS4Y1","HEATR1",0.771
"RPS4Y1","KDM5D",0.999
"RPS4Y1","RPL8",0.994
"RPS4Y1","ETF1",0.908
"RPS4Y1","RPL4",0.993
"RPS4Y1","PNO1",0.741
"RPS4Y1","RPS4X",0.902
"RPS4Y1","RPLP1",0.947
"RPS4Y1","RPL30",0.992
"RPS4Y1","EIF5A2",0.757
"RPS4Y1","RSAD1",0.842
"RPS4Y1","RPS16",0.996
"RPS4Y1","RPL5",0.994
"RPS4Y1","RPL10",0.97
"RPS4Y1","MRPL3",0.836
"RPS4Y1","SERBP1",0.791
"RPS4Y1","RPL23",0.992
"RPS4Y1","RPS19",0.997
"RPS4Y1","RPL15",0.994
"RPS4Y1","NOC4L",0.773
"RPS4Y1","RPL13",0.993
"RPS4Y1","MRPL2",0.835
"RPS4Y1","MRPL4",0.818
"RPS4Y1","MRTO4",0.86
"RPS4Y1","MRPS11",0.909
"RPS4Y1","RPS27L",0.941
"RPS4Y1","MRPS12",0.865
"RPS4Y1","MRPL11",0.75
"RPS4Y1","RPS21",0.994
"RPS4Y1","CDH1",0.8
"RPS4Y1","IMP3",0.879
"MKNK2","MAPK3",0.937
"MKNK2","EIF4G1",0.855
"SALL1","SOX2",0.891
"SALL1","TERF1",0.835
"ZC3H14","TNPO1",0.798
"ZC3H14","NCBP2",0.878
"LMAN1","COPB2",0.739
"LMAN1","CALR",0.792
"LMAN1","SAR1B",0.768
"LMAN1","TMED2",0.85
"LMAN1","TGOLN2",0.714
"LMAN1","SEC13",0.844
"LMAN1","STX5",0.767
"LMAN1","TMED10",0.825
"CNGB1","RHO",0.899
"CNGB1","CALML4",0.961
"CNGB1","ROM1",0.851
"CNGB1","CALML5",0.961
"CNGB1","CALM3",0.996
"CNGB1","PRPF31",0.745
"CDADC1","TK1",0.795
"ZFYVE26","BECN1",0.72
"VPS35L","VPS35",0.726
"CORO7","EPS15",0.848
"DHX40","USP7",0.803
"MEGF8","GFI1B",0.792
"GNAT2","GNB5",0.82
"GNAT2","GNB1",0.974
"GNAT2","GNG3",0.881
"GNAT2","RHO",0.985
"CERS4","PLPP2",0.931
"CERS4","SPTLC1",0.784
"LILRA1","TYROBP",0.814
"LILRA1","SYK",0.926
"LILRA1","FCER1G",0.715
"TUBG1","PLK1",0.943
"TUBG1","BRCA1",0.928
"NCAPG","CDCA3",0.81
"NCAPG","MKI67",0.908
"NCAPG","BUB1B",0.952
"NCAPG","GINS2",0.852
"NCAPG","FANCI",0.842
"NCAPG","NEK2",0.823
"NCAPG","SMC5",0.773
"NCAPG","RAD21",0.819
"NCAPG","CHEK1",0.775
"NCAPG","NDC80",0.949
"NCAPG","PTTG1",0.804
"NCAPG","ESPL1",0.73
"NCAPG","KIF20B",0.823
"NCAPG","KIF2C",0.933
"NCAPG","SMC2",0.999
"NCAPG","CENPU",0.846
"NCAPG","EXO1",0.737
"NCAPG","CCNB1",0.962
"NCAPG","CDCA8",0.83
"NCAPG","SHCBP1",0.83
"NCAPG","CENPE",0.92
"NCAPG","KIF18A",0.813
"NCAPG","MAD2L1",0.837
"NCAPG","SMC4",0.999
"NCAPG","MCM10",0.833
"NCAPG","RACGAP1",0.864
"NCAPG","ERCC6L",0.716
"NCAPG","KIFC1",0.841
"ALOX12","PLA2G6",0.734
"UGT2A3","AKR1C3",0.918
"UGT2A3","CYP1A1",0.953
"UGT2A3","PPIG",0.761
"UGT2A3","CYP2A6",0.952
"ADAMTS2","COL3A1",0.891
"ADAMTS2","COL5A2",0.797
"ADAMTS2","COL5A1",0.826
"CIAO3","ISCA1",0.793
"HBA2","RPS14",0.916
"HBA2","RPS23",0.907
"HBA2","RPS9",0.914
"HBA2","DHX29",0.736
"HBA2","RPS3",0.908
"HBA2","RPS11",0.905
"HBA2","HPX",0.773
"HBA2","HBE1",0.996
"HBA2","HBB",0.999
"HBA2","RPS4X",0.908
"HBA2","RPS6",0.938
"HBA2","RPS2",0.905
"HBA2","RPS21",0.9
"HBA2","LUC7L",0.74
"HBA2","RPS19",0.92
"HBA2","RPS16",0.906
"DHX29","RPS2",0.773
"DHX29","EIF3B",0.841
"DHX29","RPS6",0.768
"DHX29","EIF4A1",0.909
"DHX29","RPS4X",0.757
"DHX29","RPS19",0.766
"DHX29","RPS16",0.798
"DHX29","EIF4A2",0.911
"DHX29","DDX60",0.715
"DHX29","RPS21",0.727
"DHX29","RPS3",0.798
"DHX29","RPS14",0.771
"DHX29","RPS9",0.783
"DHX29","RPS23",0.79
"DHX29","EIF1AX",0.844
"DHX29","EIF4G1",0.844
"DHX29","RPS11",0.803
"DHX29","EIF3J",0.742
"DHX58","RTP4",0.775
"DHX58","OAS2",0.863
"DHX58","DDX60",0.902
"DHX58","MX2",0.74
"DHX58","HERC5",0.713
"DHX58","STAT1",0.712
"DHX58","OAS1",0.802
"DHX58","MX1",0.822
"DHX58","XAF1",0.763
"DHX58","IRF9",0.716
"DHX58","TRAF3",0.84
"DHX58","HERC6",0.746
"DHX58","TANK",0.731
"DHX58","IFIT3",0.751
"DHX58","RIGI",0.997
"DHX58","IFNA1",0.798
"DHX58","TBK1",0.84
"DHX58","IRF3",0.904
"DHX58","TLR3",0.814
"DHX58","OASL",0.822
"DHX58","TRIM25",0.895
"DHX58","IRF7",0.909
"DHX58","STAT2",0.815
"DHX58","IFNB1",0.869
"DHX58","IFI44",0.807
"DHX58","IFIT1",0.81
"DHX58","RSAD2",0.874
"DHX58","IFI35",0.868
"SLC4A5","DCTN1",0.776
"SNX4","VAMP2",0.932
"SNX4","DYNLT3",0.904
"SNX4","TPR",0.9
"SNX4","STX6",0.909
"SNX4","VPS35",0.891
"SNX4","DYNC1LI1",0.927
"TDRD1","E2F1",0.902
"MED17","ERCC3",0.921
"MED17","CDK7",0.939
"MED17","TAF7",0.829
"MED17","GTF2E1",0.942
"MED17","TP53",0.914
"MED17","MED25",0.996
"MED17","MED8",0.999
"MED17","MED9",0.997
"MED17","MED4",0.999
"MED17","INTS3",0.722
"MED17","POLR2J",0.987
"MED17","POLR2F",0.976
"MED17","MED23",0.998
"MED17","MED21",0.999
"MED17","H4C2",0.8
"MED17","MED13L",0.955
"MED17","POLR2L",0.968
"MED17","POLR2B",0.982
"MED17","GTF2E2",0.933
"MED17","GTF2F2",0.965
"MED17","MED1",0.999
"MED17","MED14",0.999
"MED17","POLR2D",0.994
"MED17","GTF2H4",0.917
"MED17","MED15",0.999
"MED17","TAF10",0.834
"MED17","TAF12",0.826
"MED17","MNAT1",0.93
"MED17","TAF4",0.872
"MED17","SUPT3H",0.767
"MED17","GTF2B",0.971
"MED17","H2AZ1",0.817
"MED17","TAF11",0.865
"MED17","POLR2G",0.994
"MED17","GTF2H1",0.872
"MED17","QKI",0.994
"MED17","MED16",0.999
"MED17","MED7",0.999
"SCML2","RBBP4",0.917
"SCML2","RBBP7",0.924
"SCML2","H2AC13",0.9
"SCML2","MRPL3",0.769
"SCML2","CBX2",0.962
"SCML2","EZH2",0.958
"SCML2","H2AC17",0.9
"SCML2","PHC2",0.951
"SCML2","CBX8",0.976
"SCML2","HDAC2",0.908
"SCML2","USP7",0.891
"TSG101","RAB5A",0.833
"TSG101","PDCD6",0.991
"TSG101","RAB11A",0.796
"TSG101","TP53",0.701
"TSG101","HSP90AB1",0.911
"TSG101","HSPA4",0.944
"TSG101","HSP90AA1",0.908
"TSG101","CD9",0.995
"TSG101","CD81",0.995
"TSG101","UBA52",0.976
"TSG101","EGFR",0.756
"KIAA0930","YWHAE",0.715
"DHX35","NOL6",0.709
"DHX35","IMP3",0.701
"DHX35","DHX15",0.766
"DHX35","CDC5L",0.809
"TRPC4AP","ERCC8",0.9
"TRPC4AP","DCAF15",0.903
"FKBP6","HSPA2",0.822
"FKBP6","BAZ1B",0.709
"FKBP6","UBE2I",0.819
"FKBP6","HSP90AA1",0.965
"CUL9","TP53",0.971
"CUL9","CUL3",0.749
"NDUFA2","COX7C",0.992
"NDUFA2","COX7A1",0.901
"NDUFA2","COX7A2",0.903
"NDUFA2","SDHD",0.985
"NDUFA2","NDUFA10",0.999
"NDUFA2","NDUFAF4",0.952
"NDUFA2","NDUFB6",0.999
"NDUFA2","UQCR10",0.999
"NDUFA2","NDUFS2",0.999
"NDUFA2","MGLL",0.917
"NDUFA2","NDUFA8",0.999
"NDUFA2","UQCRH",0.996
"NDUFA2","UQCRFS1",0.998
"NDUFA2","COX5B",0.994
"NDUFA2","NDUFA3",0.999
"NDUFA2","HTATIP2",0.779
"NDUFA2","NDUFS3",0.999
"NDUFA2","CYC1",0.994
"NDUFA2","UQCRC2",0.974
"NDUFA2","NDUFA1",0.999
"NDUFA2","ATP5PD",0.978
"NDUFA2","NDUFA7",0.999
"NDUFA2","COX6C",0.955
"NDUFA2","NDUFS4",0.999
"NDUFA2","ATP5MG",0.844
"NDUFA2","NDUFA9",0.999
"NDUFA2","SDHB",0.958
"NDUFA2","NDUFS6",0.999
"NDUFA2","SDHA",0.856
"NDUFA2","COX6A2",0.944
"NDUFA2","NDUFB11",0.999
"NDUFA2","NDUFA4L2",0.741
"NDUFA2","ATP5MF",0.894
"NDUFA2","NDUFB8",0.999
"NDUFA2","PALB2",0.938
"NDUFA2","ATP5F1C",0.753
"NDUFA2","NDUFB2",0.999
"NDUFA2","NDUFC2",0.999
"NDUFA2","NDUFA13",0.999
"NDUFA2","NDUFB5",0.999
"NDUFA2","TOMM7",0.84
"NDUFA2","NDUFAF1",0.983
"NDUFA2","COX5A",0.972
"NDUFA2","NDUFV2",0.999
"NDUFA2","ATP5ME",0.75
"NDUFA2","NDUFB3",0.999
"ESS2","HIRA",0.735
"ESS2","UFD1",0.717
"ESS2","SOX2",0.838
"MICB","CD8A",0.875
"MICB","CD34",0.747
"KRT5","PGR",0.777
"KRT5","TP53",0.737
"KRT5","EGFR",0.885
"KRT5","ERBB2",0.796
"KRT1","IVL",0.892
"KRT1","DSP",0.816
"KRT1","DSG3",0.725
"KRT6B","DSG3",0.786
"DPF2","SMARCA4",0.999
"DPF2","ARID1A",0.999
"DPF2","SMARCD1",0.999
"DPF2","SMARCA2",0.991
"GALNT8","C1GALT1",0.775
"KCNA5","CAV1",0.792
"KCNA5","SRC",0.761
"KCNA5","SCN5A",0.838
"KCNA5","FYN",0.734
"KCNA5","KCNJ3",0.71
"CNN1","CALML5",0.947
"CNN1","CALM3",0.948
"CNN1","CALML4",0.942
"NECTIN2","CDH2",0.732
"APOE","FN1",0.712
"APOE","ABCA7",0.774
"APOE","EP300",0.724
"APOE","BACE1",0.785
"APOE","GSK3B",0.703
"APOE","IL6",0.835
"APOE","PSEN1",0.956
"APOE","PLA2G7",0.97
"APOE","CCR2",0.82
"APOE","SCARB2",0.797
"APOE","STAT1",0.733
"APOE","SDC2",0.741
"APOE","NOS3",0.777
"APOE","REN",0.732
"APOE","IL1B",0.846
"APOE","PICALM",0.773
"APOE","APOL1",0.965
"APOE","ICAM1",0.789
"APOE","CAV1",0.801
"APOE","APOA2",0.999
"APOE","CLU",0.999
"APOE","BIN1",0.908
"APOE","CRP",0.803
"APOE","PPARG",0.74
"APOE","HSP90B1",0.724
"APOE","ACE",0.876
"APOE","TLR4",0.777
"APOE","LCAT",0.956
"APOE","SERPINA3",0.916
"APOE","CARM1",0.948
"APOE","CCR5",0.783
"APOE","IL10",0.734
"APOE","APP",0.999
"APOE","ALB",0.953
"APOE","SCARB1",0.968
"APOE","MMP3",0.821
"GADD45G","TP53",0.937
"GADD45G","PCNA",0.96
"GADD45G","CCNB1",0.986
"GADD45G","CDKN1A",0.729
"PLVAP","BST2",0.752
"BST2","IFI44",0.708
"BST2","IFITM1",0.81
"BST2","IFIT1",0.709
"BST2","RSAD2",0.754
"BST2","IFI35",0.819
"BST2","IFIT3",0.717
"BST2","IFI6",0.744
"BST2","RIGI",0.795
"BST2","IRF7",0.761
"BST2","STAT2",0.809
"BST2","STAT1",0.813
"BST2","OAS1",0.779
"BST2","MX1",0.804
"BST2","TRIM5",0.855
"BST2","IRF9",0.815
"BST2","OAS2",0.777
"BST2","MX2",0.801
"BST2","APOBEC3G",0.943
"COLGALT1","COL6A2",0.752
"COLGALT1","COL5A2",0.767
"COLGALT1","COL5A1",0.776
"COLGALT1","PLOD2",0.945
"MRPL34","RPL3L",0.816
"MRPL34","MRPL24",0.934
"MRPL34","MRPL16",0.995
"MRPL34","MRPS17",0.903
"MRPL34","MTIF2",0.909
"MRPL34","MRPL40",0.991
"MRPL34","MRPL15",0.989
"MRPL34","RPS23",0.85
"MRPL34","DAP3",0.987
"MRPL34","MRPL20",0.984
"MRPL34","RPL13A",0.84
"MRPL34","MRM3",0.806
"MRPL34","RPS9",0.852
"MRPL34","RPS14",0.794
"MRPL34","MRPS15",0.996
"MRPL34","MRPS14",0.996
"MRPL34","MRPL46",0.996
"MRPL34","MRPL48",0.911
"MRPL34","MRPS18B",0.871
"MRPL34","MRPL58",0.868
"MRPL34","MRPL19",0.994
"MRPL34","RPL3",0.82
"MRPL34","MRPL9",0.979
"MRPL34","MRPS18C",0.965
"MRPL34","MRNIP",0.824
"MRPL34","RPS11",0.854
"MRPL34","MRPS28",0.86
"MRPL34","MRPL17",0.996
"MRPL34","RPS2",0.869
"MRPL34","RPL8",0.795
"MRPL34","MRPL39",0.963
"MRPL34","MRPL12",0.936
"MRPL34","MED1",0.859
"MRPL34","MRPS31",0.842
"MRPL34","MRPL33",0.996
"MRPL34","RPL4",0.801
"MRPL34","MRPS18A",0.967
"MRPL34","RSAD1",0.817
"MRPL34","MRPL3",0.993
"MRPL34","RPS16",0.812
"MRPL34","MRPL49",0.993
"MRPL34","PTCD3",0.823
"MRPL34","MRPS16",0.993
"MRPL34","RPL23",0.952
"MRPL34","MRPS11",0.99
"MRPL34","MRPL2",0.991
"MRPL34","MRPL4",0.997
"MRPL34","MRPL57",0.904
"MRPL34","IMP3",0.783
"MRPL34","MRPL11",0.951
"MRPL34","MRPS12",0.992
"MRPL34","TUFM",0.913
"PGLS","PGD",0.992
"LSM7","SRSF1",0.834
"LSM7","PRP4K",0.835
"LSM7","TCERG1",0.807
"LSM7","SRRM1",0.848
"LSM7","CDC5L",0.835
"LSM7","PRPF6",0.998
"LSM7","SRRM2",0.912
"LSM7","SNRNP70",0.92
"LSM7","SF3B2",0.991
"LSM7","LSM3",0.999
"LSM7","SNRPF",0.999
"LSM7","RBM42",0.94
"LSM7","PRPF31",0.998
"LSM7","SNIP1",0.991
"LSM7","SF3B3",0.991
"LSM7","WBP11",0.88
"LSM7","PPIH",0.974
"LSM7","RBMX2",0.974
"LSM7","SNRPD1",0.998
"LSM7","NCBP1",0.837
"LSM7","SF3B4",0.991
"LSM7","SF3B1",0.991
"LSM7","TXNL4A",0.996
"LSM7","DDX23",0.993
"LSM7","SNU13",0.998
"LSM7","MAGOHB",0.922
"LSM7","NCBP2",0.85
"LSM7","LSM1",0.999
"LSM7","MFAP1",0.983
"LSM7","USP39",0.987
"LSM7","LSM6",0.999
"MLLT1","CDC73",0.946
"MLLT1","EAF2",0.93
"MLLT1","CCNT1",0.999
"MLLT1","POLR2J",0.755
"MLLT1","TRRAP",0.762
"MLLT1","H3-3B",0.811
"MLLT1","H3-4",0.862
"MLLT1","TCEA2",0.928
"MLLT1","SUPT6H",0.828
"MLLT1","ERCC6",0.912
"MLLT1","GTF2F2",0.766
"MLLT1","ICE2",0.908
"MLLT1","POLR2D",0.705
"MLLT1","CTR9",0.924
"MLLT1","RUVBL1",0.747
"MLLT1","CBX8",0.819
"MLLT1","NELFB",0.932
"MLLT1","PEX2",0.9
"MLLT1","AFF4",0.999
"MLLT1","ELL",0.999
"BMP15","FMR1",0.777
"ACTN4","EGFR",0.785
"ACTN4","ZYX",0.978
"ACTN4","PIP4K2A",0.904
"ACTN4","PIP5K1A",0.904
"ACTN4","ITGA2",0.815
"ACTN4","CTNNA1",0.94
"ACTN4","PIP5K1B",0.904
"ACTN4","PIP4K2C",0.905
"ACTN4","PIKFYVE",0.903
"ACTN4","ITGA5",0.922
"ACTN4","ITGB5",0.743
"ACTN4","PXN",0.726
"ACTN4","ITGA3",0.805
"ACTN4","PODXL",0.748
"ACTN4","IQGAP1",0.81
"ACTN4","CD2AP",0.94
"NDUFA10","NDUFB3",0.999
"NDUFA10","NDUFV2",0.999
"NDUFA10","TMEM126B",0.779
"NDUFA10","NDUFAF1",0.985
"NDUFA10","COX5A",0.981
"NDUFA10","NDUFC2",0.999
"NDUFA10","NDUFA13",0.999
"NDUFA10","NDUFB5",0.999
"NDUFA10","PALB2",0.949
"NDUFA10","ATP5F1C",0.919
"NDUFA10","NDUFB2",0.999
"NDUFA10","NDUFA9",0.999
"NDUFA10","TUFM",0.898
"NDUFA10","NDUFB8",0.999
"NDUFA10","SDHA",0.793
"NDUFA10","NDUFS6",0.999
"NDUFA10","COX6A2",0.923
"NDUFA10","NDUFB11",0.999
"NDUFA10","NDUFA1",0.999
"NDUFA10","CYC1",0.98
"NDUFA10","UQCRC2",0.986
"NDUFA10","NDUFS4",0.999
"NDUFA10","NDUFA7",0.999
"NDUFA10","UQCRFS1",0.971
"NDUFA10","NDUFS3",0.999
"NDUFA10","NDUFA3",0.999
"NDUFA10","COX5B",0.984
"NDUFA10","ATP5F1A",0.759
"NDUFA10","NDUFA8",0.999
"NDUFA10","UQCR10",0.902
"NDUFA10","NDUFS2",0.999
"NDUFA10","UQCRH",0.932
"NDUFA10","COX7A1",0.874
"NDUFA10","COX7C",0.906
"NDUFA10","NDUFB6",0.999
"NDUFA10","NDUFAF4",0.906
"EPO","IL6",0.727
"EPO","PDGFRB",0.774
"EPO","STAT5A",0.889
"EPO","GRB2",0.776
"EPO","JAK2",0.99
"EPO","REN",0.713
"EPO","PDGFRA",0.744
"EPO","PRL",0.949
"EPO","KIT",0.736
"EPO","IL7R",0.798
"EPO","CRP",0.75
"EPO","IL3",0.956
"EPO","ALB",0.784
"EPO","CRKL",0.728
"EPO","STAT5B",0.896
"EPO","CD34",0.73
"EPO","IFNAR1",0.707
"EPO","IL10",0.7
"EPO","EGFR",0.79
"EPO","TFRC",0.858
"GDF15","RET",0.958
"GDF15","TGFBR2",0.96
"GDF15","TP53",0.762
"JUND","RAD21",0.801
"JUND","ATF3",0.994
"JUND","JUN",0.999
"JUND","EP300",0.933
"JUND","CEBPB",0.852
"JUND","SMAD3",0.839
"JUND","YY1",0.744
"JUND","CREB5",0.898
"JUND","MAPK11",0.74
"TRPM4","SCN5A",0.949
"ATXN10","PPP2R2B",0.805
"HBZ","HBE1",0.994
"HBZ","HBB",0.997
"HBZ","EP300",0.86
"HBZ","JUN",0.879
"HBZ","SMAD2",0.909
"TAF4","MED21",0.805
"TAF4","H4C2",0.802
"TAF4","POLR2L",0.912
"TAF4","POLR2B",0.9
"TAF4","GTF2E2",0.979
"TAF4","CREB3",0.89
"TAF4","GTF2F2",0.977
"TAF4","MED1",0.81
"TAF4","MED14",0.844
"TAF4","GTF2H4",0.952
"TAF4","POLR2D",0.898
"TAF4","MED15",0.844
"TAF4","CDK7",0.923
"TAF4","ERCC3",0.948
"TAF4","USP22",0.901
"TAF4","TAF7",0.999
"TAF4","GTF2E1",0.951
"TAF4","PRPF31",0.9
"TAF4","MED25",0.81
"TAF4","MED4",0.822
"TAF4","MED9",0.816
"TAF4","MED8",0.81
"TAF4","POLR2J",0.927
"TAF4","POLR2F",0.898
"TAF4","TRRAP",0.982
"TAF4","RBBP5",0.907
"TAF4","HTT",0.994
"TAF4","MED23",0.841
"TAF4","GTF2B",0.982
"TAF4","H2AZ1",0.864
"TAF4","TAF11",0.999
"TAF4","GTF2H1",0.901
"TAF4","POLR2G",0.905
"TAF4","MAP3K7",0.726
"TAF4","MED16",0.803
"TAF4","MED7",0.848
"TAF4","CREB5",0.806
"TAF4","RUVBL1",0.917
"TAF4","TAF5L",0.991
"TAF4","TAF10",0.999
"TAF4","TAF12",0.999
"TAF4","MNAT1",0.898
"TAF4","SUPT3H",0.941
"LAMA5","ITGAV",0.777
"LAMA5","ITGA2",0.735
"LAMA5","ITGB6",0.77
"LAMA5","ITGB7",0.719
"LAMA5","LAMC1",0.999
"LAMA5","ITGA5",0.778
"LAMA5","ITGA3",0.847
"LAMA5","ITGA9",0.748
"LAMA5","ITGB5",0.843
"LAMA5","COL4A2",0.724
"LAMA5","FN1",0.79
"LAMA5","ITGA2B",0.708
"LAMA5","PTK2",0.711
"UBE2M","COPS2",0.772
"UBE2M","SKP2",0.77
"UBE2M","MDM2",0.797
"UBE2M","UBA3",0.999
"UBE2M","COPS5",0.942
"UBE2M","CUL3",0.958
"UBE2M","CUL1",0.999
"UBE2M","UBA7",0.811
"UBE2M","CBL",0.846
"TRIM28","EZH2",0.887
"TRIM28","TP53",0.904
"TRIM28","BRD4",0.757
"TRIM28","DNMT1",0.985
"TRIM28","HDAC1",0.968
"TRIM28","TRAT1",0.817
"TRIM28","ATM",0.763
"TRIM28","MCM7",0.713
"TRIM28","RBBP7",0.84
"TRIM28","DAXX",0.838
"TRIM28","RBBP4",0.827
"TRIM28","UBE2I",0.96
"TRIM28","SMARCA4",0.893
"TRIM28","NPM1",0.718
"TRIM28","SUMO1",0.77
"TRIM28","RUVBL1",0.801
"TRIM28","DNMT3A",0.942
"TRIM28","MDM2",0.9
"TRIM28","RRP1B",0.715
"TRIM28","NCOR1",0.893
"TRIM28","YY1",0.832
"TRIM28","KDM1A",0.895
"TRIM28","CBX3",0.984
"YIPF2","MRPL58",0.778
"MAP3K10","HTT",0.938
"PPAN","EIF6",0.797
"PPAN","EBNA1BP2",0.937
"PPAN","GNL2",0.898
"PPAN","RRP15",0.966
"PPAN","NIP7",0.866
"PPAN","MAK16",0.906
"PPAN","DDX18",0.751
"PPAN","RRS1",0.931
"PPAN","MRTO4",0.919
"PPAN","UTP14A",0.796
"PPAN","NOC4L",0.724
"PPAN","RSL24D1",0.884
"PPAN","PDCD11",0.709
"PPAN","GTPBP4",0.849
"PPAN","EIF3G",0.824
"PPAN","FTSJ3",0.836
"PPAN","WDR12",0.831
"PPAN","GRWD1",0.812
"PPAN","BRIX1",0.863
"PPAN","WDR3",0.721
"PPAN","RRP1B",0.928
"PPAN","IMP4",0.711
"PPAN","NOC2L",0.918
"PPAN","GNL3",0.733
"PPAN","RIOK2",0.711
"PPAN","RPF1",0.917
"PPAN","NOL10",0.815
"EIF3G","EIF4A1",0.994
"EIF3G","EBNA1BP2",0.72
"EIF3G","RPS4X",0.951
"EIF3G","RPL4",0.761
"EIF3G","RPL24",0.778
"EIF3G","RPS2",0.979
"EIF3G","COPS5",0.884
"EIF3G","RPS6",0.97
"EIF3G","EIF3B",0.999
"EIF3G","RPS21",0.951
"EIF3G","RPL13",0.787
"EIF3G","EIF3A",0.999
"EIF3G","RPS19",0.957
"EIF3G","EIF4A2",0.929
"EIF3G","RPS16",0.973
"EIF3G","RPS14",0.941
"EIF3G","EEF1D",0.711
"EIF3G","RPS9",0.955
"EIF3G","RPS23",0.991
"EIF3G","RPL13A",0.765
"EIF3G","EIF1AY",0.873
"EIF3G","RPS3",0.998
"EIF3G","RPS11",0.968
"EIF3G","DENR",0.735
"EIF3G","EIF3J",0.999
"EIF3G","EIF2S2",0.995
"EIF3G","EIF5B",0.85
"EIF3G","ABCE1",0.939
"EIF3G","EIF1AX",0.977
"EIF3G","EIF4G1",0.977
"EIF3G","EIF2S1",0.992
"EIF3G","EIF3I",0.999
"GRWD1","EBNA1BP2",0.886
"GRWD1","GNL2",0.793
"GRWD1","POLR1E",0.914
"GRWD1","PA2G4",0.81
"GRWD1","RRP15",0.8
"GRWD1","NIP7",0.919
"GRWD1","UTP6",0.7
"GRWD1","RRS1",0.926
"GRWD1","IMP3",0.737
"GRWD1","CDT1",0.969
"GRWD1","MRTO4",0.946
"GRWD1","UTP14A",0.721
"GRWD1","NOC4L",0.92
"GRWD1","DDX47",0.897
"GRWD1","DHX15",0.877
"GRWD1","MAK16",0.81
"GRWD1","NGDN",0.768
"GRWD1","DDX18",0.967
"GRWD1","RPL5",0.709
"GRWD1","GTPBP4",0.897
"GRWD1","NOC3L",0.838
"GRWD1","FTSJ3",0.849
"GRWD1","RCL1",0.927
"GRWD1","RRP7A",0.78
"GRWD1","WDR12",0.908
"GRWD1","UTP3",0.735
"GRWD1","BRIX1",0.929
"GRWD1","RSL24D1",0.861
"GRWD1","POLR1D",0.784
"GRWD1","POLR1B",0.869
"GRWD1","PDCD11",0.929
"GRWD1","TSR1",0.916
"GRWD1","NOC2L",0.978
"GRWD1","GNL3",0.868
"GRWD1","GNL3L",0.853
"GRWD1","NHP2",0.885
"GRWD1","RPF1",0.717
"GRWD1","NOL10",0.916
"GRWD1","RPL3",0.985
"GRWD1","NOL6",0.789
"GRWD1","WDR3",0.89
"GRWD1","RRP1B",0.881
"GRWD1","ZNF593",0.836
"GRWD1","NAT10",0.914
"GRWD1","IMP4",0.924
"NOL11","NOL6",0.919
"NOL11","NOL10",0.85
"NOL11","RPS11",0.885
"NOL11","EXOSC10",0.891
"NOL11","NAT10",0.884
"NOL11","IMP4",0.918
"NOL11","NOL7",0.928
"NOL11","FCF1",0.964
"NOL11","WDR3",0.951
"NOL11","RPS9",0.961
"NOL11","RPS23",0.895
"NOL11","UTP3",0.968
"NOL11","SNU13",0.929
"NOL11","RPS14",0.962
"NOL11","WDR12",0.78
"NOL11","RRP7A",0.908
"NOL11","RCL1",0.928
"NOL11","UTP20",0.979
"NOL11","UTP11",0.967
"NOL11","PDCD11",0.87
"NOL11","DNTTIP2",0.866
"NOL11","NOC4L",0.968
"NOL11","UTP14A",0.922
"NOL11","IMP3",0.91
"NOL11","RPS16",0.884
"NOL11","NGDN",0.859
"NOL11","RPS19",0.843
"NOL11","DDX47",0.884
"NOL11","RPS4X",0.807
"NOL11","UTP6",0.957
"NOL11","PNO1",0.831
"NOL11","RPS2",0.829
"NOL11","RPS6",0.964
"NOL11","HEATR1",0.983
"SLC35D2","SLC35A1",0.931
"RBM39","SRSF2",0.712
"RBM39","LUC7L",0.906
"RBM39","SRRM2",0.926
"RBM39","SF3B2",0.739
"RBM39","TCERG1",0.887
"RBM39","SRRM1",0.934
"RBM39","CDC5L",0.956
"RBM39","RBM7",0.888
"RBM39","SRSF1",0.83
"RBM39","PRP4K",0.903
"RBM39","DCAF15",0.999
"RBM39","HNRNPA1",0.745
"RBM39","RBM5",0.955
"RBM39","MFAP1",0.739
"RBM39","DHX9",0.909
"RBM39","RBM25",0.985
"RBM39","SREK1",0.796
"RBM39","SF3B1",0.962
"RBM39","SF1",0.952
"RBM39","NCBP1",0.7
"GFAP","HSP90AA1",0.79
"GFAP","IL6",0.782
"GFAP","EGF",0.741
"GFAP","PSEN1",0.701
"GFAP","HSP90AB1",0.812
"GFAP","IL1B",0.82
"GFAP","CASP3",0.808
"GFAP","FGF2",0.759
"GFAP","NES",0.886
"GFAP","GLUL",0.73
"GFAP","PDGFRA",0.727
"GFAP","SOX2",0.805
"GFAP","CD34",0.747
"GFAP","ALB",0.771
"GFAP","APP",0.772
"ATP6V1E1","ATP5F1A",0.871
"ATP6V1E1","ATP6V0D1",0.999
"ATP6V1E1","ATP6V0C",0.999
"ATP6V1E1","ATP6V1G1",0.999
"ATP6V1E1","ATP5MC3",0.913
"ATP6V1E1","ATP5PO",0.745
"ATP6V1E1","PPA2",0.738
"ATP6V1E1","ATP6V0A1",0.999
"ATP6V1E1","TCIRG1",0.993
"ATP6V1E1","ATP6V1B2",0.999
"ATP6V1E1","ATP5F1C",0.845
"ATP6V1E1","ATP6V1A",0.999
"GSE1","HMG20B",0.975
"GSE1","HDAC2",0.868
"GSE1","KDM1A",0.917
"GSE1","HDAC1",0.952
"GINS2","SMC4",0.735
"GINS2","POLE",0.952
"GINS2","RFC4",0.738
"GINS2","POLA2",0.809
"GINS2","MCM4",0.999
"GINS2","MCM10",0.938
"GINS2","MCM2",0.998
"GINS2","MCM6",0.998
"GINS2","CDT1",0.906
"GINS2","WDHD1",0.997
"GINS2","FEN1",0.741
"GINS2","MCM7",0.999
"F12","SERPINF2",0.736
"F12","SERPING1",0.987
"F12","F2",0.88
"ABCB7","ACO1",0.871
"ABCB7","ISCA1",0.73
"CAPN7","CAST",0.756
"PDLIM4","CD2AP",0.9
"GFPT2","PPAT",0.937
"GFPT2","HK3",0.922
"GFPT2","GLUL",0.963
"GFPT2","CAD",0.934
"RAMP2","GNB1",0.8
"AOC2","ALDH9A1",0.928
"AOC2","MAOB",0.979
"AOC2","DDC",0.91
"G6PC1","HK3",0.949
"G6PC1","AGL",0.819
"G6PC1","FOXO3",0.714
"G6PC1","PPARG",0.747
"NDFIP1","SMURF2",0.744
"NDFIP1","PTEN",0.827
"PPFIA1","PPP2R1A",0.994
"WDR44","VAPA",0.734
"WDR44","RAB11A",0.734
"TNS4","SRC",0.746
"TNS4","PTK2",0.739
"RARA","GNAQ",0.777
"RARA","NPM1",0.938
"RARA","DNMT3A",0.715
"RARA","SP1",0.729
"RARA","CREBBP",0.889
"RARA","NCOR1",0.999
"RARA","PPARG",0.848
"RARA","STAT5B",0.777
"RARA","KLF5",0.938
"RARA","EP300",0.883
"RARA","EZH2",0.866
"RARA","JUN",0.759
"RARA","RUNX1",0.905
"RARA","SQSTM1",0.753
"RARA","DNMT1",0.764
"RARA","HDAC1",0.874
"RARA","HDAC4",0.742
"RARA","STAT1",0.826
"RARA","PSMC5",0.821
"RARA","MED1",0.958
"PRKAB2","MAP3K7",0.917
"PRKAB2","FOXO3",0.918
"PRKAB2","MTOR",0.935
"PRKAB2","PRKACA",0.765
"PRKAB2","STK11",0.976
"PRKAB2","TSC1",0.908
"PRKAB2","TP53",0.774
"FUS","ILF3",0.982
"FUS","PARP1",0.712
"FUS","SMARCA4",0.873
"FUS","HNRNPA1",0.975
"FUS","SRSF1",0.868
"FUS","ARID1A",0.703
"FUS","MATR3",0.91
"FUS","SQSTM1",0.795
"FUS","SRSF2",0.95
"FUS","YBX1",0.943
"FUS","VCP",0.832
"FUS","DCTN1",0.746
"FUS","EP300",0.763
"FUS","IGF2BP3",0.709
"FUS","TNPO1",0.994
"FUS","SNRNP70",0.884
"FUS","HTT",0.782
"FUS","DDX17",0.873
"FUS","QKI",0.758
"FUS","ILF2",0.865
"FUS","DHX9",0.87
"FUS","FMR1",0.824
"CHSY1","CSGALNACT2",0.943
"NR0B2","NCOR1",0.737
"NR0B2","PPARG",0.976
"NR0B2","MDM2",0.812
"NR0B2","AR",0.77
"NR0B2","CREB3",0.988
"NR0B2","HDAC1",0.798
"NR0B2","TP53",0.777
"NR0B2","SRC",0.755
"THAP1","RRM1",0.811
"ACTR10","CAPZA1",0.99
"ACTR10","DCTN1",0.999
"ACTR10","CAPZA2",0.98
"ACTR10","DYNC1LI1",0.819
"DNAJB1","HSPA5",0.95
"DNAJB1","DNAJB4",0.866
"DNAJB1","NUDC",0.967
"DNAJB1","HSPBP1",0.954
"DNAJB1","HSP90B1",0.835
"DNAJB1","HSPA4L",0.952
"DNAJB1","PPID",0.892
"DNAJB1","HSPA2",0.967
"DNAJB1","HSPA9",0.952
"DNAJB1","HSPA6",0.984
"DNAJB1","DNAJA2",0.917
"DNAJB1","HTT",0.93
"DNAJB1","SIL1",0.786
"DNAJB1","HSP90AA1",0.999
"DNAJB1","CLPB",0.927
"DNAJB1","VCP",0.722
"DNAJB1","HSP90AB1",0.999
"DNAJB1","TP53",0.951
"DNAJB1","HSPA4",0.999
"DNAJB1","AR",0.735
"DNAJB1","DNAJA1",0.944
"DNAJB1","SP100",0.866
"DNAJB1","TRIM21",0.794
"DNAJB1","HSPB3",0.775
"RFX1","HDAC1",0.938
"RFX1","DNMT1",0.754
"RFX1","RPL30",0.799
"DCAF15","ERCC8",0.9
"TRIM21","UBE2D2",0.877
"TRIM21","EGFR",0.901
"TRIM21","IFI35",0.803
"TRIM21","RIGI",0.771
"TRIM21","UBE2E1",0.964
"TRIM21","IRF3",0.985
"TRIM21","EXOSC10",0.82
"TRIM21","HSPBP1",0.766
"TRIM21","DNAJB4",0.814
"TRIM21","IRF7",0.822
"TRIM21","ERBB2",0.945
"TRIM21","CALR",0.864
"TRIM21","STAT1",0.833
"TRIM21","UBA52",0.947
"TRIM21","IRF8",0.826
"TRIM21","UBE2N",0.976
"TRIM21","TRAT1",0.899
"TRIM21","IFI16",0.73
"TRIM21","SSB",0.997
"TRIM21","CDH2",0.756
"TRIM21","SNRNP70",0.848
"TRIM21","CDH1",0.913
"TRIM21","SQSTM1",0.921
"WDR7","ATP6V1G1",0.788
"WDR7","ATP6V1B2",0.757
"SMARCC1","HDAC1",0.909
"SMARCC1","SMAD2",0.739
"SMARCC1","ARID4B",0.71
"SMARCC1","EP300",0.702
"SMARCC1","BRD4",0.757
"SMARCC1","ARID1A",0.999
"SMARCC1","SMARCD1",0.999
"SMARCC1","SMARCA4",0.999
"SMARCC1","BAZ1B",0.883
"SMARCC1","KDM3B",0.761
"SMARCC1","SUPT6H",0.781
"SMARCC1","PPARG",0.91
"SMARCC1","NCOR1",0.895
"SMARCC1","CARM1",0.742
"SMARCC1","SMARCA2",0.999
"SMARCC1","KDM1A",0.89
"SMARCC1","SSRP1",0.747
"SMARCC1","SOX2",0.765
"SMARCC1","RB1",0.741
"SMARCC1","H2AZ1",0.72
"SLC6A11","MBNL1",0.756
"NUP210","NUP98",0.976
"NUP210","NUP133",0.979
"NUP210","NUP43",0.984
"NUP210","AHCTF1",0.943
"NUP210","NUP50",0.951
"NUP210","NUP93",0.993
"NUP210","NUP160",0.983
"NUP210","RANBP2",0.994
"NUP210","SEC13",0.954
"NUP210","SEH1L",0.993
"NUP210","SP100",0.888
"NUP210","NUP54",0.967
"NUP210","UBE2I",0.738
"NUP210","TPR",0.917
"RRP8","NGDN",0.713
"RRP8","MAK16",0.828
"RRP8","H3-3B",0.734
"RRP8","RRS1",0.731
"RRP8","MRTO4",0.815
"RRP8","UTP14A",0.704
"RRP8","EBNA1BP2",0.92
"RRP8","GNL2",0.776
"RRP8","POLR1E",0.734
"RRP8","RRP15",0.82
"RRP8","UTP6",0.735
"RRP8","RRP1B",0.767
"RRP8","WDR3",0.837
"RRP8","IMP4",0.817
"RRP8","NAT10",0.722
"RRP8","BUD23",0.789
"RRP8","NOC2L",0.906
"RRP8","RPF1",0.893
"RRP8","NOL10",0.803
"RRP8","RSL24D1",0.721
"RRP8","PDCD11",0.803
"RRP8","UTP11",0.851
"RRP8","RCL1",0.768
"RRP8","FTSJ3",0.91
"RRP8","GTPBP4",0.929
"RRP8","NOC3L",0.861
"RRP8","BRIX1",0.92
"RRP8","UTP3",0.766
"TIMM10B","TIMM10",0.999
"PTCD3","MRPS18C",0.958
"PTCD3","MRPL9",0.876
"PTCD3","MRPL19",0.859
"PTCD3","MRPL58",0.925
"PTCD3","MRPS18B",0.993
"PTCD3","MRPL48",0.917
"PTCD3","MRPL46",0.884
"PTCD3","MRPS15",0.994
"PTCD3","MRPS14",0.985
"PTCD3","MRPL20",0.84
"PTCD3","DAP3",0.998
"PTCD3","MRPL15",0.841
"PTCD3","MRPL40",0.847
"PTCD3","MTIF2",0.944
"PTCD3","MRPS17",0.976
"PTCD3","MRPL16",0.862
"PTCD3","MRPL24",0.879
"PTCD3","YBX1",0.701
"PTCD3","MRPL11",0.888
"PTCD3","TUFM",0.939
"PTCD3","MRPS12",0.972
"PTCD3","MRPL57",0.858
"PTCD3","MRPS11",0.996
"PTCD3","MRPL4",0.887
"PTCD3","MRPL2",0.846
"PTCD3","MRPS16",0.977
"PTCD3","MRPL49",0.837
"PTCD3","MRPL3",0.871
"PTCD3","MRPS18A",0.941
"PTCD3","MRPL33",0.824
"PTCD3","MRPL12",0.903
"PTCD3","MRPS31",0.999
"PTCD3","MRPL39",0.87
"PTCD3","MRPL17",0.828
"PTCD3","MRPS28",0.99
"ILKAP","GSK3B",0.747
"PER2","TP53",0.879
"PER2","CSNK1E",0.999
"PER2","CUL1",0.915
"PER2","CSNK1D",0.996
"PER2","PPARG",0.916
"PER2","MDM2",0.737
"RAMP1","GNB1",0.8
"PTPRE","GRB2",0.822
"RAP1GAP2","RAP1A",0.732
"RAP1GAP2","YWHAZ",0.747
"RPA1","BRCA2",0.807
"RPA1","FEN1",0.845
"RPA1","PCNA",0.982
"RPA1","H3-4",0.717
"RPA1","RAD23B",0.798
"RPA1","ERCC3",0.723
"RPA1","XRCC5",0.722
"RPA1","XPA",0.984
"RPA1","TP53",0.999
"RPA1","MCM6",0.946
"RPA1","MCM2",0.958
"RPA1","POLL",0.721
"RPA1","BARD1",0.75
"RPA1","EXO1",0.922
"RPA1","H2AX",0.714
"RPA1","RRM1",0.708
"RPA1","BRCA1",0.96
"RPA1","ATM",0.928
"RPA1","MCM7",0.905
"RPA1","CHEK1",0.857
"RPA1","REV3L",0.706
"RPA1","PARP1",0.825
"RPA1","CDK4",0.726
"RPA1","PRKDC",0.84
"RPA1","RFC3",0.749
"RPA1","RPL4",0.738
"RPA1","CENPS",0.997
"RPA1","TOPBP1",0.889
"RPA1","NBN",0.75
"RPA1","HLTF",0.793
"RPA1","MCM10",0.728
"RPA1","LIG1",0.804
"RPA1","MCM4",0.912
"RPA1","CCNA1",0.703
"RPA1","POLA2",0.939
"RPA1","RFC4",0.852
"RPA1","XPC",0.819
"RPA1","CDK2",0.825
"RPA1","POLD3",0.928
"RPA1","POLE",0.826
"RPA1","WRN",0.999
"RPA1","ORC1",0.729
"RPA1","GTF2H1",0.76
"SERPINF1","F2",0.804
"SERPINF1","ALB",0.849
"SERPINF1","FN1",0.846
"COQ3","NDUFA9",0.731
"LANCL2","EPS8",0.706
"GRSF1","SLIRP",0.742
"GRSF1","MRM3",0.749
"UTP3","MRTO4",0.722
"UTP3","UTP14A",0.999
"UTP3","NOC4L",0.999
"UTP3","RRS1",0.879
"UTP3","IMP3",0.999
"UTP3","MRPS12",0.831
"UTP3","RPS27L",0.865
"UTP3","NGDN",0.999
"UTP3","MAK16",0.891
"UTP3","RPS16",0.984
"UTP3","DDX18",0.973
"UTP3","EXOSC7",0.751
"UTP3","DDX47",0.996
"UTP3","RPS19",0.979
"UTP3","DHX15",0.988
"UTP3","EXOSC4",0.869
"UTP3","NIP7",0.832
"UTP3","RRP15",0.86
"UTP3","PNO1",0.962
"UTP3","UTP6",0.999
"UTP3","RPS4X",0.922
"UTP3","TMA16",0.718
"UTP3","JCHAIN",0.923
"UTP3","EXOSC8",0.833
"UTP3","EBNA1BP2",0.904
"UTP3","GNL2",0.849
"UTP3","RPS6",0.997
"UTP3","RPS2",0.886
"UTP3","DHX8",0.723
"UTP3","HEATR1",0.998
"UTP3","RPF1",0.837
"UTP3","NHP2",0.71
"UTP3","NOL10",0.998
"UTP3","GNL3L",0.848
"UTP3","NOL6",0.999
"UTP3","NOC2L",0.852
"UTP3","EXOSC10",0.991
"UTP3","GNL3",0.879
"UTP3","RPS11",0.983
"UTP3","MRNIP",0.801
"UTP3","NOL7",0.818
"UTP3","C1D",0.946
"UTP3","IMP4",0.999
"UTP3","NAT10",0.995
"UTP3","RRP1B",0.701
"UTP3","WDR3",0.999
"UTP3","FCF1",0.999
"UTP3","BRIX1",0.749
"UTP3","RPS23",0.993
"UTP3","RPS9",0.996
"UTP3","RRP7A",0.997
"UTP3","RCL1",0.997
"UTP3","FTSJ3",0.906
"UTP3","GTPBP4",0.914
"UTP3","NOC3L",0.831
"UTP3","RPS14",0.99
"UTP3","WDR12",0.756
"UTP3","SNU13",0.994
"UTP3","UTP11",0.999
"UTP3","UTP20",0.998
"UTP3","TSR1",0.814
"UTP3","DNTTIP2",0.998
"UTP3","RSL24D1",0.864
"UTP3","PDCD11",0.995
"UTP3","POLR1B",0.838
"H3-3B","HIRA",0.932
"H3-3B","HDAC1",0.986
"H3-3B","HSP90AA1",0.75
"H3-3B","H3-4",0.909
"H3-3B","CBX2",0.958
"H3-3B","POLR2F",0.709
"H3-3B","RBBP5",0.932
"H3-3B","TNPO1",0.912
"H3-3B","PLK1",0.82
"H3-3B","DNMT1",0.987
"H3-3B","AGO3",0.791
"H3-3B","BRD4",0.995
"H3-3B","IL6",0.746
"H3-3B","MCM2",0.976
"H3-3B","HSPA4",0.706
"H3-3B","ARID4B",0.787
"H3-3B","RUNX1",0.737
"H3-3B","JUN",0.873
"H3-3B","TP53",0.865
"H3-3B","EZH2",0.99
"H3-3B","EP300",0.962
"H3-3B","HSP90AB1",0.742
"H3-3B","CHUK",0.853
"H3-3B","H2AC13",0.941
"H3-3B","SMARCA4",0.983
"H3-3B","MORF4L1",0.841
"H3-3B","H2AX",0.959
"H3-3B","AR",0.839
"H3-3B","ASF1B",0.998
"H3-3B","CDKN1A",0.71
"H3-3B","ARID1A",0.884
"H3-3B","RBBP4",0.981
"H3-3B","RBBP7",0.953
"H3-3B","DAXX",0.999
"H3-3B","CCNB1",0.811
"H3-3B","BRCA1",0.735
"H3-3B","SRSF1",0.981
"H3-3B","SMARCD1",0.88
"H3-3B","YWHAZ",0.706
"H3-3B","RAD21",0.791
"H3-3B","H2AC8",0.986
"H3-3B","H4C2",0.936
"H3-3B","SUPT6H",0.936
"H3-3B","SP100",0.934
"H3-3B","CASP3",0.73
"H3-3B","ATM",0.767
"H3-3B","MBD2",0.723
"H3-3B","MCM7",0.781
"H3-3B","PARP1",0.838
"H3-3B","POLR2B",0.763
"H3-3B","KDM4A",0.998
"H3-3B","NASP",0.987
"H3-3B","H1-0",0.79
"H3-3B","BRD3",0.783
"H3-3B","NCOR1",0.852
"H3-3B","CREBBP",0.985
"H3-3B","E2F1",0.706
"H3-3B","DNMT3A",0.999
"H3-3B","JARID2",0.938
"H3-3B","KDM6B",0.963
"H3-3B","CARM1",0.975
"H3-3B","MPHOSPH8",0.981
"H3-3B","CDCA8",0.829
"H3-3B","ARG2",0.743
"H3-3B","CBX8",0.866
"H3-3B","HDAC2",0.936
"H3-3B","SMARCA2",0.824
"H3-3B","CBX3",0.999
"H3-3B","EGFR",0.766
"H3-3B","KDM4C",0.856
"H3-3B","SSRP1",0.861
"H3-3B","KDM1A",0.959
"H3-3B","H2AC17",0.941
"H3-3B","H2AZ1",0.955
"H3-3B","BPTF",0.998
"H3-3B","HAT1",0.978
"H3-3B","RB1",0.745
"H3-3B","ORC3",0.791
"H3-3B","YY1",0.878
"H3-3B","ORC1",0.718
"H3-3B","ING3",0.944
"KDM6B","ATP5MC3",0.701
"KDM6B","KDM1A",0.731
"KDM6B","ATP5F1A",0.915
"KDM6B","ATP6V0C",0.709
"KDM6B","ATP5PD",0.834
"KDM6B","TUFM",0.744
"KDM6B","ATP5PB",0.799
"KDM6B","EP300",0.754
"KDM6B","TP53",0.786
"KDM6B","EZH2",0.942
"KDM6B","JUN",0.821
"KDM6B","SMAD2",0.817
"KDM6B","CBX2",0.767
"KDM6B","H3-4",0.928
"KDM6B","RBBP5",0.961
"KDM6B","SMAD3",0.835
"KDM6B","ATP5F1C",0.901
"KDM6B","KDM4A",0.756
"KDM6B","SMARCA4",0.935
"KDM6B","H2AX",0.723
"KDM6B","RBBP7",0.723
"KDM6B","RBBP4",0.76
"KDM6B","ATP5PO",0.788
"GUCY2D","PKLR",0.903
"GUCY2D","PDE3B",0.73
"GUCY2D","GCH1",0.805
"GUCY2D","NCALD",0.959
"GUCY2D","PKM",0.903
"CLEC10A","FCER1A",0.706
"RIDA","EXOSC7",0.748
"BRD8","RUVBL1",0.995
"BRD8","YY1",0.909
"BRD8","ING3",0.997
"BRD8","H2AZ1",0.901
"BRD8","TRRAP",0.998
"BRD8","MORF4L1",0.998
"ERAL1","MRPL58",0.706
"ERAL1","MRPS18C",0.968
"ERAL1","MRPS15",0.984
"ERAL1","MRPS14",0.979
"ERAL1","MRPS18B",0.98
"ERAL1","TSFM",0.767
"ERAL1","DAP3",0.993
"ERAL1","MRPS17",0.98
"ERAL1","MTIF2",0.789
"ERAL1","MRPS11",0.919
"ERAL1","MRPS12",0.973
"ERAL1","TUFM",0.732
"ERAL1","MRPS16",0.991
"ERAL1","MRPS18A",0.853
"ERAL1","MRPS28",0.959
"ERAL1","MRPS31",0.962
"NIP7","RPL13A",0.747
"NIP7","RPL38",0.883
"NIP7","BRIX1",0.999
"NIP7","RPS9",0.78
"NIP7","NOC3L",0.979
"NIP7","GTPBP4",0.996
"NIP7","IFI35",0.804
"NIP7","FTSJ3",0.995
"NIP7","RRP7A",0.756
"NIP7","RCL1",0.915
"NIP7","SNU13",0.914
"NIP7","WDR12",0.999
"NIP7","RPL3L",0.853
"NIP7","UTP11",0.834
"NIP7","TSR1",0.884
"NIP7","POLR1D",0.903
"NIP7","RSL24D1",0.997
"NIP7","DNTTIP2",0.726
"NIP7","RPL27",0.9
"NIP7","POLR1B",0.801
"NIP7","RPL22",0.806
"NIP7","PDCD11",0.818
"NIP7","GNL3L",0.954
"NIP7","RPL37",0.881
"NIP7","NHP2",0.975
"NIP7","RPF1",0.997
"NIP7","RPL3",0.885
"NIP7","DOCK4",0.849
"NIP7","NOC2L",0.996
"NIP7","GNL3",0.975
"NIP7","ZNF593",0.911
"NIP7","RRAGA",0.709
"NIP7","RPL14",0.901
"NIP7","IMP4",0.969
"NIP7","WDR3",0.883
"NIP7","RRP1B",0.956
"NIP7","FCF1",0.901
"NIP7","RRP15",0.962
"NIP7","PA2G4",0.711
"NIP7","POLR1E",0.839
"NIP7","TMA16",0.748
"NIP7","UTP6",0.899
"NIP7","RPL4",0.897
"NIP7","PNO1",0.838
"NIP7","GNL2",0.944
"NIP7","EBNA1BP2",0.999
"NIP7","EXOSC8",0.951
"NIP7","RPL30",0.95
"NIP7","HEATR1",0.747
"NIP7","MED1",0.802
"NIP7","EIF6",0.985
"NIP7","MRTO4",0.999
"NIP7","RPL13",0.883
"NIP7","NOC4L",0.819
"NIP7","IMP3",0.955
"NIP7","RRS1",0.987
"NIP7","MAK16",0.993
"NIP7","NGDN",0.726
"NIP7","DDX18",0.993
"NIP7","RPL15",0.894
"NIP7","DDX47",0.773
"NIP7","DHX15",0.905
"NIP7","RRAGD",0.718
"NIP7","RPL23",0.902
"TERF2","NHP2",0.736
"TERF2","TERF1",0.998
"TERF2","NBN",0.993
"TERF2","WRN",0.918
"TERF2","FEN1",0.84
"TERF2","XRCC5",0.93
"TERF2","H2AX",0.899
"TERF2","BRCA1",0.935
"TERF2","ATM",0.814
"TERF2","MUS81",0.809
"JAG1","EGF",0.869
"JAG1","SOX2",0.701
"JAG1","HEY1",0.926
"JAG1","NOTCH2",0.999
"SNAP25","SH3GL2",0.725
"SNAP25","ITSN1",0.933
"SNAP25","STX6",0.977
"SNAP25","NAPA",0.995
"SNAP25","CACNA1D",0.736
"SNAP25","STX2",0.925
"SNAP25","OTOF",0.805
"SNAP25","DNM1",0.716
"SNAP25","STX11",0.882
"SNAP25","SNAP91",0.765
"SNAP25","VAMP2",0.999
"SNAP25","STX5",0.906
"NXT1","NUP54",0.705
"NXT1","RANBP2",0.871
"NXT1","NUP98",0.914
"NXT1","NXF3",0.999
"RIN2","RAB5A",0.972
"RIN2","RAB5B",0.936
"SSTR4","GNB1",0.824
"SSTR4","SST",0.999
"CRP","FN1",0.894
"CRP","ACE",0.878
"CRP","CXCL10",0.765
"CRP","F2",0.906
"CRP","IL6",0.968
"CRP","ORM1",0.887
"CRP","PLA2G7",0.715
"CRP","IL10",0.878
"CRP","CXCL8",0.874
"CRP","NLRP3",0.707
"CRP","IL1B",0.886
"CRP","REN",0.774
"CRP","ALB",0.928
"CRP","VWF",0.772
"CRP","C4BPA",0.76
"CRP","ICAM1",0.789
"CRP","CD8A",0.766
"CRP","FCAR",0.759
"CRP","CCL5",0.707
"CRP","RBP4",0.797
"CRP","AHSG",0.816
"CRP","IL1A",0.822
"CRP","IL18",0.835
"APCS","RBP4",0.775
"APCS","C4BPA",0.711
"APCS","APP",0.856
"APCS","FN1",0.884
"DPH2","EEF2",0.985
"NASP","MCM7",0.81
"NASP","H4C2",0.959
"NASP","RBBP4",0.979
"NASP","RBBP7",0.942
"NASP","ASF1B",0.999
"NASP","HSP90AB1",0.832
"NASP","MCM6",0.709
"NASP","HSP90AA1",0.834
"NASP","H3-4",0.965
"NASP","HAT1",0.997
"NASP","NPM1",0.728
"NASP","H1-0",0.857
"BHMT2","FPGS",0.77
"BHMT2","CBS",0.97
"BHMT2","MTHFD2",0.731
"AP3B1","AP3S2",0.981
"AP3B1","STXBP2",0.727
"AP3B1","AP1G1",0.875
"AP3B1","AP1G2",0.772
"AP3B1","STX11",0.726
"PDE6A","ADCY1",0.719
"PDE6A","ADCY8",0.737
"PDE6A","RHO",0.812
"PDE6A","GNB1",0.945
"PDE6A","NT5E",0.741
"PDE6A","ROM1",0.803
"PDE6A","PRPF31",0.751
"XPO4","EIF5A",0.896
"XPO4","EIF5A2",0.774
"MYH4","MYL6",0.764
"PEMT","LPCAT1",0.929
"PEMT","LPCAT3",0.93
"PEMT","PLD2",0.918
"PEMT","PLA2G6",0.718
"PEMT","PLAAT3",0.901
"PEMT","LCAT",0.947
"PEMT","LPCAT4",0.924
"CHI3L1","IL1B",0.713
"CHI3L1","IL13",0.7
"MYBPH","TLR2",0.836
"CCNA1","CDK4",0.988
"CCNA1","CDK6",0.993
"CCNA1","CHEK1",0.721
"CCNA1","CKS2",0.845
"CCNA1","CDC16",0.702
"CCNA1","MCM7",0.913
"CCNA1","ATM",0.81
"CCNA1","CDKN1A",0.999
"CCNA1","BRCA1",0.779
"CCNA1","CCNB1",0.847
"CCNA1","H2AX",0.703
"CCNA1","PPP2R1A",0.711
"CCNA1","CCNE1",0.907
"CCNA1","TP53",0.974
"CCNA1","MCM6",0.917
"CCNA1","CDK7",0.876
"CCNA1","CDT1",0.961
"CCNA1","H3-4",0.815
"CCNA1","CDC25A",0.913
"CCNA1","CUL1",0.88
"CCNA1","PLK1",0.866
"CCNA1","BUB1B",0.84
"CCNA1","CCNT1",0.723
"CCNA1","CDC25C",0.878
"CCNA1","ORC1",0.879
"CCNA1","SKP2",0.999
"CCNA1","RB1",0.995
"CCNA1","CDK2",0.999
"CCNA1","MCM4",0.923
"CCNA1","RBL2",0.813
"CCNA1","E2F1",0.999
"CCNA1","BUB3",0.736
"CCNA1","MAD2L1",0.749
"CCNA1","MDM2",0.81
"CCNA1","CDK5",0.793
"RFXAP","ANK2",0.725
"RNF128","TBK1",0.704
"BTBD2","CUL3",0.886
"BTBD2","TRIM5",0.951
"BTBD2","COPS2",0.809
"BTBD2","COPS5",0.837
"HSPBP1","HSPA5",0.912
"HSPBP1","EEF2",0.705
"HSPBP1","MRPS14",0.774
"HSPBP1","SEC61A2",0.815
"HSPBP1","MRPS15",0.771
"HSPBP1","RPS11",0.909
"HSPBP1","MRNIP",0.768
"HSPBP1","MRPL19",0.888
"HSPBP1","EIF5B",0.795
"HSPBP1","HSPA4L",0.947
"HSPBP1","MRPL9",0.908
"HSPBP1","RPL3",0.79
"HSPBP1","MTIF2",0.786
"HSPBP1","PDCD11",0.873
"HSPBP1","MRPL40",0.739
"HSPBP1","POLR1B",0.717
"HSPBP1","MRPL24",0.788
"HSPBP1","RPS3",0.912
"HSPBP1","HSPA2",0.882
"HSPBP1","HSPA9",0.743
"HSPBP1","RPL3L",0.773
"HSPBP1","HSPA6",0.805
"HSPBP1","RPS14",0.776
"HSPBP1","RPL38",0.77
"HSPBP1","RPL13A",0.778
"HSPBP1","RPS23",0.829
"HSPBP1","MRPL20",0.881
"HSPBP1","RPS9",0.829
"HSPBP1","ATP5F1A",0.758
"HSPBP1","RPL15",0.863
"HSPBP1","RPL23",0.909
"HSPBP1","RPS19",0.86
"HSPBP1","MRPS16",0.902
"HSPBP1","MRPL3",0.774
"HSPBP1","ATP5F1C",0.754
"HSPBP1","RPS16",0.779
"HSPBP1","RPL5",0.909
"HSPBP1","HSP90AA1",0.87
"HSPBP1","RPS21",0.759
"HSPBP1","IMP3",0.84
"HSPBP1","MRPS12",0.844
"HSPBP1","TUFM",0.913
"HSPBP1","MRPL2",0.792
"HSPBP1","MRPL4",0.839
"HSPBP1","HSP90AB1",0.902
"HSPBP1","MRTO4",0.835
"HSPBP1","MRPS11",0.778
"HSPBP1","RPL13",0.84
"HSPBP1","HSPA4",0.998
"HSPBP1","RPL8",0.781
"HSPBP1","MED1",0.829
"HSPBP1","EIF6",0.764
"HSPBP1","MRPL12",0.918
"HSPBP1","RPS6",0.889
"HSPBP1","UBA52",0.857
"HSPBP1","DNAJA1",0.817
"HSPBP1","MRPL17",0.91
"HSPBP1","RPS2",0.832
"HSPBP1","RPL24",0.804
"HSPBP1","RPL37A",0.795
"HSPBP1","RSAD1",0.78
"HSPBP1","RPL30",0.798
"HSPBP1","MRPL33",0.831
"HSPBP1","POLR2B",0.717
"HSPBP1","RPL4",0.779
"HSPBP1","RPLP1",0.737
"CSNK1G2","PRKACG",0.908
"CSNK1G2","PRKACA",0.908
"CSNK1G2","AXIN1",0.712
"MACROD1","PARP1",0.868
"PI4KA","PIK3C3",0.927
"PI4KA","PIP5K1A",0.96
"PI4KA","PTEN",0.916
"PI4KA","PLCB1",0.717
"PI4KA","PIP5K1B",0.958
"PI4KA","PIK3R3",0.918
"PI4KA","VAPA",0.703
"PI4KA","PIKFYVE",0.956
"ACTR3B","ARPC2",0.982
"ACTR3B","HCLS1",0.952
"ACTR3B","WAS",0.978
"ACTR3B","CAPZA1",0.832
"ACTR3B","DCTN1",0.817
"ACTR3B","CAPZA2",0.844
"NTS","SST",0.942
"NTS","GAL",0.857
"NTS","PYY",0.743
"BTG1","FOXO3",0.77
"BTG1","CNOT7",0.937
"KRAS","MTOR",0.826
"KRAS","RASA1",0.971
"KRAS","IFNGR1",0.971
"KRAS","ARAF",0.996
"KRAS","MAP2K1",0.995
"KRAS","PTEN",0.936
"KRAS","CALML5",0.998
"KRAS","PIK3R3",0.952
"KRAS","RASGRP1",0.937
"KRAS","CALM3",0.998
"KRAS","ERBB2",0.966
"KRAS","PDGFRA",0.978
"KRAS","KIT",0.976
"KRAS","GNAQ",0.96
"KRAS","NPM1",0.803
"KRAS","RAP1A",0.703
"KRAS","SYK",0.936
"KRAS","BRCA1",0.721
"KRAS","JAK2",0.85
"KRAS","TIAM1",0.967
"KRAS","ERBB3",0.919
"KRAS","PIK3CD",0.974
"KRAS","GRB2",0.931
"KRAS","SHOC2",0.989
"KRAS","ATM",0.718
"KRAS","PRKCQ",0.798
"KRAS","GNB5",0.716
"KRAS","PDGFRB",0.959
"KRAS","FN1",0.728
"KRAS","IQGAP1",0.783
"KRAS","MAP2K2",0.966
"KRAS","SMAD4",0.917
"KRAS","CDH1",0.723
"KRAS","IL6",0.823
"KRAS","EGF",0.854
"KRAS","EGFR",0.997
"KRAS","NRAS",0.944
"KRAS","MAPK3",0.982
"KRAS","GNB1",0.749
"KRAS","FGF2",0.82
"KRAS","PPARG",0.757
"KRAS","RET",0.884
"KRAS","STK11",0.88
"KRAS","CALML4",0.998
"KRAS","ARID1A",0.873
"KRAS","PIK3CA",0.998
"KRAS","CDK4",0.743
"KRAS","PDPK1",0.72
"KRAS","ICAM1",0.931
"KRAS","HSP90AA1",0.818
"KRAS","BRCA2",0.721
"KRAS","EP300",0.757
"KRAS","TP53",0.949
"KRAS","STAT3",0.817
"KRAS","PPP2R1A",0.832
"KRAS","SRC",0.99
"KRAS","PTK2",0.729
"IPO8","TNPO1",0.875
"IPO8","NUP93",0.772
"PMP2","CDH1",0.825
"FABP4","PPARG",0.993
"FABP4","FABP1",0.904
"FABP4","SCARB1",0.865
"FABP4","CEBPB",0.832
"FABP4","CDK4",0.782
"FABP4","SCARB2",0.866
"LYVE1","CD34",0.716
"LYVE1","VWF",0.724
"LYVE1","ITGA9",0.705
"MICAL2","RAB8A",0.749
"RRAS2","RASA1",0.935
"RRAS2","ARAF",0.967
"RRAS2","PIK3R3",0.707
"RRAS2","GNB1",0.717
"RRAS2","RASGRP1",0.839
"RRAS2","PIK3CA",0.988
"RRAS2","PIK3CD",0.989
"RRAS2","TIAM1",0.917
"RRAS2","SHOC2",0.949
"RRAS2","PLD2",0.908
"ERG28","DHCR7",0.915
"CATSPERB","CACNA2D1",0.743
"CATSPERB","CACNA1F",0.753
"CATSPERB","CACNB2",0.724
"CATSPERB","CACNA1D",0.754
"CATSPERB","HSPA2",0.952
"CATSPERB","FKBP1A",0.72
"CATSPERB","CACNG2",0.72
"CATSPERB","CACNA1H",0.828
"CATSPERB","CATSPERG",0.992
"CATSPERB","CACNB3",0.735
"EIF2S1","EEF2",0.85
"EIF2S1","HSPA5",0.939
"EIF2S1","EIF4G1",0.986
"EIF2S1","EIF1AX",0.995
"EIF2S1","RPL36AL",0.848
"EIF2S1","MRPS14",0.776
"EIF2S1","MRPS15",0.839
"EIF2S1","EIF3I",0.999
"EIF2S1","RPL14",0.851
"EIF2S1","DENR",0.899
"EIF2S1","EIF3J",0.972
"EIF2S1","CCT8",0.849
"EIF2S1","MRNIP",0.87
"EIF2S1","RPS11",0.997
"EIF2S1","CCT2",0.939
"EIF2S1","NHP2",0.705
"EIF2S1","SYNCRIP",0.796
"EIF2S1","HSP90B1",0.759
"EIF2S1","ABCE1",0.977
"EIF2S1","EIF5B",0.801
"EIF2S1","EIF2S2",0.999
"EIF2S1","RPL3",0.88
"EIF2S1","EIF1AY",0.942
"EIF2S1","CCT7",0.763
"EIF2S1","CCT4",0.793
"EIF2S1","RPL22",0.835
"EIF2S1","RPL27",0.888
"EIF2S1","GCN1",0.863
"EIF2S1","MTOR",0.805
"EIF2S1","RPS3",0.999
"EIF2S1","PPP1CC",0.955
"EIF2S1","RPL12",0.845
"EIF2S1","CCT3",0.735
"EIF2S1","RPS14",0.997
"EIF2S1","RPL38",0.705
"EIF2S1","BRIX1",0.789
"EIF2S1","RPL13A",0.891
"EIF2S1","RPS23",0.997
"EIF2S1","RPS9",0.995
"EIF2S1","RPL15",0.901
"EIF2S1","RPS19",0.997
"EIF2S1","RPL23",0.831
"EIF2S1","RPL5",0.888
"EIF2S1","RPS16",0.998
"EIF2S1","RPL10",0.877
"EIF2S1","HSP90AA1",0.755
"EIF2S1","EIF4A2",0.884
"EIF2S1","RPS21",0.995
"EIF2S1","IMP3",0.851
"EIF2S1","RPS27L",0.918
"EIF2S1","MRPS12",0.852
"EIF2S1","ATF3",0.766
"EIF2S1","MRPS11",0.823
"EIF2S1","EIF3A",0.999
"EIF2S1","PPP1CA",0.996
"EIF2S1","HSPA4",0.767
"EIF2S1","RPL13",0.86
"EIF2S1","ETF1",0.865
"EIF2S1","RPL8",0.864
"EIF2S1","CCT5",0.866
"EIF2S1","RPS6",0.998
"EIF2S1","EIF3B",0.999
"EIF2S1","RPS2",0.998
"EIF2S1","METAP1",0.715
"EIF2S1","EIF2AK3",0.998
"EIF2S1","EIF4A1",0.99
"EIF2S1","RSAD1",0.812
"EIF2S1","RPL30",0.788
"EIF2S1","CCT6A",0.836
"EIF2S1","RPS4X",0.993
"EIF2S1","RPL4",0.936
"EIF2S1","PSMC2",0.755
"EIF2S1","RPLP1",0.785
"ELP3","RCL1",0.735
"MBD2","KDM1A",0.745
"MBD2","DNMT3A",0.92
"MBD2","HDAC2",0.982
"MBD2","RBBP7",0.972
"MBD2","RBBP4",0.993
"MBD2","HDAC1",0.999
"MBD2","DNMT1",0.983
"CCNB1","KIF2C",0.966
"CCNB1","CCNF",0.847
"CCNB1","CDK6",0.927
"CCNB1","CDK4",0.94
"CCNB1","PARP1",0.729
"CCNB1","ESPL1",0.999
"CCNB1","CDC16",0.975
"CCNB1","CHEK1",0.935
"CCNB1","NDC80",0.981
"CCNB1","PTTG1",0.984
"CCNB1","CKS2",0.999
"CCNB1","RAD21",0.741
"CCNB1","ATM",0.775
"CCNB1","CASP3",0.798
"CCNB1","CDKN1A",0.977
"CCNB1","BRCA1",0.916
"CCNB1","PPP2R2A",0.723
"CCNB1","ANAPC5",0.936
"CCNB1","SMC2",0.769
"CCNB1","H2AX",0.974
"CCNB1","EXO1",0.773
"CCNB1","CENPU",0.747
"CCNB1","MKI67",0.868
"CCNB1","CCNE1",0.746
"CCNB1","ANAPC2",0.935
"CCNB1","MCM6",0.806
"CCNB1","PKMYT1",0.97
"CCNB1","TP53",0.914
"CCNB1","EP300",0.816
"CCNB1","ZWILCH",0.702
"CCNB1","CDCA3",0.936
"CCNB1","CDT1",0.798
"CCNB1","CDK7",0.925
"CCNB1","NEK2",0.91
"CCNB1","CDC25A",0.995
"CCNB1","H3-4",0.81
"CCNB1","PLK1",0.999
"CCNB1","PCNA",0.867
"CCNB1","BUB1B",0.998
"CCNB1","FANCI",0.746
"CCNB1","CDC25C",0.991
"CCNB1","SKP2",0.797
"CCNB1","ORC1",0.778
"CCNB1","CDC14A",0.818
"CCNB1","SMC4",0.857
"CCNB1","RB1",0.768
"CCNB1","CDK2",0.999
"CCNB1","ERCC6L",0.72
"CCNB1","EGFR",0.804
"CCNB1","KIFC1",0.726
"CCNB1","SPDL1",0.848
"CCNB1","RACGAP1",0.952
"CCNB1","MCM4",0.869
"CCNB1","MCM10",0.703
"CCNB1","TK1",0.879
"CCNB1","CDCA8",0.987
"CCNB1","TACC3",0.703
"CCNB1","CENPE",0.967
"CCNB1","KNTC1",0.731
"CCNB1","MAD2L1",0.988
"CCNB1","BUB3",0.88
"CCNB1","E2F1",0.834
"CCNB1","H1-0",0.713
"CCNB1","MDM2",0.748
"CCNB1","KIF18A",0.835
"CCNB1","MNAT1",0.714
"CCNB1","CDK5",0.887
"CDK7","MED23",0.85
"CDK7","RAD23B",0.771
"CDK7","POLR2F",0.932
"CDK7","GNB5",0.9
"CDK7","PCNA",0.909
"CDK7","POLR2J",0.919
"CDK7","CCNT1",0.993
"CDK7","MED4",0.846
"CDK7","MED9",0.824
"CDK7","CCNE1",0.793
"CDK7","MED8",0.862
"CDK7","MED25",0.819
"CDK7","TP53",0.888
"CDK7","GTF2E1",0.994
"CDK7","TAF7",0.939
"CDK7","XPA",0.915
"CDK7","BRD4",0.954
"CDK7","ERCC3",0.999
"CDK7","MED15",0.84
"CDK7","GTF2H4",0.999
"CDK7","POLR2D",0.949
"CDK7","MED14",0.905
"CDK7","BRCA1",0.765
"CDK7","MED1",0.914
"CDK7","CETN2",0.8
"CDK7","GTF2F2",0.928
"CDK7","GTF2E2",0.989
"CDK7","CDK4",0.739
"CDK7","POLR2B",0.948
"CDK7","PARP1",0.703
"CDK7","CDK6",0.746
"CDK7","POLR2L",0.904
"CDK7","CHEK1",0.744
"CDK7","H4C2",0.801
"CDK7","MED21",0.883
"CDK7","E2F1",0.895
"CDK7","MNAT1",0.999
"CDK7","TAF12",0.913
"CDK7","TAF10",0.903
"CDK7","XPC",0.808
"CDK7","CDK2",0.992
"CDK7","MED7",0.869
"CDK7","MED16",0.824
"CDK7","GTF2H1",0.999
"CDK7","POLR2G",0.943
"CDK7","TAF11",0.902
"CDK7","H2AZ1",0.87
"CDK7","GTF2B",0.987
"CD180","TLR2",0.871
"CD180","TLR4",0.904
"CD180","LY96",0.923
"CAMK1","CALM3",0.998
"CAMK1","CALML5",0.956
"CAMK1","NOS3",0.936
"CAMK1","CALML4",0.949
"BHLHE40","CEBPB",0.78
"BHLHE40","CSNK1E",0.865
"BHLHE40","HDAC1",0.825
"EDEM1","CALR",0.903
"EDEM1","P4HB",0.837
"EDEM1","HSPA5",0.957
"EDEM1","PDIA3",0.716
"EDEM1","VCP",0.808
"EDEM1","HSP90B1",0.884
"TSHB","GNB1",0.8
"TSHB","PRL",0.918
"TSHB","CGA",0.999
"GSTM5","CYP1A1",0.92
"GSTM5","AP5M1",0.887
"GSTM5","CYP2A6",0.906
"GSTM5","ADH5",0.712
"SORT1","VPS35",0.836
"SORT1","VAMP2",0.786
"SORT1","NTRK1",0.905
"SORT1","APP",0.883
"LAMTOR5","MTOR",0.952
"LAMTOR5","SEC13",0.705
"LAMTOR5","ATP6V1G1",0.731
"LAMTOR5","KDM1A",0.767
"LAMTOR5","RRAGA",0.999
"LAMTOR5","WDR59",0.735
"LAMTOR5","MIOS",0.745
"LAMTOR5","XIAP",0.805
"LAMTOR5","RRAGD",0.999
"LAMTOR5","ELMO1",0.726
"LAMTOR5","PDE3B",0.72
"NOTCH2","NCSTN",0.84
"NOTCH2","HEY1",0.788
"NOTCH2","APH1B",0.72
"NOTCH2","EGFR",0.744
"NOTCH2","CREBBP",0.818
"NOTCH2","PSEN1",0.823
"NOTCH2","RFNG",0.931
"NOTCH2","GSK3B",0.84
"NOTCH2","DLK1",0.787
"NOTCH2","EP300",0.814
"TRIM45","TRAT1",0.832
"TRIM45","FCHSD2",0.881
"TRIM45","CDK2",0.747
"ARF3","AP1B1",0.752
"ARF3","RASA1",0.712
"ARF3","ARFGAP1",0.747
"SLC38A2","SLC38A1",0.912
"SLC38A2","PBX2",0.76
"KIDINS220","CRK",0.917
"KIDINS220","CRKL",0.955
"KIDINS220","NTRK1",0.987
"FST","SMAD3",0.7
"FST","SMAD2",0.772
"ERN2","HSPA5",0.888
"NARS1","KARS1",0.931
"NARS1","QARS1",0.887
"NARS1","MARS1",0.886
"NARS1","EPRS1",0.998
"GRP","SST",0.946
"GRP","GAL",0.807
"SLCO1B1","PPIG",0.779
"SPX","GAL",0.749
"SPX","GNB1",0.8
"DDB2","XPC",0.982
"DDB2","COPS2",0.969
"DDB2","GTF2H1",0.709
"DDB2","ERCC8",0.96
"DDB2","CDKN1A",0.702
"DDB2","GTF2H4",0.703
"DDB2","COPS5",0.962
"DDB2","SMARCA4",0.813
"DDB2","CETN2",0.917
"DDB2","PARP1",0.87
"DDB2","ATM",0.712
"DDB2","H2AC8",0.948
"DDB2","H4C2",0.827
"DDB2","RAD23B",0.929
"DDB2","TP53",0.979
"DDB2","EP300",0.803
"DDB2","ERCC3",0.877
"DDB2","CDT1",0.703
"DDB2","XRCC5",0.77
"DDB2","XPA",0.989
"FOLH1","AR",0.722
"FOLH1","ERBB2",0.825
"FOLH1","EGFR",0.782
"FOLH1","ALB",0.8
"RTL8C","PEG10",0.807
"MTNR1B","GNG3",0.909
"MTNR1B","GNAQ",0.917
"MTNR1B","GNB1",0.984
"MTNR1B","GNB5",0.921
"MTNR1B","FAT1",0.72
"PHC2","CBX8",0.999
"PHC2","HDAC2",0.927
"PHC2","YAF2",0.807
"PHC2","EZH2",0.955
"PHC2","ANAPC2",0.903
"PHC2","BARD1",0.901
"PHC2","CBX2",0.999
"PHC2","BRCA2",0.72
"PHC2","BUB1B",0.72
"PHC2","CDC16",0.9
"PHC2","RBBP4",0.921
"PHC2","BABAM2",0.902
"PHC2","RBBP7",0.918
"PHC2","BRCA1",0.901
"PHC2","ANAPC5",0.9
"TUT4","LIN28A",0.996
"DSG3","IVL",0.702
"DSG3","CASP3",0.796
"DSG3","PKP3",0.965
"DSG3","DSP",0.935
"DSG1","IVL",0.799
"DSG1","CSTA",0.729
"DSG1","CASP3",0.797
"DSG1","PKP3",0.935
"DSG1","DSP",0.998
"DSC1","PKP3",0.804
"DSC1","DSP",0.959
"DSC1","IVL",0.752
"DAGLA","MGLL",0.887
"TIMM10","POLR2F",0.713
"TIMM10","DNAJC15",0.783
"TIMM10","BCS1L",0.714
"TIMM10","TOMM70",0.888
"TIMM10","TOMM7",0.826
"TIMM10","UQCR10",0.753
"TIMM10","NHP2",0.706
"TIMM10","HSPA9",0.742
"CBLIF","CBL",0.863
"TCN1","CBL",0.934
"CEP135","CEP164",0.737
"CEP135","CETN2",0.842
"CEP135","RAB8A",0.704
"CEP135","PLK1",0.905
"CEP135","AKAP9",0.717
"PDGFRA","IL13",0.745
"PDGFRA","GRB2",0.974
"PDGFRA","PIK3CA",0.99
"PDGFRA","PIK3CD",0.924
"PDGFRA","STAT1",0.914
"PDGFRA","JAK2",0.929
"PDGFRA","IL6",0.817
"PDGFRA","EGF",0.987
"PDGFRA","PTK2",0.919
"PDGFRA","IFNA10",0.782
"PDGFRA","TP53",0.762
"PDGFRA","STAT3",0.961
"PDGFRA","IFNA2",0.771
"PDGFRA","SDHB",0.745
"PDGFRA","CBL",0.919
"PDGFRA","SRC",0.954
"PDGFRA","PDGFRB",0.989
"PDGFRA","CRK",0.97
"PDGFRA","PTEN",0.828
"PDGFRA","CD34",0.744
"PDGFRA","IFNA8",0.782
"PDGFRA","NRAS",0.967
"PDGFRA","CRKL",0.887
"PDGFRA","IRS1",0.731
"PDGFRA","IFNB1",0.719
"PDGFRA","IL10",0.776
"PDGFRA","EGFR",0.986
"PDGFRA","SDHD",0.735
"PDGFRA","IFNA1",0.768
"PDGFRA","NES",0.75
"PDGFRA","ERBB2",0.768
"PDGFRA","FGF2",0.982
"PDGFRA","MDM2",0.843
"PDGFRA","IL3",0.76
"PDGFRA","FIP1L1",0.981
"PDGFRA","PIK3R3",0.938
"CARS2","EPRS1",0.848
"CARS2","CBS",0.932
"CARS2","QARS1",0.837
"CARS2","MARS1",0.842
"CARS2","KARS1",0.809
"APC","CDH1",0.92
"APC","GSK3B",0.999
"APC","CDH2",0.787
"APC","IQGAP1",0.731
"APC","AXIN1",0.999
"APC","CSNK1E",0.885
"APC","TBL1XR1",0.903
"APC","CASP3",0.823
"APC","CTBP1",0.965
"APC","CTNNA1",0.975
"APC","CTNND1",0.781
"SDS","BCKDHB",0.826
"SDS","AGXT",0.958
"SDS","SPTLC1",0.844
"SDS","CBS",0.957
"MSI1","SOX2",0.803
"MSI1","NES",0.775
"TBX3","MAPK3",0.933
"TBX3","SOX2",0.907
"OASL","MX2",0.836
"OASL","CXCL11",0.73
"OASL","DDX60",0.888
"OASL","OAS2",0.884
"OASL","RTP4",0.799
"OASL","CXCL10",0.717
"OASL","HERC5",0.947
"OASL","IFIT5",0.86
"OASL","XAF1",0.824
"OASL","MX1",0.955
"OASL","OAS1",0.884
"OASL","STAT1",0.912
"OASL","IFI44L",0.951
"OASL","IRF9",0.872
"OASL","RIGI",0.999
"OASL","IFI6",0.924
"OASL","IFITM3",0.804
"OASL","MRPS14",0.739
"OASL","IFIT3",0.964
"OASL","HERC6",0.815
"OASL","GBP1",0.727
"OASL","STAT2",0.864
"OASL","IRF7",0.913
"OASL","IFI44",0.95
"OASL","RNASEL",0.93
"OASL","IFITM1",0.721
"OASL","IFI27",0.888
"OASL","ISG20",0.794
"OASL","IFI35",0.922
"OASL","RSAD2",0.977
"OASL","IFIT1",0.968
"HRK","BCL2A1",0.919
"HRK","PMAIP1",0.883
"RINT1","RBL2",0.833
"RINT1","ZWILCH",0.844
"RINT1","NAPA",0.829
"RINT1","COPB2",0.763
"BACH2","PAX5",0.803
"BACH2","NCOR1",0.89
"NT5E","IDO1",0.7
"NT5E","DCK",0.921
"NT5E","CD81",0.728
"NT5E","ENTPD5",0.703
"NT5E","CD9",0.721
"NT5E","THY1",0.919
"NT5E","CYCS",0.869
"NT5E","PDE3B",0.709
"NT5E","ALPL",0.707
"NT5E","FN1",0.737
"NT5E","SOX2",0.714
"NT5E","CD34",0.905
"NT5E","CD19",0.816
"NT5E","PNP",0.99
"NT5E","DTYMK",0.92
"NT5E","IMPDH2",0.954
"NT5E","DCTPP1",0.904
"ORC3","POLA2",0.724
"ORC3","MCM4",0.99
"ORC3","MCM10",0.938
"ORC3","DBF4",0.866
"ORC3","ORC1",0.999
"ORC3","NOC3L",0.961
"ORC3","HAT1",0.973
"ORC3","MCM7",0.991
"ORC3","CDC25A",0.793
"ORC3","CDC25C",0.807
"ORC3","MCM2",0.993
"ORC3","MCM6",0.951
"ORC3","CDT1",0.998
"LMO2","RUNX1",0.988
"LMO2","GFI1B",0.845
"NAT10","NGDN",0.997
"NAT10","MAK16",0.734
"NAT10","RPS16",0.974
"NAT10","DDX18",0.926
"NAT10","DDX47",0.758
"NAT10","RPS19",0.905
"NAT10","DHX15",0.954
"NAT10","MRTO4",0.868
"NAT10","UTP14A",0.997
"NAT10","NOC4L",0.997
"NAT10","RRS1",0.742
"NAT10","IMP3",0.982
"NAT10","MRPS12",0.818
"NAT10","RPS27L",0.803
"NAT10","RPS6",0.981
"NAT10","HEATR1",0.999
"NAT10","POLR1E",0.902
"NAT10","PA2G4",0.736
"NAT10","PNO1",0.981
"NAT10","UTP6",0.998
"NAT10","RPS4X",0.922
"NAT10","EBNA1BP2",0.877
"NAT10","GNL2",0.824
"NAT10","NOL7",0.808
"NAT10","IMP4",0.998
"NAT10","RRP1B",0.768
"NAT10","WDR3",0.998
"NAT10","FCF1",0.992
"NAT10","NHP2",0.975
"NAT10","NOL10",0.999
"NAT10","GNL3L",0.966
"NAT10","NOL6",0.999
"NAT10","NOC2L",0.955
"NAT10","RIOK2",0.737
"NAT10","GNL3",0.87
"NAT10","RPS11",0.976
"NAT10","MRNIP",0.812
"NAT10","UTP11",0.989
"NAT10","UTP20",0.999
"NAT10","TSR1",0.981
"NAT10","DNTTIP2",0.988
"NAT10","PDCD11",0.999
"NAT10","POLR1B",0.961
"NAT10","BRIX1",0.855
"NAT10","RPS23",0.988
"NAT10","RPS9",0.981
"NAT10","RRP7A",0.997
"NAT10","RCL1",0.996
"NAT10","FTSJ3",0.933
"NAT10","GTPBP4",0.888
"NAT10","NOC3L",0.865
"NAT10","RPS14",0.971
"NAT10","WDR12",0.746
"NAT10","SNU13",0.992
"GDF11","ACE",0.815
"RDH5","RHO",0.766
"CDK4","CDK2",0.998
"CDK4","PTEN",0.865
"CDK4","RB1",0.999
"CDK4","NRAS",0.822
"CDK4","SKP2",0.878
"CDK4","FOXO3",0.703
"CDK4","MDM2",0.884
"CDK4","H1-0",0.728
"CDK4","CDK5",0.71
"CDK4","E2F1",0.958
"CDK4","CALML5",0.723
"CDK4","RBL2",0.986
"CDK4","CALM3",0.725
"CDK4","PIK3CA",0.709
"CDK4","SMARCA4",0.75
"CDK4","H2AX",0.742
"CDK4","CDKN1A",0.999
"CDK4","ARID1A",0.713
"CDK4","CALML4",0.71
"CDK4","BRCA1",0.972
"CDK4","CASP3",0.75
"CDK4","ATM",0.937
"CDK4","MCM7",0.878
"CDK4","PARP1",0.756
"CDK4","CDK6",0.999
"CDK4","PCNA",0.996
"CDK4","BRCA2",0.943
"CDK4","CDC25C",0.83
"CDK4","H3-4",0.774
"CDK4","HSP90AA1",0.998
"CDK4","CDC25A",0.979
"CDK4","SMAD3",0.892
"CDK4","CUL1",0.713
"CDK4","PLK1",0.789
"CDK4","DNMT1",0.738
"CDK4","CDH1",0.712
"CDK4","CDT1",0.707
"CDK4","MCM2",0.855
"CDK4","GSK3B",0.805
"CDK4","CCNE1",0.999
"CDK4","JUN",0.759
"CDK4","TP53",0.966
"CDK4","HSP90AB1",0.999
"CDK4","MCM6",0.739
"CDK4","CYCS",0.745
"PPP1R1A","PPP2R1A",0.912
"PPP1R1A","PPP1CA",0.96
"PPP1R1A","PPP2R2B",0.903
"PPP1R1A","PPP2R5E",0.905
"PPP1R1A","PRKACA",0.919
"PPP1R1A","PPP2R1B",0.906
"PPP1R1A","PRKACG",0.918
"PPP1R1A","PPP2R5A",0.918
"PPP1R1A","PPP1CC",0.975
"PPP1R1A","PPP2R2A",0.902
"TROAP","KIFC1",0.789
"TROAP","KIF2C",0.833
"TROAP","ESPL1",0.846
"TROAP","PLK1",0.805
"TROAP","BUB1B",0.753
"TROAP","CDCA8",0.794
"TROAP","TACC3",0.701
"TROAP","MKI67",0.704
"TROAP","CDCA3",0.857
"ESPL1","CENPE",0.905
"ESPL1","CDCA8",0.972
"ESPL1","KNTC1",0.859
"ESPL1","MAD2L1",0.941
"ESPL1","BUB3",0.932
"ESPL1","KIF18A",0.753
"ESPL1","RANBP2",0.708
"ESPL1","CDC14A",0.947
"ESPL1","SMC4",0.71
"ESPL1","KIFC1",0.812
"ESPL1","WAPL",0.959
"ESPL1","ERCC6L",0.757
"ESPL1","MCM10",0.719
"ESPL1","PPP2R2B",0.886
"ESPL1","MKI67",0.856
"ESPL1","PPP2R1A",0.863
"ESPL1","LYPLA1",0.797
"ESPL1","CDT1",0.764
"ESPL1","ZWILCH",0.872
"ESPL1","CDCA3",0.719
"ESPL1","PLK1",0.994
"ESPL1","NEK2",0.85
"ESPL1","BUB1B",0.989
"ESPL1","CCNF",0.806
"ESPL1","PPP2R5A",0.733
"ESPL1","KIF2C",0.939
"ESPL1","CDC16",0.873
"ESPL1","NDC80",0.925
"ESPL1","CHEK1",0.776
"ESPL1","PTTG1",0.999
"ESPL1","RAD21",0.997
"ESPL1","PPP2R2A",0.896
"ESPL1","EXO1",0.754
"ESPL1","NIPBL",0.887
"ESPL1","ANAPC5",0.789
"NMBR","TLR4",0.774
"SMPD2","PLPP2",0.924
"SMPD2","SPTLC1",0.822
"HTRA2","BIRC3",0.972
"HTRA2","NDUFA13",0.783
"HTRA2","XIAP",0.999
"HTRA2","PSEN1",0.849
"HTRA2","CYCS",0.977
"HTRA2","PLA2G6",0.753
"CCT7","CCT6A",0.999
"CCT7","PSMG2",0.912
"CCT7","RPL4",0.768
"CCT7","RPS4X",0.749
"CCT7","TSC1",0.943
"CCT7","CCT5",0.999
"CCT7","PSMC5",0.765
"CCT7","PPP4C",0.815
"CCT7","RPL8",0.821
"CCT7","RPS2",0.891
"CCT7","EIF3B",0.728
"CCT7","TUBB",0.946
"CCT7","RPL13",0.774
"CCT7","HSPA4",0.772
"CCT7","CCNE1",0.805
"CCT7","HSP90AB1",0.956
"CCT7","TP53",0.823
"CCT7","RPS19",0.711
"CCT7","HSP90AA1",0.849
"CCT7","RPS16",0.752
"CCT7","RPL5",0.826
"CCT7","RPS14",0.702
"CCT7","CCT3",0.999
"CCT7","RPL12",0.758
"CCT7","RPS9",0.716
"CCT7","RPL27",0.8
"CCT7","CCT4",0.999
"CCT7","TUBA1B",0.841
"CCT7","VBP1",0.966
"CCT7","IMPDH2",0.758
"CCT7","MOB4",0.994
"CCT7","RPS3",0.855
"CCT7","RPS11",0.702
"CCT7","RUVBL1",0.88
"CCT7","CCT8",0.999
"CCT7","NUDC",0.711
"CCT7","RPL3",0.8
"CCT7","CCT2",0.999
"CCT7","TXNDC9",0.75
"CCT7","STRN3",0.994
"CCT7","PFDN5",0.981
"CCT7","HSPA5",0.783
"CCT7","EIF3I",0.833
"RAB11FIP5","RAB11A",0.999
"KCNMB4","CACNA1D",0.72
"KCNMB4","PRKACG",0.911
"KCNMB4","PRKACA",0.909
"MDM2","YY1",0.892
"MDM2","FOXO3",0.995
"MDM2","RANBP2",0.767
"MDM2","SGK1",0.833
"MDM2","RPS14",0.94
"MDM2","PTEN",0.902
"MDM2","LUM",0.903
"MDM2","RB1",0.999
"MDM2","CDK2",0.849
"MDM2","EGFR",0.897
"MDM2","CSNK1D",0.708
"MDM2","RPS3",0.959
"MDM2","NBN",0.774
"MDM2","UBE2D2",0.999
"MDM2","USP7",0.999
"MDM2","DHX9",0.772
"MDM2","RPL37",0.861
"MDM2","SUMO1",0.858
"MDM2","NPM1",0.974
"MDM2","GNL3",0.979
"MDM2","STK11",0.725
"MDM2","E2F1",0.992
"MDM2","SP1",0.799
"MDM2","PKM",0.722
"MDM2","CREBBP",0.909
"MDM2","RPL4",0.763
"MDM2","UBE2N",0.702
"MDM2","XIAP",0.929
"MDM2","BECN1",0.751
"MDM2","ATM",0.995
"MDM2","CASP3",0.966
"MDM2","COPS5",0.738
"MDM2","CDKN1A",0.98
"MDM2","BRCA1",0.794
"MDM2","UBA52",0.967
"MDM2","RPS6",0.791
"MDM2","SRSF1",0.721
"MDM2","DAXX",0.995
"MDM2","UBE2I",0.86
"MDM2","AR",0.998
"MDM2","SRC",0.882
"MDM2","BARD1",0.821
"MDM2","HSPA4",0.873
"MDM2","GSK3B",0.703
"MDM2","STAT3",0.715
"MDM2","JUN",0.803
"MDM2","EP300",0.999
"MDM2","HSP90AB1",0.753
"MDM2","PMAIP1",0.719
"MDM2","EZH2",0.945
"MDM2","TP53",0.999
"MDM2","ATF3",0.942
"MDM2","CDH1",0.925
"MDM2","RPL5",0.999
"MDM2","H3-4",0.776
"MDM2","HSP90AA1",0.909
"MDM2","HDAC1",0.963
"MDM2","ARRB1",0.99
"MDM2","PLK1",0.772
"MDM2","CASP8",0.75
"MDM2","CUL1",0.741
"MDM2","RPL23",0.941
"MDM2","S100A1",0.796
"MDM2","BRCA2",0.702
"BCO1","RBP4",0.75
"BCO1","SCARB1",0.797
"BCO1","ADH5",0.909
"MPHOSPH6","ZFC3H1",0.954
"MPHOSPH6","EXOSC4",0.999
"MPHOSPH6","EXOSC7",0.999
"MPHOSPH6","RBM7",0.744
"MPHOSPH6","EXOSC8",0.999
"MPHOSPH6","EXOSC10",0.998
"MPHOSPH6","C1D",0.996
"DYNC1LI2","DYNLT3",0.954
"DYNC1LI2","DCTN1",0.987
"DYNC1LI2","CAPZA1",0.918
"DYNC1LI2","RAB7A",0.871
"DYNC1LI2","DYNC1LI1",0.995
"FBXL8","CUL1",0.958
"FHOD1","SYNE2",0.994
"TAF5L","TAF10",0.999
"TAF5L","TAF12",0.999
"TAF5L","SUPT3H",0.999
"TAF5L","MAP3K7",0.742
"TAF5L","SF3B3",0.949
"TAF5L","TAF7",0.987
"TAF5L","USP22",0.989
"TAF5L","TRRAP",0.999
"STX6","NAPA",0.991
"STX6","RAB11A",0.787
"STX6","STX2",0.891
"STX6","VAMP5",0.71
"STX6","TGOLN2",0.922
"STX6","STX11",0.865
"STX6","STX5",0.995
"STX6","VAMP2",0.997
"STX6","STX8",0.949
"LAMC1","ITGB6",0.744
"LAMC1","ITGA2",0.792
"LAMC1","ITGAV",0.888
"LAMC1","ITGB7",0.721
"LAMC1","COL5A1",0.743
"LAMC1","ITGB5",0.814
"LAMC1","ITGA9",0.742
"LAMC1","ITGA3",0.808
"LAMC1","ITGA5",0.865
"LAMC1","ITGA2B",0.708
"LAMC1","PTK2",0.715
"LAMC1","FN1",0.7
"LAMC1","FAT1",0.799
"LAMC1","COL4A2",0.814
"SP110","SP100",0.833
"SP110","STAT1",0.719
"SP110","OAS1",0.773
"SP110","XAF1",0.798
"SP110","OAS2",0.766
"SP110","IFI35",0.78
"SP110","IFIT3",0.768
"SP110","RIGI",0.784
"MRPL44","MRPS31",0.9
"MRPL44","MRPL12",0.979
"MRPL44","MRPL39",0.991
"MRPL44","MRPL17",0.995
"MRPL44","MRPS28",0.885
"MRPL44","MRPS18A",0.977
"MRPL44","MRPL33",0.993
"MRPL44","RPL23",0.857
"MRPL44","MRPS16",0.996
"MRPL44","MRPL49",0.996
"MRPL44","MRPL3",0.993
"MRPL44","MRPS12",0.994
"MRPL44","TUFM",0.96
"MRPL44","MRPL11",0.992
"MRPL44","MRPL57",0.861
"MRPL44","MRPL4",0.998
"MRPL44","MRPL2",0.985
"MRPL44","MRPS11",0.992
"MRPL44","MRPL15",0.944
"MRPL44","MRPL40",0.994
"MRPL44","MTIF2",0.943
"MRPL44","MRPS17",0.918
"MRPL44","MRPL16",0.994
"MRPL44","MRPL24",0.965
"MRPL44","RPS9",0.878
"MRPL44","MRM3",0.865
"MRPL44","DAP3",0.995
"MRPL44","MRPL20",0.981
"MRPL44","TSFM",0.824
"MRPL44","MRPS18B",0.936
"MRPL44","MRPL48",0.892
"MRPL44","MRPL46",0.998
"MRPL44","MRPS14",0.996
"MRPL44","MRPS15",0.994
"MRPL44","MRPS18C",0.966
"MRPL44","MRPL9",0.973
"MRPL44","MRPL58",0.96
"MRPL44","MRPL19",0.998
"HTR2B","GNAQ",0.995
"HTR2B","CACNA1F",0.9
"HTR2B","GNB1",0.84
"HTR2B","CACNA1D",0.908
"CYP27A1","DHCR7",0.933
"EIF4E2","EIF4G1",0.978
"EIF4E2","NCBP2",0.941
"EIF4E2","FMR1",0.736
"EIF4E2","EIF5B",0.733
"EIF4E2","NCBP1",0.935
"EIF4E2","EIF4A2",0.941
"EIF4E2","EIF4A1",0.979
"CAB39","STK11",0.999
"CAB39","STK26",0.992
"COX5B","COX7A1",0.996
"COX5B","COX7C",0.999
"COX5B","SDHD",0.949
"COX5B","COX7A2",0.997
"COX5B","NDUFB6",0.977
"COX5B","UQCR10",0.999
"COX5B","NDUFS2",0.985
"COX5B","COX7A2L",0.972
"COX5B","COX8A",0.999
"COX5B","NDUFA8",0.992
"COX5B","ATP5PF",0.834
"COX5B","UQCRH",0.998
"COX5B","ATP5MC3",0.702
"COX5B","UQCRFS1",0.999
"COX5B","ATP5F1A",0.922
"COX5B","NDUFA3",0.961
"COX5B","NDUFS3",0.985
"COX5B","UQCRC2",0.999
"COX5B","CYC1",0.999
"COX5B","NDUFA1",0.963
"COX5B","HIGD1A",0.721
"COX5B","NDUFA7",0.982
"COX5B","ATP5PD",0.979
"COX5B","NDUFS4",0.975
"COX5B","COX6C",0.999
"COX5B","HSPA9",0.925
"COX5B","ATP5MG",0.873
"COX5B","ATP5PB",0.872
"COX5B","APOBEC3B",0.738
"COX5B","NDUFA9",0.987
"COX5B","BCS1L",0.717
"COX5B","SDHB",0.972
"COX5B","ATP5MF",0.879
"COX5B","NDUFB8",0.991
"COX5B","COX6A2",0.999
"COX5B","NDUFB11",0.988
"COX5B","CYCS",0.993
"COX5B","NDUFS6",0.995
"COX5B","SDHA",0.925
"COX5B","APOBEC3G",0.738
"COX5B","NDUFB2",0.969
"COX5B","ATP5F1C",0.944
"COX5B","NDUFB5",0.991
"COX5B","NDUFA13",0.995
"COX5B","NDUFC2",0.972
"COX5B","APOBEC3C",0.737
"COX5B","NDUFV2",0.987
"COX5B","COX5A",0.999
"COX5B","NDUFB3",0.977
"COX5B","ATP5ME",0.916
"COX5B","ATG5",0.723
"COX5B","ATP5IF1",0.707
"COX5B","ATP5PO",0.974
"REV1","POLE",0.737
"REV1","POLD3",0.991
"REV1","HLTF",0.773
"REV1","LIG1",0.754
"REV1","UBE2N",0.798
"REV1","RFC3",0.75
"REV1","REV3L",0.999
"REV1","MUS81",0.727
"REV1","UBA52",0.949
"REV1","POLL",0.96
"REV1","XPA",0.74
"REV1","FANCI",0.736
"REV1","PCNA",0.978
"TMEM127","SDHD",0.96
"TMEM127","RET",0.903
"TMEM127","SDHB",0.934
"TMEM127","SDHA",0.807
"EDAR","SLC45A2",0.836
"DRAM1","TP53",0.83
"MED4","MNAT1",0.858
"MED4","TAF12",0.854
"MED4","TAF10",0.814
"MED4","MED16",0.998
"MED4","QKI",0.994
"MED4","MED7",0.999
"MED4","H2AZ1",0.817
"MED4","GTF2B",0.936
"MED4","GTF2H1",0.867
"MED4","POLR2G",0.877
"MED4","TAF11",0.851
"MED4","POLR2J",0.894
"MED4","MED23",0.999
"MED4","POLR2F",0.845
"MED4","ERCC3",0.823
"MED4","MED9",0.999
"MED4","MED8",0.999
"MED4","EP300",0.747
"MED4","MED25",0.996
"MED4","GTF2E1",0.908
"MED4","TAF7",0.824
"MED4","MED1",0.999
"MED4","GTF2F2",0.897
"MED4","MED15",0.998
"MED4","GTF2H4",0.849
"MED4","POLR2D",0.959
"MED4","MED14",0.999
"MED4","MED13L",0.979
"MED4","H4C2",0.8
"MED4","MED21",0.999
"MED4","GTF2E2",0.89
"MED4","POLR2B",0.88
"MED4","POLR2L",0.846
"NUDT15","RRM1",0.829
"NUDT15","GCH1",0.886
"NUDT15","FPGS",0.893
"IGF2BP3","MATR3",0.735
"IGF2BP3","LIN28A",0.763
"IGF2BP3","METTL3",0.838
"IGF2BP3","YBX1",0.772
"IGF2BP3","RBM15",0.717
"KDELR2","COPB2",0.717
"KDELR2","TMED10",0.707
"NUP42","MAGOHB",0.714
"NUP42","NUP160",0.784
"NUP42","NUP50",0.896
"NUP42","NUP93",0.89
"NUP42","RANBP2",0.928
"NUP42","SEC13",0.735
"NUP42","NUP98",0.802
"NUP42","NUP133",0.753
"NUP42","NUP43",0.912
"NUP42","NUP54",0.788
"NUP42","TPR",0.907
"NUP42","NXF3",0.911
"NUP42","SEH1L",0.933
"DDX56","PA2G4",0.876
"DDX56","POLR1E",0.732
"DDX56","UTP6",0.82
"DDX56","GNL2",0.936
"DDX56","EBNA1BP2",0.971
"DDX56","DHX8",0.866
"DDX56","HEATR1",0.844
"DDX56","UTP14A",0.893
"DDX56","MRTO4",0.909
"DDX56","RRS1",0.914
"DDX56","YBX1",0.723
"DDX56","NGDN",0.754
"DDX56","DDX18",0.95
"DDX56","DDX47",0.873
"DDX56","DHX15",0.885
"DDX56","BRIX1",0.946
"DDX56","RCL1",0.792
"DDX56","RRP7A",0.805
"DDX56","FTSJ3",0.961
"DDX56","DDX17",0.7
"DDX56","NOC3L",0.802
"DDX56","GTPBP4",0.978
"DDX56","WDR12",0.917
"DDX56","TSR1",0.887
"DDX56","RSL24D1",0.888
"DDX56","PDCD11",0.853
"DDX56","POLR1B",0.749
"DDX56","NOL10",0.775
"DDX56","RPF1",0.715
"DDX56","GNL3L",0.825
"DDX56","NOL6",0.778
"DDX56","DHX9",0.719
"DDX56","NOC2L",0.971
"DDX56","EXOSC10",0.735
"DDX56","GNL3",0.919
"DDX56","ZNF593",0.72
"DDX56","RIGI",0.704
"DDX56","IMP4",0.835
"DDX56","RRP1B",0.829
"DDX56","WDR3",0.893
"HUS1","RFC4",0.987
"HUS1","LIG1",0.76
"HUS1","NBN",0.843
"HUS1","WRN",0.873
"HUS1","TOPBP1",0.996
"HUS1","BRCA1",0.87
"HUS1","EXO1",0.832
"HUS1","RFC3",0.972
"HUS1","PRKDC",0.701
"HUS1","CHEK1",0.96
"HUS1","ATM",0.928
"HUS1","FEN1",0.934
"HUS1","BRCA2",0.755
"HUS1","TP53",0.712
"HUS1","XRCC5",0.812
"ACSBG1","MGLL",0.817
"ACSBG1","ACSL4",0.754
"MTHFS","MTHFD2",0.98
"ALPK3","EIF2AK3",0.791
"RSAD1","UBA52",0.978
"RSAD1","RPS6",0.961
"RSAD1","RPL37A",0.973
"RSAD1","RPL24",0.974
"RSAD1","RPS2",0.966
"RSAD1","MRPL17",0.97
"RSAD1","RPL8",0.979
"RSAD1","MRPL12",0.972
"RSAD1","MED1",0.933
"RSAD1","QARS1",0.706
"RSAD1","POLR2B",0.823
"RSAD1","MRPL33",0.954
"RSAD1","RPLP1",0.962
"RSAD1","RPS4X",0.842
"RSAD1","RPL4",0.953
"RSAD1","RPL30",0.975
"RSAD1","POLR2F",0.813
"RSAD1","ATP5F1C",0.711
"RSAD1","MRPL3",0.837
"RSAD1","RPL10",0.901
"RSAD1","SIL1",0.776
"RSAD1","RPL5",0.978
"RSAD1","RPS16",0.979
"RSAD1","MRPL49",0.767
"RSAD1","RPL15",0.976
"RSAD1","MRPS16",0.965
"RSAD1","RPS19",0.977
"RSAD1","RPL23",0.981
"RSAD1","MRPS11",0.835
"RSAD1","MRTO4",0.889
"RSAD1","MRPL4",0.841
"RSAD1","MRPL2",0.84
"RSAD1","RPL13",0.971
"RSAD1","IMP3",0.895
"RSAD1","RPS21",0.972
"RSAD1","MRPL11",0.777
"RSAD1","TUFM",0.956
"RSAD1","MRPS12",0.888
"RSAD1","RPS27L",0.914
"RSAD1","RPL3L",0.915
"RSAD1","RPS3",0.977
"RSAD1","MRPL24",0.842
"RSAD1","MRPL16",0.777
"RSAD1","MTIF2",0.755
"RSAD1","EIF1AY",0.928
"RSAD1","EFL1",0.809
"RSAD1","RPL27",0.922
"RSAD1","POLR1B",0.825
"RSAD1","RPL22",0.909
"RSAD1","MRPL40",0.811
"RSAD1","PDCD11",0.895
"RSAD1","MRPL20",0.956
"RSAD1","DAP3",0.797
"RSAD1","RPS23",0.963
"RSAD1","EPRS1",0.79
"RSAD1","RPL13A",0.919
"RSAD1","RPL10L",0.901
"RSAD1","RPL38",0.98
"RSAD1","ATP5F1A",0.845
"RSAD1","ARL6IP1",0.703
"RSAD1","HMGN4",0.805
"RSAD1","RPS9",0.976
"RSAD1","IFI35",0.922
"RSAD1","RPS14",0.921
"RSAD1","RPL12",0.803
"RSAD1","HMGN1",0.803
"RSAD1","MRPS15",0.828
"RSAD1","RPL36AL",0.81
"RSAD1","SEC61A2",0.856
"RSAD1","MRPL46",0.814
"RSAD1","RPL14",0.981
"RSAD1","RPL39L",0.937
"RSAD1","TSFM",0.707
"RSAD1","EEF2",0.941
"RSAD1","EIF1AX",0.929
"RSAD1","MRPL19",0.95
"RSAD1","MRPL58",0.867
"RSAD1","RPL37",0.837
"RSAD1","GUF1",0.879
"RSAD1","RPL3",0.917
"RSAD1","MRPL9",0.965
"RSAD1","DOCK4",0.86
"RSAD1","EIF5B",0.85
"RSAD1","EIF2S2",0.759
"RSAD1","RPS11",0.981
"RSAD1","MRNIP",0.934
"SRSF1","SF3B1",0.952
"SRSF1","MBNL1",0.852
"SRSF1","MAGOHB",0.87
"SRSF1","SF1",0.813
"SRSF1","SNRPD1",0.959
"SRSF1","CBX3",0.828
"SRSF1","NCBP1",0.981
"SRSF1","SF3B4",0.89
"SRSF1","SYNCRIP",0.917
"SRSF1","MFAP1",0.878
"SRSF1","DHX9",0.895
"SRSF1","LSM6",0.828
"SRSF1","ILF2",0.757
"SRSF1","RBM25",0.718
"SRSF1","NPM1",0.792
"SRSF1","PCBP2",0.805
"SRSF1","FIP1L1",0.712
"SRSF1","SREK1",0.803
"SRSF1","SRSF4",0.973
"SRSF1","RRP1B",0.803
"SRSF1","THOC1",0.785
"SRSF1","NCBP2",0.944
"SRSF1","PCF11",0.758
"SRSF1","POLR2L",0.72
"SRSF1","TCERG1",0.927
"SRSF1","SRRM1",0.964
"SRSF1","CDC5L",0.957
"SRSF1","ILF3",0.787
"SRSF1","RRM1",0.721
"SRSF1","PRP4K",0.715
"SRSF1","POLR2D",0.75
"SRSF1","ASF1B",0.899
"SRSF1","UBE2I",0.865
"SRSF1","HNRNPA1",0.993
"SRSF1","DHX38",0.867
"SRSF1","LSM3",0.906
"SRSF1","SNRPF",0.979
"SRSF1","TP53",0.878
"SRSF1","SNIP1",0.915
"SRSF1","NXF3",0.706
"SRSF1","SF3B3",0.941
"SRSF1","SRSF2",0.997
"SRSF1","WBP11",0.828
"SRSF1","LUC7L",0.785
"SRSF1","YBX1",0.861
"SRSF1","SNRNP70",0.998
"SRSF1","RPL5",0.724
"SRSF1","H3-4",0.954
"SRSF1","SF3B2",0.926
"SRSF1","DHX15",0.763
"CHAD","ITGB7",0.704
"CHAD","ITGAV",0.759
"CHAD","ITGA2",0.919
"TACO1","TSFM",0.879
"TACO1","BCS1L",0.778
"BRIP1","BRCA1",0.999
"BRIP1","EXO1",0.897
"BRIP1","ATM",0.933
"BRIP1","MUS81",0.899
"BRIP1","CHEK1",0.933
"BRIP1","WDHD1",0.717
"BRIP1","FANCI",0.994
"BRIP1","BRCA2",0.998
"BRIP1","PALB2",0.998
"BRIP1","BARD1",0.999
"BRIP1","POLL",0.702
"BRIP1","ERCC3",0.866
"BRIP1","NBN",0.998
"BRIP1","GTF2H1",0.758
"BRIP1","WRN",0.915
"BRIP1","TOPBP1",0.999
"RTP4","IFIT5",0.751
"RTP4","HERC5",0.733
"RTP4","GBP1",0.811
"RTP4","IRF7",0.813
"RTP4","HERC6",0.756
"RTP4","RIGI",0.82
"RTP4","MX2",0.71
"RTP4","IFIT3",0.847
"RTP4","DDX60",0.801
"RTP4","OAS2",0.88
"RTP4","IFI35",0.859
"RTP4","RSAD2",0.927
"RTP4","IRF9",0.775
"RTP4","IFIT1",0.791
"RTP4","IFI44L",0.759
"RTP4","XAF1",0.781
"RTP4","OAS1",0.874
"RTP4","IFI44",0.932
"RTP4","MX1",0.824
"NDUFB5","NDUFA8",0.999
"NDUFB5","NDUFS2",0.999
"NDUFB5","UQCR10",0.987
"NDUFB5","ATP5MC3",0.804
"NDUFB5","UQCRH",0.978
"NDUFB5","ATP5PF",0.909
"NDUFB5","COX7A2",0.874
"NDUFB5","SDHD",0.934
"NDUFB5","COX7C",0.975
"NDUFB5","COX7A1",0.878
"NDUFB5","NDUFB6",0.999
"NDUFB5","NDUFAF4",0.951
"NDUFB5","NDUFA1",0.999
"NDUFB5","CYC1",0.939
"NDUFB5","UQCRC2",0.976
"NDUFB5","COX6C",0.982
"NDUFB5","NDUFS4",0.999
"NDUFB5","ATP5PD",0.955
"NDUFB5","NDUFA7",0.999
"NDUFB5","UQCRFS1",0.979
"NDUFB5","NDUFS3",0.999
"NDUFB5","NDUFA3",0.999
"NDUFB5","ATP5F1A",0.829
"NDUFB5","PALB2",0.981
"NDUFB5","ATP5F1C",0.919
"NDUFB5","NDUFB2",0.998
"NDUFB5","NDUFA9",0.999
"NDUFB5","ATP5PB",0.954
"NDUFB5","ATP5MG",0.865
"NDUFB5","NDUFS6",0.999
"NDUFB5","NDUFA4L2",0.805
"NDUFB5","NDUFB11",0.999
"NDUFB5","COX6A2",0.933
"NDUFB5","NDUFB8",0.999
"NDUFB5","ATP5MF",0.834
"NDUFB5","SDHB",0.824
"NDUFB5","ATP5ME",0.956
"NDUFB5","NDUFB3",0.999
"NDUFB5","NDUFAF1",0.993
"NDUFB5","COX5A",0.992
"NDUFB5","NDUFV2",0.999
"NDUFB5","TMEM126B",0.841
"NDUFB5","ATP5PO",0.855
"NDUFB5","NDUFA13",0.999
"NDUFB5","NDUFC2",0.999
"TANK","SQSTM1",0.922
"TANK","CHUK",0.87
"TANK","RIPK1",0.836
"TANK","TRAF3",0.999
"TANK","RIGI",0.835
"TANK","CD40",0.771
"TANK","TRIM25",0.714
"TANK","TLR4",0.745
"TANK","IRF7",0.873
"TANK","IRF3",0.95
"TANK","TBK1",0.999
"TANK","TLR3",0.803
"TANK","FADD",0.901
"BLK","PAX5",0.795
"BLK","STAT3",0.821
"BLK","EGFR",0.807
"BLK","CD19",0.878
"IL36G","IL1B",0.854
"IL36G","IL1A",0.796
"IL1RN","TLR4",0.752
"IL1RN","STAT3",0.701
"IL1RN","IL6",0.925
"IL1RN","CXCL9",0.701
"IL1RN","CXCL8",0.926
"IL1RN","IL10",0.923
"IL1RN","IL1B",0.968
"IL1RN","NLRP3",0.786
"IL1RN","IL13",0.702
"IL1RN","IL18",0.779
"IL1RN","IL1A",0.99
"IL1RN","CCR1",0.741
"IL1RN","CCL5",0.747
"IL36A","IL1A",0.789
"IL36RN","IL1B",0.837
"IL36RN","IL1A",0.83
"IMP4","ZNF593",0.815
"IMP4","NOL7",0.829
"IMP4","MRPS15",0.702
"IMP4","BUD23",0.756
"IMP4","C1D",0.844
"IMP4","WDR3",0.998
"IMP4","RRP1B",0.833
"IMP4","FCF1",0.992
"IMP4","GNL3L",0.81
"IMP4","NOL10",0.998
"IMP4","NHP2",0.921
"IMP4","RPF1",0.911
"IMP4","NOL6",0.998
"IMP4","NOC2L",0.945
"IMP4","MRNIP",0.776
"IMP4","RPS11",0.982
"IMP4","GNL3",0.814
"IMP4","RIOK2",0.804
"IMP4","EXOSC10",0.973
"IMP4","UTP11",0.998
"IMP4","TSR1",0.863
"IMP4","UTP20",0.998
"IMP4","POLR1D",0.822
"IMP4","RSL24D1",0.881
"IMP4","DNTTIP2",0.996
"IMP4","POLR1B",0.777
"IMP4","PDCD11",0.991
"IMP4","RPS23",0.992
"IMP4","BRIX1",0.948
"IMP4","RPS9",0.992
"IMP4","GTPBP4",0.855
"IMP4","NOC3L",0.824
"IMP4","FTSJ3",0.81
"IMP4","RCL1",0.999
"IMP4","RRP7A",0.997
"IMP4","SNU13",0.994
"IMP4","WDR12",0.99
"IMP4","RPS14",0.976
"IMP4","MAK16",0.845
"IMP4","NGDN",0.998
"IMP4","EXOSC7",0.795
"IMP4","DDX18",0.982
"IMP4","RPS16",0.982
"IMP4","DDX47",0.758
"IMP4","DHX15",0.773
"IMP4","EXOSC4",0.798
"IMP4","RPS19",0.975
"IMP4","UTP14A",0.995
"IMP4","MRTO4",0.927
"IMP4","NOC4L",0.999
"IMP4","IMP3",0.999
"IMP4","RRS1",0.885
"IMP4","RPS27L",0.858
"IMP4","MRPS12",0.922
"IMP4","RPS6",0.987
"IMP4","HEATR1",0.996
"IMP4","RRP15",0.845
"IMP4","POLR1E",0.851
"IMP4","TMA16",0.817
"IMP4","RPS4X",0.924
"IMP4","UTP6",0.999
"IMP4","PNO1",0.974
"IMP4","GNL2",0.895
"IMP4","EBNA1BP2",0.917
"IMP4","EXOSC8",0.789
"UGGT1","HSPA5",0.747
"UGGT1","PDIA3",0.727
"UGGT1","HSP90B1",0.958
"UGGT1","CALR",0.851
"GYPC","GYPB",0.962
"GYPC","TLR2",0.802
"ECPAS","RAD23B",0.738
"ECPAS","PSMC5",0.911
"ECPAS","PSMC2",0.921
"ECPAS","PSMA6",0.702
"RALGPS1","GRB2",0.725
"TMOD1","CAPZA2",0.84
"TMOD1","ANK2",0.717
"TMOD1","XPA",0.711
"TMOD1","CAPZA1",0.814
"ORM1","SPTLC1",0.943
"ORM1","HPX",0.778
"ORM1","AMBP",0.922
"ORM1","SERPINA3",0.918
"ORM1","CLU",0.854
"ORM1","FGB",0.818
"ORM1","ALB",0.998
"ORM1","LCN1",0.734
"ORM1","AHSG",0.926
"ORM1","APOA2",0.772
"ORM1","AZGP1",0.787
"ORM1","CP",0.923
"ORM1","TF",0.731
"STX17","BECN1",0.705
"STX17","NAPA",0.928
"STX17","ATG5",0.92
"STX17","GABARAP",0.967
"STX17","PIK3C3",0.785
"STX17","VAMP2",0.943
"STX17","PIK3R4",0.737
"STX17","STX5",0.875
"STX17","STX8",0.896
"GABBR2","GNG3",0.72
"GABBR2","KCNJ3",0.959
"GABBR2","GNB1",0.927
"GABBR2","GNB5",0.814
"GABBR2","SST",0.745
"PSMB7","HTT",0.751
"PSMB7","PSMC5",0.997
"PSMB7","UBA52",0.934
"PSMB7","PSMG2",0.956
"PSMB7","UBXN7",0.732
"PSMB7","PSMC2",0.999
"PSMB7","EIF3I",0.999
"PSMB7","PSMA6",0.999
"PDCL","GNB1",0.999
"PDCL","CCT8",0.741
"PDCL","CCT2",0.816
"PDCL","CCT4",0.753
"PDCL","CCT3",0.855
"PDCL","GNB5",0.998
"PDCL","CCT5",0.876
"PDCL","PSMC5",0.882
"PDCL","CCT6A",0.732
"CTSV","BID",0.905
"CTSV","CSTA",0.96
"ENPP2","LPAR6",0.74
"DERL1","HSP90B1",0.717
"DERL1","HSPA5",0.982
"DERL1","UFD1",0.995
"DERL1","VCP",0.999
"DERL1","RAD23B",0.836
"CCN3","VWF",0.7
"CCN3","IGFBP7",0.715
"RANBP6","TNPO1",0.765
"RNF38","UBA52",0.932
"RNF38","UBE2D2",0.996
"CCL21","CCR5",0.981
"CCL21","CCR2",0.944
"CCL21","CXCL8",0.879
"CCL21","CXCR1",0.943
"CCL21","CXCR3",0.997
"CCL21","CXCL13",0.991
"CCL21","CD8A",0.862
"CCL21","CCL5",0.999
"CCL21","CCR1",0.945
"CCL21","CXCL11",0.999
"CCL21","CXCR5",0.997
"CCL21","PPBP",0.998
"CCL21","CCRL2",0.891
"CCL21","SRC",0.757
"CCL21","CCL27",0.946
"CCL21","CXCL10",0.999
"CCL21","CXCL9",0.999
"SIT1","ZAP70",0.712
"SIT1","TRAT1",0.717
"CCL27","CXCR1",0.901
"CCL27","CCR5",0.883
"CCL27","CXCL8",0.851
"CCL27","CCR2",0.966
"CCL27","CCL11",0.997
"CCL27","CCL8",0.723
"CCL27","CCL5",0.999
"CCL27","CCR1",0.888
"CCL27","IL18",0.706
"CCL27","IL1A",0.753
"CCL27","CXCL13",0.913
"CCL27","CXCR3",0.872
"CCL27","CCRL2",0.804
"CCL27","IL3",0.829
"CCL27","CXCR5",0.92
"CCL27","CXCL11",0.836
"CCL27","CXCL9",0.886
"CCL27","CXCL10",0.879
"DCTN3","CAPZA2",0.884
"DCTN3","DYNC1LI1",0.772
"DCTN3","HSP90AA1",0.8
"DCTN3","PLK1",0.822
"DCTN3","CAPZA1",0.952
"DCTN3","DCTN1",0.999
"CD72","CD19",0.78
"GMPR","IMPDH2",0.93
"GMPR","PDE3B",0.91
"GMPR","ENTPD5",0.911
"RIPK1","TBK1",0.979
"RIPK1","CFLAR",0.999
"RIPK1","IRF3",0.78
"RIPK1","TLR3",0.998
"RIPK1","TLR4",0.962
"RIPK1","IRF7",0.813
"RIPK1","FASLG",0.799
"RIPK1","RIGI",0.915
"RIPK1","BIRC3",0.999
"RIPK1","ZBP1",0.998
"RIPK1","MAP3K7",0.996
"RIPK1","PELI1",0.976
"RIPK1","FADD",0.999
"RIPK1","IFNB1",0.972
"RIPK1","SQSTM1",0.997
"RIPK1","MAP2K6",0.917
"RIPK1","HSP90AB1",0.972
"RIPK1","CASP10",0.996
"RIPK1","HSP90AA1",0.988
"RIPK1","CASP8",0.999
"RIPK1","TRAF3",0.815
"RIPK1","CASP3",0.908
"RIPK1","UBE2N",0.875
"RIPK1","XIAP",0.988
"RIPK1","TNFRSF10B",0.995
"RIPK1","CHUK",0.998
"RIPK1","NLRP3",0.888
"RIPK1","ATG5",0.897
"TUBB2B","NDC80",0.925
"TUBB2B","KIF2C",0.924
"TUBB2B","GJA1",0.941
"TUBB2B","TUBA1B",0.998
"TUBB2B","CCT3",0.71
"TUBB2B","KIF18A",0.939
"TUBB2B","CCT2",0.703
"C6orf15","POLR2G",0.89
"C6orf15","SSRP1",0.722
"C6orf15","POLR2D",0.89
"C6orf15","POLR2B",0.872
"C6orf15","POLR2L",0.817
"C6orf15","SUPT6H",0.802
"C6orf15","POLR2F",0.867
"MRPS18B","MRPS15",0.996
"MRPS18B","MRPS14",0.996
"MRPS18B","MRPL46",0.914
"MRPS18B","MRPL48",0.933
"MRPS18B","MRPL19",0.895
"MRPS18B","MRPL58",0.97
"MRPS18B","MRPL9",0.869
"MRPS18B","MRPS18C",0.996
"MRPS18B","MRPL24",0.934
"MRPS18B","MRPL16",0.927
"MRPS18B","MRPS17",0.996
"MRPS18B","MTIF2",0.925
"MRPS18B","MRPL40",0.923
"MRPS18B","MRPL15",0.86
"MRPS18B","DAP3",0.998
"MRPS18B","MRPL20",0.901
"MRPS18B","MRPL3",0.873
"MRPS18B","MRPL49",0.92
"MRPS18B","MRPS16",0.998
"MRPS18B","MRPS11",0.997
"MRPS18B","MRPL2",0.903
"MRPS18B","MRPL4",0.914
"MRPS18B","MRPL57",0.878
"MRPS18B","MRPL11",0.952
"MRPS18B","MRPS12",0.99
"MRPS18B","TUFM",0.917
"MRPS18B","MRPS28",0.99
"MRPS18B","MRPL17",0.891
"MRPS18B","MRPL39",0.868
"MRPS18B","MRPL12",0.973
"MRPS18B","MRPS31",0.994
"MRPS18B","MRPL33",0.88
"MRPS18B","MRPS18A",0.999
"IER3","MAPK3",0.813
"GTF2H4","MNAT1",0.999
"GTF2H4","ERCC8",0.712
"GTF2H4","TAF10",0.98
"GTF2H4","TAF12",0.946
"GTF2H4","MED16",0.817
"GTF2H4","MED7",0.931
"GTF2H4","XPC",0.844
"GTF2H4","GTF2B",0.998
"GTF2H4","H2AZ1",0.805
"GTF2H4","GTF2H1",0.999
"GTF2H4","POLR2G",0.984
"GTF2H4","TAF11",0.979
"GTF2H4","POLR2J",0.956
"GTF2H4","CCNT1",0.904
"GTF2H4","RAD23B",0.756
"GTF2H4","MED23",0.818
"GTF2H4","POLR2F",0.966
"GTF2H4","XPA",0.974
"GTF2H4","ERCC3",0.999
"GTF2H4","MED9",0.812
"GTF2H4","MED8",0.841
"GTF2H4","TAF7",0.98
"GTF2H4","GTF2E1",0.999
"GTF2H4","MED25",0.828
"GTF2H4","MED1",0.81
"GTF2H4","GTF2F2",0.976
"GTF2H4","CETN2",0.806
"GTF2H4","POLR2D",0.971
"GTF2H4","MED15",0.813
"GTF2H4","BRCA1",0.791
"GTF2H4","MED14",0.931
"GTF2H4","H4C2",0.84
"GTF2H4","MED21",0.962
"GTF2H4","TCEA2",0.703
"GTF2H4","GTF2E2",0.999
"GTF2H4","POLR2L",0.961
"GTF2H4","POLR2B",0.976
"HLA-F","PDIA3",0.921
"HLA-F","IRF9",0.709
"HLA-F","CD8A",0.948
"HLA-F","CALR",0.949
"HLA-F","STAT1",0.746
"TLR2","SYK",0.701
"TLR2","SCARB2",0.996
"TLR2","CCR2",0.764
"TLR2","CLEC4E",0.835
"TLR2","NLRP3",0.849
"TLR2","IL1B",0.969
"TLR2","IRAK1",0.962
"TLR2","IL13",0.702
"TLR2","ICAM1",0.714
"TLR2","IL18",0.847
"TLR2","IL1A",0.87
"TLR2","TOLLIP",0.997
"TLR2","HSP90AA1",0.982
"TLR2","FN1",0.917
"TLR2","S100A1",0.755
"TLR2","SOCS3",0.732
"TLR2","CXCL10",0.902
"TLR2","HSP90AB1",0.982
"TLR2","HSPA4",0.992
"TLR2","IL6",0.942
"TLR2","FCER1G",0.715
"TLR2","CXCL9",0.739
"TLR2","HSPA2",0.909
"TLR2","HSPA9",0.914
"TLR2","CXCL8",0.883
"TLR2","IL10",0.956
"TLR2","EGFR",0.933
"TLR2","FSTL1",0.963
"TLR2","IFNB1",0.91
"TLR2","SCARB1",0.996
"TLR2","ALB",0.733
"TLR2","CD8A",0.748
"TLR2","CCL5",0.739
"TLR2","CD80",0.749
"TLR2","HSPA6",0.926
"TLR2","RIGI",0.743
"TLR2","TLR8",0.893
"TLR2","CD40",0.911
"TLR2","HSP90B1",0.977
"TLR2","NOD2",0.983
"TLR2","LY96",0.997
"TLR2","IRF7",0.784
"TLR2","TLR4",0.999
"TLR2","TLR3",0.854
"TLR2","IRF3",0.876
"TLR2","IFNA1",0.792
"MRPL15","MRPL33",0.994
"MRPL15","MRPS18A",0.963
"MRPL15","MRPL39",0.984
"MRPL15","MRPS31",0.866
"MRPL15","MRPL12",0.988
"MRPL15","MRPS28",0.919
"MRPL15","MRPL17",0.996
"MRPL15","MRPS12",0.993
"MRPL15","TUFM",0.972
"MRPL15","MRPL11",0.978
"MRPL15","MRPL4",0.999
"MRPL15","MRPL2",0.996
"MRPL15","MRPS11",0.932
"MRPL15","MRPL57",0.955
"MRPL15","RPL13",0.717
"MRPL15","RPL15",0.828
"MRPL15","MRPL49",0.997
"MRPL15","RPS19",0.717
"MRPL15","RPL23",0.75
"MRPL15","MRPS16",0.995
"MRPL15","MRPL3",0.997
"MRPL15","RPL5",0.748
"MRPL15","DAP3",0.995
"MRPL15","MRPL20",0.969
"MRPL15","MRM3",0.876
"MRPL15","MTIF2",0.959
"MRPL15","MRPS17",0.915
"MRPL15","MRPL40",0.941
"MRPL15","MRPL24",0.944
"MRPL15","RPS3",0.746
"MRPL15","MRPL16",0.979
"MRPL15","MRPS18C",0.89
"MRPL15","RPS11",0.721
"MRPL15","MRPL58",0.974
"MRPL15","MRPL19",0.983
"MRPL15","MRPL9",0.991
"MRPL15","TSFM",0.774
"MRPL15","MRPS14",0.993
"MRPL15","MRPS15",0.995
"MRPL15","MRPL48",0.862
"MRPL15","MRPL46",0.997
"GGH","FPGS",0.976
"SULF1","COL3A1",0.748
"TGS1","SNRPF",0.988
"TGS1","EP300",0.794
"TGS1","MED1",0.773
"USP2","UBA52",0.96
"SORL1","PICALM",0.838
"SORL1","VPS35",0.877
"SORL1","ABCA7",0.841
"SORL1","CD2AP",0.747
"SORL1","PSEN1",0.784
"SORL1","BACE1",0.737
"SORL1","APP",0.999
"SORL1","CLU",0.862
"SORL1","BIN1",0.798
"MMP7","FN1",0.778
"MMP7","CNOT7",0.835
"MMP7","CDH2",0.72
"MMP7","HSPA4",0.713
"MMP7","SPP1",0.941
"MMP7","TP53",0.774
"MMP7","CDH1",0.819
"MMP7","MMP1",0.878
"MMP7","IL1B",0.742
"MMP7","TIMP4",0.718
"MMP7","FASLG",0.769
"MMP7","HPX",0.716
"MMP7","PLAU",0.746
"MMP7","MMP3",0.787
"MMP20","HPX",0.761
"FDX1","CYCS",0.981
"FDX1","SDHA",0.872
"FDX1","NDUFS6",0.704
"FDX1","CYB5A",0.7
"FDX1","NDUFV2",0.789
"FDX1","PPIG",0.794
"FDX1","CYP11A1",0.999
"FDX1","NDUFS2",0.9
"FDX1","ISCA1",0.802
"FDX1","UQCRFS1",0.748
"FDX1","NDUFS3",0.88
"MMP13","IL1B",0.823
"MMP13","FN1",0.744
"MMP13","IL6",0.757
"MMP13","CXCL8",0.732
"MMP13","MMP14",0.828
"THBS1","FGB",0.801
"THBS1","ID1",0.957
"THBS1","FN1",0.999
"THBS1","ITGA2B",0.94
"THBS1","PTK2",0.764
"THBS1","IL6",0.772
"THBS1","EP300",0.706
"THBS1","TP53",0.72
"THBS1","SPP1",0.731
"THBS1","CALR",0.988
"THBS1","ITGA5",0.812
"THBS1","SCARB2",0.997
"THBS1","ITGA3",0.965
"THBS1","ITGA9",0.85
"THBS1","ITGB5",0.859
"THBS1","SERPINF2",0.858
"THBS1","FGF2",0.841
"THBS1","ITGB7",0.734
"THBS1","COL6A1",0.778
"THBS1","EGFR",0.708
"THBS1","PLAU",0.738
"THBS1","ITGAV",0.981
"THBS1","CXCL8",0.713
"THBS1","ITGA2",0.87
"THBS1","COL6A2",0.784
"THBS1","ITGB6",0.775
"THBS1","VWF",0.771
"THBS1","SCARB1",0.994
"NDUFAF1","TMEM126B",0.999
"NDUFAF1","NDUFV2",0.985
"NDUFAF1","NDUFB3",0.984
"NDUFAF1","NDUFC2",0.975
"NDUFAF1","NDUFA13",0.999
"NDUFAF1","NDUFB2",0.977
"NDUFAF1","NDUFB8",0.983
"NDUFAF1","NDUFB11",0.999
"NDUFAF1","NDUFS6",0.987
"NDUFAF1","NDUFA9",0.976
"NDUFAF1","NDUFA7",0.978
"NDUFAF1","NDUFS4",0.985
"NDUFAF1","NDUFA1",0.984
"NDUFAF1","NDUFA3",0.978
"NDUFAF1","NDUFS3",0.999
"NDUFAF1","NDUFS2",0.989
"NDUFAF1","NDUFA8",0.995
"NDUFAF1","NDUFAF4",0.988
"NDUFAF1","NDUFB6",0.987
"KIF23","CIT",0.902
"KIF23","SMC4",0.801
"KIF23","KIFC1",0.913
"KIF23","RASA1",0.82
"KIF23","ARF6",0.982
"KIF23","RACGAP1",0.999
"KIF23","MCM10",0.711
"KIF23","MCM4",0.778
"KIF23","CENPE",0.969
"KIF23","SHCBP1",0.965
"KIF23","CDCA8",0.954
"KIF23","KNTC1",0.798
"KIF23","MAD2L1",0.821
"KIF23","KIF18A",0.921
"KIF23","KIF2C",0.917
"KIF23","KIF20B",0.861
"KIF23","MCM7",0.701
"KIF23","YWHAZ",0.783
"KIF23","NDC80",0.866
"KIF23","BRCA1",0.713
"KIF23","SMC2",0.735
"KIF23","MCM6",0.786
"KIF23","MKI67",0.88
"KIF23","MCM2",0.733
"KIF23","CDCA3",0.886
"KIF23","PLK1",0.988
"KIF23","NEK2",0.793
"KIF23","BUB1B",0.926
"TUBGCP4","BRCA1",0.908
"RMDN3","VAPA",0.807
"RMDN3","HSPA9",0.702
"ITPKA","CALM3",0.944
"ITPKA","PLCB2",0.793
"ITPKA","PLCB1",0.74
"PLCB2","GNB5",0.875
"PLCB2","PIK3CD",0.743
"PLCB2","PIKFYVE",0.9
"PLCB2","CALML4",0.707
"PLCB2","GNAQ",0.994
"PLCB2","GNG3",0.744
"PLCB2","PIP4K2C",0.71
"PLCB2","CALM3",0.716
"PLCB2","PIP5K1B",0.74
"PLCB2","CALML5",0.704
"PLCB2","GNB1",0.921
"PLCB2","PTEN",0.911
"PLCB2","PLCB1",0.801
"PLCB2","PIP5K1A",0.715
"PLCB2","PIP4K2A",0.738
"PLCB2","ITPR1",0.946
"ADAM10","BAX",0.736
"ADAM10","CD34",0.756
"ADAM10","APP",0.95
"ADAM10","BAK1",0.72
"ADAM10","NCSTN",0.865
"ADAM10","PSEN1",0.905
"ADAM10","EGF",0.746
"ADAM10","CDH1",0.881
"ADAM10","BACE1",0.922
"ADAM10","CD9",0.881
"ADAM10","CD81",0.882
"RSL24D1","DDX18",0.988
"RSL24D1","RPL10",0.865
"RSL24D1","RPS16",0.828
"RSL24D1","RPL5",0.997
"RSL24D1","MAK16",0.997
"RSL24D1","NGDN",0.843
"RSL24D1","MRPL3",0.866
"RSL24D1","DHX15",0.878
"RSL24D1","RPL23",0.994
"RSL24D1","RPS19",0.748
"RSL24D1","RPL15",0.994
"RSL24D1","DDX47",0.781
"RSL24D1","RPL13",0.991
"RSL24D1","MRTO4",0.999
"RSL24D1","MRPL2",0.791
"RSL24D1","MRPL4",0.836
"RSL24D1","RRS1",0.976
"RSL24D1","IMP3",0.927
"RSL24D1","RPL37A",0.992
"RSL24D1","RPL24",0.964
"RSL24D1","RPS2",0.706
"RSL24D1","UBA52",0.87
"RSL24D1","RPS6",0.713
"RSL24D1","MED1",0.86
"RSL24D1","HEATR1",0.742
"RSL24D1","EIF6",0.995
"RSL24D1","RPL8",0.994
"RSL24D1","TMA16",0.947
"RSL24D1","RPL4",0.994
"RSL24D1","PNO1",0.803
"RSL24D1","UTP6",0.7
"RSL24D1","RRP15",0.957
"RSL24D1","PA2G4",0.986
"RSL24D1","RPL30",0.993
"RSL24D1","EBNA1BP2",0.993
"RSL24D1","GNL2",0.999
"RSL24D1","RPL14",0.989
"RSL24D1","RPL39L",0.876
"RSL24D1","ZNF593",0.998
"RSL24D1","METAP2",0.7
"RSL24D1","RPL36AL",0.964
"RSL24D1","FCF1",0.728
"RSL24D1","RRP1B",0.953
"RSL24D1","RPL3",0.989
"RSL24D1","DOCK4",0.901
"RSL24D1","ABCE1",0.783
"RSL24D1","GNL3L",0.967
"RSL24D1","NHP2",0.933
"RSL24D1","RPF1",0.991
"RSL24D1","NOL10",0.839
"RSL24D1","RPL37",0.978
"RSL24D1","GNL3",0.97
"RSL24D1","RPS11",0.706
"RSL24D1","EXOSC10",0.733
"RSL24D1","NOC2L",0.99
"RSL24D1","TSR1",0.811
"RSL24D1","RPS3",0.803
"RSL24D1","RPL3L",0.917
"RSL24D1","MRPL24",0.881
"RSL24D1","UTP11",0.855
"RSL24D1","RPL27",0.988
"RSL24D1","RPL22",0.978
"RSL24D1","PDCD11",0.826
"RSL24D1","POLR1D",0.842
"RSL24D1","DNTTIP2",0.849
"RSL24D1","RPS9",0.88
"RSL24D1","RPL10L",0.898
"RSL24D1","RPL13A",0.98
"RSL24D1","BRIX1",0.995
"RSL24D1","RPL38",0.988
"RSL24D1","SNU13",0.836
"RSL24D1","RPS14",0.735
"RSL24D1","WDR12",0.998
"RSL24D1","RPL12",0.877
"RSL24D1","GTPBP4",0.999
"RSL24D1","NOC3L",0.966
"RSL24D1","IFI35",0.855
"RSL24D1","FTSJ3",0.995
"GCHFR","GCH1",0.998
"MNS1","SPACA9",0.8
"KYAT3","CBS",0.931
"RTCA","NOL6",0.857
"RTCA","NOL10",0.843
"RTCA","FCF1",0.871
"RTCA","WDR3",0.904
"RTCA","RPS23",0.75
"RTCA","RRP7A",0.865
"RTCA","TSR1",0.733
"RTCA","UTP20",0.877
"RTCA","UTP11",0.813
"RTCA","PDCD11",0.876
"RTCA","DNTTIP2",0.83
"RTCA","NOC4L",0.912
"RTCA","MRTO4",0.73
"RTCA","UTP14A",0.728
"RTCA","IMP3",0.814
"RTCA","NGDN",0.914
"RTCA","RPS19",0.7
"RTCA","UTP6",0.93
"RTCA","HEATR1",0.869
"KHK","HK3",0.917
"KHK","TKFC",0.744
"PREB","SAR1B",0.997
"PREB","STX5",0.832
"PREB","TMED10",0.738
"PREB","SEC13",0.977
"SLC3A1","PPM1B",0.968
"SIX3","CDT1",0.756
"LRPPRC","COX7A2L",0.728
"LRPPRC","SLIRP",0.999
"CYP2C9","PPIG",0.956
"CYP2C9","CYP1A1",0.964
"CYP2C9","CYP2A6",0.946
"KIF11","CDT1",0.795
"KIF11","CDCA3",0.922
"KIF11","ZWILCH",0.857
"KIF11","DCTN1",0.926
"KIF11","MCM6",0.846
"KIF11","MCM2",0.848
"KIF11","MKI67",0.931
"KIF11","FANCI",0.856
"KIF11","BUB1B",0.994
"KIF11","PLK1",0.919
"KIF11","WDHD1",0.853
"KIF11","NEK2",0.959
"KIF11","MCM7",0.745
"KIF11","KIF20B",0.895
"KIF11","PTTG1",0.859
"KIF11","NDC80",0.972
"KIF11","CHEK1",0.801
"KIF11","ARHGAP11A",0.821
"KIF11","KIF2C",0.968
"KIF11","CKAP2",0.836
"KIF11","EXO1",0.772
"KIF11","SMC2",0.967
"KIF11","RRM1",0.788
"KIF11","KNTC1",0.915
"KIF11","SHCBP1",0.863
"KIF11","CENPE",0.988
"KIF11","TACC3",0.851
"KIF11","CDCA8",0.964
"KIF11","KIF18A",0.97
"KIF11","MAD2L1",0.973
"KIF11","SMC4",0.927
"KIF11","TUBA1B",0.974
"KIF11","TK1",0.761
"KIF11","MCM10",0.898
"KIF11","MCM4",0.874
"KIF11","RACGAP1",0.978
"KIF11","KIFC1",0.963
"KIF11","CDK2",0.78
"ARL3","RASA1",0.879
"DBR1","DHX38",0.905
"TOPBP1","E2F1",0.991
"TOPBP1","WRN",0.902
"TOPBP1","POLE",0.827
"TOPBP1","MCM4",0.792
"TOPBP1","MCM10",0.979
"TOPBP1","NBN",0.922
"TOPBP1","DBF4",0.899
"TOPBP1","RFC4",0.86
"TOPBP1","XPC",0.762
"TOPBP1","CDT1",0.792
"TOPBP1","BARD1",0.998
"TOPBP1","MCM6",0.722
"TOPBP1","TP53",0.949
"TOPBP1","BRCA2",0.845
"TOPBP1","FANCI",0.752
"TOPBP1","PLK1",0.814
"TOPBP1","WDHD1",0.816
"TOPBP1","MUS81",0.735
"TOPBP1","CHEK1",0.989
"TOPBP1","ATM",0.954
"TOPBP1","RFC3",0.785
"TOPBP1","EXO1",0.89
"TOPBP1","BRCA1",0.999
"DNAJC13","VPS35",0.937
"BARD1","CBX8",0.909
"BARD1","RAD54L",0.704
"BARD1","NBN",0.998
"BARD1","CBX3",0.738
"BARD1","CDK2",0.76
"BARD1","WRN",0.825
"BARD1","H2AC17",0.912
"BARD1","POLE",0.787
"BARD1","PALB2",0.987
"BARD1","BUB1B",0.838
"BARD1","BRCA2",0.999
"BARD1","CBX2",0.904
"BARD1","XRCC5",0.822
"BARD1","ANAPC2",0.916
"BARD1","TP53",0.982
"BARD1","ANAPC5",0.915
"BARD1","H2AC13",0.953
"BARD1","EXO1",0.858
"BARD1","H2AX",0.867
"BARD1","BRCA1",0.999
"BARD1","UBA52",0.953
"BARD1","BABAM2",0.999
"BARD1","H4C2",0.91
"BARD1","MUS81",0.711
"BARD1","CDC16",0.92
"BARD1","CHEK1",0.895
"BARD1","H2AC8",0.981
"BARD1","ATM",0.946
"BARD1","UBE2N",0.803
"BARD1","PARP1",0.826
"MSTN","TGFBR2",0.847
"MSTN","FOXO3",0.732
"MSTN","SMAD2",0.915
"MSTN","SMAD3",0.863
"MSTN","SMAD4",0.785
"MSTN","LTBP3",0.86
"ASNSD1","AGXT",0.728
"ASNSD1","FH",0.711
"ASNSD1","OAT",0.777
"METTL5","RBM15",0.784
"METTL5","METTL3",0.824
"PPIG","SNRPD1",0.846
"PPIG","MAGOHB",0.808
"PPIG","HSP90AA1",0.827
"PPIG","SRRM2",0.853
"PPIG","HSP90AB1",0.816
"PPIG","SNIP1",0.88
"PPIG","SNRPF",0.877
"PPIG","CYP2A6",0.949
"PPIG","UPF3B",0.857
"PPIG","CYP1A1",0.934
"PPIG","CYB5A",0.885
"PPIG","DHX38",0.963
"PPIG","PPWD1",0.912
"PPIG","CDC5L",0.907
"PPIG","SRRM1",0.896
"CRYGB","CRYAA",0.811
"WDR12","RPL22",0.889
"WDR12","POLR1B",0.86
"WDR12","RPL27",0.961
"WDR12","PDCD11",0.91
"WDR12","RPL3L",0.917
"WDR12","UTP11",0.751
"WDR12","TSR1",0.948
"WDR12","UTP20",0.848
"WDR12","GTPBP4",0.997
"WDR12","NOC3L",0.992
"WDR12","RCL1",0.945
"WDR12","IFI35",0.779
"WDR12","FTSJ3",0.996
"WDR12","SNU13",0.842
"WDR12","BRIX1",0.998
"WDR12","RPL38",0.94
"WDR12","RPL10L",0.719
"WDR12","RPL13A",0.887
"WDR12","RPS9",0.751
"WDR12","WDR3",0.954
"WDR12","RRP1B",0.979
"WDR12","RPL36AL",0.735
"WDR12","RPL14",0.939
"WDR12","TRMT11",0.723
"WDR12","RPL39L",0.717
"WDR12","NOC2L",0.997
"WDR12","GNL3",0.988
"WDR12","GNL3L",0.959
"WDR12","RPF1",0.992
"WDR12","NHP2",0.868
"WDR12","RPL37",0.933
"WDR12","NOL10",0.717
"WDR12","RPL3",0.95
"WDR12","NOL6",0.784
"WDR12","DOCK4",0.818
"WDR12","RPL8",0.763
"WDR12","EIF6",0.989
"WDR12","MED1",0.772
"WDR12","HEATR1",0.908
"WDR12","RPL37A",0.714
"WDR12","EBNA1BP2",0.998
"WDR12","GNL2",0.969
"WDR12","RPL30",0.93
"WDR12","PA2G4",0.905
"WDR12","RRP15",0.907
"WDR12","PNO1",0.796
"WDR12","RPL4",0.947
"WDR12","UTP6",0.881
"WDR12","RPL15",0.93
"WDR12","DDX47",0.94
"WDR12","DHX15",0.74
"WDR12","RPL23",0.937
"WDR12","MAK16",0.998
"WDR12","NGDN",0.71
"WDR12","MRPL3",0.777
"WDR12","DDX18",0.997
"WDR12","RPL5",0.879
"WDR12","RRS1",0.974
"WDR12","IMP3",0.986
"WDR12","MRTO4",0.997
"WDR12","UTP14A",0.765
"WDR12","RPL13",0.942
"WDR12","NOC4L",0.925
"ITGAV","THBS2",0.936
"ITGAV","COL6A3",0.743
"ITGAV","POSTN",0.772
"ITGAV","ITGB7",0.951
"ITGAV","COL6A1",0.885
"ITGAV","ITGA2",0.967
"ITGAV","CRK",0.723
"ITGAV","COL6A2",0.758
"ITGAV","ITGB6",0.999
"ITGAV","VWF",0.986
"ITGAV","SCARB1",0.793
"ITGAV","COL4A2",0.841
"ITGAV","FN1",0.999
"ITGAV","ITGA2B",0.948
"ITGAV","PTK2",0.984
"ITGAV","SRC",0.946
"ITGAV","SPP1",0.999
"ITGAV","ITGA5",0.946
"ITGAV","SCARB2",0.807
"ITGAV","CD9",0.718
"ITGAV","ITGA3",0.968
"ITGAV","PXN",0.858
"ITGAV","ITGB5",0.999
"WBP11","SNIP1",0.835
"WBP11","SNRPF",0.841
"WBP11","LSM3",0.905
"WBP11","PPP1CA",0.858
"WBP11","SF3B3",0.805
"WBP11","SRRM2",0.836
"WBP11","SF3B2",0.868
"WBP11","TCERG1",0.971
"WBP11","CDC5L",0.974
"WBP11","SRRM1",0.977
"WBP11","PRPF6",0.811
"WBP11","RBM5",0.794
"WBP11","DHX9",0.819
"WBP11","MFAP1",0.972
"WBP11","LSM6",0.879
"WBP11","NCBP2",0.841
"WBP11","TXNL4A",0.893
"WBP11","SF3B1",0.835
"WBP11","PPP1CC",0.809
"WBP11","SF3B4",0.859
"WBP11","NCBP1",0.876
"WBP11","SNRPD1",0.805
"GUCY2C","PDE3B",0.741
"GUCY2C","NME1",0.702
"GUCY2C","PKLR",0.903
"GUCY2C","PKM",0.903
"GUCY2C","GCH1",0.806
"INTS13","INTS6",0.999
"INTS13","INTS3",0.999
"GYS2","PPP1CC",0.957
"GYS2","PRKACA",0.925
"GYS2","PRKACG",0.925
"GYS2","GSK3B",0.939
"GYS2","PPP1CA",0.974
"GYS2","AGL",0.888
"GYS2","UGP2",0.976
"ABCC9","SCN5A",0.761
"SYT1","VAMP2",0.999
"SYT1","SNAP91",0.83
"SYT1","OTOF",0.827
"SYT1","PSEN1",0.846
"SYT1","CACNA1D",0.767
"SYT1","NAPA",0.759
"HAL","ARG2",0.801
"HAL","ARG1",0.889
"CDK17","TDRD7",0.953
"IRAK3","TLR8",0.74
"IRAK3","TLR4",0.822
"IRAK3","TOLLIP",0.822
"IRAK3","IL1B",0.74
"IRAK3","IL1A",0.756
"IRAK3","IRAK1",0.997
"RXYLT1","PLAU",0.719
"RXYLT1","DPM1",0.745
"MNAT1","GTF2B",0.981
"MNAT1","H2AZ1",0.818
"MNAT1","TAF11",0.908
"MNAT1","POLR2G",0.993
"MNAT1","GTF2H1",0.999
"MNAT1","MED16",0.842
"MNAT1","MED7",0.946
"MNAT1","XPC",0.713
"MNAT1","TAF10",0.915
"MNAT1","TAF12",0.912
"MNAT1","ERCC8",0.748
"MNAT1","MED21",0.955
"MNAT1","H4C2",0.837
"MNAT1","POLR2L",0.962
"MNAT1","POLR2B",0.964
"MNAT1","GTF2E2",0.997
"MNAT1","GTF2F2",0.98
"MNAT1","CETN2",0.73
"MNAT1","MED1",0.808
"MNAT1","BRCA1",0.751
"MNAT1","MED14",0.955
"MNAT1","POLR2D",0.994
"MNAT1","MED15",0.842
"MNAT1","ERCC3",0.999
"MNAT1","XPA",0.741
"MNAT1","TAF7",0.904
"MNAT1","GTF2E1",0.997
"MNAT1","MED25",0.818
"MNAT1","MED8",0.848
"MNAT1","MED9",0.827
"MNAT1","CCNT1",0.934
"MNAT1","POLR2J",0.957
"MNAT1","PCNA",0.907
"MNAT1","POLR2F",0.967
"MNAT1","GNB5",0.9
"MNAT1","RAD23B",0.722
"MNAT1","MED23",0.838
"TRMT5","TRMT11",0.747
"CCND2","CDK6",0.999
"CCND2","CDKN1A",0.999
"CCND2","JAK2",0.711
"CCND2","GSK3B",0.938
"CCND2","CDC25A",0.955
"CCND2","PCNA",0.971
"CCND2","SKP2",0.868
"CCND2","RB1",0.988
"CCND2","PTEN",0.706
"CCND2","CDK2",0.995
"CCND2","RBL2",0.99
"CCND2","E2F1",0.791
"CCND2","CDK5",0.951
"LYZ","LCN1",0.718
"LYZ","CHIT1",0.799
"LIPG","PLPP2",0.724
"LIPG","MGLL",0.926
"GALC","PLPP2",0.913
"PPWD1","CDC5L",0.897
"PPWD1","SRRM1",0.835
"PPWD1","DHX38",0.964
"PPWD1","SNRPF",0.852
"PPWD1","UPF3B",0.856
"PPWD1","SRRM2",0.827
"PPWD1","MAGOHB",0.833
"PPWD1","SNRPD1",0.811
"PEBP1","MRPL46",0.819
"PEBP1","PRDX1",0.729
"PEBP1","MRPS14",0.782
"PEBP1","MRPS15",0.799
"PEBP1","MRPL19",0.835
"PEBP1","MRPL16",0.808
"PEBP1","MAP2K1",0.805
"PEBP1","MRPL40",0.851
"PEBP1","RPL13A",0.784
"PEBP1","DAP3",0.83
"PEBP1","RPS16",0.818
"PEBP1","MRPS16",0.795
"PEBP1","MRPL49",0.787
"PEBP1","MRPS11",0.777
"PEBP1","MRPS12",0.78
"PEBP1","MRPL17",0.786
"PEBP1","MRPL33",0.772
"MOCOS","PNP",0.714
"MOCOS","CYCS",0.795
"LRP6","FZD7",0.989
"LRP6","BAMBI",0.963
"LRP6","GSK3B",0.994
"LRP6","AXIN1",0.999
"LRP6","CAV1",0.971
"LRP6","WNT4",0.912
"LMNB1","CDK5",0.793
"LMNB1","NPM1",0.801
"LMNB1","SYNE2",0.963
"LMNB1","H3-4",0.744
"LMNB1","BRCA1",0.809
"SNX24","CSNK1E",0.73
"NUP133","RANBP2",0.997
"NUP133","NUP50",0.956
"NUP133","NUP93",0.998
"NUP133","NUP160",0.999
"NUP133","SEC13",0.999
"NUP133","NUP43",0.999
"NUP133","NUP98",0.999
"NUP133","AHCTF1",0.999
"NUP133","NUP54",0.996
"NUP133","TPR",0.91
"NUP133","NDE1",0.79
"NUP133","SEH1L",0.999
"NUAK1","TP53",0.722
"NUAK1","STK11",0.93
"VWF","ALB",0.871
"VWF","ITGB6",0.705
"VWF","CD34",0.849
"VWF","ITGA2",0.853
"VWF","CXCL8",0.962
"VWF","ITGB7",0.719
"VWF","F2",0.966
"VWF","PPBP",0.773
"VWF","ITGB5",0.739
"VWF","ITGA9",0.743
"VWF","ICAM1",0.769
"VWF","ITGA3",0.728
"VWF","SYK",0.712
"VWF","ITGA5",0.755
"VWF","CALR",0.71
"VWF","NOS3",0.811
"VWF","GP6",0.997
"VWF","SPP1",0.807
"VWF","EGF",0.711
"VWF","IL6",0.716
"VWF","PTK2",0.738
"VWF","ITGA2B",0.999
"VWF","FN1",0.998
"VWF","IGFBP7",0.746
"VWF","FGB",0.878
"LPCAT3","LPCAT4",0.963
"LPCAT3","PLAAT3",0.914
"LPCAT3","PLD2",0.906
"LPCAT3","LYPLA1",0.935
"LPCAT3","ACSL4",0.823
"LPCAT3","LPCAT1",0.972
"HEXB","CHIT1",0.93
"UBE2K","UBA7",0.867
"UBE2K","HTT",0.979
"UBE2K","TP53",0.753
"UBE2K","UBE2I",0.914
"UBE2K","BRCA1",0.908
"UBE2K","UBA52",0.993
"UBE2K","TRIP12",0.8
"UBE2K","UBE2N",0.839
"UBE2K","UBA3",0.704
"UBE2K","SUMO1",0.887
"UBE2K","UBE2D2",0.9
"KLF3","CTBP1",0.99
"TBC1D1","RAB8A",0.955
"TBC1D1","CDC16",0.847
"TBC1D1","YWHAZ",0.715
"TBC1D1","RASA1",0.75
"CASQ2","SCN5A",0.708
"CASQ2","RYR2",0.998
"CASQ2","CALM3",0.743
"PPP2R5A","PPP2R1B",0.999
"PPP2R5A","ANK2",0.777
"PPP2R5A","RYR2",0.94
"PPP2R5A","KCNH1",0.781
"PPP2R5A","PPP2R2B",0.831
"PPP2R5A","PPP2R1A",0.999
"PPP2R5A","PPP2R5E",0.915
"PPP2R5A","BUB1B",0.98
"PPP2R5A","AXIN1",0.852
"PPP2R5A","ARRB1",0.807
"PPP2R5A","PPP4C",0.793
"PPP2R5A","PPP2R2A",0.993
"TRAF5","CD27",0.726
"TRAF5","MAP2K6",0.917
"TRAF5","TNFRSF8",0.969
"TRAF5","CHUK",0.959
"TRAF5","UBE2N",0.949
"TRAF5","XIAP",0.931
"TRAF5","TRAF3",0.998
"TRAF5","BIRC3",0.997
"TRAF5","CD40",0.993
"TRAF5","MAP3K5",0.826
"TRAF5","TBK1",0.997
"TRAF5","FADD",0.912
"TRAF5","MAP3K7",0.974
"PPP2R3C","PPP2R2A",0.78
"PPP2R3C","ARRB1",0.802
"PPP2R3C","RYR2",0.9
"PPP2R3C","PPP2R2B",0.756
"PPP2R3C","PPP2R1A",0.762
"PPP2R3C","ITIH4",0.972
"PSMA6","EIF3I",0.782
"PSMA6","CCT2",0.72
"PSMA6","CCT8",0.823
"PSMA6","CCT4",0.766
"PSMA6","CCT3",0.72
"PSMA6","VCP",0.774
"PSMA6","UBA52",0.95
"PSMA6","CCT5",0.737
"PSMA6","PSMC5",0.999
"PSMA6","UBXN7",0.78
"PSMA6","PSMC2",0.999
"PSMA6","PSMG2",0.964
"MAN2A1","COPB2",0.859
"MAN2A1","STX5",0.7
"USP22","TRRAP",0.998
"USP22","TAF7",0.91
"USP22","UBA52",0.859
"USP22","COPS5",0.706
"USP22","SUPT3H",0.995
"USP22","TAF12",0.991
"USP22","TAF10",0.997
"USP22","MAP3K7",0.737
"USP22","KDM1A",0.73
"MSMO1","FDPS",0.787
"MSMO1","DHCR7",0.925
"CLCN3","ATP5MC3",0.766
"ICE2","CCNT1",0.912
"ICE2","EAF2",0.943
"ICE2","CDC73",0.906
"ICE2","CTR9",0.906
"ICE2","ERCC6",0.9
"ICE2","TCEA2",0.912
"ICE2","NELFB",0.904
"ICE2","ELL",0.981
"ICE2","AFF4",0.934
"ICE2","PEX2",0.912
"RORA","ITPR1",0.914
"RORA","CSNK1E",0.873
"RORA","EP300",0.96
"GPATCH2L","DHX15",0.892
"GPATCH2L","DDX18",0.844
"GPATCH2L","IMP3",0.841
"GPATCH2L","UTP6",0.85
"GPATCH2L","NOL6",0.852
"GPATCH2L","ZNF451",0.725
"POMT2","DPM1",0.76
"AP5M1","AP1G1",0.765
"AP5M1","AP2A2",0.908
"AP5M1","AP3S2",0.937
"AP5M1","AP1B1",0.779
"AP5M1","AP1G2",0.771
"AP5M1","AP1S1",0.957
"IPO5","TNPO1",0.821
"IPO5","RPL12",0.766
"IPO5","IRF3",0.873
"IPO5","NUP98",0.727
"PALB2","PTEN",0.727
"PALB2","POLE",0.764
"PALB2","UQCRFS1",0.921
"PALB2","WRN",0.781
"PALB2","MRPL20",0.72
"PALB2","NDUFS3",0.969
"PALB2","MRM3",0.762
"PALB2","NDUFA3",0.923
"PALB2","NDUFA1",0.919
"PALB2","NBN",0.801
"PALB2","CYC1",0.906
"PALB2","NDUFS4",0.971
"PALB2","MRPL24",0.814
"PALB2","NDUFA7",0.948
"PALB2","STK11",0.843
"PALB2","NDUFB6",0.946
"PALB2","NDUFA8",0.945
"PALB2","MGLL",0.828
"PALB2","NDUFS2",0.94
"PALB2","UQCR10",0.839
"PALB2","ATM",0.945
"PALB2","NDUFC2",0.934
"PALB2","NDUFA13",0.978
"PALB2","CUL3",0.706
"PALB2","CHEK1",0.701
"PALB2","MUS81",0.724
"PALB2","PARP1",0.725
"PALB2","PRKDC",0.794
"PALB2","DCK",0.71
"PALB2","MORF4L1",0.998
"PALB2","NDUFB3",0.945
"PALB2","EXO1",0.848
"PALB2","H2AX",0.864
"PALB2","MRPL12",0.781
"PALB2","NDUFV2",0.946
"PALB2","COX5A",0.801
"PALB2","BRCA1",0.999
"PALB2","MRPL17",0.903
"PALB2","ERCC3",0.746
"PALB2","NDUFA9",0.874
"PALB2","KEAP1",0.996
"PALB2","MRPL11",0.76
"PALB2","TUFM",0.726
"PALB2","XRCC5",0.769
"PALB2","XPA",0.7
"PALB2","NDUFB8",0.965
"PALB2","TP53",0.738
"PALB2","NDUFB11",0.967
"PALB2","NDUFS6",0.967
"PALB2","FANCI",0.988
"PALB2","BRCA2",0.999
"PALB2","RPL23",0.84
"PALB2","ATP5F1C",0.739
"PALB2","MRPL3",0.846
"RNF138","CS",0.824
"LPIN2","PLPP2",0.975
"LPIN2","PLD2",0.727
"LPIN2","GNPAT",0.82
"LPIN2","MTOR",0.915
"NDC80","SMC4",0.867
"NDC80","RACGAP1",0.701
"NDC80","SPDL1",0.878
"NDC80","RFC4",0.787
"NDC80","CENPS",0.721
"NDC80","KNTC1",0.78
"NDC80","CENPE",0.979
"NDC80","TACC3",0.754
"NDC80","CDCA8",0.907
"NDC80","KIF18A",0.853
"NDC80","BUB3",0.899
"NDC80","MAD2L1",0.968
"NDC80","PTTG1",0.833
"NDC80","KIF2C",0.934
"NDC80","CKAP2",0.743
"NDC80","EXO1",0.72
"NDC80","CENPU",0.897
"NDC80","SMC2",0.899
"NDC80","CDT1",0.827
"NDC80","ZWILCH",0.846
"NDC80","CDCA3",0.822
"NDC80","MKI67",0.796
"NDC80","BUB1B",0.992
"NDC80","PLK1",0.951
"NDC80","NEK2",0.985
"THOC1","NCBP2",0.754
"THOC1","MAGOHB",0.7
"THOC1","NCBP1",0.842
"THOC1","PCF11",0.716
"USP14","USP7",0.863
"USP14","RAD23B",0.762
"USP14","VCP",0.744
"USP14","PSMC5",0.999
"USP14","AR",0.905
"USP14","COPS5",0.917
"USP14","UBA52",0.985
"USP14","PSMC2",0.999
"USP14","UBE2N",0.77
"HERC2","TP53",0.816
"HERC2","UBE2N",0.802
"HERC2","BRCA1",0.849
"HERC2","DOCK10",0.901
"HERC2","HLTF",0.822
"SLC7A5","SLC38A1",0.775
"CYBA","MAPK11",0.703
"CYBA","MAPK3",0.937
"CYBA","SRC",0.707
"CYBA","RAP1A",0.947
"ARL1","ARFGAP1",0.713
"UTP20","RPS19",0.976
"UTP20","DHX15",0.707
"UTP20","EXOSC4",0.739
"UTP20","DDX47",0.899
"UTP20","RPS16",0.981
"UTP20","EXOSC7",0.744
"UTP20","DDX18",0.749
"UTP20","NGDN",0.995
"UTP20","RPS27L",0.863
"UTP20","MRPS12",0.77
"UTP20","XRCC5",0.739
"UTP20","IMP3",0.994
"UTP20","NOC4L",0.999
"UTP20","UTP14A",0.998
"UTP20","HEATR1",0.999
"UTP20","RPS2",0.852
"UTP20","RPS6",0.996
"UTP20","EXOSC8",0.717
"UTP20","UTP6",0.998
"UTP20","RPS4X",0.921
"UTP20","PNO1",0.98
"UTP20","PRKDC",0.747
"UTP20","FCF1",0.998
"UTP20","RRP1B",0.731
"UTP20","WDR3",0.999
"UTP20","C1D",0.727
"UTP20","NOL7",0.803
"UTP20","EXOSC10",0.963
"UTP20","RIOK2",0.822
"UTP20","MRNIP",0.787
"UTP20","RPS11",0.98
"UTP20","NOC2L",0.929
"UTP20","NOL6",0.999
"UTP20","NOL10",0.996
"UTP20","PDCD11",0.999
"UTP20","POLR1B",0.872
"UTP20","DNTTIP2",0.989
"UTP20","TSR1",0.886
"UTP20","UTP11",0.998
"UTP20","RPS14",0.992
"UTP20","SNU13",0.995
"UTP20","RCL1",0.998
"UTP20","RRP7A",0.996
"UTP20","FTSJ3",0.763
"UTP20","GTPBP4",0.824
"UTP20","NOC3L",0.812
"UTP20","RPS9",0.995
"UTP20","RPS23",0.982
"COX10","COX5A",0.861
"COX10","SDHA",0.822
"COX10","COX6A2",0.757
"COX10","BCS1L",0.933
"COX10","UQCRFS1",0.857
"COX10","NDUFS3",0.81
"COX10","CYC1",0.854
"COX10","UQCRC2",0.716
"COX10","NDUFS4",0.728
"COX10","COX7A2",0.758
"COX10","COX7A1",0.742
"COX10","COX7C",0.732
"COX10","UQCR10",0.701
"TTC19","BCS1L",0.784
"TNFRSF13B","CD19",0.809
"TNFRSF13B","TRAF3",0.744
"TNFRSF13B","CD40",0.845
"KPNA3","RANBP2",0.818
"KPNA3","NCBP1",0.8
"KPNA3","NCBP2",0.918
"CDK2AP1","RBBP7",0.948
"CDK2AP1","RBBP4",0.954
"CDK2AP1","HDAC1",0.947
"CDK2AP1","HDAC2",0.887
"SCARB1","CCT4",0.829
"SCARB1","TFRC",0.738
"SCARB1","CD19",0.881
"SCARB1","CD34",0.714
"SCARB1","CD8A",0.72
"SCARB1","FYN",0.941
"SCARB1","ALB",0.899
"SCARB1","CD40",0.707
"SCARB1","PPARG",0.821
"SCARB1","FABP1",0.877
"SCARB1","THBS2",0.951
"SCARB1","LCAT",0.794
"SCARB1","TLR4",0.996
"SCARB1","IL1B",0.714
"SCARB1","CCR2",0.738
"SCARB1","APOA2",0.864
"SCARB1","CAV1",0.952
"SCARB1","ICAM1",0.815
"SCARB1","CD81",0.995
"SCARB1","ITGA2B",0.716
"SCARB1","IL6",0.71
"SCARB1","SRC",0.834
"SLC6A4","DDC",0.756
"SLC6A4","MAOB",0.868
"UTP6","RPL10",0.844
"UTP6","EXOSC7",0.75
"UTP6","DDX18",0.761
"UTP6","RPS16",0.981
"UTP6","NGDN",0.999
"UTP6","EXOSC4",0.762
"UTP6","DHX15",0.833
"UTP6","RPS19",0.978
"UTP6","NOC4L",0.998
"UTP6","UTP14A",0.999
"UTP6","MRTO4",0.937
"UTP6","RPS27L",0.873
"UTP6","MRPS12",0.823
"UTP6","IMP3",0.998
"UTP6","RRS1",0.76
"UTP6","RPS6",0.987
"UTP6","HEATR1",0.999
"UTP6","DHX8",0.837
"UTP6","RPS4X",0.922
"UTP6","RPL4",0.845
"UTP6","PNO1",0.966
"UTP6","GNL2",0.931
"UTP6","EBNA1BP2",0.812
"UTP6","EXOSC8",0.789
"UTP6","C1D",0.771
"UTP6","NOL7",0.82
"UTP6","FCF1",0.995
"UTP6","WDR3",0.999
"UTP6","RRP1B",0.758
"UTP6","NOL6",0.999
"UTP6","GNL3L",0.705
"UTP6","NOL10",0.999
"UTP6","NHP2",0.736
"UTP6","RPF1",0.752
"UTP6","MRNIP",0.799
"UTP6","RPS11",0.983
"UTP6","GNL3",0.743
"UTP6","RIOK2",0.719
"UTP6","EXOSC10",0.972
"UTP6","NOC2L",0.92
"UTP6","TSR1",0.875
"UTP6","UTP11",0.998
"UTP6","PDCD11",0.994
"UTP6","DNTTIP2",0.997
"UTP6","RPS9",0.99
"UTP6","RPS23",0.992
"UTP6","RPL10L",0.84
"UTP6","BRIX1",0.851
"UTP6","SNU13",0.994
"UTP6","RPS14",0.978
"UTP6","GTPBP4",0.876
"UTP6","NOC3L",0.723
"UTP6","FTSJ3",0.909
"UTP6","RCL1",0.998
"UTP6","RRP7A",0.998
"PSMD11","CCT8",0.8
"PSMD11","CCT2",0.764
"PSMD11","EIF3I",0.793
"PSMD11","UQCRFS1",0.715
"PSMD11","CCT4",0.821
"PSMD11","VCP",0.785
"PSMD11","PPP2R1A",0.81
"PSMD11","IQGAP1",0.792
"PSMD11","HTT",0.744
"PSMD11","RAD23B",0.784
"PSMD11","PSMC2",0.999
"PSMD11","PSMC5",0.999
"PSMD11","UBA52",0.943
"PSMD11","COPS5",0.809
"PSMD11","RPS2",0.711
"BTBD1","CUL3",0.925
"BTBD1","TRIM5",0.903
"BTBD1","COPS2",0.75
"BTBD1","COPS5",0.781
"ALDH2","ACAA1",0.711
"ALDH2","MDH2",0.738
"ALDH2","GLUL",0.852
"ALDH2","ADH5",0.965
"ALDH2","FH",0.723
"ALDH2","ACOX3",0.864
"ALDH2","MAOB",0.975
"ERP29","HSP90B1",0.894
"ERP29","HSPA5",0.783
"ERP29","PDIA3",0.72
"ERP29","HSPA4",0.75
"ERP29","TXN",0.739
"ERP29","CALR",0.814
"ERP29","P4HB",0.7
"CHRNB4","JAK2",0.9
"CDH1","CBLL1",0.993
"CDH1","RPS11",0.806
"CDH1","HDAC2",0.842
"CDH1","RPL37",0.81
"CDH1","ERBB2",0.97
"CDH1","RPL3",0.802
"CDH1","ITGB7",0.804
"CDH1","CREBBP",0.744
"CDH1","RPL36AL",0.808
"CDH1","CTNNA1",0.999
"CDH1","RPL14",0.808
"CDH1","PTEN",0.93
"CDH1","SOX2",0.73
"CDH1","MAPK3",0.77
"CDH1","RPS14",0.813
"CDH1","FLOT2",0.951
"CDH1","RPL12",0.8
"CDH1","HCLS1",0.82
"CDH1","RPS23",0.801
"CDH1","NCSTN",0.806
"CDH1","RPL38",0.8
"CDH1","RPL13A",0.833
"CDH1","RPL10L",0.8
"CDH1","ALB",0.735
"CDH1","SKP2",0.927
"CDH1","MMP3",0.739
"CDH1","PKP4",0.749
"CDH1","CD8A",0.713
"CDH1","RPS9",0.807
"CDH1","FYN",0.719
"CDH1","CTNND1",0.999
"CDH1","RPL22",0.813
"CDH1","RPL27",0.805
"CDH1","RPS3",0.815
"CDH1","KRT19",0.747
"CDH1","EGFR",0.999
"CDH1","KRT7",0.787
"CDH1","ANXA1",0.776
"CDH1","RPS21",0.801
"CDH1","EGF",0.852
"CDH1","DNMT1",0.768
"CDH1","ZEB1",0.961
"CDH1","PSEN1",0.98
"CDH1","PTK2",0.761
"CDH1","TP53",0.853
"CDH1","JUN",0.755
"CDH1","SMAD4",0.804
"CDH1","DSP",0.761
"CDH1","STAT3",0.732
"CDH1","RPL13",0.801
"CDH1","GSK3B",0.894
"CDH1","SRC",0.988
"CDH1","IQGAP1",0.997
"CDH1","SMAD2",0.852
"CDH1","RPL15",0.816
"CDH1","AXIN1",0.771
"CDH1","CDH2",0.995
"CDH1","RPL23",0.8
"CDH1","RPS19",0.808
"CDH1","SMAD3",0.724
"CDH1","FN1",0.873
"CDH1","RPL10",0.8
"CDH1","HDAC1",0.775
"CDH1","RPS16",0.805
"CDH1","RPL5",0.812
"CDH1","CASP3",0.956
"CDH1","CD9",0.759
"CDH1","RPL30",0.808
"CDH1","KRT18",0.881
"CDH1","EPCAM",0.905
"CDH1","CAV1",0.768
"CDH1","RPL4",0.813
"CDH1","RPS4X",0.8
"CDH1","ERBB3",0.856
"CDH1","RPL8",0.8
"CDH1","ETF1",0.8
"CDH1","UBA52",0.898
"CDH1","RPS6",0.839
"CDH1","RPL24",0.808
"CDH1","RPL37A",0.803
"CDH1","RPS2",0.811
"AARS1","QARS1",0.964
"AARS1","ANAPC5",0.783
"AARS1","MARS1",0.913
"AARS1","CDC16",0.837
"AARS1","SIL1",0.725
"AARS1","KARS1",0.992
"AARS1","ANAPC2",0.722
"AARS1","EEF1E1",0.754
"AARS1","EPRS1",0.976
"AARS1","TSFM",0.75
"AARS1","EIF5B",0.715
"VAC14","PIK3C3",0.775
"VAC14","APP",0.78
"VAC14","RAD54L",0.9
"VAC14","PIKFYVE",0.999
"ARG2","H3-4",0.747
"ARG2","ARG1",0.933
"ARG2","OAT",0.999
"ARG2","NOS3",0.966
"ARG2","FH",0.769
"ARG2","IDO1",0.707
"ARG2","GLUL",0.746
"ARG2","ASL",0.975
"ARG2","IL10",0.811
"CSNK1A1","AXIN1",0.999
"CSNK1A1","RPS19",0.808
"CSNK1A1","CUL1",0.764
"CSNK1A1","HSP90AA1",0.76
"CSNK1A1","RPS16",0.804
"CSNK1A1","TP53",0.926
"CSNK1A1","GSK3B",0.999
"CSNK1A1","RPS6",0.817
"CSNK1A1","YWHAZ",0.772
"CSNK1A1","RPS4X",0.803
"CSNK1A1","PNO1",0.802
"CSNK1A1","BUD23",0.802
"CSNK1A1","RPS11",0.801
"CSNK1A1","TSR1",0.801
"CSNK1A1","RPS14",0.877
"CSNK1A1","RPS23",0.802
"CSNK1A1","RPS9",0.803
"PDGFRB","FYN",0.891
"PDGFRB","STAT5B",0.726
"PDGFRB","CRKL",0.836
"PDGFRB","NRAS",0.959
"PDGFRB","IFNA8",0.773
"PDGFRB","CD34",0.729
"PDGFRB","CRK",0.82
"PDGFRB","PTEN",0.95
"PDGFRB","EGFR",0.998
"PDGFRB","RASA1",0.986
"PDGFRB","IL10",0.789
"PDGFRB","IFNB1",0.712
"PDGFRB","IRS1",0.833
"PDGFRB","ERBB2",0.874
"PDGFRB","IFNA1",0.776
"PDGFRB","PIK3R3",0.955
"PDGFRB","FIP1L1",0.796
"PDGFRB","IL3",0.766
"PDGFRB","FGF2",0.953
"PDGFRB","GRB2",0.999
"PDGFRB","STAT5A",0.883
"PDGFRB","IL13",0.733
"PDGFRB","STAT1",0.816
"PDGFRB","JAK2",0.954
"PDGFRB","THY1",0.801
"PDGFRB","PIK3CD",0.932
"PDGFRB","PIK3CA",0.976
"PDGFRB","SRC",0.999
"PDGFRB","IFNA2",0.771
"PDGFRB","STAT3",0.915
"PDGFRB","PTK2",0.925
"PDGFRB","IFNA10",0.773
"PDGFRB","EGF",0.989
"PDGFRB","IL6",0.894
"PDGFRB","FN1",0.765
"FAT2","FJX1",0.757
"PFDN1","CCT5",0.945
"PFDN1","CCT6A",0.958
"PFDN1","VBP1",0.999
"PFDN1","CCT4",0.975
"PFDN1","CCT3",0.984
"PFDN1","PFDN5",0.999
"PFDN1","CCT2",0.972
"PFDN1","CCT8",0.969
"ANAPC5","CDK2",0.741
"ANAPC5","CDC14A",0.727
"ANAPC5","BUB3",0.969
"ANAPC5","MAD2L1",0.95
"ANAPC5","UBE2E1",0.836
"ANAPC5","CBX8",0.9
"ANAPC5","BRCA1",0.911
"ANAPC5","BABAM2",0.928
"ANAPC5","CDC16",0.999
"ANAPC5","PTTG1",0.8
"ANAPC5","NEK2",0.95
"ANAPC5","CBX2",0.9
"ANAPC5","BUB1B",0.998
"ANAPC5","BRCA2",0.72
"ANAPC5","ANAPC2",0.999
"ANAPC5","EP300",0.754
"CYP46A1","DHCR7",0.915
"GNB5","PCNA",0.904
"GNB5","CACNA1F",0.772
"GNB5","CCT5",0.997
"GNB5","GNAQ",0.917
"GNB5","GNG3",0.998
"GNB5","PRKACA",0.726
"GNB5","KCNJ3",0.867
"GNB5","MAPK11",0.737
"GNB5","PRKACG",0.725
"GNB5","GNB1",0.842
"GNB5","MAPK3",0.747
"GNB5","PLCB1",0.855
"GNB5","NRAS",0.718
"GNB5","RHO",0.825
"GNB5","CCR5",0.909
"MYO5C","RAB11A",0.744
"MYO5C","RAB8A",0.9
"AP4E1","AP2A2",0.901
"AP4E1","AP3S2",0.951
"AP4E1","TGOLN2",0.716
"AP4E1","GAK",0.789
"AP4E1","AP1B1",0.845
"AP4E1","AP1S1",0.961
"MAPK6","CDC14A",0.805
"MAPK6","JUN",0.846
"SPG11","PLA2G6",0.716
"EIF3J","EIF3I",0.999
"EIF3J","EIF1AX",0.978
"EIF3J","EIF4G1",0.979
"EIF3J","EIF2S2",0.982
"EIF3J","ABCE1",0.996
"EIF3J","RPS11",0.92
"EIF3J","DENR",0.783
"EIF3J","RPS3",0.987
"EIF3J","EIF1AY",0.866
"EIF3J","RPS9",0.931
"EIF3J","RPS23",0.986
"EIF3J","RPS14",0.936
"EIF3J","RPS16",0.923
"EIF3J","RPS19",0.935
"EIF3J","EIF3A",0.999
"EIF3J","RPS21",0.924
"EIF3J","RPS2",0.985
"EIF3J","COPS5",0.845
"EIF3J","RPS6",0.942
"EIF3J","EIF3B",0.999
"EIF3J","EIF6",0.732
"EIF3J","ETF1",0.75
"EIF3J","RPS4X",0.902
"EIF3J","EIF4A1",0.931
"HACD3","HACD2",0.923
"APH1B","NCSTN",0.999
"APH1B","APP",0.866
"APH1B","TMED10",0.848
"APH1B","PSEN1",0.999
"AAGAB","AP1G1",0.789
"AAGAB","AP2A2",0.775
"TIPIN","WRN",0.765
"TIPIN","POLE",0.953
"TIPIN","MCM10",0.951
"TIPIN","MCM4",0.997
"TIPIN","RFC4",0.766
"TIPIN","CHEK1",0.948
"TIPIN","MCM7",0.999
"TIPIN","RFC3",0.763
"TIPIN","EXO1",0.71
"TIPIN","CDT1",0.836
"TIPIN","MCM2",0.998
"TIPIN","MCM6",0.993
"TIPIN","FEN1",0.765
"TIPIN","WDHD1",0.999
"TRIP4","MED1",0.994
"TRIP4","MED15",0.994
"TRIP4","MED8",0.994
"TRIP4","MED25",0.994
"TRIP4","MED23",0.994
"PARP16","PARP12",0.731
"SNX1","AMPH",0.77
"SNX1","EGFR",0.839
"SNX1","BIN1",0.725
"SNX1","VPS35",0.999
"RAB11A","RASA1",0.795
"RAB11A","TFRC",0.892
"RAB11A","ARF6",0.911
"RAB11A","RHO",0.819
"RAB11A","HSP90AA1",0.885
"RAB11A","RAB7A",0.843
"RAB11A","HSP90AB1",0.775
"RAB11A","PSEN1",0.754
"RAB11A","RAB5A",0.973
"RAB11A","CEP164",0.704
"RAB11A","TBC1D15",0.763
"RAB11A","RAB8A",0.939
"RAB11A","VPS35",0.802
"CCNT1","ERCC6",0.903
"CCNT1","CDK6",0.793
"CCNT1","TCEA2",0.939
"CCNT1","SUPT6H",0.752
"CCNT1","CTR9",0.964
"CCNT1","EAF2",0.91
"CCNT1","ERCC3",0.919
"CCNT1","SRSF2",0.736
"CCNT1","CDC73",0.963
"CCNT1","BRD4",0.999
"CCNT1","MEPCE",0.984
"CCNT1","GTF2H1",0.917
"CCNT1","GTF2B",0.749
"CCNT1","PEX2",0.901
"CCNT1","SSRP1",0.715
"CCNT1","CDK2",0.779
"CCNT1","NCBP1",0.821
"CCNT1","AFF4",0.999
"CCNT1","ELL",0.998
"CCNT1","NELFB",0.94
"CCNT1","SP1",0.759
"CCNT1","NCBP2",0.752
"HCN4","RYR2",0.739
"HCN4","SCN5A",0.953
"HCN4","CACNB2",0.802
"LOXL1","LTBP3",0.845
"LOXL1","CLU",0.702
"FLT4","CRK",0.772
"FLT4","FGF2",0.942
"FLT4","PIK3R3",0.72
"FLT4","ERBB2",0.722
"FLT4","PIK3CD",0.726
"FLT4","PIK3CA",0.81
"FLT4","GRB2",0.979
"FLT4","PTK2",0.921
"FLT4","EGF",0.911
"FLT4","SRC",0.708
"FAF2","HSPA5",0.827
"FAF2","HSP90B1",0.819
"FAF2","UFD1",0.999
"FAF2","BAG6",0.995
"FAF2","VCP",0.999
"FAF2","P4HB",0.79
"FAF2","UBXN7",0.999
"FAF2","UBL4A",0.926
"TUBGCP3","AKAP9",0.716
"RBM25","SREK1",0.861
"RBM25","SRSF4",0.884
"RBM25","NCBP2",0.975
"RBM25","PRPF39",0.942
"RBM25","DHX9",0.848
"RBM25","NCBP1",0.997
"RBM25","SF3B4",0.737
"RBM25","SNRPD1",0.931
"RBM25","SF1",0.938
"RBM25","SF3B1",0.927
"RBM25","DDX23",0.845
"RBM25","YY1",0.74
"RBM25","SF3B2",0.769
"RBM25","SRRM2",0.993
"RBM25","SNRNP70",0.994
"RBM25","BRD4",0.77
"RBM25","LUC7L",0.997
"RBM25","SNRPF",0.938
"RBM25","SF3B3",0.979
"RBM25","PRPF38B",0.837
"RBM25","RBM5",0.959
"RBM25","PRP4K",0.95
"RBM25","SRRM1",0.999
"RBM25","RBM7",0.859
"RBM25","TCERG1",0.953
"LTBP2","CLU",0.704
"SPAG9","ARF6",0.996
"SPAG9","JUN",0.732
"SPAG9","DCTN1",0.725
"SPAG9","MAP2K6",0.723
"MARS1","QARS1",0.999
"MARS1","ATP5IF1",0.734
"MARS1","RPL5",0.757
"MARS1","KARS1",0.999
"MARS1","EEF1E1",0.999
"MARS1","RPS3",0.716
"MARS1","EPRS1",0.999
"MARS1","EEF2",0.754
"MARS1","RPL39L",0.733
"MARS1","EIF5B",0.827
"ATP5F1B","ATP6V1G1",0.916
"ATP5F1B","ATP6V0C",0.874
"ATP5F1B","NDUFS3",0.864
"ATP5F1B","ATP5F1A",0.999
"ATP5F1B","UQCRFS1",0.914
"ATP5F1B","IMMT",0.745
"ATP5F1B","HSPA9",0.863
"ATP5F1B","RPS3",0.703
"ATP5F1B","ATP5PD",0.999
"ATP5F1B","MDH2",0.921
"ATP5F1B","CYC1",0.976
"ATP5F1B","UQCRC2",0.942
"ATP5F1B","CS",0.917
"ATP5F1B","ATP5MC3",0.995
"ATP5F1B","ATP5PF",0.999
"ATP5F1B","NDUFS2",0.97
"ATP5F1B","ATP5PO",0.999
"ATP5F1B","ATP5IF1",0.966
"ATP5F1B","P4HB",0.731
"ATP5F1B","ATP5ME",0.999
"ATP5F1B","COX5A",0.952
"ATP5F1B","PPA2",0.798
"ATP5F1B","TMEM126B",0.797
"ATP5F1B","SDHA",0.917
"ATP5F1B","NDUFB8",0.885
"ATP5F1B","HSP90AB1",0.756
"ATP5F1B","ATP5MF",0.999
"ATP5F1B","SDHB",0.879
"ATP5F1B","NDUFA9",0.95
"ATP5F1B","ATP5PB",0.999
"ATP5F1B","TUFM",0.84
"ATP5F1B","ATP5MG",0.999
"ATP5F1B","ATP6V1A",0.96
"ATP5F1B","ATP5F1C",0.999
"ATP5F1B","ATP6V1B2",0.98
"ATP5F1B","PDHB",0.755
"PIK3C3","BECN1",0.999
"PIK3C3","VPS35",0.842
"PIK3C3","PIK3CA",0.727
"PIK3C3","CALML4",0.975
"PIK3C3","PIKFYVE",0.98
"PIK3C3","ATG5",0.972
"PIK3C3","SQSTM1",0.812
"PIK3C3","KEAP1",0.721
"PIK3C3","RAB5A",0.999
"PIK3C3","GABARAP",0.991
"PIK3C3","PTEN",0.953
"PIK3C3","IRS1",0.78
"PIK3C3","RAB5B",0.939
"PIK3C3","PIK3R4",0.999
"PIK3C3","TXNDC9",0.7
"PIK3C3","CALM3",0.978
"PIK3C3","HSPA5",0.865
"PIK3C3","CALML5",0.976
"PIK3C3","PIK3R3",0.933
"PHF3","NIPBL",0.976
"MTUS1","KIF2C",0.735
"MTUS1","PDCD1",0.908
"MTUS1","CD8A",0.78
"MTUS1","EGFR",0.725
"MCM4","MAD2L1",0.855
"MCM4","ATAD2",0.86
"MCM4","ORC1",0.998
"MCM4","SSRP1",0.943
"MCM4","SMC4",0.736
"MCM4","POLE",0.995
"MCM4","RFC4",0.898
"MCM4","CDK2",0.953
"MCM4","POLA2",0.94
"MCM4","MCM10",0.999
"MCM4","LIG1",0.843
"MCM4","DBF4",0.999
"MCM4","MCM2",0.999
"MCM4","TP53",0.722
"MCM4","MCM6",0.999
"MCM4","CDT1",0.999
"MCM4","CDC25A",0.715
"MCM4","WDHD1",0.999
"MCM4","PLK1",0.851
"MCM4","PCNA",0.965
"MCM4","FEN1",0.941
"MCM4","PRKDC",0.887
"MCM4","RFC3",0.922
"MCM4","CHEK1",0.978
"MCM4","CDC5L",0.703
"MCM4","MCM7",0.999
"MCM4","ASF1B",0.918
"MCM4","RRM1",0.952
"MCM4","SMC2",0.748
"MCM4","EXO1",0.896
"MYOM2","NUP98",0.758
"MYOM2","TBK1",0.953
"MYOM2","RIGI",0.983
"MYOM2","ALB",0.98
"MYOM2","FN1",0.958
"MYOM2","TRAF3",0.961
"CEP76","PLK1",0.846
"RBL2","E2F1",0.991
"RBL2","PPP1CC",0.917
"RBL2","CDK2",0.998
"RBL2","SKP2",0.894
"RBL2","RB1",0.949
"RBL2","CUL1",0.72
"RBL2","HDAC1",0.991
"RBL2","TP53",0.76
"RBL2","ARID4B",0.84
"RBL2","PPP1CA",0.914
"RBL2","CCNE1",0.99
"RBL2","DNMT1",0.823
"RBL2","RBBP4",0.952
"RBL2","CDKN1A",0.959
"RBL2","CDK6",0.974
"CACNG4","CACNB2",0.793
"CACNG4","CACNA1F",0.93
"CACNG4","CACNA2D1",0.972
"CACNG4","CACNA1D",0.986
"CACNG4","GRIN2C",0.779
"CACNG4","HSPA2",0.72
"CACNG4","CACNA1G",0.819
"CACNG4","FKBP1A",0.723
"CACNG4","GRIN2D",0.787
"CACNG4","CACNA1H",0.829
"CACNG4","CATSPERG",0.726
"CACNG4","CACNB3",0.962
"CACNG4","CACNG2",0.734
"WIPI1","PIK3R4",0.815
"WIPI1","BECN1",0.926
"WIPI1","PIKFYVE",0.702
"WIPI1","ATG5",0.906
"WIPI1","GABARAP",0.819
"WDR59","SEH1L",0.999
"WDR59","RRAGD",0.836
"WDR59","MIOS",0.999
"WDR59","RRAGA",0.838
"WDR59","SEC13",0.999
"MTFR1","RASA1",0.822
"CDH19","CDH2",0.833
"SMAD7","SMURF2",0.999
"SMAD7","PPP1CC",0.876
"SMAD7","HDAC2",0.77
"SMAD7","TGFBR2",0.994
"SMAD7","STAT1",0.902
"SMAD7","SMAD4",0.947
"SMAD7","EP300",0.842
"SMAD7","BAMBI",0.977
"SMAD7","ZEB1",0.777
"SMAD7","SMAD3",0.976
"SMAD7","HDAC1",0.825
"SMAD7","SMAD2",0.983
"SMAD7","AXIN1",0.924
"SMAD2","CDH2",0.707
"SMAD2","HDAC4",0.725
"SMAD2","HDAC1",0.98
"SMAD2","FN1",0.765
"SMAD2","METTL3",0.977
"SMAD2","SMAD3",0.999
"SMAD2","CUL1",0.926
"SMAD2","ZEB1",0.904
"SMAD2","RUNX1",0.771
"SMAD2","JUN",0.925
"SMAD2","SMAD4",0.999
"SMAD2","EP300",0.987
"SMAD2","TP53",0.993
"SMAD2","CHUK",0.922
"SMAD2","SMARCA4",0.717
"SMAD2","ZFYVE16",0.941
"SMAD2","MED15",0.77
"SMAD2","PPARG",0.707
"SMAD2","NCOR1",0.832
"SMAD2","CREBBP",0.986
"SMAD2","TGFBR2",0.998
"SMAD2","SP1",0.959
"SMAD2","HDAC2",0.721
"SMAD2","INSR",0.749
"SMAD2","EGFR",0.736
"SMAD2","SOX2",0.756
"SMAD2","MAPK3",0.979
"SMAD2","SMURF2",0.999
"SMAD2","FOXO3",0.992
"DNAJB6","HDAC4",0.827
"DNAJB6","HSP90AA1",0.821
"DNAJB6","HSP90AB1",0.707
"DNAJB6","HSPA4",0.973
"DNAJB6","HSPA9",0.917
"DNAJB6","HSPA2",0.914
"DNAJB6","HSPA6",0.889
"DNAJB6","HSPA5",0.853
"DNAJB6","HSPA4L",0.763
"VIPR2","GNB1",0.96
"KCNH2","HSPA4",0.874
"KCNH2","HSP90AB1",0.819
"KCNH2","SCN5A",0.978
"KCNH2","RYR2",0.746
"KCNH2","AKAP9",0.796
"KCNH2","HSP90AA1",0.958
"KCNH2","CACNB2",0.773
"RHEB","RRAGA",0.969
"RHEB","PTEN",0.805
"RHEB","MTOR",0.999
"RHEB","RASA1",0.81
"RHEB","FKBP1A",0.865
"RHEB","RRAGD",0.963
"RHEB","DDIT4",0.742
"RHEB","RPS6",0.864
"RHEB","MIOS",0.704
"RHEB","TSC1",0.999
"RHEB","BNIP3",0.998
"SMARCD3","TBL1XR1",0.754
"SMARCD3","ARID1A",0.999
"SMARCD3","SMARCD1",0.992
"SMARCD3","SMARCA4",0.999
"SMARCD3","PPARG",0.935
"SMARCD3","SMARCA2",0.999
"SMARCD3","RB1",0.736
"SMARCD3","NUP50",0.703
"PSMB1","PSMC5",0.998
"PSMB1","UBA52",0.943
"PSMB1","PSMG2",0.952
"PSMB1","PSMC2",0.999
"PSMB1","UBXN7",0.733
"ADNP2","CBX3",0.797
"TRPA1","CALML4",0.755
"TRPA1","CALM3",0.767
"TRPA1","CALML5",0.767
"TMED2","SAR1B",0.755
"TMED2","SEC13",0.818
"TMED2","TMED10",0.999
"TMED2","STX5",0.83
"YY1","RAD21",0.902
"YY1","PARP1",0.756
"YY1","AR",0.727
"YY1","SMARCA4",0.709
"YY1","STAT1",0.848
"YY1","RBBP7",0.743
"YY1","RBBP4",0.813
"YY1","TAF7",0.799
"YY1","TP53",0.942
"YY1","EZH2",0.998
"YY1","EP300",0.999
"YY1","SMAD4",0.708
"YY1","JUN",0.852
"YY1","HDAC4",0.947
"YY1","CBX2",0.806
"YY1","HDAC1",0.999
"YY1","H3-4",0.79
"YY1","SMAD3",0.716
"YY1","TRRAP",0.932
"YY1","GTF2B",0.751
"YY1","SOX2",0.774
"YY1","H2AZ1",0.703
"YY1","ING3",0.913
"YY1","YAF2",0.979
"YY1","NPM1",0.764
"YY1","RUVBL1",0.99
"YY1","HDAC2",0.999
"YY1","CBX8",0.781
"YY1","CREBBP",0.951
"YY1","NCOR1",0.931
"YY1","E2F1",0.747
"YY1","SP1",0.863
"CD33","TNFRSF8",0.831
"CD33","SCARB2",0.707
"CD33","PICALM",0.756
"CD33","CD7",0.88
"CD33","CBL",0.736
"CD33","CD2AP",0.712
"CD33","ABCA7",0.767
"CD33","CD8A",0.72
"CD33","CD34",0.951
"CD33","CD19",0.881
"CD33","TYROBP",0.897
"CD33","KIT",0.898
"CD33","CLU",0.79
"PIH1D1","POLR2D",0.839
"PIH1D1","POLR2B",0.827
"PIH1D1","POLR2L",0.819
"PIH1D1","POLR2J",0.832
"PIH1D1","HSP90AA1",0.987
"PIH1D1","HSP90AB1",0.972
"PIH1D1","PPP1CA",0.854
"PIH1D1","PPP1CC",0.723
"PIH1D1","SNU13",0.839
"PIH1D1","POLR2G",0.838
"PIH1D1","POLR3K",0.787
"PIH1D1","NUDC",0.715
"PIH1D1","RUVBL1",0.999
"LPO","ALB",0.705
"VMP1","BECN1",0.999
"VMP1","PIK3R4",0.738
"PKMYT1","CKS2",0.909
"PKMYT1","CHEK1",0.715
"PKMYT1","CDC25C",0.822
"PKMYT1","PLK1",0.987
"PKMYT1","CDC25A",0.911
"NUBP2","ACO1",0.794
"PKD1","RHO",0.738
"PKD1","TSC1",0.789
"PKD1","PTK2",0.73
"RAB11FIP3","RAB8A",0.73
"RAB11FIP3","DYNC1LI1",0.777
"RAB11FIP3","ARF6",0.986
"ELOB","NELFB",0.9
"ELOB","NRBP1",0.799
"ELOB","ELL",0.908
"ELOB","COPS2",0.836
"ELOB","HEY1",0.725
"ELOB","AFF4",0.904
"ELOB","SMARCA2",0.82
"ELOB","PEX2",0.9
"ELOB","POLE",0.804
"ELOB","SKP2",0.82
"ELOB","SOCS3",0.991
"ELOB","APOBEC3G",0.938
"ELOB","PRAME",0.966
"ELOB","WDHD1",0.818
"ELOB","CUL1",0.95
"ELOB","BRD4",0.921
"ELOB","PTK2",0.816
"ELOB","CDC73",0.936
"ELOB","APOBEC3B",0.723
"ELOB","MED8",0.819
"ELOB","EAF2",0.901
"ELOB","MCM2",0.803
"ELOB","MCM6",0.813
"ELOB","GTF2F2",0.711
"ELOB","SMARCA4",0.82
"ELOB","CTR9",0.936
"ELOB","COPS5",0.873
"ELOB","UBA52",0.71
"ELOB","APOBEC3C",0.833
"ELOB","TCEA2",0.905
"ELOB","MCM7",0.846
"ELOB","UBXN7",0.858
"ELOB","ERCC6",0.902
"TELO2","MTOR",0.999
"TELO2","PDIA3",0.705
"TELO2","RUVBL1",0.963
"TELO2","CHEK1",0.72
"TELO2","ATM",0.961
"TELO2","PRKDC",0.902
"TELO2","TRRAP",0.909
"AXIN1","STK11",0.993
"AXIN1","USP7",0.849
"AXIN1","ANK2",0.702
"AXIN1","CTNNA1",0.777
"AXIN1","SMURF2",0.87
"AXIN1","FZD7",0.725
"AXIN1","TP53",0.905
"AXIN1","PPP2R1A",0.723
"AXIN1","GSK3B",0.999
"AXIN1","CDH2",0.835
"AXIN1","ARRB1",0.807
"AXIN1","CUL1",0.778
"AXIN1","SMAD3",0.785
"AXIN1","CSNK1E",0.993
"AXIN1","CAV1",0.866
"AXIN1","ADAR",0.993
"RPE65","RHO",0.916
"RPE65","PRPF31",0.747
"IL12RB2","IFNA1",0.781
"IL12RB2","IL6",0.943
"IL12RB2","IFNA2",0.788
"IL12RB2","STAT3",0.85
"IL12RB2","IL3",0.724
"IL12RB2","SOCS3",0.763
"IL12RB2","IL18R1",0.786
"IL12RB2","IL13",0.821
"IL12RB2","IFNGR1",0.724
"IL12RB2","IFNB1",0.755
"IL12RB2","STAT1",0.879
"IL12RB2","JAK2",0.998
"IL12RB2","IL10",0.93
"CREBBP","SMARCA2",0.74
"CREBBP","CDK2",0.918
"CREBBP","KLF5",0.707
"CREBBP","GTF2B",0.769
"CREBBP","MAPK3",0.701
"CREBBP","H2AZ1",0.774
"CREBBP","APP",0.781
"CREBBP","STAT5B",0.934
"CREBBP","FOXO3",0.995
"CREBBP","CTBP1",0.82
"CREBBP","PRKACG",0.835
"CREBBP","PPARG",0.998
"CREBBP","NCOR1",0.947
"CREBBP","STAT6",0.957
"CREBBP","E2F1",0.882
"CREBBP","SP1",0.992
"CREBBP","SUMO1",0.998
"CREBBP","CREB5",0.925
"CREBBP","CARM1",0.981
"CREBBP","IRF3",0.999
"CREBBP","NUP98",0.815
"CREBBP","USP7",0.751
"CREBBP","IRF7",0.976
"CREBBP","HDAC2",0.934
"CREBBP","PRKACA",0.835
"CREBBP","STAT2",0.997
"CREBBP","MED1",0.74
"CREBBP","CHUK",0.824
"CREBBP","UBE2I",0.908
"CREBBP","AR",0.96
"CREBBP","SMARCA4",0.944
"CREBBP","STAT1",0.999
"CREBBP","ARID1A",0.849
"CREBBP","CDKN1A",0.904
"CREBBP","BRCA1",0.968
"CREBBP","RBBP4",0.811
"CREBBP","DAXX",0.842
"CREBBP","RBBP7",0.812
"CREBBP","H4C2",0.905
"CREBBP","CREB3",0.917
"CREBBP","STAT5A",0.975
"CREBBP","PARP1",0.738
"CREBBP","CEBPB",0.88
"CREBBP","CDH2",0.934
"CREBBP","HDAC4",0.745
"CREBBP","HTT",0.997
"CREBBP","H3-4",0.986
"CREBBP","HDAC1",0.96
"CREBBP","TBL1XR1",0.706
"CREBBP","SMAD3",0.995
"CREBBP","BRD4",0.71
"CREBBP","RUNX1",0.977
"CREBBP","SRC",0.94
"CREBBP","STAT3",0.935
"CREBBP","SMAD4",0.917
"CREBBP","JUN",0.994
"CREBBP","EZH2",0.818
"CREBBP","MED25",0.732
"CREBBP","TP53",0.999
"CREBBP","EP300",0.999
"DNAJA3","HSPA9",0.994
"DNAJA3","HSPA6",0.728
"DNAJA3","HSPA5",0.849
"DNAJA3","HSP90AA1",0.7
"DNAJA3","HSPA4",0.857
"DNAJA3","CLPB",0.715
"UBN1","HIRA",0.999
"UBN1","ASF1B",0.871
"N4BP1","CASP8",0.79
"TRAF4","NOD2",0.847
"TRAF4","USP7",0.729
"RGS9","GNB1",0.937
"ITGA2B","ITGB5",0.741
"ITGA2B","ICAM1",0.938
"ITGA2B","CD9",0.814
"ITGA2B","SCARB2",0.717
"ITGA2B","SYK",0.705
"ITGA2B","ITGA5",0.729
"ITGA2B","GP6",0.94
"ITGA2B","SPP1",0.733
"ITGA2B","SRC",0.959
"ITGA2B","RUNX1",0.786
"ITGA2B","PTK2",0.921
"ITGA2B","FN1",0.999
"ITGA2B","FGB",0.925
"ITGA2B","ALB",0.701
"ITGA2B","GFI1B",0.8
"ITGA2B","ITGB6",0.759
"ITGA2B","COL6A2",0.711
"ITGA2B","ITGA2",0.802
"ITGA2B","CD34",0.859
"ITGA2B","ITGB7",0.706
"ITGA2B","F2",0.736
"ITGA2B","KIT",0.727
"ITGA2B","THBS2",0.916
"ITGA2B","CD40",0.732
"DHX8","IMP3",0.707
"DHX8","UPF3B",0.828
"DHX8","SNIP1",0.732
"DHX8","SNRPF",0.99
"DHX8","DDX47",0.714
"DHX8","DHX15",0.907
"DHX8","SRRM2",0.994
"DHX8","DDX18",0.831
"DHX8","CDC5L",0.999
"DHX8","SRRM1",0.886
"DHX8","DHX38",0.911
"DHX8","NOL6",0.716
"DHX8","DOCK4",0.897
"DHX8","MFAP1",0.704
"DHX8","SF3B1",0.704
"DHX8","DOCK10",0.866
"DHX8","DDX23",0.767
"DHX8","MAGOHB",0.86
"DHX8","SNRPD1",0.993
"DHX8","RBMX2",0.888
"SMURF2","UBE2D2",0.741
"SMURF2","EGFR",0.899
"SMURF2","TGFBR2",0.981
"SMURF2","UBA52",0.976
"SMURF2","SMAD4",0.959
"SMURF2","SMAD3",0.997
"GLP2R","GNB1",0.96
"CHD5","HDAC2",0.929
"CHD5","RBBP4",0.919
"CHD5","RBBP7",0.969
"CHD5","HDAC1",0.962
"ERP44","ITPR1",0.988
"ERP44","JCHAIN",0.871
"ERP44","CALR",0.744
"ERP44","PRDX4",0.982
"ERP44","TXN",0.895
"INVS","CALM3",0.827
"INVS","CALML5",0.784
"INVS","ANAPC2",0.72
"INVS","CALML4",0.779
"SLC12A2","PRKACG",0.931
"SLC12A2","PRKACA",0.939
"RNF167","UBE2E1",0.943
"GNAO1","PLCB1",0.8
"GNAO1","RHO",0.766
"GNAO1","GNAQ",0.831
"GNAO1","GNG3",0.925
"GNAO1","GNB1",0.996
"CFAP20","SPACA9",0.8
"CFAP20","GTF2B",0.885
"CSNK2A2","KMT5B",0.85
"CSNK2A2","AP1G2",0.753
"CSNK2A2","NOL6",0.766
"CSNK2A2","SSRP1",0.904
"CSNK2A2","PTEN",0.954
"CSNK2A2","YAF2",0.915
"CSNK2A2","BRD4",0.779
"CSNK2A2","TP53",0.939
"CSNK2A2","HSP90AA1",0.764
"COQ9","NDUFA9",0.805
"SETD1A","UBA52",0.786
"SETD1A","SMARCA4",0.714
"SETD1A","H3-4",0.917
"SETD1A","HDAC1",0.805
"SETD1A","RBBP5",0.999
"SETD1A","EP300",0.854
"SETD1A","TP53",0.826
"SETD1A","KDM1A",0.936
"SETD1A","HDAC2",0.718
"PCSK2","SST",0.701
"SPTLC1","CBS",0.84
"SPTLC1","AGXT",0.877
"ZC3H3","FIP1L1",0.79
"ZC3H3","PCF11",0.732
"RPL8","RPL4",0.999
"RPL8","RPS4X",0.999
"RPL8","PSMC2",0.755
"RPL8","RPLP1",0.999
"RPL8","TMA16",0.801
"RPL8","MRPL33",0.969
"RPL8","POLR2B",0.824
"RPL8","PA2G4",0.997
"RPL8","RPL30",0.999
"RPL8","ABCF1",0.952
"RPL8","UBL4A",0.725
"RPL8","EIF5A2",0.861
"RPL8","IFRD1",0.769
"RPL8","PKLR",0.709
"RPL8","SRP14",0.917
"RPL8","GNL2",0.959
"RPL8","EIF4A1",0.708
"RPL8","MRPL17",0.972
"RPL8","SRP9",0.915
"RPL8","RPS2",0.999
"RPL8","METAP1",0.738
"RPL8","RPL37A",0.999
"RPL8","RPL24",0.999
"RPL8","RPS6",0.999
"RPL8","UBA52",0.999
"RPL8","ATP5PO",0.746
"RPL8","BTF3",0.982
"RPL8","EIF6",0.995
"RPL8","MED1",0.979
"RPL8","QARS1",0.76
"RPL8","MRPL12",0.973
"RPL8","SECISBP2",0.806
"RPL8","SRPRA",0.943
"RPL8","ETF1",0.963
"RPL8","RPL13",0.999
"RPL8","MRPL4",0.886
"RPL8","MRTO4",0.915
"RPL8","HSP90AB1",0.739
"RPL8","MRPS11",0.866
"RPL8","RPS27L",0.98
"RPL8","MRPS12",0.908
"RPL8","TUFM",0.979
"RPL8","MRPL11",0.795
"RPL8","TUBB",0.833
"RPL8","RPS21",0.999
"RPL8","RRS1",0.707
"RPL8","IMP3",0.896
"RPL8","RPS16",0.999
"RPL8","RPL5",0.999
"RPL8","RPL10",0.999
"RPL8","SIL1",0.775
"RPL8","MRPL3",0.847
"RPL8","ATP5F1C",0.787
"RPL8","SERBP1",0.986
"RPL8","POLR2F",0.812
"RPL8","RPL23",0.999
"RPL8","RPS19",0.999
"RPL8","TMCO1",0.822
"RPL8","MRPS16",0.971
"RPL8","RPL15",0.999
"RPL8","RPS9",0.999
"RPL8","HMGN4",0.943
"RPL8","ARL6IP1",0.943
"RPL8","ATP5F1A",0.837
"RPL8","RPL10L",0.997
"RPL8","RPL13A",0.999
"RPL8","RPL38",0.999
"RPL8","EPRS1",0.842
"RPL8","RPS23",0.999
"RPL8","DAP3",0.826
"RPL8","MRPL20",0.973
"RPL8","EEF1D",0.899
"RPL8","RPL12",0.999
"RPL8","SNU13",0.752
"RPL8","RPS14",0.999
"RPL8","FTSJ3",0.804
"RPL8","IFI35",0.981
"RPL8","GTPBP4",0.957
"RPL8","EIF5A",0.977
"RPL8","MRPL16",0.838
"RPL8","MRPL24",0.866
"RPL8","RPS3",0.999
"RPL8","RPL3L",0.991
"RPL8","SEC61G",0.886
"RPL8","HBS1L",0.859
"RPL8","PDCD11",0.963
"RPL8","GSPT1",0.924
"RPL8","POLR1B",0.771
"RPL8","RPL27",0.999
"RPL8","GCN1",0.869
"RPL8","MRPL40",0.708
"RPL8","RPL22",0.998
"RPL8","CCT4",0.702
"RPL8","EIF1AY",0.771
"RPL8","EFL1",0.827
"RPL8","MTIF2",0.865
"RPL8","EIF5B",0.986
"RPL8","DOCK4",0.974
"RPL8","DHX9",0.918
"RPL8","RPL3",0.999
"RPL8","PELO",0.863
"RPL8","MRPL9",0.97
"RPL8","NHP2",0.754
"RPL8","RPL37",0.999
"RPL8","ABCE1",0.878
"RPL8","MRPL58",0.75
"RPL8","MRPL19",0.968
"RPL8","NEMF",0.885
"RPL8","PARP8",0.709
"RPL8","RPS11",0.999
"RPL8","MRNIP",0.979
"RPL8","EIF3I",0.878
"RPL8","RPL39L",0.964
"RPL8","LARP4B",0.91
"RPL8","MRPL46",0.845
"RPL8","RPL14",0.999
"RPL8","SEC61A2",0.871
"RPL8","MRPS14",0.867
"RPL8","RPL36AL",0.996
"RPL8","ATP5MC3",0.786
"RPL8","MRPS15",0.829
"RPL8","ZC3H15",0.742
"RPL8","HMGN1",0.932
"RPL8","METAP2",0.777
"RPL8","ZNF593",0.913
"RPL8","PKM",0.724
"RPL8","EIF1AX",0.891
"RPL8","EEF2",0.999
"RPL8","TSFM",0.735
"DOK5","RET",0.799
"NHERF1","HSP90AB1",0.825
"NHERF1","HSP90AA1",0.829
"NHERF1","PODXL",0.963
"NHERF1","ADRB2",0.997
"NHERF1","PRKACA",0.969
"NHERF1","PRKACG",0.969
"NHERF1","PTEN",0.982
"NHERF1","PLCB1",0.803
"NHERF1","EGFR",0.854
"CHST8","CGA",0.758
"ATP4A","PPA2",0.926
"ATP4A","ATP6V0A1",0.893
"ATP4A","TCIRG1",0.927
"ATP4A","ALB",0.776
"ATP4A","ATP6V0C",0.86
"ATP4A","ATP1B1",0.718
"ATP4A","ACE",0.771
"ATP4A","VAMP2",0.716
"TYROBP","FCER1G",0.999
"TYROBP","ZAP70",0.999
"TYROBP","SRC",0.843
"TYROBP","CLEC4E",0.932
"TYROBP","SYK",0.999
"TYROBP","CCR1",0.731
"TYROBP","HCK",0.851
"TYROBP","IRF8",0.714
"TYROBP","HK3",0.73
"TYROBP","GRB2",0.709
"TYROBP","FCAR",0.834
"TYROBP","SIGLEC1",0.794
"TYROBP","TLR4",0.736
"TYROBP","FYN",0.933
"RBM42","SF3B3",0.813
"RBM42","SNRPF",0.935
"RBM42","LSM3",0.906
"RBM42","PRPF31",0.96
"RBM42","SNRNP70",0.849
"RBM42","SF3B2",0.866
"RBM42","PRPF6",0.953
"RBM42","PRP4K",0.879
"RBM42","USP39",0.967
"RBM42","LSM6",0.919
"RBM42","DDX23",0.945
"RBM42","SNU13",0.926
"RBM42","SF3B1",0.82
"RBM42","TXNL4A",0.919
"RBM42","SNRPD1",0.92
"RBM42","SF3B4",0.854
"CCNE1","CDK6",0.999
"CCNE1","MCM7",0.758
"CCNE1","CUL3",0.816
"CCNE1","CHEK1",0.704
"CCNE1","CKS2",0.852
"CCNE1","CDC16",0.719
"CCNE1","BRCA1",0.718
"CCNE1","CDKN1A",0.999
"CCNE1","TP53",0.926
"CCNE1","GSK3B",0.748
"CCNE1","CDT1",0.832
"CCNE1","CUL1",0.959
"CCNE1","CDC25A",0.991
"CCNE1","CDC25C",0.738
"CCNE1","PCNA",0.896
"CCNE1","SKP2",0.99
"CCNE1","RB1",0.994
"CCNE1","EGFR",0.752
"CCNE1","CDK2",0.999
"CCNE1","CCT4",0.765
"CCNE1","PDCD11",0.825
"CCNE1","CCT2",0.866
"CCNE1","E2F1",0.942
"CCNE1","CDK5",0.86
"RAB2A","MAPK3",0.734
"RAB2A","RASA1",0.706
"ANOS1","FGF2",0.781
"CBFA2T2","RUNX1",0.907
"CDKN2C","TP53",0.957
"CDKN2C","CDK6",0.999
"CDKN2C","CDKN1A",0.902
"ACIN1","MAGOHB",0.883
"ACIN1","UPF3B",0.786
"ACIN1","SRRM2",0.942
"ACIN1","SNRNP70",0.765
"ACIN1","SRRM1",0.894
"ACIN1","CASP3",0.887
"TEP1","NHP2",0.933
"TEP1","TAF12",0.926
"TEP1","TAF10",0.925
"TEP1","GNL3L",0.788
"TEP1","SUPT3H",0.945
"TEP1","HSP90AB1",0.894
"TEP1","HSP90AA1",0.893
"TEP1","TRRAP",0.952
"CDH20","CDH2",0.843
"PHLPP1","PTEN",0.814
"EFCAB6","AR",0.712
"PIK3R3","PRKCZ",0.907
"PIK3R3","FYN",0.937
"PIK3R3","PIP5K1A",0.925
"PIK3R3","NRAS",0.923
"PIK3R3","PIP4K2A",0.928
"PIK3R3","CRKL",0.813
"PIK3R3","HCK",0.784
"PIK3R3","PDPK1",0.94
"PIK3R3","ITGA2",0.913
"PIK3R3","CRK",0.926
"PIK3R3","PTEN",0.955
"PIK3R3","PLCB1",0.8
"PIK3R3","EGFR",0.99
"PIK3R3","PIKFYVE",0.912
"PIK3R3","JAK2",0.939
"PIK3R3","INSR",0.88
"PIK3R3","SYK",0.937
"PIK3R3","RAP1A",0.918
"PIK3R3","CD19",0.932
"PIK3R3","MTOR",0.937
"PIK3R3","PIK3CA",0.999
"PIK3R3","PIK3CD",0.999
"PIK3R3","ERBB3",0.96
"PIK3R3","IFNGR1",0.905
"PIK3R3","IRS1",0.997
"PIK3R3","CBL",0.826
"PIK3R3","RET",0.755
"PIK3R3","SRC",0.961
"PIK3R3","TLR4",0.909
"PIK3R3","ERBB2",0.975
"PIK3R3","PIK3R4",0.7
"PIK3R3","PTK2",0.971
"PIK3R3","ZAP70",0.915
"PIK3R3","KIT",0.932
"PIK3R3","PIP4K2C",0.924
"PIK3R3","FCER1G",0.904
"PIK3R3","PIP5K1B",0.921
"PIK3R3","NTRK1",0.924
"PIK3R3","CBLB",0.906
"PIK3R3","PGR",0.911
"PIK3R3","MRAS",0.91
"PRDX1","TXN",0.99
"PRDX1","HSP90AA1",0.753
"PRDX1","HSP90AB1",0.801
"PRDX1","TP53",0.723
"PRDX1","CDK5",0.805
"PRDX1","MAP3K5",0.89
"PRDX1","PTEN",0.781
"RPS6KA6","TSC1",0.908
"RPS6KA6","NRAS",0.906
"RPS6KA6","MAPK3",0.928
"TIMP2","MMP14",0.999
"TIMP2","HPX",0.94
"TIMP2","PLAU",0.718
"TIMP2","MMP3",0.967
"TIMP2","FN1",0.713
"TIMP2","IGFBP7",0.874
"TIMP2","IL6",0.799
"TIMP2","MMP1",0.936
"TIMP2","TIMP4",0.709
"LGALS3BP","FN1",0.953
"LGALS3BP","CD9",0.736
"ELL","TCEA2",0.951
"ELL","SUPT6H",0.849
"ELL","ERCC6",0.905
"ELL","POLR2B",0.702
"ELL","CTR9",0.93
"ELL","CDC73",0.919
"ELL","TP53",0.822
"ELL","EP300",0.803
"ELL","EAF2",0.998
"ELL","PEX2",0.903
"ELL","AFF4",0.999
"ELL","NELFB",0.942
"MAU2","WAPL",0.982
"MAU2","RAD21",0.902
"MAU2","NIPBL",0.999
"TRPC5","CACNA1H",0.924
"TRPC5","CACNA1G",0.931
"TRPC5","GNAQ",0.717
"TRPC5","CALM3",0.847
"TRPC5","ANK2",0.742
"TRPC5","CALML5",0.847
"TRPC5","CALML4",0.815
"AMMECR1","ACSL4",0.936
"RRAGB","RRAGA",0.999
"RRAGB","SEC13",0.823
"RRAGB","MTOR",0.999
"RRAGB","SKP2",0.905
"RRAGB","RRAGD",0.999
"RRAGB","SEH1L",0.842
"RRAGB","TSC1",0.852
"RRAGB","RPS6",0.718
"RRAGB","MIOS",0.856
"RRAGB","SH3BP4",0.871
"BPI","MS4A3",0.732
"XRCC1","XRCC5",0.92
"XRCC1","XPA",0.846
"XRCC1","ERCC3",0.846
"XRCC1","POLL",0.827
"XRCC1","TP53",0.75
"XRCC1","PCNA",0.856
"XRCC1","FEN1",0.946
"XRCC1","BRCA2",0.827
"XRCC1","RAD23B",0.807
"XRCC1","ATM",0.835
"XRCC1","PRKDC",0.963
"XRCC1","ERCC6",0.86
"XRCC1","PARP1",0.999
"XRCC1","EXO1",0.742
"XRCC1","H2AX",0.788
"XRCC1","BRCA1",0.817
"XRCC1","WRN",0.792
"XRCC1","POLE",0.911
"XRCC1","LIG1",0.997
"XRCC1","NBN",0.749
"MARK4","BRCA1",0.903
"E2F3","CDK2",0.973
"E2F3","RB1",0.998
"E2F3","E2F1",0.979
"E2F3","CDKN1A",0.765
"E2F3","CDK6",0.832
"E2F3","TP53",0.707
"E2F3","EZH2",0.732
"KCNQ4","KCNQ2",0.941
"KCNQ4","CALM3",0.972
"ARPC1A","WAS",0.966
"ARPC1A","HCLS1",0.933
"ARPC1A","ARPC2",0.999
"MAP2K2","PRKACG",0.918
"MAP2K2","PRKACA",0.915
"MAP2K2","PPP2R1B",0.9
"MAP2K2","MAPK11",0.947
"MAP2K2","ARAF",0.996
"MAP2K2","MAP2K1",0.996
"MAP2K2","MAPK3",0.99
"MAP2K2","NRAS",0.968
"MAP2K2","MAP3K7",0.922
"MAP2K2","PPP2R1A",0.919
"MAP2K2","GSK3B",0.935
"MAP2K2","SRC",0.716
"MAP2K2","YWHAE",0.704
"MAP2K2","YWHAQ",0.713
"GNA15","GNB1",0.82
"GNA15","GNAQ",0.729
"GNA15","GNG3",0.756
"GNA15","PLCB1",0.947
"YJU2","SNRPF",0.922
"YJU2","SRRM2",0.957
"YJU2","DHX15",0.972
"YJU2","DDX23",0.713
"YJU2","MAGOHB",0.981
"YJU2","CDC5L",0.999
"YJU2","SF3B1",0.713
"YJU2","DHX38",0.998
"YJU2","SNRPD1",0.922
"TCF3","PAX5",0.856
"TCF3","DNMT1",0.724
"TCF3","EP300",0.941
"TCF3","RUNX1",0.975
"TCF3","ID1",0.973
"TCF3","SOX2",0.701
"TCF3","HDAC2",0.723
"PIAS4","UBE2I",0.996
"PIAS4","STAT1",0.915
"PIAS4","BRCA1",0.897
"PIAS4","ATM",0.978
"PIAS4","PARP1",0.911
"PIAS4","UBE2N",0.798
"PIAS4","STAT5A",0.745
"PIAS4","SMAD3",0.896
"PIAS4","XRCC5",0.737
"PIAS4","TP53",0.954
"PIAS4","SMAD4",0.808
"PIAS4","STAT3",0.862
"PIAS4","PRKCZ",0.962
"PIAS4","STAT5B",0.75
"PIAS4","STAT6",0.755
"PIAS4","SUMO1",0.994
"PIAS4","SUMO3",0.946
"PIAS4","STAT2",0.749
"CSE1L","NUP50",0.871
"CSE1L","RANBP2",0.78
"CSE1L","TNPO1",0.824
"GAB1","EGF",0.826
"GAB1","SRC",0.89
"GAB1","ERBB3",0.932
"GAB1","PIK3CD",0.925
"GAB1","PIK3CA",0.92
"GAB1","PXN",0.714
"GAB1","GRB2",0.999
"GAB1","KIT",0.914
"GAB1","ERBB2",0.948
"GAB1","RET",0.711
"GAB1","INSR",0.943
"GAB1","EGFR",0.999
"GAB1","RASA1",0.712
"GAB1","CRK",0.972
"GAB1","CRKL",0.992
"UCP1","PPARG",0.925
"UCP1","COX7A1",0.728
"MAPK3","PPP2R1B",0.913
"MAPK3","FGF2",0.888
"MAPK3","GNB1",0.847
"MAPK3","ATP1B1",0.908
"MAPK3","MAP3K7",0.924
"MAPK3","STAT5B",0.8
"MAPK3","FADD",0.706
"MAPK3","FOXO3",0.961
"MAPK3","NRAS",0.97
"MAPK3","IRS1",0.833
"MAPK3","SRC",0.944
"MAPK3","PPP2R1A",0.932
"MAPK3","CYCS",0.788
"MAPK3","STAT3",0.87
"MAPK3","TP53",0.994
"MAPK3","HSP90AB1",0.818
"MAPK3","HSP90AA1",0.823
"MAPK3","SMAD3",0.964
"MAPK3","IL1A",0.716
"MAPK3","CASP3",0.985
"MAPK3","CAV1",0.803
"MAPK3","STAT5A",0.777
"MAPK3","PARP1",0.758
"MAPK3","IL1B",0.86
"MAPK3","ESR2",0.955
"MAPK3","CREB5",0.939
"MAPK3","MITF",0.94
"MAPK3","TLR4",0.824
"MAPK3","MAPK11",0.91
"MAPK3","PRKACA",0.959
"MAPK3","PRKACG",0.957
"MAPK3","SP1",0.972
"MAPK3","PTEN",0.756
"MAPK3","PRKCZ",0.926
"MAPK3","PLAAT3",0.709
"MAPK3","APP",0.753
"MAPK3","MAP2K1",0.999
"MAPK3","MTOR",0.762
"MAPK3","MAP2K6",0.956
"MAPK3","EGF",0.841
"MAPK3","IL6",0.905
"MAPK3","SMAD4",0.744
"MAPK3","JUN",0.987
"MAPK3","CEBPB",0.947
"MAPK3","IQGAP1",0.983
"MAPK3","FN1",0.829
"MAPK3","ARRB1",0.991
"MAPK3","GJA1",0.947
"MAPK3","CASP8",0.709
"MAPK3","PXN",0.858
"MAPK3","GRB2",0.868
"MAPK3","CREB3",0.915
"MAPK3","CARD9",0.926
"MAPK3","TSC1",0.94
"MAPK3","STAT1",0.964
"MAPK3","JAK2",0.783
"DHTKD1","DLST",0.999
"DHTKD1","CS",0.882
"DHTKD1","BCKDHB",0.776
"DHTKD1","SDHB",0.832
"DHTKD1","SDHA",0.867
"DHTKD1","PDHB",0.75
"PHYH","ACOX3",0.74
"PHYH","PEX13",0.825
"PHYH","ACAA1",0.803
"PHYH","PEX2",0.765
"PHYH","GNPAT",0.731
"MAP3K8","MAP2K1",0.976
"MAP3K8","CHUK",0.96
"MAP3K8","IL6",0.764
"MTPAP","SLIRP",0.762
"SCARF1","CRK",0.781
"SCARF1","HSPA4",0.754
"SCARF1","CALR",0.752
"SCARF1","SCARB2",0.832
"SCARF1","YWHAE",0.79
"SMG6","YWHAZ",0.726
"SMG6","UPF3B",0.903
"SMG6","NCBP1",0.847
"SMG6","EIF4G1",0.87
"SMG6","NCBP2",0.784
"SMG6","SMG5",0.996
"SMG6","NHP2",0.817
"ASPA","GLUL",0.831
"ASPA","CAD",0.9
"ITGAE","FN1",0.824
"ITGAE","SRC",0.707
"ITGAE","ITGA5",0.73
"ITGAE","ITGB7",0.999
"ITGAE","IL7R",0.705
"ITGAE","CD19",0.749
"ITGAE","IL10",0.735
"ITGAE","CD8A",0.908
"ITGAE","CD80",0.71
"PLD2","PLAAT3",0.917
"PLD2","ARF6",0.983
"PLD2","LPCAT4",0.916
"PLD2","LCAT",0.922
"PLD2","CAV1",0.765
"PLD2","GRB2",0.795
"PLD2","LPCAT1",0.922
"PLD2","SRC",0.844
"PLD2","PLPP2",0.782
"PLD2","PLA2G6",0.733
"METTL16","RBM15",0.996
"METTL16","CBLL1",0.926
"METTL16","METTL3",0.99
"METTL16","MEPCE",0.828
"ABCA7","BIN1",0.824
"ABCA7","CLU",0.81
"ABCA7","PICALM",0.872
"ABCA7","CD2AP",0.883
"ABCA7","MS4A4A",0.713
"CCDC6","RET",0.989
"CCDC6","PPP2R1A",0.731
"CCDC6","PPP4C",0.917
"PRKCQ","FYN",0.828
"PRKCQ","MAP3K7",0.955
"PRKCQ","IRS1",0.934
"PRKCQ","PDPK1",0.905
"PRKCQ","CASP3",0.782
"PRKCQ","CHUK",0.969
"PRKCQ","RUNX1",0.792
"PRKCQ","ZAP70",0.713
"CAPZA1","PDHB",0.766
"CAPZA1","S100A1",0.717
"CAPZA1","DCTN1",0.994
"CAPZA1","CD2AP",0.961
"CAPZA1","CAPZA2",0.997
"CAPZA1","BCKDHB",0.9
"CAPZA1","ARPC2",0.711
"KIF18A","KIF2C",0.954
"KIF18A","KIF20B",0.819
"KIF18A","NEK2",0.868
"KIF18A","PLK1",0.927
"KIF18A","BUB1B",0.913
"KIF18A","CDC25C",0.719
"KIF18A","PPP1CA",0.879
"KIF18A","ZWILCH",0.704
"KIF18A","PPP1CC",0.857
"KIF18A","KIFC1",0.902
"KIF18A","RACGAP1",0.787
"KIF18A","SMC4",0.745
"KIF18A","BUB3",0.721
"KIF18A","MAD2L1",0.926
"KIF18A","CDCA8",0.742
"KIF18A","CENPE",0.985
"KIF18A","SHCBP1",0.701
"KIF18A","NUDC",0.83
"BBOX1","TRIM22",0.801
"BBOX1","ALDH9A1",0.954
"BBOX1","TRAT1",0.98
"BBOX1","TRIM5",0.854
"BBOX1","TRIM25",0.73
"MSH4","VBP1",0.911
"MSH4","MUS81",0.833
"MSH4","ATM",0.76
"MSH4","EXO1",0.753
"MSH4","BRCA1",0.723
"MSH4","BRCA2",0.731
"DGCR2","HIRA",0.863
"DGCR2","UFD1",0.766
"UFD1","PSMC5",0.72
"UFD1","UBA52",0.778
"UFD1","UBL4A",0.828
"UFD1","UBXN7",0.999
"UFD1","CDT1",0.7
"UFD1","VCP",0.999
"UFD1","SKP2",0.941
"UFD1","IFT56",0.994
"MED15","ERCC3",0.837
"MED15","TAF7",0.82
"MED15","GTF2E1",0.837
"MED15","MED25",0.997
"MED15","EP300",0.771
"MED15","SMAD4",0.706
"MED15","MED8",0.996
"MED15","MED9",0.997
"MED15","POLR2J",0.856
"MED15","POLR2F",0.847
"MED15","MED23",0.999
"MED15","MED21",0.998
"MED15","H4C2",0.8
"MED15","MED13L",0.959
"MED15","POLR2L",0.817
"MED15","POLR2B",0.825
"MED15","GTF2E2",0.852
"MED15","GTF2F2",0.842
"MED15","MED1",0.999
"MED15","MED14",0.999
"MED15","POLR2D",0.827
"MED15","TAF10",0.817
"MED15","TAF12",0.86
"MED15","GTF2B",0.884
"MED15","H2AZ1",0.813
"MED15","TAF11",0.807
"MED15","POLR2G",0.855
"MED15","GTF2H1",0.84
"MED15","QKI",0.994
"MED15","MED16",0.999
"MED15","MED7",0.999
"ARVCF","PKP3",0.759
"ARVCF","FMR1",0.797
"HIRA","ASF1B",0.986
"DGCR8","LIN28A",0.716
"DGCR8","TARBP2",0.966
"DGCR8","TP53",0.929
"DGCR8","AGO3",0.891
"DGCR8","METTL3",0.985
"DGCR8","DDX17",0.996
"DGCR8","DHX9",0.861
"DGCR8","FMR1",0.831
"SYP","APP",0.918
"SYP","SNAP91",0.765
"SYP","SST",0.746
"SYP","EGFR",0.709
"SYP","KRT7",0.84
"SYP","OTOF",0.832
"SYP","VAMP2",0.999
"SYP","CDK5",0.715
"SYP","GRB2",0.835
"SYP","BACE1",0.786
"ACTR3","ARPC2",0.999
"ACTR3","HCLS1",0.975
"ACTR3","WAS",0.996
"ACTR3","EPS8",0.727
"DDX18","EIF6",0.966
"DDX18","HEATR1",0.892
"DDX18","PA2G4",0.935
"DDX18","RRP15",0.843
"DDX18","POLR1E",0.842
"DDX18","RPL4",0.93
"DDX18","GNL2",0.975
"DDX18","EBNA1BP2",0.99
"DDX18","RPL30",0.912
"DDX18","MAK16",0.994
"DDX18","RPL15",0.911
"DDX18","DDX47",0.901
"DDX18","DHX15",0.939
"DDX18","RPL23",0.891
"DDX18","UTP14A",0.923
"DDX18","MRTO4",0.996
"DDX18","RPL13",0.936
"DDX18","NOC4L",0.756
"DDX18","RRS1",0.814
"DDX18","BRD4",0.709
"DDX18","RPL3L",0.849
"DDX18","TSR1",0.951
"DDX18","RPL22",0.803
"DDX18","POLR1B",0.858
"DDX18","RPL27",0.875
"DDX18","PDCD11",0.929
"DDX18","BRIX1",0.997
"DDX18","RPL38",0.916
"DDX18","RPL13A",0.826
"DDX18","NOC3L",0.985
"DDX18","GTPBP4",0.997
"DDX18","RCL1",0.882
"DDX18","FTSJ3",0.996
"DDX18","DDX17",0.735
"DDX18","RPL14",0.913
"DDX18","WDR3",0.907
"DDX18","RRP1B",0.968
"DDX18","GNL3L",0.976
"DDX18","ABCE1",0.754
"DDX18","RPL37",0.867
"DDX18","NOL10",0.785
"DDX18","RPF1",0.989
"DDX18","NHP2",0.835
"DDX18","NOL6",0.839
"DDX18","RPL3",0.882
"DDX18","NOC2L",0.996
"DDX18","GNL3",0.984
"ARFGAP3","ARFGAP1",0.889
"ARFGAP3","COPB2",0.938
"ARFGAP3","COPA",0.903
"PACSIN2","CAV1",0.795
"PACSIN2","DNM1",0.725
"EP300","BRD4",0.988
"EP300","XRCC5",0.716
"EP300","XPA",0.928
"EP300","YBX1",0.898
"EP300","ZEB1",0.932
"EP300","SRC",0.959
"EP300","RUNX1",0.989
"EP300","STAT3",0.999
"EP300","HSP90AB1",0.739
"EP300","TP53",0.999
"EP300","EZH2",0.963
"EP300","JUN",0.999
"EP300","SNIP1",0.781
"EP300","SMAD4",0.994
"EP300","CEBPB",0.996
"EP300","FEN1",0.879
"EP300","PCNA",0.9
"EP300","PGR",0.776
"EP300","TXN",0.819
"EP300","CDC25A",0.864
"EP300","HDAC4",0.887
"EP300","HSP90AA1",0.809
"EP300","HDAC1",0.999
"EP300","H3-4",0.966
"EP300","ARRB1",0.781
"EP300","RBBP5",0.768
"EP300","SMAD3",0.999
"EP300","TRRAP",0.758
"EP300","H4C2",0.906
"EP300","RAD21",0.754
"EP300","H2AC8",0.983
"EP300","MED13L",0.729
"EP300","ATM",0.904
"EP300","BAZ1B",0.772
"EP300","CREB3",0.949
"EP300","STAT5A",0.946
"EP300","PARP1",0.881
"EP300","ERCC6",0.86
"EP300","CHUK",0.742
"EP300","MED1",0.918
"EP300","IL1B",0.71
"EP300","AR",0.952
"EP300","H2AX",0.713
"EP300","UBE2I",0.809
"EP300","SMARCA4",0.969
"EP300","ARID1A",0.855
"EP300","STAT1",0.998
"EP300","CDKN1A",0.92
"EP300","ESR2",0.811
"EP300","BRCA1",0.986
"EP300","CREB5",0.924
"EP300","SUMO1",0.828
"EP300","NPM1",0.788
"EP300","NUP98",0.709
"EP300","IRF3",0.999
"EP300","CARM1",0.999
"EP300","MITF",0.877
"EP300","HDAC2",0.944
"EP300","IRF7",0.979
"EP300","STAT2",0.937
"EP300","PRKACA",0.851
"EP300","CTBP1",0.955
"EP300","PKM",0.725
"EP300","PPARG",0.997
"EP300","PRKACG",0.849
"EP300","NCOR1",0.959
"EP300","STAT6",0.945
"EP300","E2F1",0.973
"EP300","SP1",0.999
"EP300","HMGN1",0.947
"EP300","KDM1A",0.899
"EP300","GTF2B",0.966
"EP300","DDX17",0.87
"EP300","SOX2",0.705
"EP300","KLF5",0.931
"EP300","RB1",0.808
"EP300","H2AZ1",0.753
"EP300","FOXO3",0.991
"EP300","STAT5B",0.907
"EP300","APP",0.959
"EP300","SKP2",0.942
"EP300","HEY1",0.73
"EP300","CDK2",0.925
"DESI1","PSMC5",0.994
"DESI1","PSMC2",0.994
"DESI1","BAG6",0.994
"GRIN2D","CALML4",0.74
"GRIN2D","CACNG2",0.795
"GRIN2D","PRKACG",0.712
"GRIN2D","COX7A2L",0.839
"GRIN2D","CALML5",0.739
"GRIN2D","GRIN2C",0.998
"GRIN2D","PRKACA",0.713
"GRIN2D","CALM3",0.755
"LIG1","RAD23B",0.776
"LIG1","WDHD1",0.713
"LIG1","FEN1",0.999
"LIG1","PCNA",0.999
"LIG1","MCM2",0.819
"LIG1","POLL",0.863
"LIG1","MCM6",0.861
"LIG1","XPA",0.823
"LIG1","XRCC5",0.769
"LIG1","ERCC3",0.872
"LIG1","CDT1",0.738
"LIG1","EXO1",0.923
"LIG1","PARP1",0.703
"LIG1","PRKDC",0.718
"LIG1","RFC3",0.825
"LIG1","CHEK1",0.794
"LIG1","MCM7",0.855
"LIG1","RFC4",0.959
"LIG1","POLD3",0.857
"LIG1","WRN",0.895
"LIG1","POLE",0.931
"EHD2","AP2A2",0.904
"EHD2","CAV1",0.786
"EHD2","CLTB",0.92
"P2RX3","GRIN2C",0.909
"NOX4","SMAD3",0.805
"NOX4","STAT5A",0.792
"NOX4","TLR4",0.996
"NOX4","STAT5B",0.793
"TYR","DDC",0.962
"TYR","PMEL",0.989
"TYR","MLANA",0.985
"TYR","SLC45A2",0.97
"TYR","CD8A",0.709
"TYR","TYRP1",0.896
"TYR","MITF",0.981
"TYR","DCT",0.958
"TYR","MAGEA1",0.702
"IL37","IL1B",0.852
"IL37","IL18",0.965
"IL37","IL1A",0.807
"IL37","SMAD3",0.98
"IL37","IL18R1",0.999
"PAX8","KRT7",0.876
"PAX8","NRAS",0.803
"PAX8","PPARG",0.994
"PAX8","PRKACG",0.913
"PAX8","RET",0.728
"PAX8","PRKACA",0.913
"PAX8","SMAD3",0.839
"PAX8","TP53",0.772
"IL1A","TOLLIP",0.716
"IL1A","FN1",0.773
"IL1A","IL6",0.989
"IL1A","CXCL9",0.73
"IL1A","EGF",0.802
"IL1A","JUN",0.944
"IL1A","CXCL10",0.958
"IL1A","STAT3",0.861
"IL1A","IFNA2",0.897
"IL1A","NLRP3",0.845
"IL1A","MMP1",0.798
"IL1A","CHUK",0.714
"IL1A","IL1B",0.999
"IL1A","CCR2",0.704
"IL1A","STAT1",0.741
"IL1A","CASP3",0.725
"IL1A","IL18",0.997
"IL1A","IRAK1",0.977
"IL1A","IL13",0.943
"IL1A","ICAM1",0.807
"IL1A","FGF2",0.718
"IL1A","AIM2",0.731
"IL1A","CD40",0.803
"IL1A","IL3",0.994
"IL1A","IL18R1",0.849
"IL1A","TLR3",0.807
"IL1A","IL7R",0.713
"IL1A","IFNA1",0.776
"IL1A","TLR4",0.974
"IL1A","IFNB1",0.75
"IL1A","CAPN2",0.912
"IL1A","IL10",0.971
"IL1A","CXCL8",0.974
"IL1A","EGFR",0.701
"IL1A","CCL11",0.974
"IL1A","CCL5",0.9
"IL1A","CCL8",0.741
"IL1A","CD80",0.778
"IL1A","ALB",0.725
"IL1A","CD8A",0.777
"IL1A","MMP3",0.807
"IL1B","CASP8",0.943
"IL1B","CXCL11",0.705
"IL1B","TOLLIP",0.847
"IL1B","FN1",0.869
"IL1B","HSP90AA1",0.8
"IL1B","SOCS3",0.819
"IL1B","HSP90AB1",0.718
"IL1B","TP53",0.718
"IL1B","CXCL10",0.962
"IL1B","JUN",0.987
"IL1B","STAT3",0.938
"IL1B","IFNA2",0.913
"IL1B","HSPA4",0.776
"IL1B","ARG1",0.8
"IL1B","IL6",0.996
"IL1B","CXCL9",0.855
"IL1B","EGF",0.762
"IL1B","ATF3",0.709
"IL1B","CLEC4E",0.782
"IL1B","SCARB2",0.712
"IL1B","CCR2",0.867
"IL1B","MX1",0.746
"IL1B","JAK2",0.806
"IL1B","STAT1",0.846
"IL1B","NLRP3",0.997
"IL1B","CASP5",0.85
"IL1B","CXCR1",0.879
"IL1B","CHUK",0.833
"IL1B","MMP1",0.873
"IL1B","IRAK1",0.991
"IL1B","IDO1",0.748
"IL1B","IFI16",0.743
"IL1B","IL13",0.953
"IL1B","ICAM1",0.912
"IL1B","CXCR3",0.843
"IL1B","CASP3",0.899
"IL1B","CCR1",0.764
"IL1B","IL18",0.99
"IL1B","RIGI",0.743
"IL1B","TLR8",0.746
"IL1B","IL18R1",0.842
"IL1B","FASLG",0.8
"IL1B","FGF2",0.896
"IL1B","HSPA5",0.731
"IL1B","CCRL2",0.744
"IL1B","AIM2",0.874
"IL1B","PPARG",0.858
"IL1B","CD40",0.949
"IL1B","IL3",0.977
"IL1B","NOD2",0.866
"IL1B","S100A12",0.762
"IL1B","LY96",0.723
"IL1B","TLR4",0.986
"IL1B","TLR3",0.871
"IL1B","IRF3",0.736
"IL1B","IL7R",0.758
"IL1B","IFNA1",0.849
"IL1B","CXCL8",0.994
"IL1B","IL10",0.991
"IL1B","CCR5",0.826
"IL1B","EGFR",0.873
"IL1B","CCL11",0.957
"IL1B","PLAU",0.765
"IL1B","IFNB1",0.881
"IL1B","ALB",0.836
"IL1B","APP",0.828
"IL1B","MMP3",0.832
"IL1B","CD8A",0.922
"IL1B","CXCL13",0.738
"IL1B","PTEN",0.738
"IL1B","CD80",0.855
"IL1B","CCL5",0.938
"TCF25","NEMF",0.956
"TCF25","VCP",0.826
"NAPA","STX8",0.984
"NAPA","STX5",0.989
"NAPA","VAMP2",0.997
"NAPA","STX11",0.887
"NAPA","VAMP5",0.772
"NAPA","STX2",0.95
"BLVRB","NDUFS6",0.762
"BLVRB","NDUFB8",0.786
"BLVRB","NDUFB3",0.719
"BLVRB","NDUFV2",0.818
"BLVRB","NDUFA13",0.772
"BLVRB","NDUFA8",0.828
"BLVRB","NDUFS2",0.824
"BLVRB","CYC1",0.848
"BLVRB","NDUFS4",0.803
"BLVRB","UQCRFS1",0.862
"BLVRB","NDUFS3",0.876
"BLVRB","NDUFA3",0.704
"ITPKC","PLCB1",0.728
"BRD4","BRD3",0.96
"BRD4","EIF4G1",0.71
"BRD4","E2F1",0.918
"BRD4","HDAC2",0.754
"BRD4","CBX3",0.763
"BRD4","RFC4",0.792
"BRD4","SSRP1",0.719
"BRD4","KDM1A",0.808
"BRD4","H2AZ1",0.706
"BRD4","GTPBP4",0.781
"BRD4","FOXO3",0.96
"BRD4","HDAC1",0.954
"BRD4","H3-4",0.991
"BRD4","MED23",0.818
"BRD4","MEPCE",0.817
"BRD4","DNMT1",0.791
"BRD4","STAT3",0.826
"BRD4","TAF7",0.719
"BRD4","TP53",0.99
"BRD4","EZH2",0.85
"BRD4","ADAR",0.715
"BRD4","MED1",0.889
"BRD4","SMC2",0.764
"BRD4","AR",0.969
"BRD4","NIPBL",0.95
"BRD4","SMARCA4",0.957
"BRD4","RPS2",0.829
"BRD4","ARID1A",0.818
"BRD4","SMARCD1",0.708
"BRD4","MED14",0.809
"BRD4","RBBP4",0.718
"BRD4","ILF3",0.734
"BRD4","TCERG1",0.703
"BRD4","RFC3",0.783
"BRD4","PARP1",0.766
"IL27RA","IL13",0.759
"IL27RA","IL10",0.848
"IL27RA","JAK2",0.953
"IL27RA","STAT1",0.984
"IL27RA","IFNB1",0.746
"IL27RA","STAT3",0.871
"IL27RA","IL6",0.943
"IL27RA","IFNA1",0.746
"IL27RA","IL3",0.785
"ASF1B","CDCA8",0.829
"ASF1B","H2AZ1",0.772
"ASF1B","HAT1",0.944
"ASF1B","SNU13",0.791
"ASF1B","MCM10",0.761
"ASF1B","CDCA3",0.809
"ASF1B","MCM6",0.939
"ASF1B","MCM2",0.996
"ASF1B","BUB1B",0.7
"ASF1B","PLK1",0.725
"ASF1B","H3-4",0.968
"ASF1B","MCM7",0.9
"ASF1B","H4C2",0.97
"ASF1B","KIF2C",0.71
"ASF1B","EXO1",0.717
"ASF1B","RBBP4",0.843
"ASF1B","RBBP7",0.864
"ILVBL","BCKDHB",0.708
"ILVBL","IDH3A",0.703
"ILVBL","AGXT",0.879
"ILVBL","PDHB",0.703
"ILVBL","CS",0.87
"FAM32A","UPF3B",0.8
"FAM32A","SNRPF",0.811
"FAM32A","SRRM2",0.8
"FAM32A","CDC5L",0.839
"FAM32A","SRRM1",0.8
"FAM32A","MAGOHB",0.833
"FAM32A","SNRPD1",0.803
"NOTCH3","TP53",0.71
"NOTCH3","RFNG",0.952
"NOTCH3","EGF",0.778
"NOTCH3","PSEN1",0.827
"NOTCH3","YBX1",0.789
"NOTCH3","TACC3",0.908
"NOTCH3","EGFR",0.785
"NOTCH3","HEY1",0.892
"NOTCH3","NCSTN",0.817
"COMMD9","FJX1",0.92
"C6","CD34",0.722
"C6","BAK1",0.72
"C6","BAX",0.72
"PRKCG","CASP3",0.921
"PRKCG","PTK2",0.904
"PRKCG","PPP2R1A",0.9
"PRKCG","PPP2R2B",0.744
"PRKCG","CACNA1D",0.943
"PRKCG","PLA2G6",0.9
"PRKCG","CACNA1F",0.908
"PRKCG","PLCB1",0.93
"PRKCG","NRAS",0.904
"PRKCG","ADCY8",0.736
"PRKCG","ADCY1",0.736
"PRKCG","ARAF",0.902
"PRKCG","ITPR1",0.954
"PRKCG","MTOR",0.921
"PRKCG","GNG3",0.752
"PRKCG","PPP2R1B",0.9
"PRKCG","MRAS",0.908
"PRKCG","GNB1",0.733
"ALG6","DPM1",0.942
"ALG6","PDCD6",0.773
"BIRC3","UBE2D2",0.998
"BIRC3","MAP3K7",0.942
"BIRC3","FADD",0.96
"BIRC3","CD40",0.914
"BIRC3","CFLAR",0.846
"BIRC3","TBK1",0.729
"BIRC3","TLR3",0.708
"BIRC3","TLR4",0.797
"BIRC3","NOD2",0.825
"BIRC3","CHUK",0.758
"BIRC3","TRAF3",0.999
"BIRC3","CASP3",0.997
"BIRC3","BECN1",0.995
"BIRC3","UBE2N",0.952
"BIRC3","XIAP",0.994
"BIRC3","CASP8",0.922
"SLC10A3","UBL4A",0.88
"ATP2B3","CACNA1H",0.713
"ATP2B3","PRKACG",0.926
"ATP2B3","CALML5",0.738
"ATP2B3","CALM3",0.751
"ATP2B3","PRKACA",0.932
"ATP2B3","CALML4",0.725
"ATP2B3","CACNA1D",0.829
"PARP12","IFIT5",0.702
"PARP12","DDX60",0.84
"PARP12","PARP1",0.886
"PARP12","OAS1",0.744
"PARP12","XAF1",0.73
"PARP12","RIGI",0.758
"PARP12","HERC6",0.779
"PARP12","IFI35",0.731
"PARP12","IFI44",0.749
"P4HA1","P4HA2",0.957
"P4HA1","PDIA3",0.719
"P4HA1","P4HB",0.993
"P4HA1","PLOD2",0.853
"VPS26A","AMPH",0.738
"VPS26A","BIN1",0.711
"VPS26A","MCM7",0.748
"VPS26A","VPS35",0.999
"VPS26A","RAB5A",0.792
"VPS26A","RAB7A",0.901
"LCN1","RBP4",0.702
"ARID3A","TP53",0.929
"MTIF2","MRPL46",0.923
"MTIF2","MRPL48",0.925
"MTIF2","MRPS14",0.982
"MTIF2","MRPS15",0.979
"MTIF2","HMGN1",0.718
"MTIF2","EIF1AX",0.831
"MTIF2","EEF2",0.713
"MTIF2","TSFM",0.953
"MTIF2","RPL3",0.837
"MTIF2","MRPL9",0.989
"MTIF2","MRPL19",0.983
"MTIF2","MRPL58",0.978
"MTIF2","MRNIP",0.711
"MTIF2","RPS11",0.95
"MTIF2","MRPS18C",0.912
"MTIF2","MRPL16",0.98
"MTIF2","MRPL24",0.978
"MTIF2","RPS3",0.98
"MTIF2","RPL3L",0.828
"MTIF2","PDCD11",0.757
"MTIF2","POLR1B",0.785
"MTIF2","MRPL40",0.787
"MTIF2","EFL1",0.719
"MTIF2","EIF1AY",0.828
"MTIF2","MRPS17",0.93
"MTIF2","RPS9",0.936
"MTIF2","HMGN4",0.715
"MTIF2","RPL13A",0.773
"MTIF2","RPL10L",0.786
"MTIF2","RPL38",0.838
"MTIF2","EPRS1",0.819
"MTIF2","RPS23",0.837
"MTIF2","DAP3",0.982
"MTIF2","MRPL20",0.974
"MTIF2","RPL12",0.717
"MTIF2","RPS14",0.843
"MTIF2","RPS16",0.841
"MTIF2","RPL5",0.957
"MTIF2","RPL10",0.787
"MTIF2","SIL1",0.789
"MTIF2","MRPL3",0.983
"MTIF2","RPL23",0.926
"MTIF2","RPS19",0.843
"MTIF2","MRPS16",0.992
"MTIF2","MRPL49",0.929
"MTIF2","RPL15",0.837
"MTIF2","MRPL57",0.764
"MTIF2","RPL13",0.828
"MTIF2","MRPL2",0.986
"MTIF2","MRPL4",0.985
"MTIF2","MRTO4",0.874
"MTIF2","MRPS11",0.989
"MTIF2","MRPS12",0.987
"MTIF2","TUFM",0.812
"MTIF2","MRPL11",0.979
"MTIF2","IMP3",0.935
"MTIF2","MRPL17",0.984
"MTIF2","RPS2",0.912
"MTIF2","RPL37A",0.824
"MTIF2","RPL24",0.846
"MTIF2","EIF3B",0.737
"MTIF2","RPS6",0.867
"MTIF2","ATP5IF1",0.706
"MTIF2","MRPS28",0.912
"MTIF2","MED1",0.922
"MTIF2","MRPS31",0.921
"MTIF2","QARS1",0.709
"MTIF2","MRPL12",0.972
"MTIF2","MRPL39",0.957
"MTIF2","RPL4",0.849
"MTIF2","MRPS18A",0.912
"MTIF2","RPLP1",0.802
"MTIF2","MRPL33",0.959
"MTIF2","POLR2B",0.812
"MTIF2","RPL30",0.839
"LY75","CD40",0.74
"LY75","CD8A",0.736
"LY75","CD80",0.724
"CD81","GNAQ",0.925
"CD81","FLOT2",0.764
"CD81","CD8A",0.962
"CD81","CD37",0.725
"CD81","IFITM1",0.999
"CD81","TFRC",0.732
"CD81","EGFR",0.886
"CD81","CD19",0.999
"CD81","HSPA4",0.959
"CD81","HSP90AB1",0.828
"CD81","CD27",0.729
"CD81","HSP90AA1",0.826
"CD81","CBLB",0.725
"CD81","CD9",0.997
"CD81","ITGA3",0.722
"CD81","ICAM1",0.837
"CD81","SCARB2",0.896
"PNO1","SNU13",0.956
"PNO1","RPS14",0.994
"PNO1","RCL1",0.988
"PNO1","RRP7A",0.961
"PNO1","GTPBP4",0.772
"PNO1","RPS9",0.989
"PNO1","RPS23",0.965
"PNO1","PDCD11",0.863
"PNO1","DNTTIP2",0.963
"PNO1","TSR1",0.998
"PNO1","UTP11",0.968
"PNO1","CSNK1D",0.846
"PNO1","RPS3",0.958
"PNO1","RIOK2",0.996
"PNO1","EXOSC10",0.959
"PNO1","RPS11",0.953
"PNO1","NOL6",0.98
"PNO1","NOL10",0.961
"PNO1","FCF1",0.97
"PNO1","WDR3",0.986
"PNO1","EIF3I",0.802
"PNO1","BUD23",0.964
"PNO1","NOL7",0.809
"PNO1","GNL2",0.716
"PNO1","RPS4X",0.949
"PNO1","HEATR1",0.982
"PNO1","RPS2",0.98
"PNO1","RPS6",0.988
"PNO1","RPS27L",0.755
"PNO1","RPS21",0.9
"PNO1","IMP3",0.967
"PNO1","NOC4L",0.982
"PNO1","UTP14A",0.996
"PNO1","MRTO4",0.738
"PNO1","RPS19",0.942
"PNO1","DHX15",0.709
"PNO1","RPS16",0.958
"PNO1","CSNK1E",0.919
"PNO1","NGDN",0.963
"PNO1","MAK16",0.705
"TAF1B","NOC2L",0.825
"TAF1B","POLR1D",0.744
"TAF1B","POLR1B",0.704
"TAF1B","POLR1E",0.737
"POLD3","POLA2",0.953
"POLD3","RFC4",0.8
"POLD3","POLE",0.963
"POLD3","WRN",0.751
"POLD3","EXO1",0.759
"POLD3","BRCA1",0.723
"POLD3","REV3L",0.997
"POLD3","RFC3",0.789
"POLD3","FEN1",0.983
"POLD3","PCNA",0.998
"SELP","CXCL8",0.898
"SELP","CD34",0.832
"SELP","CCL5",0.775
"SELP","ALB",0.72
"SELP","CD40",0.985
"SELP","PPBP",0.887
"SELP","TLR4",0.885
"SELP","GP6",0.908
"SELP","SCARB2",0.746
"SELP","ICAM1",0.932
"SELP","FN1",0.778
"SELP","IL6",0.827
"SNRNP40","RBMX2",0.823
"SNRNP40","SNRPD1",0.996
"SNRNP40","NCBP1",0.867
"SNRNP40","SF3B4",0.806
"SNRNP40","SF3B1",0.888
"SNRNP40","RBM48",0.901
"SNRNP40","TXNL4A",0.995
"SNRNP40","DDX23",0.997
"SNRNP40","SNU13",0.967
"SNRNP40","MAGOHB",0.869
"SNRNP40","NCBP2",0.884
"SNRNP40","NHP2",0.769
"SNRNP40","MFAP1",0.992
"SNRNP40","USP39",0.985
"SNRNP40","LSM6",0.927
"SNRNP40","PRP4K",0.92
"SNRNP40","DHX38",0.892
"SNRNP40","TCERG1",0.973
"SNRNP40","SRRM1",0.863
"SNRNP40","CDC5L",0.999
"SNRNP40","PRPF6",0.999
"SNRNP40","SRRM2",0.982
"SNRNP40","SNRNP70",0.938
"SNRNP40","SF3B2",0.849
"SNRNP40","DHX15",0.895
"SNRNP40","LSM3",0.921
"SNRNP40","SNRPF",0.998
"SNRNP40","PRPF31",0.944
"SNRNP40","SNIP1",0.877
"SNRNP40","SF3B3",0.852
"SNRNP40","PPIH",0.928
"DNAJC8","SF1",0.739
"DNAJC8","DHX9",0.894
"DNAJC8","TCERG1",0.82
"DNAJC8","RBM5",0.811
"DNAJC8","SRRM2",0.848
"MECR","HADHB",0.932
"MECR","ACOX3",0.95
"MECR","ACAA2",0.937
"MECR","SDHB",0.719
"TFCP2L1","CYP11A1",0.757
"CLASP1","DCTN1",0.741
"CLASP1","PLK1",0.877
"CLASP1","CENPE",0.793
"CLASP1","NUDC",0.838
"EPAS1","HSP90AB1",0.791
"EPAS1","TP53",0.736
"EPAS1","JUN",0.716
"EPAS1","HSP90AA1",0.845
"EPAS1","SMAD3",0.801
"EPAS1","FH",0.799
"EPAS1","BNIP3",0.746
"EPAS1","EIF5B",0.946
"EPAS1","SP1",0.892
"EPAS1","CA9",0.908
"EPAS1","SOX2",0.874
"EPAS1","EGFR",0.821
"EPAS1","MTOR",0.728
"EPCAM","KRT19",0.888
"EPCAM","THY1",0.779
"EPCAM","KRT7",0.735
"EPCAM","EGFR",0.923
"EPCAM","CD9",0.943
"EPCAM","KRT18",0.789
"EPCAM","ERBB2",0.927
"KAT2B","SUPT3H",0.999
"KAT2B","E2F1",0.963
"KAT2B","DDX17",0.849
"KAT2B","H2AZ1",0.852
"KAT2B","KDM1A",0.758
"KAT2B","FOXO3",0.832
"KAT2B","MAP3K7",0.752
"KAT2B","SMARCA2",0.874
"KAT2B","MECOM",0.861
"KAT2B","ZEB1",0.809
"KAT2B","TAF7",0.931
"KAT2B","JUN",0.773
"KAT2B","TP53",0.985
"KAT2B","SF3B3",0.929
"KAT2B","BRCA2",0.953
"KAT2B","CEBPB",0.741
"KAT2B","BUB1B",0.735
"KAT2B","SMAD3",0.926
"KAT2B","TRRAP",0.999
"KAT2B","HDAC4",0.898
"KAT2B","HTT",0.962
"KAT2B","HDAC1",0.976
"KAT2B","H3-4",0.996
"KAT2B","AGXT",0.981
"KAT2B","H2AC8",0.828
"KAT2B","ERCC6",0.735
"KAT2B","H2AX",0.777
"KAT2B","SMARCA4",0.946
"KAT2B","CARM1",0.926
"KAT2B","HDAC2",0.95
"KAT2B","TAF10",0.999
"KAT2B","TAF12",0.998
"KAT2B","TACC3",0.706
"KAT2B","NCOR1",0.921
"KAT2B","CTBP1",0.859
"NDUFS3","UQCRFS1",0.999
"NDUFS3","ATP5F1A",0.932
"NDUFS3","HTATIP2",0.871
"NDUFS3","NDUFA3",0.999
"NDUFS3","NDUFA1",0.999
"NDUFS3","UQCRC2",0.995
"NDUFS3","CYC1",0.999
"NDUFS3","NDUFS4",0.999
"NDUFS3","COX6C",0.846
"NDUFS3","NDUFA7",0.999
"NDUFS3","ATP5PD",0.954
"NDUFS3","SDHD",0.931
"NDUFS3","CS",0.758
"NDUFS3","COX7A1",0.868
"NDUFS3","COX7C",0.948
"NDUFS3","NDUFB6",0.999
"NDUFS3","NDUFAF4",0.995
"NDUFS3","NDUFA8",0.999
"NDUFS3","MGLL",0.959
"NDUFS3","UQCR10",0.994
"NDUFS3","NDUFS2",0.999
"NDUFS3","ATP5PF",0.904
"NDUFS3","UQCRH",0.988
"NDUFS3","ATP5MC3",0.747
"NDUFS3","NDUFA13",0.999
"NDUFS3","NDUFC2",0.999
"NDUFS3","GZMA",0.756
"NDUFS3","DCK",0.714
"NDUFS3","NDUFB3",0.999
"NDUFS3","NME1",0.707
"NDUFS3","ATP5ME",0.84
"NDUFS3","TMEM126B",0.893
"NDUFS3","NDUFV2",0.999
"NDUFS3","COX5A",0.996
"NDUFS3","R3HDM4",0.869
"NDUFS3","ATP5PO",0.958
"NDUFS3","ATP5PB",0.874
"NDUFS3","NDUFA9",0.999
"NDUFS3","ATP5MF",0.809
"NDUFS3","NDUFB8",0.999
"NDUFS3","COX6A2",0.927
"NDUFS3","NDUFA4L2",0.726
"NDUFS3","NDUFB11",0.999
"NDUFS3","NDUFS6",0.999
"NDUFS3","SDHA",0.992
"NDUFS3","BCS1L",0.701
"NDUFS3","SDHB",0.996
"NDUFS3","NDUFB2",0.996
"NDUFS3","ATP5F1C",0.981
"NDUFS3","PDHB",0.823
"CHMP2B","TBK1",0.727
"CHMP2B","SQSTM1",0.778
"CHMP2B","VCP",0.858
"WDR76","XRCC5",0.736
"WDR76","PARP1",0.776
"WDR76","ATAD2",0.739
"WDR76","CBX3",0.757
"WDR76","XPC",0.753
"TYRO3","IFNAR1",0.733
"TYRO3","SOCS3",0.732
"OSBP","VAPA",0.999
"IL7","CXCL8",0.856
"IL7","IL10",0.988
"IL7","CD19",0.82
"IL7","CCL11",0.812
"IL7","IL13RA1",0.831
"IL7","JAK2",0.897
"IL7","EGFR",0.762
"IL7","IFNB1",0.721
"IL7","IFNGR1",0.817
"IL7","IL13",0.889
"IL7","STAT5B",0.962
"IL7","STAT5A",0.965
"IL7","ICAM1",0.728
"IL7","CD8A",0.914
"IL7","CCL5",0.805
"IL7","IL18",0.826
"IL7","IFNAR1",0.777
"IL7","CXCR5",0.75
"IL7","FN1",0.781
"IL7","FGF2",0.767
"IL7","IL3",0.988
"IL7","IL10RB",0.821
"IL7","CXCL10",0.831
"IL7","IFNA2",0.769
"IL7","CXCL9",0.736
"IL7","KIT",0.834
"IL7","IL6",0.983
"IL7","IL7R",0.999
"CHMP3","IGFBP7",0.793
"VAMP8","VAPA",0.773
"VAMP8","AP1G1",0.759
"VAMP8","STX2",0.994
"VAMP8","VAMP5",0.771
"VAMP8","STXBP2",0.855
"VAMP8","STX11",0.99
"VAMP8","AP1B1",0.726
"VAMP8","VAMP2",0.966
"VAMP8","STX5",0.991
"VAMP8","AP1S1",0.716
"VAMP8","STX8",0.999
"MAP4K3","GRB2",0.771
"USE1","STX8",0.876
"USE1","STX5",0.956
"STAM2","EGFR",0.858
"STAM2","EPS15",0.931
"STAM2","JAK2",0.983
"STAM2","UBA52",0.951
"STAM2","EPS15L1",0.791
"GRB14","INSR",0.996
"GRB14","EGFR",0.757
"STRN","ESR2",0.903
"STRN","CALML4",0.958
"STRN","CCT6A",0.716
"STRN","CAV1",0.809
"STRN","SRC",0.913
"STRN","PPP2R1A",0.999
"STRN","MOB4",0.999
"STRN","STK26",0.98
"STRN","STRN3",0.999
"STRN","PDCD10",0.999
"STRN","CALML5",0.958
"STRN","PPP2R1B",0.94
"STRN","CALM3",0.933
"CHIC2","FIP1L1",0.769
"KDR","FGF2",0.998
"KDR","IRS1",0.743
"KDR","RASA1",0.714
"KDR","EGFR",0.805
"KDR","CXCL8",0.728
"KDR","CD34",0.906
"KDR","PLCB1",0.729
"KDR","CRK",0.865
"KDR","FYN",0.807
"KDR","CRKL",0.723
"KDR","IQGAP1",0.946
"KDR","FN1",0.793
"KDR","HSP90AA1",0.954
"KDR","PTK2",0.958
"KDR","EGF",0.928
"KDR","CBL",0.805
"KDR","SRC",0.998
"KDR","TP53",0.73
"KDR","HSP90AB1",0.879
"KDR","PIK3CD",0.928
"KDR","PIK3CA",0.975
"KDR","NOS3",0.716
"KDR","JAK2",0.926
"KDR","SCARB2",0.845
"KDR","PXN",0.735
"KDR","CAV1",0.962
"KDR","GRB2",0.97
"TNFRSF8","CD27",0.934
"TNFRSF8","ERBB2",0.725
"TNFRSF8","CD40",0.952
"TNFRSF8","TRAF3",0.955
"TNFRSF8","CD8A",0.728
"TNFRSF8","CD7",0.794
"TNFRSF8","PAX5",0.795
"TNFRSF8","CD19",0.735
"KIF1B","SDHD",0.715
"PKP1","PKP3",0.916
"PKP1","DSP",0.995
"PKP1","CASP3",0.758
"PKP1","EIF4A1",0.819
"PKP1","FMR1",0.727
"PKP1","IVL",0.765
"USP13","SKP2",0.844
"USP13","PTEN",0.908
"USP13","USP7",0.808
"USP13","BECN1",0.904
"USP13","UBL4A",0.791
"USP13","VCP",0.706
"PIK3CA","YWHAZ",0.759
"PIK3CA","CAV1",0.727
"PIK3CA","GRB2",0.924
"PIK3CA","PDPK1",0.976
"PIK3CA","HCK",0.723
"PIK3CA","PIK3CD",0.998
"PIK3CA","ERBB3",0.993
"PIK3CA","TIAM1",0.727
"PIK3CA","STAT1",0.74
"PIK3CA","JAK2",0.98
"PIK3CA","ARID1A",0.913
"PIK3CA","BRCA1",0.728
"PIK3CA","SYK",0.935
"PIK3CA","RAP1A",0.948
"PIK3CA","ZAP70",0.92
"PIK3CA","PTK2",0.97
"PIK3CA","FCER1G",0.908
"PIK3CA","EGF",0.746
"PIK3CA","CBL",0.887
"PIK3CA","SRC",0.984
"PIK3CA","PPP2R1A",0.773
"PIK3CA","STAT3",0.859
"PIK3CA","TP53",0.941
"PIK3CA","SMAD4",0.805
"PIK3CA","BRCA2",0.812
"PIK3CA","PGR",0.961
"PIK3CA","HSP90AA1",0.837
"PIK3CA","CBLB",0.904
"PIK3CA","ITGA2",0.913
"PIK3CA","PLCB1",0.704
"PIK3CA","CRK",0.762
"PIK3CA","PTEN",0.995
"PIK3CA","PRKCZ",0.925
"PIK3CA","PIP5K1A",0.934
"PIK3CA","FYN",0.951
"PIK3CA","CRKL",0.769
"PIK3CA","PIP4K2A",0.925
"PIK3CA","NRAS",0.995
"PIK3CA","MAP2K1",0.844
"PIK3CA","IFNGR1",0.914
"PIK3CA","IRS1",0.999
"PIK3CA","INSR",0.947
"PIK3CA","EGFR",0.999
"PIK3CA","RASA1",0.702
"PIK3CA","MTOR",0.963
"PIK3CA","CD19",0.967
"PIK3CA","PIK3R4",0.72
"PIK3CA","NPM1",0.712
"PIK3CA","GNAQ",0.901
"PIK3CA","PIP4K2C",0.923
"PIK3CA","STK11",0.844
"PIK3CA","KIT",0.986
"PIK3CA","RET",0.891
"PIK3CA","TLR4",0.928
"PIK3CA","ERBB2",0.992
"PIK3CA","MRAS",0.996
"PIK3CA","FGF2",0.714
"PIK3CA","NTRK1",0.96
"PIK3CA","PIP5K1B",0.924
"PIK3CA","GNB1",0.837
"TAF12","MED16",0.831
"TAF12","MED7",0.873
"TAF12","GTF2B",0.988
"TAF12","H2AZ1",0.84
"TAF12","TAF11",0.999
"TAF12","GTF2H1",0.901
"TAF12","POLR2G",0.899
"TAF12","MAP3K7",0.733
"TAF12","NCOR1",0.82
"TAF12","SUPT3H",0.999
"TAF12","TAF10",0.999
"TAF12","GTF2F2",0.971
"TAF12","MED1",0.814
"TAF12","MED14",0.82
"TAF12","POLR2D",0.924
"TAF12","MED21",0.832
"TAF12","H4C2",0.823
"TAF12","POLR2L",0.897
"TAF12","POLR2B",0.925
"TAF12","GTF2E2",0.985
"TAF12","POLR2J",0.912
"TAF12","TRRAP",0.999
"TAF12","POLR2F",0.9
"TAF12","MED23",0.835
"TAF12","ERCC3",0.947
"TAF12","GTF2E1",0.981
"TAF12","TAF7",0.999
"TAF12","MED25",0.822
"TAF12","MED9",0.853
"TAF12","MED8",0.905
"TAF12","SF3B3",0.947
"SLC9A1","CALML4",0.936
"SLC9A1","HSPA4",0.759
"SLC9A1","ATP1B1",0.785
"SLC9A1","PRKACA",0.94
"SLC9A1","CALM3",0.991
"SLC9A1","CALML5",0.936
"SLC9A1","PRKACG",0.938
"GATB","PPAT",0.89
"GATB","QARS1",0.993
"GATB","GLUL",0.821
"GATB","MRPL58",0.852
"GATB","RPL39L",0.831
"GATB","EPRS1",0.979
"EHBP1","RAB8A",0.986
"LCAT","APOA2",0.982
"LCAT","APOL1",0.876
"LCAT","PLA2G7",0.836
"LCAT","LYPLA1",0.923
"LCAT","PLAAT3",0.914
"LCAT","APP",0.754
"LCAT","ALB",0.71
"LCAT","CLU",0.891
"CDH3","CTNNA1",0.93
"CDH3","CTNND1",0.975
"CDH3","CDH2",0.885
"CDH3","CD2AP",0.853
"IFT46","IFT56",0.999
"NECTIN1","CTNND1",0.867
"SC5D","FDPS",0.77
"SC5D","DHCR7",0.998
"ARCN1","STX5",0.735
"ARCN1","TMED10",0.923
"ARCN1","SEC13",0.725
"ARCN1","COPB2",0.999
"ARCN1","COPA",0.999
"TREH","SI",0.753
"CBL","JAK2",0.79
"CBL","SYK",0.997
"CBL","UBA52",0.948
"CBL","EPS15L1",0.864
"CBL","ITSN1",0.843
"CBL","PIK3CD",0.722
"CBL","ERBB3",0.732
"CBL","SH2B2",0.991
"CBL","SH3GL2",0.942
"CBL","GRB2",0.999
"CBL","PXN",0.871
"CBL","HCK",0.93
"CBL","STAT5A",0.755
"CBL","YWHAQ",0.803
"CBL","YWHAZ",0.899
"CBL","FN1",0.944
"CBL","LRIG1",0.844
"CBL","CBLB",0.948
"CBL","SRC",0.999
"CBL","MMUT",0.839
"CBL","STAT3",0.88
"CBL","PTK2",0.893
"CBL","ZAP70",0.999
"CBL","IL6",0.771
"CBL","CD2AP",0.988
"CBL","EGF",0.859
"CBL","SH3GLB2",0.8
"CBL","EGFR",0.999
"CBL","INSR",0.929
"CBL","UBE2D2",0.994
"CBL","IRS1",0.704
"CBL","EPS15",0.766
"CBL","FYN",0.998
"CBL","CRKL",0.999
"CBL","FLOT2",0.883
"CBL","LAT",0.842
"CBL","CRK",0.999
"CBL","TGFBR2",0.96
"CBL","NTRK1",0.715
"CBL","RIGI",0.771
"CBL","RET",0.706
"CBL","ERBB2",0.944
"CBL","KIT",0.957
"MCAM","RHOC",0.733
"MCAM","RHOB",0.889
"MCAM","THY1",0.805
"MCAM","CD34",0.789
"GPC1","EGFR",0.803
"GPC1","COL15A1",0.76
"GPC1","FGF2",0.987
"GPC1","SDC2",0.989
"FARP2","RAP1A",0.907
"FARP2","SRC",0.91
"SLC5A7","RANBP2",0.747
"DGKD","GNPAT",0.812
"DNAJC10","HSPA9",0.737
"DNAJC10","HMGN4",0.742
"DNAJC10","RPL12",0.739
"DNAJC10","UQCRFS1",0.749
"DNAJC10","HMGN1",0.747
"DNAJC10","HSPA5",0.998
"DNAJC10","HSPA4L",0.709
"DNAJC10","HSP90B1",0.902
"DNAJC10","P4HB",0.703
"DNAJC10","CALR",0.892
"DNAJC10","TXN",0.776
"DNAJC10","HSPA4",0.864
"DNAJC10","VCP",0.748
"DNAJC10","CLPB",0.711
"DNAJC10","MRPL11",0.737
"TUBB4A","PLK1",0.84
"TUBB4A","GJA1",0.94
"TUBB4A","MTOR",0.994
"TUBB4A","TUBA1B",0.977
"FCER2","CD19",0.72
"FCER2","STAT6",0.748
"MCOLN1","PDCD6",0.777
"DGUOK","NDUFB8",0.758
"DGUOK","PNP",0.941
"DGUOK","DTYMK",0.796
"DGUOK","NDUFS4",0.744
"DGUOK","CMPK1",0.749
"DGUOK","TK1",0.885
"DGUOK","NDUFS2",0.766
"DGUOK","NDUFB6",0.716
"HAT1","H4C2",0.74
"HAT1","RBBP7",0.999
"HAT1","RBBP4",0.982
"HAT1","H3-4",0.973
"HAT1","ORC1",0.881
"ATF2","CREB3",0.95
"ATF2","MORF4L1",0.731
"ATF2","ATF3",0.758
"ATF2","PPP1CA",0.711
"ATF2","SMAD4",0.755
"ATF2","JUN",0.999
"ATF2","TP53",0.805
"ATF2","TRRAP",0.737
"ATF2","ING3",0.765
"ATF2","PPP1CC",0.705
"ATF2","RUVBL1",0.741
"ATF2","IRF3",0.978
"ATF2","CREB5",0.989
"ATF2","PRKACA",0.777
"ATF2","MAPK11",0.993
"ATF2","PRKACG",0.776
"LAMC2","PTK2",0.719
"LAMC2","ITGA5",0.864
"LAMC2","ITGA3",0.845
"LAMC2","ITGA9",0.722
"LAMC2","ITGB5",0.736
"LAMC2","ITGB7",0.822
"LAMC2","EGFR",0.722
"LAMC2","ITGA2",0.883
"LAMC2","ITGB6",0.846
"OSGEPL1","ACP1",0.824
"MCM6","RACGAP1",0.728
"MCM6","MCM10",0.999
"MCM6","DBF4",0.993
"MCM6","CDK2",0.907
"MCM6","RFC4",0.945
"MCM6","POLA2",0.865
"MCM6","SMC4",0.734
"MCM6","SSRP1",0.865
"MCM6","POLE",0.98
"MCM6","NOC3L",0.957
"MCM6","ORC1",0.997
"MCM6","MAD2L1",0.825
"MCM6","KNTC1",0.75
"MCM6","SMC2",0.75
"MCM6","EXO1",0.844
"MCM6","RRM1",0.953
"MCM6","CHEK1",0.901
"MCM6","MCM7",0.999
"MCM6","RFC3",0.961
"MCM6","FEN1",0.907
"MCM6","PCNA",0.912
"MCM6","WDHD1",0.998
"MCM6","PLK1",0.862
"MCM6","CDT1",0.999
"MCM6","MCM2",0.999
"CCNT2","ERCC6",0.901
"CCNT2","POLR2B",0.752
"CCNT2","PCF11",0.705
"CCNT2","TCEA2",0.933
"CCNT2","CTR9",0.921
"CCNT2","EAF2",0.906
"CCNT2","CDC73",0.937
"CCNT2","MEPCE",0.906
"CCNT2","ERCC3",0.918
"CCNT2","GTF2H1",0.908
"CCNT2","PEX2",0.901
"CCNT2","GTF2B",0.8
"CCNT2","AFF4",0.999
"CCNT2","NELFB",0.929
"DARS1","EPRS1",0.999
"DARS1","EEF1E1",0.999
"DARS1","KARS1",0.996
"DARS1","QARS1",0.999
"LCT","HK3",0.903
"LCT","SI",0.856
"AGPS","GNPAT",0.997
"AGPS","PEX13",0.924
"AGPS","ACAA1",0.802
"AGPS","PEX2",0.876
"KYNU","IDO1",0.983
"ARID4B","RB1",0.831
"ARID4B","H2AZ1",0.79
"ARID4B","HDAC2",0.988
"ARID4B","MORF4L1",0.795
"ARID4B","NIPBL",0.714
"ARID4B","RBBP7",0.97
"ARID4B","RBBP4",0.987
"ARID4B","HDAC1",0.99
"NID1","FN1",0.997
"NID1","COL4A2",0.823
"NID1","MMP3",0.844
"NID1","COL6A2",0.716
"NID1","MMP14",0.855
"NID1","COL6A1",0.709
"MUL1","VPS35",0.703
"MUL1","UBE2D2",0.997
"MUL1","TP53",0.82
"MUL1","GABARAP",0.731
"NMU","GNB1",0.895
"NMU","PYY",0.726
"NMU","GAL",0.886
"PPAT","GLUL",0.973
"PPAT","IMPDH2",0.839
"PPAT","CAD",0.991
"PPAT","MTHFD2",0.726
"SRD5A3","AKR1C3",0.965
"POLQ","BRCA2",0.804
"POLQ","FEN1",0.825
"POLQ","REV3L",0.717
"POLQ","PARP1",0.84
"POLQ","EXO1",0.805
"POLQ","BRCA1",0.751
"POLQ","NEIL3",0.755
"POLQ","POLE",0.734
"CD80","IDO1",0.857
"CD80","IL13",0.707
"CD80","ICAM1",0.998
"CD80","PDCD1",0.998
"CD80","CXCL10",0.724
"CD80","CD27",0.989
"CD80","STAT3",0.809
"CD80","IL6",0.847
"CD80","CXCL9",0.789
"CD80","CD8A",0.959
"CD80","CD19",0.819
"CD80","IL10",0.962
"CD80","CCR5",0.787
"CD80","TLR4",0.801
"CD80","TLR3",0.812
"CD80","IFNA1",0.722
"CD80","FASLG",0.898
"CD80","CD40",0.999
"TXNDC9","YWHAE",0.852
"TXNDC9","YWHAZ",0.782
"TXNDC9","YWHAQ",0.763
"TXNDC9","BECN1",0.739
"TXNDC9","HTT",0.864
"TXNDC9","TXN",0.738
"TXNDC9","TP53",0.737
"TXNDC9","INSR",0.956
"TXNDC9","TUBA1B",0.82
"TXNDC9","CCT3",0.758
"TXNDC9","CCT2",0.716
"IL18RAP","IL18",0.999
"IL18RAP","GZMA",0.783
"IL18RAP","IL18R1",0.999
"TXK","PIK3CD",0.923
"TXK","GRB2",0.795
"GABRA4","GABARAP",0.8
"TOP2B","PARP1",0.724
"TOP2B","UBE2I",0.74
"TOP2B","AR",0.774
"TOP2B","SMARCA4",0.719
"TOP2B","SMC2",0.78
"TOP2B","SUMO1",0.711
"TOP2B","ZNF451",0.701
"YWHAE","TP53",0.9
"YWHAE","HSP90AB1",0.817
"YWHAE","VCP",0.726
"YWHAE","CSNK1E",0.909
"YWHAE","HSP90AA1",0.788
"YWHAE","CDC25A",0.809
"YWHAE","HDAC4",0.851
"YWHAE","PLK1",0.834
"YWHAE","CDC25C",0.999
"YWHAE","YWHAZ",0.998
"YWHAE","YWHAQ",0.984
"YWHAE","CASP3",0.71
"YWHAE","NDE1",0.886
"YWHAE","TRIM25",0.865
"YWHAE","PKN2",0.84
"YWHAE","CTNNA1",0.912
"YWHAE","RIGI",0.816
"YWHAE","NDEL1",0.965
"YWHAE","CDK5",0.706
"YWHAE","FOXO3",0.978
"YWHAE","CRK",0.794
"YWHAE","CSNK1D",0.914
"YWHAE","MAP2K1",0.836
"YWHAE","IRS1",0.883
"YWHAE","ARAF",0.968
"HERC6","IFI44",0.908
"HERC6","IFI35",0.776
"HERC6","IFI27",0.724
"HERC6","IFIT1",0.882
"HERC6","RSAD2",0.903
"HERC6","SAMD9",0.74
"HERC6","UBE2L6",0.868
"HERC6","IFI6",0.799
"HERC6","RIGI",0.868
"HERC6","IFIT3",0.879
"HERC6","XAF1",0.864
"HERC6","MX1",0.887
"HERC6","OAS1",0.874
"HERC6","IRF9",0.751
"HERC6","IFI44L",0.883
"HERC6","MX2",0.858
"HERC6","OAS2",0.893
"HERC6","DDX60",0.902
"HERC6","IFIT5",0.734
"HERC6","HERC5",0.798
"HERC5","DDX60",0.874
"HERC5","OAS2",0.902
"HERC5","UBA7",0.973
"HERC5","MX2",0.93
"HERC5","IFIT5",0.798
"HERC5","MX1",0.963
"HERC5","OAS1",0.85
"HERC5","STAT1",0.807
"HERC5","XAF1",0.862
"HERC5","IFI44L",0.912
"HERC5","IFIT3",0.939
"HERC5","UBE2E1",0.702
"HERC5","RIGI",0.96
"HERC5","IFI6",0.847
"HERC5","UBE2L6",0.977
"HERC5","TRIM25",0.762
"HERC5","STAT2",0.722
"HERC5","IRF7",0.75
"HERC5","IRF3",0.755
"HERC5","IFI44",0.914
"HERC5","RSAD2",0.923
"HERC5","IFIT1",0.963
"HERC5","IFI27",0.713
"HERC5","IFI35",0.802
"CRYGD","BFSP1",0.746
"CRYGD","CRYAA",0.916
"CRYGD","BFSP2",0.937
"ADAM23","CACNG2",0.724
"PIKFYVE","PIP4K2C",0.929
"PIKFYVE","ARF6",0.857
"PIKFYVE","PIP4K2A",0.943
"PIKFYVE","APP",0.7
"PIKFYVE","PTEN",0.94
"PIKFYVE","PLCB1",0.918
"BCHE","ALB",0.912
"BCHE","APP",0.727
"BCHE","SI",0.776
"BCHE","F2",0.706
"BCHE","MAOB",0.809
"BCHE","BACE1",0.741
"SI","GAA",0.943
"SI","HK3",0.915
"PRKG2","MAPK11",0.912
"PRKG2","PPP1CC",0.907
"PRKG2","ITPR1",0.754
"PRKG2","ATP1B1",0.901
"PRKG2","PLCB1",0.909
"PRKG2","CACNA1D",0.905
"PRKG2","CACNA1F",0.903
"PRKG2","PPP1CA",0.907
"CUL3","BRCA1",0.709
"CUL3","DAXX",0.741
"CUL3","IBTK",0.906
"CUL3","COPS5",0.977
"CUL3","BECN1",0.729
"CUL3","UBXN7",0.929
"CUL3","RHOBTB3",0.931
"CUL3","CUL1",0.978
"CUL3","CASP8",0.854
"CUL3","KEAP1",0.999
"CUL3","SQSTM1",0.906
"CUL3","PDCD6",0.875
"CUL3","VCP",0.803
"CUL3","COPS2",0.932
"CUL3","HEY1",0.755
"CUL3","KLHL2",0.991
"CUL3","SKP2",0.729
"CUL3","UBA3",0.836
"RAPGEF2","NRAS",0.925
"RAPGEF2","MRAS",0.976
"RAPGEF2","RAP1A",0.996
"ADD2","ANK2",0.979
"ADD2","CALML5",0.806
"ADD2","CALM3",0.798
"ADD2","CALML4",0.799
"CDH10","CTNNA1",0.769
"CDH10","CDH2",0.843
"CSTA","DSP",0.785
"CSTA","IVL",0.777
"FGF2","CXCL8",0.857
"FGF2","IL10",0.822
"FGF2","EGFR",0.957
"FGF2","CCL11",0.968
"FGF2","INSR",0.716
"FGF2","ALB",0.842
"FGF2","MMP3",0.743
"FGF2","SOX2",0.933
"FGF2","CD34",0.76
"FGF2","NTRK1",0.959
"FGF2","NES",0.836
"FGF2","ERBB2",0.857
"FGF2","KIT",0.885
"FGF2","THY1",0.726
"FGF2","SDC2",0.884
"FGF2","ERBB3",0.884
"FGF2","MMP1",0.737
"FGF2","IL13",0.717
"FGF2","ICAM1",0.752
"FGF2","FN1",0.965
"FGF2","TP53",0.754
"FGF2","STAT3",0.835
"FGF2","IFNA2",0.863
"FGF2","IL6",0.882
"FGF2","EGF",0.969
"BBS7","AP1G1",0.766
"BBS7","RAB8A",0.84
"BBS7","CCT2",0.714
"RBBP5","TAF7",0.915
"RBBP5","PRPF31",0.9
"RBBP5","TP53",0.748
"RBBP5","EZH2",0.876
"RBBP5","H3-4",0.949
"RBBP5","H4C2",0.94
"RBBP5","H2AC8",0.943
"RBBP5","UBA52",0.988
"RBBP5","RBBP4",0.802
"RBBP5","RBBP7",0.806
"RBBP5","H2AC13",0.853
"RBBP5","RUVBL1",0.904
"RBBP5","H2AZ1",0.822
"RBBP5","H2AC17",0.854
"IFT57","HTT",0.757
"IFT57","CASP8",0.963
"IFT57","IFT56",0.995
"IFT57","CASP3",0.906
"GZMM","BACE1",0.874
"SHC2","SRC",0.961
"SHC2","PTK2",0.915
"SHC2","ZAP70",0.914
"SHC2","JAK2",0.91
"SHC2","SYK",0.909
"SHC2","ERBB3",0.959
"SHC2","GRB2",0.957
"SHC2","HCK",0.913
"SHC2","NTRK1",0.956
"SHC2","ERBB2",0.96
"SHC2","KIT",0.934
"SHC2","INSR",0.914
"SHC2","EGFR",0.987
"SHC2","FYN",0.913
"IL11","IL13RA1",0.867
"IL11","JAK2",0.755
"IL11","EGFR",0.868
"IL11","IL10",0.789
"IL11","CXCL8",0.825
"IL11","IFNGR1",0.7
"IL11","IL13",0.763
"IL11","IFNAR1",0.744
"IL11","IL3",0.826
"IL11","IL10RB",0.748
"IL11","STAT3",0.717
"IL11","IL7R",0.737
"IL11","IL6",0.959
"NEIL3","FEN1",0.823
"NEIL3","NEK2",0.704
"NEIL3","EXO1",0.85
"HDAC4","RANBP2",0.907
"HDAC4","KDM1A",0.707
"HDAC4","H2AZ1",0.76
"HDAC4","CALM3",0.741
"HDAC4","HDAC2",0.827
"HDAC4","CALML5",0.741
"HDAC4","PPARG",0.8
"HDAC4","NCOR1",0.999
"HDAC4","ANKRA2",0.995
"HDAC4","SRF",0.834
"HDAC4","YWHAQ",0.894
"HDAC4","YWHAZ",0.838
"HDAC4","RBBP4",0.82
"HDAC4","CALML4",0.742
"HDAC4","UBE2I",0.947
"HDAC4","H2AX",0.749
"HDAC4","EZH2",0.739
"HDAC4","HSP90AB1",0.962
"HDAC4","DNMT1",0.759
"HDAC4","HSP90AA1",0.975
"HDAC4","HDAC1",0.781
"HDAC4","TBL1XR1",0.766
"HDAC4","SMAD3",0.944
"CP","AHSG",0.776
"CP","TF",0.835
"CP","RPL13A",0.746
"CP","ALB",0.936
"CP","EPRS1",0.781
"CP","CLU",0.794
"CP","HPX",0.88
"CP","F2",0.703
"CP","SERPINA3",0.822
"WNT5A","WNT4",0.871
"WNT5A","FZD7",0.998
"WNT5A","PLCB1",0.728
"WNT5A","NTRK1",0.804
"THRA","MED16",0.844
"THRA","NCOR1",0.978
"THRA","MED14",0.767
"THRA","PIK3CD",0.9
"THRA","MED1",0.97
"CNTNAP1","GNPAT",0.776
"PSMD3","VCP",0.77
"PSMD3","RAD23B",0.8
"PSMD3","HTT",0.74
"PSMD3","PSMC2",0.999
"PSMD3","COPS5",0.754
"PSMD3","UBA52",0.927
"PSMD3","PSMC5",0.999
"CASC3","NCBP2",0.729
"CASC3","SRRM2",0.852
"CASC3","UPF3B",0.999
"CASC3","SNRPF",0.8
"CASC3","SNIP1",0.718
"CASC3","DHX38",0.907
"CASC3","SNRPD1",0.802
"CASC3","NCBP1",0.87
"CASC3","MAGOHB",0.999
"CASC3","SRRM1",0.725
"CASC3","CDC5L",0.819
"ATP6V0A1","ATP5PO",0.847
"ATP6V0A1","PPA2",0.735
"ATP6V0A1","ATP6V1A",0.999
"ATP6V0A1","ATP6V1B2",0.998
"ATP6V0A1","TCIRG1",0.96
"ATP6V0A1","ATP6V0D1",0.999
"ATP6V0A1","ATP6V1G1",0.997
"ATP6V0A1","ATP6V0C",0.999
"ATP6V0A1","ATP5MC3",0.896
"STAT3","IFNGR1",0.832
"STAT3","IRS1",0.734
"STAT3","IFNB1",0.741
"STAT3","EGFR",0.998
"STAT3","CD19",0.726
"STAT3","IL10",0.968
"STAT3","CCR5",0.82
"STAT3","CXCL8",0.857
"STAT3","MTOR",0.926
"STAT3","IFNAR1",0.906
"STAT3","CCT3",0.734
"STAT3","PTEN",0.794
"STAT3","SOX2",0.903
"STAT3","CCL5",0.836
"STAT3","MMP3",0.892
"STAT3","MAP3K7",0.812
"STAT3","CD8A",0.839
"STAT3","FYN",0.891
"STAT3","FOXO3",0.978
"STAT3","APP",0.753
"STAT3","STAT5B",0.998
"STAT3","PPARG",0.826
"STAT3","IL10RB",0.933
"STAT3","IL3",0.711
"STAT3","E2F1",0.797
"STAT3","FASLG",0.893
"STAT3","STAT6",0.899
"STAT3","NTRK1",0.884
"STAT3","PDIA3",0.884
"STAT3","SP1",0.923
"STAT3","IL7R",0.746
"STAT3","MAP3K5",0.807
"STAT3","NPM1",0.744
"STAT3","KIT",0.96
"STAT3","PRL",0.756
"STAT3","RET",0.887
"STAT3","TLR4",0.846
"STAT3","STAT2",0.954
"STAT3","HDAC2",0.906
"STAT3","IRF7",0.7
"STAT3","ERBB2",0.948
"STAT3","S1PR1",0.818
"STAT3","MMP1",0.869
"STAT3","ERBB3",0.905
"STAT3","AR",0.907
"STAT3","CDKN1A",0.984
"STAT3","JAK2",0.999
"STAT3","STAT1",0.999
"STAT3","IL13RA1",0.807
"STAT3","SYK",0.98
"STAT3","BRCA1",0.812
"STAT3","CCR2",0.791
"STAT3","NDUFA13",0.937
"STAT3","IL18",0.806
"STAT3","HSPB3",0.716
"STAT3","IRF9",0.987
"STAT3","CASP3",0.804
"STAT3","EIF2AK3",0.807
"STAT3","CCR1",0.716
"STAT3","BECN1",0.803
"STAT3","CAV1",0.759
"STAT3","PXN",0.773
"STAT3","GRB2",0.892
"STAT3","ICAM1",0.832
"STAT3","IRF8",0.711
"STAT3","CDK6",0.881
"STAT3","STAT5A",0.997
"STAT3","LIN28A",0.716
"STAT3","IL13",0.843
"STAT3","HCK",0.911
"STAT3","CEBPB",0.984
"STAT3","PGR",0.858
"STAT3","SOCS3",0.994
"STAT3","FN1",0.988
"STAT3","HSP90AA1",0.971
"STAT3","HDAC1",0.984
"STAT3","SMAD3",0.909
"STAT3","ATF3",0.729
"STAT3","ZEB1",0.833
"STAT3","DNMT1",0.957
"STAT3","PTK2",0.928
"STAT3","IL6",0.984
"STAT3","EGF",0.907
"STAT3","GSK3B",0.804
"STAT3","RUNX1",0.726
"STAT3","SRC",0.999
"STAT3","HSP90AB1",0.89
"STAT3","TP53",0.994
"STAT3","EZH2",0.973
"STAT3","JUN",0.995
"STAT3","CXCL10",0.82
"STAT3","SMAD4",0.768
"NNT","IDH3A",0.726
"FASTKD3","MRPS31",0.766
"MECOM","CTBP1",0.994
"MECOM","HDAC2",0.929
"MECOM","RPL22",0.801
"MECOM","HDAC1",0.968
"MECOM","SMAD3",0.858
"MECOM","RUNX1",0.988
"MECOM","JUN",0.734
"MECOM","RBBP7",0.763
"MECOM","RBBP4",0.876
"KLKB1","SERPING1",0.996
"KLKB1","SERPINF2",0.823
"KLKB1","AR",0.732
"KLKB1","F2",0.71
"CAD","GLUL",0.967
"CAD","ASL",0.733
"DNMT3A","H3-4",0.998
"DNMT3A","HDAC1",0.997
"DNMT3A","EZH2",0.999
"DNMT3A","TP53",0.835
"DNMT3A","RUNX1",0.777
"DNMT3A","SRSF2",0.776
"DNMT3A","DNMT1",0.999
"DNMT3A","ARID1A",0.72
"DNMT3A","SMARCA4",0.957
"DNMT3A","H2AX",0.722
"DNMT3A","JARID2",0.715
"DNMT3A","MIS18A",0.816
"DNMT3A","HDAC2",0.97
"DNMT3A","MPHOSPH8",0.993
"DNMT3A","NPM1",0.794
"DNMT3A","KMT5B",0.915
"DNMT3A","NRAS",0.732
"DNMT3A","H2AZ1",0.784
"DNMT3A","KDM1A",0.751
"KIF3C","FMR1",0.719
"FOSL2","CREB5",0.836
"FOSL2","MAPK11",0.778
"FOSL2","JUN",0.999
"FOSL2","CEBPB",0.775
"GPN1","POLR2G",0.915
"GPN1","RUVBL1",0.913
"GPN1","POLR2D",0.771
"GPN1","POLR2B",0.975
"GPN1","POLR2J",0.962
"GPN1","INTS3",0.777
"GPN1","POLR2F",0.791
"GPN1","XPA",0.932
"TP63","SOX2",0.93
"TP63","CSNK1D",0.9
"TP63","TP53",0.953
"TP63","DDIT4",0.842
"ITGA9","ITGB7",0.871
"ITGA9","COL6A1",0.719
"ITGA9","THBS2",0.824
"ITGA9","COL6A3",0.733
"ITGA9","ITGA2",0.703
"ITGA9","COL6A2",0.767
"ITGA9","ITGB6",0.794
"ITGA9","PTK2",0.839
"ITGA9","SRC",0.72
"ITGA9","SPP1",0.979
"ITGA9","COL4A2",0.74
"ITGA9","FN1",0.945
"ITGA9","ITGB5",0.806
"ITGA9","ITGA5",0.765
"ADD1","CASP3",0.784
"ADD1","REN",0.764
"ADD1","CAPZA2",0.73
"ADD1","CALML4",0.842
"ADD1","ACE",0.799
"ADD1","CALM3",0.817
"ADD1","CALML5",0.845
"ADD1","ANK2",0.988
"KCNN2","CALM3",0.995
"KCNN2","CALML5",0.927
"KCNN2","CACNA1D",0.813
"KCNN2","CALML4",0.915
"MIER2","HDAC2",0.791
"LYL1","GFI1B",0.786
"LYL1","RUNX1",0.898
"COL5A3","COL6A1",0.773
"COL5A3","COL5A1",0.856
"COL5A3","COL5A2",0.891
"COL5A3","LUM",0.929
"COL5A3","COL6A2",0.77
"COL5A3","COL4A2",0.751
"COL5A3","COL3A1",0.875
"ICAM1","CCL5",0.805
"ICAM1","CD34",0.844
"ICAM1","NRAS",0.916
"ICAM1","ALB",0.709
"ICAM1","CD8A",0.842
"ICAM1","CXCL13",0.703
"ICAM1","CXCL8",0.943
"ICAM1","IL10",0.873
"ICAM1","EGFR",0.877
"ICAM1","IFNA1",0.723
"ICAM1","S1PR1",0.738
"ICAM1","TLR4",0.768
"ICAM1","CCRL2",0.704
"ICAM1","CD40",0.972
"ICAM1","FASLG",0.777
"ICAM1","STAT6",0.719
"ICAM1","CD9",0.912
"ICAM1","IL13",0.768
"ICAM1","CAV1",0.934
"ICAM1","CXCR3",0.742
"ICAM1","NOS3",0.709
"ICAM1","MMP1",0.72
"ICAM1","SCARB2",0.811
"ICAM1","CCR2",0.822
"ICAM1","ITGA5",0.723
"ICAM1","STAT1",0.805
"ICAM1","IL6",0.947
"ICAM1","TP53",0.722
"ICAM1","CXCL10",0.858
"ICAM1","FN1",0.904
"KLF1","HDAC1",0.754
"KLF1","GYPB",0.894
"KLF1","UBA52",0.91
"KLF1","HBB",0.889
"KLF1","HBE1",0.874
"PPARGC1A","CS",0.731
"PPARGC1A","CREB5",0.913
"PPARGC1A","PRKACA",0.708
"PPARGC1A","MAPK11",0.928
"PPARGC1A","NCOR1",0.779
"PPARGC1A","PPARG",0.999
"PPARGC1A","PRKACG",0.705
"PPARGC1A","FOXO3",0.987
"PPARGC1A","UQCRC2",0.786
"PPARGC1A","MTOR",0.703
"PPARGC1A","TP53",0.887
"PPARGC1A","JUN",0.7
"PPARGC1A","CYCS",0.746
"PPARGC1A","SNRPF",0.782
"PPARGC1A","GSK3B",0.809
"PPARGC1A","CEBPB",0.953
"PPARGC1A","HTT",0.982
"PPARGC1A","CDC5L",0.834
"PPARGC1A","CREB3",0.94
"PPARGC1A","MED1",0.83
"PPARGC1A","SMARCD1",0.905
"PPARGC1A","ESR2",0.703
"F13A1","FGB",0.812
"F13A1","FN1",0.783
"F13A1","F2",0.954
"NUP54","NUP43",0.986
"NUP54","NUP98",0.999
"NUP54","AHCTF1",0.961
"NUP54","RANBP2",0.999
"NUP54","NUP50",0.926
"NUP54","NUP93",0.999
"NUP54","NUP160",0.981
"NUP54","SEC13",0.984
"NUP54","SEH1L",0.988
"NUP54","TPR",0.835
"SCARB2","TLR4",0.996
"SCARB2","FABP1",0.864
"SCARB2","THBS2",0.956
"SCARB2","CD40",0.706
"SCARB2","PPARG",0.862
"SCARB2","FYN",0.942
"SCARB2","CD8A",0.72
"SCARB2","CD34",0.72
"SCARB2","CD19",0.888
"SCARB2","TFRC",0.917
"SCARB2","CCT4",0.814
"SCARB2","SRC",0.703
"SCARB2","IL6",0.709
"SCARB2","CAV1",0.945
"SCARB2","CD9",0.787
"SCARB2","CCR2",0.739
"USO1","COPB2",0.726
"USO1","STX5",0.998
"USO1","SEC13",0.813
"ARSB","MMUT",0.721
"PDE8B","DCK",0.9
"PDE8B","ADCY8",0.705
"SDHA","CS",0.984
"SDHA","SDHD",0.999
"SDHA","ACO1",0.85
"SDHA","NDUFA8",0.813
"SDHA","NDUFS2",0.998
"SDHA","UQCRH",0.866
"SDHA","UQCRFS1",0.993
"SDHA","ACAA1",0.712
"SDHA","RPL13A",0.818
"SDHA","ATP5F1A",0.972
"SDHA","DLST",0.841
"SDHA","CYC1",0.966
"SDHA","UQCRC2",0.99
"SDHA","HSPA9",0.774
"SDHA","NDUFS4",0.877
"SDHA","MDH2",0.905
"SDHA","ASL",0.86
"SDHA","NDUFA9",0.982
"SDHA","ATP5PB",0.755
"SDHA","TUFM",0.734
"SDHA","ATP5MG",0.705
"SDHA","NDUFS6",0.84
"SDHA","CYCS",0.93
"SDHA","NDUFB8",0.964
"SDHA","SDHB",0.999
"SDHA","BCS1L",0.838
"SDHA","ACAA2",0.753
"SDHA","SF3B2",0.854
"SDHA","ATP5F1C",0.75
"SDHA","HTT",0.92
"SDHA","PDHB",0.731
"SDHA","AFG3L2",0.779
"SDHA","NDUFA13",0.768
"SDHA","YWHAZ",0.822
"SDHA","TCERG1",0.78
"SDHA","FH",0.999
"SDHA","IDH3A",0.819
"SDHA","HADHB",0.785
"SDHA","COX5A",0.815
"SDHA","NDUFV2",0.984
"SDHA","TMEM126B",0.718
"PDCD6","KLHL2",0.741
"PDCD6","SEC13",0.963
"PDCD6","KEAP1",0.734
"PDCD6","SAR1B",0.754
"CEP72","PLK1",0.844
"GRPEL1","TOMM70",0.708
"GRPEL1","MRPL12",0.721
"GRPEL1","CLPB",0.993
"GRPEL1","HSP90AB1",0.745
"GRPEL1","HSPA4",0.975
"GRPEL1","DNAJC15",0.856
"GRPEL1","HSP90AA1",0.745
"GRPEL1","HSPA6",0.701
"GRPEL1","HSPA9",0.999
"GRPEL1","HSPA2",0.807
"GRPEL1","CS",0.756
"GRPEL1","DNAJB4",0.83
"GRPEL1","HSPA4L",0.711
"GRPEL1","HSPA5",0.796
"MGAT4A","MGAT4B",0.905
"ZAP70","GRB2",0.992
"ZAP70","TRAT1",0.956
"ZAP70","CD3D",0.998
"ZAP70","SYK",0.977
"ZAP70","UBA52",0.814
"ZAP70","PIK3CD",0.944
"ZAP70","PDCD1",0.73
"ZAP70","FCER1G",0.976
"ZAP70","WAS",0.847
"ZAP70","CBLB",0.996
"ZAP70","CD8A",0.992
"ZAP70","FYN",0.993
"ZAP70","CRKL",0.717
"ZAP70","LAT",0.999
"ZAP70","CRK",0.828
"ZAP70","EGFR",0.879
"ZAP70","UBE2D2",0.838
"ZAP70","MAPK11",0.951
"PPP2R3A","ARRB1",0.8
"PPP2R3A","PPP2R5E",0.842
"PPP2R3A","PPP2R1A",0.993
"PPP2R3A","PPP2R2B",0.875
"PPP2R3A","RYR2",0.964
"PPP2R3A","PPP2R2A",0.951
"PPP2R3A","PPP4C",0.748
"PPP2R3A","PPP2R1B",0.939
"CEP70","PLK1",0.815
"CEP70","CD19",0.979
"MRPL3","NHP2",0.718
"MRPL3","GUF1",0.769
"MRPL3","MRPL58",0.986
"MRPL3","MRPL19",0.999
"MRPL3","EIF5B",0.836
"MRPL3","RPL3",0.839
"MRPL3","MRPL9",0.999
"MRPL3","NOC2L",0.723
"MRPL3","MRPS18C",0.97
"MRPL3","RPS11",0.971
"MRPL3","MRNIP",0.826
"MRPL3","SEC61A2",0.87
"MRPL3","MRPS14",0.997
"MRPL3","RPL36AL",0.742
"MRPL3","MRPS15",0.997
"MRPL3","HMGN1",0.783
"MRPL3","METAP2",0.742
"MRPL3","MRPL46",0.997
"MRPL3","RPL14",0.839
"MRPL3","MRPL48",0.872
"MRPL3","EEF2",0.813
"MRPL3","TSFM",0.876
"MRPL3","EIF1AX",0.75
"MRPL3","RPL10L",0.774
"MRPL3","RPL13A",0.855
"MRPL3","RPL38",0.931
"MRPL3","BRIX1",0.81
"MRPL3","EPRS1",0.789
"MRPL3","RPS23",0.892
"MRPL3","MRPL20",0.999
"MRPL3","DAP3",0.996
"MRPL3","RPS9",0.984
"MRPL3","HMGN4",0.783
"MRPL3","ATP5F1A",0.829
"MRPL3","ARL6IP1",0.755
"MRPL3","MRM3",0.977
"MRPL3","IFI35",0.786
"MRPL3","GTPBP4",0.848
"MRPL3","RPL12",0.783
"MRPL3","SNU13",0.701
"MRPL3","RPS14",0.863
"MRPL3","MRPL24",0.997
"MRPL3","RPS3",0.975
"MRPL3","EIF5A",0.819
"MRPL3","MRPL16",0.997
"MRPL3","MRPS17",0.889
"MRPL3","EIF1AY",0.736
"MRPL3","EFL1",0.807
"MRPL3","PDCD11",0.964
"MRPL3","RPL27",0.805
"MRPL3","POLR1B",0.783
"MRPL3","MRPL40",0.992
"MRPL3","RPL22",0.788
"MRPL3","MRPL2",0.997
"MRPL3","MRPL4",0.999
"MRPL3","MRTO4",0.893
"MRPL3","MRPS11",0.997
"MRPL3","MRPL57",0.846
"MRPL3","RPL13",0.953
"MRPL3","RPS21",0.934
"MRPL3","IMP3",0.9
"MRPL3","TUFM",0.997
"MRPL3","RPS27L",0.755
"MRPL3","MRPS12",0.998
"MRPL3","MRPL11",0.997
"MRPL3","ATP5F1C",0.787
"MRPL3","SERBP1",0.704
"MRPL3","RPS16",0.839
"MRPL3","RPL5",0.976
"MRPL3","RPL10",0.806
"MRPL3","SIL1",0.775
"MRPL3","MRPL49",0.993
"MRPL3","RPL15",0.971
"MRPL3","RPL23",0.995
"MRPL3","RPS19",0.969
"MRPL3","MRPS16",0.999
"MRPL3","POLR2B",0.825
"MRPL3","MRPL33",0.998
"MRPL3","PA2G4",0.729
"MRPL3","IFI44L",0.784
"MRPL3","RPL4",0.85
"MRPL3","MRPS18A",0.972
"MRPL3","RPS4X",0.84
"MRPL3","RPLP1",0.918
"MRPL3","AFG3L2",0.814
"MRPL3","RPL30",0.969
"MRPL3","EIF5A2",0.819
"MRPL3","UBA52",0.935
"MRPL3","RPS6",0.969
"MRPL3","ATP5PO",0.737
"MRPL3","MRPS28",0.875
"MRPL3","MRPL17",0.999
"MRPL3","RPS2",0.906
"MRPL3","METAP1",0.748
"MRPL3","RPL37A",0.947
"MRPL3","RPL24",0.954
"MRPL3","MRPL39",0.991
"MRPL3","EIF6",0.89
"MRPL3","MED1",0.89
"MRPL3","MRPS31",0.859
"MRPL3","MRPL12",0.997
"GALNT7","C1GALT1",0.771
"BST1","PNP",0.93
"DGKG","PLCB1",0.72
"DGKG","GNPAT",0.844
"ERCC8","CETN2",0.943
"ERCC8","COPS2",0.869
"ERCC8","XPC",0.951
"ERCC8","COPS5",0.899
"ERCC8","POLR2D",0.911
"ERCC8","CTR9",0.806
"ERCC8","ATM",0.935
"ERCC8","KDM1A",0.9
"ERCC8","SUPT6H",0.804
"ERCC8","ERCC6",0.999
"ERCC8","PRKDC",0.928
"ERCC8","POLR2B",0.905
"ERCC8","POLR2L",0.902
"ERCC8","GTF2H1",0.717
"ERCC8","POLR2G",0.913
"ERCC8","POLR2J",0.905
"ERCC8","HMGN1",0.792
"ERCC8","POLR2F",0.902
"ERCC8","RAD23B",0.957
"ERCC8","ERCC3",0.933
"ERCC8","CDC73",0.805
"ERCC8","XRCC5",0.929
"ERCC8","XPA",0.915
"ERCC8","USP7",0.711
"MGLL","NDUFA9",0.818
"MGLL","ACSL4",0.868
"MGLL","NDUFB8",0.908
"MGLL","NDUFS6",0.945
"MGLL","NDUFB3",0.898
"MGLL","NDUFV2",0.95
"MGLL","NDUFA13",0.945
"MGLL","NDUFA8",0.93
"MGLL","NDUFS2",0.966
"MGLL","CYC1",0.824
"MGLL","UQCRC2",0.912
"MGLL","GK",0.937
"MGLL","NDUFS4",0.967
"MCM2","CDT1",0.999
"MCM2","WDHD1",0.998
"MCM2","FEN1",0.912
"MCM2","PCNA",0.939
"MCM2","CDK6",0.796
"MCM2","RFC3",0.916
"MCM2","MCM7",0.999
"MCM2","H4C2",0.951
"MCM2","CHEK1",0.87
"MCM2","RRM1",0.914
"MCM2","EXO1",0.786
"MCM2","MAD2L1",0.757
"MCM2","ORC1",0.998
"MCM2","POLE",0.997
"MCM2","SSRP1",0.914
"MCM2","POLA2",0.843
"MCM2","CDK2",0.857
"MCM2","RFC4",0.877
"MCM2","DBF4",0.996
"MCM2","MCM10",0.997
"RAB7A","DYNC1LI1",0.882
"RAB7A","VPS35",0.869
"RAB7A","TBC1D15",0.974
"RAB7A","RAB5A",0.948
"RAB7A","TUBB",0.725
"RAB7A","ATP6V1A",0.707
"RAB7A","VCP",0.703
"RAB7A","TUBA1B",0.716
"RAB7A","RAB5B",0.729
"ZFR","ILF2",0.807
"GOLPH3","SEC13",0.862
"GOLPH3","ITIH4",0.778
"GOLPH3","AP1G2",0.789
"GOLPH3","STX5",0.727
"GOLPH3","SAR1B",0.772
"GOLPH3","COPA",0.849
"GOLPH3","COPB2",0.748
"GOLPH3","TGOLN2",0.78
"GOLPH3","GOLM1",0.808
"CDH6","CTNNA1",0.875
"CDH6","CTNND1",0.704
"CDH6","CDH2",0.833
"SUB1","GTF2B",0.845
"VCAN","FN1",0.866
"VCAN","COL3A1",0.722
"VCAN","LUM",0.71
"MSH3","XPC",0.826
"MSH3","POLE",0.817
"MSH3","KDM1A",0.771
"MSH3","BRCA1",0.91
"MSH3","CETN2",0.783
"MSH3","EXO1",0.986
"MSH3","PRKDC",0.872
"MSH3","ATM",0.938
"MSH3","MUS81",0.838
"MSH3","RAD23B",0.87
"MSH3","FANCI",0.705
"MSH3","BRCA2",0.839
"MSH3","PCNA",0.958
"MSH3","FEN1",0.834
"MSH3","ERCC3",0.8
"MSH3","XRCC5",0.9
"MSH3","XPA",0.904
"FBXW11","NUDC",0.756
"FBXW11","UBA3",0.86
"FBXW11","SKP2",0.98
"FBXW11","UBE2D2",0.844
"FBXW11","GSK3B",0.915
"FBXW11","CDC25A",0.907
"FBXW11","CUL1",0.999
"FBXW11","PLK1",0.701
"FBXW11","CCNF",0.874
"WDR70","NIPBL",0.839
"WDR70","DHX38",0.887
"WDR70","CDC5L",0.826
"WDR70","SRRM2",0.805
"WDR70","SNRPF",0.803
"WDR70","SNRPD1",0.804
"SLC1A3","NES",0.745
"SLC1A3","GLUL",0.82
"TNC","ITGB6",0.91
"TNC","ITGA2",0.73
"TNC","FN1",0.814
"TNC","ITGA5",0.717
"TNC","ITGB5",0.701
"TNC","ITGA3",0.707
"AMBP","F2",0.979
"AMBP","HPX",0.916
"AMBP","ALB",0.97
"AMBP","FGB",0.931
"AMBP","ITIH2",0.97
"AMBP","AHSG",0.932
"AMBP","APOA2",0.899
"CENPE","CENPS",0.868
"CENPE","NUDC",0.837
"CENPE","KNTC1",0.762
"CENPE","TACC3",0.795
"CENPE","CDCA8",0.956
"CENPE","BUB3",0.935
"CENPE","MAD2L1",0.942
"CENPE","SMC4",0.899
"CENPE","ATAD2",0.729
"CENPE","RACGAP1",0.833
"CENPE","KIFC1",0.813
"CENPE","ERCC6L",0.734
"CENPE","ZWILCH",0.87
"CENPE","CDCA3",0.71
"CENPE","DCTN1",0.821
"CENPE","MKI67",0.921
"CENPE","BUB1B",0.999
"CENPE","PLK1",0.977
"CENPE","NEK2",0.834
"CENPE","KIF20B",0.95
"CENPE","PTTG1",0.796
"CENPE","CHEK1",0.757
"CENPE","ARHGAP11A",0.729
"CENPE","CKAP2",0.831
"CENPE","KIF2C",0.988
"CENPE","EXO1",0.781
"CENPE","CENPU",0.71
"CENPE","SMC2",0.861
"ENPEP","ITIH4",0.884
"ENPEP","CALML5",0.782
"ENPEP","CCR5",0.93
"ENPEP","CALML4",0.782
"CASP6","APP",0.903
"CASP6","XIAP",0.766
"CASP6","CASP3",0.955
"CASP6","HTT",0.737
"CASP6","CASP8",0.997
"CASP6","CASP10",0.747
"CASP6","CYCS",0.746
"CASP6","TP53",0.898
"LEF1","STAT5A",0.75
"LEF1","PAX5",0.739
"LEF1","SMARCA4",0.758
"LEF1","RUNX1",0.963
"LEF1","GSK3B",0.824
"LEF1","SMAD4",0.999
"LEF1","HDAC1",0.966
"LEF1","SMAD3",0.978
"LEF1","RUVBL1",0.94
"LEF1","MITF",0.872
"LEF1","CTBP1",0.961
"LEF1","E2F1",0.732
"EGF","NTRK1",0.997
"EGF","KIT",0.973
"EGF","PRL",0.741
"EGF","IL7R",0.715
"EGF","NES",0.789
"EGF","ERBB2",0.999
"EGF","IFNGR1",0.712
"EGF","EPS15",0.877
"EGF","CXCL8",0.717
"EGF","IL10",0.701
"EGF","EGFR",0.999
"EGF","INSR",0.968
"EGF","CCL11",0.916
"EGF","PLAU",0.86
"EGF","PTEN",0.746
"EGF","SOX2",0.725
"EGF","CCL5",0.719
"EGF","IFNAR1",0.709
"EGF","SNAP91",0.729
"EGF","NRAS",0.759
"EGF","ALB",0.889
"EGF","FYN",0.787
"EGF","PGR",0.736
"EGF","CDH2",0.784
"EGF","LRIG1",0.776
"EGF","FN1",0.96
"EGF","HSP90AA1",0.76
"EGF","IL6",0.89
"EGF","EPN2",0.836
"EGF","PTK2",0.761
"EGF","TP53",0.78
"EGF","JUN",0.89
"EGF","SPP1",0.715
"EGF","SRC",0.922
"EGF","ERBB3",0.999
"EGF","AR",0.743
"EGF","SH3GL2",0.704
"EGF","MMP1",0.778
"EGF","THY1",0.715
"EGF","P4HB",0.938
"EGF","IL13RA1",0.705
"EGF","CASP3",0.801
"EGF","CD9",0.802
"EGF","PXN",0.784
"EGF","GRB2",0.995
"PAPSS1","GSPT1",0.901
"PAPSS1","HBS1L",0.909
"PAPSS1","PPA2",0.763
"NME5","CMPK1",0.736
"SIL1","MRPS14",0.779
"SIL1","SEC61A2",0.835
"SIL1","MRPS15",0.77
"SIL1","HSPA5",0.998
"SIL1","EEF2",0.726
"SIL1","HSP90B1",0.748
"SIL1","MRPL19",0.89
"SIL1","EIF5B",0.789
"SIL1","RPL3",0.775
"SIL1","MRPL9",0.903
"SIL1","DNAJB4",0.73
"SIL1","RPS11",0.909
"SIL1","MRNIP",0.767
"SIL1","MRPL24",0.778
"SIL1","RPS3",0.909
"SIL1","RPL3L",0.773
"SIL1","HSPA9",0.712
"SIL1","PDCD11",0.873
"SIL1","POLR1B",0.717
"SIL1","RPL13A",0.775
"SIL1","RPL38",0.77
"SIL1","RPS23",0.829
"SIL1","MRPL20",0.881
"SIL1","RPS9",0.829
"SIL1","ATP5F1A",0.759
"SIL1","RPS14",0.781
"SIL1","ATP5F1C",0.755
"SIL1","RPS16",0.777
"SIL1","RPL5",0.909
"SIL1","RPL15",0.864
"SIL1","RPL23",0.909
"SIL1","RPS19",0.86
"SIL1","MRPS16",0.904
"SIL1","MRPL2",0.777
"SIL1","MRPL4",0.777
"SIL1","MRTO4",0.831
"SIL1","MRPS11",0.778
"SIL1","RPL13",0.835
"SIL1","HSPA4",0.835
"SIL1","RPS21",0.757
"SIL1","IMP3",0.829
"SIL1","TUFM",0.909
"SIL1","MRPS12",0.83
"SIL1","UBA52",0.858
"SIL1","RPS6",0.888
"SIL1","MRPL17",0.911
"SIL1","RPS2",0.83
"SIL1","RPL37A",0.801
"SIL1","RPL24",0.806
"SIL1","MED1",0.83
"SIL1","SAR1B",0.819
"SIL1","EIF6",0.75
"SIL1","MRPL12",0.91
"SIL1","POLR2B",0.717
"SIL1","MRPL33",0.823
"SIL1","RPL4",0.777
"SIL1","RPLP1",0.732
"SIL1","RPL30",0.8
"IQCG","CALM3",0.922
"LSG1","RPL3L",0.823
"LSG1","TSR1",0.908
"LSG1","PDCD11",0.854
"LSG1","RPL22",0.883
"LSG1","RPL27",0.987
"LSG1","BRIX1",0.902
"LSG1","RPL38",0.932
"LSG1","RPL10L",0.867
"LSG1","RPL13A",0.904
"LSG1","FTSJ3",0.971
"LSG1","NOC3L",0.851
"LSG1","GTPBP4",0.969
"LSG1","RPL36AL",0.868
"LSG1","ZNF593",0.758
"LSG1","RPL14",0.9
"LSG1","RRP1B",0.728
"LSG1","WDR3",0.896
"LSG1","RPL37",0.885
"LSG1","NOL10",0.865
"LSG1","RPF1",0.804
"LSG1","GNL3L",0.823
"LSG1","NOL6",0.746
"LSG1","RPL3",0.97
"LSG1","NOC2L",0.923
"LSG1","EXOSC10",0.71
"LSG1","RIOK2",0.818
"LSG1","GNL3",0.807
"LSG1","RPL24",0.942
"LSG1","RPL37A",0.897
"LSG1","EIF6",0.995
"LSG1","PA2G4",0.995
"LSG1","RPL4",0.93
"LSG1","TMA16",0.704
"LSG1","GNL2",0.876
"LSG1","EBNA1BP2",0.91
"LSG1","RPL30",0.902
"LSG1","NGDN",0.718
"LSG1","MAK16",0.92
"LSG1","RPL5",0.99
"LSG1","RPL10",0.904
"LSG1","RPL15",0.902
"LSG1","RPL23",0.911
"LSG1","DHX15",0.861
"LSG1","UTP14A",0.806
"LSG1","MRTO4",0.907
"LSG1","NOC4L",0.753
"LSG1","RPL13",0.889
"LSG1","IMP3",0.733
"LSG1","RRS1",0.754
"SPDL1","ZWILCH",0.827
"SPDL1","PLK1",0.889
"SPDL1","BUB1B",0.958
"SPDL1","PDCD1",0.756
"SPDL1","NUDC",0.801
"SPDL1","MAD2L1",0.709
"TRPV5","CALM3",0.772
"TRPV5","PRKACA",0.924
"TRPV5","PRKACG",0.926
"TRPV5","CALML5",0.762
"ABCB6","ATP1B1",0.72
"PECR","ACAA1",0.721
"UBE2B","UBA7",0.924
"UBE2B","PCNA",0.863
"UBE2B","CDC73",0.736
"UBE2B","UBA52",0.788
"UBE2B","CTR9",0.731
"UBE2B","UBE2N",0.929
"UBE2B","UBA3",0.707
"UBE2B","HLTF",0.79
"UBE2B","UBE2D2",0.743
"AFF4","CDC73",0.96
"AFF4","MEPCE",0.778
"AFF4","EAF2",0.987
"AFF4","CTR9",0.952
"AFF4","TCEA2",0.924
"AFF4","SUPT6H",0.857
"AFF4","ERCC6",0.909
"AFF4","NELFB",0.919
"AFF4","PEX2",0.9
"MED20","MED1",0.999
"MED20","GTF2F2",0.826
"MED20","POLR2D",0.891
"MED20","MED14",0.999
"MED20","H4C2",0.8
"MED20","MED13L",0.945
"MED20","MED21",0.999
"MED20","GTF2E2",0.82
"MED20","POLR2L",0.844
"MED20","POLR2B",0.852
"MED20","POLR2J",0.939
"MED20","MED23",0.996
"MED20","POLR2F",0.863
"MED20","ERCC3",0.828
"MED20","MED9",0.998
"MED20","MED8",0.999
"MED20","TAF7",0.807
"MED20","GTF2E1",0.853
"MED20","MED25",0.989
"MED20","MED16",0.997
"MED20","MED7",0.999
"MED20","GTF2B",0.921
"MED20","H2AZ1",0.808
"MED20","GTF2H1",0.833
"MED20","POLR2G",0.896
"MED20","TAF11",0.822
"MED20","TAF10",0.811
"SRF","SGK1",0.782
"SRF","CEBPB",0.794
"SEMA3A","CDK5",0.743
"NRP1","NTRK1",0.793
"NRP1","TGFBR2",0.782
"NRP1","ROBO1",0.933
"NRP1","FYN",0.832
"CREM","CREB5",0.915
"CREM","CREB3",0.923
"APBA1","APP",0.998
"APBA1","PSEN1",0.766
"PIP5K1B","PIK3CD",0.923
"PIP5K1B","ARF6",0.934
"PIP5K1B","PLCB1",0.723
"PIP5K1B","PTEN",0.917
"PIP5K1B","PIP5K1A",0.941
"PIP5K1B","PIP4K2A",0.921
"PIP5K1B","PIP4K2C",0.911
"TNPO3","SRSF4",0.764
"TNPO3","EPRS1",0.784
"TNPO3","RANBP2",0.794
"TNPO3","TNPO1",0.974
"TNPO3","SRSF2",0.78
"TNPO3","TRIM5",0.767
"STAP1","CD2AP",0.836
"POLB","PARP1",0.996
"POLB","XRCC5",0.731
"POLB","TP53",0.838
"POLB","FEN1",0.987
"POLB","PCNA",0.802
"POLB","POLE",0.838
"POLB","WRN",0.857
"POLB","XPC",0.772
"CALB1","SST",0.882
"CALB1","CASP3",0.81
"NBN","WRN",0.927
"NBN","CDK2",0.823
"NBN","RFC4",0.906
"NBN","UBE2N",0.702
"NBN","PRKDC",0.918
"NBN","PARP1",0.79
"NBN","MUS81",0.728
"NBN","CHEK1",0.869
"NBN","ATM",0.999
"NBN","BRCA1",0.993
"NBN","H2AX",0.98
"NBN","EXO1",0.868
"NBN","TP53",0.763
"NBN","XRCC5",0.889
"NBN","FEN1",0.755
"NBN","BRCA2",0.901
"NBN","INTS3",0.758
"WNT2","GSK3B",0.826
"WNT2","CAPZA2",0.722
"WNT2","FZD7",0.955
"WNT2","EGFR",0.716
"POLA2","POLE",0.993
"POLA2","ORC1",0.798
"POLA2","MCM10",0.833
"POLA2","RFC4",0.899
"POLA2","CDT1",0.743
"POLA2","FEN1",0.802
"POLA2","PCNA",0.929
"POLA2","WDHD1",0.764
"POLA2","MCM7",0.847
"POLA2","REV3L",0.985
"POLA2","RFC3",0.923
"POLA2","EXO1",0.731
"POLA2","RRM1",0.735
"B3GAT3","CSGALNACT2",0.967
"USP4","MEPCE",0.719
"USP4","MAP3K7",0.801
"PRKAR2A","PRKACA",0.999
"PRKAR2A","PRKACG",0.996
"EXOSC7","NOC4L",0.879
"EXOSC7","ZFC3H1",0.969
"EXOSC7","UTP14A",0.712
"EXOSC7","IMP3",0.818
"EXOSC7","EXOSC4",0.999
"EXOSC7","RBM7",0.905
"EXOSC7","EXOSC8",0.999
"EXOSC7","HEATR1",0.799
"EXOSC7","NOL6",0.702
"EXOSC7","EXOSC10",0.999
"EXOSC7","C1D",0.998
"EXOSC7","FCF1",0.725
"EXOSC7","WDR3",0.715
"EXOSC7","RPS9",0.728
"EXOSC7","SNU13",0.784
"EXOSC7","RRP7A",0.738
"EXOSC7","UTP11",0.762
"EXOSC7","HBS1L",0.991
"EXOSC7","PDCD11",0.761
"CLCN2","CACNA1H",0.894
"MCCC1","BCKDHB",0.772
"AHI1","JAK2",0.797
"AHI1","RAB8A",0.958
"PON3","CLU",0.734
"CPT1A","PPARG",0.806
"CPT1A","ACOX3",0.704
"CPT1A","HADHB",0.743
"CPT1A","ACSL4",0.954
"CPT1A","ACAA2",0.784
"GAL","SST",0.95
"GAL","GNB1",0.8
"FBXO3","CUL1",0.989
"TCIRG1","ATP5MC3",0.849
"TCIRG1","ATP6V1G1",0.921
"TCIRG1","ATP6V0C",0.998
"TCIRG1","ATP6V0D1",0.998
"TCIRG1","ATP6V1B2",0.988
"TCIRG1","ATP6V1A",0.984
"TCIRG1","PPA2",0.721
"CHKA","CSNK1D",0.791
"CHKA","CDK2",0.792
"CHKA","CSNK1E",0.712
"CHKA","GSK3B",0.982
"CHKA","CDK6",0.709
"ADAM2","CD9",0.714
"ANK1","TP53",0.734
"ANK1","SRC",0.719
"ANK1","SCN5A",0.845
"ANK1","CUL1",0.742
"ANK1","CALML4",0.855
"ANK1","TIAM1",0.967
"ANK1","GYPB",0.94
"ANK1","CALM3",0.888
"ANK1","ERBB2",0.821
"ANK1","ANK2",0.906
"ANK1","CALML5",0.866
"ANK1","ITPR1",0.964
"KAT6A","HDAC2",0.748
"KAT6A","TRRAP",0.722
"KAT6A","HDAC1",0.779
"KAT6A","H3-4",0.996
"KAT6A","TP53",0.861
"KAT6A","RUNX1",0.959
"PRKAR2B","AKAP9",0.902
"PRKAR2B","PLK1",0.812
"PRKAR2B","ADCY8",0.728
"PRKAR2B","ADCY1",0.718
"PRKAR2B","PRKACA",0.999
"PRKAR2B","PRKACG",0.999
"ADAM22","YWHAZ",0.821
"ADAM22","CACNG2",0.937
"DBF4","CDK2",0.898
"DBF4","MCM10",0.948
"DBF4","ORC1",0.872
"DBF4","CHEK1",0.921
"DBF4","MCM7",0.997
"DBF4","PLK1",0.743
"DBF4","WDHD1",0.754
"DBF4","CDT1",0.956
"SRI","CALM3",0.865
"SRI","CALML5",0.845
"SRI","CALML4",0.843
"SRI","RYR2",0.973
"RBM48","SF3B1",0.808
"RBM48","SNRPD1",0.8
"RBM48","SF3B4",0.8
"RBM48","RBMX2",0.803
"RBM48","SF3B3",0.812
"RBM48","SNRPF",0.801
"RBM48","SNIP1",0.82
"RBM48","SF3B2",0.8
"RBM48","SRRM2",0.806
"RBM48","SRRM1",0.8
"RBM48","CDC5L",0.811
"CDK6","CDKN1A",0.999
"CDK6","PCNA",0.981
"CDK6","CDC25A",0.986
"CDK6","ZEB1",0.717
"CDK6","JUN",0.787
"CDK6","HSP90AB1",0.711
"CDK6","TP53",0.808
"CDK6","RUNX1",0.929
"CDK6","MCM10",0.817
"CDK6","CDK2",0.998
"CDK6","PTEN",0.801
"CDK6","RB1",0.997
"CDK6","FOXO3",0.802
"CDK6","SKP2",0.806
"CDK6","E2F1",0.931
"ACAT1","ACAA1",0.946
"ACAT1","DLST",0.847
"ACAT1","CS",0.977
"ACAT1","NELFB",0.725
"ACAT1","ACOX3",0.962
"ACAT1","HADHB",0.944
"ACAT1","ACAA2",0.963
"HNRNPH3","SYNCRIP",0.742
"HNRNPH3","HNRNPA1",0.98
"SQLE","DHCR7",0.983
"SQLE","FDPS",0.942
"MAPKAP1","PRKDC",0.924
"MAPKAP1","HSPA4",0.739
"MAPKAP1","SGK1",0.95
"MAPKAP1","MTOR",0.999
"MAPKAP1","FKBP1A",0.711
"GTF2H1","TAF10",0.908
"GTF2H1","SUMO1",0.715
"GTF2H1","POLR2G",0.97
"GTF2H1","TAF11",0.906
"GTF2H1","SSRP1",0.774
"GTF2H1","H2AZ1",0.8
"GTF2H1","IMMT",0.787
"GTF2H1","GTF2B",0.99
"GTF2H1","XPC",0.992
"GTF2H1","MED7",0.846
"GTF2H1","POLR1B",0.705
"GTF2H1","MED16",0.82
"GTF2H1","MED9",0.815
"GTF2H1","MED8",0.841
"GTF2H1","TP53",0.95
"GTF2H1","MED25",0.857
"GTF2H1","TAF7",0.915
"GTF2H1","GTF2E1",0.999
"GTF2H1","XPA",0.984
"GTF2H1","ERCC3",0.999
"GTF2H1","MED23",0.84
"GTF2H1","RAD23B",0.846
"GTF2H1","POLR2F",0.989
"GTF2H1","POLR2J",0.956
"GTF2H1","FEN1",0.782
"GTF2H1","PSMC2",0.714
"GTF2H1","GTF2E2",0.996
"GTF2H1","ERCC6",0.758
"GTF2H1","POLR2B",0.967
"GTF2H1","POLR2L",0.964
"GTF2H1","H4C2",0.838
"GTF2H1","MED21",0.891
"GTF2H1","POLR2D",0.972
"GTF2H1","MED14",0.838
"GTF2H1","MED1",0.807
"GTF2H1","CETN2",0.837
"GTF2H1","GTF2F2",0.98
"HPS5","TYRP1",0.72
"HPX","AHSG",0.879
"HPX","TIMP4",0.822
"HPX","FGB",0.712
"HPX","ALB",0.981
"HPX","AZGP1",0.784
"HPX","TF",0.852
"HPX","F2",0.716
"HPX","CLU",0.743
"HPX","ITIH4",0.706
"HPX","HBB",0.819
"IDE","BACE1",0.793
"IDE","PSEN1",0.78
"IDE","UBA52",0.947
"IDE","APP",0.995
"BTAF1","SMARCA2",0.706
"BTAF1","GTF2B",0.769
"CPEB3","FMR1",0.881
"CPEB3","TOB1",0.967
"CPEB3","PLK1",0.914
"CPEB3","CNOT7",0.943
"DAXX","HSPB3",0.812
"DAXX","H4C2",0.913
"DAXX","SP100",0.996
"DAXX","ATM",0.813
"DAXX","MX1",0.734
"DAXX","UBE2I",0.975
"DAXX","AR",0.848
"DAXX","JUN",0.728
"DAXX","SMAD4",0.938
"DAXX","TP53",0.999
"DAXX","DNMT1",0.928
"DAXX","H3-4",0.9
"DAXX","HDAC1",0.922
"DAXX","SERBP1",0.851
"DAXX","FADD",0.888
"DAXX","PTEN",0.778
"DAXX","H2AZ1",0.75
"DAXX","CBX3",0.734
"DAXX","USP7",0.999
"DAXX","TERF1",0.715
"DAXX","HDAC2",0.911
"DAXX","MAP3K5",0.999
"DAXX","SUMO1",0.999
"DAXX","FASLG",0.767
"DAXX","TGFBR2",0.981
"DOCK3","ELMO1",0.944
"DOCK3","CRK",0.779
"DOCK3","FYN",0.762
"ITIH4","AHSG",0.708
"ITIH4","FN1",0.868
"ITIH4","CXCR5",0.843
"ITIH4","CCR5",0.999
"ITIH4","CCL5",0.827
"ITIH4","CD8A",0.85
"ITIH4","ALB",0.765
"ITIH4","TLR4",0.704
"SLIT1","ROBO1",0.999
"SFRP5","WNT4",0.828
"GID8","MKLN1",0.995
"GID8","MPHOSPH8",0.861
"DIDO1","HSPA2",0.803
"DIDO1","UBE2I",0.81
"DIDO1","H3-4",0.98
"PRPF6","PPIH",0.969
"PRPF6","SF3B3",0.999
"PRPF6","LSM3",0.997
"PRPF6","SNRPF",0.999
"PRPF6","SNIP1",0.965
"PRPF6","PRPF31",0.999
"PRPF6","SF3B2",0.999
"PRPF6","SNRNP70",0.926
"PRPF6","SRRM2",0.986
"PRPF6","SRRM1",0.825
"PRPF6","CDC5L",0.789
"PRPF6","TCERG1",0.824
"PRPF6","DHX38",0.761
"PRPF6","PRP4K",0.973
"PRPF6","LSM6",0.997
"PRPF6","MFAP1",0.999
"PRPF6","USP39",0.986
"PRPF6","DHX9",0.879
"PRPF6","NCBP2",0.745
"PRPF6","EEF2",0.705
"PRPF6","SNU13",0.999
"PRPF6","DDX23",0.999
"PRPF6","MAGOHB",0.917
"PRPF6","SF3B1",0.999
"PRPF6","TXNL4A",0.999
"PRPF6","SNRPD1",0.999
"PRPF6","EFL1",0.705
"PRPF6","SF3B4",0.999
"PRPF6","SF1",0.742
"PRPF6","RBMX2",0.959
"TIMP3","FN1",0.751
"TIMP3","MMP1",0.749
"TIMP3","MMP14",0.93
"TIMP3","MMP3",0.918
"FBXO7","EIF4G1",0.739
"FBXO7","PLA2G6",0.897
"FBXO7","CUL1",0.992
"FBXO7","VPS35",0.845
"FBXO7","PSMG2",0.742
"SLC5A1","EGFR",0.954
"EIF2B2","EIF2S2",0.999
"PATZ1","NCOR1",0.726
"PATZ1","TP53",0.764
"CACNA1C","FKBP1A",0.856
"CACNA1C","CACNA1G",0.846
"CACNA1C","PPP1CC",0.907
"CACNA1C","HSPA2",0.72
"CACNA1C","CACNA1H",0.917
"CACNA1C","PRKACG",0.961
"CACNA1C","CACNA2D1",0.998
"CACNA1C","CACNB2",0.999
"CACNA1C","CALML5",0.999
"CACNA1C","VAMP2",0.716
"CACNA1C","CALM3",0.999
"CACNA1C","PRKACA",0.971
"CACNA1C","ADRB2",0.937
"CACNA1C","CALML4",0.999
"CACNA1C","CACNG2",0.797
"CACNA1C","CATSPERG",0.768
"CACNA1C","CACNB3",0.997
"CACNA1C","CAV1",0.743
"CACNA1C","PDE4B",0.775
"CACNA1C","CACNA1D",0.981
"CACNA1C","CACNA1F",0.978
"CACNA1C","AKAP9",0.743
"CACNA1C","RYR2",0.981
"CACNA1C","PPP1CA",0.907
"BMAL2","CSNK1E",0.766
"NDUFA9","UQCRH",0.971
"NDUFA9","NDUFS2",0.999
"NDUFA9","UQCR10",0.999
"NDUFA9","NDUFA8",0.999
"NDUFA9","NDUFAF4",0.824
"NDUFA9","NDUFB6",0.999
"NDUFA9","COX7A1",0.92
"NDUFA9","COX7C",0.946
"NDUFA9","SDHD",0.887
"NDUFA9","NDUFA7",0.999
"NDUFA9","ATP5PD",0.836
"NDUFA9","MDH2",0.817
"NDUFA9","NDUFS4",0.999
"NDUFA9","COX6C",0.802
"NDUFA9","UQCRC2",0.997
"NDUFA9","CYC1",0.998
"NDUFA9","NDUFA1",0.998
"NDUFA9","HTATIP2",0.704
"NDUFA9","ATP5F1A",0.947
"NDUFA9","NDUFA3",0.999
"NDUFA9","IMMT",0.747
"NDUFA9","UQCRFS1",0.999
"NDUFA9","PDHB",0.733
"NDUFA9","NDUFB2",0.995
"NDUFA9","ATP5F1C",0.934
"NDUFA9","SDHB",0.965
"NDUFA9","NDUFB8",0.999
"NDUFA9","NDUFB11",0.999
"NDUFA9","COX6A2",0.938
"NDUFA9","NDUFS6",0.999
"NDUFA9","TUFM",0.855
"NDUFA9","ATP5PB",0.853
"NDUFA9","ATP5PO",0.783
"NDUFA9","NDUFV2",0.999
"NDUFA9","COX5A",0.991
"NDUFA9","NDUFB3",0.999
"NDUFA9","NDUFC2",0.999
"NDUFA9","NDUFA13",0.999
"KLRG1","CDH2",0.944
"KLRG1","CD27",0.828
"KLRG1","PDCD1",0.76
"KLRG1","GZMA",0.748
"KLRG1","IL7R",0.861
"KLRG1","CD19",0.704
"KLRG1","CD8A",0.861
"CD27","CD40",0.921
"CD27","IL7R",0.854
"CD27","CD19",0.955
"CD27","IL10",0.711
"CD27","CCR5",0.797
"CD27","CD8A",0.937
"CD27","CXCR5",0.804
"CD27","CD7",0.731
"CD27","CXCR3",0.863
"CD27","CD3D",0.801
"CD27","TRAF3",0.775
"LGR5","EGFR",0.717
"CPSF6","FIP1L1",0.873
"CPSF6","NCBP2",0.759
"CPSF6","RANBP2",0.828
"CPSF6","NCBP1",0.818
"CPSF6","SRSF2",0.759
"CPSF6","SNRNP70",0.715
"CPSF6","DHX15",0.72
"CPSF6","PCF11",0.962
"CPSF6","HNRNPA1",0.81
"LUM","COL5A2",0.96
"LUM","COL5A1",0.912
"LUM","COL6A3",0.853
"LUM","THBS2",0.826
"LUM","MMP14",0.77
"LUM","FASLG",0.968
"LUM","POSTN",0.913
"LUM","ALB",0.737
"LUM","COL6A2",0.702
"LUM","FN1",0.962
"LUM","COL3A1",0.986
"SNRPF","SRRM1",0.85
"SNRPF","CDC5L",0.999
"SNRPF","SSB",0.797
"SNRPF","POLR2L",0.791
"SNRPF","TCERG1",0.847
"SNRPF","HNRNPA1",0.869
"SNRPF","DHX38",0.903
"SNRPF","PRP4K",0.912
"SNRPF","LUC7L",0.92
"SNRPF","MEPCE",0.784
"SNRPF","PPIH",0.987
"SNRPF","YBX1",0.913
"SNRPF","LSM3",0.999
"SNRPF","PRPF31",0.999
"SNRPF","SNIP1",0.992
"SNRPF","SF3B3",0.999
"SNRPF","SF3B2",0.999
"SNRPF","DHX15",0.996
"SNRPF","SRRM2",0.993
"SNRPF","POLR2F",0.787
"SNRPF","SNRNP70",0.999
"SNRPF","SF3B1",0.999
"SNRPF","TXNL4A",0.998
"SNRPF","DDX23",0.997
"SNRPF","SNU13",0.996
"SNRPF","MAGOHB",0.993
"SNRPF","SNRPD1",0.999
"SNRPF","NCBP1",0.991
"SNRPF","SF3B4",0.996
"SNRPF","RBMX2",0.99
"SNRPF","LSM6",0.999
"SNRPF","ILF2",0.838
"SNRPF","LSM1",0.845
"SNRPF","MFAP1",0.991
"SNRPF","USP39",0.985
"SNRPF","DHX9",0.706
"SNRPF","NCBP2",0.987
"SNRPF","PRPF39",0.927
"ASCL1","NES",0.744
"ASCL1","SOX2",0.748
"CDK2","MAD2L1",0.802
"CDK2","E2F1",0.997
"CDK2","H1-0",0.979
"CDK2","CDK5",0.928
"CDK2","NPM1",0.826
"CDK2","MCM10",0.847
"CDK2","FOXO3",0.999
"CDK2","SKP2",0.999
"CDK2","ORC1",0.908
"CDK2","RB1",0.999
"CDK2","PTEN",0.784
"CDK2","CDC25A",0.998
"CDK2","HSP90AA1",0.799
"CDK2","H3-4",0.806
"CDK2","PLK1",0.742
"CDK2","CUL1",0.998
"CDK2","CASP8",0.756
"CDK2","SMAD3",0.836
"CDK2","FEN1",0.734
"CDK2","PCNA",0.951
"CDK2","CDC25C",0.994
"CDK2","BRCA2",0.946
"CDK2","PGR",0.822
"CDK2","ANAPC2",0.745
"CDK2","GSK3B",0.77
"CDK2","HSP90AB1",0.739
"CDK2","TP53",0.987
"CDK2","EZH2",0.702
"CDK2","JUN",0.825
"CDK2","CCNO",0.928
"CDK2","CDT1",0.982
"CDK2","COPS5",0.733
"CDK2","CDKN1A",0.999
"CDK2","UBA52",0.9
"CDK2","BRCA1",0.984
"CDK2","H2AX",0.862
"CDK2","EXO1",0.727
"CDK2","CCNF",0.837
"CDK2","PARP1",0.705
"CDK2","CDC16",0.858
"CDK2","CKS2",0.994
"CDK2","CHEK1",0.869
"CDK2","MCM7",0.914
"CDK2","ATM",0.966
"CDK2","CASP3",0.829
"TARBP2","DHX9",0.962
"TARBP2","AGO3",0.968
"NPFF","KISS1",0.854
"ITGB7","ITGA3",0.95
"ITGB7","ITGB5",0.911
"ITGB7","ITGA5",0.988
"ITGB7","PTK2",0.951
"ITGB7","SPP1",0.724
"ITGB7","SRC",0.926
"ITGB7","FN1",0.985
"ITGB7","COL6A2",0.714
"ITGB7","ITGA2",0.946
"ITGB7","ITGB6",0.931
"ITGB7","COL6A1",0.716
"ITGB7","THBS2",0.718
"ITGB7","COL6A3",0.709
"ERBB3","GRB2",0.999
"ERBB3","PA2G4",0.996
"ERBB3","PIK3CD",0.951
"ERBB3","JAK2",0.955
"ERBB3","SRC",0.968
"ERBB3","HSP90AB1",0.839
"ERBB3","HSP90AA1",0.916
"ERBB3","PTEN",0.826
"ERBB3","NRAS",0.833
"ERBB3","IRS1",0.87
"ERBB3","EGFR",0.999
"ERBB3","ERBB2",0.999
"RB1","HDAC2",0.986
"RB1","NPM1",0.815
"RB1","E2F1",0.999
"RB1","SP1",0.73
"RB1","SKP2",0.985
"RB1","ORC1",0.719
"RB1","PTEN",0.734
"RB1","PPP1CC",0.959
"RB1","SMARCA2",0.832
"RB1","ANAPC2",0.758
"RB1","PPP1CA",0.984
"RB1","EZH2",0.861
"RB1","TP53",0.936
"RB1","DNMT1",0.765
"RB1","H3-4",0.744
"RB1","HDAC1",0.999
"RB1","CEBPB",0.707
"RB1","PGR",0.782
"RB1","IFI16",0.744
"RB1","MCM7",0.846
"RB1","CASP3",0.751
"RB1","ARID1A",0.786
"RB1","CDKN1A",0.876
"RB1","SMARCD1",0.742
"RB1","BRCA1",0.858
"RB1","RBBP7",0.862
"RB1","RBBP4",0.947
"RB1","AR",0.878
"RB1","MORF4L1",0.807
"RB1","SMARCA4",0.979
"VPS33A","RAB5A",0.72
"VPS33A","KDM1A",0.761
"VPS33A","STX8",0.9
"PXN","SRC",0.999
"PXN","PTK2",0.999
"PXN","FN1",0.981
"PXN","WAS",0.75
"PXN","CAV1",0.723
"PXN","GRB2",0.964
"PXN","ITGB5",0.901
"PXN","ITGA5",0.713
"PXN","ERBB2",0.721
"PXN","PDCD10",0.961
"PXN","FYN",0.903
"PXN","CRKL",0.97
"PXN","HCLS1",0.994
"PXN","CRK",0.999
"PXN","PTEN",0.774
"PXN","RASA1",0.959
"PXN","EGFR",0.825
"PXN","ZYX",0.992
"PXN","CTNND1",0.748
"SSTR1","CXCL8",0.703
"SSTR1","SST",0.999
"TINF2","XRCC5",0.84
"TINF2","BRCA1",0.858
"TINF2","PRKDC",0.741
"TINF2","NHP2",0.946
"TINF2","TERF1",0.999
"TINF2","CBX3",0.921
"TINF2","WRN",0.923
"L2HGDH","FH",0.929
"L2HGDH","GLUL",0.85
"L2HGDH","CS",0.931
"PELI2","UBE2N",0.732
"PELI2","IRAK1",0.996
"RTN1","BACE1",0.757
"ZNF280D","CBX3",0.711
"MFAP1","TXNL4A",0.983
"MFAP1","SF3B1",0.999
"MFAP1","MAGOHB",0.909
"MFAP1","SNU13",0.989
"MFAP1","RBMX2",0.988
"MFAP1","SNRPD1",0.999
"MFAP1","SF3B4",0.999
"MFAP1","NCBP1",0.86
"MFAP1","DHX9",0.853
"MFAP1","LSM6",0.982
"MFAP1","NCBP2",0.928
"MFAP1","TCERG1",0.995
"MFAP1","SRRM1",0.968
"MFAP1","CDC5L",0.942
"MFAP1","PRP4K",0.81
"MFAP1","DHX38",0.813
"MFAP1","LSM3",0.983
"MFAP1","PRPF31",0.999
"MFAP1","SNIP1",0.994
"MFAP1","SF3B3",0.999
"MFAP1","PPIH",0.941
"MFAP1","SRRM2",0.933
"MFAP1","SNRNP70",0.739
"MFAP1","SF3B2",0.985
"SLC27A2","ACSL4",0.839
"FGF7","NTRK1",0.892
"FGF7","ERBB2",0.824
"FGF7","KIT",0.911
"FGF7","EGFR",0.927
"FGF7","INSR",0.821
"FGF7","CXCL8",0.881
"FGF7","ALB",0.763
"FGF7","FN1",0.802
"FGF7","CDH2",0.882
"FGF7","SPP1",0.729
"FGF7","IL6",0.74
"FGF7","GRB2",0.765
"FGF7","LPCAT1",0.739
"HDC","CPA3",0.883
"BNIP2","BNIP3",0.892
"SRP14","RPL22",0.911
"SRP14","RPL27",0.937
"SRP14","RPS3",0.906
"SRP14","SEC61G",0.792
"SRP14","RPS14",0.88
"SRP14","RPL12",0.867
"SRP14","RPS23",0.88
"SRP14","RPL38",0.892
"SRP14","RPL13A",0.926
"SRP14","RPS9",0.881
"SRP14","RPL36AL",0.923
"SRP14","RPL14",0.936
"SRP14","RPS11",0.855
"SRP14","RPL37",0.87
"SRP14","RPL3",0.918
"SRP14","SRPRA",0.933
"SRP14","RPS6",0.879
"SRP14","UBA52",0.83
"SRP14","RPL24",0.921
"SRP14","RPL37A",0.893
"SRP14","RPS2",0.879
"SRP14","SRP9",0.999
"SRP14","RPL30",0.921
"SRP14","RPL4",0.921
"SRP14","RPS4X",0.909
"SRP14","RPL15",0.914
"SRP14","RPL23",0.885
"SRP14","RPS19",0.875
"SRP14","RPL10",0.906
"SRP14","RPS16",0.906
"SRP14","RPL5",0.9
"SRP14","RPS21",0.83
"SRP14","RPL13",0.863
"BCL2A1","STAT5A",0.761
"BCL2A1","BECN1",0.737
"BCL2A1","HSP90AA1",0.933
"BCL2A1","BID",0.981
"BCL2A1","PMAIP1",0.999
"BCL2A1","HSP90AB1",0.912
"BCL2A1","BAK1",0.983
"BCL2A1","STAT5B",0.733
"BCL2A1","NPM1",0.849
"CYP11A1","DHCR7",0.904
"BBS4","DCTN1",0.89
"BBS4","AP1G1",0.727
"BBS4","RAB8A",0.838
"PML","NCOR1",0.821
"PML","SUMO1",0.999
"PML","NPM1",0.774
"PML","HDAC2",0.859
"PML","TERF1",0.836
"PML","USP7",0.72
"PML","SUMO3",0.768
"PML","TMBIM4",0.898
"PML","RANBP2",0.701
"PML","HDAC1",0.903
"PML","TRIM22",0.712
"PML","TP53",0.967
"PML","EZH2",0.741
"PML","JUN",0.779
"PML","RUNX1",0.974
"PML","H2AX",0.769
"PML","UBE2I",0.981
"PML","BRCA1",0.72
"PML","STAT1",0.901
"PML","SP100",0.981
"SCAMP2","ARF6",0.808
"RLBP1","RHO",0.864
"MFGE8","CD9",0.703
"MFGE8","ITGB5",0.91
"ST8SIA2","STX2",0.96
"IQGAP1","PRKACA",0.718
"IQGAP1","CALM3",0.996
"IQGAP1","ERBB2",0.796
"IQGAP1","CALML5",0.995
"IQGAP1","CTNNA1",0.859
"IQGAP1","ARF6",0.785
"IQGAP1","RACGAP1",0.94
"IQGAP1","MAP2K1",0.982
"IQGAP1","EGFR",0.85
"IQGAP1","RHOC",0.754
"IQGAP1","PPP2R1A",0.747
"IQGAP1","SRC",0.948
"IQGAP1","STAU1",0.779
"IQGAP1","ARRB1",0.716
"IQGAP1","FN1",0.742
"IQGAP1","MYL6",0.848
"IQGAP1","TIAM1",0.9
"IQGAP1","RAP1A",0.811
"IQGAP1","CALML4",0.994
"EFL1","EIF5A2",0.705
"EFL1","RPL30",0.914
"EFL1","CDC5L",0.724
"EFL1","RPL4",0.946
"EFL1","RPS4X",0.755
"EFL1","MRPL33",0.859
"EFL1","PA2G4",0.73
"EFL1","MRPL12",0.943
"EFL1","EIF6",0.908
"EFL1","MED1",0.853
"EFL1","RPL24",0.932
"EFL1","RPL37A",0.832
"EFL1","MRPL17",0.932
"EFL1","RPS2",0.845
"EFL1","UBA52",0.961
"EFL1","RPS6",0.877
"EFL1","TUFM",0.89
"EFL1","MRPS12",0.845
"EFL1","IMP3",0.844
"EFL1","RPS21",0.774
"EFL1","RPL13",0.792
"EFL1","MRTO4",0.901
"EFL1","MRPS11",0.809
"EFL1","MRPL2",0.807
"EFL1","MRPL4",0.803
"EFL1","MRPS16",0.923
"EFL1","RPL23",0.944
"EFL1","RPS19",0.928
"EFL1","RPL15",0.853
"EFL1","RPL10",0.741
"EFL1","RPS16",0.804
"EFL1","RPL5",0.952
"EFL1","ATP5F1C",0.76
"EFL1","RPS14",0.832
"EFL1","SNU13",0.701
"EFL1","ATP5F1A",0.776
"EFL1","RPS9",0.846
"EFL1","RPS23",0.851
"EFL1","MRPL20",0.922
"EFL1","RPL38",0.796
"EFL1","RPL10L",0.73
"EFL1","RPL13A",0.811
"EFL1","EPRS1",0.718
"EFL1","PDCD11",0.798
"EFL1","EIF1AY",0.715
"EFL1","EIF5A",0.709
"EFL1","RPS3",0.946
"EFL1","RPL3L",0.805
"EFL1","MRPL24",0.792
"EFL1","MRNIP",0.759
"EFL1","RPS11",0.944
"EFL1","MRPL9",0.942
"EFL1","RPL3",0.839
"EFL1","EIF5B",0.701
"EFL1","MRPL19",0.929
"EFL1","EIF1AX",0.717
"EFL1","TSFM",0.722
"EFL1","MRPS15",0.761
"EFL1","MRPS14",0.805
"PMM2","HK3",0.931
"PMM2","TK1",0.827
"PMM2","SLC35A1",0.748
"UQCRC2","UQCRFS1",0.999
"UQCRC2","IMMT",0.811
"UQCRC2","NDUFA3",0.921
"UQCRC2","ATP5F1A",0.986
"UQCRC2","NDUFA1",0.942
"UQCRC2","CYC1",0.999
"UQCRC2","COX6C",0.967
"UQCRC2","NDUFS4",0.997
"UQCRC2","NDUFA7",0.944
"UQCRC2","ATP5PD",0.875
"UQCRC2","MDH2",0.705
"UQCRC2","COX7A2",0.855
"UQCRC2","SDHD",0.965
"UQCRC2","CS",0.746
"UQCRC2","COX7A1",0.984
"UQCRC2","COX7C",0.999
"UQCRC2","NDUFB6",0.955
"UQCRC2","CDCA8",0.705
"UQCRC2","NDUFA8",0.988
"UQCRC2","UQCR10",0.999
"UQCRC2","NDUFS2",0.994
"UQCRC2","COX7A2L",0.937
"UQCRC2","COX8A",0.784
"UQCRC2","UQCRH",0.999
"UQCRC2","ATP5PF",0.849
"UQCRC2","NDUFC2",0.936
"UQCRC2","NDUFA13",0.955
"UQCRC2","FH",0.906
"UQCRC2","IDH3A",0.713
"UQCRC2","NDUFB3",0.96
"UQCRC2","NDUFV2",0.996
"UQCRC2","R3HDM4",0.809
"UQCRC2","HADHB",0.763
"UQCRC2","COX5A",0.999
"UQCRC2","ATP5PO",0.975
"UQCRC2","ATP5PB",0.973
"UQCRC2","TUFM",0.818
"UQCRC2","NDUFB8",0.998
"UQCRC2","NDUFS6",0.964
"UQCRC2","COX6A2",0.995
"UQCRC2","CYCS",0.954
"UQCRC2","NDUFB11",0.922
"UQCRC2","SDHB",0.997
"UQCRC2","BCS1L",0.92
"UQCRC2","ATP5F1C",0.98
"UQCRC2","NDUFB2",0.86
"UQCRC2","PDHB",0.905
"UQCRC2","HTT",0.939
"CDR2","KTN1",0.704
"DHX38","DDX23",0.983
"DHX38","MAGOHB",0.91
"DHX38","SF3B1",0.862
"DHX38","RBMX2",0.747
"DHX38","SNRPD1",0.919
"DHX38","NCBP1",0.921
"DHX38","NCBP2",0.882
"DHX38","SRSF4",0.854
"DHX38","SRRM1",0.841
"DHX38","CDC5L",0.997
"DHX38","SF3B3",0.8
"DHX38","PRPF31",0.715
"DHX38","SRSF2",0.845
"DHX38","UPF3B",0.823
"DHX38","SRRM2",0.995
"DHX38","SF3B2",0.771
"TXNL4B","SNRPD1",0.731
"TXNL4B","SNU13",0.791
"TXNL4B","LSM6",0.864
"TXNL4B","RIOK2",0.7
"TXNL4B","LSM3",0.812
"TXNL4B","PRPF31",0.933
"CDH11","CDH2",0.958
"CDH11","CTNNA1",0.815
"CDH11","CTNND1",0.919
"CDH13","CTNND1",0.721
"CDH13","CTNNA1",0.777
"IRF8","CXCL10",0.705
"IRF8","RUNX1",0.795
"IRF8","CEBPB",0.709
"IRF8","STAT1",0.904
"IRF8","PAX5",0.728
"IRF8","STAT2",0.85
"IRF8","IFNA1",0.716
"IRF8","IFNB1",0.751
"ZNF174","SCAND1",0.753
"RPL3L","RPL13",0.987
"RPL3L","MRPS11",0.836
"RPL3L","MRTO4",0.947
"RPL3L","MRPL4",0.835
"RPL3L","MRPL2",0.838
"RPL3L","MRPL11",0.773
"RPL3L","MRPS12",0.888
"RPL3L","RPS27L",0.907
"RPL3L","TUFM",0.971
"RPL3L","IMP3",0.888
"RPL3L","RPS21",0.971
"RPL3L","RPL10",0.949
"RPL3L","RPL5",0.988
"RPL3L","RPS16",0.979
"RPL3L","SERBP1",0.867
"RPL3L","MAK16",0.798
"RPL3L","ATP5F1C",0.732
"RPL3L","MRPS16",0.969
"RPL3L","RPS19",0.983
"RPL3L","RPL23",0.987
"RPL3L","MRPL49",0.813
"RPL3L","RPL15",0.99
"RPL3L","RPLP1",0.97
"RPL3L","RPS4X",0.89
"RPL3L","RPL4",0.987
"RPL3L","PA2G4",0.918
"RPL3L","MRPL33",0.972
"RPL3L","POLR2B",0.772
"RPL3L","EIF5A2",0.827
"RPL3L","RPL30",0.987
"RPL3L","GNL2",0.838
"RPL3L","EBNA1BP2",0.784
"RPL3L","RPL37A",0.985
"RPL3L","RPL24",0.987
"RPL3L","RPS2",0.991
"RPL3L","MRPL17",0.971
"RPL3L","ATP5PO",0.718
"RPL3L","RPS6",0.989
"RPL3L","UBA52",0.953
"RPL3L","MRPL12",0.971
"RPL3L","MED1",0.922
"RPL3L","EIF6",0.917
"RPL3L","RPL3",0.902
"RPL3L","MRPL9",0.969
"RPL3L","EIF5B",0.931
"RPL3L","DOCK4",0.917
"RPL3L","MRPL19",0.968
"RPL3L","RPL37",0.957
"RPL3L","NHP2",0.706
"RPL3L","RPF1",0.83
"RPL3L","MRNIP",0.91
"RPL3L","RPS11",0.98
"RPL3L","RIOK2",0.845
"RPL3L","NOC2L",0.807
"RPL3L","MRPL46",0.835
"RPL3L","RPL14",0.986
"RPL3L","RPL39L",0.939
"RPL3L","HMGN1",0.831
"RPL3L","MRPS15",0.826
"RPL3L","RPL36AL",0.863
"RPL3L","MRPS14",0.836
"RPL3L","SEC61A2",0.87
"RPL3L","EIF1AX",0.86
"RPL3L","TSFM",0.731
"RPL3L","EEF2",0.973
"RPL3L","ARL6IP1",0.85
"RPL3L","ATP5F1A",0.806
"RPL3L","HMGN4",0.831
"RPL3L","RPS9",0.989
"RPL3L","DAP3",0.838
"RPL3L","MRPL20",0.969
"RPL3L","RPS23",0.988
"RPL3L","EPRS1",0.834
"RPL3L","RPL13A",0.97
"RPL3L","RPL10L",0.975
"RPL3L","BRIX1",0.835
"RPL3L","RPL38",0.973
"RPL3L","RPS14",0.943
"RPL3L","RPL12",0.983
"RPL3L","NOC3L",0.774
"RPL3L","GTPBP4",0.896
"RPL3L","IFI35",0.904
"RPL3L","FTSJ3",0.798
"RPL3L","MRPL16",0.835
"RPL3L","EIF5A",0.827
"RPL3L","RPS3",0.983
"RPL3L","MRPL24",0.836
"RPL3L","POLR1B",0.772
"RPL3L","GCN1",0.812
"RPL3L","RPL27",0.987
"RPL3L","RPL22",0.917
"RPL3L","MRPL40",0.817
"RPL3L","PDCD11",0.964
"RPL3L","EIF1AY",0.732
"CBFA2T3","RUNX1",0.976
"CBFA2T3","HDAC1",0.882
"CBFA2T3","HDAC2",0.729
"CBFA2T3","NCOR1",0.838
"MED9","TAF11",0.848
"MED9","POLR2L",0.8
"MED9","POLR2B",0.93
"MED9","POLR2G",0.925
"MED9","GTF2E2",0.8
"MED9","GTF2B",0.908
"MED9","MED21",0.999
"MED9","H2AZ1",0.8
"MED9","H4C2",0.8
"MED9","MED13L",0.97
"MED9","MED14",0.997
"MED9","POLR2D",0.915
"MED9","MED7",0.999
"MED9","GTF2F2",0.816
"MED9","MED16",0.997
"MED9","MED1",0.998
"MED9","GTF2E1",0.807
"MED9","TAF7",0.809
"MED9","TAF10",0.817
"MED9","MED25",0.988
"MED9","MED8",0.997
"MED9","ERCC3",0.815
"MED9","POLR2F",0.861
"MED9","MED23",0.996
"MED9","POLR2J",0.913
"NCOR1","CTBP1",0.818
"NCOR1","PPARG",0.999
"NCOR1","SUPT3H",0.802
"NCOR1","RBM15",0.739
"NCOR1","C1D",0.76
"NCOR1","CARM1",0.726
"NCOR1","HDAC2",0.994
"NCOR1","TAF10",0.809
"NCOR1","SMARCA2",0.782
"NCOR1","SOX2",0.702
"NCOR1","BPTF",0.71
"NCOR1","KDM1A",0.831
"NCOR1","APP",0.711
"NCOR1","PGR",0.993
"NCOR1","CEBPB",0.836
"NCOR1","SMAD3",0.923
"NCOR1","TRRAP",0.837
"NCOR1","TBL1XR1",0.999
"NCOR1","HTT",0.927
"NCOR1","HSP90AA1",0.909
"NCOR1","HDAC1",0.999
"NCOR1","H3-4",0.714
"NCOR1","DNMT1",0.899
"NCOR1","SMAD4",0.855
"NCOR1","HSP90AB1",0.906
"NCOR1","TP53",0.853
"NCOR1","EZH2",0.812
"NCOR1","RUNX1",0.849
"NCOR1","AR",0.991
"NCOR1","SMARCA4",0.82
"NCOR1","MED1",0.811
"NCOR1","ESR2",0.97
"NCOR1","SMARCD1",0.725
"NCOR1","UBA52",0.72
"NCOR1","MED14",0.745
"NCOR1","RBBP4",0.922
"NCOR1","RBBP7",0.921
"NCOR1","KDM4A",0.93
"COPS3","COPS2",0.999
"COPS3","LAT",0.72
"COPS3","CUL1",0.886
"COPS3","COPS5",0.999
"COPS3","GRB2",0.914
"GID4","MKLN1",0.915
"GID4","MAGOHB",0.743
"EPN3","BIN1",0.849
"EPN3","GAK",0.766
"EPN3","SNAP91",0.981
"EPN3","AMPH",0.881
"EPN3","EGFR",0.835
"EPN3","EPS15",0.999
"EPN3","EPN2",0.953
"EPN3","CLINT1",0.711
"EPN3","AP2A2",0.704
"EPN3","ITSN2",0.96
"EPN3","CLTB",0.923
"EPN3","PICALM",0.944
"EPN3","EPS15L1",0.969
"EPN3","ITSN1",0.97
"G6PC3","AGL",0.804
"G6PC3","HK3",0.95
"G6PC3","PPARG",0.709
"CDH2","ITGA5",0.712
"CDH2","FN1",0.86
"CDH2","GJA1",0.952
"CDH2","SRC",0.773
"CDH2","SMAD4",0.751
"CDH2","DSP",0.823
"CDH2","ZEB1",0.885
"CDH2","PSEN1",0.943
"CDH2","EGFR",0.78
"CDH2","CTNND1",0.999
"CDH2","PKP4",0.705
"CDH2","HCLS1",0.788
"CDH2","PTEN",0.754
"CDH2","CTNNA1",0.99
"CDH2","ERBB2",0.735
"AFG3L2","MRPL16",0.809
"AFG3L2","HSPA9",0.876
"AFG3L2","RPS9",0.79
"AFG3L2","MRPS14",0.828
"AFG3L2","MRPS15",0.792
"AFG3L2","MRPL19",0.834
"AFG3L2","MRPL58",0.711
"AFG3L2","MRPL17",0.818
"AFG3L2","NDUFA13",0.995
"AFG3L2","RPL23",0.809
"AFG3L2","MRPS16",0.845
"AFG3L2","MRPL4",0.787
"AFG3L2","MRPS11",0.826
"AFG3L2","MRPS12",0.864
"GALNT1","C1GALT1",0.861
"GAREM1","GRB2",0.975
"GATA6","SOX2",0.715
"NPC1","CHIT1",0.72
"ASGR1","ALB",0.768
"TP53","ERCC3",0.908
"TP53","IL6",0.777
"TP53","KEAP1",0.81
"TP53","SRSF2",0.75
"TP53","SQSTM1",0.901
"TP53","YBX1",0.922
"TP53","ATF3",0.982
"TP53","DNMT1",0.997
"TP53","ZEB1",0.824
"TP53","TUBB",0.723
"TP53","PTK2",0.928
"TP53","XPA",0.738
"TP53","PMAIP1",0.97
"TP53","EZH2",0.899
"TP53","HSP90AB1",0.995
"TP53","MMUT",0.751
"TP53","SMAD4",0.875
"TP53","JUN",0.997
"TP53","CYCS",0.911
"TP53","VCP",0.709
"TP53","PPP2R1A",0.946
"TP53","HSPA4",0.997
"TP53","GSK3B",0.992
"TP53","SRC",0.884
"TP53","RUNX1",0.82
"TP53","TXN",0.899
"TP53","PGR",0.849
"TP53","BRCA2",0.995
"TP53","CDC25C",0.894
"TP53","S100A1",0.79
"TP53","CASP10",0.939
"TP53","BUB1B",0.745
"TP53","CEBPB",0.862
"TP53","RPS19",0.723
"TP53","PCNA",0.913
"TP53","CUL1",0.709
"TP53","TRRAP",0.973
"TP53","CASP8",0.991
"TP53","SMAD3",0.963
"TP53","PLK1",0.981
"TP53","CSNK1E",0.735
"TP53","H3-4",0.863
"TP53","HDAC1",0.999
"TP53","HSP90AA1",0.999
"TP53","CDC25A",0.861
"TP53","BID",0.856
"TP53","HTT",0.998
"TP53","RPL5",0.945
"TP53","SP100",0.744
"TP53","CASP3",0.956
"TP53","ATM",0.999
"TP53","BECN1",0.939
"TP53","YWHAZ",0.991
"TP53","H2AC8",0.86
"TP53","HSPB3",0.733
"TP53","CHEK1",0.997
"TP53","PTTG1",0.775
"TP53","YWHAQ",0.739
"TP53","CCT6A",0.761
"TP53","UBL4A",0.717
"TP53","H4C2",0.821
"TP53","XIAP",0.836
"TP53","PARP1",0.972
"TP53","UBE2N",0.811
"TP53","PRKDC",0.997
"TP53","ERCC6",0.752
"TP53","DDIT4",0.911
"TP53","KDM4A",0.798
"TP53","STAT5A",0.755
"TP53","LIN28A",0.739
"TP53","IFI16",0.988
"TP53","GRB2",0.766
"TP53","PSMC5",0.903
"TP53","SMARCA4",0.993
"TP53","EXO1",0.708
"TP53","H2AX",0.892
"TP53","AR",0.905
"TP53","UBE2I",0.994
"TP53","MED1",0.906
"TP53","TNFRSF10B",0.908
"TP53","CHUK",0.914
"TP53","CCT5",0.831
"TP53","DNAJA1",0.759
"TP53","RBBP4",0.713
"TP53","SMARCD1",0.889
"TP53","RPS6",0.704
"TP53","ESR2",0.783
"TP53","XAF1",0.776
"TP53","BRCA1",0.999
"TP53","ATG5",0.764
"TP53","CDKN1A",0.999
"TP53","STAT1",0.781
"TP53","COPS5",0.977
"TP53","JAK2",0.728
"TP53","ARID1A",0.961
"TP53","TP53BP2",0.999
"TP53","CCT8",0.757
"TP53","STK11",0.97
"TP53","KIT",0.816
"TP53","NOC2L",0.93
"TP53","CFLAR",0.816
"TP53","GNL3",0.976
"TP53","CARM1",0.93
"TP53","NPM1",0.997
"TP53","SUMO1",0.996
"TP53","CCT2",0.826
"TP53","HDAC2",0.99
"TP53","MAPK11",0.96
"TP53","ERBB2",0.935
"TP53","BAX",0.994
"TP53","RET",0.801
"TP53","USP7",0.999
"TP53","TRIM25",0.78
"TP53","CDK5",0.967
"TP53","HSPA5",0.824
"TP53","EEF2",0.828
"TP53","PPARG",0.949
"TP53","PKM",0.825
"TP53","CTBP1",0.759
"TP53","H1-0",0.726
"TP53","ANK2",0.727
"TP53","CALML5",0.7
"TP53","SP1",0.994
"TP53","E2F1",0.986
"TP53","FASLG",0.718
"TP53","STAT6",0.803
"TP53","BUB3",0.718
"TP53","PTEN",0.999
"TP53","SOX2",0.883
"TP53","GTF2B",0.876
"TP53","DDX17",0.97
"TP53","KLF5",0.762
"TP53","KDM1A",0.941
"TP53","PLAGL1",0.856
"TP53","SSRP1",0.766
"TP53","CD34",0.7
"TP53","CCT3",0.776
"TP53","WRN",0.963
"TP53","BAK1",0.997
"TP53","NRAS",0.876
"TP53","RANBP2",0.812
"TP53","FADD",0.82
"TP53","SKP2",0.716
"TP53","APP",0.714
"TP53","STAT5B",0.728
"TP53","FOXO3",0.998
"TP53","ALB",0.722
"TP53","CD8A",0.77
"TP53","PRKCZ",0.933
"TP53","IRS1",0.702
"TP53","PPID",0.934
"TP53","HEY1",0.703
"TP53","CCT4",0.887
"TP53","CAPN2",0.924
"TP53","RPS3",0.857
"TP53","HSPA9",0.998
"TP53","CSNK1D",0.826
"TP53","CXCL8",0.804
"TP53","MTOR",0.874
"TP53","IL10",0.756
"TP53","EGFR",0.943
"TP53","KRT7",0.787
"TP53","ANXA1",0.762
"CBX8","HDAC2",0.939
"CBX8","YAF2",0.874
"CBX8","BUB1B",0.722
"CBX8","BRCA2",0.772
"CBX8","H3-4",0.83
"CBX8","CBX2",0.998
"CBX8","ANAPC2",0.906
"CBX8","EZH2",0.968
"CBX8","BABAM2",0.902
"CBX8","RBBP4",0.953
"CBX8","RBBP7",0.939
"CBX8","BRCA1",0.908
"CBX8","H2AC8",0.766
"CBX8","CDC16",0.9
"SECTM1","CD7",0.974
"CEP131","PLK1",0.867
"ZNF750","CTBP1",0.705
"CBX4","CTBP1",0.958
"CBX4","JARID2",0.736
"CBX4","SUMO1",0.866
"CBX4","HDAC2",0.929
"CBX4","YAF2",0.806
"CBX4","BRCA2",0.761
"CBX4","BUB1B",0.72
"CBX4","H3-4",0.737
"CBX4","CBX2",0.998
"CBX4","EZH2",0.969
"CBX4","ANAPC2",0.906
"CBX4","UBE2I",0.786
"CBX4","BRCA1",0.915
"CBX4","RBBP4",0.934
"CBX4","BABAM2",0.902
"CBX4","RBBP7",0.931
"CBX4","CDC16",0.9
"SERPINB13","RUNX1",0.765
"ERBB2","CRKL",0.729
"ERBB2","NRAS",0.904
"ERBB2","FYN",0.807
"ERBB2","CD8A",0.72
"ERBB2","CRK",0.759
"ERBB2","PTEN",0.868
"ERBB2","MTOR",0.725
"ERBB2","INSR",0.853
"ERBB2","EGFR",0.999
"ERBB2","RASA1",0.815
"ERBB2","CTNND1",0.938
"ERBB2","IRS1",0.909
"ERBB2","HSP90B1",0.781
"ERBB2","RET",0.745
"ERBB2","ANK2",0.824
"ERBB2","NTRK1",0.751
"ERBB2","HSPA5",0.721
"ERBB2","PARP1",0.741
"ERBB2","CAV1",0.735
"ERBB2","GRB2",0.999
"ERBB2","ATM",0.748
"ERBB2","BECN1",0.888
"ERBB2","YWHAZ",0.808
"ERBB2","ESR2",0.717
"ERBB2","BRCA1",0.918
"ERBB2","JAK2",0.966
"ERBB2","STAT1",0.821
"ERBB2","AR",0.788
"ERBB2","ADRB2",0.822
"ERBB2","PIK3CD",0.941
"ERBB2","RHOC",0.721
"ERBB2","HSP90AB1",0.993
"ERBB2","JUN",0.759
"ERBB2","SMAD4",0.708
"ERBB2","EIF3A",0.832
"ERBB2","SRC",0.999
"ERBB2","HSPA4",0.951
"ERBB2","IL6",0.752
"ERBB2","PTK2",0.99
"ERBB2","TOB1",0.854
"ERBB2","LRIG1",0.828
"ERBB2","RHOB",0.748
"ERBB2","FN1",0.724
"ERBB2","HSP90AA1",0.999
"ERBB2","BRCA2",0.873
"ERBB2","PGR",0.98
"KRT10","IVL",0.933
"PNMT","MAOB",0.958
"PNMT","DDC",0.732
"IGFBP4","IGFBP1",0.972
"TXNL4A","RBMX2",0.943
"TXNL4A","SNRPD1",0.991
"TXNL4A","SF3B4",0.993
"TXNL4A","SF3B1",0.992
"TXNL4A","SNU13",0.994
"TXNL4A","DDX23",0.999
"TXNL4A","MAGOHB",0.916
"TXNL4A","USP39",0.986
"TXNL4A","DHX9",0.825
"TXNL4A","LSM6",0.997
"TXNL4A","PRP4K",0.839
"TXNL4A","TCERG1",0.803
"TXNL4A","SRRM1",0.805
"TXNL4A","SRRM2",0.915
"TXNL4A","SNRNP70",0.849
"TXNL4A","SF3B2",0.99
"TXNL4A","LSM3",0.993
"TXNL4A","SNIP1",0.942
"TXNL4A","PRPF31",0.999
"TXNL4A","SF3B3",0.99
"TXNL4A","PPIH",0.948
"AKAP8","PRKACA",0.834
"AKAP8","PRKACG",0.803
"AKAP8","AKAP9",0.702
"PFKL","PKM",0.922
"PFKL","COL6A1",0.705
"PFKL","PKLR",0.89
"PFKL","HK3",0.959
"SH3GL1","EGFR",0.711
"SH3GL1","DNM1",0.769
"SH3GL1","EPS15",0.782
"SH3GL1","CBLB",0.8
"SH3GL1","EPN2",0.783
"SH3GL1","SH3GL2",0.936
"BCKDHA","IDH3A",0.714
"BCKDHA","BCKDHB",0.999
"BCKDHA","PDHB",0.999
"BCKDHA","DLST",0.963
"BCKDHA","CS",0.893
"SMG9","GSPT1",0.886
"SMG9","SMG5",0.93
"SMG9","ETF1",0.958
"SMG9","UPF3B",0.774
"IFNAR1","IL13",0.768
"IFNAR1","IL18",0.713
"IFNAR1","IRF9",0.934
"IFNAR1","MX1",0.734
"IFNAR1","STAT1",0.998
"IFNAR1","JAK2",0.965
"IFNAR1","IFNA2",0.999
"IFNAR1","IFNA10",0.983
"IFNAR1","IL6",0.872
"IFNAR1","SOCS3",0.884
"IFNAR1","IFNA8",0.987
"IFNAR1","IFIT1",0.703
"IFNAR1","IL10",0.908
"IFNAR1","IFNGR1",0.992
"IFNAR1","IFNB1",0.999
"IFNAR1","STAT2",0.999
"IFNAR1","IRF7",0.804
"IFNAR1","TBK1",0.735
"IFNAR1","IRF3",0.848
"IFNAR1","IFNA1",0.999
"IFNAR1","TLR3",0.747
"IFNAR1","PRL",0.72
"IFNAR1","RIGI",0.791
"IFNAR1","IL3",0.735
"SOD1","HSPA5",0.975
"SOD1","MAP3K5",0.721
"SOD1","MDH2",0.747
"SOD1","APP",0.802
"SOD1","UQCRFS1",0.737
"SOD1","HSP90AA1",0.779
"SOD1","FN1",0.773
"SOD1","HTT",0.855
"SOD1","TXN",0.876
"SOD1","DCTN1",0.855
"SOD1","HSP90AB1",0.769
"SOD1","BACE1",0.706
"SOD1","VCP",0.772
"SOD1","HSPA4",0.963
"SOD1","KARS1",0.7
"SOD1","SQSTM1",0.91
"SOD1","PSMC2",0.722
"DNMT3L","HDAC2",0.755
"DNMT3L","H2AZ1",0.76
"DNMT3L","DNMT1",0.921
"DNMT3L","EZH2",0.892
"DNMT3L","H3-4",0.998
"DNMT3L","HDAC1",0.989
"SAE1","SENP6",0.701
"SAE1","UBE2I",0.999
"SAE1","SUMO1",0.999
"SAE1","SUMO3",0.979
"SAE1","RANBP2",0.83
"GEMIN7","SNRNP70",0.85
"GEMIN7","SNRPD1",0.966
"FXYD7","ATP1B1",0.897
"SLC6A3","FLOT2",0.903
"SLC6A3","DDC",0.862
"SLC6A3","MAOB",0.882
"ECSIT","TMEM126B",0.999
"ECSIT","NDUFA13",0.998
"ECSIT","NDUFC2",0.921
"ECSIT","NDUFB8",0.867
"ECSIT","NDUFB11",0.998
"ECSIT","MRPL2",0.762
"ECSIT","NDUFA1",0.768
"ECSIT","NDUFA3",0.856
"ECSIT","NDUFA8",0.938
"ECSIT","NDUFS2",0.998
"ECSIT","NDUFAF4",0.948
"ECSIT","TLR4",0.7
"TIMM44","DNAJC15",0.945
"TIMM44","BCS1L",0.727
"TIMM44","HSPA4",0.993
"TIMM44","MRPL2",0.771
"TIMM44","TOMM70",0.93
"TIMM44","TOMM7",0.719
"TIMM44","HSPA9",0.999
"TIMM44","CYC1",0.794
"TM4SF5","EGFR",0.742
"PSMB6","PSMC2",0.998
"PSMB6","PSMG2",0.782
"PSMB6","UBA52",0.942
"PSMB6","PSMC5",0.996
"PSMB6","NDUFB8",0.716
"PSMB6","VCP",0.756
"RPS11","RPL13",0.999
"RPS11","NOC4L",0.992
"RPS11","EIF3A",0.984
"RPS11","MRTO4",0.982
"RPS11","UTP14A",0.979
"RPS11","MRPS11",0.987
"RPS11","MRPL2",0.971
"RPS11","MRPL4",0.974
"RPS11","YBX1",0.742
"RPS11","MRPL11",0.911
"RPS11","TUFM",0.999
"RPS11","RPS27L",0.995
"RPS11","MRPS12",0.983
"RPS11","PRAMEF12",0.716
"RPS11","IMP3",0.998
"RPS11","RPS21",0.999
"RPS11","CSNK1E",0.807
"RPS11","RPL10",0.999
"RPS11","RPS16",0.999
"RPS11","RPL5",0.999
"RPS11","SERBP1",0.988
"RPS11","POLR2F",0.942
"RPS11","NGDN",0.971
"RPS11","ATP5F1C",0.926
"RPS11","MRPS16",0.998
"RPS11","RPL23",0.999
"RPS11","RPS19",0.999
"RPS11","MRPL49",0.863
"RPS11","RPL15",0.999
"RPS11","RPLP1",0.999
"RPS11","RPL4",0.999
"RPS11","MRPS18A",0.857
"RPS11","RPS4X",0.999
"RPS11","POLR2B",0.953
"RPS11","MRPL33",0.997
"RPS11","PA2G4",0.97
"RPS11","EIF5A2",0.965
"RPS11","IFRD1",0.75
"RPS11","RPL30",0.999
"RPS11","UBL4A",0.706
"RPS11","ABCF1",0.77
"RPS11","EIF4A1",0.953
"RPS11","PKLR",0.807
"RPS11","METAP1",0.788
"RPS11","RPL37A",0.999
"RPS11","RPL24",0.999
"RPS11","MRPL17",0.999
"RPS11","RPS2",0.999
"RPS11","SRP9",0.85
"RPS11","BTF3",0.786
"RPS11","EIF3B",0.978
"RPS11","UBA52",0.999
"RPS11","RPS6",0.999
"RPS11","ATP5PO",0.893
"RPS11","MRPL12",0.999
"RPS11","MED1",0.982
"RPS11","HEATR1",0.986
"RPS11","QARS1",0.907
"RPS11","SECISBP2",0.808
"RPS11","ETF1",0.924
"RPS11","PELO",0.894
"RPS11","RPL3",0.999
"RPS11","MRPL9",0.999
"RPS11","NOL6",0.993
"RPS11","DOCK4",0.978
"RPS11","EIF2S2",0.989
"RPS11","EIF5B",0.992
"RPS11","ABCE1",0.971
"RPS11","SYNCRIP",0.738
"RPS11","MRPL58",0.902
"RPS11","MRPL19",0.999
"RPS11","PARP8",0.807
"RPS11","GUF1",0.893
"RPS11","NHP2",0.86
"RPS11","NOL10",0.97
"RPS11","RPL37",0.999
"RPS11","MRNIP",0.977
"RPS11","RIOK2",0.975
"RPS11","EXOSC10",0.884
"RPS11","MRPS18C",0.87
"RPS11","DENR",0.971
"RPS11","MRPL46",0.969
"RPS11","RPL14",0.999
"RPS11","BUD23",0.929
"RPS11","EIF3I",0.982
"RPS11","RPL39L",0.981
"RPS11","NOL7",0.82
"RPS11","MRPS15",0.968
"RPS11","HMGN1",0.94
"RPS11","METAP2",0.82
"RPS11","SEC61A2",0.947
"RPS11","MRPS14",0.971
"RPS11","RPL36AL",0.999
"RPS11","EIF2D",0.834
"RPS11","EIF1AX",0.996
"RPS11","FCF1",0.981
"RPS11","PKM",0.808
"RPS11","WDR3",0.981
"RPS11","EIF4G1",0.891
"RPS11","EEF2",0.999
"RPS11","TSFM",0.885
"RPS11","ATP5F1A",0.916
"RPS11","ARL6IP1",0.954
"RPS11","RPS9",0.999
"RPS11","HMGN4",0.938
"RPS11","RPS23",0.999
"RPS11","MRPL20",0.999
"RPS11","DAP3",0.973
"RPS11","RPL13A",0.999
"RPS11","RPL10L",0.996
"RPS11","RPL38",0.999
"RPS11","EPRS1",0.933
"RPS11","SNU13",0.996
"RPS11","RPS14",0.999
"RPS11","EEF1D",0.951
"RPS11","RPL12",0.999
"RPS11","IFI35",0.98
"RPS11","RCL1",0.984
"RPS11","RRP7A",0.985
"RPS11","TSR1",0.91
"RPS11","MRPL16",0.925
"RPS11","EIF5A",0.994
"RPS11","RPS3",0.999
"RPS11","SEC61G",0.853
"RPS11","MRPL24",0.975
"RPS11","CSNK1D",0.811
"RPS11","UTP11",0.981
"RPS11","RPL27",0.999
"RPS11","GCN1",0.865
"RPS11","POLR1B",0.952
"RPS11","RPL22",0.999
"RPS11","MRPL40",0.867
"RPS11","HBS1L",0.879
"RPS11","PDCD11",0.997
"RPS11","GSPT1",0.918
"RPS11","EIF1AY",0.981
"RPS11","DNTTIP2",0.973
"PRDM16","KDM1A",0.926
"PRDM16","PPARG",0.996
"PRDM16","CTBP1",0.971
"PRDM16","CEBPB",0.995
"PGD","FH",0.737
"PGD","CS",0.709
"PGD","CMPK1",0.718
"IL22RA1","IL10",0.907
"IL22RA1","IL13RA1",0.713
"IL22RA1","JAK2",0.734
"IL22RA1","STAT1",0.738
"IL22RA1","IFNB1",0.738
"IL22RA1","IL13",0.771
"IL22RA1","IL10RB",0.999
"IL22RA1","IL6",0.798
"IL22RA1","IFNA1",0.789
"PLK4","SMC4",0.762
"PLK4","RACGAP1",0.793
"PLK4","MCM10",0.726
"PLK4","MAD2L1",0.893
"PLK4","KIF2C",0.782
"PLK4","CCNF",0.743
"PLK4","RAB8A",0.714
"PLK4","KIF20B",0.762
"PLK4","EXO1",0.816
"PLK4","CETN2",0.832
"PLK4","PLK1",0.956
"PLK4","BUB1B",0.935
"PLK4","FANCI",0.732
"PLK4","CDC25C",0.772
"FNBP1L","WAS",0.96
"FNBP1L","SQSTM1",0.909
"FNBP1L","BIN1",0.752
"PSMA5","CCT3",0.754
"PSMA5","CCT4",0.855
"PSMA5","CCT8",0.805
"PSMA5","CCT2",0.818
"PSMA5","EIF3I",0.79
"PSMA5","PSMG2",0.995
"PSMA5","UBXN7",0.733
"PSMA5","PSMC2",0.999
"PSMA5","CCT5",0.727
"PSMA5","PSMC5",0.999
"PSMA5","RPS2",0.718
"PSMA5","UBA52",0.95
"PSMA5","VCP",0.705
"PSMA5","RPL15",0.714
"PRCC","ASPSCR1",0.968
"MEF2D","HDAC1",0.724
"MEF2D","MAPK11",0.83
"PRUNE1","GSK3B",0.878
"PRUNE1","NME1",0.942
"SF3B4","LSM3",0.987
"SF3B4","PRPF31",0.992
"SF3B4","SNIP1",0.994
"SF3B4","SF3B3",0.999
"SF3B4","PPIH",0.851
"SF3B4","YBX1",0.916
"SF3B4","SRRM2",0.991
"SF3B4","SNRNP70",0.944
"SF3B4","DHX15",0.961
"SF3B4","SF3B2",0.999
"SF3B4","TCERG1",0.995
"SF3B4","SRRM1",0.83
"SF3B4","CDC5L",0.972
"SF3B4","ILF3",0.714
"SF3B4","PRP4K",0.826
"SF3B4","USP39",0.855
"SF3B4","LSM6",0.99
"SF3B4","NCBP2",0.959
"SF3B4","SF3B1",0.999
"SF3B4","MAGOHB",0.902
"SF3B4","DDX23",0.862
"SF3B4","SNU13",0.992
"SF3B4","RBMX2",0.999
"SF3B4","SF1",0.857
"SF3B4","SNRPD1",0.993
"SF3B4","NCBP1",0.857
"S100A11","ANXA1",0.998
"SETDB1","DNMT1",0.962
"SETDB1","HDAC1",0.992
"SETDB1","H3-4",0.982
"SETDB1","HDAC2",0.816
"SETDB1","MPHOSPH8",0.918
"SETDB1","KMT5B",0.818
"SETDB1","JARID2",0.784
"SETDB1","KDM1A",0.765
"SETDB1","CBX3",0.798
"CTSK","TLR4",0.82
"CTSK","MITF",0.73
"CTSK","MMP3",0.712
"CTSK","BID",0.912
"CTSK","SPP1",0.772
"CERS2","ATP6V0C",0.953
"CERS2","PLPP2",0.931
"POGZ","CBX3",0.878
"POGZ","ADNP",0.716
"KCNH1","CALML4",0.722
"KCNH1","CALM3",0.939
"KCNH1","CALML5",0.764
"EIF2D","RPS16",0.856
"EIF2D","RPS19",0.817
"EIF2D","RPS21",0.809
"EIF2D","RPS6",0.842
"EIF2D","RPS2",0.829
"EIF2D","RPS4X",0.846
"EIF2D","ABCE1",0.722
"EIF2D","EIF5B",0.818
"EIF2D","DENR",0.913
"EIF2D","RPS3",0.851
"EIF2D","RPS23",0.833
"EIF2D","RPS9",0.831
"EIF2D","RPS14",0.821
"CAPN9","CAST",0.768
"ACP1","GLRX",0.851
"CNIH3","CACNG2",0.834
"CNIH3","GRIN2C",0.736
"REN","NOS3",0.724
"REN","IL6",0.735
"REN","ALB",0.83
"REN","ACE",0.987
"RHOB","ITSN1",0.766
"RHOB","TIAM1",0.736
"RHOB","PKN2",0.783
"RHOB","CIT",0.804
"VPS54","TGOLN2",0.723
"ETAA1","BRCA1",0.735
"MEIS1","EZH2",0.703
"MEIS1","NUP98",0.909
"OTOF","VAMP2",0.851
"OTOF","CACNA1D",0.908
"NAT8","BACE1",0.799
"MALL","CAV1",0.702
"RALB","TBK1",0.919
"RALB","SRC",0.831
"CNGA3","RHO",0.733
"UBXN4","VCP",0.999
"POLR2D","POLR3K",0.883
"POLR2D","NELFB",0.906
"POLR2D","TAF10",0.909
"POLR2D","POLR1B",0.917
"POLR2D","MED16",0.828
"POLR2D","MED7",0.99
"POLR2D","SSRP1",0.946
"POLR2D","H2AC17",0.854
"POLR2D","H2AZ1",0.919
"POLR2D","GTF2B",0.998
"POLR2D","POLR2G",0.999
"POLR2D","TAF11",0.917
"POLR2D","POLR2J",0.999
"POLR2D","INTS6",0.998
"POLR2D","INTS3",0.994
"POLR2D","MED23",0.829
"POLR2D","POLR2F",0.999
"POLR2D","CDC73",0.932
"POLR2D","ERCC3",0.984
"POLR2D","PPP2R1A",0.808
"POLR2D","MED8",0.975
"POLR2D","MED25",0.816
"POLR2D","GTF2E1",0.982
"POLR2D","TAF7",0.899
"POLR2D","H2AC13",0.854
"POLR2D","MED1",0.876
"POLR2D","GTF2F2",0.996
"POLR2D","CTR9",0.939
"POLR2D","MED14",0.995
"POLR2D","H2AC8",0.926
"POLR2D","H4C2",0.879
"POLR2D","SUPT6H",0.988
"POLR2D","TCEA2",0.928
"POLR2D","MED21",0.996
"POLR2D","GTF2E2",0.974
"POLR2D","ERCC6",0.979
"POLR2D","POLR2B",0.999
"POLR2D","POLR2L",0.999
"PTH2R","GNB1",0.925
"ACKR3","ARRB1",0.883
"ACKR3","CXCL11",0.998
"ACKR3","CXCR5",0.711
"ACKR3","CXCL10",0.863
"ACKR3","CXCL9",0.807
"ACKR3","EGFR",0.768
"ACKR3","CCR5",0.709
"ACKR3","ATP5PO",0.824
"ACKR3","CXCR3",0.729
"ACKR3","ATP5F1A",0.828
"RAB5A","PIK3R4",0.957
"RAB5A","RAB5B",0.999
"RAB5A","TFRC",0.934
"RAB5A","RASA1",0.881
"RAB5A","EGFR",0.883
"RAB5A","BECN1",0.992
"RAB5A","CAV1",0.761
"RAB5A","TBC1D15",0.74
"RAB5A","EPS8",0.712
"RAB5A","VPS35",0.764
"CTDSP1","CDCA3",0.927
"DYNC1LI1","CAPZA2",0.722
"DYNC1LI1","TPR",0.901
"DYNC1LI1","DCTN1",0.998
"DYNC1LI1","MAD2L1",0.774
"DYNC1LI1","NUDC",0.732
"DYNC1LI1","DYNLT3",0.993
"CTDSPL","CDCA3",0.861
"STAC","FCHSD2",0.884
"LRIG1","RET",0.719
"LRIG1","EGFR",0.975
"ITIH1","AHSG",0.707
"ITIH1","ITIH2",0.835
"LIMD1","AGO3",0.811
"LIMD1","DHX9",0.902
"MYH15","MYL6",0.734
"PLA1A","LPCAT4",0.912
"ATP6V1A","PPA2",0.755
"ATP6V1A","ATP5PO",0.828
"ATP6V1A","ATP6V1B2",0.999
"ATP6V1A","ATP5F1C",0.962
"ATP6V1A","ATP5F1A",0.95
"ATP6V1A","ATP6V0D1",0.999
"ATP6V1A","ATP6V0C",0.999
"ATP6V1A","ATP6V1G1",0.999
"ATP6V1A","MTOR",0.772
"ATP6V1A","ATP5MC3",0.908
"ALDH1L1","MTHFD2",0.955
"RNF7","UBE2D2",0.829
"RNF7","UBA3",0.875
"RNF7","APOBEC3C",0.8
"RNF7","SOCS3",0.886
"RNF7","APOBEC3G",0.891
"RNF7","CUL1",0.999
"FTH1","COX8A",0.797
"FTH1","ALB",0.72
"FTH1","FKBP2",0.784
"FTH1","MAP3K11",0.797
"FTH1","SF1",0.769
"FTH1","TFRC",0.995
"FTH1","ROM1",0.775
"AMT","GLUL",0.879
"AMT","AGXT",0.97
"AMT","MTHFD2",0.99
"STXBP5L","STX2",0.774
"STXBP5L","VAMP2",0.707
"STXBP5L","STX11",0.841
"EAF2","CTR9",0.9
"EAF2","ERCC6",0.9
"EAF2","POLR2B",0.744
"EAF2","PEX2",0.9
"EAF2","SUPT6H",0.803
"EAF2","TCEA2",0.94
"EAF2","NELFB",0.9
"EAF2","CDC73",0.9
"AHSG","ITIH2",0.922
"AHSG","APOA2",0.943
"AHSG","SERPINF2",0.768
"AHSG","IGFBP1",0.893
"AHSG","FGB",0.909
"AHSG","FN1",0.712
"AHSG","SPP1",0.841
"AHSG","TF",0.866
"AHSG","AZGP1",0.794
"AHSG","RBP4",0.736
"AHSG","ALB",0.999
"AHSG","FABP1",0.835
"AHSG","SERPINA3",0.848
"AHSG","F2",0.98
"AHSG","TLR4",0.988
"DGKQ","GAK",0.738
"DGKQ","PLCB1",0.757
"DGKQ","GNPAT",0.828
"CENPC","MIS18A",0.895
"CENPC","CENPS",0.999
"CENPC","BUB3",0.828
"CENPC","PTEN",0.74
"CENPC","PPP1CC",0.785
"CENPC","H3-4",0.766
"CENPC","BUB1B",0.77
"CENPC","H4C2",0.9
"CENPC","CENPU",0.999
"AP1AR","AP1G1",0.734
"FABP2","FABP1",0.965
"NDUFS6","NDUFB2",0.997
"NDUFS6","ATP5F1C",0.771
"NDUFS6","ATP5MG",0.859
"NDUFS6","ATP5MF",0.791
"NDUFS6","NDUFB8",0.999
"NDUFS6","COX6A2",0.96
"NDUFS6","NDUFB11",0.999
"NDUFS6","SDHB",0.886
"NDUFS6","NDUFB3",0.999
"NDUFS6","ATP5ME",0.928
"NDUFS6","NDUFV2",0.999
"NDUFS6","COX5A",0.987
"NDUFS6","ATP5PO",0.762
"NDUFS6","NDUFA13",0.999
"NDUFS6","NDUFC2",0.999
"NDUFS6","NDUFA8",0.999
"NDUFS6","UQCR10",0.999
"NDUFS6","NDUFS2",0.999
"NDUFS6","ATP5PF",0.719
"NDUFS6","UQCRH",0.995
"NDUFS6","SDHD",0.941
"NDUFS6","COX7A2",0.724
"NDUFS6","COX7A1",0.865
"NDUFS6","COX7C",0.989
"NDUFS6","NDUFB6",0.999
"NDUFS6","NDUFAF4",0.958
"NDUFS6","NDUFA1",0.999
"NDUFS6","CYC1",0.998
"NDUFS6","NDUFS4",0.999
"NDUFS6","COX6C",0.907
"NDUFS6","NDUFA7",0.999
"NDUFS6","ATP5PD",0.901
"NDUFS6","UQCRFS1",0.999
"NDUFS6","HTATIP2",0.763
"NDUFS6","NDUFA3",0.999
"MARCHF6","VCP",0.899
"SRD5A1","AKR1C3",0.986
"RPL37","RPL14",0.999
"RPL37","RPL39L",0.982
"RPL37","HMGN1",0.776
"RPL37","ZNF593",0.882
"RPL37","RPL36AL",0.996
"RPL37","EEF2",0.996
"RPL37","RRP1B",0.762
"RPL37","PELO",0.856
"RPL37","RPL3",0.998
"RPL37","DOCK4",0.89
"RPL37","EIF5B",0.946
"RPL37","ABCE1",0.811
"RPL37","GNL3L",0.751
"RPL37","NEMF",0.8
"RPL37","RPF1",0.847
"RPL37","GNL3",0.777
"RPL37","MRNIP",0.929
"RPL37","NOC2L",0.842
"RPL37","EIF5A",0.961
"RPL37","RPS3",0.999
"RPL37","SEC61G",0.869
"RPL37","MRPL24",0.724
"RPL37","GCN1",0.86
"RPL37","RPL27",0.999
"RPL37","RPL22",0.998
"RPL37","HBS1L",0.859
"RPL37","GSPT1",0.897
"RPL37","ARL6IP1",0.953
"RPL37","RPS9",0.999
"RPL37","HMGN4",0.745
"RPL37","RPS23",0.999
"RPL37","RPL13A",0.999
"RPL37","RPL10L",0.986
"RPL37","BRIX1",0.856
"RPL37","RPL38",0.999
"RPL37","RPS14",0.999
"RPL37","RPL12",0.999
"RPL37","NOC3L",0.848
"RPL37","GTPBP4",0.968
"RPL37","IFI35",0.918
"RPL37","FTSJ3",0.859
"RPL37","RPL10",0.995
"RPL37","RPS16",0.999
"RPL37","RPL5",0.999
"RPL37","MAK16",0.842
"RPL37","SERBP1",0.975
"RPL37","TMCO1",0.816
"RPL37","RPL23",0.999
"RPL37","RPS19",0.999
"RPL37","RPL15",0.999
"RPL37","RPL13",0.999
"RPL37","MRTO4",0.89
"RPL37","TUBB",0.807
"RPL37","RPS27L",0.985
"RPL37","RPS21",0.999
"RPL37","RPL37A",0.999
"RPL37","RPL24",0.999
"RPL37","RPS2",0.999
"RPL37","SRP9",0.879
"RPL37","BTF3",0.896
"RPL37","UBA52",0.999
"RPL37","RPS6",0.999
"RPL37","MED1",0.905
"RPL37","EIF6",0.978
"RPL37","SECISBP2",0.806
"RPL37","SRPRA",0.819
"RPL37","ETF1",0.901
"RPL37","RPLP1",0.999
"RPL37","TMA16",0.8
"RPL37","RPL4",0.999
"RPL37","RPS4X",0.995
"RPL37","TOMM7",0.702
"RPL37","PA2G4",0.986
"RPL37","EIF5A2",0.811
"RPL37","RPL30",0.999
"RPL37","EBNA1BP2",0.864
"RPL37","GNL2",0.912
"SKP2","UBA3",0.798
"SKP2","E2F1",0.953
"SKP2","RRAGA",0.915
"SKP2","PTEN",0.701
"SKP2","ORC1",0.925
"SKP2","FOXO3",0.804
"SKP2","CDT1",0.977
"SKP2","SMAD4",0.775
"SKP2","CDC25A",0.718
"SKP2","CUL1",0.999
"SKP2","CKS2",0.982
"SKP2","CHEK1",0.777
"SKP2","CASP3",0.735
"SKP2","CCNF",0.946
"SKP2","CDKN1A",0.996
"SKP2","COPS5",0.766
"SKP2","UBA52",0.902
"SKP2","BRCA1",0.741
"OSMR","IL6",0.932
"OSMR","JAK2",0.923
"OSMR","IL13",0.733
"OSMR","IL10",0.71
"PLK2","NPM1",0.8
"PLK2","PPP4C",0.763
"GZMA","CXCL9",0.819
"GZMA","IDO1",0.728
"GZMA","CD3D",0.94
"GZMA","NME1",0.873
"GZMA","PDCD1",0.778
"GZMA","IL7R",0.713
"GZMA","FASLG",0.889
"GZMA","CD8A",0.964
"GZMA","CCL5",0.9
"GZMA","HMGB2",0.753
"PELO","RPL13",0.871
"PELO","RPS21",0.882
"PELO","RPL10",0.861
"PELO","RPS16",0.891
"PELO","RPL5",0.891
"PELO","RPL23",0.878
"PELO","RPS19",0.902
"PELO","RPL15",0.865
"PELO","RPL4",0.873
"PELO","RPS4X",0.854
"PELO","RPL30",0.882
"PELO","RPL37A",0.877
"PELO","RPL24",0.859
"PELO","RPS2",0.897
"PELO","RPS6",0.924
"PELO","UBA52",0.866
"PELO","RPL3",0.903
"PELO","ABCE1",0.95
"PELO","NEMF",0.717
"PELO","RPL14",0.863
"PELO","RPL36AL",0.854
"PELO","RPS9",0.867
"PELO","RPS23",0.915
"PELO","RPL13A",0.855
"PELO","RPL38",0.896
"PELO","RPS14",0.87
"PELO","RPL12",0.898
"PELO","RPS3",0.933
"PELO","RPL27",0.893
"PELO","RPL22",0.869
"PELO","HBS1L",0.999
"BHMT","CBS",0.985
"BHMT","FPGS",0.81
"BHMT","AGXT",0.774
"BHMT","MTHFD2",0.738
"IQGAP2","CALM3",0.938
"IQGAP2","CALML5",0.919
"IQGAP2","CALML4",0.895
"RASA1","RANBP2",0.872
"RASA1","NRAS",0.984
"RASA1","EGFR",0.97
"RASA1","ARF6",0.769
"RASA1","RACGAP1",0.778
"RASA1","DOK2",0.982
"RASA1","MRAS",0.962
"RASA1","RAB8A",0.821
"RASA1","EPS8",0.761
"RASA1","RAP1A",0.89
"RASA1","TSC1",0.933
"RASA1","SRC",0.798
"FEM1C","PRAME",0.914
"ARHGAP26","AMPH",0.728
"IL9","IFNA2",0.753
"IL9","CXCL10",0.772
"IL9","IL7R",0.922
"IL9","IFNA1",0.747
"IL9","IL6",0.99
"IL9","IL10RB",0.834
"IL9","IL3",0.945
"IL9","STAT5B",0.886
"IL9","IL13",0.947
"IL9","STAT5A",0.886
"IL9","CCL5",0.783
"IL9","EGFR",0.724
"IL9","IL13RA1",0.781
"IL9","CCL11",0.902
"IL9","STAT1",0.886
"IL9","CXCL8",0.791
"IL9","IL10",0.959
"IL9","IFNGR1",0.719
"GABRA6","GABARAP",0.785
"GABRB2","GABARAP",0.801
"NHP2","MED1",0.775
"NHP2","HEATR1",0.753
"NHP2","EIF6",0.794
"NHP2","RPL24",0.874
"NHP2","RPL37A",0.847
"NHP2","RPS2",0.761
"NHP2","RPS6",0.88
"NHP2","UBA52",0.775
"NHP2","RPL30",0.862
"NHP2","EBNA1BP2",0.955
"NHP2","RPLP1",0.834
"NHP2","RPS4X",0.719
"NHP2","RPL4",0.742
"NHP2","RRP15",0.834
"NHP2","RPS19",0.907
"NHP2","RPL23",0.853
"NHP2","RPL15",0.852
"NHP2","DDX47",0.7
"NHP2","RPL5",0.915
"NHP2","RPS16",0.71
"NHP2","POLR2F",0.859
"NHP2","MAK16",0.814
"NHP2","NGDN",0.756
"NHP2","MRPL11",0.73
"NHP2","MRPS12",0.8
"NHP2","IMP3",0.938
"NHP2","RRS1",0.916
"NHP2","RPS21",0.794
"NHP2","RPL13",0.867
"NHP2","NOC4L",0.757
"NHP2","MRTO4",0.987
"NHP2","MRPL4",0.819
"NHP2","MRPL2",0.731
"NHP2","RPL27",0.72
"NHP2","PDCD11",0.765
"NHP2","POLR1D",0.923
"NHP2","RPS3",0.899
"NHP2","UTP11",0.797
"NHP2","MRPL24",0.756
"NHP2","RPS14",0.765
"NHP2","SNU13",0.992
"NHP2","GTPBP4",0.763
"NHP2","RRP7A",0.746
"NHP2","RCL1",0.854
"NHP2","RPS9",0.749
"NHP2","RPS23",0.803
"NHP2","BRIX1",0.953
"NHP2","RPL38",0.746
"NHP2","RPL13A",0.766
"NHP2","FCF1",0.882
"NHP2","EIF1AX",0.706
"NHP2","WDR3",0.718
"NHP2","RRP1B",0.9
"NHP2","RPL14",0.703
"NHP2","ZNF593",0.884
"NHP2","RUVBL1",0.953
"NHP2","GNL3",0.786
"NHP2","LSM6",0.872
"NHP2","NOC2L",0.915
"NHP2","RPL3",0.751
"NHP2","EIF5B",0.808
"NHP2","TERF1",0.873
"NHP2","GNL3L",0.931
"NHP2","RPF1",0.895
"FGF18","NTRK1",0.887
"FGF18","KIT",0.848
"FGF18","CXCL8",0.752
"FGF18","INSR",0.808
"FGF18","EGFR",0.931
"FGF18","ALB",0.754
"FGF18","FN1",0.8
"FGF18","IL6",0.704
"FGF18","GRB2",0.784
"KCNMB1","PRKACA",0.919
"KCNMB1","CACNA1F",0.712
"KCNMB1","PRKACG",0.919
"KCNMB1","CACNA1D",0.737
"LRRTM2","CTNNA1",0.73
"GFRA3","RET",0.999
"GFRA3","NTRK1",0.728
"HIGD2A","COX6A2",0.736
"PLA2G7","APOA2",0.889
"PLA2G7","PLAAT3",0.802
"PLA2G7","APP",0.751
"PLA2G7","APOL1",0.767
"PLA2G7","LPCAT1",0.952
"PLA2G7","LPCAT4",0.908
"PLA2G7","PLA2G6",0.831
"PLA2G7","CLU",0.842
"MMUT","CS",0.856
"MMUT","MDH2",0.83
"MMUT","DLST",0.822
"ABT1","UTP14A",0.747
"ABT1","NGDN",0.941
"ABT1","DHX15",0.984
"ABT1","DDX47",0.821
"ABT1","BRIX1",0.787
"ABT1","FTSJ3",0.728
"ABT1","PDCD11",0.727
"ABT1","WDR3",0.973
"NFKBIE","PPP6R1",0.903
"NFKBIE","CHUK",0.978
"GNA12","SRC",0.797
"GNA12","CXCR1",0.728
"GNA12","GNG3",0.702
"GNA12","GNAQ",0.81
"GNA12","LPAR6",0.982
"GNA12","GNB1",0.842
"GNA12","RHO",0.752
"EGFR","TFRC",0.832
"EGFR","ANXA1",0.802
"EGFR","INSR",0.747
"EGFR","IL10",0.899
"EGFR","CXCL8",0.792
"EGFR","MTOR",0.802
"EGFR","IRS1",0.939
"EGFR","CTNND1",0.994
"EGFR","IFNB1",0.877
"EGFR","EPS15",0.994
"EGFR","MMP3",0.737
"EGFR","FYN",0.873
"EGFR","PRKCZ",0.707
"EGFR","NRAS",0.991
"EGFR","APP",0.889
"EGFR","CRKL",0.993
"EGFR","STAT5B",0.997
"EGFR","ALB",0.808
"EGFR","IFNA8",0.77
"EGFR","PTEN",0.969
"EGFR","CRK",0.997
"EGFR","PLCB1",0.72
"EGFR","SOX2",0.758
"EGFR","CTNNA1",0.826
"EGFR","E2F1",0.734
"EGFR","MMP14",0.787
"EGFR","CALML5",0.81
"EGFR","PPARG",0.843
"EGFR","COX8A",0.755
"EGFR","IL3",0.783
"EGFR","HSPA5",0.862
"EGFR","TLR4",0.739
"EGFR","RET",0.826
"EGFR","STAT2",0.761
"EGFR","HSP90B1",0.766
"EGFR","PRKACA",0.707
"EGFR","CALM3",0.859
"EGFR","IFNA1",0.819
"EGFR","TLR3",0.729
"EGFR","PRL",0.912
"EGFR","ITGA5",0.792
"EGFR","CDKN1A",0.752
"EGFR","STAT1",0.975
"EGFR","JAK2",0.986
"EGFR","CALML4",0.809
"EGFR","BRCA1",0.8
"EGFR","ESR2",0.755
"EGFR","EPS15L1",0.907
"EGFR","PIK3CD",0.942
"EGFR","PDCD1",0.705
"EGFR","SH3GL2",0.972
"EGFR","AR",0.864
"EGFR","GRB2",0.999
"EGFR","CAV1",0.999
"EGFR","EPS8",0.952
"EGFR","PRKDC",0.936
"EGFR","PARP1",0.751
"EGFR","HCK",0.795
"EGFR","IL13",0.809
"EGFR","STAT5A",0.998
"EGFR","YWHAQ",0.823
"EGFR","TIMP4",0.7
"EGFR","YWHAZ",0.925
"EGFR","KRT18",0.84
"EGFR","CD9",0.873
"EGFR","ITSN2",0.7
"EGFR","CASP3",0.747
"EGFR","BECN1",0.837
"EGFR","HDAC1",0.765
"EGFR","HSP90AA1",0.999
"EGFR","AP2A2",0.863
"EGFR","FN1",0.944
"EGFR","CASP8",0.737
"EGFR","CBLB",0.995
"EGFR","ARRB1",0.787
"EGFR","PGR",0.83
"EGFR","TXN",0.742
"EGFR","CDC25C",0.772
"EGFR","SOCS3",0.841
"EGFR","HSPA4",0.954
"EGFR","IFNA2",0.778
"EGFR","SRC",0.999
"EGFR","SMAD4",0.735
"EGFR","JUN",0.871
"EGFR","EZH2",0.741
"EGFR","HSP90AB1",0.998
"EGFR","SPP1",0.812
"EGFR","YBX1",0.913
"EGFR","IFNA10",0.77
"EGFR","PTK2",0.999
"EGFR","GPNMB",0.991
"EGFR","IL6",0.979
"EGFR","EPN2",0.85
"EGFR","KEAP1",0.746
"IGFBP1","PRL",0.713
"IGFBP1","FN1",0.756
"IGFBP1","DLK1",0.769
"CCT6A","TSC1",0.943
"CCT6A","CCT5",0.999
"CCT6A","PPP4C",0.795
"CCT6A","PSMG2",0.905
"CCT6A","HSP90AA1",0.839
"CCT6A","TUBB",0.93
"CCT6A","HSPA4",0.761
"CCT6A","HSP90AB1",0.924
"CCT6A","CCT4",0.999
"CCT6A","VBP1",0.975
"CCT6A","TUBA1B",0.897
"CCT6A","MOB4",0.994
"CCT6A","HSPA9",0.752
"CCT6A","CCT3",0.999
"CCT6A","STRN3",0.994
"CCT6A","PFDN5",0.99
"CCT6A","RUVBL1",0.751
"CCT6A","CCT8",0.999
"CCT6A","CCT2",0.999
"EPHA1","CD2AP",0.767
"EPHA1","FN1",0.748
"EPHA1","PICALM",0.846
"EPHA1","BIN1",0.719
"CDK16","TDRD7",0.709
"CHST7","CSGALNACT2",0.702
"NDUFB11","COX7C",0.965
"NDUFB11","COX7A1",0.872
"NDUFB11","SDHD",0.746
"NDUFB11","NDUFAF4",0.915
"NDUFB11","NDUFB6",0.999
"NDUFB11","UQCR10",0.974
"NDUFB11","NDUFS2",0.999
"NDUFB11","NDUFA8",0.999
"NDUFB11","UQCRH",0.96
"NDUFB11","UQCRFS1",0.932
"NDUFB11","NDUFA3",0.999
"NDUFB11","CYC1",0.961
"NDUFB11","NDUFA1",0.999
"NDUFB11","ATP5PD",0.94
"NDUFB11","NDUFA7",0.999
"NDUFB11","NDUFS4",0.999
"NDUFB11","COX6C",0.884
"NDUFB11","ATP5MG",0.734
"NDUFB11","COX6A2",0.922
"NDUFB11","NDUFB8",0.999
"NDUFB11","NDUFB2",0.997
"NDUFB11","ATP5F1C",0.865
"NDUFB11","NDUFC2",0.999
"NDUFB11","NDUFA13",0.999
"NDUFB11","COX5A",0.982
"NDUFB11","TMEM126B",0.883
"NDUFB11","NDUFV2",0.999
"NDUFB11","ATP5ME",0.898
"NDUFB11","NDUFB3",0.999
"NONO","ILF3",0.909
"NONO","RBBP4",0.702
"NONO","MATR3",0.993
"NONO","AR",0.775
"NONO","SMARCA4",0.868
"NONO","HNRNPA1",0.945
"NONO","YBX1",0.719
"NONO","HDAC1",0.812
"NONO","DHX9",0.743
"NONO","ASPSCR1",0.717
"HTR2C","MAOB",0.8
"HTR2C","CACNA1F",0.905
"HTR2C","GNB1",0.953
"HTR2C","CACNA1D",0.921
"HTR2C","GNAQ",0.995
"UPF3B","STAU1",0.908
"UPF3B","SRRM2",0.82
"UPF3B","NXF3",0.905
"UPF3B","SRRM1",0.965
"UPF3B","EIF4A1",0.771
"UPF3B","EIF4G1",0.832
"UPF3B","NCBP2",0.81
"UPF3B","SMG5",0.999
"UPF3B","NCBP1",0.934
"UPF3B","MAGOHB",0.996
"DLC1","CAV1",0.785
"DLC1","RHOC",0.703
"ATP6V1B2","ATP5F1C",0.967
"ATP6V1B2","ATP5PO",0.856
"ATP6V1B2","PPA2",0.761
"ATP6V1B2","RRAGA",0.734
"ATP6V1B2","ATP5MC3",0.905
"ATP6V1B2","ATP5F1A",0.961
"ATP6V1B2","ATP6V0D1",0.999
"ATP6V1B2","ATP6V0C",0.999
"ATP6V1B2","ATP6V1G1",0.999
"CHRNA6","JAK2",0.9
"CHRNA6","CYP2A6",0.734
"GNRH1","KISS1",0.967
"GNRH1","PRL",0.895
"GNRH1","AR",0.779
"GNRH1","ESR2",0.785
"GNRH1","SST",0.723
"BIN3","BIN1",0.941
"BIN3","MEPCE",0.922
"DOK2","FYN",0.74
"DOK2","GRB2",0.724
"TNFRSF10B","FADD",0.999
"TNFRSF10B","XIAP",0.807
"TNFRSF10B","CASP3",0.782
"TNFRSF10B","CYCS",0.7
"TNFRSF10B","PMAIP1",0.7
"TNFRSF10B","HSPA4",0.758
"TNFRSF10B","CFLAR",0.991
"TNFRSF10B","CASP8",0.999
"TNFRSF10B","BID",0.722
"TNFRSF10B","FASLG",0.999
"TNFRSF10B","CASP10",0.957
"DOCK5","ELMO1",0.99
"DOCK5","CRKL",0.835
"DOCK5","CRK",0.885
"STAR","PRKACA",0.863
"STAR","PRKACG",0.863
"GINS4","CDT1",0.825
"GINS4","WDHD1",0.999
"GINS4","MCM7",0.999
"GINS4","POLE",0.994
"GINS4","SSRP1",0.747
"GINS4","MCM10",0.955
"CRH","SST",0.873
"CRH","GNB1",0.941
"CRH","PRL",0.719
"MRPS28","MRPL24",0.879
"MRPS28","MRPL16",0.883
"MRPS28","MRPS17",0.987
"MRPS28","MRPL40",0.871
"MRPS28","MRPL20",0.896
"MRPS28","DAP3",0.994
"MRPS28","MRPS14",0.988
"MRPS28","MRPS15",0.995
"MRPS28","MRPL48",0.879
"MRPS28","MRPL46",0.89
"MRPS28","MRPL58",0.936
"MRPS28","MRPL19",0.88
"MRPS28","MRPL9",0.858
"MRPS28","MRPS18C",0.989
"MRPS28","MRPL17",0.914
"MRPS28","MRPL39",0.897
"MRPS28","MRPS31",0.992
"MRPS28","MRPL12",0.902
"MRPS28","MRPL33",0.869
"MRPS28","MRPS18A",0.98
"MRPS28","MRPL49",0.873
"MRPS28","MRPS16",0.993
"MRPS28","MRPL4",0.885
"MRPS28","MRPL2",0.874
"MRPS28","MRPS11",0.993
"MRPS28","MRPL57",0.848
"MRPS28","TUFM",0.904
"MRPS28","MRPS12",0.985
"MRPS28","MRPL11",0.861
"PRDM14","CARM1",0.714
"PRDM14","SOX2",0.965
"PRDM14","LIN28A",0.928
"TERF1","GNL3L",0.737
"TERF1","WRN",0.965
"TERF1","HSP90AB1",0.768
"TERF1","XRCC5",0.947
"TERF1","HSP90AA1",0.748
"TERF1","FEN1",0.725
"TERF1","PRKDC",0.717
"TERF1","ATM",0.955
"TERF1","BRCA1",0.911
"PLIN2","PPARG",0.727
"CDKN2B","SP1",0.727
"CDKN2B","SMAD3",0.745
"CDKN2B","CEBPB",0.825
"CDKN2B","SMAD4",0.812
"CDKN2B","CDKN1A",0.89
"IFNA1","IL3",0.767
"IFNA1","CD40",0.808
"IFNA1","IL10RB",0.907
"IFNA1","SOCS3",0.784
"IFNA1","CXCL11",0.898
"IFNA1","TLR8",0.804
"IFNA1","IFI6",0.744
"IFNA1","MX2",0.734
"IFNA1","RIGI",0.902
"IFNA1","IRF3",0.972
"IFNA1","TBK1",0.815
"IFNA1","IL7R",0.808
"IFNA1","TLR3",0.897
"IFNA1","CXCL9",0.728
"IFNA1","IL6",0.927
"IFNA1","TLR4",0.807
"IFNA1","IRF7",0.967
"IFNA1","CXCL10",0.825
"IFNA1","STAT2",0.959
"IFNA1","IFNB1",0.993
"IFNA1","IFNGR1",0.963
"IFNA1","IFITM1",0.709
"IFNA1","JAK2",0.876
"IFNA1","STAT1",0.96
"IFNA1","IL13RA1",0.718
"IFNA1","OAS1",0.732
"IFNA1","MX1",0.871
"IFNA1","CXCL8",0.777
"IFNA1","IL10",0.852
"IFNA1","IFIT1",0.858
"IFNA1","IRF9",0.956
"IFNA1","IFNA8",0.855
"IFNA1","RSAD2",0.821
"IFNA1","IL18",0.849
"IFNA1","CCL5",0.769
"IFNA1","CD8A",0.89
"IFNA1","ALB",0.758
"IFNA1","IL13",0.713
"SIGMAR1","HSPA9",0.77
"SIGMAR1","ITPR1",0.938
"SIGMAR1","TMBIM4",0.876
"SIGMAR1","HSPA5",0.992
"SIGMAR1","ANK2",0.838
"SIGMAR1","DHCR7",0.891
"NTRK2","FYN",0.884
"NTRK2","IRS1",0.974
"NTRK2","CALM3",0.708
"NTRK2","NTRK1",0.989
"NTRK2","GRB2",0.969
"NTRK2","SH2B2",0.91
"NTRK2","TIAM1",0.908
"NTRK2","SRC",0.786
"FAM120A","SYNCRIP",0.749
"FAM120A","HNRNPA1",0.724
"USP6NL","EPS8",0.952
"NRBF2","BECN1",0.999
"NRBF2","PIK3R4",0.999
"GLUD1","OAT",0.932
"GLUD1","IDH3A",0.91
"GLUD1","FH",0.709
"GLUD1","ALDH9A1",0.875
"GLUD1","MDH2",0.929
"GLUD1","EPRS1",0.849
"GLUD1","CS",0.948
"GLUD1","GLUL",0.991
"HABP2","FGB",0.877
"NPFFR1","KISS1",0.72
"PPRC1","CDC5L",0.836
"SAA4","CLU",0.706
"SAA4","APOA2",0.816
"SAA4","APOL1",0.727
"PGAP2","PIGK",0.754
"SCGB1A1","COX8A",0.765
"SCGB1A1","SF1",0.765
"SCGB1A1","MAP3K11",0.763
"SCGB1A1","ROM1",0.773
"SCGB1A1","FKBP2",0.764
"HSD17B12","CYP1A1",0.921
"HSD17B12","HACD2",0.983
"SLC1A2","GLUL",0.821
"SERPING1","ALB",0.791
"SERPING1","CLU",0.721
"SSRP1","PARP1",0.75
"SSRP1","POLR2B",0.925
"SSRP1","POLR2L",0.883
"SSRP1","H4C2",0.95
"SSRP1","SUPT6H",0.993
"SSRP1","TCEA2",0.761
"SSRP1","MCM7",0.892
"SSRP1","CTR9",0.989
"SSRP1","H2AX",0.898
"SSRP1","CDC73",0.968
"SSRP1","XRCC5",0.803
"SSRP1","H3-4",0.747
"SSRP1","POLR2F",0.891
"SSRP1","POLR2J",0.79
"SSRP1","POLR2G",0.913
"SSRP1","H2AZ1",0.721
"SSRP1","NCBP1",0.713
"SSRP1","DHX9",0.902
"HIKESHI","HSPA4",0.849
"PAK1","MAP2K1",0.929
"PAK1","GNB1",0.717
"PAK1","ROBO1",0.912
"PAK1","TIAM1",0.945
"PAK1","GRB2",0.897
"PAK1","CASP3",0.922
"RPS3","BTF3",0.806
"RPS3","ATP5PO",0.899
"RPS3","RPS6",0.999
"RPS3","UBA52",0.999
"RPS3","EIF3B",0.995
"RPS3","RPL24",0.999
"RPS3","METAP1",0.823
"RPS3","RPL37A",0.999
"RPS3","RPS2",0.999
"RPS3","SRP9",0.854
"RPS3","MRPL17",0.999
"RPS3","HNRNPA1",0.706
"RPS3","ETF1",0.959
"RPS3","SECISBP2",0.82
"RPS3","MRPL12",0.999
"RPS3","CCT5",0.771
"RPS3","QARS1",0.877
"RPS3","EIF6",0.755
"RPS3","MED1",0.982
"RPS3","PA2G4",0.977
"RPS3","MRPL33",0.999
"RPS3","POLR2B",0.956
"RPS3","POLR2L",0.839
"RPS3","RPLP1",0.999
"RPS3","RPS4X",0.999
"RPS3","RPL4",0.999
"RPS3","EIF4A1",0.981
"RPS3","PKLR",0.85
"RPS3","IFRD1",0.75
"RPS3","EIF5A2",0.964
"RPS3","ABCF1",0.789
"RPS3","UBL4A",0.724
"RPS3","RPL30",0.999
"RPS3","POLR2F",0.893
"RPS3","SERBP1",0.996
"RPS3","ATP5F1C",0.973
"RPS3","RPL10",0.999
"RPS3","HSP90AA1",0.856
"RPS3","EIF4A2",0.849
"RPS3","CSNK1E",0.857
"RPS3","RPL5",0.999
"RPS3","RPS16",0.999
"RPS3","RPL15",0.999
"RPS3","MRPS16",0.999
"RPS3","RPS19",0.999
"RPS3","RPL23",0.999
"RPS3","MRPS11",0.987
"RPS3","HSP90AB1",0.779
"RPS3","MRTO4",0.984
"RPS3","MRPL4",0.971
"RPS3","MRPL2",0.974
"RPS3","HSPA4",0.732
"RPS3","KARS1",0.751
"RPS3","RPL13",0.999
"RPS3","EIF3A",0.995
"RPS3","IMP3",0.983
"RPS3","PRAMEF12",0.716
"RPS3","RPS21",0.999
"RPS3","MRPL11",0.933
"RPS3","RPS27L",0.994
"RPS3","MRPS12",0.985
"RPS3","TUFM",0.999
"RPS3","SEC61G",0.833
"RPS3","CSNK1D",0.86
"RPS3","MRPL24",0.971
"RPS3","MRPL16",0.93
"RPS3","EIF5A",0.994
"RPS3","TSR1",0.983
"RPS3","EIF1AY",0.978
"RPS3","CCT4",0.816
"RPS3","RPL22",0.998
"RPS3","POLR1B",0.944
"RPS3","RPL27",0.999
"RPS3","GCN1",0.95
"RPS3","GSPT1",0.943
"RPS3","PDCD11",0.991
"RPS3","HBS1L",0.942
"RPS3","MRPL20",0.999
"RPS3","RPS23",0.999
"RPS3","EPRS1",0.975
"RPS3","RPL38",0.999
"RPS3","RPL13A",0.999
"RPS3","RPL10L",0.997
"RPS3","ARL6IP1",0.945
"RPS3","ATP5F1A",0.982
"RPS3","HMGN4",0.938
"RPS3","RPS9",0.999
"RPS3","IFI35",0.962
"RPS3","RPS14",0.999
"RPS3","SNU13",0.916
"RPS3","RPL12",0.999
"RPS3","EEF1D",0.931
"RPS3","METAP2",0.856
"RPS3","HMGN1",0.946
"RPS3","ZC3H15",0.724
"RPS3","MRPS15",0.969
"RPS3","ATP5MC3",0.72
"RPS3","RPL36AL",0.997
"RPS3","SEC61A2",0.951
"RPS3","MRPS14",0.971
"RPS3","RPL14",0.999
"RPS3","RPL39L",0.972
"RPS3","EIF3I",0.997
"RPS3","EIF4G1",0.936
"RPS3","TSFM",0.89
"RPS3","EEF2",0.999
"RPS3","EIF1AX",0.996
"RPS3","PKM",0.866
"RPS3","PARP8",0.85
"RPS3","SYNCRIP",0.742
"RPS3","MRPL58",0.878
"RPS3","MRPL19",0.998
"RPS3","ABCE1",0.99
"RPS3","CCT2",0.894
"RPS3","GUF1",0.9
"RPS3","MRPL9",0.999
"RPS3","RPL3",0.999
"RPS3","EIF2S2",0.997
"RPS3","EIF5B",0.998
"RPS3","DOCK4",0.979
"RPS3","CCT8",0.748
"RPS3","DENR",0.974
"RPS3","MRNIP",0.979
"RPS3","RUVBL1",0.705
"RPS3","RIOK2",0.996
"NPAT","TRRAP",0.868
"NPAT","ATM",0.722
"ATM","CDKN1A",0.807
"ATM","BABAM2",0.777
"ATM","BRCA1",0.999
"ATM","CHUK",0.747
"ATM","SMARCA4",0.786
"ATM","CETN2",0.925
"ATM","CEP164",0.8
"ATM","UBE2I",0.785
"ATM","H2AX",0.998
"ATM","EXO1",0.963
"ATM","PRKDC",0.971
"ATM","UBE2N",0.839
"ATM","PARP1",0.875
"ATM","RFC3",0.702
"ATM","CHEK1",0.998
"ATM","MUS81",0.849
"ATM","CASP3",0.702
"ATM","HSP90AA1",0.785
"ATM","HDAC1",0.948
"ATM","H3-4",0.871
"ATM","RAD23B",0.941
"ATM","CDC25A",0.861
"ATM","CASP8",0.961
"ATM","TRRAP",0.772
"ATM","PLK1",0.768
"ATM","FEN1",0.753
"ATM","CDC25C",0.813
"ATM","BRCA2",0.995
"ATM","FANCI",0.946
"ATM","XRCC5",0.998
"ATM","XPA",0.908
"ATM","ERCC3",0.863
"ATM","SQSTM1",0.933
"ATM","RFC4",0.865
"ATM","XPC",0.962
"ATM","EEF1E1",0.838
"ATM","MAP3K7",0.797
"ATM","FOXO3",0.826
"ATM","KDM1A",0.929
"ATM","WRN",0.955
"ATM","PTEN",0.897
"ATM","POLE",0.794
"ATM","E2F1",0.756
"ATM","RAD54L",0.756
"ATM","STK11",0.89
"AASDHPPT","TMEM126B",0.851
"MTA2","HDAC2",0.999
"MTA2","H2AZ1",0.728
"MTA2","KDM1A",0.947
"MTA2","HDAC1",0.999
"MTA2","EZH2",0.816
"MTA2","DNMT1",0.743
"MTA2","RBBP7",0.999
"MTA2","RBBP4",0.999
"MTA2","H2AX",0.753
"ROM1","COX8A",0.77
"ROM1","SF1",0.767
"ROM1","MAP3K11",0.767
"ROM1","RHO",0.874
"ROM1","FKBP2",0.769
"ROM1","PRPF31",0.754
"MYRF","FEN1",0.773
"FADS2","PLAAT3",0.91
"FADS2","PLA2G6",0.713
"MS4A3","RNASE2",0.707
"NINL","PLK1",0.946
"NINL","DCTN1",0.902
"MS4A2","FCER1A",0.996
"MS4A2","FYN",0.91
"MS4A2","FCER1G",0.985
"MS4A2","SYK",0.957
"MS4A2","CPA3",0.938
"CEP164","CEP170",0.735
"CEP164","PLK1",0.878
"CEP164","XPA",0.731
"CEP164","RAB8A",0.871
"SCN2B","CACNA1G",0.714
"SCN2B","KCNQ2",0.742
"SCN2B","SCN5A",0.974
"MYL9","MYL6",0.986
"MYL9","PPP1CA",0.921
"MYL9","RUNX1",0.806
"MYL9","RHOC",0.72
"MYL9","PPP1CC",0.939
"PIGT","PIGK",0.999
"AIP","HSP90AB1",0.999
"AIP","SRC",0.929
"AIP","HSP90AA1",0.998
"MRPL49","MRPL12",0.993
"MRPL49","MED1",0.717
"MRPL49","MRPS31",0.883
"MRPL49","MRPL39",0.982
"MRPL49","RPS2",0.861
"MRPL49","MRPL17",0.996
"MRPL49","MRPS18A",0.977
"MRPL49","RPL4",0.824
"MRPL49","MRPL33",0.994
"MRPL49","MRPS16",0.994
"MRPL49","RPL23",0.845
"MRPL49","RPS16",0.824
"MRPL49","MRPL11",0.993
"MRPL49","MRPS12",0.995
"MRPL49","TUFM",0.913
"MRPL49","IMP3",0.738
"MRPL49","MRPL57",0.946
"MRPL49","MRPS11",0.99
"MRPL49","MRPL4",0.998
"MRPL49","MRPL2",0.992
"MRPL49","MRPL40",0.996
"MRPL49","MRPS17",0.869
"MRPL49","MRPL16",0.993
"MRPL49","MRPL24",0.94
"MRPL49","RPS14",0.771
"MRPL49","MRM3",0.82
"MRPL49","RPS9",0.868
"MRPL49","DAP3",0.996
"MRPL49","MRPL20",0.986
"MRPL49","RPS23",0.858
"MRPL49","RPL13A",0.785
"MRPL49","MRPL48",0.941
"MRPL49","MRPL46",0.996
"MRPL49","MRPS15",0.993
"MRPL49","MRPS14",0.991
"MRPL49","MRNIP",0.795
"MRPL49","MRPS18C",0.97
"MRPL49","RPL3",0.814
"MRPL49","MRPL9",0.954
"MRPL49","MRPL58",0.914
"MRPL49","MRPL19",0.997
"PPP4C","PPP2R1A",0.984
"PPP4C","PPP2R2B",0.929
"PPP4C","PPP2R5E",0.785
"PPP4C","PLK1",0.831
"PPP4C","CCT5",0.826
"PPP4C","PPP2R2A",0.892
"PPP4C","CCT8",0.783
"PPP4C","CCT2",0.776
"PPP4C","PPP2R1B",0.97
"PPP4C","CCT3",0.79
"PPP4C","PPP6R1",0.725
"PPP4C","CCT4",0.776
"MMP10","FN1",0.846
"MMP10","MMP1",0.789
"MMP10","MMP3",0.973
"PRB4","C4BPA",0.75
"CTF1","IL6",0.732
"CTF1","JAK2",0.7
"ARID5B","HDAC1",0.774
"ARID5B","PIP4K2A",0.7
"HNMT","DNMT1",0.746
"HNMT","MAOB",0.947
"PDCD4","EIF4A1",0.999
"PDCD4","EIF4A2",0.999
"PDCD4","SMAD4",0.743
"PDCD4","PTEN",0.805
"PDCD4","DDX17",0.732
"PDCD4","EIF4G1",0.974
"ADRA2A","GNB1",0.978
"ADRA2A","GNAQ",0.959
"CCT5","RPL27",0.726
"CCT5","CCT4",0.999
"CCT5","VBP1",0.962
"CCT5","TUBA1B",0.8
"CCT5","MOB4",0.994
"CCT5","CCT3",0.999
"CCT5","STRN3",0.994
"CCT5","PFDN5",0.965
"CCT5","HSPA5",0.727
"CCT5","EIF3I",0.784
"CCT5","GNB1",0.997
"CCT5","RUVBL1",0.864
"CCT5","CCT8",0.999
"CCT5","NUDC",0.715
"CCT5","RPL3",0.731
"CCT5","CCT2",0.999
"CCT5","TSC1",0.944
"CCT5","RPS2",0.74
"CCT5","DNAJA1",0.732
"CCT5","PSMG2",0.903
"CCT5","RPS4X",0.713
"CCT5","PA2G4",0.74
"CCT5","HSP90AA1",0.868
"CCT5","RPL5",0.738
"CCT5","TUBB",0.866
"CCT5","HSPA4",0.799
"CCT5","HSP90AB1",0.959
"CCT5","VCP",0.747
"DLAT","CS",0.996
"DLAT","NDUFS2",0.713
"DLAT","ATP5F1A",0.8
"DLAT","ACAA1",0.891
"DLAT","DLST",0.942
"DLAT","SDHB",0.856
"DLAT","PDHB",0.999
"DLAT","ACAA2",0.892
"DLAT","IDH3A",0.823
"DLAT","FH",0.742
"DLAT","STAT5A",0.771
"DLAT","SP100",0.715
"DLAT","HADHB",0.906
"DLAT","BCKDHB",0.968
"IL18","IL18R1",0.999
"IL18","IL3",0.826
"IL18","AIM2",0.898
"IL18","NOD2",0.829
"IL18","TLR4",0.908
"IL18","TLR3",0.794
"IL18","CCR5",0.726
"IL18","IL10",0.955
"IL18","CXCL8",0.926
"IL18","IFNB1",0.717
"IL18","CD8A",0.791
"IL18","CCL5",0.858
"IL18","CXCL11",0.728
"IL18","JUN",0.952
"IL18","CXCL10",0.862
"IL18","IFNA2",0.726
"IL18","CXCL9",0.705
"IL18","IL6",0.97
"IL18","CASP5",0.806
"IL18","NLRP3",0.946
"IL18","IL13",0.916
"IL18","IRAK1",0.835
"PTS","GCH1",0.995
"PTS","AKR1C3",0.902
"PTS","ALPL",0.902
"PTS","SRC",0.852
"USP15","TRIM25",0.832
"USP15","UBA52",0.899
"USP15","COPS5",0.782
"USP15","SMAD3",0.847
"USP15","KEAP1",0.82
"USP15","SMAD4",0.743
"USP15","PRPF31",0.74
"SEC24D","STX5",0.872
"SEC24D","SEC13",0.999
"SEC24D","SAR1B",0.945
"DENR","EIF3A",0.765
"DENR","RPS21",0.94
"DENR","RPS16",0.911
"DENR","HTT",0.728
"DENR","RPS19",0.963
"DENR","RPS4X",0.92
"DENR","EBNA1BP2",0.765
"DENR","RPS2",0.925
"DENR","COPS5",0.806
"DENR","EIF3B",0.805
"DENR","RPS6",0.97
"DENR","EIF2S2",0.886
"DENR","ABCE1",0.845
"DENR","EIF3I",0.751
"DENR","NCBP2",0.815
"DENR","EIF1AX",0.776
"DENR","RPS9",0.927
"DENR","RPS23",0.931
"DENR","RPS14",0.91
"DENR","EIF1AY",0.732
"SLC7A11","BECN1",0.835
"NOCT","CNOT7",0.742
"NGLY1","RAD23B",0.997
"NGLY1","VCP",0.972
"ANK3","KCNQ2",0.956
"ANK3","ITPR1",0.946
"ANK3","CUL1",0.728
"ANK3","GABARAP",0.979
"ANK3","SRC",0.708
"ANK3","CALML4",0.838
"ANK3","CALML5",0.851
"ANK3","ANK2",0.911
"ANK3","CALM3",0.859
"ANK3","SCN5A",0.993
"ANK3","TIAM1",0.968
"DSC2","DSP",0.998
"DSC2","PKP3",0.91
"DSC2","RYR2",0.77
"DSC2","GJA1",0.784
"DSC2","PKP4",0.793
"AKAP6","RYR2",0.992
"AKAP6","PRKACA",0.953
"AKAP6","PRKACG",0.953
"AKAP6","AKAP9",0.753
"NDUFC2","ATP5PB",0.71
"NDUFC2","ATP5MG",0.846
"NDUFC2","NDUFB8",0.999
"NDUFC2","COX6A2",0.92
"NDUFC2","NDUFB2",0.996
"NDUFC2","NDUFA13",0.999
"NDUFC2","NDUFB3",0.999
"NDUFC2","ATP5ME",0.799
"NDUFC2","TMEM126B",0.951
"NDUFC2","NDUFV2",0.999
"NDUFC2","COX5A",0.976
"NDUFC2","COX7A2",0.83
"NDUFC2","COX7A1",0.89
"NDUFC2","COX7C",0.962
"NDUFC2","NDUFB6",0.999
"NDUFC2","NDUFAF4",0.911
"NDUFC2","NDUFA8",0.999
"NDUFC2","UQCR10",0.975
"NDUFC2","NDUFS2",0.999
"NDUFC2","ATP5PF",0.808
"NDUFC2","UQCRH",0.961
"NDUFC2","UQCRFS1",0.97
"NDUFC2","NDUFA3",0.998
"NDUFC2","NDUFA1",0.998
"NDUFC2","CYC1",0.943
"NDUFC2","NDUFS4",0.999
"NDUFC2","COX6C",0.913
"NDUFC2","NDUFA7",0.999
"NDUFC2","ATP5PD",0.857
"NARS2","KARS1",0.852
"NARS2","QARS1",0.89
"NARS2","EPRS1",0.941
"MYCN","EZH2",0.952
"MYCN","TRRAP",0.719
"MYCN","HDAC1",0.914
"MYCN","AR",0.759
"MYCN","BRCA1",0.728
"MYCN","CDKN1A",0.709
"MYCN","HDAC2",0.812
"MYCN","SP1",0.84
"MYCN","E2F1",0.895
"MYCN","SOX2",0.759
"MYCN","KDM1A",0.717
"NUBPL","ISCA1",0.82
"NUBPL","NDUFS4",0.834
"NUBPL","NDUFAF4",0.851
"NUBPL","NDUFS2",0.902
"NUBPL","NDUFV2",0.864
"FER","CTNND1",0.952
"CDC123","EIF2S2",0.873
"SLC25A31","CYCS",0.95
"SLC25A31","BAK1",0.736
"SLC25A31","CD34",0.72
"SLC25A31","PPID",0.948
"SLC25A31","BAX",0.736
"ACAD8","ACAA2",0.79
"ACAD8","HADHB",0.704
"QDPR","DDC",0.723
"QDPR","RYR2",0.701
"QDPR","GCH1",0.874
"PIGF","PIGK",0.942
"ASAP2","ARF6",0.966
"CENPU","MAD2L1",0.837
"CENPU","MIS18A",0.713
"CENPU","CDCA8",0.759
"CENPU","CENPS",0.998
"CENPU","NUDC",0.717
"CENPU","RACGAP1",0.719
"CENPU","PLK1",0.996
"CENPU","BUB1B",0.812
"CENPU","H4C2",0.808
"SLC25A4","BAX",0.818
"SLC25A4","CS",0.852
"SLC25A4","CYC1",0.756
"SLC25A4","PPID",0.942
"SLC25A4","BAK1",0.748
"SLC25A4","ATP5F1A",0.868
"SLC25A4","CD34",0.72
"SLC25A4","CYCS",0.96
"SLC25A4","BCS1L",0.715
"NBAS","COPB2",0.734
"GUF1","RPS9",0.83
"GUF1","RPL13A",0.72
"GUF1","RPS23",0.82
"GUF1","MRPL20",0.904
"GUF1","MRPL9",0.845
"GUF1","MRPL19",0.886
"GUF1","MRPS15",0.705
"GUF1","MRPL33",0.85
"GUF1","MRPL17",0.877
"GUF1","RPS2",0.824
"GUF1","RRM1",0.871
"GUF1","MED1",0.823
"GUF1","MRPS12",0.87
"GUF1","IMP3",0.833
"GUF1","RPL5",0.901
"GUF1","RPL23",0.894
"GUF1","MRPS16",0.877
"PABPC3","EIF4A1",0.799
"PABPC3","EIF4A2",0.8
"PABPC3","EIF4G1",0.885
"PARP8","MED1",0.713
"PARP8","RPL37A",0.761
"PARP8","RPL24",0.792
"PARP8","RPS6",0.715
"PARP8","MRTO4",0.704
"PARP8","MRPL2",0.709
"PARP8","RPS19",0.712
"PARP8","RPL23",0.862
"PARP8","RPL15",0.839
"PARP8","RPL5",0.899
"NVL","TSR1",0.758
"NVL","NOC3L",0.863
"NVL","GTPBP4",0.769
"NVL","WDR3",0.767
"NVL","NOC2L",0.747
"NVL","GNL3",0.758
"NVL","GNL3L",0.938
"NVL","GNL2",0.824
"NVL","MAK16",0.723
"NVL","UTP14A",0.7
"EPHA4","THY1",0.897
"TNFSF4","IL6",0.703
"TNFSF4","CD40",0.873
"TNFSF4","IL10",0.757
"MGAT5","MGAT4B",0.992
"MED13L","MED23",0.978
"MED13L","MED8",0.891
"MED13L","MED25",0.817
"MED13L","MED1",0.976
"MED13L","MED14",0.98
"MED13L","MED21",0.971
"MED13L","MED16",0.951
"MED13L","MED7",0.977
"HSPB8","CCT8",0.747
"HSPB8","CCT2",0.773
"HSPB8","CCT4",0.762
"HSPB8","CCT3",0.758
"HSPB8","HSP90AA1",0.861
"HSPB8","HSP90AB1",0.948
"HSPB8","HSPA4",0.994
"HSPB8","TSC1",0.749
"HSPB8","HSPB3",0.906
"HSPB8","PSMG2",0.72
"GEMIN6","SNRNP70",0.775
"GEMIN6","SNRPD1",0.959
"CYSLTR2","GNAQ",0.872
"GRID2","BECN1",0.8
"SPC25","MAD2L1",0.913
"SPC25","PLK1",0.774
"SPC25","BUB1B",0.93
"SPC25","CDCA3",0.73
"SPC25","KIF2C",0.777
"SPC25","CHEK1",0.778
"PDE3B","DCK",0.906
"PDE3B","ELMO1",0.735
"PDE3B","ADCY1",0.773
"PDE3B","ADCY8",0.8
"PDE3B","PRKACG",0.847
"PDE3B","PRKACA",0.848
"TCF7L1","CTBP1",0.97
"TCF7L1","RUVBL1",0.913
"TCF7L1","SMAD4",0.925
"TCF7L1","SMARCA4",0.715
"CRYGC","IL6",0.733
"CRYGC","CCRL2",0.838
"CRYGC","CRYAA",0.919
"CRYGC","CCR1",0.867
"CRYGC","BFSP2",0.8
"CRYGC","CCR2",0.884
"CRYGC","CCR5",0.887
"GUCY1A2","PKM",0.903
"GUCY1A2","GCH1",0.808
"GUCY1A2","PKLR",0.903
"USP12","AR",0.856
"USP12","UBA52",0.924
"CAMK4","CALML4",0.998
"CAMK4","NOS3",0.928
"CAMK4","CREB3",0.903
"CAMK4","CALML5",0.998
"CAMK4","CALM3",0.998
"CAMK4","CREB5",0.913
"CAMK4","ADCY1",0.724
"CAMK4","ADCY8",0.824
"TRIM36","TRAT1",0.82
"ZFP36L2","CNOT7",0.784
"PPM1B","CHUK",0.831
"PPM1B","MAP3K7",0.946
"MBNL1","FMR1",0.747
"MBNL1","DHX9",0.876
"MBNL1","MBNL3",0.786
"MBNL1","QKI",0.924
"MBNL1","DDX17",0.762
"MBNL1","SRSF2",0.717
"MBNL1","HNRNPA1",0.857
"GRIA4","PPP1CA",0.904
"GRIA4","CNIH4",0.78
"GRIA4","CACNG2",0.975
"GRIA4","PRKACA",0.946
"GRIA4","GRIN2C",0.824
"GRIA4","PRKACG",0.928
"GRIA4","PPP1CC",0.9
"NIPBL","RAD21",0.999
"NIPBL","ITSN2",0.792
"NIPBL","MED8",0.834
"NIPBL","INTS6",0.834
"NIPBL","INTS3",0.724
"NIPBL","SMC5",0.889
"NIPBL","SMC4",0.828
"NIPBL","BPTF",0.806
"NIPBL","CBX3",0.8
"NIPBL","WAPL",0.998
"NIPBL","SCAF11",0.73
"NIPBL","RSF1",0.72
"GPD1L","PLPP2",0.832
"GPD1L","SCN5A",0.974
"GPD1L","TKFC",0.848
"GPD1L","CACNB2",0.868
"GPD1L","GNPAT",0.956
"GJA1","CSNK1D",0.939
"GJA1","ITPR1",0.702
"GJA1","TUBA1B",0.908
"GJA1","EPS15",0.828
"GJA1","CALM3",0.81
"GJA1","CALML5",0.861
"GJA1","CAV1",0.965
"GJA1","BECN1",0.79
"GJA1","CALML4",0.861
"GJA1","DSP",0.84
"GJA1","SRC",0.998
"GJA1","TUBB",0.943
"GJA1","SCN5A",0.873
"GJA1","FN1",0.739
"CCNO","CKS2",0.705
"JADE2","ING3",0.756
"GRM1","ITPR1",0.868
"GRM1","PLCB1",0.729
"GRM1","GNAQ",0.998
"GGPS1","FDPS",0.996
"GGPS1","RSAD2",0.952
"MED21","GTF2F2",0.927
"MED21","MED1",0.998
"MED21","MED14",0.999
"MED21","H4C2",0.817
"MED21","POLR2L",0.991
"MED21","POLR2B",0.991
"MED21","GTF2E2",0.929
"MED21","POLR2J",0.958
"MED21","POLR2F",0.988
"MED21","MED23",0.998
"MED21","ERCC3",0.925
"MED21","TAF7",0.803
"MED21","GTF2E1",0.967
"MED21","MED25",0.992
"MED21","MED8",0.999
"MED21","MED16",0.999
"MED21","MED7",0.999
"MED21","GTF2B",0.985
"MED21","H2AZ1",0.814
"MED21","TAF11",0.803
"MED21","POLR2G",0.991
"MED21","TAF10",0.877
"PLOD2","COL3A1",0.713
"PLOD2","P4HA2",0.841
"PLOD2","COL5A2",0.737
"PLOD2","COL5A1",0.75
"RIOK2","CSNK1D",0.928
"RIOK2","TSR1",0.999
"RIOK2","BRIX1",0.802
"RIOK2","RPS23",0.98
"RIOK2","RPS9",0.994
"RIOK2","RCL1",0.845
"RIOK2","RRP7A",0.711
"RIOK2","GTPBP4",0.774
"RIOK2","RPS14",0.994
"RIOK2","BUD23",0.884
"RIOK2","RPL3",0.887
"RIOK2","NOC2L",0.748
"RIOK2","MRNIP",0.864
"RIOK2","RPS6",0.994
"RIOK2","RPS2",0.999
"RIOK2","RPS4X",0.956
"RIOK2","RPL4",0.856
"RIOK2","GNL2",0.813
"RIOK2","NGDN",0.766
"RIOK2","RPS16",0.974
"RIOK2","CSNK1E",0.923
"RIOK2","RPS19",0.983
"RIOK2","DHX15",0.759
"RIOK2","MRTO4",0.881
"RIOK2","NOC4L",0.866
"RIOK2","RPS21",0.991
"RIOK2","RPS27L",0.751
"SMARCA5","POLR1B",0.705
"SMARCA5","CBX3",0.804
"SMARCA5","H2AC17",0.862
"SMARCA5","SF3B1",0.905
"SMARCA5","BPTF",0.999
"SMARCA5","H2AZ1",0.927
"SMARCA5","RSF1",0.999
"SMARCA5","HDAC2",0.973
"SMARCA5","ABCE1",0.703
"SMARCA5","RUVBL1",0.875
"SMARCA5","SMARCD1",0.801
"SMARCA5","RBBP7",0.954
"SMARCA5","RBBP4",0.997
"SMARCA5","H2AC13",0.864
"SMARCA5","H2AX",0.897
"SMARCA5","SMARCA4",0.908
"SMARCA5","BAZ1B",0.999
"SMARCA5","ERCC6",0.813
"SMARCA5","H4C2",0.932
"SMARCA5","RAD21",0.906
"SMARCA5","H2AC8",0.948
"SMARCA5","HDAC1",0.969
"SMARCA5","H3-4",0.888
"SMARCA5","EZH2",0.856
"SMARCA5","XPA",0.713
"SMARCA5","XRCC5",0.77
"SMARCA5","BAZ1A",0.999
"SMARCA5","DNMT1",0.886
"SMARCA5","CDT1",0.786
"BMP6","IL6",0.706
"BMP6","SMAD4",0.792
"UXS1","RPS6",0.723
"RANBP2","SEH1L",0.993
"RANBP2","SMC5",0.701
"RANBP2","TNPO1",0.82
"RANBP2","PLK1",0.902
"RANBP2","BUB1B",0.752
"RANBP2","SP100",0.865
"RANBP2","CETN3",0.916
"RANBP2","TPR",0.99
"RANBP2","CETN2",0.926
"RANBP2","UBE2I",0.999
"RANBP2","NUP43",0.985
"RANBP2","CDCA8",0.755
"RANBP2","SUMO3",0.862
"RANBP2","NUDC",0.82
"RANBP2","NUP98",0.999
"RANBP2","NPM1",0.727
"RANBP2","SUMO1",0.999
"RANBP2","AHCTF1",0.992
"RANBP2","MAD2L1",0.931
"RANBP2","NUP50",0.956
"RANBP2","NUP93",0.998
"RANBP2","NUP160",0.992
"RANBP2","SEC13",0.981
"PTPRR","MAPK11",0.935
"ITGB6","COL6A3",0.747
"ITGB6","THBS2",0.728
"ITGB6","COL6A1",0.722
"ITGB6","COL6A2",0.714
"ITGB6","ITGA2",0.974
"ITGB6","CRKL",0.769
"ITGB6","COL4A2",0.717
"ITGB6","FN1",0.986
"ITGB6","PTK2",0.932
"ITGB6","SPP1",0.715
"ITGB6","SRC",0.931
"ITGB6","LTBP3",0.715
"ITGB6","ITGA5",0.961
"ITGB6","ITGA3",0.977
"ITGB6","ITGB5",0.927
"ITGB6","CAV1",0.709
"SCN3A","CACNA1H",0.704
"SCN3A","CACNA1G",0.706
"SCN3A","KCNQ2",0.751
"ATG3","BECN1",0.991
"ATG3","ATG5",0.999
"ATG3","SQSTM1",0.804
"ATG3","GABARAP",0.999
"ATG3","FADD",0.727
"ATG3","CFLAR",0.995
"ATG3","PIK3R4",0.92
"LPCAT1","LYPLA1",0.777
"LPCAT1","PLA2G6",0.728
"LPCAT1","PLAAT3",0.919
"LPCAT1","LPCAT4",0.922
"RMND5A","MKLN1",0.99
"RPIA","BCKDHB",0.835
"RPIA","PDHB",0.875
"GTF2E1","H2AZ1",0.815
"GTF2E1","GTF2B",0.999
"GTF2E1","POLR2G",0.997
"GTF2E1","TAF11",0.992
"GTF2E1","POLR1B",0.846
"GTF2E1","MED16",0.828
"GTF2E1","MED7",0.952
"GTF2E1","TAF10",0.981
"GTF2E1","H4C2",0.834
"GTF2E1","SUPT6H",0.773
"GTF2E1","TCEA2",0.804
"GTF2E1","GTF2E2",0.999
"GTF2E1","POLR2B",0.992
"GTF2E1","POLR2L",0.995
"GTF2E1","MED1",0.849
"GTF2E1","GTF2F2",0.999
"GTF2E1","MED14",0.948
"GTF2E1","ERCC3",0.999
"GTF2E1","MED8",0.827
"GTF2E1","MED25",0.853
"GTF2E1","TAF7",0.995
"GTF2E1","POLR2J",0.961
"GTF2E1","MED23",0.907
"GTF2E1","POLR2F",0.996
"CFDP1","H2AZ1",0.923
"CFDP1","RUVBL1",0.98
"HOXA10","PBX2",0.848
"DDAH1","NOS3",0.865
"DGKE","GNPAT",0.842
"DGKE","PLCB1",0.725
"GRAP","GRB2",0.943
"GRAP","LAT",0.939
"GRAP","KIT",0.791
"IMPACT","TK1",0.816
"IMPACT","DTYMK",0.809
"THY1","NES",0.729
"THY1","KIT",0.789
"THY1","COL5A2",0.717
"THY1","CD8A",0.743
"THY1","SOX2",0.71
"THY1","CD34",0.915
"THY1","KRT19",0.731
"THY1","CD19",0.836
"THY1","CD3D",0.739
"JPH3","CACNA1D",0.778
"NRGN","CALM3",0.992
"NRGN","CALML5",0.992
"NRGN","CALML4",0.992
"TOMM70","HSPA4",0.988
"TOMM70","HSP90AB1",0.999
"TOMM70","HSP90AA1",0.999
"TOMM70","TOMM7",0.999
"TOMM70","TBK1",0.791
"TOMM70","IRF3",0.785
"TOMM70","IMMT",0.939
"TOMM70","HSPA9",0.942
"ABCA6","FOXO3",0.764
"UCHL1","PLA2G6",0.704
"UCHL1","HSP90AA1",0.9
"UCHL1","HSP90AB1",0.804
"UCHL1","COPS5",0.734
"UCHL1","UBA52",0.982
"UCHL1","APP",0.746
"PPP1R3A","PPP1CC",0.99
"PPP1R3A","PPP1CA",0.983
"KLHL41","KLHL2",0.77
"KLHL41","KEAP1",0.915
"DHX32","CDC5L",0.808
"DHX32","WDR3",0.769
"DHX32","NOC2L",0.716
"DHX32","NOL6",0.702
"DHX32","POLR1B",0.733
"DHX32","PDCD11",0.722
"DHX32","BRIX1",0.776
"OLA1","BRCA1",0.868
"OLA1","RRM1",0.853
"OLA1","HSPA4",0.774
"ATP5MC3","ATP5PF",0.997
"ATP5MC3","CDCA8",0.823
"ATP5MC3","COX7A2",0.867
"ATP5MC3","ATP5PD",0.998
"ATP5MC3","CYC1",0.841
"ATP5MC3","ATP6V0D1",0.955
"ATP5MC3","ATP5F1A",0.998
"ATP5MC3","UQCRFS1",0.972
"ATP5MC3","ATP5F1C",0.999
"ATP5MC3","MRPS16",0.73
"ATP5MC3","NDUFB8",0.751
"ATP5MC3","ATP5MF",0.993
"ATP5MC3","ATP5PB",0.999
"ATP5MC3","ATP5MG",0.99
"ATP5MC3","ATP5PO",0.992
"ATP5MC3","ATP5IF1",0.767
"ATP5MC3","ATP5ME",0.992
"ATP5MC3","COX5A",0.939
"ATP5MC3","PPA2",0.778
"ATP5MC3","NDUFV2",0.829
"LY96","IL6",0.713
"LY96","TRAF3",0.704
"LY96","IRAK1",0.861
"LY96","TLR3",0.705
"LY96","IRF3",0.805
"LY96","TBK1",0.703
"LY96","IRF7",0.713
"LY96","TLR4",0.999
"LY96","MAP3K7",0.707
"LY96","IFNB1",0.755
"TMSB4Y","EIF1AY",0.898
"TMSB4Y","KDM5D",0.946
"TMPRSS15","TXN",0.704
"APP","CLU",0.998
"APP","GNB1",0.932
"APP","PDIA3",0.737
"APP","NTRK1",0.856
"APP","BIN1",0.834
"APP","CDK5",0.868
"APP","FMR1",0.782
"APP","SERPINA3",0.8
"APP","MAP3K5",0.728
"APP","CARM1",0.717
"APP","VAMP2",0.705
"APP","PPID",0.797
"APP","FOXO3",0.836
"APP","ALB",0.901
"APP","NCSTN",0.998
"APP","FYN",0.78
"APP","SST",0.788
"APP","HTT",0.826
"APP","FN1",0.782
"APP","CYCS",0.709
"APP","JUN",0.79
"APP","BACE1",0.999
"APP","SRC",0.864
"APP","HSPA4",0.849
"APP","GSK3B",0.897
"APP","PSEN1",0.999
"APP","CALR",0.878
"APP","ADAM9",0.711
"APP","PICALM",0.82
"APP","APOL1",0.756
"APP","GRB2",0.945
"APP","CAV1",0.725
"APP","APOA2",0.902
"APP","CASP3",0.908
"APP","YWHAQ",0.854
"ADAMTS5","MMP3",0.89
"WNT7A","GSK3B",0.751
"WNT7A","FZD7",0.995
"XPC","PRKDC",0.923
"XPC","ERCC6",0.758
"XPC","PARP1",0.928
"XPC","CETN3",0.789
"XPC","CETN2",0.999
"XPC","XRCC5",0.953
"XPC","XPA",0.981
"XPC","ERCC3",0.972
"XPC","RAD23B",0.999
"XPC","FEN1",0.911
"XPC","KDM1A",0.902
"XPC","USP7",0.701
"ACAA2","UQCRFS1",0.74
"ACAA2","ACAA1",0.935
"ACAA2","DLST",0.867
"ACAA2","CS",0.946
"ACAA2","ACOX3",0.986
"ACAA2","HADHB",0.961
"SKA1","KIF2C",0.838
"SKA1","PLK1",0.937
"SKA1","BUB1B",0.976
"SKA1","CDCA3",0.772
"SKA1","ZWILCH",0.733
"SKA1","ERCC6L",0.744
"SKA1","MCM10",0.714
"SKA1","MAD2L1",0.783
"SKA1","SHCBP1",0.735
"SKA1","CDCA8",0.828
"SKA1","NUDC",0.8
"MRPS17","MRPL4",0.856
"MRPS17","MRPL2",0.863
"MRPS17","MRPS11",0.99
"MRPS17","MRPL57",0.884
"MRPS17","MRPS12",0.997
"MRPS17","TUFM",0.903
"MRPS17","MRPL11",0.916
"MRPS17","MRPS16",0.995
"MRPS17","MRPL33",0.865
"MRPS17","MRPS18A",0.988
"MRPS17","MRPL17",0.91
"MRPS17","MRPL39",0.874
"MRPS17","MRPS31",0.983
"MRPS17","MRPL12",0.921
"MRPS17","MRPL58",0.923
"MRPS17","MRPL19",0.867
"MRPS17","MRPL9",0.873
"MRPS17","MRPS18C",0.991
"MRPS17","MRPS14",0.997
"MRPS17","MRPS15",0.998
"MRPS17","MRPL48",0.902
"MRPS17","MRPL46",0.9
"MRPS17","DAP3",0.986
"MRPS17","MRPL20",0.935
"MRPS17","MRPL24",0.884
"MRPS17","MRPL16",0.855
"MRPS17","MRPL40",0.884
"DKK2","WNT4",0.83
"CA2","CBS",0.819
"CA2","CA1",0.833
"CA3","CA1",0.701
"ERCC3","FANCI",0.7
"ERCC3","BRCA2",0.75
"ERCC3","POLR2J",0.956
"ERCC3","FEN1",0.871
"ERCC3","METTL3",0.859
"ERCC3","POLR2F",0.985
"ERCC3","RAD23B",0.968
"ERCC3","MED23",0.931
"ERCC3","XRCC5",0.794
"ERCC3","XPA",0.999
"ERCC3","TAF7",0.982
"ERCC3","MED25",0.819
"ERCC3","MED8",0.827
"ERCC3","GTF2F2",0.993
"ERCC3","CETN2",0.896
"ERCC3","MED1",0.939
"ERCC3","BRCA1",0.765
"ERCC3","MED14",0.963
"ERCC3","TCEA2",0.766
"ERCC3","H4C2",0.834
"ERCC3","POLR2L",0.961
"ERCC3","POLR2B",0.977
"ERCC3","PARP1",0.813
"ERCC3","PRKDC",0.738
"ERCC3","ERCC6",0.976
"ERCC3","GTF2E2",0.999
"ERCC3","TAF10",0.98
"ERCC3","MED16",0.821
"ERCC3","POLR1B",0.796
"ERCC3","MED7",0.966
"ERCC3","GTF2B",0.999
"ERCC3","IMMT",0.845
"ERCC3","H2AZ1",0.815
"ERCC3","TAF11",0.98
"ERCC3","POLR2G",0.971
"AGPAT5","PLPP2",0.773
"AGPAT5","GNPAT",0.898
"HSPA13","DNAJB4",0.775
"HSPA13","HSP90B1",0.788
"HSPA13","HSPA4",0.758
"RHOC","CIT",0.778
"RHOC","PKN2",0.864
"RHOC","ITSN1",0.755
"RHOC","TIAM1",0.71
"RHOC","CAV1",0.774
"OXA1L","MRPL57",0.809
"OXA1L","MRPL4",0.92
"OXA1L","MRPL2",0.894
"OXA1L","MRPS11",0.845
"OXA1L","MRPS12",0.86
"OXA1L","TUFM",0.746
"OXA1L","MRPL11",0.874
"OXA1L","MRPS16",0.904
"OXA1L","MRPS18A",0.821
"OXA1L","MRPL33",0.861
"OXA1L","MRPL17",0.917
"OXA1L","MRPS31",0.836
"OXA1L","MRPL12",0.911
"OXA1L","MRPL39",0.841
"OXA1L","MRPL9",0.856
"OXA1L","MRPL58",0.925
"OXA1L","MRPL19",0.869
"OXA1L","MRPS18C",0.815
"OXA1L","MRPL48",0.91
"OXA1L","MRPL46",0.847
"OXA1L","SEC61A2",0.853
"OXA1L","MRPS14",0.834
"OXA1L","MRPS15",0.841
"OXA1L","DAP3",0.889
"OXA1L","MRPL20",0.897
"OXA1L","IMMT",0.854
"OXA1L","MRPL16",0.877
"OXA1L","MRPL24",0.881
"OXA1L","MRPL40",0.848
"AKR1B1","GK",0.924
"AKR1B1","AKR1C3",0.911
"AKR1B1","ALDH9A1",0.931
"AKR1B1","HK3",0.83
"NUP205","NUP98",0.996
"NUP205","NUP43",0.995
"NUP205","AHCTF1",0.983
"NUP205","NUP93",0.999
"NUP205","NUP50",0.956
"NUP205","NUP160",0.997
"NUP205","SEC13",0.995
"NUP205","SEH1L",0.999
"NUP205","UBE2I",0.76
"NUP205","TPR",0.959
"NUP205","BTF3",0.794
"CYP2C18","RBP4",0.716
"CYP2C18","KIF20B",0.756
"CYP2C18","CYP1A1",0.959
"PDE11A","ADCY8",0.766
"PDE11A","ADCY1",0.801
"PDE11A","DCK",0.902
"CASP10","CYCS",0.8
"CASP10","CASP8",0.999
"CASP10","BID",0.976
"CASP10","CASP3",0.969
"CASP10","PARP1",0.809
"CASP10","XIAP",0.886
"CASP10","CFLAR",0.998
"CASP10","FASLG",0.982
"CASP10","FADD",0.999
"FZD7","GNAQ",0.912
"FZD7","GNB1",0.813
"FZD7","BAMBI",0.916
"FZD7","WNT4",0.941
"DEPTOR","RRAGA",0.89
"DEPTOR","SGK1",0.834
"DEPTOR","FKBP1A",0.764
"DEPTOR","MTOR",0.999
"DEPTOR","HSPA4",0.857
"DEPTOR","RRAGD",0.809
"CSF1R","CD34",0.746
"CSF1R","CRK",0.724
"CSF1R","CCL5",0.844
"CSF1R","CD8A",0.741
"CSF1R","CRKL",0.708
"CSF1R","CCR5",0.788
"CSF1R","TLR4",0.8
"CSF1R","IL3",0.839
"CSF1R","CCR1",0.711
"CSF1R","GRB2",0.95
"CSF1R","HCK",0.877
"CSF1R","STAT1",0.745
"CSF1R","CCR2",0.778
"CSF1R","IL6",0.779
"CSF1R","FCER1G",0.885
"CSF1R","RUNX1",0.983
"CSF1R","SRC",0.833
"MED7","POLR2J",0.973
"MED7","POLR2F",0.987
"MED7","MED23",0.997
"MED7","MED25",0.992
"MED7","TAF7",0.873
"MED7","MED8",0.999
"MED7","GTF2F2",0.962
"MED7","MED1",0.998
"MED7","MED14",0.999
"MED7","H4C2",0.819
"MED7","POLR2B",0.991
"MED7","POLR2L",0.987
"MED7","GTF2E2",0.964
"MED7","TAF10",0.875
"MED7","POLR1B",0.751
"MED7","MED16",0.998
"MED7","H2AZ1",0.809
"MED7","GTF2B",0.987
"MED7","TAF11",0.844
"MED7","POLR2G",0.994
"ADCY8","GCH1",0.8
"ADCY8","ADCY1",0.921
"ADCY8","GNG3",0.747
"ADCY8","CALM3",0.995
"ADCY8","PRKACA",0.971
"ADCY8","PKM",0.754
"ADCY8","PRKACG",0.982
"ADCY8","GNB1",0.765
"ADCY8","CALML5",0.993
"ADCY8","PDE4B",0.878
"ADCY8","CALML4",0.993
"RASA2","NRAS",0.958
"RASA2","MRAS",0.942
"ATP1B3","ATP1B1",0.95
"SMC2","SMC4",0.999
"SMC2","H2AZ1",0.748
"SMC2","MAD2L1",0.754
"SMC2","KNTC1",0.846
"SMC2","EXO1",0.748
"SMC2","RAD21",0.823
"SMC2","MCM7",0.7
"SMC2","KIF20B",0.739
"SMC2","PLK1",0.743
"SMC2","WDHD1",0.719
"SMC2","SMC5",0.705
"TMBIM4","RIGI",0.845
"VBP1","CCT8",0.982
"VBP1","CCT2",0.974
"VBP1","PFDN5",0.999
"VBP1","CCT3",0.953
"VBP1","CCT4",0.972
"NAT2","CYP2A6",0.952
"GNAQ","CCR1",0.932
"GNAQ","CXCR3",0.919
"GNAQ","CAV1",0.905
"GNAQ","CXCR1",0.925
"GNAQ","CCR2",0.926
"GNAQ","SRC",0.86
"GNAQ","PLA2G6",0.908
"GNAQ","ARRB1",0.908
"GNAQ","CXCR5",0.938
"GNAQ","PLCB1",0.999
"GNAQ","NRAS",0.974
"GNAQ","RHO",0.804
"GNAQ","ITPR1",0.88
"GNAQ","CCR5",0.932
"GNAQ","GNG3",0.814
"GNAQ","LPAR6",0.79
"GNAQ","KIT",0.789
"GNAQ","EIF1AX",0.718
"GNAQ","GNB1",0.997
"WIF1","WNT4",0.971
"MMP16","MMP14",0.701
"KCNMA1","PRKACG",0.944
"KCNMA1","PRKACA",0.944
"KCNMA1","CACNA1D",0.848
"KCNMA1","CACNA1F",0.781
"BATF","PDCD1",0.802
"BATF","HSP90AA1",0.75
"BATF","ATF3",0.706
"BATF","HSP90AB1",0.75
"BATF","JUN",0.997
"BATF","CD8A",0.74
"BATF","STAT6",0.741
"DCK","PDE4B",0.909
"DCK","RRM1",0.822
"DCK","NDUFB8",0.702
"DCK","TK1",0.931
"DCK","PNP",0.951
"DCK","DTYMK",0.766
"DCK","CMPK1",0.745
"DCK","DCTPP1",0.934
"DCK","NDUFS2",0.701
"ADAMTS3","MMP3",0.879
"ADAMTS3","FN1",0.723
"ADAMTS3","MMP1",0.77
"STOM","FLOT2",0.868
"STOM","CAV1",0.758
"PPEF2","RHO",0.731
"CXCL13","CXCR1",0.987
"CXCL13","CCL11",0.767
"CXCL13","CD19",0.785
"CXCL13","CXCL8",0.783
"CXCL13","CCR2",0.901
"CXCL13","CCR5",0.917
"CXCL13","CCR1",0.929
"CXCL13","CCL5",0.956
"CXCL13","CCL8",0.756
"CXCL13","CD8A",0.788
"CXCL13","CXCR3",0.997
"CXCL13","PPBP",0.853
"CXCL13","CCRL2",0.883
"CXCL13","CXCR5",0.999
"CXCL13","CXCL11",0.987
"CXCL13","IL6",0.726
"CXCL13","CXCL9",0.996
"CXCL13","CXCL10",0.994
"CCT8","RPS4X",0.723
"CCT8","PSMC2",0.733
"CCT8","PA2G4",0.726
"CCT8","PSMG2",0.913
"CCT8","EIF3B",0.713
"CCT8","TSC1",0.929
"CCT8","ETF1",0.754
"CCT8","HSPA4",0.832
"CCT8","HSP90AB1",0.947
"CCT8","TUBB",0.946
"CCT8","HSP90AA1",0.823
"CCT8","CCT3",0.999
"CCT8","MOB4",0.995
"CCT8","TSR1",0.811
"CCT8","CCT4",0.999
"CCT8","TUBA1B",0.719
"CCT8","CCT2",0.999
"CCT8","RUVBL1",0.802
"CCT8","EIF3I",0.843
"CCT8","GNB1",0.724
"CCT8","STRN3",0.994
"CCT8","HSPA5",0.701
"CCT8","EEF2",0.727
"CCT8","PFDN5",0.976
"NAA11","NAA16",0.998
"TIAM1","SRC",0.748
"TIAM1","YWHAZ",0.766
"TIAM1","NME1",0.965
"TIAM1","RAP1A",0.936
"TIAM1","MRAS",0.926
"TIAM1","ANK2",0.957
"TIAM1","NRAS",0.943
"TIAM1","PRKCZ",0.939
"TIAM1","FYN",0.758
"TIAM1","ARF6",0.747
"SCAF4","PCF11",0.742
"SCAF4","NCBP2",0.784
"MTERF3","SQSTM1",0.8
"MTERF3","RUVBL1",0.75
"MTERF3","MRPL20",0.784
"MTERF3","MRM3",0.779
"UBE2L6","IFIT1",0.81
"UBE2L6","IFI35",0.895
"UBE2L6","IFIT3",0.811
"UBE2L6","RIGI",0.904
"UBE2L6","TRIM25",0.987
"UBE2L6","GBP1",0.706
"UBE2L6","STAT1",0.915
"UBE2L6","MX1",0.807
"UBE2L6","OAS1",0.769
"UBE2L6","UBA52",0.994
"UBE2L6","OAS2",0.779
"UBE2L6","UBA7",0.996
"KAT6B","RUNX1",0.759
"KAT6B","H3-4",0.982
"KAT6B","TRRAP",0.713
"KAT6B","MORF4L1",0.798
"AIFM1","BAX",0.929
"AIFM1","MRPS16",0.732
"AIFM1","TUFM",0.802
"AIFM1","H2AX",0.78
"BAG4","HSPA4",0.913
"BAG4","LSM1",0.835
"ATAD2","H4C2",0.917
"ATAD2","E2F1",0.752
"ATAD2","SMC4",0.766
"COX6A2","UQCRFS1",0.996
"COX6A2","NDUFA13",0.938
"COX6A2","NDUFA3",0.905
"COX6A2","NDUFA1",0.915
"COX6A2","NDUFB3",0.9
"COX6A2","CYC1",0.996
"COX6A2","NDUFV2",0.933
"COX6A2","COX5A",0.999
"COX6A2","NDUFS4",0.944
"COX6A2","COX6C",0.995
"COX6A2","NDUFA7",0.912
"COX6A2","ATP5PD",0.852
"COX6A2","COX7A2",0.844
"COX6A2","COX7A1",0.996
"COX6A2","ATP5MG",0.725
"COX6A2","COX7C",0.999
"COX6A2","NDUFB8",0.948
"COX6A2","CYCS",0.779
"COX6A2","NDUFB6",0.939
"COX6A2","BCS1L",0.778
"COX6A2","NDUFA8",0.954
"COX6A2","UQCR10",0.998
"COX6A2","NDUFS2",0.919
"COX6A2","COX7A2L",0.837
"COX6A2","COX8A",0.905
"COX6A2","UQCRH",0.988
"COX6A2","NDUFB2",0.834
"COX6A2","ATP5F1C",0.738
"ZIC3","SOX2",0.879
"BUB1B","CBX2",0.767
"BUB1B","NEK2",0.999
"BUB1B","PLK1",0.999
"BUB1B","FANCI",0.818
"BUB1B","BRCA2",0.953
"BUB1B","CDC25C",0.809
"BUB1B","ANAPC2",0.999
"BUB1B","MKI67",0.932
"BUB1B","JUN",0.914
"BUB1B","PPP2R5E",0.809
"BUB1B","CDCA3",0.886
"BUB1B","ZWILCH",0.953
"BUB1B","BABAM2",0.745
"BUB1B","BRCA1",0.905
"BUB1B","EXO1",0.807
"BUB1B","CKAP2",0.886
"BUB1B","KIF2C",0.991
"BUB1B","ARHGAP11A",0.796
"BUB1B","CCNF",0.726
"BUB1B","CHEK1",0.876
"BUB1B","PTTG1",0.978
"BUB1B","CDC16",0.999
"BUB1B","MCM7",0.792
"BUB1B","MAD2L1",0.999
"BUB1B","BUB3",0.999
"BUB1B","CDCA8",0.994
"BUB1B","TACC3",0.946
"BUB1B","SHCBP1",0.769
"BUB1B","RAD54L",0.745
"BUB1B","NUP98",0.833
"BUB1B","KNTC1",0.921
"BUB1B","CENPS",0.735
"BUB1B","RFC4",0.748
"BUB1B","ERCC6L",0.824
"BUB1B","KIFC1",0.862
"BUB1B","MCM10",0.766
"BUB1B","RACGAP1",0.919
"BUB1B","SMC4",0.733
"SST","ADRB2",0.754
"SST","PYY",0.902
"SST","PRL",0.725
"SST","GNB1",0.846
"EXOG","FEN1",0.741
"NMNAT2","NMRK1",0.974
"NMNAT2","HSP90AB1",0.701
"NMNAT2","HSP90AA1",0.778
"ZFYVE9","TGFBR2",0.908
"ZFYVE9","PPP1CC",0.89
"ZFYVE9","SMAD3",0.999
"ZFYVE9","PPP1CA",0.825
"ZFYVE9","SMAD4",0.895
"ZFYVE9","ZFYVE16",0.922
"TIMP4","MMP3",0.882
"TIMP4","MMP1",0.784
"TIMP4","MMP14",0.885
"PPARG","CDK5",0.909
"PPARG","STAT6",0.833
"PPARG","SP1",0.916
"PPARG","TLR4",0.738
"PPARG","HDAC2",0.784
"PPARG","MAP2K1",0.813
"PPARG","IRS1",0.726
"PPARG","SMARCA2",0.912
"PPARG","IL10",0.733
"PPARG","MTOR",0.964
"PPARG","PTEN",0.83
"PPARG","KLF5",0.901
"PPARG","CEBPB",0.989
"PPARG","HDAC1",0.857
"PPARG","HTT",0.802
"PPARG","SMAD3",0.95
"PPARG","IL6",0.82
"PPARG","SRC",0.736
"PPARG","HSP90AB1",0.712
"PPARG","EZH2",0.778
"PPARG","JUN",0.849
"PPARG","MED1",0.999
"PPARG","SMARCA4",0.966
"PPARG","UBE2I",0.816
"PPARG","ARID1A",0.914
"PPARG","STAT1",0.817
"PPARG","MED14",0.816
"PPARG","SMARCD1",0.911
"PPARG","CAV1",0.765
"PPARG","STAT5A",0.833
"PPARG","KDM3B",0.9
"NRG1","GRB2",0.784
"NRG1","SRC",0.791
"NRG1","FYN",0.709
"NRG1","NTRK1",0.754
"PRKAG2","MTOR",0.922
"PRKAG2","CBS",0.795
"PRKAG2","FOXO3",0.919
"PRKAG2","MAP3K7",0.916
"PRKAG2","PRKACA",0.789
"PRKAG2","CS",0.731
"PRKAG2","STK11",0.962
"PRKAG2","TSC1",0.922
"PRKAG2","FH",0.716
"HTR5A","GNB1",0.966
"HTR5A","GNG3",0.765
"FZD1","WNT4",0.946
"FZD1","BAMBI",0.913
"FZD1","GSK3B",0.851
"HMGCR","ACE",0.806
"HMGCR","FDPS",0.967
"HMGCR","ALB",0.734
"HMGCR","VCP",0.793
"HMGCR","DHCR7",0.904
"GATAD1","RBBP7",0.848
"GATAD1","MORF4L1",0.913
"GATAD1","HDAC2",0.805
"GATAD1","HDAC1",0.824
"KIT","GRB2",0.998
"KIT","STAT5A",0.959
"KIT","JAK2",0.707
"KIT","STAT1",0.874
"KIT","PIK3CD",0.94
"KIT","CD7",0.817
"KIT","SH2B2",0.72
"KIT","SDHB",0.722
"KIT","SRC",0.802
"KIT","RUNX1",0.773
"KIT","IL6",0.781
"KIT","HSP90AA1",0.708
"KIT","FN1",0.776
"KIT","CD8A",0.727
"KIT","FYN",0.771
"KIT","NRAS",0.981
"KIT","STAT5B",0.971
"KIT","CRKL",0.952
"KIT","CD34",0.956
"KIT","PTEN",0.719
"KIT","CRK",0.887
"KIT","KRT7",0.717
"KIT","TFRC",0.773
"KIT","CD19",0.781
"KIT","IRS1",0.841
"KIT","IL7R",0.842
"KIT","FCER1A",0.714
"KIT","NPM1",0.765
"KIT","MITF",0.783
"KIT","SDHD",0.7
"KIT","IL3",0.944
"CACNA1D","CALML4",0.985
"CACNA1D","CAV1",0.829
"CACNA1D","CACNB3",0.997
"CACNA1D","CATSPERG",0.752
"CACNA1D","CACNG2",0.867
"CACNA1D","CACNA1F",0.98
"CACNA1D","PPP1CA",0.904
"CACNA1D","RYR2",0.944
"CACNA1D","HSPA2",0.72
"CACNA1D","PPP1CC",0.904
"CACNA1D","ITPR1",0.753
"CACNA1D","CACNA1G",0.852
"CACNA1D","FKBP1A",0.72
"CACNA1D","CACNA1H",0.856
"CACNA1D","CALML5",0.99
"CACNA1D","CACNB2",0.997
"CACNA1D","CACNA2D1",0.999
"CACNA1D","PRKACG",0.933
"CACNA1D","PRKACA",0.935
"CACNA1D","CALM3",0.99
"IL17RB","IL13",0.821
"CCNB2","E2F1",0.785
"CCNB2","BUB3",0.8
"CCNB2","MAD2L1",0.962
"CCNB2","KNTC1",0.736
"CCNB2","CDCA8",0.974
"CCNB2","RACGAP1",0.829
"CCNB2","TK1",0.88
"CCNB2","RFC4",0.785
"CCNB2","KIFC1",0.786
"CCNB2","SMC4",0.864
"CCNB2","CDC25C",0.993
"CCNB2","CDC25A",0.973
"CCNB2","NEK2",0.902
"CCNB2","PLK1",0.995
"CCNB2","CDCA3",0.913
"CCNB2","CDT1",0.822
"CCNB2","ANAPC2",0.925
"CCNB2","MKI67",0.87
"CCNB2","EXO1",0.744
"CCNB2","CDKN1A",0.927
"CCNB2","PTTG1",0.97
"CCNB2","CHEK1",0.833
"CCNB2","RAD21",0.811
"CCNB2","CKS2",0.976
"CCNB2","CDC16",0.939
"CCNB2","MCM7",0.752
"CCNB2","KIF2C",0.971
"ERC2","CALML5",0.889
"ERC2","CALM3",0.844
"ERC2","CALML4",0.889
"MYO1E","WAS",0.803
"APPL1","NTRK1",0.908
"APPL1","CASP3",0.923
"APPL1","SRC",0.974
"APPL1","HDAC1",0.721
"DGKI","GNPAT",0.852
"PEX10","GNPAT",0.794
"PEX10","ACAA1",0.891
"PEX10","PEX2",0.999
"PEX10","PEX11A",0.882
"PEX10","PEX13",0.998
"PEX10","ACOX3",0.855
"PEX10","UBE2D2",0.817
"WIPI2","PIK3R4",0.892
"WIPI2","TBK1",0.775
"WIPI2","GABARAP",0.893
"WIPI2","BECN1",0.939
"WIPI2","ATG5",0.997
"SMAD6","CTBP1",0.744
"SMAD6","MAP3K7",0.7
"SMAD6","PELI1",0.827
"SMAD6","SMAD3",0.933
"SMAD6","SMAD4",0.989
"SMAD6","BAMBI",0.705
"MRPL17","ABCF1",0.766
"MRPL17","EIF5A2",0.83
"MRPL17","POLR2B",0.903
"MRPL17","MRPL33",0.999
"MRPL17","RPL4",0.972
"MRPL17","MRPS18A",0.984
"MRPL17","SRPRA",0.739
"MRPL17","MRPL39",0.988
"MRPL17","MED1",0.983
"MRPL17","MRPS31",0.851
"MRPL17","MRPL12",0.999
"MRPL17","ATP5PO",0.807
"MRPL17","RPS2",0.983
"MRPL17","PRAMEF12",0.717
"MRPL17","IMP3",0.984
"MRPL17","TUFM",0.999
"MRPL17","MRPS12",0.999
"MRPL17","MRPL11",0.999
"MRPL17","MRPL2",0.999
"MRPL17","MRPL4",0.999
"MRPL17","MRTO4",0.985
"MRPL17","MRPS11",0.999
"MRPL17","MRPL57",0.853
"MRPL17","BCS1L",0.71
"MRPL17","RPL23",0.999
"MRPL17","MRPS16",0.999
"MRPL17","ATP5F1C",0.887
"MRPL17","POLR2F",0.773
"MRPL17","RPS16",0.974
"MRPL17","RPL5",0.999
"MRPL17","RPL10",0.92
"MRPL17","RPL12",0.911
"MRPL17","RPS14",0.974
"MRPL17","RPL10L",0.909
"MRPL17","RPL13A",0.974
"MRPL17","RPS23",0.985
"MRPL17","MRPL20",0.999
"MRPL17","DAP3",0.993
"MRPL17","RPS9",0.994
"MRPL17","HMGN4",0.909
"MRPL17","ATP5F1A",0.892
"MRPL17","ARL6IP1",0.842
"MRPL17","MRM3",0.978
"MRPL17","EIF1AY",0.863
"MRPL17","PDCD11",0.994
"MRPL17","POLR1B",0.903
"MRPL17","MRPL40",0.995
"MRPL17","MRPL24",0.999
"MRPL17","EIF5A",0.837
"MRPL17","MRPL16",0.999
"MRPL17","MRPS18C",0.975
"MRPL17","MRNIP",0.968
"MRPL17","MRPL19",0.999
"MRPL17","MRPL58",0.992
"MRPL17","EIF5B",0.794
"MRPL17","RPL3",0.972
"MRPL17","MRPL9",0.999
"MRPL17","EEF2",0.935
"MRPL17","TSFM",0.958
"MRPL17","EIF1AX",0.866
"MRPL17","MRPS14",0.999
"MRPL17","SEC61A2",0.936
"MRPL17","MRPS15",0.999
"MRPL17","HMGN1",0.91
"MRPL17","MRPL46",0.997
"MRPL17","MRPL48",0.869
"DUSP2","MAPK11",0.785
"FANCC","BRCA2",0.919
"FANCC","FANCI",0.999
"FANCC","CTBP1",0.883
"FANCC","CENPS",0.999
"FANCC","HSP90B1",0.719
"FANCC","HSPA4",0.847
"FANCC","BRCA1",0.926
"FANCC","STAT1",0.739
"FANCC","WRN",0.788
"FANCC","MUS81",0.735
"MRAS","PIK3CD",0.954
"MRAS","SHOC2",0.999
"MRAS","PPP1CA",0.729
"MRAS","PPP1CC",0.923
"MRAS","ARAF",0.952
"MRAS","RASGRP1",0.771
"ACTR1B","DCTN1",0.997
"ACTR1B","CAPZA2",0.88
"H2BC5","H2AZ1",0.901
"H2BC5","H2AC17",0.916
"H2BC5","POLR2G",0.722
"H2BC5","RUVBL1",0.757
"H2BC5","HDAC2",0.751
"H2BC5","TAF10",0.746
"H2BC5","H2AX",0.859
"H2BC5","H2AC13",0.911
"H2BC5","BRCA1",0.796
"H2BC5","CTR9",0.759
"H2BC5","H4C2",0.925
"H2BC5","H2AC8",0.977
"H2BC5","TRRAP",0.708
"H2BC5","H3-4",0.938
"H2BC5","HDAC1",0.762
"H2BC5","CDC73",0.812
"EIF5B","EIF3A",0.851
"EIF5B","RPL13",0.957
"EIF5B","KARS1",0.721
"EIF5B","MRPL4",0.842
"EIF5B","MRPL2",0.861
"EIF5B","MRPS11",0.844
"EIF5B","MRTO4",0.874
"EIF5B","RPS27L",0.813
"EIF5B","MRPS12",0.838
"EIF5B","TUFM",0.707
"EIF5B","MRPL11",0.729
"EIF5B","RPS21",0.935
"EIF5B","IMP3",0.936
"EIF5B","RPL5",0.989
"EIF5B","RPS16",0.989
"EIF5B","RPL10",0.989
"EIF5B","EIF4A2",0.937
"EIF5B","RPS19",0.977
"EIF5B","RPL23",0.979
"EIF5B","MRPS16",0.903
"EIF5B","RPL15",0.956
"EIF5B","RPS4X",0.95
"EIF5B","RPL4",0.983
"EIF5B","FH",0.756
"EIF5B","RPLP1",0.83
"EIF5B","POLR2B",0.779
"EIF5B","RPL30",0.957
"EIF5B","EIF4A1",0.944
"EIF5B","RPS2",0.993
"EIF5B","RPL24",0.959
"EIF5B","RPL37A",0.947
"EIF5B","ATP5IF1",0.998
"EIF5B","RPS6",0.986
"EIF5B","UBA52",0.806
"EIF5B","EIF3B",0.944
"EIF5B","QARS1",0.781
"EIF5B","EIF6",0.827
"EIF5B","MED1",0.946
"EIF5B","EIF2S2",0.824
"EIF5B","DOCK4",0.906
"EIF5B","MRPL9",0.878
"EIF5B","RPL3",0.985
"EIF5B","MRPL19",0.834
"EIF5B","ABCE1",0.78
"EIF5B","MRNIP",0.847
"EIF5B","RPL39L",0.842
"EIF5B","EIF3I",0.737
"EIF5B","RPL14",0.959
"EIF5B","RPL36AL",0.784
"EIF5B","MRPS14",0.754
"EIF5B","HMGN1",0.717
"EIF5B","MRPS15",0.715
"EIF5B","EIF1AX",0.991
"EIF5B","TSFM",0.954
"EIF5B","EEF2",0.888
"EIF5B","EIF4G1",0.864
"EIF5B","HMGN4",0.717
"EIF5B","RPS9",0.993
"EIF5B","ARL6IP1",0.749
"EIF5B","EPRS1",0.93
"EIF5B","RPL38",0.955
"EIF5B","RPL10L",0.958
"EIF5B","RPL13A",0.977
"EIF5B","MRPL20",0.749
"EIF5B","RPS23",0.993
"EIF5B","RPL12",0.808
"EIF5B","RPS14",0.985
"EIF5B","SNU13",0.702
"EIF5B","IFI35",0.848
"EIF5B","MRPL16",0.789
"EIF5B","MRPL24",0.725
"EIF5B","PDCD11",0.746
"EIF5B","RPL22",0.952
"EIF5B","POLR1B",0.782
"EIF5B","RPL27",0.959
"EIF5B","EIF1AY",0.924
"CD1A","CD7",0.751
"CD1A","CD40",0.717
"CD1A","NOC2L",0.739
"CD1A","CD8A",0.737
"CD1A","CD34",0.724
"CDH15","CTNND1",0.892
"CDH15","CTNNA1",0.875
"FCER1G","FCER1A",0.997
"FCER1G","FYN",0.981
"FCER1G","LAT",0.817
"FCER1G","ITGA2",0.855
"FCER1G","SRC",0.717
"FCER1G","SYK",0.999
"FCER1G","CLEC4E",0.999
"FCER1G","PIK3CD",0.926
"FCER1G","GP6",0.999
"FCER1G","HCK",0.824
"FCER1G","CARD9",0.812
"FCER1G","FCAR",0.984
"FCER1G","CD3D",0.72
"FCER1G","CCR1",0.737
"CHRNB3","CYP2A6",0.807
"MIS18A","RBBP4",0.836
"MIS18A","RBBP7",0.874
"MIS18A","CDCA8",0.741
"MIS18A","CENPS",0.776
"KPNB1","TNPO1",0.937
"KPNB1","RPS16",0.702
"KPNB1","SEH1L",0.74
"KPNB1","TPR",0.76
"KPNB1","H1-0",0.948
"KPNB1","NCBP2",0.884
"KPNB1","NUP98",0.981
"KPNB1","RUVBL1",0.764
"KPNB1","EXOSC10",0.958
"KPNB1","NPM1",0.775
"KPNB1","NUP43",0.757
"KPNB1","CCT2",0.741
"KPNB1","NCBP1",0.817
"KPNB1","CCT4",0.721
"KPNB1","HSPA9",0.798
"KPNB1","NUP93",0.926
"KPNB1","NUP50",0.939
"KPNB1","NUP160",0.836
"IL10RB","IFNA2",0.881
"IL10RB","IL6",0.889
"IL10RB","IFNA10",0.71
"IL10RB","STAT1",0.902
"IL10RB","JAK2",0.884
"IL10RB","STAT5A",0.709
"IL10RB","IL13",0.765
"IL10RB","IL3",0.801
"IL10RB","STAT2",0.797
"IL10RB","IL10",0.999
"IL10RB","IFNB1",0.864
"IL10RB","IFNGR1",0.823
"IL10RB","STAT5B",0.708
"IL10RB","IFNA8",0.713
"ELMO2","DOCK4",0.967
"ELMO2","NCKAP1",0.714
"ELMO2","CRKL",0.956
"ELMO2","CRK",0.995
"ELMO2","ELMO1",0.98
"ARAF","HSP90AA1",0.704
"ARAF","ARRB1",0.91
"ARAF","SRC",0.741
"ARAF","GSK3B",0.91
"ARAF","HSP90AB1",0.809
"ARAF","RAP1A",0.945
"ARAF","YWHAZ",0.993
"ARAF","YWHAQ",0.985
"ARAF","PKM",0.792
"ARAF","PRKACG",0.914
"ARAF","PRKACA",0.915
"ARAF","MAP2K1",0.994
"ARAF","NRAS",0.994
"HOXB13","AR",0.825
"ATP5PO","COX7A2",0.808
"ATP5PO","SDHD",0.791
"ATP5PO","CS",0.703
"ATP5PO","COX7C",0.926
"ATP5PO","MRPL19",0.738
"ATP5PO","NDUFB6",0.87
"ATP5PO","RPL3",0.747
"ATP5PO","CDCA8",0.943
"ATP5PO","MRPL9",0.734
"ATP5PO","NDUFA8",0.852
"ATP5PO","TSFM",0.792
"ATP5PO","UQCR10",0.761
"ATP5PO","NDUFS2",0.863
"ATP5PO","ATP5PF",0.999
"ATP5PO","JARID2",0.772
"ATP5PO","SEC61A2",0.721
"ATP5PO","UQCRFS1",0.938
"ATP5PO","RPS14",0.722
"ATP5PO","RPS23",0.775
"ATP5PO","ATP6V1G1",0.781
"ATP5PO","ATP6V0C",0.971
"ATP5PO","ATP5F1A",0.999
"ATP5PO","RPS9",0.8
"ATP5PO","CYC1",0.921
"ATP5PO","PPID",0.957
"ATP5PO","COX6C",0.828
"ATP5PO","NDUFS4",0.954
"ATP5PO","MRPL24",0.78
"ATP5PO","ATP5PD",0.999
"ATP5PO","IMP3",0.772
"ATP5PO","ATP5PB",0.999
"ATP5PO","MRPS12",0.766
"ATP5PO","TUFM",0.874
"ATP5PO","ATP5MG",0.999
"ATP5PO","MRTO4",0.741
"ATP5PO","ATP5MF",0.999
"ATP5PO","NDUFB8",0.882
"ATP5PO","MRPL4",0.801
"ATP5PO","MRPL2",0.719
"ATP5PO","SDHB",0.834
"ATP5PO","KARS1",0.702
"ATP5PO","MRPS16",0.792
"ATP5PO","RPL23",0.906
"ATP5PO","ATP5F1C",0.999
"ATP5PO","RPL5",0.884
"ATP5PO","RPS16",0.774
"ATP5PO","RPL4",0.774
"ATP5PO","NDUFB3",0.759
"ATP5PO","ATP5ME",0.999
"ATP5PO","NDUFV2",0.924
"ATP5PO","MRPL12",0.807
"ATP5PO","KDM5D",0.772
"ATP5PO","MED1",0.738
"ATP5PO","COX5A",0.944
"ATP5PO","PPA2",0.886
"ATP5PO","ATP5IF1",0.974
"ATP5PO","RPS2",0.773
"KCNE2","SCN5A",0.977
"KCNE2","RYR2",0.747
"KCNE2","AKAP9",0.932
"KCNE2","CACNB2",0.746
"CBR1","CYP1A1",0.936
"CBR1","CYP2A6",0.926
"CBR1","AKR1C3",0.971
"CBR3","CYP2A6",0.917
"CBR3","CYP1A1",0.929
"MCAT","DAP3",0.936
"MCAT","MRPS15",0.92
"MCAT","MRPS14",0.864
"MCAT","MRPS18C",0.839
"MCAT","MRPS31",0.868
"MCAT","MRPS16",0.967
"MCAT","MRPS11",0.926
"MCAT","MRPS12",0.878
"RFX5","ANKRA2",0.843
"PSMB4","PSMG2",0.974
"PSMB4","PSMC2",0.999
"PSMB4","PSMC5",0.998
"PSMB4","UBA52",0.94
"PSMB4","VCP",0.738
"BTG2","CNOT7",0.963
"HK2","HK3",0.974
"HK2","GAA",0.913
"HK2","BAX",0.919
"HK2","PKM",0.856
"CELF3","RRM1",0.719
"AMFR","UBXN7",0.755
"AMFR","CD3D",0.776
"AMFR","UBL4A",0.831
"AMFR","UBA52",0.939
"AMFR","VCP",0.999
"AMFR","RAD23B",0.914
"AMFR","BAG6",0.855
"AMFR","UBE2D2",0.799
"AMFR","HSPA5",0.895
"MED8","MED14",0.999
"MED8","MED1",0.999
"MED8","MED16",0.998
"MED8","GTF2F2",0.875
"MED8","GTF2E2",0.822
"MED8","POLR2G",0.947
"MED8","POLR2B",0.892
"MED8","POLR2L",0.843
"MED8","TAF11",0.86
"MED8","H4C2",0.8
"MED8","H2AZ1",0.801
"MED8","GTF2B",0.896
"MED8","MED23",0.996
"MED8","POLR2F",0.861
"MED8","POLR2J",0.906
"MED8","MED25",0.976
"MED8","TAF10",0.827
"MED8","TAF7",0.827
"ACE","CALM3",0.76
"ACE","CALML5",0.756
"ACE","ALB",0.912
"ACE","IL6",0.776
"ACE","NOS3",0.731
"ACE","CALML4",0.763
"CTBP1","RREB1",0.853
"CTBP1","KDM1A",0.998
"CTBP1","FPGS",0.77
"CTBP1","HDAC2",0.999
"CTBP1","HMG20B",0.845
"CTBP1","BRCA1",0.879
"CTBP1","UBE2I",0.795
"CTBP1","AGXT",0.809
"CTBP1","TBL1XR1",0.759
"CTBP1","HDAC1",0.999
"CTBP1","RUNX1",0.973
"CTBP1","ZEB1",0.998
"ATP6V0D1","ATP6V0C",0.999
"ATP6V0D1","ATP6V1G1",0.999
"AGRP","PYY",0.839
"PIP","PGR",0.722
"PIP","KRT7",0.848
"PIP","AZGP1",0.999
"PIP","GP6",0.706
"CALM3","CALML4",0.996
"CALM3","GP6",0.795
"CALM3","CALR",0.713
"CALM3","NOS3",0.999
"CALM3","CAV1",0.991
"CALM3","YWHAZ",0.837
"CALM3","CACNA1F",0.897
"CALM3","HSP90AA1",0.996
"CALM3","AKAP9",0.826
"CALM3","S100A1",0.789
"CALM3","SRC",0.858
"CALM3","GSK3B",0.812
"CALM3","PPP1CA",0.799
"CALM3","HSP90AB1",0.995
"CALM3","SCN5A",0.999
"CALM3","RYR2",0.999
"CALM3","ITPR1",0.983
"CALM3","CACNA1G",0.98
"CALM3","PPP1CC",0.817
"CALM3","CBS",0.768
"CALM3","MTOR",0.714
"CALM3","FKBP1A",0.994
"CALM3","ADCY1",0.975
"CALM3","RHO",0.902
"CALM3","ALB",0.789
"CALM3","NRAS",0.959
"CALM3","CACNA1H",0.957
"CALM3","PLCB1",0.762
"CALM3","CALML5",0.996
"CALM3","ANK2",0.859
"CALM3","KCNQ2",0.993
"CALM3","PRKACG",0.992
"CALM3","EEF2",0.821
"CALM3","CDK5",0.739
"CALM3","PRKACA",0.989
"CALM3","HSP90B1",0.861
"CALM3","VAMP2",0.716
"CALM3","GRIN2C",0.758
"TRIM62","CARD9",0.894
"TRIM62","UBE2D2",0.794
"TFF1","AGR2",0.786
"TFF1","PGR",0.767
"PDE9A","ADCY1",0.727
"PKNOX1","PBX2",0.972
"PKNOX1","HMGB2",0.709
"U2AF1","NRAS",0.712
"U2AF1","MAGOHB",0.728
"U2AF1","SF3B1",0.927
"U2AF1","SF1",0.984
"U2AF1","SNRPD1",0.828
"U2AF1","SYNCRIP",0.723
"U2AF1","NPM1",0.718
"U2AF1","NCBP2",0.839
"U2AF1","SCAF11",0.764
"U2AF1","SRSF4",0.759
"U2AF1","SSB",0.719
"U2AF1","SRRM1",0.854
"U2AF1","CDC5L",0.779
"U2AF1","HNRNPA1",0.93
"U2AF1","SF3B3",0.754
"U2AF1","RUNX1",0.729
"U2AF1","EZH2",0.725
"U2AF1","LUC7L",0.706
"U2AF1","SRSF2",0.999
"U2AF1","SNRNP70",0.9
"U2AF1","SF3B2",0.879
"CRYAA","BFSP2",0.743
"CRYAA","BFSP1",0.773
"HSF2BP","BRCA2",0.951
"PDXK","RRP1B",0.717
"PDXK","PCNA",0.787
"CSTB","RRP1B",0.88
"AGPAT3","PLPP2",0.815
"AGPAT3","GNPAT",0.91
"PWP2","GNL2",0.801
"PWP2","EXOSC8",0.71
"PWP2","RPL4",0.798
"PWP2","RPS4X",0.92
"PWP2","HEATR1",0.999
"PWP2","RPS6",0.983
"PWP2","RRS1",0.73
"PWP2","IMP3",0.994
"PWP2","RPS27L",0.714
"PWP2","MRTO4",0.892
"PWP2","UTP14A",0.995
"PWP2","NOC4L",0.997
"PWP2","DHX15",0.856
"PWP2","EXOSC4",0.753
"PWP2","RPS19",0.971
"PWP2","NGDN",0.995
"PWP2","RPS16",0.979
"PWP2","GTPBP4",0.853
"PWP2","NOC3L",0.75
"PWP2","FTSJ3",0.903
"PWP2","RRP7A",0.996
"PWP2","RCL1",0.997
"PWP2","SNU13",0.988
"PWP2","RPS14",0.971
"PWP2","RPS23",0.979
"PWP2","RPS9",0.988
"PWP2","DNTTIP2",0.984
"PWP2","POLR1B",0.872
"PWP2","PDCD11",0.997
"PWP2","UTP11",0.993
"PWP2","TSR1",0.892
"PWP2","NOC2L",0.934
"PWP2","GNL3",0.749
"PWP2","MRNIP",0.758
"PWP2","EXOSC10",0.962
"PWP2","GNL3L",0.746
"PWP2","NOL10",0.996
"PWP2","RPL3",0.809
"PWP2","NOL6",0.999
"PWP2","WDR3",0.999
"PWP2","RRP1B",0.716
"PWP2","FCF1",0.991
"PWP2","NOL7",0.804
"AIRE","PRKDC",0.766
"AIRE","CARD9",0.716
"AIRE","H3-4",0.987
"MCM3AP","NXF3",0.727
"MCM3AP","CETN3",0.999
"MCM3AP","TPR",0.964
"MCM3AP","CETN2",0.998
"MCM3AP","NUP98",0.959
"MCM3AP","MAD2L1",0.902
"MCM3AP","GCN1",0.729
"S100B","CAPZA2",0.991
"S100B","S100A1",0.98
"S100B","TLR4",0.844
"S100B","NES",0.728
"FCN2","CALR",0.912
"LILRA4","FCER1A",0.711
"LILRA4","SYK",0.942
"KIR3DL3","FCHSD2",0.713
"NCR1","ARID1A",0.72
"NCR1","CD19",0.746
"NCR1","SMARCD1",0.72
"NCR1","SMARCA4",0.72
"NCR1","SMARCA2",0.72
"NCR1","CD8A",0.79
"ZER1","PRAME",0.913
"MED27","MED25",0.984
"MED27","TAF7",0.808
"MED27","POLR2J",0.87
"MED27","MED23",0.997
"MED27","POLR2F",0.873
"MED27","H4C2",0.801
"MED27","GTF2E2",0.836
"MED27","POLR2B",0.902
"MED27","POLR2L",0.844
"MED27","MED1",0.999
"MED27","GTF2F2",0.831
"MED27","MED14",0.999
"MED27","TAF10",0.812
"MED27","H2AZ1",0.834
"MED27","GTF2B",0.94
"MED27","POLR2G",0.863
"MED27","TAF11",0.803
"MED27","MED16",0.999
"MED27","QKI",0.994
"FXYD2","ATP1B1",0.999
"S100A1","CALML4",0.712
"S100A1","RYR2",0.899
"S100A1","PPID",0.738
"S100A1","TLR4",0.836
"S100A1","CALML5",0.713
"CXCR5","S1PR1",0.707
"CXCR5","CXCL10",0.97
"CXCR5","CXCL9",0.96
"CXCR5","IL6",0.7
"CXCR5","IL7R",0.83
"CXCR5","CXCL11",0.88
"CXCR5","ARRB1",0.798
"CXCR5","PPBP",0.833
"CXCR5","CD40",0.786
"CXCR5","CXCR3",0.799
"CXCR5","CD8A",0.855
"CXCR5","CCL5",0.962
"CXCR5","CCR1",0.757
"CXCR5","CCL8",0.748
"CXCR5","CCR5",0.771
"CXCR5","CXCL8",0.792
"CXCR5","CCR2",0.736
"CXCR5","CD19",0.895
"CXCR5","CCL11",0.753
"CXCR5","JAK2",0.7
"CXCR5","CXCR1",0.877
"CXCR5","PDCD1",0.714
"FLAD1","H2AZ1",0.701
"FLAD1","NOS3",0.768
"FLAD1","TUFM",0.825
"CCR2","CCL11",0.998
"CCR2","CCR5",0.993
"CCR2","IL10",0.878
"CCR2","CXCL8",0.998
"CCR2","CD8A",0.84
"CCR2","CCL5",0.999
"CCR2","CCL8",0.999
"CCR2","GNB1",0.909
"CCR2","PPBP",0.975
"CCR2","CCRL2",0.972
"CCR2","TLR4",0.738
"CCR2","JAK2",0.784
"CCR2","CXCR1",0.963
"CCR2","CXCR3",0.97
"CCR2","CCR1",0.992
"CCR2","CXCL11",0.948
"CCR2","ARRB1",0.852
"CCR2","CXCL10",0.998
"CCR2","CXCL9",0.993
"CCR2","IL6",0.879
"CCR2","ARG1",0.732
"CCR5","CCL11",0.998
"CCR5","IL10",0.878
"CCR5","CXCL8",0.971
"CCR5","IFNB1",0.709
"CCR5","CD8A",0.941
"CCR5","CCL8",0.999
"CCR5","CCL5",0.999
"CCR5","GNB1",0.99
"CCR5","TLR8",0.747
"CCR5","CD40",0.751
"CCR5","PPBP",0.918
"CCR5","CCRL2",0.785
"CCR5","TLR4",0.788
"CCR5","IL7R",0.736
"CCR5","GNG3",0.908
"CCR5","JAK2",0.898
"CCR5","STAT1",0.71
"CCR5","CXCR1",0.871
"CCR5","TRIM5",0.737
"CCR5","CXCR3",0.983
"CCR5","CCR1",0.998
"CCR5","CXCL11",0.99
"CCR5","ARRB1",0.936
"CCR5","APOBEC3G",0.739
"CCR5","IFNA2",0.757
"CCR5","HSPA4",0.735
"CCR5","CXCL10",0.999
"CCR5","IL6",0.831
"CCR5","CXCL9",0.998
"RNF126","UBL4A",0.825
"RNF126","BAG6",0.997
"RNF126","UBE2D2",0.888
"AZGP1","ALB",0.72
"AZGP1","RBP4",0.746
"FGFR4","GRB2",0.95
"FGFR4","NRAS",0.945
"FGFR4","CRKL",0.756
"FGFR4","CRK",0.728
"FGFR4","PLCB1",0.76
"FGFR4","IRS1",0.815
"CYP11B1","AKR1C3",0.947
"HK3","GAA",0.915
"HK3","BAX",0.901
"HK3","TLR8",0.762
"ATP5MF","PPA2",0.717
"ATP5MF","COX5A",0.822
"ATP5MF","NDUFV2",0.709
"ATP5MF","ATP5ME",0.999
"ATP5MF","NDUFB3",0.867
"ATP5MF","NDUFA1",0.803
"ATP5MF","ATP5PD",0.999
"ATP5MF","NDUFA7",0.922
"ATP5MF","ATP5IF1",0.772
"ATP5MF","COX6C",0.92
"ATP5MF","NDUFA13",0.869
"ATP5MF","NDUFA3",0.884
"ATP5MF","ATP5F1A",0.999
"ATP5MF","ATP6V0C",0.801
"ATP5MF","UQCR10",0.909
"ATP5MF","NDUFA8",0.805
"ATP5MF","ATP5F1C",0.997
"ATP5MF","UQCRH",0.826
"ATP5MF","ATP5PF",0.999
"ATP5MF","COX7C",0.833
"ATP5MF","ATP5MG",0.999
"ATP5MF","COX7A2",0.832
"ATP5MF","ATP5PB",0.999
"ATP5MF","SDHB",0.75
"ATP5MF","CDCA8",0.778
"ATP5MF","NDUFB6",0.85
"ATP5MF","NDUFB8",0.85
"CPSF4","PPP1CC",0.815
"CPSF4","NOC2L",0.891
"CPSF4","FIP1L1",0.999
"CPSF4","PCF11",0.953
"CPSF4","PPP1CA",0.839
"PTGER1","ADRB2",0.704
"LRRC14","CHUK",0.856
"MRNIP","RRP7A",0.809
"MRNIP","IFI35",0.901
"MRNIP","RPL12",0.805
"MRNIP","RPS14",0.91
"MRNIP","SNU13",0.744
"MRNIP","RPL38",0.977
"MRNIP","RPL10L",0.913
"MRNIP","RPL13A",0.937
"MRNIP","EPRS1",0.816
"MRNIP","RPS23",0.98
"MRNIP","MRPL20",0.97
"MRNIP","DAP3",0.816
"MRNIP","RPS9",0.979
"MRNIP","HMGN4",0.804
"MRNIP","DNTTIP2",0.792
"MRNIP","EIF1AY",0.869
"MRNIP","PDCD11",0.905
"MRNIP","MRPL40",0.787
"MRNIP","RPL22",0.915
"MRNIP","GCN1",0.811
"MRNIP","RPL27",0.901
"MRNIP","MRPL24",0.828
"MRNIP","UTP11",0.781
"MRNIP","MRPL16",0.766
"MRNIP","EIF5A",0.81
"MRNIP","NOL10",0.792
"MRNIP","ABCE1",0.775
"MRNIP","MRPL19",0.969
"MRNIP","MRPL58",0.841
"MRNIP","DOCK4",0.901
"MRNIP","EIF2S2",0.81
"MRNIP","MRPL9",0.944
"MRNIP","RPL3",0.912
"MRNIP","NOL6",0.842
"MRNIP","EEF2",0.932
"MRNIP","WDR3",0.77
"MRNIP","FCF1",0.781
"MRNIP","EIF1AX",0.869
"MRNIP","MRPS14",0.829
"MRNIP","RPL36AL",0.86
"MRNIP","HMGN1",0.804
"MRNIP","RPL39L",0.922
"MRNIP","RPL14",0.98
"MRNIP","MRPL46",0.838
"MRNIP","RPL30",0.976
"MRNIP","EIF5A2",0.81
"MRNIP","MRPL33",0.965
"MRNIP","RPL4",0.979
"MRNIP","RPS4X",0.855
"MRNIP","RPLP1",0.968
"MRNIP","QARS1",0.703
"MRNIP","HEATR1",0.841
"MRNIP","MED1",0.935
"MRNIP","MRPL12",0.966
"MRNIP","UBA52",0.975
"MRNIP","RPS6",0.98
"MRNIP","EIF3B",0.746
"MRNIP","RPS2",0.98
"MRNIP","RPL24",0.975
"MRNIP","RPL37A",0.979
"MRNIP","RPS21",0.973
"MRNIP","IMP3",0.933
"MRNIP","TUFM",0.953
"MRNIP","MRPS12",0.88
"MRNIP","RPS27L",0.903
"MRNIP","MRPL11",0.773
"MRNIP","MRPL2",0.825
"MRNIP","MRPL4",0.826
"MRNIP","MRTO4",0.881
"MRNIP","MRPS11",0.827
"MRNIP","NOC4L",0.841
"MRNIP","RPL13",0.975
"MRNIP","RPL15",0.979
"MRNIP","RPL23",0.979
"MRNIP","RPS19",0.979
"MRNIP","MRPS16",0.969
"MRNIP","NGDN",0.803
"MRNIP","SERBP1",0.759
"MRNIP","RPS16",0.977
"MRNIP","RPL5",0.98
"MRNIP","RPL10",0.916
"MAML1","ANK2",0.87
"MAML1","HEY1",0.871
"POLR2J","GTF2E2",0.953
"POLR2J","ERCC6",0.938
"POLR2J","POLR2B",0.999
"POLR2J","POLR2L",0.999
"POLR2J","H2AC8",0.919
"POLR2J","H4C2",0.858
"POLR2J","SUPT6H",0.934
"POLR2J","TCEA2",0.797
"POLR2J","CTR9",0.915
"POLR2J","MED14",0.983
"POLR2J","MED1",0.885
"POLR2J","H2AC13",0.847
"POLR2J","GTF2F2",0.989
"POLR2J","PPP2R1A",0.812
"POLR2J","MED25",0.83
"POLR2J","TAF7",0.901
"POLR2J","CDC73",0.925
"POLR2J","MED23",0.867
"POLR2J","POLR2F",0.999
"POLR2J","INTS6",0.998
"POLR2J","INTS3",0.998
"POLR2J","POLR2G",0.999
"POLR2J","TAF11",0.909
"POLR2J","H2AC17",0.847
"POLR2J","H2AZ1",0.921
"POLR2J","GTF2B",0.99
"POLR2J","POLR1B",0.766
"POLR2J","MED16",0.857
"POLR2J","TAF10",0.918
"POLR2J","RUVBL1",0.722
"POLR2J","POLR3K",0.778
"POLR2J","NELFB",0.943
"FBXO17","CUL1",0.966
"FBXO17","COPS5",0.827
"FBXO17","COPS2",0.772
"HBE1","GYPB",0.788
"HBE1","HBB",0.76
"COX7A1","NDUFA3",0.887
"COX7A1","NDUFA13",0.872
"COX7A1","UQCRFS1",0.985
"COX7A1","NDUFA7",0.862
"COX7A1","NDUFS4",0.883
"COX7A1","COX6C",0.952
"COX7A1","CYC1",0.983
"COX7A1","NDUFV2",0.881
"COX7A1","COX5A",0.994
"COX7A1","NDUFB3",0.904
"COX7A1","NDUFA1",0.925
"COX7A1","NDUFB8",0.927
"COX7A1","NDUFB6",0.919
"COX7A1","COX7C",0.994
"COX7A1","COX7A2",0.943
"COX7A1","UQCRH",0.979
"COX7A1","NDUFB2",0.851
"COX7A1","NDUFS2",0.88
"COX7A1","UQCR10",0.988
"COX7A1","COX8A",0.757
"COX7A1","COX7A2L",0.921
"COX7A1","NDUFA8",0.883
"GRIN2C","PRKACG",0.725
"GRIN2C","CALML5",0.744
"GRIN2C","PRKACA",0.724
"GRIN2C","CALML4",0.741
"GRIN2C","CACNG2",0.817
"ACOX1","ACOX3",0.938
"ACOX1","PEX11A",0.705
"ACOX1","HADHB",0.996
"ACOX1","ALDH9A1",0.897
"ACOX1","ACSL4",0.782
"ACOX1","PEX13",0.878
"ACOX1","ACAA1",0.998
"ACOX1","PEX2",0.784
"ACOX1","FABP1",0.815
"ACOX1","GNPAT",0.851
"BAX","IRF3",0.88
"BAX","PRKACA",0.924
"BAX","PRKACG",0.923
"BAX","NELFB",0.756
"BAX","CLU",0.886
"BAX","CD34",0.766
"BAX","BAK1",0.996
"BAX","CAPN2",0.912
"BAX","MRPS12",0.774
"BAX","PMAIP1",0.903
"BAX","CYCS",0.993
"BAX","CASP8",0.853
"BAX","BID",0.998
"BAX","CASP3",0.884
"BAX","BECN1",0.726
"BAX","YWHAQ",0.792
"STAT5B","SMARCA4",0.783
"STAT5B","STAT1",0.958
"STAT5B","JAK2",0.999
"STAT5B","CDKN1A",0.887
"STAT5B","SYK",0.763
"STAT5B","IRF9",0.949
"STAT5B","GRB2",0.852
"STAT5B","STAT5A",0.949
"STAT5B","HCK",0.723
"STAT5B","SOCS3",0.9
"STAT5B","PGR",0.879
"STAT5B","IL6",0.807
"STAT5B","SRC",0.9
"STAT5B","RUNX1",0.824
"STAT5B","EZH2",0.901
"STAT5B","IL10",0.753
"STAT5B","FYN",0.734
"STAT5B","CD8A",0.794
"STAT5B","CRKL",0.983
"STAT5B","IL3",0.904
"STAT5B","STAT6",0.923
"STAT5B","NPM1",0.727
"STAT5B","IL7R",0.941
"STAT5B","PRL",0.907
"STAT5B","STAT2",0.881
"HCRT","KISS1",0.714
"PSME3","VCP",0.712
"PSME3","PSMC2",0.862
"PSME3","PSMC5",0.892
"PSME3","CDKN1A",0.828
"NCKAP1L","NCKAP1",0.942
"NCKAP1L","ARPC2",0.771
"NCKAP1L","WAS",0.912
"ITGA5","PLAU",0.781
"ITGA5","ITGA2",0.962
"ITGA5","CD34",0.731
"ITGA5","COL6A2",0.892
"ITGA5","CRK",0.728
"ITGA5","CRKL",0.709
"ITGA5","COL6A3",0.87
"ITGA5","THBS2",0.781
"ITGA5","COL6A1",0.922
"ITGA5","ITGA3",0.961
"ITGA5","CD9",0.826
"ITGA5","ITGB5",0.991
"ITGA5","COL4A2",0.803
"ITGA5","FN1",0.999
"ITGA5","PTK2",0.972
"ITGA5","SRC",0.949
"ITGA5","SPP1",0.868
"SHANK1","HCLS1",0.864
"WNT1","POSTN",0.776
"WNT1","GSK3B",0.9
"ALOX15","PLA2G6",0.786
"TNFSF12","FASLG",0.774
"TNFSF12","TRAF3",0.828
"EIF4A1","YBX1",0.738
"EIF4A1","RPS21",0.861
"EIF4A1","EIF3A",0.989
"EIF4A1","RPL13",0.793
"EIF4A1","RPS19",0.915
"EIF4A1","RPL15",0.704
"EIF4A1","RPS16",0.939
"EIF4A1","RPL5",0.853
"EIF4A1","EIF4A2",0.994
"EIF4A1","RPL4",0.877
"EIF4A1","RPS4X",0.94
"EIF4A1","RPLP1",0.701
"EIF4A1","EIF6",0.843
"EIF4A1","ETF1",0.776
"EIF4A1","HNRNPA1",0.818
"EIF4A1","IBTK",0.792
"EIF4A1","RPS2",0.952
"EIF4A1","EIF3B",0.998
"EIF4A1","RPS6",0.976
"EIF4A1","EIF2S2",0.974
"EIF4A1","RPL3",0.756
"EIF4A1","SYNCRIP",0.773
"EIF4A1","FMR1",0.731
"EIF4A1","EIF1AX",0.981
"EIF4A1","EEF2",0.97
"EIF4A1","EIF4G1",0.999
"EIF4A1","EIF3I",0.997
"EIF4A1","RPL14",0.713
"EIF4A1","RPS14",0.916
"EIF4A1","MAGOHB",0.933
"EIF4A1","RPS9",0.938
"EIF4A1","RPL13A",0.861
"EIF4A1","RPS23",0.921
"EIF4A1","NCBP1",0.869
"EIF4A1","EIF5A",0.741
"EIF4A1","HSPA9",0.707
"POLR3K","POLR2G",0.846
"POLR3K","POLR1D",0.998
"POLR3K","POLR1B",0.825
"POLR3K","TCEA2",0.723
"POLR3K","POLR1E",0.741
"POLR3K","POLR2B",0.772
"POLR3K","POLR2L",0.998
"POLR3K","POLR2F",0.999
"LUC7L","SNRNP70",0.994
"LUC7L","SF3B3",0.939
"LUC7L","NCBP2",0.854
"LUC7L","PRPF39",0.921
"LUC7L","SNRPD1",0.966
"LUC7L","NCBP1",0.9
"LUC7L","SF3B1",0.879
"LUC7L","DDX23",0.743
"ADCY9","ADCY1",0.775
"ADCY9","GCH1",0.8
"ADCY9","CALML5",0.785
"ADCY9","GNB1",0.738
"ADCY9","PRKACG",0.95
"ADCY9","PRKACA",0.95
"ADCY9","CALML4",0.776
"ADCY9","ADRB2",0.751
"ADCY9","PDE4B",0.789
"CLPB","HSP90AB1",0.873
"CLPB","HSPA4",0.941
"CLPB","HSP90AA1",0.874
"CLPB","SP100",0.87
"CLPB","DNAJA1",0.742
"CLPB","TSC1",0.713
"CLPB","HSP90B1",0.725
"CLPB","HSPA4L",0.718
"CLPB","HSPA5",0.726
"CLPB","HSPA6",0.756
"CLPB","HSPA2",0.71
"CLPB","HSPA9",0.84
"MAP4K2","PDCD10",0.767
"MAP4K2","RAB8A",0.743
"GNG3","GNB1",0.999
"GNG3","KCNJ3",0.744
"UBXN1","UBXN7",0.999
"UBXN1","BRCA1",0.79
"UBXN1","VCP",0.999
"UBXN1","CUL1",0.715
"UBXN1","RAD23B",0.901
"UBXN1","BAG6",0.995
"NCKIPSD","WAS",0.919
"NCKIPSD","GRB2",0.832
"NCKIPSD","ARPC2",0.976
"NCKIPSD","FYN",0.864
"TAF6L","SF3B3",0.976
"TAF6L","TAF7",0.986
"TAF6L","TRRAP",0.999
"TAF6L","MAP3K7",0.736
"TAF6L","TAF11",0.717
"TAF6L","TAF10",0.999
"TAF6L","SUPT3H",0.999
"STX5","COPA",0.7
"STX5","UBL4A",0.736
"STX5","VAMP5",0.769
"STX5","STX2",0.814
"STX5","VCP",0.766
"STX5","SEC13",0.851
"STX5","STX11",0.746
"STX5","BAG6",0.762
"STX5","STX8",0.95
"STX5","TMED10",0.7
"STX5","VAMP2",0.925
"LRP5","GSK3B",0.96
"LRP5","BAMBI",0.916
"TAL1","KDM1A",0.773
"TAL1","GFI1B",0.905
"TAL1","HDAC2",0.771
"TAL1","RUNX1",0.996
"TAL1","HDAC1",0.795
"RHCE","GYPB",0.992
"PDPN","PODXL",0.703
"PDPN","SYK",0.709
"PDPN","GP6",0.844
"LAPTM5","HCLS1",0.812
"LAPTM5","HCK",0.733
"GFI1","HDAC1",0.957
"GFI1","RUNX1",0.87
"GFI1","HDAC2",0.877
"GFI1","KDM1A",0.986
"AGL","UGP2",0.967
"VCAM1","CXCL8",0.857
"VCAM1","IL10",0.726
"VCAM1","CCL11",0.723
"VCAM1","CD8A",0.79
"VCAM1","CCL5",0.739
"VCAM1","CD34",0.896
"VCAM1","CD40",0.857
"VCAM1","TLR4",0.772
"VCAM1","STAT1",0.758
"VCAM1","NOS3",0.81
"VCAM1","IL13",0.74
"VCAM1","CXCR3",0.742
"VCAM1","CD9",0.759
"VCAM1","FN1",0.983
"VCAM1","SPP1",0.746
"VCAM1","CXCL10",0.732
"VCAM1","IL6",0.921
"ARPC5","HCLS1",0.953
"ARPC5","ARPC2",0.999
"ARPC5","NCKAP1",0.779
"ARPC5","WAS",0.993
"NCSTN","PSEN1",0.999
"NCSTN","BACE1",0.878
"NCSTN","TMED10",0.997
"LHCGR","CGA",0.819
"LHCGR","GNB1",0.901
"LHCGR","ESR2",0.727
"HAAO","IDO1",0.782
"CAPN2","BAK1",0.915
"CAPN2","SRC",0.719
"CAPN2","BID",0.938
"CAPN2","CASP3",0.758
"CAPN2","CAST",0.999
"REL","ANK2",0.857
"REL","CD40",0.992
"REL","TBK1",0.957
"REL","MAP3K7",0.733
"REL","CHUK",0.967
"PEX13","UBE2D2",0.711
"PEX13","ACAA1",0.887
"PEX13","PEX2",0.995
"PEX13","GNPAT",0.736
"PEX13","ACOX3",0.834
"PEX13","PEX11A",0.916
"KCNJ3","PRKACA",0.924
"KCNJ3","GNB1",0.916
"KCNJ3","PRKACG",0.923
"NEUROD1","NES",0.735
"WDCP","RUVBL1",0.753
"HPGDS","CYP1A1",0.968
"HPGDS","GLRX",0.856
"HPGDS","CYP2A6",0.945
"HPGDS","AKR1C3",0.936
"HPGDS","ADH5",0.766
"PDHA2","PKLR",0.94
"PDHA2","BCKDHB",0.985
"PDHA2","PDHB",0.999
"PDHA2","DLST",0.738
"PDHA2","PKM",0.945
"BMP10","SMARCA4",0.73
"ALPG","GCH1",0.901
"GABRB1","GABARAP",0.818
"ALPI","GCH1",0.901
"MRPS18C","MRPL11",0.973
"MRPS18C","TUFM",0.919
"MRPS18C","MRPS12",0.997
"MRPS18C","MRPL57",0.852
"MRPS18C","MRPS11",0.999
"MRPS18C","MRPL2",0.944
"MRPS18C","MRPL4",0.965
"MRPS18C","MRPS16",0.998
"MRPS18C","RPL23",0.843
"MRPS18C","MRPS18A",0.999
"MRPS18C","MRPL33",0.966
"MRPS18C","MRPL12",0.899
"MRPS18C","MRPS31",0.99
"MRPS18C","MRPL39",0.91
"MRPS18C","MRPL9",0.935
"MRPS18C","MRPL58",0.933
"MRPS18C","MRPL19",0.973
"MRPS18C","MRPL46",0.981
"MRPS18C","MRPL48",0.937
"MRPS18C","MRPS15",0.998
"MRPS18C","MRPS14",0.999
"MRPS18C","RPS9",0.87
"MRPS18C","RPS23",0.706
"MRPS18C","MRPL20",0.993
"MRPS18C","DAP3",0.995
"MRPS18C","MRPL40",0.976
"MRPS18C","MRPL16",0.983
"MRPS18C","MRPL24",0.949
"CLDN1","ITGA2",0.809
"CLDN1","CD9",0.817
"COL6A3","GP6",0.913
"COL6A3","COL3A1",0.952
"COL6A3","ITGA3",0.761
"COL6A3","ITGB5",0.835
"COL6A3","COL4A2",0.792
"COL6A3","FN1",0.736
"COL6A3","ITGA2",0.781
"COL6A3","COL6A2",0.994
"COL6A3","THBS2",0.799
"COL6A3","COL5A1",0.892
"COL6A3","COL5A2",0.935
"COL6A3","POSTN",0.819
"COL6A3","COL6A1",0.994
"CCKAR","GNB1",0.909
"FSTL1","TLR4",0.775
"IGFBP7","P4HB",0.719
"IGFBP7","JUN",0.85
"CXCR1","CXCL8",0.999
"CXCR1","CCL11",0.804
"CXCR1","CCL8",0.799
"CXCR1","CCL5",0.971
"CXCR1","PPBP",0.998
"CXCR1","JAK2",0.764
"CXCR1","CXCR3",0.943
"CXCR1","CCR1",0.945
"CXCR1","ARRB1",0.783
"CXCR1","CXCL11",0.9
"CXCR1","CXCL10",0.989
"CXCR1","CXCL9",0.905
"CXCR1","IL6",0.868
"ARPC2","MYL6",0.823
"ARPC2","CAPZA2",0.813
"ARPC2","WAS",0.997
"ARPC2","HCLS1",0.964
"ARPC2","NCKAP1",0.826
"CCT3","EIF3I",0.736
"CCT3","STRN3",0.994
"CCT3","PFDN5",0.983
"CCT3","CCT2",0.999
"CCT3","RUVBL1",0.797
"CCT3","MOB4",0.994
"CCT3","CCT4",0.999
"CCT3","TUBA1B",0.869
"CCT3","HSP90AA1",0.767
"CCT3","HSPA4",0.837
"CCT3","HSP90AB1",0.94
"CCT3","TUBB",0.944
"CCT3","TSC1",0.943
"CCT3","PSMG2",0.906
"SSR2","SRPRA",0.729
"SSR2","SEC61A2",0.794
"SSR2","SEC61G",0.946
"RNF25","UBE2D2",0.991
"CRYBA2","BFSP1",0.715
"TRAT1","TRIM22",0.965
"TRAT1","TRIM25",0.762
"TRAT1","CD3D",0.975
"TRAT1","CD8A",0.948
"TRAT1","TRIM5",0.947
"TRAT1","RAB8A",0.858
"TRAT1","SYK",0.92
"HDAC11","H2AZ1",0.751
"HDAC11","CDT1",0.773
"HDAC11","H2AX",0.743
"HDAC11","RBBP4",0.782
"PRKCI","PTEN",0.933
"PRKCI","PRKCZ",0.989
"PRKCI","STK11",0.914
"PRKCI","PPP2R1B",0.905
"PRKCI","PIK3CD",0.908
"PRKCI","PPP2R2A",0.914
"PRKCI","RAP1A",0.917
"PRKCI","SQSTM1",0.959
"PRKCI","PPP2R1A",0.909
"PRKCI","PPP2R2B",0.907
"RETSAT","ADH5",0.915
"RETSAT","FH",0.76
"EIF5A2","MRPL19",0.879
"EIF5A2","MRPL9",0.881
"EIF5A2","RPL3",0.83
"EIF5A2","DOCK4",0.701
"EIF5A2","MRPS15",0.81
"EIF5A2","RPL36AL",0.716
"EIF5A2","RPL14",0.902
"EIF5A2","RPL39L",0.767
"EIF5A2","EEF2",0.875
"EIF5A2","RPS23",0.891
"EIF5A2","MRPL20",0.863
"EIF5A2","RPL38",0.822
"EIF5A2","RPL10L",0.71
"EIF5A2","RPL13A",0.833
"EIF5A2","EPRS1",0.756
"EIF5A2","RPS9",0.886
"EIF5A2","RPS14",0.765
"EIF5A2","EEF1D",0.713
"EIF5A2","RPL12",0.74
"EIF5A2","MRPL24",0.704
"EIF5A2","EIF5A",0.902
"EIF5A2","RPL27",0.834
"EIF5A2","MRPS11",0.765
"EIF5A2","MRPL2",0.723
"EIF5A2","MRPL4",0.782
"EIF5A2","RPL13",0.937
"EIF5A2","IMP3",0.869
"EIF5A2","RPS21",0.832
"EIF5A2","RPS27L",0.766
"EIF5A2","MRPS12",0.879
"EIF5A2","RPL10",0.71
"EIF5A2","RPS16",0.855
"EIF5A2","RPL5",0.956
"EIF5A2","RPL15",0.926
"EIF5A2","MRPS16",0.889
"EIF5A2","RPL23",0.964
"EIF5A2","RPS19",0.885
"EIF5A2","MRPL33",0.9
"EIF5A2","RPLP1",0.745
"EIF5A2","RPL4",0.898
"EIF5A2","RPS4X",0.757
"EIF5A2","RPL30",0.939
"EIF5A2","UBA52",0.937
"EIF5A2","RPS6",0.936
"EIF5A2","RPL24",0.919
"EIF5A2","RPL37A",0.826
"EIF5A2","RPS2",0.911
"EIF5A2","EIF6",0.763
"EIF5A2","MED1",0.836
"FABP1","ALB",0.776
"FABP1","APOA2",0.801
"ABI2","WAS",0.873
"ABI2","NCKAP1",0.999
"SPICE1","TACC3",0.746
"CDS1","PLPP2",0.947
"WDFY3","SQSTM1",0.992
"WDFY3","HTT",0.709
"WDFY3","GABARAP",0.987
"WDFY3","ATG5",0.992
"ALB","TLR4",0.821
"ALB","F2",0.99
"ALB","SERPINA3",0.914
"ALB","CLU",0.831
"ALB","CALML5",0.794
"ALB","CD8A",0.771
"ALB","RBP4",0.785
"ALB","CD34",0.746
"ALB","CXCL8",0.782
"ALB","IL10",0.847
"ALB","TFRC",0.88
"ALB","PLAU",0.708
"ALB","TF",0.9
"ALB","CYCS",0.986
"ALB","SPP1",0.805
"ALB","IFNA2",0.734
"ALB","HSPA4",0.742
"ALB","IL6",0.926
"ALB","FN1",0.998
"ALB","FGB",0.878
"ALB","SERPINF2",0.81
"ALB","CAV1",0.743
"ALB","CASP3",0.815
"ALB","APOA2",0.962
"ALB","CALML4",0.791
"ALB","ITIH2",0.832
"ALB","CALR",0.718
"THOC7","PCF11",0.766
"THOC7","NCBP1",0.872
"ATXN7","SF3B3",0.943
"ATXN7","PPP2R2B",0.923
"ATXN7","TAF10",0.999
"ATXN7","HTT",0.779
"ATXN7","SUPT3H",0.998
"ATXN7","TRRAP",0.999
"ATXN7","AGXT",0.735
"ATXN7","UBA52",0.701
"CCNL1","SRSF2",0.762
"PTX3","IL6",0.806
"SYN1","GRB2",0.734
"SYN1","CALML4",0.805
"SYN1","ITSN1",0.708
"SYN1","VAMP2",0.969
"SYN1","CALML5",0.775
"SYN1","DNM1",0.779
"MTMR14","PIP4K2C",0.7
"MTMR14","PIP4K2A",0.744
"CXCL3","CCR1",0.878
"CXCL3","CCL5",0.811
"CXCL3","CXCR3",0.895
"CXCL3","CCL11",0.996
"CXCL3","CXCL8",0.895
"CXCL3","IL10",0.712
"CXCL3","IL6",0.81
"CXCL3","CXCL10",0.971
"CXCL3","JUN",0.932
"CXCL3","PPBP",0.765
"CXCL3","CXCL11",0.966
"CXCL5","CXCL11",0.978
"CXCL5","PPBP",0.833
"CXCL5","CXCL10",0.974
"CXCL5","IL6",0.862
"CXCL5","CXCL8",0.951
"CXCL5","IL10",0.759
"CXCL5","CCL11",0.998
"CXCL5","MMP1",0.729
"CXCL5","CXCR3",0.923
"CXCL5","CCR1",0.853
"CXCL5","CCL5",0.924
"PPBP","CXCL10",0.999
"PPBP","CXCL9",0.997
"PPBP","CXCL11",0.999
"PPBP","CXCR3",0.906
"PPBP","CCL5",0.998
"PPBP","CCR1",0.817
"PPBP","CCL8",0.997
"PF4","CCL11",0.997
"PF4","CXCL8",0.999
"PF4","CXCR3",0.999
"PF4","CCR1",0.895
"PF4","CCL5",0.999
"PF4","FN1",0.77
"PF4","CXCL11",0.999
"PF4","RUNX1",0.81
"PF4","CXCL10",0.999
"PF4","CXCL9",0.999
"CPA3","FCER1A",0.921
"UCN","GNB1",0.941
"MRPL33","IMP3",0.982
"MRPL33","MRPS12",0.998
"MRPL33","TUFM",0.999
"MRPL33","MRPL11",0.997
"MRPL33","MRPL2",0.998
"MRPL33","MRPL4",0.999
"MRPL33","MRTO4",0.981
"MRPL33","MRPS11",0.998
"MRPL33","MRPL57",0.872
"MRPL33","RPL23",0.993
"MRPL33","MRPS16",0.999
"MRPL33","RPS16",0.964
"MRPL33","RPL5",0.998
"MRPL33","RPL10",0.823
"MRPL33","ABCF1",0.789
"MRPL33","RPL4",0.964
"MRPL33","MRPS18A",0.981
"MRPL33","SRPRA",0.737
"MRPL33","MRPL39",0.948
"MRPL33","MED1",0.98
"MRPL33","MRPS31",0.852
"MRPL33","MRPL12",0.999
"MRPL33","RPS2",0.983
"MRPL33","MRPL58",0.996
"MRPL33","MRPL19",0.999
"MRPL33","RPL3",0.968
"MRPL33","MRPL9",0.999
"MRPL33","EEF2",0.862
"MRPL33","TSFM",0.933
"MRPL33","SEC61A2",0.786
"MRPL33","MRPS14",0.998
"MRPL33","MRPS15",0.999
"MRPL33","HMGN1",0.908
"MRPL33","MRPL46",0.994
"MRPL33","MRPL48",0.85
"MRPL33","RPL12",0.935
"MRPL33","RPS14",0.97
"MRPL33","RPL13A",0.971
"MRPL33","RPL10L",0.845
"MRPL33","RPS23",0.973
"MRPL33","DAP3",0.993
"MRPL33","MRPL20",0.999
"MRPL33","RPS9",0.986
"MRPL33","HMGN4",0.909
"MRPL33","ARL6IP1",0.834
"MRPL33","PDCD11",0.867
"MRPL33","MRPL40",0.992
"MRPL33","MRPL24",0.997
"MRPL33","EIF5A",0.902
"MRPL33","MRPL16",0.997
"CDCP1","SRC",0.942
"CCR1","CXCL11",0.919
"CCR1","ARRB1",0.77
"CCR1","GNB1",0.909
"CCR1","CCRL2",0.896
"CCR1","TLR4",0.725
"CCR1","CXCL10",0.994
"CCR1","CXCL9",0.957
"CCR1","IL6",0.753
"CCR1","CCL11",0.996
"CCR1","JAK2",0.749
"CCR1","IL10",0.781
"CCR1","CXCL8",0.997
"CCR1","CXCR3",0.966
"CCR1","CCL5",0.999
"CCR1","CCL8",0.999
"ITGB5","POSTN",0.738
"ITGB5","COL6A1",0.866
"ITGB5","THBS2",0.828
"ITGB5","COL6A2",0.859
"ITGB5","CRK",0.7
"ITGB5","ITGA2",0.98
"ITGB5","PTK2",0.972
"ITGB5","SPP1",0.968
"ITGB5","SRC",0.938
"ITGB5","COL4A2",0.857
"ITGB5","FN1",0.995
"ITGB5","ITGA3",0.986
"ITGB5","CAV1",0.725
"SNIP1","GTPBP4",0.703
"SNIP1","SF3B1",0.999
"SNIP1","MAGOHB",0.905
"SNIP1","SNU13",0.95
"SNIP1","RBMX2",0.999
"SNIP1","NCBP1",0.923
"SNIP1","SNRPD1",0.992
"SNIP1","LSM6",0.99
"SNIP1","NCBP2",0.866
"SNIP1","TCERG1",0.812
"SNIP1","CDC5L",0.958
"SNIP1","SRRM1",0.859
"SNIP1","PRPF31",0.955
"SNIP1","LSM3",0.988
"SNIP1","SF3B3",0.997
"SNIP1","SRRM2",0.997
"SNIP1","SF3B2",0.995
"OSBPL11","VAPA",0.722
"RPN1","CALR",0.727
"RPN1","SEC13",0.749
"RPN1","SEC61G",0.996
"RPN1","HSPA5",0.795
"RPN1","SEC61A2",0.976
"SENP2","SUMO1",0.997
"SENP2","SUMO3",0.981
"IFT122","IFT56",0.882
"RHO","ARRB1",0.958
"RHO","CALML4",0.902
"RHO","SRP9",0.8
"RHO","RAB8A",0.805
"RHO","GNB1",0.992
"RHO","CALML5",0.901
"RHO","GTPBP4",0.854
"MASP1","PLAU",0.71
"UBXN7","ASPSCR1",0.997
"UBXN7","CUL1",0.819
"UBXN7","VCP",0.999
"RUBCN","BECN1",0.999
"RUBCN","PIK3R4",0.991
"MELTF","TFRC",0.792
"METAP1","GTPBP4",0.738
"METAP1","RPS9",0.734
"METAP1","RPL13A",0.714
"METAP1","MRPL24",0.735
"METAP1","RPL3",0.705
"METAP1","METAP2",0.991
"METAP1","POLR2B",0.707
"METAP1","MED1",0.786
"METAP1","RPS2",0.729
"METAP1","MRPS12",0.727
"METAP1","IMP3",0.747
"METAP1","MRTO4",0.761
"METAP1","MRPL2",0.729
"METAP1","RPL23",0.858
"METAP1","RPL5",0.878
"ADH5","ALDH9A1",0.885
"ADH5","MAOB",0.923
"H2AZ1","POLR2G",0.922
"H2AZ1","TAF11",0.812
"H2AZ1","ING3",0.906
"H2AZ1","SMC4",0.735
"H2AZ1","KDM1A",0.701
"H2AZ1","BPTF",0.844
"H2AZ1","GTF2B",0.885
"H2AZ1","KDM4C",0.74
"H2AZ1","MED16",0.806
"H2AZ1","SMARCA2",0.849
"H2AZ1","CBX3",0.847
"H2AZ1","TAF10",0.848
"H2AZ1","HDAC2",0.917
"H2AZ1","RUVBL1",0.984
"H2AZ1","H1-0",0.821
"H2AZ1","FH",0.785
"H2AZ1","GTF2E2",0.809
"H2AZ1","POLR2B",0.915
"H2AZ1","POLR2L",0.91
"H2AZ1","RAD21",0.743
"H2AZ1","H2AC8",0.841
"H2AZ1","H4C2",0.93
"H2AZ1","RBBP7",0.813
"H2AZ1","MED14",0.805
"H2AZ1","RBBP4",0.812
"H2AZ1","MED1",0.811
"H2AZ1","MORF4L1",0.93
"H2AZ1","SMARCA4",0.831
"H2AZ1","H2AX",0.721
"H2AZ1","GTF2F2",0.809
"H2AZ1","AR",0.754
"H2AZ1","MED25",0.809
"H2AZ1","EZH2",0.784
"H2AZ1","TAF7",0.826
"H2AZ1","DNMT1",0.723
"H2AZ1","MED23",0.809
"H2AZ1","CBX2",0.702
"H2AZ1","HDAC1",0.886
"H2AZ1","H3-4",0.923
"H2AZ1","TRRAP",0.941
"H2AZ1","POLR2F",0.911
"H2AZ1","PCNA",0.812
"EMCN","PODXL",0.724
"EMCN","CD34",0.757
"BDH2","ACAA1",0.772
"CAMP","TLR4",0.851
"CAMP","JUN",0.923
"CAMP","S100A12",0.749
"CAMP","CXCL8",0.788
"BSN","VAMP2",0.709
"BSN","ATG5",0.782
"HSPA4L","DNAJA1",0.795
"HSPA4L","HSP90AA1",0.835
"HSPA4L","DNAJA2",0.758
"HSPA4L","HSP90AB1",0.829
"HSPA4L","HSPA9",0.819
"HSPA4L","HSPA2",0.779
"HSPA4L","HSPA6",0.755
"HSPA4L","HSPA5",0.913
"HSPA4L","HSP90B1",0.741
"HSPA4L","DNAJB4",0.803
"MST1R","GRB2",0.751
"SAP30","HDAC2",0.999
"SAP30","ING3",0.847
"SAP30","KDM1A",0.731
"SAP30","DNMT1",0.706
"SAP30","HDAC1",0.999
"SAP30","IFRD1",0.716
"SAP30","RBBP4",0.999
"SAP30","RBBP7",0.999
"SAP30","MORF4L1",0.836
"MAD2L1","NEK2",0.999
"MAD2L1","PLK1",0.933
"MAD2L1","PCNA",0.792
"MAD2L1","ANAPC2",0.969
"MAD2L1","ZWILCH",0.852
"MAD2L1","CDCA3",0.722
"MAD2L1","TPR",0.947
"MAD2L1","EXO1",0.8
"MAD2L1","ADAM9",0.716
"MAD2L1","CETN2",0.906
"MAD2L1","KIF2C",0.927
"MAD2L1","RFC3",0.859
"MAD2L1","CDC16",0.998
"MAD2L1","CETN3",0.924
"MAD2L1","REV3L",0.822
"MAD2L1","CKS2",0.82
"MAD2L1","PTTG1",0.891
"MAD2L1","CHEK1",0.927
"MAD2L1","MCM7",0.797
"MAD2L1","BUB3",0.999
"MAD2L1","TACC3",0.8
"MAD2L1","CDCA8",0.935
"MAD2L1","SHCBP1",0.712
"MAD2L1","KNTC1",0.873
"MAD2L1","NUP98",0.923
"MAD2L1","RFC4",0.947
"MAD2L1","ERCC6L",0.933
"MAD2L1","KIFC1",0.779
"MAD2L1","RACGAP1",0.87
"MAD2L1","MCM10",0.798
"MAD2L1","TK1",0.714
"MAD2L1","SMC4",0.763
"ANXA5","FASLG",0.715
"ANXA5","PDIA3",0.701
"ANXA5","CD34",0.721
"ANXA5","CD8A",0.72
"ANXA5","CD19",0.78
"ANXA5","GPNMB",0.807
"ANXA5","IL6",0.75
"ANXA5","HSPA4",0.741
"ANXA5","SRC",0.736
"ANXA5","CYCS",0.841
"ANXA5","CASP8",0.842
"ANXA5","CASP3",0.921
"ANXA5","CD9",0.755
"ANXA5","PARP1",0.874
"ANXA5","CALR",0.722
"GUCY1A1","PKLR",0.907
"GUCY1A1","PKM",0.903
"GUCY1A1","GCH1",0.833
"GRIA2","PPP1CC",0.901
"GRIA2","PRKACG",0.936
"GRIA2","PRKACA",0.937
"GRIA2","ADAR",0.73
"GRIA2","CACNG2",0.995
"GRIA2","PPP1CA",0.908
"GRIA2","CNIH4",0.865
"NAA15","NAA16",0.982
"IL15","CXCL9",0.771
"IL15","IL6",0.884
"IL15","IFNA2",0.779
"IL15","CXCL10",0.848
"IL15","IL13",0.871
"IL15","STAT5A",0.849
"IL15","IL13RA1",0.886
"IL15","STAT1",0.753
"IL15","IL7R",0.985
"IL15","IL3",0.728
"IL15","CD40",0.769
"IL15","CCL5",0.812
"IL15","CD8A",0.936
"IL15","IFNGR1",0.789
"IL15","CCL11",0.806
"IL15","CXCL8",0.798
"IL15","IL10",0.914
"IL15","CD19",0.819
"ARFIP1","ARF6",0.914
"ICE1","CDC73",0.906
"ICE1","NELFB",0.915
"ICE1","ERCC6",0.908
"ICE1","TCEA2",0.912
"ICE1","PEX2",0.901
"ICE1","CTR9",0.91
"ABCE1","RPL3",0.899
"ABCE1","EIF2S2",0.953
"ABCE1","NEMF",0.76
"ABCE1","RPL14",0.861
"ABCE1","EIF3I",0.982
"ABCE1","RPL36AL",0.814
"ABCE1","EIF1AX",0.941
"ABCE1","WDR3",0.712
"ABCE1","EEF2",0.804
"ABCE1","RPS9",0.93
"ABCE1","RPS23",0.994
"ABCE1","RPL38",0.858
"ABCE1","RPL13A",0.89
"ABCE1","RPL10L",0.815
"ABCE1","EPRS1",0.791
"ABCE1","RPS14",0.968
"ABCE1","RPL12",0.919
"ABCE1","GTPBP4",0.799
"ABCE1","TSR1",0.809
"ABCE1","RNASEL",0.994
"ABCE1","RPL22",0.894
"ABCE1","RPL27",0.867
"ABCE1","HBS1L",0.959
"ABCE1","GSPT1",0.852
"ABCE1","RPL13",0.856
"ABCE1","EIF3A",0.995
"ABCE1","MRTO4",0.786
"ABCE1","RPS21",0.965
"ABCE1","RPL10",0.857
"ABCE1","RPS16",0.977
"ABCE1","RPL5",0.909
"ABCE1","DHX15",0.784
"ABCE1","RPL23",0.909
"ABCE1","RPS19",0.973
"ABCE1","RPL15",0.855
"ABCE1","RPLP1",0.89
"ABCE1","RPL4",0.968
"ABCE1","RPS4X",0.949
"ABCE1","PA2G4",0.892
"ABCE1","RPL30",0.835
"ABCE1","ABCF1",0.863
"ABCE1","RPL24",0.825
"ABCE1","RPL37A",0.821
"ABCE1","RPS2",0.973
"ABCE1","UBA52",0.817
"ABCE1","RPS6",0.99
"ABCE1","EIF3B",0.995
"ABCE1","EIF6",0.72
"ABCE1","ETF1",0.999
"LSM6","LSM1",0.999
"LSM6","USP39",0.979
"LSM6","NCBP2",0.881
"LSM6","SF3B1",0.99
"LSM6","DDX23",0.99
"LSM6","SNU13",0.997
"LSM6","MAGOHB",0.934
"LSM6","SNRPD1",0.999
"LSM6","NCBP1",0.829
"LSM6","RBMX2",0.958
"LSM6","MEPCE",0.728
"LSM6","PPIH",0.965
"LSM6","LSM3",0.999
"LSM6","PRPF31",0.999
"LSM6","SF3B3",0.992
"LSM6","TUT1",0.727
"LSM6","SF3B2",0.989
"LSM6","SRRM2",0.908
"LSM6","SNRNP70",0.816
"LSM6","SRRM1",0.821
"LSM6","CDC5L",0.841
"LSM6","TCERG1",0.804
"LSM6","PRP4K",0.894
"ITGA2","COL4A2",0.765
"ITGA2","FN1",0.986
"ITGA2","PTK2",0.94
"ITGA2","SRC",0.812
"ITGA2","SPP1",0.762
"ITGA2","GP6",0.976
"ITGA2","MMP1",0.813
"ITGA2","PIK3CD",0.91
"ITGA2","COL3A1",0.976
"ITGA2","ITGA3",0.972
"ITGA2","PRKACG",0.908
"ITGA2","THBS2",0.811
"ITGA2","COL6A1",0.857
"ITGA2","PRKACA",0.908
"ITGA2","COL6A2",0.818
"SLC45A2","TYRP1",0.959
"SLC45A2","DCT",0.794
"SLC45A2","PMEL",0.753
"SLC45A2","MLANA",0.809
"F2RL2","EPRS1",0.832
"F2RL2","F2",0.988
"RPS23","MRPS16",0.981
"RPS23","RPS19",0.999
"RPS23","RPL23",0.999
"RPS23","RPL15",0.999
"RPS23","RPL10",0.999
"RPS23","CSNK1E",0.8
"RPS23","RPL5",0.999
"RPS23","RPS16",0.999
"RPS23","POLR2F",0.93
"RPS23","SERBP1",0.986
"RPS23","ATP5F1C",0.73
"RPS23","NGDN",0.972
"RPS23","MRPL11",0.839
"RPS23","TUFM",0.988
"RPS23","RPS27L",0.994
"RPS23","IMP3",0.998
"RPS23","RPS21",0.999
"RPS23","KARS1",0.817
"RPS23","RPL13",0.999
"RPS23","NOC4L",0.987
"RPS23","EIF3A",0.987
"RPS23","UTP14A",0.98
"RPS23","MRPS11",0.957
"RPS23","MRTO4",0.946
"RPS23","MRPL4",0.902
"RPS23","MRPL2",0.889
"RPS23","MRPL12",0.983
"RPS23","QARS1",0.764
"RPS23","HEATR1",0.992
"RPS23","MED1",0.979
"RPS23","ETF1",0.972
"RPS23","SECISBP2",0.815
"RPS23","RPL24",0.999
"RPS23","RPL37A",0.999
"RPS23","SRP9",0.84
"RPS23","RPS2",0.999
"RPS23","BTF3",0.873
"RPS23","UBA52",0.999
"RPS23","RPS6",0.999
"RPS23","EIF3B",0.984
"RPS23","IFRD1",0.754
"RPS23","ABCF1",0.962
"RPS23","RPL30",0.999
"RPS23","RPLP1",0.999
"RPS23","MRPS18A",0.708
"RPS23","RPS4X",0.999
"RPS23","RPL4",0.999
"RPS23","PA2G4",0.941
"RPS23","POLR2B",0.798
"RPS23","FCF1",0.992
"RPS23","EIF1AX",0.996
"RPS23","PKM",0.707
"RPS23","EIF4G1",0.869
"RPS23","WDR3",0.992
"RPS23","TSFM",0.792
"RPS23","EEF2",0.999
"RPS23","BUD23",0.964
"RPS23","RPL14",0.999
"RPS23","MRPL46",0.874
"RPS23","LARP4B",0.901
"RPS23","RPL39L",0.982
"RPS23","EIF3I",0.986
"RPS23","HMGN1",0.907
"RPS23","MRPS15",0.903
"RPS23","NOL7",0.814
"RPS23","RPL36AL",0.996
"RPS23","SEC61A2",0.885
"RPS23","MRPS14",0.89
"RPS23","EXOSC10",0.888
"RPS23","NOL6",0.983
"RPS23","MRPL9",0.975
"RPS23","DHX9",0.918
"RPS23","RPL3",0.999
"RPS23","DOCK4",0.976
"RPS23","EIF2S2",0.992
"RPS23","MRPL58",0.938
"RPS23","MRPL19",0.985
"RPS23","NOL10",0.97
"RPS23","RPL22",0.999
"RPS23","MRPL40",0.85
"RPS23","RPL27",0.999
"RPS23","GCN1",0.875
"RPS23","POLR1B",0.803
"RPS23","GSPT1",0.967
"RPS23","PDCD11",0.99
"RPS23","HBS1L",0.927
"RPS23","EIF1AY",0.964
"RPS23","DNTTIP2",0.988
"RPS23","EIF5A",0.981
"RPS23","MRPL16",0.832
"RPS23","TSR1",0.969
"RPS23","SEC61G",0.859
"RPS23","UTP11",0.993
"RPS23","CSNK1D",0.802
"RPS23","MRPL24",0.89
"RPS23","RPS14",0.999
"RPS23","SNU13",0.998
"RPS23","RPL12",0.999
"RPS23","EEF1D",0.848
"RPS23","RCL1",0.993
"RPS23","RRP7A",0.985
"RPS23","IFI35",0.975
"RPS23","ATP5F1A",0.767
"RPS23","ARL6IP1",0.956
"RPS23","HMGN4",0.906
"RPS23","RPS9",0.999
"RPS23","MRPL20",0.981
"RPS23","DAP3",0.875
"RPS23","EPRS1",0.828
"RPS23","RPL38",0.999
"RPS23","RPL13A",0.999
"RPS23","RPL10L",0.996
"F2RL1","F2",0.715
"F2RL1","S1PR1",0.786
"WDR41","ELMO1",0.72
"WDR41","RAB8A",0.962
"PRDM9","H3-4",0.83
"PRDM9","H2AX",0.757
"NDUFS4","NDUFA13",0.999
"NDUFS4","ATP5IF1",0.925
"NDUFS4","TMEM126B",0.73
"NDUFS4","NDUFV2",0.999
"NDUFS4","COX5A",0.988
"NDUFS4","NDUFB3",0.999
"NDUFS4","ATP5ME",0.723
"NDUFS4","BCS1L",0.742
"NDUFS4","SDHB",0.89
"NDUFS4","NDUFB8",0.999
"NDUFS4","NDUFA4L2",0.709
"NDUFS4","ATP5MG",0.712
"NDUFS4","ATP5PB",0.866
"NDUFS4","NDUFB2",0.996
"NDUFS4","ATP5F1C",0.923
"NDUFS4","HTATIP2",0.804
"NDUFS4","NDUFA3",0.999
"NDUFS4","UQCRFS1",0.999
"NDUFS4","NDUFA7",0.999
"NDUFS4","ATP5PD",0.957
"NDUFS4","COX6C",0.924
"NDUFS4","CYC1",0.999
"NDUFS4","NDUFA1",0.999
"NDUFS4","NDUFAF4",0.958
"NDUFS4","PRKACA",0.714
"NDUFS4","NDUFB6",0.999
"NDUFS4","COX7C",0.993
"NDUFS4","SDHD",0.85
"NDUFS4","COX7A2",0.771
"NDUFS4","ATP5PF",0.842
"NDUFS4","UQCRH",0.996
"NDUFS4","NDUFS2",0.999
"NDUFS4","UQCR10",0.997
"NDUFS4","PRKACG",0.711
"NDUFS4","COX7A2L",0.996
"NDUFS4","NDUFA8",0.999
"TCERG1","HTT",0.958
"TCERG1","SRRM2",0.833
"TCERG1","SF3B2",0.93
"TCERG1","SF3B3",0.977
"TCERG1","LSM3",0.811
"TCERG1","PRP4K",0.927
"TCERG1","RBM5",0.834
"TCERG1","UBE2I",0.77
"TCERG1","SRRM1",0.984
"TCERG1","CDC5L",0.985
"TCERG1","NCBP2",0.84
"TCERG1","DHX9",0.841
"TCERG1","RBMX2",0.857
"TCERG1","SF1",0.918
"TCERG1","SNRPD1",0.974
"TCERG1","NCBP1",0.86
"TCERG1","SF3B1",0.991
"MAP1B","ATG5",0.867
"MAP1B","BECN1",0.924
"MAP1B","GABARAP",0.754
"MAP1B","SQSTM1",0.97
"MAP1B","FMR1",0.957
"CARTPT","KISS1",0.863
"TLR3","CD40",0.855
"TLR3","RIGI",0.973
"TLR3","TLR8",0.939
"TLR3","TBK1",0.993
"TLR3","IRF3",0.978
"TLR3","NOD2",0.722
"TLR3","IRF7",0.95
"TLR3","TLR4",0.907
"TLR3","IFNB1",0.995
"TLR3","CXCL8",0.718
"TLR3","IL10",0.778
"TLR3","CCL5",0.809
"TLR3","IFIT1",0.783
"TLR3","FADD",0.845
"TLR3","MAP3K7",0.992
"TLR3","CD8A",0.745
"TLR3","CASP8",0.923
"TLR3","IL6",0.889
"TLR3","CXCL10",0.78
"TLR3","IFNA2",0.778
"TLR3","HSPA4",0.731
"TLR3","GSK3B",0.963
"TLR3","SRC",0.755
"TLR3","NLRP3",0.76
"TLR3","CHUK",0.88
"TLR3","MX1",0.758
"TLR3","STAT1",0.757
"TLR3","TRAF3",0.992
"TLR3","IRAK1",0.917
"RAPGEF6","RAP1A",0.99
"TNFRSF21","FASLG",0.786
"IL3","IL6",0.998
"IL3","IL7R",0.82
"IL3","IFNA2",0.858
"IL3","RUNX1",0.973
"IL3","CCL5",0.734
"IL3","CD34",0.904
"IL3","STAT5A",0.905
"IL3","IL13",0.891
"IL3","IFNGR1",0.728
"IL3","CXCL8",0.785
"IL3","IL10",0.781
"IL3","JAK2",0.978
"IL3","CCL11",0.788
"IL3","IL13RA1",0.741
"CSF2","CD8A",0.873
"CSF2","IL13",0.934
"CSF2","STAT5A",0.937
"CSF2","CD34",0.772
"CSF2","CCL5",0.922
"CSF2","IL13RA1",0.753
"CSF2","CCL11",0.996
"CSF2","JAK2",0.956
"CSF2","CD19",0.741
"CSF2","CXCL8",0.972
"CSF2","IL10",0.959
"CSF2","IFNGR1",0.783
"CSF2","IFNB1",0.83
"CSF2","IFNA2",0.868
"CSF2","TLR4",0.781
"CSF2","RUNX1",0.941
"CSF2","CXCL10",0.911
"CSF2","IL7R",0.851
"CSF2","IL6",0.974
"CSF2","CXCL9",0.736
"CSF2","FASLG",0.738
"CSF2","CD40",0.858
"NPM1","HDAC2",0.838
"NPM1","NOL6",0.742
"NPM1","RPL3",0.727
"NPM1","SUMO1",0.713
"NPM1","RUVBL1",0.862
"NPM1","GNL3",0.813
"NPM1","NUP98",0.794
"NPM1","RPL14",0.706
"NPM1","NRAS",0.832
"NPM1","RPS9",0.813
"NPM1","EEF1D",0.736
"NPM1","CD34",0.746
"NPM1","IRS1",0.848
"NPM1","HSP90AB1",0.806
"NPM1","RUNX1",0.854
"NPM1","HSPA4",0.857
"NPM1","SRSF2",0.73
"NPM1","SQSTM1",0.711
"NPM1","YBX1",0.812
"NPM1","RPL5",0.976
"NPM1","RPS16",0.715
"NPM1","HSP90AA1",0.804
"NPM1","BRCA2",0.856
"NPM1","RPL15",0.733
"NPM1","CEBPB",0.803
"NPM1","STAT5A",0.809
"NPM1","PA2G4",0.856
"NPM1","PARP1",0.97
"NPM1","RPL4",0.914
"NPM1","GRB2",0.919
"NPM1","GNL2",0.904
"NPM1","EBNA1BP2",0.767
"NPM1","YWHAZ",0.745
"NPM1","BRCA1",0.773
"NPM1","RPS6",0.728
"NPM1","RBBP4",0.96
"NPM1","RBBP7",0.874
"NPM1","RPL37A",0.852
"NPM1","HNRNPA1",0.923
"SCIN","PIP4K2C",0.903
"SCIN","PIP5K1A",0.914
"SCIN","HCLS1",0.986
"SCIN","PIP4K2A",0.908
"SCIN","WAS",0.846
"SCIN","FN1",0.717
"CYTH3","IPCEF1",0.812
"CYTH3","PIK3CD",0.708
"CYTH3","ARF6",0.998
"TRA2A","MRPS15",0.727
"TRA2A","SRSF4",0.79
"TRA2A","SNRNP70",0.769
"TRA2A","SRRM2",0.718
"TRA2A","DHX15",0.836
"TRA2A","SRRM1",0.728
"GALNT10","C1GALT1",0.794
"SAP30L","HDAC1",0.978
"SAP30L","RBBP7",0.945
"SAP30L","RBBP4",0.878
"SAP30L","HDAC2",0.945
"COG5","TGOLN2",0.81
"CAMLG","UBL4A",0.862
"CAMLG","VAPA",0.736
"HSPA9","HSPA5",0.883
"HSPA9","DNAJB14",0.756
"HSPA9","PDIA3",0.729
"HSPA9","CS",0.742
"HSPA9","DNAJB4",0.8
"HSPA9","CCT2",0.768
"HSPA9","HSP90B1",0.969
"HSPA9","TLR4",0.917
"HSPA9","ACO1",0.808
"HSPA9","CCT4",0.731
"HSPA9","CYC1",0.753
"HSPA9","HSPA2",0.779
"HSPA9","ITPR1",0.995
"HSPA9","UQCRFS1",0.727
"HSPA9","IMMT",0.881
"HSPA9","HSPA6",0.781
"HSPA9","ATP5F1A",0.871
"HSPA9","DNAJC15",0.928
"HSPA9","DNAJA2",0.855
"HSPA9","HSP90AA1",0.958
"HSPA9","TUFM",0.714
"HSPA9","HSP90AB1",0.955
"HSPA9","SDHB",0.88
"HSPA9","HSPA4",0.955
"HSPA9","BCS1L",0.745
"HSPA9","CALR",0.77
"HSPA9","DNAJA1",0.908
"HSPA9","HSPB3",0.777
"HSPA9","TOMM7",0.843
"SHH","CASP3",0.7
"SHH","FN1",0.716
"SHH","SMAD3",0.702
"SHH","GSK3B",0.709
"SHH","SOX2",0.824
"SHH","PTEN",0.718
"SHH","NES",0.703
"COL1A2","THBS2",0.858
"COL1A2","SP1",0.703
"COL1A2","COL5A1",0.989
"COL1A2","COL5A2",0.998
"COL1A2","POSTN",0.918
"COL1A2","COL6A1",0.875
"COL1A2","COL15A1",0.702
"COL1A2","COL6A2",0.908
"COL1A2","COL4A2",0.786
"COL1A2","FN1",0.982
"COL1A2","SMAD3",0.799
"COL1A2","PTK2",0.727
"COL1A2","SMAD4",0.715
"COL1A2","GP6",0.908
"COL1A2","COL3A1",0.999
"COL1A2","ITGA3",0.777
"PGAM2","PKM",0.924
"PGAM2","PKLR",0.861
"LMTK2","PPP1CC",0.886
"RGS20","HINT1",0.752
"ADCY1","CALML4",0.975
"ADCY1","PDE4B",0.788
"ADCY1","CALML5",0.976
"ADCY1","GNB1",0.886
"ADCY1","PRKACG",0.963
"ADCY1","PRKACA",0.948
"ADCY1","GCH1",0.8
"RAD21","SMC4",0.962
"RAD21","WAPL",0.999
"RAD21","RFC3",0.708
"RAD21","PTTG1",0.789
"RAD21","BRCA1",0.841
"RAD21","SMARCA4",0.772
"RAD21","SMC5",0.952
"RAD21","PLK1",0.894
"RAD21","H3-4",0.767
"RAD21","BRCA2",0.72
"RAD21","PCNA",0.787
"ORC5","RFC4",0.703
"ORC5","MCM10",0.856
"ORC5","ORC1",0.999
"ORC5","NOC3L",0.959
"ORC5","POLE",0.724
"ORC5","CHEK1",0.735
"ORC5","MCM7",0.991
"ORC5","CDC25A",0.799
"ORC5","WDHD1",0.716
"ORC5","CDC25C",0.8
"ORC5","CDT1",0.998
"DEFB1","BRD3",0.705
"DEFB1","CCRL2",0.989
"NOS3","IL10",0.701
"NOS3","ASL",0.969
"NOS3","CBS",0.768
"NOS3","CALML5",0.999
"NOS3","HSP90B1",0.832
"NOS3","CALML4",0.999
"NOS3","CAV1",0.999
"NOS3","HSP90AA1",0.999
"NOS3","IL6",0.718
"NOS3","ARG1",0.959
"NOS3","HSP90AB1",0.998
"NOS3","LYPLA1",0.794
"ABCB8","ATP1B1",0.729
"MICALL2","RAB8A",0.989
"DCSTAMP","CREB3",0.959
"NFIL3","CEBPB",0.708
"ALDH1A1","CYP1A1",0.939
"ALDH1A1","CYP2A6",0.924
"ALDH1A1","MDH2",0.732
"ALDH1A1","SOX2",0.771
"COL14A1","FN1",0.74
"COL14A1","COL3A1",0.701
"COL14A1","COL6A1",0.768
"COL14A1","COL5A1",0.786
"COL14A1","COL5A2",0.752
"COL14A1","COL15A1",0.779
"COL14A1","COL6A2",0.799
"VEGFD","NTRK1",0.868
"AQP7","GK",0.742
"NOL6","UTP14A",0.997
"NOL6","NOC4L",0.998
"NOL6","IMP3",0.996
"NOL6","RPS27L",0.863
"NOL6","MRPS12",0.767
"NOL6","NGDN",0.994
"NOL6","RPS16",0.988
"NOL6","DDX47",0.805
"NOL6","DHX15",0.903
"NOL6","EXOSC4",0.76
"NOL6","RPS19",0.981
"NOL6","POLR1E",0.781
"NOL6","RPS4X",0.96
"NOL6","GNL2",0.792
"NOL6","EBNA1BP2",0.81
"NOL6","EXOSC8",0.772
"NOL6","RPL30",0.957
"NOL6","RPS6",0.993
"NOL6","RPS2",0.787
"NOL6","HEATR1",0.999
"NOL6","RBM5",0.724
"NOL6","GNL3L",0.771
"NOL6","NOL10",0.999
"NOL6","NOC2L",0.988
"NOL6","GNL3",0.753
"NOL6","EXOSC10",0.972
"NOL6","NOL7",0.81
"NOL6","MRPS15",0.771
"NOL6","C1D",0.711
"NOL6","WDR3",0.999
"NOL6","FCF1",0.997
"NOL6","ARL6IP1",0.776
"NOL6","RPS9",0.995
"NOL6","GTPBP4",0.781
"NOL6","FTSJ3",0.923
"NOL6","RCL1",0.997
"NOL6","RRP7A",0.999
"NOL6","SNU13",0.992
"NOL6","RPS14",0.982
"NOL6","UTP11",0.993
"NOL6","TSR1",0.924
"NOL6","DNTTIP2",0.99
"NOL6","GCN1",0.751
"NOL6","POLR1B",0.962
"NOL6","PDCD11",0.999
"AQP3","GK",0.829
"MELK","CHEK1",0.873
"MELK","PTTG1",0.874
"MELK","CKS2",0.793
"MELK","KIF2C",0.935
"MELK","EXO1",0.9
"MELK","CDCA3",0.872
"MELK","MKI67",0.911
"MELK","EZH2",0.738
"MELK","CDC25C",0.821
"MELK","NEK2",0.822
"MELK","PLK1",0.809
"MELK","MCM10",0.861
"MELK","RACGAP1",0.856
"MELK","TK1",0.792
"MELK","KNTC1",0.704
"MELK","CDCA8",0.902
"MELK","TACC3",0.721
"MELK","SHCBP1",0.739
"WRN","POLL",0.807
"WRN","VCP",0.751
"WRN","XPA",0.756
"WRN","XRCC5",0.993
"WRN","SMC5",0.726
"WRN","PCNA",0.912
"WRN","FEN1",0.998
"WRN","BRCA2",0.888
"WRN","FANCI",0.805
"WRN","PRKDC",0.978
"WRN","PARP1",0.915
"WRN","RFC3",0.71
"WRN","CHEK1",0.87
"WRN","MUS81",0.966
"WRN","BRCA1",0.983
"WRN","H2AX",0.817
"WRN","EXO1",0.998
"WRN","DHX9",0.863
"WRN","SUMO1",0.74
"WRN","POLE",0.782
"WRN","RFC4",0.814
"WRN","HLTF",0.707
"INPPL1","SRC",0.947
"INPPL1","CD2AP",0.777
"INPPL1","ITSN1",0.768
"INPPL1","PIK3CD",0.937
"INPPL1","GRB2",0.911
"INPPL1","FYN",0.832
"INPPL1","PTEN",0.96
"CRYL1","ACAA1",0.933
"CRYL1","HADHB",0.872
"PCF11","POLR2F",0.795
"PCF11","POLR2B",0.846
"PCF11","SUPT6H",0.75
"PCF11","FIP1L1",0.976
"PCF11","NCBP2",0.709
"PCF11","SRSF4",0.741
"PCF11","GTF2B",0.815
"PCF11","NCBP1",0.795
"PKNOX2","PBX2",0.775
"RPL10L","ETF1",0.902
"RPL10L","MRPL12",0.908
"RPL10L","HEATR1",0.868
"RPL10L","MED1",0.903
"RPL10L","EIF6",0.981
"RPL10L","RPS6",0.997
"RPL10L","UBA52",0.995
"RPL10L","RPL24",0.998
"RPL10L","RPL37A",0.995
"RPL10L","RPS2",0.998
"RPL10L","RPL30",0.998
"RPL10L","POLR2B",0.715
"RPL10L","PA2G4",0.991
"RPL10L","RPLP1",0.994
"RPL10L","RPL4",0.996
"RPL10L","RPS4X",0.984
"RPL10L","RPL15",0.998
"RPL10L","MRPS16",0.902
"RPL10L","RPL23",0.997
"RPL10L","RPS19",0.996
"RPL10L","SERBP1",0.965
"RPL10L","ATP5F1C",0.757
"RPL10L","RPL10",0.931
"RPL10L","RPS16",0.996
"RPL10L","RPL5",0.998
"RPL10L","IMP3",0.829
"RPL10L","RPS21",0.993
"RPL10L","MRPS12",0.828
"RPL10L","RPS27L",0.932
"RPL10L","TUFM",0.91
"RPL10L","MRTO4",0.85
"RPL10L","MRPS11",0.774
"RPL10L","MRPL2",0.773
"RPL10L","MRPL4",0.774
"RPL10L","RPL13",0.996
"RPL10L","EIF1AY",0.7
"RPL10L","RPL22",0.987
"RPL10L","POLR1B",0.715
"RPL10L","GCN1",0.8
"RPL10L","RPL27",0.996
"RPL10L","PDCD11",0.871
"RPL10L","SEC61G",0.88
"RPL10L","MRPL24",0.776
"RPL10L","EIF5A",0.71
"RPL10L","IFI35",0.906
"RPL10L","RPS14",0.991
"RPL10L","RPL12",0.994
"RPL10L","MRPL20",0.88
"RPL10L","RPL38",0.997
"RPL10L","RPL13A",0.996
"RPL10L","ARL6IP1",0.821
"RPL10L","ATP5F1A",0.766
"RPL10L","RPS9",0.996
"RPL10L","HMGN4",0.735
"RPL10L","EEF2",0.994
"RPL10L","EIF1AX",0.827
"RPL10L","MRPS15",0.777
"RPL10L","HMGN1",0.736
"RPL10L","MRPS14",0.774
"RPL10L","SEC61A2",0.815
"RPL10L","RPL36AL",0.98
"RPL10L","RPL14",0.996
"RPL10L","RPL39L",0.969
"RPL10L","NEMF",0.852
"RPL10L","MRPL19",0.887
"RPL10L","MRPL9",0.902
"RPL10L","RPL3",0.997
"RPL10L","DOCK4",0.909
"DNAAF2","HSP90AB1",0.799
"DNAAF2","RUVBL1",0.716
"KLHDC2","PRAME",0.921
"KLHDC2","CREB3",0.899
"NEMF","RPL36AL",0.834
"NEMF","RPL14",0.809
"NEMF","RPL3",0.883
"NEMF","RPL22",0.83
"NEMF","RPL27",0.813
"NEMF","HBS1L",0.79
"NEMF","RPL12",0.89
"NEMF","RPL38",0.807
"NEMF","RPL13A",0.892
"NEMF","RPL15",0.803
"NEMF","RPL23",0.909
"NEMF","RPL5",0.914
"NEMF","VCP",0.818
"NEMF","RPL13",0.803
"NEMF","UBA52",0.8
"NEMF","RPL24",0.806
"NEMF","RPL37A",0.804
"NEMF","RPL30",0.829
"NEMF","RPL4",0.877
"ARF6","ARFGAP1",0.89
"ARF6","TGOLN2",0.736
"ARF6","SRC",0.735
"ARF6","ITSN1",0.83
"ARF6","CAV1",0.863
"ARF6","ITSN2",0.775
"ARF6","EPS15",0.74
"ARF6","PIP5K1A",0.964
"NGB","CYCS",0.942
"SEC61A2","MRPS11",0.853
"SEC61A2","MRTO4",0.859
"SEC61A2","MRPL4",0.879
"SEC61A2","MRPL2",0.871
"SEC61A2","MRPL11",0.798
"SEC61A2","MRPS12",0.885
"SEC61A2","TUFM",0.763
"SEC61A2","IMP3",0.885
"SEC61A2","RPL10",0.815
"SEC61A2","RPL5",0.973
"SEC61A2","RPS16",0.879
"SEC61A2","ATP5F1C",0.845
"SEC61A2","MRPS16",0.913
"SEC61A2","RPL23",0.975
"SEC61A2","RPL4",0.886
"SEC61A2","POLR2B",0.727
"SEC61A2","RPS2",0.885
"SEC61A2","MRPL12",0.863
"SEC61A2","MED1",0.906
"SEC61A2","SRPRA",0.863
"SEC61A2","RPL3",0.87
"SEC61A2","MRPL9",0.905
"SEC61A2","MRPL19",0.887
"SEC61A2","HMGN1",0.798
"SEC61A2","MRPS14",0.855
"SEC61A2","EIF1AX",0.782
"SEC61A2","TSFM",0.73
"SEC61A2","ARL6IP1",0.848
"SEC61A2","ATP5F1A",0.885
"SEC61A2","HMGN4",0.798
"SEC61A2","RPS9",0.885
"SEC61A2","RPL13A",0.855
"SEC61A2","RPS14",0.853
"SEC61A2","RPL12",0.798
"SEC61A2","MRPL16",0.815
"SEC61A2","SEC61G",0.993
"SEC61A2","MRPL24",0.887
"SEC61A2","POLR1B",0.726
"SEC61A2","PDCD11",0.855
"SEC61A2","EIF1AY",0.782
"ABRAXAS2","BABAM2",0.999
"ABRAXAS2","BRCA1",0.814
"ABRAXAS2","NLRP3",0.712
"ABRAXAS2","USP7",0.844
"PRDX3","TXN",0.846
"PRDX3","CYCS",0.804
"CLEC1B","SYK",0.992
"CLEC1B","GP6",0.894
"SNAPC4","GTF2B",0.913
"TSC1","MTOR",0.974
"TSC1","CCT4",0.943
"TSC1","FKBP1A",0.741
"TSC1","PTEN",0.801
"TSC1","RRAGA",0.891
"TSC1","CCT2",0.943
"TSC1","RUVBL1",0.745
"TSC1","RPS6",0.844
"TSC1","DDIT4",0.971
"TSC1","PSMG2",0.91
"TSC1","RRAGD",0.815
"TSC1","HSP90AB1",0.79
"TSC1","GSK3B",0.975
"HPRT1","PNP",0.989
"HPRT1","IMPDH2",0.967
"HPRT1","ATP5F1A",0.845
"HPRT1","ATP5F1C",0.845
"HPRT1","RRM1",0.871
"HPRT1","ENTPD5",0.9
"METTL3","EIF3B",0.832
"METTL3","SMAD3",0.915
"METTL3","NCBP1",0.854
"METTL3","RBM15",0.999
"METTL3","FMR1",0.759
"METTL3","CBLL1",0.999
"WAPL","PLK1",0.785
"WAPL","TRIP12",0.782
"WAPL","RFC3",0.783
"SHLD2","REV3L",0.72
"LIPC","PLPP2",0.724
"LIPC","APOA2",0.886
"JAM3","CD2AP",0.723
"VPS35","MCM7",0.702
"VPS35","BECN1",0.841
"VPS35","PLA2G6",0.773
"VPS35","GAK",0.841
"VPS35","PIK3R4",0.828
"VPS35","EIF4G1",0.899
"HIF1AN","TP53BP2",0.935
"NDUFB8","ATP5ME",0.714
"NDUFB8","NDUFB3",0.999
"NDUFB8","COX5A",0.996
"NDUFB8","MRPL12",0.894
"NDUFB8","TMEM126B",0.714
"NDUFB8","NDUFV2",0.999
"NDUFB8","NDUFA13",0.999
"NDUFB8","NDUFB2",0.999
"NDUFB8","ATP5F1C",0.913
"NDUFB8","NDUFA4L2",0.821
"NDUFB8","CYCS",0.721
"NDUFB8","SDHB",0.997
"NDUFB8","ATP5PB",0.793
"NDUFB8","ATP5MG",0.879
"NDUFB8","COX6C",0.927
"NDUFB8","ATP5PD",0.929
"NDUFB8","NDUFA7",0.999
"NDUFB8","NDUFA1",0.999
"NDUFB8","CYC1",0.994
"NDUFB8","ATP5F1A",0.943
"NDUFB8","HTATIP2",0.787
"NDUFB8","NDUFA3",0.999
"NDUFB8","UQCRFS1",0.997
"NDUFB8","ATP5PF",0.839
"NDUFB8","UQCRH",0.989
"NDUFB8","NDUFA8",0.999
"NDUFB8","COX8A",0.825
"NDUFB8","UQCR10",0.996
"NDUFB8","NDUFS2",0.999
"NDUFB8","NDUFB6",0.999
"NDUFB8","MRPL58",0.866
"NDUFB8","NDUFAF4",0.889
"NDUFB8","CS",0.813
"NDUFB8","SDHD",0.984
"NDUFB8","COX7A2",0.884
"NDUFB8","COX7C",0.977
"LARP6","LARP4B",0.741
"HPS6","TYRP1",0.759
"COPS2","CUL1",0.91
"COPS2","COPS5",0.999
"COPS2","GRB2",0.902
"COPS2","LAT",0.72
"PCBD1","GCH1",0.85
"CCT2","PSMG2",0.907
"CCT2","RPS4X",0.723
"CCT2","PA2G4",0.82
"CCT2","RPS2",0.777
"CCT2","DNAJA1",0.854
"CCT2","EIF3B",0.733
"CCT2","TUBB",0.973
"CCT2","HSPA4",0.844
"CCT2","KARS1",0.829
"CCT2","HSP90AB1",0.97
"CCT2","HSP90AA1",0.876
"CCT2","RPS16",0.704
"CCT2","RPL12",0.716
"CCT2","EPRS1",0.735
"CCT2","CCT4",0.999
"CCT2","RPL27",0.787
"CCT2","TUBA1B",0.87
"CCT2","MOB4",0.995
"CCT2","RUVBL1",0.839
"CCT2","NUDC",0.704
"CCT2","RPL3",0.74
"CCT2","HSP90B1",0.744
"CCT2","SYNCRIP",0.712
"CCT2","STRN3",0.994
"CCT2","PFDN5",0.98
"CCT2","HSPA5",0.728
"CCT2","EEF2",0.802
"CCT2","EIF3I",0.848
"GNPTAB","MDH2",0.798
"COX11","UQCRFS1",0.787
"COX11","RFC3",0.902
"COX11","LSP1",0.711
"COX11","CYCS",0.772
"TRIM44","FJX1",0.862
"TRIM44","USP39",0.89
"TAF10","SF3B3",0.98
"TAF10","MED25",0.82
"TAF10","TAF7",0.999
"TAF10","MED23",0.816
"TAF10","TRRAP",0.999
"TAF10","POLR2F",0.915
"TAF10","GTF2E2",0.983
"TAF10","POLR2B",0.922
"TAF10","POLR2L",0.924
"TAF10","H4C2",0.808
"TAF10","MED14",0.834
"TAF10","UBA52",0.719
"TAF10","MED1",0.803
"TAF10","GTF2F2",0.935
"TAF10","SUPT3H",0.999
"TAF10","MAP3K7",0.72
"TAF10","POLR2G",0.917
"TAF10","TAF11",0.999
"TAF10","GTF2B",0.994
"TAF10","MED16",0.806
"RAG1","PRKDC",0.739
"RAG1","UBE2D2",0.761
"RAG1","CD8A",0.859
"RAG1","IL7R",0.795
"DCHS1","CTNNA1",0.714
"DCHS1","CTNND1",0.719
"GARRE1","NCKAP1",0.702
"IDH3A","ACO1",0.98
"IDH3A","CS",0.925
"IDH3A","SDHD",0.7
"IDH3A","ATP5F1A",0.855
"IDH3A","MDH2",0.857
"IDH3A","ASL",0.859
"IDH3A","DLST",0.929
"IDH3A","SDHB",0.761
"IDH3A","ATP5PB",0.735
"IDH3A","PDHB",0.856
"IDH3A","ATP5F1C",0.814
"IDH3A","FH",0.864
"IDH3A","BCKDHB",0.793
"CRABP1","CACNA1G",0.765
"CHRNA5","CYP2A6",0.822
"ALG8","DPM1",0.729
"CLEC4E","SF3B3",0.947
"CLEC4E","SYK",0.995
"CLEC4E","CARD9",0.877
"TK2","NDUFS2",0.709
"TK2","PNP",0.941
"TK2","DTYMK",0.99
"TK2","TK1",0.961
"TMED3","COPA",0.725
"TMED3","COPB2",0.745
"TMED3","TMED10",0.98
"GALR1","GNB1",0.909
"MC4R","GNB1",0.759
"MC4R","PYY",0.805
"HSP90B1","HSP90AB1",0.953
"HSP90B1","VCP",0.734
"HSP90B1","HSPA4",0.99
"HSP90B1","HSP90AA1",0.95
"HSP90B1","EIF2AK3",0.933
"HSP90B1","CAV1",0.841
"HSP90B1","AR",0.935
"HSP90B1","CALR",0.999
"HSP90B1","P4HB",0.983
"HSP90B1","CALML4",0.885
"HSP90B1","TLR4",0.988
"HSP90B1","HSPA5",0.999
"HSP90B1","PDIA3",0.985
"HSP90B1","CALML5",0.885
"NCAPH2","SMC4",0.999
"PPP1R16B","PPP1CC",0.858
"POLR3E","POLR2F",0.994
"POLR3E","POLR2L",0.998
"POLR3E","POLR2B",0.816
"POLR3E","POLR1B",0.856
"POLR3E","POLR1D",0.996
"MMP3","MMP1",0.985
"MMP3","SPP1",0.997
"MMP3","CXCL10",0.702
"MMP3","IL6",0.887
"MMP3","FN1",0.936
"MMP3","CCL5",0.702
"MMP3","PLAU",0.764
"MMP3","IL10",0.837
"MMP3","CXCL8",0.821
"BMERB1","SDHB",0.791
"PPIB","CALR",0.987
"PPIB","P4HB",0.966
"PPIB","FKBP2",0.821
"PPIB","HSPA5",0.955
"PPIB","PDIA3",0.834
"PCLAF","KIF2C",0.766
"PCLAF","PTTG1",0.87
"PCLAF","BRCA1",0.81
"PCLAF","CDKN1A",0.719
"PCLAF","MKI67",0.767
"PCLAF","CDCA3",0.811
"PCLAF","PCNA",0.997
"PCLAF","RFC4",0.752
"PCLAF","TK1",0.82
"PCLAF","RACGAP1",0.751
"PCLAF","MCM10",0.731
"PCLAF","CDCA8",0.839
"PLIN1","PRKACA",0.961
"PLIN1","PRKACG",0.961
"PLIN1","CAV1",0.92
"PEX11A","PEX2",0.816
"PEX11A","DNM1",0.783
"ANPEP","CD7",0.964
"ANPEP","CD9",0.702
"ANPEP","TFRC",0.832
"ANPEP","CD19",0.853
"ANPEP","CD34",0.878
"TERF2IP","XRCC5",0.934
"TERF2IP","BRCA1",0.844
"TERF2IP","MUS81",0.725
"DCTN5","CAPZA2",0.967
"DCTN5","DCTN1",0.999
"PLK1","BRCA1",0.96
"PLK1","PPP2R2A",0.815
"PLK1","NDE1",0.86
"PLK1","H2AX",0.745
"PLK1","EXO1",0.777
"PLK1","CETN2",0.881
"PLK1","KIF2C",0.994
"PLK1","CCNF",0.918
"PLK1","RAB8A",0.806
"PLK1","CDC16",0.792
"PLK1","MUS81",0.817
"PLK1","PTTG1",0.956
"PLK1","MCM7",0.75
"PLK1","CDC5L",0.826
"PLK1","NEK2",0.938
"PLK1","CDC25A",0.975
"PLK1","AKAP9",0.881
"PLK1","CSNK1E",0.858
"PLK1","HSP90AA1",0.957
"PLK1","H3-4",0.819
"PLK1","CUL1",0.739
"PLK1","CDC25C",0.999
"PLK1","BRCA2",0.996
"PLK1","MKI67",0.831
"PLK1","PPP2R1A",0.89
"PLK1","HSP90AB1",0.866
"PLK1","DCTN1",0.915
"PLK1","ZWILCH",0.771
"PLK1","CDCA3",0.904
"PLK1","TUBB",0.869
"PLK1","CDT1",0.795
"PLK1","ERCC6L",0.998
"PLK1","PPP1CC",0.904
"PLK1","KIFC1",0.727
"PLK1","CSNK1D",0.848
"PLK1","RACGAP1",0.961
"PLK1","FOXO3",0.727
"PLK1","CDC14A",0.829
"PLK1","SMC4",0.821
"PLK1","PTEN",0.87
"PLK1","BUB3",0.852
"PLK1","AHCTF1",0.834
"PLK1","NDEL1",0.854
"PLK1","CEP170",0.806
"PLK1","TACC3",0.884
"PLK1","CDCA8",0.974
"PLK1","PRKACA",0.819
"PLK1","KNTC1",0.74
"PLK1","CENPS",0.7
"PLK1","NUDC",0.99
"GPR182","ARRB1",0.84
"CACNG2","CACNB3",0.867
"CACNG2","CATSPERG",0.724
"CACNG2","CACNA1H",0.801
"CACNG2","HSPA2",0.72
"CACNG2","FKBP1A",0.723
"CACNG2","PRKACA",0.727
"CACNG2","CNIH4",0.725
"CACNG2","CACNA2D1",0.912
"CACNG2","CACNA1F",0.779
"CACNG2","CACNB2",0.813
"CACNG2","PRKACG",0.728
"CLPX","SP100",0.725
"CLPX","BCS1L",0.7
"NEMP1","UBE2I",0.795
"NAB2","STAT6",0.934
"STAT6","CCL11",0.895
"STAT6","IL10",0.907
"STAT6","CD8A",0.728
"STAT6","TBK1",0.917
"STAT6","STAT2",0.991
"STAT6","JAK2",0.991
"STAT6","STAT1",0.877
"STAT6","IL13RA1",0.953
"STAT6","IRF9",0.987
"STAT6","STAT5A",0.938
"STAT6","IL13",0.971
"STAT6","CEBPB",0.712
"STAT6","SOCS3",0.872
"STAT6","ARG1",0.732
"STAT6","IL6",0.906
"MRPL16","RPL4",0.781
"MRPL16","MRPS18A",0.993
"MRPL16","RPLP1",0.735
"MRPL16","POLR2B",0.782
"MRPL16","RPL30",0.8
"MRPL16","RPS2",0.891
"MRPL16","RPL24",0.808
"MRPL16","RPL37A",0.832
"MRPL16","UBA52",0.856
"MRPL16","RPS6",0.904
"MRPL16","MRPS31",0.898
"MRPL16","EIF6",0.769
"MRPL16","MED1",0.83
"MRPL16","MRPL12",0.991
"MRPL16","MRPL39",0.978
"MRPL16","MRPL57",0.932
"MRPL16","BCS1L",0.784
"MRPL16","RPL13",0.897
"MRPL16","MRPL2",0.998
"MRPL16","MRPL4",0.999
"MRPL16","MRTO4",0.833
"MRPL16","MRPS11",0.998
"MRPL16","TUFM",0.995
"MRPL16","MRPS12",0.997
"MRPL16","MRPL11",0.998
"MRPL16","RPS21",0.814
"MRPL16","IMP3",0.852
"MRPL16","RPS16",0.778
"MRPL16","RPL5",0.92
"MRPL16","ATP5F1C",0.789
"MRPL16","RPL23",0.992
"MRPL16","RPS19",0.874
"MRPL16","MRPS16",0.998
"MRPL16","RPL15",0.883
"MRPL16","RPS9",0.981
"MRPL16","MRM3",0.823
"MRPL16","ATP5F1A",0.828
"MRPL16","ARL6IP1",0.742
"MRPL16","RPL38",0.774
"MRPL16","RPL13A",0.799
"MRPL16","MRPL20",0.997
"MRPL16","DAP3",0.993
"MRPL16","RPL12",0.729
"MRPL16","RPS14",0.79
"MRPL16","MRPL24",0.993
"MRPL16","PDCD11",0.872
"MRPL16","MRPL40",0.997
"MRPL16","POLR1B",0.718
"MRPL16","MRPL9",0.998
"MRPL16","RPL3",0.844
"MRPL16","MRPL58",0.962
"MRPL16","MRPL19",0.998
"MRPL16","MRPL46",0.998
"MRPL16","MRPL48",0.903
"MRPL16","MRPS14",0.997
"MRPL16","RPL36AL",0.762
"MRPL16","MRPS15",0.999
"MRPL16","TSFM",0.845
"AGFG2","EPS15",0.716
"AGFG2","EPS15L1",0.867
"TSC22D4","NRBP1",0.92
"EEF1AKMT3","TSFM",0.738
"MAP1A","SQSTM1",0.994
"MAP1A","GABARAP",0.787
"MAP1A","BECN1",0.946
"MAP1A","BNIP3",0.935
"MAP1A","ATG5",0.904
"MAP1A","MTOR",0.728
"MAPRE2","RBM15",0.766
"PDIA3","CALR",0.999
"PDIA3","P4HB",0.817
"PDIA3","PRDX4",0.718
"PDIA3","HSP90AB1",0.851
"PDIA3","TXN",0.849
"PDIA3","HSP90AA1",0.762
"PDIA3","HSPA5",0.999
"PDIA3","P4HA2",0.806
"NUDT21","ILF2",0.784
"NUDT21","FIP1L1",0.983
"NUDT21","NCBP2",0.831
"NUDT21","MAGOHB",0.84
"NUDT21","NCBP1",0.709
"NUDT21","SNRPD1",0.71
"NUDT21","SNRNP70",0.864
"NUDT21","DHX15",0.775
"NUDT21","HNRNPA1",0.818
"RUNX1","FOXO3",0.908
"RUNX1","NRAS",0.743
"RUNX1","CD34",0.724
"RUNX1","HDAC2",0.984
"RUNX1","STAT5A",0.829
"RUNX1","PAX5",0.92
"RUNX1","SMARCA4",0.761
"RUNX1","SRC",0.943
"RUNX1","EZH2",0.703
"RUNX1","JUN",0.843
"RUNX1","DNMT1",0.743
"RUNX1","SRSF2",0.858
"RUNX1","HDAC1",0.998
"RUNX1","SMAD3",0.878
"RUNX1","CEBPB",0.972
"RUNX1","SOCS3",0.886
"TPX2","BRCA1",0.922
"TPX2","EXO1",0.807
"TPX2","KIF2C",0.999
"TPX2","PTTG1",0.921
"TPX2","NEK2",0.942
"TPX2","FANCI",0.724
"TPX2","FEN1",0.709
"TPX2","MKI67",0.954
"TPX2","CDT1",0.715
"TPX2","CDCA3",0.881
"TPX2","KIFC1",0.826
"TPX2","TUBA1B",0.919
"TPX2","TK1",0.792
"TPX2","MCM10",0.795
"TPX2","RACGAP1",0.864
"TPX2","SHCBP1",0.701
"TPX2","TACC3",0.786
"TPX2","CDCA8",0.919
"SNRPD1","SRRM1",0.836
"SNRPD1","CDC5L",0.999
"SNRPD1","SSB",0.711
"SNRPD1","POLR2L",0.721
"SNRPD1","HNRNPA1",0.852
"SNRPD1","PRP4K",0.897
"SNRPD1","PPIH",0.978
"SNRPD1","YBX1",0.933
"SNRPD1","LSM3",0.999
"SNRPD1","PRPF31",0.998
"SNRPD1","SF3B3",0.998
"SNRPD1","DHX15",0.991
"SNRPD1","SF3B2",0.999
"SNRPD1","SRRM2",0.993
"SNRPD1","SNRNP70",0.999
"SNRPD1","SF3B1",0.998
"SNRPD1","MAGOHB",0.989
"SNRPD1","DDX23",0.998
"SNRPD1","SNU13",0.994
"SNRPD1","NCBP1",0.993
"SNRPD1","RBMX2",0.99
"SNRPD1","LSM1",0.802
"SNRPD1","USP39",0.982
"SNRPD1","NCBP2",0.987
"SNRPD1","PRPF39",0.937
"COL6A2","COL15A1",0.777
"COL6A2","COL6A1",0.998
"COL6A2","THBS2",0.754
"COL6A2","COL5A1",0.862
"COL6A2","COL5A2",0.856
"COL6A2","ITGA3",0.781
"COL6A2","COL3A1",0.894
"COL6A2","GP6",0.912
"COL6A2","FN1",0.802
"COL6A2","COL4A2",0.813
"PRR15L","COPA",0.72
"PRR15L","COPB2",0.718
"CRK","FYN",0.938
"CRK","HCLS1",0.945
"CRK","CRKL",0.979
"CRK","INSR",0.754
"CRK","EPS15",0.916
"CRK","NTRK1",0.766
"CRK","GRB2",0.98
"CRK","HCK",0.796
"CRK","ITGA3",0.818
"CRK","SYK",0.787
"CRK","PIK3CD",0.737
"CRK","SRC",0.999
"CRK","PTK2",0.997
"CRK","HSP90AA1",0.747
"CRK","ELMO1",0.998
"NOD2","IL10",0.701
"NOD2","MAP3K7",0.877
"NOD2","TLR8",0.828
"NOD2","RIGI",0.891
"NOD2","TLR4",0.899
"NOD2","CHUK",0.78
"NOD2","ATG5",0.967
"NOD2","CARD9",0.995
"NOD2","XIAP",0.806
"NOD2","IRAK1",0.759
"NOD2","OAS2",0.891
"NOD2","BID",0.708
"NOD2","IL6",0.805
"GCN1","RPL13",0.871
"GCN1","RPS21",0.891
"GCN1","RPS27L",0.815
"GCN1","RPL5",0.916
"GCN1","RPS16",0.898
"GCN1","RPL10",0.805
"GCN1","RPL15",0.886
"GCN1","RPS19",0.884
"GCN1","RPL23",0.864
"GCN1","RPL4",0.87
"GCN1","RPL30",0.894
"GCN1","UBA52",0.848
"GCN1","RPS6",0.879
"GCN1","RPS2",0.948
"GCN1","RPL37A",0.873
"GCN1","RPL24",0.862
"GCN1","MED1",0.871
"GCN1","DOCK4",0.759
"GCN1","RPL3",0.838
"GCN1","SMG5",0.782
"GCN1","RPL14",0.879
"GCN1","EEF2",0.775
"GCN1","RPL13A",0.811
"GCN1","RPL38",0.895
"GCN1","RPS9",0.895
"GCN1","ARL6IP1",0.755
"GCN1","IFI35",0.786
"GCN1","RPS14",0.793
"GCN1","RPL27",0.877
"GCN1","RPL22",0.774
"MED1","EIF1AY",0.759
"MED1","QKI",0.994
"MED1","MRPL40",0.742
"MED1","RPL22",0.905
"MED1","RPL27",0.916
"MED1","POLR1B",0.873
"MED1","PDCD11",0.976
"MED1","MED16",0.999
"MED1","MRPL24",0.89
"MED1","EIF5A",0.837
"MED1","GTPBP4",0.734
"MED1","NOC3L",0.762
"MED1","IFI35",0.915
"MED1","FTSJ3",0.771
"MED1","GTF2B",0.956
"MED1","RPS14",0.938
"MED1","SNU13",0.775
"MED1","RPL12",0.835
"MED1","MRPL20",0.98
"MED1","DAP3",0.843
"MED1","EPRS1",0.832
"MED1","BRIX1",0.773
"MED1","RPL38",0.969
"MED1","RPL13A",0.937
"MED1","TAF11",0.808
"MED1","ATP5F1A",0.876
"MED1","ARL6IP1",0.739
"MED1","HMGN4",0.84
"MED1","POLR2G",0.863
"MED1","RPS9",0.966
"MED1","TSFM",0.77
"MED1","EEF2",0.949
"MED1","PRKACG",0.913
"MED1","EIF1AX",0.764
"MED1","PKM",0.713
"MED1","METAP2",0.783
"MED1","HMGN1",0.836
"MED1","MRPS15",0.883
"MED1","RPL36AL",0.853
"MED1","MRPS14",0.891
"MED1","SP1",0.928
"MED1","RPL14",0.98
"MED1","MRPL46",0.876
"MED1","RPL39L",0.924
"MED1","NOC2L",0.769
"MED1","CARM1",0.944
"MED1","PRKACA",0.913
"MED1","MRPL19",0.981
"MED1","MRPL58",0.73
"MED1","MAPK11",0.923
"MED1","RPF1",0.771
"MED1","MRPL9",0.981
"MED1","RPL3",0.923
"MED1","DOCK4",0.922
"MED1","AR",0.811
"MED1","GTF2F2",0.878
"MED1","MRPL12",0.982
"MED1","QARS1",0.748
"MED1","EIF6",0.879
"MED1","MED14",0.999
"MED1","ESR2",0.988
"MED1","UBA52",0.977
"MED1","RPS6",0.98
"MED1","RPL24",0.978
"MED1","RPL37A",0.972
"MED1","RPS2",0.979
"MED1","EBNA1BP2",0.762
"MED1","PKLR",0.713
"MED1","H4C2",0.804
"MED1","RPL30",0.978
"MED1","PA2G4",0.817
"MED1","POLR2B",0.978
"MED1","POLR2L",0.945
"MED1","RPLP1",0.968
"MED1","RPS4X",0.867
"MED1","GTF2E2",0.832
"MED1","RPL4",0.978
"MED1","RPL15",0.975
"MED1","MRPS16",0.981
"MED1","RPS19",0.974
"MED1","RPL23",0.982
"MED1","CEBPB",0.799
"MED1","POLR2F",0.983
"MED1","MAK16",0.768
"MED1","SERBP1",0.761
"MED1","ATP5F1C",0.855
"MED1","RPL10",0.905
"MED1","MED23",0.999
"MED1","RPL5",0.982
"MED1","RPS16",0.978
"MED1","IMP3",0.944
"MED1","RPS21",0.977
"MED1","MRPL11",0.829
"MED1","TUFM",0.982
"MED1","MRPS12",0.947
"MED1","RPS27L",0.929
"MED1","MRPS11",0.89
"MED1","JUN",0.911
"MED1","MRTO4",0.952
"MED1","MED25",0.999
"MED1","MRPL4",0.89
"MED1","TAF7",0.811
"MED1","MRPL2",0.889
"MED1","RPL13",0.977
"MED1","SRC",0.922
"PGAP3","PIGK",0.723
"NFATC3","CALML4",0.723
"NFATC3","GSK3B",0.93
"NFATC3","CALML5",0.732
"ATP5MG","ATP5ME",0.999
"ATP5MG","NDUFB3",0.804
"ATP5MG","COX5A",0.912
"ATP5MG","PPA2",0.708
"ATP5MG","NDUFV2",0.703
"ATP5MG","NDUFA13",0.816
"ATP5MG","ATP5F1C",0.999
"ATP5MG","ATP5PB",0.999
"ATP5MG","SDHB",0.797
"ATP5MG","NDUFA1",0.853
"ATP5MG","COX6C",0.92
"ATP5MG","ATP5PD",0.999
"ATP5MG","NDUFA7",0.853
"ATP5MG","ATP6V0C",0.907
"ATP5MG","ATP5F1A",0.999
"ATP5MG","NDUFA8",0.791
"ATP5MG","UQCR10",0.929
"ATP5MG","UQCRH",0.889
"ATP5MG","ATP5PF",0.999
"ATP5MG","COX7A2",0.91
"ATP5MG","COX7C",0.966
"ATP5MG","NDUFB6",0.83
"ATP5MG","CDCA8",0.863
"CD3D","IL7R",0.846
"CD3D","CD8A",0.997
"CD3D","FYN",0.854
"CD3D","LAT",0.804
"CD3D","CD52",0.716
"CD3D","VCP",0.742
"CD3D","SYK",0.94
"CD3D","PDCD1",0.852
"RRM1","EIF4G1",0.83
"RRM1","PKM",0.928
"RRM1","DCTPP1",0.917
"RRM1","DTYMK",0.975
"RRM1","TK1",0.765
"RRM1","WDHD1",0.761
"RRM1","GLRX",0.976
"RRM1","RPL5",0.78
"RRM1","TXN",0.856
"RRM1","PCNA",0.933
"RRM1","FEN1",0.766
"RRM1","CDT1",0.811
"RRM1","NME1",0.846
"RRM1","RFC3",0.751
"RRM1","PKLR",0.913
"RRM1","MCM7",0.921
"RRM1","ENTPD5",0.918
"RAB8A","SQSTM1",0.95
"RAB8A","DCTN1",0.796
"RAB8A","HTT",0.765
"RAB8A","HSP90AA1",0.76
"RAB8A","ADRB2",0.789
"RAB8A","VAMP2",0.824
"RAB8A","TFRC",0.891
"MVD","DHCR7",0.86
"MVD","FDPS",0.995
"PIEZO1","WDHD1",0.761
"CDT1","ORC1",0.999
"CDT1","NOC3L",0.964
"CDT1","RFC4",0.706
"CDT1","MCM10",0.997
"CDT1","CDCA8",0.834
"CDT1","E2F1",0.833
"CDT1","CCNF",0.78
"CDT1","RFC3",0.73
"CDT1","CDC5L",0.986
"CDT1","MCM7",0.999
"CDT1","CHEK1",0.934
"CDT1","CKS2",0.864
"CDT1","EXO1",0.87
"CDT1","CUL1",0.845
"CDT1","WDHD1",0.874
"CDT1","CDC25A",0.748
"CDT1","PCNA",0.995
"CDT1","FEN1",0.804
"LALBA","CYCS",0.713
"CACNB3","CATSPERG",0.72
"CACNB3","CACNA1F",0.973
"CACNB3","CACNA1H",0.891
"CACNB3","FKBP1A",0.722
"CACNB3","HSPA2",0.728
"CACNB3","CACNA1G",0.825
"CACNB3","CACNB2",0.961
"CACNB3","CACNA2D1",0.995
"KMT2D","AR",0.713
"KMT2D","ARID1A",0.813
"KMT2D","TRRAP",0.713
"KMT2D","H3-4",0.825
"CYP2A6","CYP1A1",0.958
"CYP2A6","CYB5A",0.799
"GPD1","PLPP2",0.85
"GPD1","GNPAT",0.967
"GPD1","TKFC",0.865
"LIN37","RBBP4",0.999
"PRODH2","P4HA2",0.915
"PRODH2","OAT",0.785
"AXL","JAK2",0.915
"AXL","GRB2",0.931
"AXL","SOCS3",0.743
"AXL","HSP90AA1",0.786
"AXL","SRC",0.983
"PSCA","LY6E",0.897
"CHAF1A","CBX3",0.892
"CHAF1A","RBBP4",0.999
"CHAF1A","PCNA",0.898
"CHAF1A","H3-4",0.729
"UBXN6","ASPSCR1",0.996
"UBXN6","VCP",0.999
"TSR1","BRIX1",0.881
"TSR1","RPS9",0.985
"TSR1","NOC3L",0.9
"TSR1","GTPBP4",0.923
"TSR1","RCL1",0.981
"TSR1","FTSJ3",0.957
"TSR1","RPS14",0.993
"TSR1","CSNK1D",0.912
"TSR1","POLR1B",0.991
"TSR1","PDCD11",0.968
"TSR1","GNL3L",0.895
"TSR1","RPF1",0.75
"TSR1","NOL10",0.95
"TSR1","NOC2L",0.928
"TSR1","GNL3",0.895
"TSR1","BUD23",0.984
"TSR1","WDR3",0.939
"TSR1","RRP1B",0.784
"TSR1","FCF1",0.739
"TSR1","POLR1E",0.759
"TSR1","POLR2B",0.808
"TSR1","PA2G4",0.713
"TSR1","RPS4X",0.955
"TSR1","EBNA1BP2",0.759
"TSR1","GNL2",0.968
"TSR1","MCM7",0.704
"TSR1","RPS6",0.99
"TSR1","RPS2",0.992
"TSR1","HEATR1",0.922
"TSR1","MRTO4",0.936
"TSR1","UTP14A",0.966
"TSR1","NOC4L",0.933
"TSR1","RRS1",0.934
"TSR1","RPS21",0.92
"TSR1","RPS27L",0.747
"TSR1","MAK16",0.87
"TSR1","NGDN",0.741
"TSR1","CSNK1E",0.89
"TSR1","RPS16",0.929
"TSR1","DDX47",0.852
"TSR1","DHX15",0.911
"TSR1","RPS19",0.959
"PELP1","KDM1A",0.702
"PELP1","RUVBL1",0.925
"PELP1","PRPF31",0.907
"PELP1","TAF7",0.9
"PELP1","SRC",0.831
"NDUFA7","UQCRFS1",0.929
"NDUFA7","NDUFA3",0.999
"NDUFA7","NDUFA1",0.999
"NDUFA7","CYC1",0.936
"NDUFA7","COX6C",0.903
"NDUFA7","ATP5PD",0.913
"NDUFA7","COX7C",0.979
"NDUFA7","NDUFB6",0.999
"NDUFA7","NDUFAF4",0.859
"NDUFA7","NDUFA8",0.999
"NDUFA7","UQCR10",0.992
"NDUFA7","NDUFS2",0.999
"NDUFA7","ATP5PF",0.913
"NDUFA7","UQCRH",0.971
"NDUFA7","NDUFA13",0.999
"NDUFA7","ATP5ME",0.758
"NDUFA7","NDUFB3",0.999
"NDUFA7","COX5A",0.959
"NDUFA7","NDUFV2",0.999
"NDUFA7","NDUFA4L2",0.804
"NDUFA7","NDUFB2",0.999
"SOAT2","DHCR7",0.938
"PRDX2","TXN",0.981
"PRDX2","CDK5",0.836
"MRPL58","MRPS18A",0.926
"MRPL58","RPL4",0.832
"MRPL58","RPS2",0.849
"MRPL58","MRPL39",0.984
"MRPL58","MRPS31",0.904
"MRPL58","MRPL12",0.999
"MRPL58","MRPL4",0.994
"MRPL58","MRPL2",0.988
"MRPL58","MRPS11",0.979
"MRPL58","MRPL57",0.914
"MRPL58","KARS1",0.947
"MRPL58","IMP3",0.703
"MRPL58","TUFM",0.972
"MRPL58","MRPS12",0.986
"MRPL58","MRPL11",0.97
"MRPL58","RPL5",0.863
"MRPL58","RPS16",0.79
"MRPL58","RPL23",0.887
"MRPL58","MRPS16",0.996
"MRPL58","RPL13A",0.76
"MRPL58","MRPL20",0.994
"MRPL58","DAP3",0.958
"MRPL58","MRM3",0.918
"MRPL58","RPS14",0.819
"MRPL58","MRPL24",0.981
"MRPL58","MRPL40",0.956
"MRPL58","MRPL19",0.998
"MRPL58","MRPL9",0.994
"MRPL58","RPL3",0.771
"MRPL58","MRPS14",0.981
"MRPL58","MRPS15",0.981
"MRPL58","MRPL48",0.938
"MRPL58","MRPL46",0.944
"MRPL58","TSFM",0.849
"ATP5PD","NDUFA4L2",0.711
"ATP5PD","SDHB",0.925
"ATP5PD","ATP5PB",0.999
"ATP5PD","ATP5F1C",0.999
"ATP5PD","NDUFA13",0.918
"ATP5PD","ATP5IF1",0.98
"ATP5PD","ATP5ME",0.999
"ATP5PD","NDUFB3",0.931
"ATP5PD","COX5A",0.994
"ATP5PD","PPA2",0.817
"ATP5PD","KDM5D",0.756
"ATP5PD","NDUFV2",0.9
"ATP5PD","NDUFB6",0.93
"ATP5PD","CDCA8",0.979
"ATP5PD","SDHD",0.818
"ATP5PD","COX7A2",0.929
"ATP5PD","COX7C",0.962
"ATP5PD","JARID2",0.756
"ATP5PD","ATP5PF",0.999
"ATP5PD","UQCRH",0.911
"ATP5PD","NDUFA8",0.97
"ATP5PD","UQCR10",0.957
"ATP5PD","NDUFS2",0.785
"ATP5PD","ATP6V0C",0.89
"ATP5PD","ATP5F1A",0.999
"ATP5PD","UQCRFS1",0.892
"ATP5PD","COX6C",0.975
"ATP5PD","MDH2",0.724
"ATP5PD","NDUFA1",0.725
"ATP5PD","CYC1",0.77
"BIRC5","ATG5",0.718
"BIRC5","EXO1",0.823
"BIRC5","XIAP",0.96
"BIRC5","KIF2C",0.972
"BIRC5","CKAP2",0.721
"BIRC5","BECN1",0.746
"BIRC5","CASP3",0.916
"BIRC5","PTTG1",0.926
"BIRC5","CHEK1",0.815
"BIRC5","CKS2",0.774
"BIRC5","NEK2",0.94
"BIRC5","H3-4",0.763
"BIRC5","CDC25C",0.787
"BIRC5","MKI67",0.939
"BIRC5","CDCA3",0.96
"BIRC5","KIFC1",0.779
"BIRC5","RFC4",0.723
"BIRC5","TK1",0.92
"BIRC5","RACGAP1",0.827
"BIRC5","SMC4",0.732
"BIRC5","SHCBP1",0.853
"BIRC5","TACC3",0.725
"BIRC5","CDCA8",0.999
"CYP7A1","AKR1C3",0.912
"CYP7A1","CYP1A1",0.968
"CYP7A1","DHCR7",0.942
"ECI1","HADHB",0.879
"ECI1","ACAA1",0.825
"SRRM2","SF1",0.942
"SRRM2","RBMX2",0.997
"SRRM2","SNU13",0.901
"SRRM2","MAGOHB",0.987
"SRRM2","SF3B1",0.996
"SRRM2","SRSF4",0.94
"SRRM2","DHX9",0.914
"SRRM2","RBM5",0.869
"SRRM2","PRP4K",0.909
"SRRM2","RBM7",0.838
"SRRM2","ILF3",0.712
"SRRM2","SRRM1",0.999
"SRRM2","CDC5L",0.999
"SRRM2","SF3B2",0.994
"SRRM2","SF3B3",0.994
"SRRM2","LSM3",0.911
"SRRM2","PRPF31",0.919
"DDB1","STAT2",0.779
"DDB1","USP7",0.739
"DDB1","CS",0.783
"DDB1","RUVBL1",0.703
"DDB1","HMGN1",0.729
"DDB1","UBA3",0.707
"DDB1","POLR2G",0.912
"DDB1","POLE",0.789
"DDB1","UQCRFS1",0.796
"DDB1","MTOR",0.995
"DDB1","GSPT1",0.92
"DDB1","MCM10",0.719
"DDB1","SF3B3",0.881
"DDB1","XPA",0.915
"DDB1","XRCC5",0.814
"DDB1","CDC73",0.826
"DDB1","CUL1",0.968
"DDB1","SMC5",0.727
"DDB1","POLR2F",0.905
"DDB1","RAD23B",0.937
"DDB1","HDAC1",0.888
"DDB1","POLR2L",0.907
"DDB1","RFC3",0.734
"DDB1","POLR2B",0.932
"DDB1","ERCC6",0.988
"DDB1","MUS81",0.715
"DDB1","SUPT6H",0.824
"DDB1","H4C2",0.821
"DDB1","H2AC8",0.945
"DDB1","CHEK1",0.902
"DDB1","RBBP7",0.952
"DDB1","RBBP4",0.858
"DDB1","COPS5",0.963
"DDB1","CTR9",0.838
"DDB1","CDKN1A",0.837
"DDB1","EXO1",0.773
"DDB1","CETN2",0.905
"POLR2G","MED25",0.826
"POLR2G","TAF7",0.906
"POLR2G","PPP2R1A",0.812
"POLR2G","CDC73",0.951
"POLR2G","POLR2F",0.999
"POLR2G","MED23",0.833
"POLR2G","INTS6",0.998
"POLR2G","INTS3",0.994
"POLR2G","ERCC6",0.967
"POLR2G","POLR2B",0.999
"POLR2G","POLR2L",0.999
"POLR2G","GTF2E2",0.974
"POLR2G","TCEA2",0.885
"POLR2G","H2AC8",0.924
"POLR2G","H4C2",0.876
"POLR2G","SUPT6H",0.986
"POLR2G","MED14",0.995
"POLR2G","CTR9",0.938
"POLR2G","GTF2F2",0.998
"POLR2G","H2AC13",0.854
"POLR2G","NELFB",0.91
"POLR2G","TAF11",0.915
"POLR2G","GTF2B",0.997
"POLR2G","H2AC17",0.854
"POLR2G","POLR1B",0.874
"POLR2G","MED16",0.85
"ENTPD3","PKM",0.902
"ENTPD3","GCH1",0.8
"ENTPD3","IMPDH2",0.9
"ENTPD3","CMPK1",0.741
"ENTPD3","DTYMK",0.914
"ENTPD3","ENTPD5",0.948
"ENTPD3","PKLR",0.9
"FADD","BID",0.904
"FADD","CASP8",0.999
"FADD","CYCS",0.783
"FADD","SQSTM1",0.746
"FADD","ATG5",0.994
"FADD","CHUK",0.824
"FADD","NLRP3",0.812
"FADD","XIAP",0.738
"FADD","CASP3",0.951
"FADD","FASLG",0.999
"FADD","RIGI",0.834
"FADD","TLR4",0.861
"FADD","CFLAR",0.999
"FADD","MAP3K5",0.722
"PNOC","GNB1",0.941
"C3AR1","CXCL8",0.796
"LGALS4","GTF2B",0.873
"LGALS4","PGR",0.701
"MGMT","PTEN",0.711
"MGMT","CDKN1A",0.719
"MGMT","EXO1",0.709
"PRL","STAT5A",0.905
"PRL","JAK2",0.951
"PRL","SPP1",0.858
"PRL","PGR",0.742
"PRL","IRS1",0.789
"PRL","SEC61G",0.8
"LSM3","RBMX2",0.947
"LSM3","NCBP1",0.824
"LSM3","SF3B1",0.992
"LSM3","MAGOHB",0.953
"LSM3","DDX23",0.983
"LSM3","SNU13",0.998
"LSM3","NCBP2",0.874
"LSM3","LSM1",0.999
"LSM3","USP39",0.979
"LSM3","PRP4K",0.828
"LSM3","CDC5L",0.825
"LSM3","SRRM1",0.807
"LSM3","SNRNP70",0.89
"LSM3","SF3B2",0.995
"LSM3","PRPF31",0.998
"LSM3","SF3B3",0.992
"LSM3","PPIH",0.975
"ATP6V1G2","ATP6V1G1",0.961
"ATP6V1G2","ATP6V0C",0.99
"CCL11","CXCL10",0.999
"CCL11","IFNA2",0.758
"CCL11","CXCL9",0.999
"CCL11","IL6",0.814
"CCL11","CXCL11",0.998
"CCL11","IL13",0.944
"CCL11","CXCR3",0.989
"CCL11","CCL8",0.997
"CCL11","CCL5",0.995
"CCL11","CXCL8",0.929
"CCL11","IL10",0.843
"RNASE3","RNASE2",0.998
"LDHAL6B","PDHB",0.946
"LDHAL6B","BCKDHB",0.926
"LDHAL6B","PKLR",0.986
"LDHAL6B","FH",0.726
"LDHAL6B","PKM",0.982
"LDHAL6B","CS",0.94
"HSPB2","EIF4G1",0.906
"HSPB2","HSPA5",0.748
"HSPB2","MAPK11",0.963
"HSPB2","UBE2I",0.755
"HSPB2","AR",0.738
"HSPB2","CASP3",0.818
"HSPB2","HSPB3",0.959
"HSPB2","HSP90AA1",0.924
"HSPB2","HSP90AB1",0.931
"HSPB2","CYCS",0.989
"HSPB2","HSPA4",0.988
"POLR1D","GNL3",0.71
"POLR1D","ZNF593",0.819
"POLR1D","BRIX1",0.84
"POLR1D","UTP11",0.781
"POLR1D","POLR1B",0.999
"POLR1D","MRTO4",0.928
"POLR1D","RRS1",0.831
"POLR1D","IMP3",0.919
"POLR1D","POLR2F",0.999
"POLR1D","POLR2L",0.999
"POLR1D","POLR2B",0.918
"POLR1D","POLR1E",0.999
"POLR1D","TMA16",0.773
"POLR1D","TCEA2",0.812
"POLR1D","EBNA1BP2",0.703
"CSDC2","PPP2R1A",0.721
"MAP2K1","PTEN",0.792
"MAP2K1","MAP3K7",0.928
"MAP2K1","NRAS",0.983
"MAP2K1","PPP2R1B",0.9
"MAP2K1","MAPK11",0.951
"MAP2K1","PRKACA",0.929
"MAP2K1","PRKACG",0.929
"MAP2K1","YWHAZ",0.84
"MAP2K1","YWHAQ",0.788
"MAP2K1","GRB2",0.814
"MAP2K1","JAK2",0.757
"MAP2K1","RAP1A",0.719
"MAP2K1","IL6",0.821
"MAP2K1","SRC",0.794
"MAP2K1","PPP2R1A",0.95
"MAP2K1","GSK3B",0.939
"MAP2K1","HSP90AB1",0.761
"MAP2K1","JUN",0.808
"MAP2K1","FN1",0.727
"MAP2K1","HSP90AA1",0.798
"MAP2K1","ARRB1",0.875
"BUB1","MKI67",0.963
"BUB1","ANAPC2",0.817
"BUB1","ZWILCH",0.879
"BUB1","CDCA3",0.87
"BUB1","WDHD1",0.702
"BUB1","NEK2",0.932
"BUB1","H3-4",0.735
"BUB1","CDC25C",0.921
"BUB1","ARHGAP11A",0.766
"BUB1","CKAP2",0.879
"BUB1","KIF2C",0.994
"BUB1","MCM7",0.796
"BUB1","KIF20B",0.741
"BUB1","CDC16",0.886
"BUB1","PTTG1",0.955
"BUB1","CHEK1",0.946
"BUB1","CKS2",0.805
"BUB1","BRCA1",0.733
"BUB1","EXO1",0.929
"BUB1","RAD54L",0.728
"BUB1","SHCBP1",0.737
"BUB1","TACC3",0.811
"BUB1","CDCA8",0.971
"BUB1","NUDC",0.871
"BUB1","KNTC1",0.826
"BUB1","BUB3",0.999
"BUB1","SMC4",0.788
"BUB1","KIFC1",0.916
"BUB1","RFC4",0.842
"BUB1","ERCC6L",0.712
"BUB1","TK1",0.707
"BUB1","RACGAP1",0.843
"HSPBAP1","HSPB3",0.856
"CLEC7A","CD8A",0.742
"CLEC7A","CD37",0.934
"CLEC7A","TLR4",0.978
"CLEC7A","CARD9",0.973
"CLEC7A","LSP1",0.916
"CLEC7A","SYK",0.999
"CLEC7A","SRC",0.882
"CLEC7A","CBLB",0.9
"CLEC7A","CASP8",0.787
"AGXT","FH",0.839
"AGXT","OAT",0.737
"AGXT","CBS",0.94
"UBTF","POLR1B",0.863
"UBTF","IRS1",0.855
"UBTF","POLR1E",0.971
"UBTF","HDAC1",0.713
"NRTN","RET",0.999
"NRTN","NTRK1",0.859
"PAIP1","EIF4A2",0.995
"PAIP1","EIF4G1",0.911
"PAIP1","SYNCRIP",0.987
"PAIP1","NCBP1",0.754
"TRMT61B","TRMT11",0.754
"TRMT61B","MRM3",0.735
"TRMT61B","FTSJ3",0.781
"MTNR1A","GNB1",0.98
"MTNR1A","FAT1",0.871
"MAEA","MKLN1",0.912
"PTGER4","SRC",0.84
"PTGER4","ARRB1",0.873
"PTGER4","PRKACA",0.787
"PTGER4","PRKACG",0.787
"PTGER4","GNB1",0.855
"PA2G4","RPS21",0.906
"PA2G4","IMP3",0.738
"PA2G4","RRS1",0.874
"PA2G4","HSPA4",0.763
"PA2G4","RPL13",0.993
"PA2G4","MRPL4",0.713
"PA2G4","MRPL2",0.75
"PA2G4","MRTO4",0.988
"PA2G4","RPS19",0.913
"PA2G4","RPL23",0.996
"PA2G4","DHX15",0.705
"PA2G4","RPL15",0.995
"PA2G4","RPL5",0.999
"PA2G4","RPS16",0.973
"PA2G4","RPL10",0.93
"PA2G4","MAK16",0.754
"PA2G4","SERBP1",0.929
"PA2G4","RPL30",0.995
"PA2G4","GNL2",0.993
"PA2G4","EBNA1BP2",0.795
"PA2G4","RPS4X",0.925
"PA2G4","RPL4",0.999
"PA2G4","HEATR1",0.789
"PA2G4","EIF6",0.994
"PA2G4","ETF1",0.936
"PA2G4","RPS2",0.972
"PA2G4","RPL24",0.994
"PA2G4","RPL37A",0.991
"PA2G4","UBA52",0.963
"PA2G4","RPS6",0.909
"PA2G4","EXOSC10",0.703
"PA2G4","GNL3",0.963
"PA2G4","NOC2L",0.788
"PA2G4","DOCK4",0.807
"PA2G4","RPL3",0.995
"PA2G4","GNL3L",0.961
"PA2G4","TSFM",0.702
"PA2G4","EEF2",0.957
"PA2G4","RPL39L",0.802
"PA2G4","EIF3I",0.822
"PA2G4","RPL14",0.993
"PA2G4","RPL36AL",0.908
"PA2G4","ZNF593",0.965
"PA2G4","RPL12",0.972
"PA2G4","RPS14",0.947
"PA2G4","FTSJ3",0.893
"PA2G4","GTPBP4",0.996
"PA2G4","RPS9",0.967
"PA2G4","EPRS1",0.76
"PA2G4","RPL38",0.995
"PA2G4","BRIX1",0.929
"PA2G4","RPL13A",0.992
"PA2G4","RPL22",0.976
"PA2G4","RPL27",0.996
"PA2G4","POLR1B",0.803
"PA2G4","EIF5A",0.737
"PA2G4","MRPL24",0.741
"AURKC","CDCA8",0.963
"AURKC","H3-4",0.834
"IL16","CCL5",0.756
"IL16","CASP3",0.801
"IL16","CXCL9",0.714
"HSPA4","TLR4",0.996
"HSPA4","HDAC2",0.741
"HSPA4","MAGEA1",0.891
"HSPA4","DCT",0.759
"HSPA4","DNAJB4",0.982
"HSPA4","CALML5",0.719
"HSPA4","DNAJB14",0.779
"HSPA4","CD40",0.991
"HSPA4","HSPA5",0.915
"HSPA4","EIF4G1",0.904
"HSPA4","HSPA6",0.925
"HSPA4","MTOR",0.748
"HSPA4","HSPA2",0.804
"HSPA4","CCT4",0.849
"HSPA4","PPID",0.977
"HSPA4","SRC",0.858
"HSPA4","GSK3B",0.74
"HSPA4","VCP",0.867
"HSPA4","CYCS",0.866
"HSPA4","JUN",0.765
"HSPA4","HSP90AB1",0.999
"HSPA4","IL6",0.79
"HSPA4","HTT",0.958
"HSPA4","HDAC1",0.921
"HSPA4","HSP90AA1",0.999
"HSPA4","H3-4",0.704
"HSPA4","FN1",0.718
"HSPA4","CASP8",0.711
"HSPA4","DNAJA2",0.902
"HSPA4","PGR",0.972
"HSPA4","RPL4",0.728
"HSPA4","PSMC2",0.7
"HSPA4","HSPB3",0.988
"HSPA4","BECN1",0.885
"HSPA4","CD9",0.947
"HSPA4","SP100",0.987
"HSPA4","CASP3",0.906
"HSPA4","P4HB",0.848
"HSPA4","CALML4",0.719
"HSPA4","DNAJA1",0.992
"HSPA4","CHUK",0.715
"HSPA4","CALR",0.955
"HSPA4","AR",0.925
"HDAC3","CREB3",0.844
"HDAC3","MORF4L1",0.937
"HDAC3","H2AX",0.735
"HDAC3","AR",0.73
"HDAC3","RBBP4",0.982
"HDAC3","RBBP7",0.918
"HDAC3","JUN",0.754
"HDAC3","EZH2",0.989
"HDAC3","HDAC1",0.925
"HDAC3","H3-4",0.787
"HDAC3","TBL1XR1",0.999
"HDAC3","KDM1A",0.9
"HDAC3","FOXO3",0.833
"HDAC3","HDAC2",0.906
"HDAC3","RBM15",0.778
"ZRSR2","SF3B1",0.989
"ZRSR2","SF1",0.733
"ZRSR2","YBX1",0.9
"ZRSR2","SRSF2",0.943
"ZRSR2","SF3B3",0.957
"ZRSR2","SF3B2",0.969
"ZRSR2","DHX15",0.745
"TMED10","PSEN1",0.98
"TMED10","TMCO1",0.717
"TMED10","COPB2",0.932
"TMED10","COPA",0.91
"TMED10","SAR1B",0.709
"TMED10","SEC13",0.802
"MAT2A","CBS",0.713
"MAT2A","DNMT1",0.936
"RGL1","NRAS",0.956
"ACHE","MAOB",0.91
"ACHE","BACE1",0.831
"ACHE","PSEN1",0.751
"MTCH2","BID",0.787
"IL12A","IFNGR1",0.709
"IL12A","P4HB",0.751
"IL12A","STAT1",0.75
"JUNB","SMAD4",0.74
"JUNB","JUN",0.999
"JUNB","ATF3",0.964
"JUNB","SMAD3",0.852
"JUNB","RPS6",0.762
"JUNB","MAPK11",0.72
"JUNB","CREB5",0.849
"JUNB","IER2",0.75
"TACR3","KISS1",0.958
"H2AC8","SOX2",0.811
"H2AC8","H2AC17",0.978
"H2AC8","H1-0",0.907
"H2AC8","RUVBL1",0.931
"H2AC8","BRCA1",0.925
"H2AC8","UBA52",0.963
"H2AC8","CTR9",0.846
"H2AC8","H2AC13",0.969
"H2AC8","POLR2L",0.924
"H2AC8","POLR2B",0.925
"H2AC8","H4C2",0.992
"H2AC8","SUPT6H",0.863
"H2AC8","POLR2F",0.924
"H2AC8","H3-4",0.988
"H2AC8","HDAC1",0.786
"H2AC8","EZH2",0.956
"H2AC8","CDC73",0.847
"HSPB3","CASP3",0.816
"HSPB3","CYCS",0.989
"HSPB3","HSP90AB1",0.921
"HSPB3","HSP90AA1",0.914
"HSPB3","HSPA5",0.743
"HSPB3","EIF4G1",0.906
"FNTA","CASP3",0.762
"FNTA","FDPS",0.954
"PTGDR","EZH2",0.817
"PDS5A","SMC4",0.737
"PDS5A","RFC3",0.727
"PDS5A","WDHD1",0.729
"PDS5A","SMC5",0.82
"ZCCHC4","RBM15",0.825
"BCR","CRKL",0.975
"BCR","GRB2",0.994
"BCR","STAT5A",0.924
"PEX6","PEX2",0.98
"PEX6","UBE2D2",0.741
"DUS1L","TRMT11",0.821
"DUS1L","NOC4L",0.708
"TACR1","ARRB1",0.957
"TACR1","GNB1",0.907
"SCN1A","SCN5A",0.739
"SCN1A","PRKACA",0.919
"SCN1A","KCNQ2",0.934
"SCN1A","PRKACG",0.919
"SCN1A","CACNA1H",0.715
"SCN1A","CACNA1G",0.726
"ANKMY2","AGO3",0.885
"N6AMT1","TRMT11",0.814
"N6AMT1","BUD23",0.781
"N6AMT1","CPOX",0.85
"N6AMT1","H4C2",0.9
"N6AMT1","ETF1",0.838
"LRP8","YWHAQ",0.806
"LRP8","CLU",0.899
"NTSR2","DHX15",0.995
"CDC25A","E2F1",0.907
"CDC25A","CDK5",0.868
"CDC25A","ORC1",0.735
"CDC25A","MCM10",0.85
"CDC25A","CUL1",0.906
"CDC25A","CDC25C",0.961
"CDC25A","YWHAQ",0.737
"CDC25A","CHEK1",0.999
"CDC25A","YWHAZ",0.766
"CDC25A","CDKN1A",0.847
"CDC25A","BRCA1",0.929
"CDC25A","H2AX",0.766
"CDC25A","EXO1",0.705
"UBE2E1","UBA3",0.729
"UBE2E1","USP7",0.702
"UBE2E1","UBA52",0.796
"UBE2E1","BRCA1",0.782
"UBE2E1","CDC16",0.851
"UBE2E1","UBA7",0.87
"UBE2E1","ANAPC2",0.824
"PPID","HSP90AA1",0.999
"PPID","HSP90AB1",0.999
"PPID","BNIP3",0.952
"INSR","IRS1",0.999
"INSR","CRKL",0.745
"INSR","JAK2",0.797
"INSR","SH2B2",0.995
"INSR","PIK3CD",0.927
"INSR","GRB2",0.985
"INSR","CBLB",0.919
"INSR","SOCS3",0.982
"INSR","SRC",0.705
"INSR","SQSTM1",0.739
"TWF2","EPS8",0.921
"TWF2","CAPZA2",0.81
"MZB1","JCHAIN",0.93
"MZB1","HSPA5",0.761
"GP9","GP6",0.86
"CTRB2","SERPINA3",0.971
"TMEM43","RYR2",0.843
"RNF139","COPS5",0.709
"RNF139","VCP",0.854
"COPS6","LAT",0.72
"COPS6","CUL1",0.941
"COPS6","GRB2",0.904
"COPS6","PSMC5",0.875
"COPS6","COPS5",0.999
"COPS6","UBA52",0.702
"HINT1","RPL27",0.802
"HINT1","COX7A2",0.797
"HINT1","COX7C",0.867
"CDK5R2","CDK5",0.993
"RAC3","ELMO1",0.991
"RAC3","MAP2K6",0.901
"RAC3","CD2AP",0.907
"RAC3","SRC",0.923
"RAC3","PIK3CD",0.933
"RAC3","NCKAP1",0.927
"RAC3","GNB1",0.71
"RAC3","CTNND1",0.907
"RAC3","DOCK10",0.953
"RAC3","PRKCZ",0.922
"RAC3","PIP5K1A",0.921
"RAC3","FYN",0.92
"POP7","AGO3",0.72
"POP7","DHX9",0.742
"POP7","SNU13",0.732
"C1GALT1C1","C1GALT1",0.978
"COL3A1","POSTN",0.976
"COL3A1","COL6A1",0.926
"COL3A1","TGFBR2",0.75
"COL3A1","THBS2",0.804
"COL3A1","COL5A1",0.983
"COL3A1","COL5A2",0.998
"COL3A1","COL15A1",0.791
"COL3A1","COL4A2",0.817
"COL3A1","FN1",0.928
"COL3A1","GP6",0.936
"FASN","CS",0.911
"FASN","DHCR7",0.757
"FASN","ACSL4",0.969
"ZNHIT1","RUVBL1",0.998
"RETREG1","GABARAP",0.998
"RETREG1","GNL2",0.724
"RETREG1","EIF6",0.759
"CTNNA1","CTNND1",0.998
"CTNNA1","YWHAZ",0.914
"CTNNA1","YWHAQ",0.911
"P2RY1","RRP1B",0.701
"P2RY1","RPF1",0.827
"P2RY1","NOC2L",0.781
"P2RY1","BRIX1",0.73
"P2RY1","PLCB1",0.708
"P2RY1","GTPBP4",0.756
"P2RY1","MAK16",0.746
"P2RY1","MRTO4",0.701
"P2RY1","GP6",0.774
"P2RY1","RRP15",0.846
"P2RY1","EBNA1BP2",0.791
"DTYMK","TK1",0.971
"DTYMK","CMPK1",0.946
"DTYMK","NME1",0.958
"IRS1","NTRK1",0.971
"IRS1","PRKCZ",0.955
"IRS1","FYN",0.923
"IRS1","PTEN",0.792
"IRS1","MTOR",0.992
"IRS1","JUN",0.701
"IRS1","SRC",0.977
"IRS1","GSK3B",0.799
"IRS1","IL6",0.704
"IRS1","FN1",0.777
"IRS1","SOCS3",0.985
"IRS1","PDPK1",0.707
"IRS1","CAV1",0.722
"IRS1","GRB2",0.999
"IRS1","BECN1",0.921
"IRS1","YWHAZ",0.93
"IRS1","JAK2",0.996
"IRS1","SH2B2",0.863
"IRS1","CHUK",0.953
"IRS1","PIK3CD",0.943
"CD2BP2","PRPF31",0.778
"CD2BP2","PPP1CA",0.851
"CD2BP2","USP39",0.803
"CD2BP2","DDX23",0.996
"IL13","IFNGR1",0.848
"IL13","IL13RA1",0.999
"IL13","JAK2",0.845
"IL13","STAT1",0.875
"IL13","IL10",0.952
"IL13","CXCL8",0.94
"IL13","CCL5",0.834
"IL13","CD8A",0.854
"IL13","FN1",0.735
"IL13","CHIT1",0.733
"IL13","POSTN",0.788
"IL13","IL7R",0.872
"IL13","CXCL9",0.722
"IL13","IL6",0.957
"IL13","ARG1",0.807
"IL13","TLR4",0.806
"IL13","CXCL10",0.871
"ROBO4","ROBO1",0.733
"BFSP2","BFSP1",0.999
"SOCS5","STAT1",0.919
"SOCS5","JAK2",0.952
"SOCS5","STAT5A",0.795
"SOCS5","SOCS3",0.844
"UGT2B4","AKR1C3",0.919
"UGT2B4","CYP1A1",0.956
"SRP9","SEC61G",0.85
"SRP9","RPL27",0.899
"SRP9","RPL22",0.907
"SRP9","RPS9",0.868
"SRP9","RPL13A",0.903
"SRP9","RPL38",0.889
"SRP9","RPS14",0.836
"SRP9","RPL12",0.86
"SRP9","RPL14",0.902
"SRP9","RPL36AL",0.864
"SRP9","RPL3",0.906
"SRP9","RPL37A",0.896
"SRP9","RPL24",0.906
"SRP9","RPS2",0.856
"SRP9","UBA52",0.835
"SRP9","RPS6",0.854
"SRP9","SRPRA",0.976
"SRP9","RPS4X",0.858
"SRP9","RPL4",0.902
"SRP9","RPL30",0.894
"SRP9","RPL10",0.889
"SRP9","RPL5",0.907
"SRP9","RPS16",0.896
"SRP9","RPS19",0.856
"SRP9","RPL23",0.904
"SRP9","RPL15",0.938
"SRP9","RPL13",0.898
"SRP9","RPS21",0.895
"STX8","VAMP2",0.88
"STX8","STX11",0.878
"STX8","STX2",0.776
"STX8","VAMP5",0.794
"GNB2","MAPK11",0.748
"GNB2","PRKACA",0.774
"GNB2","PRKACG",0.716
"GNB2","GNB1",0.939
"GNB2","PLCB1",0.805
"GNB2","CACNA1H",0.829
"GNB2","CACNA1G",0.825
"GNB2","ITPR1",0.704
"SOX14","SOX2",0.74
"ADRB2","PRKACG",0.818
"ADRB2","PRKACA",0.82
"ADRB2","GRB2",0.791
"ADRB2","ARRB1",0.999
"ADRB2","SRC",0.955
"S1PR1","GNB1",0.92
"CEBPB","E2F1",0.82
"CEBPB","SP1",0.798
"CEBPB","MAPK11",0.936
"CEBPB","SMARCA2",0.89
"CEBPB","CXCL8",0.842
"CEBPB","KLF5",0.967
"CEBPB","MED23",0.701
"CEBPB","HDAC1",0.991
"CEBPB","SMAD3",0.959
"CEBPB","ATF3",0.98
"CEBPB","IL6",0.896
"CEBPB","JUN",0.927
"CEBPB","SMAD4",0.928
"CEBPB","SMARCA4",0.788
"CEBPB","STAT1",0.762
"CEBPB","STAT5A",0.767
"COG7","TGOLN2",0.809
"CNNM3","CBS",0.836
"FEN1","XRCC5",0.88
"FEN1","XPA",0.839
"FEN1","POLL",0.777
"FEN1","BRCA2",0.794
"FEN1","PCNA",0.999
"FEN1","WDHD1",0.889
"FEN1","RAD23B",0.7
"FEN1","MCM7",0.903
"FEN1","CHEK1",0.853
"FEN1","MUS81",0.889
"FEN1","REV3L",0.774
"FEN1","PARP1",0.941
"FEN1","PRKDC",0.735
"FEN1","ERCC6",0.758
"FEN1","CCNF",0.753
"FEN1","RFC3",0.947
"FEN1","HNRNPA1",0.797
"FEN1","EXO1",0.901
"FEN1","BRCA1",0.704
"FEN1","RAD54L",0.737
"FEN1","POLE",0.906
"FEN1","ORC1",0.703
"FEN1","MCM10",0.896
"FEN1","RFC4",0.96
"SIRPG","SYK",0.913
"PCBP1","SYNCRIP",0.714
"PCBP1","PCBP2",0.998
"PCBP1","PKM",0.796
"PCBP1","HSP90AB1",0.735
"PCBP1","SRSF2",0.818
"PCBP1","YBX1",0.85
"PCBP1","SMAD3",0.928
"PCBP1","ILF3",0.756
"PCBP1","HNRNPA1",0.966
"HOMER2","ITPR1",0.857
"CXCL10","CD8A",0.887
"CXCL10","IFIT1",0.91
"CXCL10","RSAD2",0.861
"CXCL10","CCL5",0.999
"CXCL10","CCL8",0.999
"CXCL10","IFI44",0.821
"CXCL10","CXCL8",0.975
"CXCL10","IL10",0.962
"CXCL10","IFNB1",0.914
"CXCL10","TLR4",0.969
"CXCL10","IRF7",0.801
"CXCL10","GBP1",0.887
"CXCL10","IRF3",0.759
"CXCL10","IFIT3",0.829
"CXCL10","RIGI",0.854
"CXCL10","CD40",0.7
"CXCL10","CCRL2",0.881
"CXCL10","CXCR3",0.999
"CXCL10","IFI44L",0.772
"CXCL10","IDO1",0.832
"CXCL10","STAT1",0.949
"CXCL10","MX1",0.834
"CXCL10","OAS1",0.73
"CXCL10","MMP1",0.732
"CXCL10","PDCD1",0.729
"CXCL10","IFNA2",0.838
"CXCL10","CXCL9",0.999
"CXCL10","IL6",0.96
"CXCL10","OAS2",0.753
"CXCL10","MX2",0.812
"CXCL10","CXCL11",0.999
"LETM1","IMMT",0.74
"LETM1","MICU2",0.763
"CAVIN2","CAV1",0.946
"MRPL39","MRPL40",0.982
"MRPL39","MRPL24",0.978
"MRPL39","DAP3",0.903
"MRPL39","MRPL20",0.982
"MRPL39","MRM3",0.953
"MRPL39","MRPS14",0.924
"MRPL39","MRPS15",0.949
"MRPL39","ATP5PF",0.769
"MRPL39","MRPL46",0.985
"MRPL39","MRPL48",0.971
"MRPL39","MRPL19",0.982
"MRPL39","MRPL9",0.983
"MRPL39","MRPS31",0.979
"MRPL39","MRPL12",0.965
"MRPL39","MRPS18A",0.978
"MRPL39","MRPS16",0.914
"MRPL39","MRPS12",0.897
"MRPL39","TUFM",0.938
"MRPL39","MRPL11",0.983
"MRPL39","MRPL2",0.967
"MRPL39","MRPL4",0.984
"MRPL39","MRPS11",0.893
"MRPL39","MRPL57",0.963
"RBFA","MRPS31",0.83
"RBFA","DAP3",0.842
"RBFA","MRPS16",0.843
"RBFA","MRPS15",0.849
"RBFA","MRPS14",0.829
"RBFA","MRPS12",0.815
"RBFA","MRPS11",0.907
"BMP1","FN1",0.894
"BMP1","COL5A1",0.773
"BMP1","POSTN",0.983
"SMAD1","SMAD3",0.954
"SMAD1","SMAD4",0.997
"SF3B3","MAGOHB",0.921
"SF3B3","DDX23",0.923
"SF3B3","SNU13",0.994
"SF3B3","SF3B1",0.999
"SF3B3","RBMX2",0.999
"SF3B3","SF1",0.808
"SF3B3","NCBP1",0.958
"SF3B3","USP39",0.856
"SF3B3","DHX9",0.73
"SF3B3","SUPT3H",0.987
"SF3B3","NCBP2",0.988
"SF3B3","SRRM1",0.851
"SF3B3","CDC5L",0.997
"SF3B3","PRP4K",0.875
"SF3B3","PRPF31",0.997
"SF3B3","PPIH",0.84
"SF3B3","YBX1",0.933
"SF3B3","SNRNP70",0.952
"SF3B3","TRRAP",0.947
"SF3B3","DHX15",0.978
"SF3B3","SF3B2",0.999
"STX18","STX2",0.723
"STX18","STX11",0.748
"NMUR1","GNB1",0.954
"KMT5B","ADNP",0.713
"KMT5B","DNMT1",0.819
"UTF1","SOX2",0.714
"BRD3","TAF7",0.815
"BRD3","E2F1",0.714
"BRD3","PIP4K2C",0.735
"ALCAM","CD9",0.767
"ALCAM","CD34",0.798
"PGK2","PKM",0.84
"PGK2","PKLR",0.838
"ATP5ME","COX7A2",0.876
"ATP5ME","ATP5PB",0.999
"ATP5ME","SDHD",0.757
"ATP5ME","COX7C",0.968
"ATP5ME","NDUFB6",0.798
"ATP5ME","CDCA8",0.914
"ATP5ME","NDUFA8",0.759
"ATP5ME","UQCR10",0.929
"ATP5ME","ATP5PF",0.999
"ATP5ME","UQCRH",0.871
"ATP5ME","ATP5F1C",0.999
"ATP5ME","NDUFA13",0.959
"ATP5ME","ATP6V0C",0.823
"ATP5ME","NDUFA3",0.801
"ATP5ME","ATP5F1A",0.999
"ATP5ME","TOMM7",0.706
"ATP5ME","NDUFA1",0.922
"ATP5ME","NDUFB3",0.908
"ATP5ME","NDUFV2",0.718
"ATP5ME","COX5A",0.935
"ATP5ME","PPA2",0.717
"ATP5ME","COX6C",0.959
"ATP5ME","ATP5IF1",0.838
"ARF4","ARFGAP1",0.725
"ARF4","COPB2",0.807
"MRM3","MRPL19",0.841
"MRM3","MRPL9",0.869
"MRM3","MRPL24",0.974
"MRM3","MRPL20",0.854
"MRM3","RPL23",0.845
"MRM3","MRPL4",0.938
"MRM3","MRPL2",0.854
"MRM3","MRPL57",0.804
"MRM3","MRPL11",0.979
"MRM3","MRPS18A",0.835
"FGB","APOA2",0.849
"FGB","SERPINF2",0.914
"FGB","ITIH2",0.704
"FGB","FN1",0.922
"FGB","F2",0.999
"DDX19A","NLRP3",0.825
"RPAP1","INTS3",0.829
"RPAP1","POLR2B",0.746
"RPAP1","POLR2L",0.733
"RPAP1","RUVBL1",0.854
"PRKCE","PPP1CA",0.911
"PRKCE","PLA2G6",0.902
"PRKCE","YWHAZ",0.969
"PRKCE","COPB2",0.741
"PRKCE","GNB1",0.714
"PRKCE","NRAS",0.948
"PRKCE","PPP1CC",0.914
"GRM5","PLCB1",0.749
"GRM5","ITPR1",0.809
"GRM5","FMR1",0.874
"IL7R","IFNA2",0.74
"IL7R","IL6",0.916
"IL7R","IFNA10",0.701
"IL7R","STAT5A",0.938
"IL7R","CXCR3",0.733
"IL7R","JAK2",0.9
"IL7R","IL18R1",0.712
"IL7R","CCRL2",0.83
"IL7R","FYN",0.724
"IL7R","CD8A",0.946
"IL7R","IFNA8",0.704
"IL7R","IL10",0.919
"IL7R","CD19",0.808
"IL7R","IFNB1",0.77
"ANKRD2","YBX1",0.745
"FOS","PRKACA",0.959
"FOS","HDAC2",0.784
"FOS","MAPK11",0.96
"FOS","MITF",0.92
"FOS","CARM1",0.941
"FOS","CREB5",0.886
"FOS","SP1",0.944
"FOS","PRKACG",0.959
"FOS","PTEN",0.715
"FOS","IL10",0.736
"FOS","CXCL8",0.765
"FOS","IER2",0.796
"FOS","SMAD4",0.822
"FOS","JUN",0.999
"FOS","SRC",0.986
"FOS","IL6",0.891
"FOS","ATF3",0.994
"FOS","SMAD3",0.976
"FOS","FN1",0.782
"FOS","HDAC1",0.823
"FOS","CASP3",0.749
"FOS","ESR2",0.961
"FOS","CDKN1A",0.753
"FOS","STAT1",0.898
"FOS","JAK2",0.715
"FOS","PSMC5",0.707
"FOS","UBE2I",0.706
"ITPR1","CALML4",0.98
"ITPR1","BRCA1",0.822
"ITPR1","CALR",0.834
"ITPR1","BECN1",0.998
"ITPR1","HTT",0.995
"ITPR1","CYCS",0.993
"ITPR1","PSEN1",0.94
"ITPR1","MICU2",0.718
"ITPR1","FKBP1A",0.743
"ITPR1","PLCB1",0.95
"ITPR1","CALML5",0.983
"ITPR1","ANK2",0.986
"ITPR1","PRKACG",0.971
"ITPR1","HSPA5",0.782
"ITPR1","PRKACA",0.974
"RFX2","RPL30",0.778
"TBCA","TUBB",0.723
"RNF187","JUN",0.736
"UQCRFS1","NDUFB3",0.98
"UQCRFS1","NDUFV2",0.999
"UQCRFS1","R3HDM4",0.975
"UQCRFS1","COX5A",0.999
"UQCRFS1","NDUFA13",0.999
"UQCRFS1","APOBEC3C",0.761
"UQCRFS1","ATP5F1C",0.97
"UQCRFS1","NDUFB2",0.88
"UQCRFS1","HTT",0.906
"UQCRFS1","APOBEC3G",0.765
"UQCRFS1","CYCS",0.999
"UQCRFS1","NDUFA4L2",0.784
"UQCRFS1","SDHB",0.998
"UQCRFS1","BCS1L",0.952
"UQCRFS1","ATP5PB",0.969
"UQCRFS1","APOBEC3B",0.762
"UQCRFS1","TUFM",0.753
"UQCRFS1","COX6C",0.978
"UQCRFS1","NDUFA1",0.911
"UQCRFS1","DLST",0.713
"UQCRFS1","CYC1",0.999
"UQCRFS1","NDUFA3",0.927
"UQCRFS1","ATP5F1A",0.95
"UQCRFS1","HTATIP2",0.862
"UQCRFS1","ATP5PF",0.843
"UQCRFS1","UQCRH",0.999
"UQCRFS1","NDUFA8",0.997
"UQCRFS1","UQCR10",0.999
"UQCRFS1","NDUFS2",0.999
"UQCRFS1","COX7A2L",0.928
"UQCRFS1","COX8A",0.779
"UQCRFS1","NDUFB6",0.985
"UQCRFS1","CDCA8",0.751
"UQCRFS1","COX7A2",0.846
"UQCRFS1","SDHD",0.952
"UQCRFS1","COX7C",0.999
"GPR37","CXCL8",0.721
"SPRR1B","IVL",0.967
"SPRR1B","C4BPA",0.705
"SHCBP1","MKI67",0.743
"SHCBP1","NEK2",0.741
"SHCBP1","RACGAP1",0.965
"SHCBP1","MCM10",0.763
"SHCBP1","CDCA8",0.818
"RAB33B","ATG5",0.949
"KCNJ4","KCNQ2",0.951
"CXCL8","GNB1",0.811
"CXCL8","CCRL2",0.762
"CXCL8","S100A12",0.815
"CXCL8","TLR4",0.933
"CXCL8","IL10",0.97
"CXCL8","PLAU",0.765
"CXCL8","ANXA1",0.828
"CXCL8","IFNB1",0.731
"CXCL8","CD8A",0.844
"CXCL8","CCL5",0.98
"CXCL8","CCL8",0.998
"CXCL8","CXCL11",0.946
"CXCL8","FN1",0.846
"CXCL8","JUN",0.987
"CXCL8","SPP1",0.755
"CXCL8","SRC",0.781
"CXCL8","IL6",0.991
"CXCL8","CXCL9",0.959
"CXCL8","MX1",0.727
"CXCL8","JAK2",0.758
"CXCL8","STAT1",0.765
"CXCL8","MMP1",0.762
"CXCL8","IRAK1",0.726
"CXCL8","CXCR3",0.997
"CXCL8","CASP3",0.752
"MRPL13","EEF2",0.829
"MRPL13","TSFM",0.889
"MRPL13","EIF1AX",0.722
"MRPL13","MRPS14",0.998
"MRPL13","RPL36AL",0.834
"MRPL13","MRPS15",0.998
"MRPL13","HMGN1",0.78
"MRPL13","RPL39L",0.78
"MRPL13","MRPL46",0.997
"MRPL13","RPL14",0.756
"MRPL13","MRPL48",0.969
"MRPL13","MRPL19",0.999
"MRPL13","SYNCRIP",0.972
"MRPL13","RPL3",0.873
"MRPL13","MRPL9",0.999
"MRPL13","EIF1AY",0.702
"MRPL13","PDCD11",0.935
"MRPL13","RPL27",0.739
"MRPL13","POLR1B",0.757
"MRPL13","RPL22",0.774
"MRPL13","MRPL40",0.997
"MRPL13","MRPL24",0.999
"MRPL13","EIF5A",0.832
"MRPL13","IFI35",0.732
"MRPL13","RPL12",0.794
"MRPL13","RPS14",0.866
"MRPL13","RPL38",0.942
"MRPL13","EPRS1",0.993
"MRPL13","MRPL20",0.999
"MRPL13","DAP3",0.995
"MRPL13","RPS9",0.987
"MRPL13","HMGN4",0.774
"MRPL13","ARL6IP1",0.739
"MRPL13","RPL15",0.965
"MRPL13","RPL23",0.996
"MRPL13","RPS19",0.97
"MRPL13","MRPS16",0.999
"MRPL13","POLR2F",0.782
"MRPL13","RPS16",0.852
"MRPL13","RPL5",0.975
"MRPL13","RPL10",0.805
"MRPL13","RPS21",0.956
"MRPL13","IMP3",0.892
"MRPL13","TUFM",0.996
"MRPL13","MRPS12",0.997
"MRPL13","RPS27L",0.875
"MRPL13","MRPL11",0.999
"MRPL13","MRPL2",0.998
"MRPL13","MRPL4",0.999
"MRPL13","MRTO4",0.884
"MRPL13","MRPS11",0.998
"MRPL13","MRPL57",0.919
"MRPL13","RPL13",0.983
"MRPL13","EIF6",0.815
"MRPL13","QARS1",0.862
"MRPL13","MRPS31",0.893
"MRPL13","MRPL12",0.998
"MRPL13","UBA52",0.947
"MRPL13","RPS6",0.968
"MRPL13","RPS2",0.898
"MRPL13","RPL37A",0.956
"MRPL13","RPL24",0.961
"MRPL13","RPL30",0.953
"MRPL13","POLR2B",0.752
"MRPL13","RPL4",0.88
"MRPL13","RPS4X",0.826
"MRPL13","MRPS18A",0.993
"MRPL13","RPLP1",0.943
"OGG1","PARP1",0.809
"OGG1","ERCC6",0.714
"OGG1","XPA",0.87
"OGG1","POLL",0.705
"OGG1","KDM1A",0.757
"OGG1","PNP",0.82
"ISG20","OAS2",0.772
"ISG20","MX2",0.748
"ISG20","IRF9",0.837
"ISG20","SP100",0.709
"ISG20","STAT1",0.832
"ISG20","MX1",0.802
"ISG20","OAS1",0.767
"ISG20","IRF7",0.823
"ISG20","STAT2",0.791
"ISG20","GBP1",0.784
"ISG20","IFIT3",0.703
"ISG20","RIGI",0.717
"ISG20","IFIT1",0.759
"ISG20","RSAD2",0.78
"ISG20","IFI35",0.753
"ISG20","IFNB1",0.7
"ISG20","IFITM1",0.725
"ADH1B","ALDH9A1",0.849
"ADH1B","MAOB",0.934
"PPIH","SF3B1",0.835
"PPIH","SNU13",0.999
"PPIH","DDX23",0.818
"PPIH","USP39",0.762
"PPIH","SF3B2",0.853
"PPIH","PRPF31",0.999
"ASPSCR1","VCP",0.998
"ADRA1B","ARRB1",0.719
"PPM1D","H2AX",0.797
"PPM1D","CHEK1",0.775
"LDB2","GFI1B",0.732
"ARL6IP1","RPL14",0.937
"ARL6IP1","RPL39L",0.839
"ARL6IP1","MRPS15",0.731
"ARL6IP1","MRPS14",0.745
"ARL6IP1","RPL36AL",0.8
"ARL6IP1","EIF1AX",0.774
"ARL6IP1","FCF1",0.753
"ARL6IP1","EEF2",0.878
"ARL6IP1","RPL3",0.871
"ARL6IP1","MRPL9",0.837
"ARL6IP1","MRPL19",0.831
"ARL6IP1","RPL27",0.942
"ARL6IP1","RPL22",0.815
"ARL6IP1","PDCD11",0.912
"ARL6IP1","EIF1AY",0.769
"ARL6IP1","RPS9",0.942
"ARL6IP1","MRPL20",0.826
"ARL6IP1","RPL13A",0.913
"ARL6IP1","RPL38",0.948
"ARL6IP1","EPRS1",0.701
"ARL6IP1","SNU13",0.777
"ARL6IP1","RPS14",0.933
"ARL6IP1","RPL12",0.927
"ARL6IP1","RPL10",0.823
"ARL6IP1","RPS16",0.944
"ARL6IP1","RPL5",0.946
"ARL6IP1","MRPS16",0.829
"ARL6IP1","RPL23",0.961
"ARL6IP1","RPS19",0.947
"ARL6IP1","RPL15",0.94
"ARL6IP1","RPL13",0.941
"ARL6IP1","NOC4L",0.755
"ARL6IP1","MRTO4",0.764
"ARL6IP1","MRPS11",0.743
"ARL6IP1","MRPL4",0.731
"ARL6IP1","MRPS12",0.78
"ARL6IP1","RPS27L",0.903
"ARL6IP1","TUFM",0.923
"ARL6IP1","IMP3",0.826
"ARL6IP1","RPS21",0.966
"ARL6IP1","RPL37A",0.946
"ARL6IP1","RPL24",0.95
"ARL6IP1","RPS2",0.951
"ARL6IP1","RPS6",0.954
"ARL6IP1","UBA52",0.907
"ARL6IP1","MRPL12",0.835
"ARL6IP1","HEATR1",0.767
"ARL6IP1","RPLP1",0.858
"ARL6IP1","RPL4",0.921
"ARL6IP1","RPS4X",0.827
"ARL6IP1","RPL30",0.949
"GABARAP","ANK2",0.957
"GABARAP","PRKACG",0.933
"GABARAP","PRKACA",0.934
"GABARAP","PIK3R4",0.867
"GABARAP","ATG5",0.994
"GABARAP","CALR",0.948
"GABARAP","BNIP3",0.999
"GABARAP","TBC1D15",0.966
"GABARAP","BECN1",0.991
"GABARAP","SQSTM1",0.999
"SEC23A","SAR1B",0.96
"SEC23A","RPL12",0.9
"SEC23A","SEC13",0.999
"CXCL11","CCRL2",0.756
"CXCL11","IL10",0.724
"CXCL11","CCL8",0.999
"CXCL11","CCL5",0.999
"CXCL11","CD8A",0.8
"CXCL11","IL6",0.735
"CXCL11","CXCL9",0.999
"CXCL11","STAT1",0.755
"CXCL11","IDO1",0.88
"CXCL11","CXCR3",0.999
"MRPL4","RPL30",0.95
"MRPL4","POLR2B",0.768
"MRPL4","MRPS18A",0.995
"MRPL4","RPS4X",0.824
"MRPL4","IFI44L",0.778
"MRPL4","RPLP1",0.93
"MRPL4","EIF6",0.86
"MRPL4","MRPS31",0.885
"MRPL4","QARS1",0.706
"MRPL4","MRPL12",0.998
"MRPL4","RPS6",0.957
"MRPL4","UBA52",0.923
"MRPL4","RPS2",0.93
"MRPL4","RPL37A",0.942
"MRPL4","RPL24",0.95
"MRPL4","RPS21",0.95
"MRPL4","IMP3",0.9
"MRPL4","RPS27L",0.829
"MRPL4","MRPS12",0.998
"MRPL4","TUFM",0.998
"MRPL4","MRPL11",0.999
"MRPL4","MRPL2",0.999
"MRPL4","MRPS11",0.997
"MRPL4","MRTO4",0.908
"MRPL4","NOC4L",0.766
"MRPL4","MRPL57",0.979
"MRPL4","RPL13",0.941
"MRPL4","RPL15",0.964
"MRPL4","RPS19",0.946
"MRPL4","RPL23",0.995
"MRPL4","MRPS16",0.999
"MRPL4","ATP5F1C",0.811
"MRPL4","SERBP1",0.717
"MRPL4","POLR2F",0.811
"MRPL4","RPL5",0.971
"MRPL4","RPL10",0.783
"MRPL4","IFI35",0.717
"MRPL4","RRP7A",0.741
"MRPL4","RPL12",0.781
"MRPL4","RPS14",0.842
"MRPL4","EPRS1",0.754
"MRPL4","RPL13A",0.842
"MRPL4","RPL38",0.936
"MRPL4","DAP3",0.995
"MRPL4","MRPL20",0.999
"MRPL4","HMGN4",0.777
"MRPL4","RPS9",0.986
"MRPL4","ATP5F1A",0.854
"MRPL4","EIF1AY",0.909
"MRPL4","PDCD11",0.974
"MRPL4","POLR1B",0.771
"MRPL4","RPL27",0.741
"MRPL4","MRPL40",0.998
"MRPL4","RPL22",0.811
"MRPL4","MRPL24",0.998
"MRPL4","EIF5A",0.795
"MRPL4","NOC2L",0.764
"MRPL4","MRPL19",0.999
"MRPL4","RPL3",0.842
"MRPL4","MRPL9",0.999
"MRPL4","TSFM",0.929
"MRPL4","EEF2",0.823
"MRPL4","EIF1AX",0.911
"MRPL4","RPL36AL",0.729
"MRPL4","MRPS14",0.997
"MRPL4","HMGN1",0.775
"MRPL4","MRPS15",0.998
"MRPL4","MRPL48",0.982
"MRPL4","MRPL46",0.998
"MRPL4","RPL14",0.725
"YEATS2","MORF4L1",0.707
"YEATS2","TAF7",0.812
"YEATS2","TRRAP",0.913
"YEATS2","H3-4",0.735
"YEATS2","MAP3K7",0.86
"YEATS2","RUVBL1",0.762
"YEATS2","SUPT3H",0.896
"SDC2","FN1",0.959
"KIF5B","TUBA1B",0.935
"KIF5B","KTN1",0.731
"KIF5B","RET",0.824
"KIF5B","DCTN1",0.862
"KIF5B","GSK3B",0.932
"KIF5B","SQSTM1",0.766
"CTNND2","HCLS1",0.747
"CTNND2","PSEN1",0.991
"DONSON","PCNA",0.854
"DONSON","ORC1",0.793
"LAMB2","ITGA3",0.738
"ING2","BPTF",0.777
"ING2","HDAC2",0.988
"ING2","RBBP7",0.953
"ING2","RBBP4",0.943
"ING2","MORF4L1",0.972
"ING2","TRRAP",0.825
"ING2","HDAC1",0.99
"ING2","H3-4",0.994
"ASL","FH",0.902
"ASL","OAT",0.99
"ASL","SDHB",0.867
"ASL","ARG1",0.974
"ASL","MDH2",0.903
"ASL","CS",0.891
"ASL","SDHD",0.807
"AHSP","GYPB",0.878
"AHSP","CA1",0.845
"AHSP","HBB",0.955
"BPTF","ING3",0.75
"BPTF","ADNP",0.741
"BPTF","RSF1",0.918
"BPTF","RBBP4",0.996
"BPTF","RBBP7",0.968
"BPTF","SMARCA4",0.777
"BPTF","BAZ1B",0.882
"BPTF","H3-4",0.997
"BPTF","BAZ1A",0.935
"EIF2AK3","HSPA5",0.999
"EIF2AK3","IFIT1",0.913
"EIF2AK3","HSP90AA1",0.866
"EIF2AK3","HSP90AB1",0.815
"EIF2AK3","JUN",0.721
"EIF2AK3","SQSTM1",0.726
"EIF2AK3","PSEN1",0.942
"EIF2AK3","CALR",0.714
"EIF2AK3","CHUK",0.919
"EIF2AK3","CASP3",0.776
"PDHB","SDHB",0.735
"PDHB","ATP5F1C",0.913
"PDHB","PKLR",0.966
"PDHB","STAT5A",0.804
"PDHB","CAPZA2",0.789
"PDHB","CS",0.941
"PDHB","NDUFB6",0.77
"PDHB","PKM",0.983
"PDHB","ATP5F1A",0.81
"PDHB","DLST",0.974
"PDHB","MDH2",0.85
"TBL2","BAZ1B",0.765
"MYL1","MYL6",0.844
"MCM7","H3-4",0.741
"MCM7","WDHD1",0.996
"MCM7","PCNA",0.985
"MCM7","FANCI",0.744
"MCM7","RFC3",0.937
"MCM7","POLR2B",0.752
"MCM7","CHEK1",0.906
"MCM7","CDKN1A",0.824
"MCM7","EXO1",0.82
"MCM7","E2F1",0.817
"MCM7","ORC1",0.997
"MCM7","SMC4",0.837
"MCM7","POLE",0.986
"MCM7","RFC4",0.906
"MCM7","MCM10",0.999
"CAVIN3","CAV1",0.922
"FEM1B","CHEK1",0.752
"FEM1B","PRAME",0.914
"DDIT4","MTOR",0.8
"DDIT4","YWHAZ",0.777
"MLLT10","PICALM",0.922
"MLLT10","NUP98",0.768
"MGAT2","MGAT4B",0.968
"WDR48","USP7",0.772
"WDR48","FANCI",0.998
"WDR48","UBA52",0.949
"CALB2","KRT7",0.789
"QARS1","RPLP1",0.849
"QARS1","RPS4X",0.717
"QARS1","RPL4",0.762
"QARS1","RPL30",0.892
"QARS1","UBA52",0.768
"QARS1","RPS6",0.831
"QARS1","RPL37A",0.858
"QARS1","RPL24",0.855
"QARS1","RPS2",0.723
"QARS1","MRPS11",0.752
"QARS1","RPL13",0.824
"QARS1","KARS1",0.999
"QARS1","IMP3",0.719
"QARS1","RPS21",0.876
"QARS1","MRPS12",0.734
"QARS1","RPL5",0.915
"QARS1","RPS16",0.797
"QARS1","RPL15",0.877
"QARS1","RPS19",0.867
"QARS1","RPL23",0.921
"QARS1","EPRS1",0.999
"QARS1","RPL13A",0.874
"QARS1","RPL38",0.908
"QARS1","RPS9",0.745
"QARS1","RPS14",0.771
"QARS1","EEF1E1",0.996
"QARS1","RPL22",0.702
"QARS1","RPL3",0.749
"QARS1","MAP3K5",0.799
"QARS1","MRPS15",0.71
"QARS1","RPL36AL",0.768
"QARS1","MRPS14",0.709
"QARS1","EEF2",0.751
"CANT1","PKLR",0.908
"CANT1","ENTPD5",0.929
"CANT1","NME1",0.703
"CANT1","IMPDH2",0.9
"CANT1","PKM",0.903
"TADA3","TAF7",0.917
"TADA3","TRRAP",0.999
"TADA3","SUPT3H",0.999
"TADA3","MAP3K7",0.797
"ACOX2","ACAA1",0.949
"ACOX2","ACSL4",0.711
"ACOX2","ACOX3",0.943
"H1-4","CBX3",0.983
"H1-4","H2AC13",0.761
"H1-4","H4C2",0.963
"H1-4","KDM4A",0.952
"HTR1E","GNB1",0.98
"CYCS","ATG5",0.82
"CYCS","CDKN1A",0.799
"CYCS","R3HDM4",0.704
"CYCS","COX5A",0.952
"CYCS","NDUFV2",0.779
"CYCS","CYB5A",0.996
"CYCS","XIAP",0.935
"CYCS","PARP1",0.892
"CYCS","BECN1",0.778
"CYCS","CASP3",0.997
"CYCS","CASP8",0.952
"CYCS","HSP90AA1",0.783
"CYCS","TXN",0.735
"CYCS","JUN",0.829
"CYCS","PMAIP1",0.855
"CYCS","HSP90AB1",0.78
"CYCS","SDHB",0.908
"CYCS","IL6",0.776
"CYCS","TUFM",0.909
"CYCS","COX6C",0.926
"CYCS","CYC1",0.999
"CYCS","BAK1",0.975
"CYCS","UQCRH",0.942
"CYCS","FASLG",0.84
"CYCS","HSPA5",0.738
"CYCS","COX8A",0.72
"CYCS","UQCR10",0.965
"CYCS","NDUFS2",0.779
"CYCS","CS",0.733
"CYCS","SDHD",0.904
"CYCS","COX7C",0.849
"CYCS","CFLAR",0.7
"FBXO22","KDM4A",0.748
"FBXO22","CUL1",0.968
"DRAP1","GTF2B",0.88
"MUS81","CENPS",0.776
"MUS81","HLTF",0.798
"MUS81","SMC5",0.747
"MUS81","BRCA2",0.919
"MUS81","FANCI",0.859
"MUS81","XRCC5",0.777
"MUS81","XPA",0.713
"MUS81","BRCA1",0.911
"MUS81","EXO1",0.939
"MUS81","REV3L",0.738
"MUS81","CHEK1",0.76
"U2AF2","ILF2",0.752
"U2AF2","SYNCRIP",0.704
"U2AF2","DHX9",0.704
"U2AF2","SRSF4",0.95
"U2AF2","SCAF11",0.95
"U2AF2","NCBP2",0.881
"U2AF2","PRPF39",0.801
"U2AF2","SF3B1",0.999
"U2AF2","DDX17",0.781
"U2AF2","MAGOHB",0.743
"U2AF2","DDX23",0.725
"U2AF2","NCBP1",0.88
"U2AF2","QKI",0.703
"U2AF2","SF1",0.999
"U2AF2","SRSF2",0.996
"U2AF2","DHX15",0.793
"U2AF2","SF3B2",0.998
"U2AF2","SNRNP70",0.982
"U2AF2","CDC5L",0.997
"U2AF2","SRRM1",0.923
"U2AF2","ILF3",0.799
"U2AF2","HNRNPA1",0.908
"U2AF2","RBM5",0.896
"U2AF2","TPR",0.7
"RPL13","MRPS12",0.975
"RPL13","RPS27L",0.985
"RPL13","TUBB",0.856
"RPL13","MRPL11",0.882
"RPL13","RPS21",0.999
"RPL13","IMP3",0.978
"RPL13","MRPL2",0.943
"RPL13","MRPS11",0.939
"RPL13","MRTO4",0.979
"RPL13","RPS19",0.999
"RPL13","RPL23",0.999
"RPL13","TMCO1",0.817
"RPL13","RPL15",0.999
"RPL13","RPL5",0.999
"RPL13","RPS16",0.999
"RPL13","RPL10",0.999
"RPL13","MAK16",0.879
"RPL13","SERBP1",0.984
"RPL13","UBL4A",0.723
"RPL13","RPL30",0.999
"RPL13","IFRD1",0.75
"RPL13","GNL2",0.908
"RPL13","EBNA1BP2",0.88
"RPL13","RPS4X",0.999
"RPL13","RPL4",0.999
"RPL13","TMA16",0.8
"RPL13","RPLP1",0.999
"RPL13","EIF6",0.993
"RPL13","ETF1",0.948
"RPL13","SRPRA",0.822
"RPL13","SECISBP2",0.804
"RPL13","RPS2",0.999
"RPL13","RPL24",0.999
"RPL13","RPL37A",0.999
"RPL13","UBA52",0.999
"RPL13","RPS6",0.999
"RPL13","EIF3B",0.706
"RPL13","BTF3",0.945
"RPL13","GNL3",0.806
"RPL13","NOC2L",0.905
"RPL13","DOCK4",0.977
"RPL13","EIF2S2",0.706
"RPL13","RPL3",0.999
"RPL13","RPF1",0.897
"RPL13","GNL3L",0.788
"RPL13","RRP1B",0.848
"RPL13","EEF2",0.999
"RPL13","RPL39L",0.971
"RPL13","EIF3I",0.841
"RPL13","RPL14",0.999
"RPL13","RPL36AL",0.993
"RPL13","MRPS14",0.945
"RPL13","ZNF593",0.896
"RPL13","HMGN1",0.888
"RPL13","MRPS15",0.938
"RPL13","RPL12",0.999
"RPL13","EEF1D",0.877
"RPL13","RPS14",0.999
"RPL13","SNU13",0.853
"RPL13","FTSJ3",0.873
"RPL13","IFI35",0.979
"RPL13","GTPBP4",0.982
"RPL13","NOC3L",0.876
"RPL13","HMGN4",0.886
"RPL13","RPS9",0.999
"RPL13","EPRS1",0.864
"RPL13","RPL38",0.999
"RPL13","BRIX1",0.955
"RPL13","RPL13A",0.999
"RPL13","GSPT1",0.93
"RPL13","HBS1L",0.858
"RPL13","CCT4",0.708
"RPL13","RPL22",0.999
"RPL13","RPL27",0.999
"RPL13","EIF5A",0.991
"RPL13","MRPL24",0.943
"RPL13","SEC61G",0.887
"GLUL","EPRS1",0.855
"GLUL","CBS",0.705
"GLUL","ALDH9A1",0.842
"GLUL","PRDX4",0.804
"GLUL","ARG1",0.747
"GLUL","OAT",0.71
"GCC2","AKAP9",0.723
"GCC2","RHOBTB3",0.758
"GCC2","TGOLN2",0.809
"EEF2","HNRNPA1",0.777
"EEF2","ETF1",0.796
"EEF2","MRPL12",0.946
"EEF2","EIF6",0.765
"EEF2","CALML4",0.784
"EEF2","UBA52",0.998
"EEF2","RPS6",0.999
"EEF2","EIF3B",0.966
"EEF2","RPL24",0.998
"EEF2","RPL37A",0.997
"EEF2","RPS2",0.999
"EEF2","CDC5L",0.727
"EEF2","RPL30",0.999
"EEF2","POLR2B",0.85
"EEF2","RPLP1",0.985
"EEF2","RPS4X",0.998
"EEF2","RPL4",0.999
"EEF2","RPL15",0.999
"EEF2","MRPS16",0.924
"EEF2","RPS19",0.999
"EEF2","RPL23",0.999
"EEF2","SERBP1",0.971
"EEF2","ATP5F1C",0.773
"EEF2","HSP90AA1",0.879
"EEF2","RPL10",0.996
"EEF2","EIF4A2",0.939
"EEF2","RPL5",0.999
"EEF2","RPS16",0.999
"EEF2","IMP3",0.848
"EEF2","RPS21",0.998
"EEF2","TUFM",0.948
"EEF2","MRPS12",0.845
"EEF2","RPS27L",0.942
"EEF2","MRPS11",0.808
"EEF2","HSP90AB1",0.868
"EEF2","MRTO4",0.861
"EEF2","MRPL2",0.808
"EEF2","KARS1",0.739
"EEF2","EIF1AY",0.72
"EEF2","CCT4",0.744
"EEF2","RPL22",0.99
"EEF2","RPL27",0.999
"EEF2","PDCD11",0.807
"EEF2","MRPL24",0.792
"EEF2","EIF5A",0.996
"EEF2","IFI35",0.902
"EEF2","RPS14",0.996
"EEF2","SNU13",0.726
"EEF2","RPL12",0.999
"EEF2","EEF1D",0.842
"EEF2","MRPL20",0.923
"EEF2","EPRS1",0.773
"EEF2","RPL38",0.998
"EEF2","RPL13A",0.997
"EEF2","ATP5F1A",0.85
"EEF2","HMGN4",0.877
"EEF2","RPS9",0.999
"EEF2","EIF4G1",0.794
"EEF2","TSFM",0.779
"EEF2","HSPA5",0.858
"EEF2","EIF1AX",0.763
"EEF2","HMGN1",0.869
"EEF2","CALML5",0.798
"EEF2","MRPS15",0.761
"EEF2","RPL36AL",0.985
"EEF2","MRPS14",0.806
"EEF2","RPL14",0.999
"EEF2","RPL39L",0.935
"EEF2","EIF3I",0.779
"EEF2","MRPL19",0.927
"EEF2","MRPL9",0.943
"EEF2","RPL3",0.999
"EEF2","DOCK4",0.956
"DST","DSP",0.762
"METTL18","RPL3",0.8
"TUT1","PIP5K1A",0.709
"TUT1","PIP4K2A",0.822
"TUT1","PRPF31",0.824
"TUT1","LIN28A",0.876
"CD248","FN1",0.968
"ATP6V0A4","ATP6V1G1",0.996
"ATP6V0A4","ATP6V0C",0.999
"ATP6V0A4","PPA2",0.738
"WDR3","NOL7",0.805
"WDR3","C1D",0.761
"WDR3","RRP1B",0.796
"WDR3","FCF1",0.995
"WDR3","RPF1",0.755
"WDR3","NOL10",0.998
"WDR3","GNL3L",0.842
"WDR3","NOC2L",0.964
"WDR3","EXOSC10",0.984
"WDR3","GNL3",0.857
"WDR3","UTP11",0.996
"WDR3","DNTTIP2",0.99
"WDR3","PDCD11",0.997
"WDR3","POLR1B",0.958
"WDR3","BRIX1",0.889
"WDR3","RPS9",0.986
"WDR3","RRP7A",0.997
"WDR3","RCL1",0.998
"WDR3","FTSJ3",0.896
"WDR3","GTPBP4",0.951
"WDR3","NOC3L",0.868
"WDR3","RPS14",0.98
"WDR3","SNU13",0.994
"WDR3","NGDN",0.997
"WDR3","MAK16",0.861
"WDR3","RPS16",0.984
"WDR3","RPS19",0.97
"WDR3","DHX15",0.933
"WDR3","EXOSC4",0.794
"WDR3","MRTO4",0.752
"WDR3","MRPS11",0.801
"WDR3","UTP14A",0.997
"WDR3","NOC4L",0.999
"WDR3","RRS1",0.789
"WDR3","IMP3",0.993
"WDR3","MRPS12",0.817
"WDR3","RPS27L",0.854
"WDR3","RPS6",0.987
"WDR3","HEATR1",0.999
"WDR3","POLR1E",0.855
"WDR3","RPS4X",0.921
"WDR3","EXOSC8",0.772
"WDR3","EBNA1BP2",0.793
"WDR3","GNL2",0.883
"MMP14","PLAU",0.764
"MMP14","HCLS1",0.788
"MMP14","CAV1",0.794
"MMP14","FN1",0.818
"MMP14","SRC",0.742
"PTDSS2","PLAAT3",0.9
"PTDSS2","LPCAT4",0.911
"LEMD3","CDC5L",0.797
"LEMD3","SMAD3",0.973
"H2AZ2","HDAC2",0.789
"H2AZ2","RUVBL1",0.917
"H2AZ2","RBBP7",0.715
"H2AZ2","RBBP4",0.74
"H2AZ2","MORF4L1",0.813
"H2AZ2","H4C2",0.95
"H2AZ2","TRRAP",0.797
"H2AZ2","HDAC1",0.797
"H2AZ2","H3-4",0.827
"H2AZ2","PCNA",0.799
"RPS6KB2","PDPK1",0.959
"RPS6KB2","RPS6",0.996
"RPS6KB2","ESR2",0.91
"RPS6KB2","PPP2R1A",0.922
"RPS6KB2","JUN",0.946
"RPS6KB2","HSP90AA1",0.706
"RPS6KB2","FKBP1A",0.733
"RPS6KB2","MTOR",0.995
"RPS6KB2","CARM1",0.912
"RPS6KB2","PPP2R1B",0.91
"RPS6KB2","PRKACA",0.93
"RPS6KB2","PRKACG",0.93
"RPS6KB2","SP1",0.914
"GEMIN2","SNRNP70",0.908
"GEMIN2","NCBP1",0.706
"GEMIN2","SYNCRIP",0.722
"F2","ITIH2",0.852
"F2","SERPINF2",0.928
"F2","APOA2",0.798
"F2","FN1",0.792
"F2","IL6",0.703
"F2","TF",0.725
"F2","LPAR6",0.901
"MEPCE","PRPF31",0.868
"ZNHIT2","RUVBL1",0.817
"RHOD","SRC",0.81
"CENPS","BUB3",0.822
"CENPS","FANCI",0.959
"CENPS","KIF2C",0.753
"CENPS","H4C2",0.812
"GPD2","SDHB",0.93
"GPD2","PLPP2",0.89
"GPD2","PSMC5",0.739
"GPD2","PSMC2",0.739
"GPD2","TKFC",0.979
"GPD2","GNPAT",0.932
"GPD2","GK",0.877
"GPD2","CYC1",0.887
"GLE1","NCBP2",0.705
"GLE1","NUP98",0.916
"GLE1","NUP43",0.733
"GLE1","SEC13",0.762
"GLE1","NCBP1",0.766
"GLE1","NUP160",0.819
"GLE1","NUP50",0.746
"GLE1","NUP93",0.872
"GLE1","PIP4K2A",0.777
"GLE1","EIF4A2",0.725
"GLE1","SEH1L",0.912
"GLE1","TPR",0.789
"MRPL48","MRPL20",0.947
"MRPL48","DAP3",0.937
"MRPL48","MRPL40",0.968
"MRPL48","MRPL24",0.881
"MRPL48","MRPL19",0.848
"MRPL48","MRPL9",0.91
"MRPL48","MRPS15",0.922
"MRPL48","MRPS14",0.928
"MRPL48","MRPL46",0.99
"MRPL48","MRPS18A",0.92
"MRPL48","MRPL12",0.941
"MRPL48","MRPS31",0.894
"MRPL48","MRPL11",0.91
"MRPL48","TUFM",0.913
"MRPL48","MRPS12",0.865
"MRPL48","MRPS11",0.9
"MRPL48","MRPL2",0.938
"MRPL48","MRPL57",0.881
"MRPL48","MRPS16",0.904
"CBX2","RBBP7",0.941
"CBX2","RBBP4",0.944
"CBX2","BABAM2",0.902
"CBX2","BRCA1",0.94
"CBX2","YAF2",0.958
"CBX2","CDC16",0.9
"CBX2","H3-4",0.921
"CBX2","JARID2",0.727
"CBX2","BRCA2",0.754
"CBX2","ANAPC2",0.9
"CBX2","EZH2",0.98
"CBX2","HDAC2",0.95
"TMOD3","CAPZA2",0.844
"TMOD3","ANK2",0.712
"GP6","CALML5",0.707
"GP6","COL6A1",0.931
"GP6","LAT",0.725
"GP6","FYN",0.996
"GP6","COL4A2",0.907
"GP6","FN1",0.932
"GP6","CALML4",0.703
"GP6","SYK",0.872
"CCL19","CCL8",0.771
"CCL19","CCL5",0.756
"CCL19","CD8A",0.865
"CCL19","CXCR3",0.987
"CCL19","CD19",0.732
"CCL19","IL10",0.853
"CCL19","IL6",0.84
"CCL19","CXCL9",0.962
"CCL19","CCRL2",0.998
"SLC19A1","FPGS",0.728
"MRPL11","UBA52",0.842
"MRPL11","RPS6",0.918
"MRPL11","RPS2",0.872
"MRPL11","RPL37A",0.875
"MRPL11","RPL24",0.9
"MRPL11","EIF6",0.782
"MRPL11","MRPS31",0.889
"MRPL11","MRPL12",0.996
"MRPL11","POLR2B",0.934
"MRPL11","RPS4X",0.758
"MRPL11","MRPS18A",0.98
"MRPL11","RPL4",0.796
"MRPL11","RPLP1",0.87
"MRPL11","RPL30",0.903
"MRPL11","RPL5",0.914
"MRPL11","RPS16",0.787
"MRPL11","RPL10",0.765
"MRPL11","RPL15",0.897
"MRPL11","RPS19",0.909
"MRPL11","RPL23",0.992
"MRPL11","MRPS16",0.998
"MRPL11","MRPL2",0.996
"MRPL11","MRPS11",0.997
"MRPL11","MRTO4",0.869
"MRPL11","MRPL57",0.846
"MRPL11","RPS21",0.883
"MRPL11","IMP3",0.847
"MRPL11","TUFM",0.994
"MRPL11","MRPS12",0.997
"MRPL11","RPS27L",0.713
"MRPL11","MRPL24",0.998
"MRPL11","PDCD11",0.821
"MRPL11","RPL27",0.726
"MRPL11","POLR1B",0.772
"MRPL11","RPL22",0.71
"MRPL11","MRPL40",0.985
"MRPL11","EPRS1",0.718
"MRPL11","RPL13A",0.819
"MRPL11","RPL38",0.852
"MRPL11","MRPL20",0.998
"MRPL11","DAP3",0.996
"MRPL11","RPS9",0.956
"MRPL11","RPS14",0.79
"MRPL11","MRPS14",0.997
"MRPL11","MRPS15",0.998
"MRPL11","MRPL46",0.996
"MRPL11","TSFM",0.88
"MRPL11","MRPL19",0.999
"MRPL11","RPL3",0.784
"MRPL11","MRPL9",0.998
"PLG","PLAU",0.989
"PLG","SERPINB2",0.966
"PLG","THBS2",0.754
"PLG","MMP1",0.706
"PLG","SERPINF2",0.999
"PLG","FN1",0.997
"HLTF","SMARCA2",0.712
"HLTF","PCNA",0.973
"HLTF","EXO1",0.738
"HLTF","SMARCA4",0.708
"HLTF","REV3L",0.773
"HLTF","UBE2N",0.996
"VCPIP1","VCP",0.999
"GMPPB","DPM1",0.808
"PTPN7","MAPK11",0.936
"NSUN5","NOC4L",0.778
"NSUN5","NOC2L",0.708
"NSUN5","RRP1B",0.711
"NSUN5","BUD23",0.767
"MARCHF3","TGOLN2",0.784
"RCE1","NRAS",0.813
"UBE3C","UBE2D2",0.841
"RPL15","TUBB",0.833
"RPL15","MRPS12",0.98
"RPL15","RPS27L",0.993
"RPL15","IMP3",0.975
"RPL15","RPS21",0.999
"RPL15","MRPS11",0.96
"RPL15","MRTO4",0.98
"RPL15","MRPL2",0.961
"RPL15","TMCO1",0.82
"RPL15","RPS19",0.999
"RPL15","RPL23",0.999
"RPL15","RPL10",0.999
"RPL15","RPL5",0.999
"RPL15","RPS16",0.999
"RPL15","POLR2F",0.732
"RPL15","MAK16",0.848
"RPL15","SERBP1",0.991
"RPL15","IFRD1",0.75
"RPL15","UBL4A",0.743
"RPL15","RPL30",0.999
"RPL15","GNL2",0.92
"RPL15","EBNA1BP2",0.891
"RPL15","PKLR",0.851
"RPL15","TMA16",0.803
"RPL15","RPLP1",0.999
"RPL15","RPS4X",0.999
"RPL15","RPL4",0.999
"RPL15","EIF6",0.994
"RPL15","ETF1",0.946
"RPL15","SRPRA",0.833
"RPL15","SECISBP2",0.812
"RPL15","RPL24",0.999
"RPL15","RPL37A",0.999
"RPL15","RPS2",0.999
"RPL15","BTF3",0.951
"RPL15","UBA52",0.999
"RPL15","RPS6",0.999
"RPL15","GNL3",0.815
"RPL15","NOC2L",0.879
"RPL15","RPL3",0.999
"RPL15","DOCK4",0.975
"RPL15","EIF2S2",0.76
"RPL15","GNL3L",0.766
"RPL15","RPF1",0.919
"RPL15","PKM",0.84
"RPL15","RRP1B",0.831
"RPL15","RPL14",0.999
"RPL15","RPL39L",0.983
"RPL15","EIF3I",0.881
"RPL15","ZNF593",0.888
"RPL15","HMGN1",0.929
"RPL15","MRPS15",0.972
"RPL15","RPL36AL",0.997
"RPL15","MRPS14",0.96
"RPL15","RPS14",0.999
"RPL15","SNU13",0.869
"RPL15","RPL12",0.999
"RPL15","EEF1D",0.925
"RPL15","NOC3L",0.847
"RPL15","GTPBP4",0.975
"RPL15","FTSJ3",0.947
"RPL15","IFI35",0.959
"RPL15","HMGN4",0.928
"RPL15","RPS9",0.999
"RPL15","EPRS1",0.902
"RPL15","RPL38",0.999
"RPL15","BRIX1",0.929
"RPL15","RPL13A",0.999
"RPL15","CCT4",0.774
"RPL15","RPL22",0.999
"RPL15","RPL27",0.999
"RPL15","GSPT1",0.906
"RPL15","HBS1L",0.87
"RPL15","EIF5A",0.988
"RPL15","SEC61G",0.897
"RPL15","MRPL24",0.971
"CLTB","AP1B1",0.883
"CLTB","GAK",0.816
"CLTB","DNM1",0.726
"CLTB","EPS15",0.921
"CLTB","NCALD",0.737
"CLTB","AP1S1",0.785
"CLTB","NECAP2",0.784
"CLTB","ITSN2",0.702
"CLTB","AAK1",0.796
"CLTB","AP1G1",0.772
"CLTB","PICALM",0.919
"CLTB","EPS15L1",0.721
"CLTB","EPN2",0.937
"CLTB","CLINT1",0.935
"CLTB","AP2A2",0.968
"CLTB","HTT",0.938
"PSMD1","VCP",0.778
"PSMD1","RAD23B",0.836
"PSMD1","PSMC2",0.999
"PSMD1","PSMC5",0.999
"PSMD1","COPS5",0.736
"PSMD1","UBA52",0.94
"PSMD1","EIF3I",0.761
"PSMD1","SNU13",0.773
"PSMD1","EPRS1",0.915
"PSMD1","RPL27",0.728
"PSMD1","CCT4",0.771
"ACO1","TFRC",0.888
"ACO1","MDH2",0.893
"ACO1","ISCA1",0.704
"ACO1","CS",0.999
"ACO1","MRPL19",0.721
"ACO1","FH",0.936
"ACO1","SDHB",0.896
"LIME1","GRB2",0.811
"HCFC1","RUVBL1",0.913
"HCFC1","E2F1",0.963
"HCFC1","KDM1A",0.878
"HCFC1","ING3",0.746
"HCFC1","TAF7",0.9
"HCFC1","PRPF31",0.905
"HCFC1","TRRAP",0.807
"HCFC1","HDAC1",0.745
"HCFC1","CREB3",0.99
"HCFC1","MORF4L1",0.798
"UQCRH","NDUFA3",0.948
"UQCRH","COX6C",0.985
"UQCRH","NDUFA1",0.954
"UQCRH","CYC1",0.999
"UQCRH","NDUFB6",0.956
"UQCRH","SDHD",0.819
"UQCRH","COX7A2",0.926
"UQCRH","COX7C",0.997
"UQCRH","ATP5PF",0.857
"UQCRH","NDUFA8",0.996
"UQCRH","COX7A2L",0.941
"UQCRH","COX8A",0.841
"UQCRH","UQCR10",0.999
"UQCRH","NDUFS2",0.992
"UQCRH","NDUFA13",0.991
"UQCRH","NDUFB3",0.974
"UQCRH","COX5A",0.995
"UQCRH","NDUFV2",0.994
"UQCRH","NDUFA4L2",0.819
"UQCRH","BCS1L",0.796
"UQCRH","SDHB",0.765
"UQCRH","ATP5PB",0.809
"UQCRH","NDUFB2",0.905
"UQCRH","HTT",0.927
"TERT","SMG5",0.928
"TERT","RUVBL1",0.979
"TERT","GNL3L",0.926
"TERT","H2AC17",0.805
"TERT","SOX2",0.752
"TERT","PTEN",0.822
"TERT","MTOR",0.738
"TERT","XRCC5",0.948
"TERT","HSP90AB1",0.987
"TERT","HSP90AA1",0.998
"TERT","H2AC13",0.806
"TERT","SMARCA4",0.99
"TERT","ARID1A",0.781
"PRKACA","CAV1",0.922
"PRKACA","CREB3",0.702
"PRKACA","PDE4B",0.844
"PRKACA","KDM3B",0.907
"PRKACA","CALML4",0.989
"PRKACA","RAP1A",0.939
"PRKACA","ESR2",0.943
"PRKACA","ADCY10",0.927
"PRKACA","AR",0.939
"PRKACA","GSK3B",0.99
"PRKACA","JUN",0.963
"PRKACA","SCN5A",0.937
"PRKACA","PTK2",0.911
"PRKACA","PSEN1",0.936
"PRKACA","RYR2",0.994
"PRKACA","CSNK1E",0.925
"PRKACA","AKAP9",0.993
"PRKACA","HSP90AA1",0.794
"PRKACA","CACNA1F",0.915
"PRKACA","PGR",0.937
"PRKACA","CDC25C",0.914
"PRKACA","FOXO3",0.938
"PRKACA","ATP1B1",0.707
"PRKACA","CSNK1D",0.924
"PRKACA","CARM1",0.918
"PRKACA","CREB5",0.718
"PRKACA","MAP3K5",0.909
"PRKACA","CACNA2D1",0.701
"PRKACA","GNB1",0.74
"PRKACA","CALML5",0.989
"PRKACA","SP1",0.937
"PRKACA","PRKACG",0.965
"PRKACA","PKM",0.927
"MAP3K11","FKBP2",0.769
"MAP3K11","SF1",0.768
"MAP3K11","COX8A",0.769
"APOBEC3F","TRIM5",0.704
"APOBEC3F","COX5A",0.821
"APOBEC3F","APOBEC3G",0.933
"APOBEC3F","CYC1",0.803
"APOBEC3F","COX7C",0.788
"APOBEC3F","UQCR10",0.711
"MIS18BP1","RACGAP1",0.849
"MIS18BP1","RBBP4",0.824
"MIS18BP1","RBBP7",0.872
"MIS18BP1","KIF20B",0.765
"RPL38","IMP3",0.958
"RPL38","RPS21",0.999
"RPL38","TUBB",0.817
"RPL38","RPS27L",0.99
"RPL38","MRPS12",0.954
"RPL38","MRTO4",0.928
"RPL38","MRPS11",0.947
"RPL38","MRPL2",0.913
"RPL38","TMCO1",0.817
"RPL38","RPL23",0.999
"RPL38","RPS19",0.999
"RPL38","MAK16",0.87
"RPL38","SERBP1",0.986
"RPL38","RPL10",0.999
"RPL38","RPS16",0.999
"RPL38","RPL5",0.999
"RPL38","EBNA1BP2",0.874
"RPL38","GNL2",0.934
"RPL38","IFRD1",0.767
"RPL38","RPL30",0.999
"RPL38","UBL4A",0.748
"RPL38","ABCF1",0.929
"RPL38","TMA16",0.802
"RPL38","RPLP1",0.999
"RPL38","RPL4",0.999
"RPL38","RPS4X",0.998
"RPL38","SECISBP2",0.804
"RPL38","ETF1",0.904
"RPL38","SRPRA",0.818
"RPL38","EIF6",0.994
"RPL38","BTF3",0.973
"RPL38","UBA52",0.999
"RPL38","RPS6",0.999
"RPL38","RPL24",0.999
"RPL38","RPL37A",0.999
"RPL38","RPS2",0.999
"RPL38","NOC2L",0.861
"RPL38","GNL3",0.813
"RPL38","GNL3L",0.811
"RPL38","RPF1",0.911
"RPL38","DHX9",0.915
"RPL38","RPL3",0.999
"RPL38","DOCK4",0.97
"RPL38","MRPS15",0.944
"RPL38","ZNF593",0.958
"RPL38","HMGN1",0.908
"RPL38","ZC3H15",0.7
"RPL38","MRPS14",0.952
"RPL38","RPL36AL",0.997
"RPL38","RPL14",0.999
"RPL38","LARP4B",0.902
"RPL38","RPL39L",0.986
"RPL38","GTPBP4",0.97
"RPL38","NOC3L",0.86
"RPL38","IFI35",0.98
"RPL38","FTSJ3",0.873
"RPL38","RPS14",0.999
"RPL38","SNU13",0.726
"RPL38","EEF1D",0.787
"RPL38","RPL12",0.999
"RPL38","BRIX1",0.892
"RPL38","RPL13A",0.999
"RPL38","EPRS1",0.901
"RPL38","RPS9",0.999
"RPL38","HMGN4",0.907
"RPL38","RPL22",0.999
"RPL38","RPL27",0.999
"RPL38","HBS1L",0.906
"RPL38","GSPT1",0.916
"RPL38","SEC61G",0.907
"RPL38","MRPL24",0.963
"RPL38","EIF5A",0.964
"TBX5","SCN5A",0.775
"TBX5","SMARCA4",0.885
"ADAM17","CD9",0.782
"ADAM17","PSEN1",0.712
"NR1D2","CSNK1E",0.817
"ADAT1","KARS1",0.922
"CD34","IL10",0.718
"CD34","CD19",0.9
"CD34","TFRC",0.728
"CD34","CRKL",0.728
"CD34","BAK1",0.756
"CD34","CD8A",0.874
"CD34","NES",0.703
"CD34","CD7",0.811
"CD34","PODXL",0.805
"CD34","FN1",0.96
"CD34","IL6",0.83
"TAOK2","MAP2K6",0.973
"PSMD2","CCT4",0.846
"PSMD2","EIF3I",0.807
"PSMD2","PSMC2",0.999
"PSMD2","PSMC5",0.999
"PSMD2","RPS2",0.752
"PSMD2","CDKN1A",0.715
"PSMD2","UBA52",0.99
"PSMD2","VCP",0.91
"PSMD2","RAD23B",0.953
"PSMD2","HTT",0.72
"FOSL1","MAPK11",0.805
"FOSL1","COX8A",0.766
"FOSL1","FKBP2",0.775
"FOSL1","SF1",0.766
"FOSL1","JUN",0.999
"FOSL1","ATF3",0.88
"HSPA6","HSPA5",0.831
"HSPA6","DNAJB4",0.947
"HSPA6","DNAJA1",0.894
"HSPA6","DNAJA2",0.844
"HSPA6","HSP90AA1",0.879
"HSPA6","HSP90AB1",0.889
"RAB1B","SAR1B",0.73
"RASGRP1","RAP1A",0.967
"RASGRP1","GRB2",0.849
"RASGRP1","NRAS",0.949
"INTS6","POLR2L",0.998
"INTS6","POLR2B",0.998
"INTS6","INTS3",0.999
"INTS6","POLR2F",0.831
"INTS6","PPP2R1A",0.999
"INTS6","NELFB",0.908
"INTS6","PPP2R1B",0.994
"TNFRSF10D","CFLAR",0.715
"SP3","SP1",0.912
"SP3","HDAC2",0.827
"SP3","HDAC1",0.873
"P2RY2","PLCB1",0.711
"P2RY2","SRC",0.787
"MLC1","MYL6",0.851
"XCR1","CCL5",0.921
"XCR1","CCL8",0.94
"XCR1","CXCL9",0.866
"XCR1","ARRB1",0.725
"RIN1","RAB5B",0.969
"RIN1","NRAS",0.966
"GLS2","EPRS1",0.805
"GLS2","ALDH9A1",0.858
"SART1","SF1",0.74
"SART1","RBMX2",0.991
"SART1","NCBP1",0.972
"SART1","SF3B1",0.999
"SART1","SNU13",0.999
"SART1","DDX23",0.996
"SART1","MAGOHB",0.902
"SART1","PRPF39",0.872
"SART1","SRSF4",0.759
"SART1","NCBP2",0.732
"SART1","USP39",0.986
"SART1","PRP4K",0.948
"SART1","CDC5L",0.979
"SART1","SNRNP70",0.984
"SART1","SF3B2",0.999
"SART1","DHX15",0.972
"SART1","PRPF31",0.999
"AKIP1","PRKACG",0.783
"ARHGAP1","NDEL1",0.868
"ARHGAP1","WAS",0.759
"ERCC4","FANCI",0.879
"ERCC4","BRCA2",0.852
"ERCC4","RAD23B",0.99
"ERCC4","XPA",0.999
"ERCC4","XRCC5",0.976
"ERCC4","EXO1",0.83
"ERCC4","CETN2",0.937
"ERCC4","BRCA1",0.914
"ERCC4","REV3L",0.744
"ERCC4","PARP1",0.718
"ERCC4","PRKDC",0.935
"ERCC4","ERCC6",0.934
"ERCC4","KDM1A",0.907
"PSMC5","UBA52",0.966
"PSMC5","TRIP12",0.887
"PSMC5","RPS4X",0.718
"PSMC5","PSMC2",0.999
"PSMC5","RPL23",0.735
"PSMC5","RPS19",0.821
"PSMC5","HTT",0.77
"PSMC5","RPL5",0.76
"PSMC5","RAD23B",0.867
"PSMC5","H3-4",0.736
"PSMC5","VCP",0.808
"PSMC5","MTOR",0.994
"PSMC5","RUVBL1",0.931
"PSMC5","RPL3",0.729
"ISCU","SDHB",0.885
"ISCU","ISCA1",0.976
"NUP93","NUP98",0.999
"NUP93","NUP43",0.994
"NUP93","AHCTF1",0.989
"NUP93","NUP160",0.991
"NUP93","NUP50",0.971
"NUP93","SEC13",0.997
"NUP93","SEH1L",0.999
"NUP93","UBE2I",0.787
"NUP93","TPR",0.966
"NUP93","BTF3",0.815
"B4GALT2","C1GALT1",0.863
"MOS","HSP90AA1",0.928
"MOS","HSP90AB1",0.928
"DDX23","USP39",0.996
"DDX23","SF1",0.841
"DDX23","SNU13",0.991
"DDX23","SF3B1",0.956
"DDX23","SNRNP70",0.953
"DDX23","DHX15",0.809
"DDX23","SF3B2",0.923
"DDX23","PRPF31",0.997
"DDX23","PRP4K",0.937
"DDX23","CDC5L",0.821
"MRPL57","MRPS12",0.871
"MRPL57","TUFM",0.898
"MRPL57","MRPL2",0.874
"MRPL57","MRPS11",0.887
"MRPL57","MRPL19",0.906
"MRPL57","MRPL9",0.836
"MRPL57","MRPS16",0.895
"MRPL57","MRPS14",0.866
"MRPL57","MRPS15",0.905
"MRPL57","MRPL46",0.913
"MRPL57","DAP3",0.859
"MRPL57","MRPL20",0.876
"MRPL57","MRPS18A",0.954
"MRPL57","MRPS31",0.837
"MRPL57","MRPL40",0.881
"MRPL57","MRPL12",0.932
"MRPL57","MRPL24",0.888
"CTSF","BID",0.901
"FANCI","UBA52",0.947
"FANCI","BRCA1",0.993
"FANCI","EXO1",0.834
"FANCI","PRKDC",0.782
"FANCI","CHEK1",0.861
"FANCI","BRCA2",0.996
"FANCI","XPA",0.757
"FANCI","XRCC5",0.727
"FANCI","MCM10",0.716
"FANCI","RACGAP1",0.722
"FANCI","RAD54L",0.784
"COQ2","FDPS",0.716
"PPARD","ACOX3",0.715
"PPARD","HDAC1",0.756
"PPARD","KLF5",0.723
"MAPK7","PRKCZ",0.942
"CASP3","TXN",0.857
"CASP3","H3-4",0.732
"CASP3","HDAC1",0.738
"CASP3","HSP90AA1",0.878
"CASP3","HTT",0.75
"CASP3","BID",0.827
"CASP3","CASP8",0.999
"CASP3","PSEN1",0.718
"CASP3","IL6",0.881
"CASP3","GSK3B",0.747
"CASP3","HSP90AB1",0.858
"CASP3","PMAIP1",0.743
"CASP3","JUN",0.809
"CASP3","DSP",0.806
"CASP3","ATG5",0.787
"CASP3","CDKN1A",0.996
"CASP3","STAT1",0.78
"CASP3","CHEK1",0.764
"CASP3","TRAF3",0.71
"CASP3","BECN1",0.925
"CASP3","XIAP",0.999
"CASP3","PARP1",0.999
"CASP3","PRKDC",0.732
"CASP3","HSPA5",0.793
"CASP3","FASLG",0.892
"CASP3","CFLAR",0.863
"CASP3","TLR4",0.74
"CASP3","NES",0.737
"CASP3","MTOR",0.723
"CASP3","IL10",0.786
"CASP3","PTEN",0.748
"CASP3","STK26",0.857
"CASP3","HCLS1",0.773
"CASP3","FOXO3",0.776
"CYP4A11","PLA2G6",0.709
"CYP4A11","ALDH9A1",0.919
"CYP4A11","CYP1A1",0.953
"VEGFB","NTRK1",0.866
"CTSW","BID",0.902
"CTSW","CD8A",0.73
"PPP2R1B","RYR2",0.905
"PPP2R1B","PPP2R5E",0.993
"PPP2R1B","PPP2R1A",0.999
"PPP2R1B","PPP2R2B",0.995
"PPP2R1B","INTS3",0.994
"PPP2R1B","ARRB1",0.807
"PPP2R1B","IRAK1",0.905
"PPP2R1B","PPP2R2A",0.999
"PPP2R1B","STRN3",0.996
"PPP2R1B","TGFBR2",0.914
"PPP2R1B","PDCD10",0.994
"PPP2R1B","SF3B1",0.78
"PPP2R1B","PRKCZ",0.901
"PPP2R1B","MOB4",0.994
"RAD9A","RFC4",0.978
"RAD9A","BRCA2",0.931
"RAD9A","H3-4",0.876
"RAD9A","SMC5",0.833
"RAD9A","XRCC5",0.806
"RAD9A","EXO1",0.873
"RAD9A","H2AX",0.767
"RAD9A","BRCA1",0.895
"RAD9A","CHEK1",0.963
"RAD9A","RFC3",0.981
"POLD4","REV3L",0.742
"POLD4","POLE",0.799
"POLD4","PCNA",0.99
"ADCY6","PRKACG",0.861
"ADCY6","GNB1",0.7
"ADCY6","CALML5",0.825
"ADCY6","GCH1",0.8
"ADCY6","CALML4",0.827
"ADCY6","PDE4B",0.798
"ZWILCH","BUB3",0.89
"ZWILCH","CDCA8",0.779
"ZWILCH","KNTC1",0.999
"RPL4","GNL3",0.878
"RPL4","NOC2L",0.886
"RPL4","EIF2S2",0.863
"RPL4","DOCK4",0.977
"RPL4","MRPL9",0.97
"RPL4","RPL3",0.999
"RPL4","RPF1",0.886
"RPL4","GNL3L",0.786
"RPL4","MRPL19",0.969
"RPL4","SYNCRIP",0.867
"RPL4","EIF1AX",0.951
"RPL4","TSFM",0.733
"RPL4","RRP1B",0.93
"RPL4","EIF3I",0.886
"RPL4","RPL39L",0.969
"RPL4","RPL14",0.999
"RPL4","MRPL46",0.814
"RPL4","MRPS14",0.838
"RPL4","RPL36AL",0.99
"RPL4","MRPS15",0.856
"RPL4","METAP2",0.75
"RPL4","ZNF593",0.892
"RPL4","HMGN1",0.892
"RPL4","EEF1D",0.811
"RPL4","RPL12",0.999
"RPL4","RPS14",0.999
"RPL4","SNU13",0.785
"RPL4","RRP7A",0.863
"RPL4","FTSJ3",0.953
"RPL4","IFI35",0.968
"RPL4","GTPBP4",0.988
"RPL4","NOC3L",0.889
"RPL4","RPS9",0.999
"RPL4","HMGN4",0.887
"RPL4","ATP5F1A",0.867
"RPL4","BRIX1",0.953
"RPL4","RPL13A",0.999
"RPL4","EPRS1",0.769
"RPL4","DAP3",0.839
"RPL4","MRPL20",0.968
"RPL4","HBS1L",0.872
"RPL4","GSPT1",0.923
"RPL4","PDCD11",0.977
"RPL4","RPL22",0.999
"RPL4","POLR1B",0.77
"RPL4","RPL27",0.999
"RPL4","CCT4",0.71
"RPL4","EIF1AY",0.887
"RPL4","EIF5A",0.986
"RPL4","MRPL24",0.848
"RPL4","SEC61G",0.969
"RPL4","MRPS12",0.889
"RPL4","RPS27L",0.984
"RPL4","TUFM",0.976
"RPL4","TUBB",0.852
"RPL4","RPS21",0.999
"RPL4","RRS1",0.759
"RPL4","IMP3",0.893
"RPL4","EIF3A",0.762
"RPL4","NOC4L",0.88
"RPL4","MRPL2",0.838
"RPL4","MRTO4",0.965
"RPL4","MRPS11",0.852
"RPL4","RPL23",0.999
"RPL4","RPS19",0.999
"RPL4","TMCO1",0.827
"RPL4","MRPS16",0.97
"RPL4","RPS16",0.999
"RPL4","RPL5",0.999
"RPL4","RPL10",0.999
"RPL4","ATP5F1C",0.819
"RPL4","POLR2F",0.789
"RPL4","SERBP1",0.99
"RPL4","MAK16",0.963
"RPL4","RPL30",0.999
"RPL4","IFRD1",0.751
"RPL4","EBNA1BP2",0.899
"RPL4","GNL2",0.946
"RPL4","RPS4X",0.999
"RPL4","TMA16",0.802
"RPL4","RPLP1",0.999
"RPL4","POLR2B",0.774
"RPL4","HEATR1",0.869
"RPL4","EIF6",0.997
"RPL4","MRPL12",0.972
"RPL4","SECISBP2",0.819
"RPL4","ETF1",0.944
"RPL4","SRPRA",0.94
"RPL4","RPS2",0.999
"RPL4","RPL24",0.999
"RPL4","RPL37A",0.999
"RPL4","RPS6",0.999
"RPL4","UBA52",0.999
"RPL4","EIF3B",0.823
"RPL4","BTF3",0.965
"RAB6A","TBC1D15",0.762
"RAB6A","DCTN1",0.877
"RAB6A","TGOLN2",0.808
"HEG1","PDCD10",0.773
"IQCB1","CALML5",0.937
"IQCB1","CALML4",0.937
"RSF1","BAZ1A",0.907
"RSF1","HSP90AB1",0.981
"RSF1","HSP90AA1",0.981
"RSF1","BAZ1B",0.95
"RSF1","RBBP4",0.759
"ARR3","MAP3K5",0.787
"TNKS","BRCA1",0.797
"TNKS","PARP1",0.831
"TNKS","PTEN",0.923
"UGT8","PLPP2",0.929
"PPP1R8","RBM5",0.853
"PPP1R8","CDC5L",0.772
"PPP1R8","PPP1CA",0.983
"PPP1R8","PPP1CC",0.972
"PPP1R8","SF3B1",0.95
"PPP1R8","DHX9",0.857
"FGF5","GRB2",0.745
"FGF5","FN1",0.799
"FGF5","IL6",0.702
"FGF5","NTRK1",0.887
"OXSR1","SEC61G",0.9
"RBM14","ILF2",0.823
"RBM14","DHX9",0.705
"RBM14","SYNCRIP",0.722
"RBM14","ILF3",0.738
"RBM14","SMARCA4",0.716
"RBM14","HNRNPA1",0.883
"RBM14","MATR3",0.949
"RBM14","XRCC5",0.872
"RBM14","SRSF2",0.732
"RBM14","SNRNP70",0.865
"ZMIZ2","SMARCA4",0.705
"REST","HDAC2",0.964
"REST","KDM1A",0.995
"REST","EZH2",0.721
"REST","HDAC1",0.994
"REST","HTT",0.991
"REST","RBBP7",0.733
"CTBP2","CACNA1F",0.821
"CTBP2","HDAC1",0.974
"CTBP2","ZEB1",0.989
"CTBP2","BRCA1",0.759
"CTBP2","FPGS",0.769
"CTBP2","HDAC2",0.98
"CTBP2","KDM1A",0.828
"MSL2","ING3",0.905
"MSL2","RUVBL1",0.901
"MSL2","MORF4L1",0.93
"MSL2","TRRAP",0.906
"PTPN2","JAK2",0.957
"PTPN2","STAT1",0.978
"PTPN2","STAT5A",0.948
"PTPN2","SRC",0.74
"PTPN2","STAT2",0.937
"GGA2","CLINT1",0.925
"GGA2","BACE1",0.866
"NEFH","CDK5",0.846
"NEFH","MAPK11",0.915
"NEFH","DCTN1",0.712
"CD7","CD19",0.817
"CD7","CD8A",0.839
"TLR8","IL6",0.821
"TLR8","IRAK1",0.852
"TLR8","HCK",0.771
"TLR8","RIGI",0.791
"TLR8","IRF7",0.827
"TLR8","TLR4",0.712
"TLR8","IRF3",0.73
"TLR8","IL10",0.703
"TLR8","IFNB1",0.835
"TLR8","CD8A",0.776
"TNS3","PTK2",0.783
"TNS3","SRC",0.817
"ELMO1","CRKL",0.961
"ELMO1","DOCK4",0.935
"ELMO1","SYK",0.717
"ELMO1","HCK",0.965
"ELMO1","SRC",0.928
"MSL3","TRRAP",0.945
"MSL3","H4C2",0.916
"MSL3","MORF4L1",0.939
"MSL3","RUVBL1",0.919
"MSL3","ING3",0.94
"GRK2","GNB1",0.99
"GRK2","CSNK1D",0.914
"GRK2","ARRB1",0.998
"GRK2","CSNK1E",0.911
"GRK2","CXCR3",0.717
"PLA2G1B","PLAAT3",0.74
"TPMT","IMPDH2",0.96
"MRPL46","RPS14",0.824
"MRPL46","RPS9",0.852
"MRPL46","RPL13A",0.825
"MRPL46","MRPL20",0.995
"MRPL46","DAP3",0.994
"MRPL46","MRPL40",0.999
"MRPL46","MRPL24",0.996
"MRPL46","RPL3",0.845
"MRPL46","MRPL9",0.997
"MRPL46","MRPL19",0.995
"MRPL46","TSFM",0.898
"MRPL46","MRPS14",0.996
"MRPL46","MRPS15",0.998
"MRPL46","MRPS18A",0.985
"MRPL46","IFI44L",0.79
"MRPL46","MRPS31",0.911
"MRPL46","MRPL12",0.963
"MRPL46","RPS2",0.872
"MRPL46","TUFM",0.921
"MRPL46","MRPS12",0.994
"MRPL46","IMP3",0.725
"MRPL46","MRPL2",0.997
"MRPL46","MRPS11",0.998
"MRPL46","RPL23",0.972
"MRPL46","MRPS16",0.996
"MRPL46","RPS16",0.815
"MRPL46","RPL10",0.767
"AOC3","CD19",0.795
"AOC3","CD8A",0.84
"AOC3","ALDH9A1",0.928
"AOC3","MAOB",0.974
"AOC3","DDC",0.904
"KLHL3","KLHL2",0.945
"KLHL3","KEAP1",0.964
"AP1G2","AP1B1",0.994
"AP1G2","AP1S1",0.995
"AP1G2","AP1G1",0.904
"AP1G2","AP3S2",0.783
"CFLAR","FASLG",0.963
"CFLAR","CASP8",0.999
"CFLAR","XIAP",0.917
"NFYC","SP1",0.704
"INSM1","KDM1A",0.964
"LEP","JAK2",0.966
"LEP","STAT5A",0.722
"LEP","SOCS3",0.908
"LEP","PYY",0.908
"LEP","IL6",0.919
"LEP","SPP1",0.764
"LEP","MTOR",0.731
"LEP","IL10",0.806
"LEP","RBP4",0.741
"LEP","KISS1",0.936
"LEP","CLU",0.899
"CASP2","NLRP3",0.7
"CASP2","XIAP",0.775
"CASP2","BID",0.972
"CASP2","CASP8",0.893
"GH1","JAK2",0.752
"TAF7","MED16",0.828
"TAF7","TAF11",0.999
"TAF7","MAP3K7",0.733
"TAF7","GTF2B",0.996
"TAF7","SUPT3H",0.932
"TAF7","RUVBL1",0.9
"TAF7","MED14",0.855
"TAF7","GTF2F2",0.98
"TAF7","POLR2B",0.911
"TAF7","POLR2L",0.896
"TAF7","GTF2E2",0.994
"TAF7","H4C2",0.807
"TAF7","TRRAP",0.969
"TAF7","POLR2F",0.895
"TAF7","MED23",0.843
"TAF7","PRPF31",0.9
"TAF7","MED25",0.8
"RAB8B","TBK1",0.788
"RAB8B","TUBB",0.739
"CAMKK2","STK11",0.944
"CAMKK2","CALML5",0.998
"CAMKK2","MTOR",0.771
"CAMKK2","CALML4",0.997
"KCTD2","PCNA",0.854
"USP39","SNU13",0.98
"USP39","SF3B1",0.91
"USP39","SF3B2",0.837
"USP39","SNRNP70",0.929
"USP39","PRPF31",0.995
"USP39","PRP4K",0.93
"HNF4A","SMAD4",0.99
"HNF4A","JUN",0.889
"HNF4A","SRC",0.75
"HNF4A","GSK3B",0.919
"HNF4A","SMAD3",0.957
"HNF4A","MED14",0.841
"HNF4A","SOX2",0.813
"NFKBIB","UBE2D2",0.916
"NFKBIB","RIGI",0.701
"NFKBIB","CHUK",0.997
"NFKBIB","CUL1",0.932
"GNAI2","GNB1",0.999
"GNAI2","PRKACG",0.729
"GNAI2","MAPK11",0.739
"GNAI2","NRAS",0.927
"GNAI2","PLCB1",0.926
"GNAI2","SRC",0.92
"GNAI2","PIK3CD",0.91
"GNAI2","HCK",0.916
"NIPSNAP2","SQSTM1",0.827
"FBXO34","CUL1",0.87
"NPHP1","STK11",0.787
"NPHP1","CETN2",0.773
"NPHP1","TUBB",0.748
"ATAD5","WDHD1",0.955
"ATAD5","PCNA",0.936
"ATAD5","RFC3",0.985
"ATAD5","EXO1",0.885
"ATAD5","ORC1",0.843
"ATAD5","RFC4",0.999
"ATAD5","MCM10",0.774
"HNRNPD","SYNCRIP",0.98
"HNRNPD","PCBP2",0.956
"HNRNPD","EIF4G1",0.99
"HNRNPD","SRSF4",0.742
"HNRNPD","NCBP2",0.704
"HNRNPD","ILF3",0.805
"HNRNPD","BRCA1",0.715
"HNRNPD","HNRNPA1",0.932
"HNRNPD","SRSF2",0.851
"HNRNPD","DNMT1",0.968
"HNRNPD","YBX1",0.875
"HNRNPD","TNPO1",0.968
"SLC35C1","SLC35A1",0.755
"PANK2","VNN1",0.918
"PANK2","PLA2G6",0.958
"DAB2","TGFBR2",0.786
"DAB2","VAMP2",0.722
"DAB2","EPS15",0.87
"DAB2","TFRC",0.81
"DAB2","SNAP91",0.825
"DAB2","AP2A2",0.753
"DAB2","ARRB1",0.788
"DAB2","EPN2",0.841
"DAB2","SRC",0.713
"DAB2","PICALM",0.868
"DAB2","ITSN1",0.794
"DAB2","EPS15L1",0.758
"DAB2","ITSN2",0.725
"DAB2","GRB2",0.948
"CD19","CD40",0.88
"CD19","IFITM1",0.999
"CD19","CD37",0.899
"CD19","IL10",0.806
"CD19","CD8A",0.913
"CD19","IL6",0.836
"CD19","CXCL9",0.716
"CD19","CD52",0.733
"CD19","PAX5",0.918
"CD19","PDCD1",0.817
"CD19","PIK3CD",0.971
"CD19","SYK",0.983
"CD19","CD9",0.912
"CD19","STAT5A",0.701
"CD19","GRB2",0.892
"CD19","CXCR3",0.715
"PRKDC","XRCC5",0.999
"PRKDC","XPA",0.883
"PRKDC","HSP90AB1",0.73
"PRKDC","POLL",0.872
"PRKDC","BRCA2",0.887
"PRKDC","RAD23B",0.936
"PRKDC","H3-4",0.723
"PRKDC","HSP90AA1",0.733
"PRKDC","CHEK1",0.928
"PRKDC","PARP1",0.993
"PRKDC","EXO1",0.777
"PRKDC","H2AX",0.983
"PRKDC","CETN2",0.923
"PRKDC","BRCA1",0.955
"PRKDC","DHX9",0.74
"PRKDC","KDM1A",0.919
"GFRA4","RET",0.985
"GRHPR","FPGS",0.83
"GRHPR","PKM",0.783
"GRHPR","PKLR",0.77
"GRHPR","MAOB",0.821
"UBA6","UBA3",0.712
"UBA6","UBE2D2",0.963
"UBA6","UBA7",0.917
"UBA6","UBE2N",0.94
"UBA6","UBA52",0.988
"PHKB","CALML4",0.916
"PHKB","CALML5",0.917
"KLK2","AR",0.919
"KLK2","SERPINA3",0.851
"ABCF1","MRPL20",0.815
"ABCF1","LARP4B",0.911
"ABCF1","MRPL19",0.796
"ABCF1","DHX9",0.921
"ABCF1","RPL24",0.919
"ABCF1","RPL30",0.918
"ABCF1","MRPS16",0.773
"ABCF1","RPL23",0.79
"ABCF1","RPL5",0.791
"ABCF1","RPS21",0.924
"SPHK1","PLPP2",0.936
"SPHK1","BECN1",0.704
"KHDRBS1","MATR3",0.769
"KHDRBS1","HNRNPA1",0.975
"KHDRBS1","GRB2",0.939
"KHDRBS1","HCK",0.813
"KHDRBS1","ILF3",0.899
"KHDRBS1","SRRM1",0.788
"KHDRBS1","SNRNP70",0.716
"KHDRBS1","DHX15",0.752
"KHDRBS1","SRC",0.993
"KHDRBS1","SRSF2",0.733
"KHDRBS1","FYN",0.958
"KHDRBS1","SF3B1",0.7
"KHDRBS1","DDX17",0.774
"KHDRBS1","FMR1",0.703
"KHDRBS1","DHX9",0.956
"KHDRBS1","SYNCRIP",0.799
"KHDRBS1","ILF2",0.768
"PDS5B","SMC4",0.737
"PDS5B","BRCA2",0.939
"CD46","CD9",0.744
"TSFM","ATP5IF1",0.853
"TSFM","RPS2",0.808
"TSFM","MRPL12",0.966
"TSFM","POLR2B",0.73
"TSFM","ATP5F1C",0.884
"TSFM","RPS16",0.733
"TSFM","RPL5",0.845
"TSFM","MRPS16",0.994
"TSFM","RPL23",0.914
"TSFM","MRTO4",0.827
"TSFM","MRPS11",0.91
"TSFM","MRPL2",0.881
"TSFM","KARS1",0.809
"TSFM","IMP3",0.821
"TSFM","MRPS12",0.894
"TSFM","TUFM",0.999
"TSFM","MRPL24",0.891
"TSFM","POLR1B",0.72
"TSFM","PDCD11",0.939
"TSFM","MRPL20",0.949
"TSFM","RPL13A",0.749
"TSFM","EPRS1",0.879
"TSFM","ATP5F1A",0.899
"TSFM","RPS9",0.776
"TSFM","RPS14",0.732
"TSFM","RPL12",0.703
"TSFM","MRPS15",0.81
"TSFM","MRPS14",0.882
"TSFM","MRPL19",0.956
"TSFM","RPL3",0.745
"TSFM","MRPL9",0.95
"MSRA","TXN",0.953
"MSRA","GLRX",0.896
"BICRAL","SMARCA2",0.967
"BICRAL","SMARCA4",0.974
"BICRAL","ARID1A",0.952
"BICRAL","SMARCD1",0.994
"AURKB","HSP90AA1",0.88
"AURKB","H3-4",0.974
"AURKB","NEK2",0.783
"AURKB","CDC25C",0.843
"AURKB","BRCA2",0.79
"AURKB","HSP90AB1",0.884
"AURKB","VCP",0.797
"AURKB","MKI67",0.865
"AURKB","CDCA3",0.933
"AURKB","EXO1",0.797
"AURKB","CCNF",0.786
"AURKB","KIF2C",0.996
"AURKB","PTTG1",0.949
"AURKB","CHEK1",0.754
"AURKB","CKS2",0.738
"AURKB","BUB3",0.943
"AURKB","TACC3",0.74
"AURKB","CDCA8",0.999
"AURKB","NOC2L",0.867
"AURKB","KIFC1",0.906
"AURKB","PPP1CC",0.916
"AURKB","RFC4",0.715
"AURKB","TK1",0.767
"AURKB","CBX3",0.75
"AURKB","MCM10",0.73
"AURKB","RACGAP1",0.966
"AURKB","SMC4",0.867
"AURKB","CDC14A",0.789
"TTC27","POLR1B",0.77
"TTC27","HEATR1",0.774
"C1QB","CALR",0.96
"C1QB","MS4A4A",0.764
"NSD3","H2AC13",0.913
"NSD3","H4C2",0.829
"NSD3","H3-4",0.984
"NSD3","H2AC17",0.913
"NSD3","NUP98",0.831
"KLHDC3","PRAME",0.922
"ANAPC2","CDC16",0.999
"ANAPC2","PTTG1",0.851
"ANAPC2","BRCA1",0.912
"ANAPC2","UBA52",0.949
"ANAPC2","BABAM2",0.9
"ANAPC2","NEK2",0.985
"ANAPC2","BRCA2",0.76
"ANAPC2","CDC14A",0.704
"ANAPC2","BUB3",0.745
"SENP3","SUMO3",0.734
"SENP3","SUMO1",0.986
"SENP3","RUVBL1",0.906
"SENP3","PRPF31",0.9
"SENP3","CUL1",0.76
"SENP3","HSP90AA1",0.707
"SENP3","GNL2",0.815
"SENP3","RPL37A",0.89
"SENP3","UBE2I",0.786
"DNAJA2","DNAJA1",0.92
"DNAJA2","HSP90AB1",0.88
"DNAJA2","HSP90AA1",0.899
"DNAJA2","CCT4",0.713
"DNAJA2","HSPA2",0.919
"DNAJA2","DNAJB4",0.739
"DNAJA2","NUDC",0.714
"DNAJA2","HSPA5",0.851
"AGPAT4","GNPAT",0.889
"AGPAT4","PLPP2",0.785
"PAK2","ROBO1",0.911
"HIC1","UBE2I",0.767
"HIC1","DNMT1",0.761
"TFE3","MITF",0.996
"TFE3","SMAD3",0.76
"KLK3","SERPINA3",0.995
"KLK3","FN1",0.777
"KLK3","AR",0.995
"GPR88","GNB1",0.918
"DDX10","POLR1B",0.858
"DDX10","PDCD11",0.973
"DDX10","BRIX1",0.823
"DDX10","GTPBP4",0.892
"DDX10","NOC3L",0.901
"DDX10","FTSJ3",0.883
"DDX10","RCL1",0.737
"DDX10","GNL3L",0.74
"DDX10","NOL10",0.952
"DDX10","RPF1",0.708
"DDX10","NOC2L",0.918
"DDX10","GNL3",0.779
"DDX10","NUP98",0.839
"DDX10","HEATR1",0.892
"DDX10","GNL2",0.843
"DDX10","EBNA1BP2",0.901
"DDX10","MAK16",0.782
"DDX10","NGDN",0.902
"DDX10","DDX47",0.781
"DDX10","DHX15",0.809
"DDX10","UTP14A",0.969
"PER1","CSNK1E",0.996
"PER1","CUL1",0.9
"PER1","CSNK1D",0.984
"METTL1","FTSJ3",0.897
"METTL1","BUD23",0.826
"METTL1","TRMT11",0.772
"METTL1","RRS1",0.704
"METTL1","DDX47",0.817
"GAK","EPN2",0.773
"GAK","AP1G1",0.792
"GAK","AAK1",0.785
"GAK","PICALM",0.842
"GAK","CDK5",0.821
"ARFGAP1","COPB2",0.71
"ARFGAP1","AP2A2",0.745
"ALDH5A1","MDH2",0.91
"ALDH5A1","CS",0.93
"TOLLIP","TLR4",0.99
"TOLLIP","IRAK1",0.999
"TOLLIP","SQSTM1",0.84
"IL1RAP","IL18R1",0.955
"IL1RAP","IRAK1",0.954
"ANGPT2","IL6",0.75
"ANGPT2","NTRK1",0.993
"IL20RA","IL6",0.752
"IL20RA","IL10",0.869
"IL20RA","STAT1",0.813
"IL20RA","IFNB1",0.705
"CRAT","CS",0.759
"RNF31","CD40",0.76
"RNF31","TBK1",0.997
"RNF31","TRIM25",0.777
"RNF31","UBE2D2",0.987
"RNF31","MAP3K7",0.703
"RNF31","VCP",0.843
"RNF31","CHUK",0.861
"RNF31","UBA52",0.947
"RNF31","TRAF3",0.733
"RNF31","XIAP",0.933
"CLU","PICALM",0.923
"CLU","APOA2",0.967
"CLU","APOL1",0.923
"CLU","FN1",0.802
"CLU","CD2AP",0.8
"CLU","SPP1",0.73
"CLU","HSPA5",0.874
"CLU","BIN1",0.955
"SHQ1","RUVBL1",0.861
"ITGA3","CD9",0.969
"ITGA3","FN1",0.999
"ITGA3","COL4A2",0.784
"ITGA3","SPP1",0.746
"ITGA3","SRC",0.896
"ITGA3","PTK2",0.978
"ITGA3","THBS2",0.931
"ITGA3","COL6A1",0.835
"CALML3","YWHAZ",0.811
"CALML3","CAV1",0.996
"CALML3","JAK2",0.795
"CALML3","CALML4",0.963
"CALML3","SCN5A",0.974
"CALML3","RYR2",0.999
"CALML3","SRC",0.927
"CALML3","GSK3B",0.781
"CALML3","PPP1CA",0.79
"CALML3","HSP90AB1",0.995
"CALML3","AKAP9",0.802
"CALML3","PLA2G6",0.787
"CALML3","HSP90AA1",0.996
"CALML3","CACNA1H",0.943
"CALML3","PLCB1",0.751
"CALML3","NRAS",0.958
"CALML3","FKBP1A",0.992
"CALML3","CACNA1G",0.98
"CALML3","CBS",0.755
"CALML3","PPP1CC",0.83
"CALML3","MTOR",0.707
"CALML3","PRKACG",0.992
"CALML3","KCNQ2",0.965
"CALML3","ANK2",0.841
"CALML3","CALML5",0.967
"PRPF3","PRP4K",0.9
"PRPF3","CDC5L",0.786
"PRPF3","SF3B2",0.999
"PRPF3","SNRNP70",0.953
"PRPF3","PRPF31",0.999
"PRPF3","RBMX2",0.974
"PRPF3","SNU13",0.999
"PRPF3","MAGOHB",0.902
"PRPF3","SF3B1",0.998
"PRPF3","EXOSC10",0.713
"MRPS31","MRPL2",0.896
"MRPS31","MRPS11",0.996
"MRPS31","TUFM",0.917
"MRPS31","MRPS12",0.984
"MRPS31","MRPS16",0.993
"MRPS31","MRPS18A",0.955
"MRPS31","MRPL12",0.831
"MRPS31","MRPL9",0.892
"MRPS31","MRPL19",0.856
"MRPS31","MRPS14",0.998
"MRPS31","MRPS15",0.996
"MRPS31","MRPL20",0.882
"MRPS31","DAP3",0.997
"MRPS31","MRPL24",0.874
"MRPS31","MRPL40",0.908
"OSBPL3","VAPA",0.899
"EXOSC4","UTP11",0.824
"EXOSC4","PDCD11",0.771
"EXOSC4","HBS1L",0.982
"EXOSC4","RPS9",0.708
"EXOSC4","SNU13",0.783
"EXOSC4","RRP7A",0.76
"EXOSC4","RCL1",0.766
"EXOSC4","C1D",0.997
"EXOSC4","FCF1",0.779
"EXOSC4","EXOSC10",0.999
"EXOSC4","HEATR1",0.911
"EXOSC4","RBM7",0.835
"EXOSC4","EXOSC8",0.999
"EXOSC4","ZFC3H1",0.956
"EXOSC4","NOC4L",0.826
"EXOSC4","UTP14A",0.767
"EXOSC4","IMP3",0.818
"CD209","TLR4",0.779
"CD209","SIGLEC1",0.761
"CD209","IL10",0.827
"CD209","IL6",0.742
"CD209","SYK",0.717
"CD209","LSP1",0.991
"CHRNA3","JAK2",0.902
"TYMS","TK1",0.991
"TYMS","RFC4",0.857
"TYMS","FPGS",0.992
"TYMS","E2F1",0.748
"TYMS","EXO1",0.701
"TYMS","PTTG1",0.703
"TYMS","CHEK1",0.863
"TYMS","RFC3",0.755
"TYMS","PCNA",0.913
"TYMS","MTHFD2",0.994
"PEX7","HADHB",0.837
"PEX7","GNPAT",0.84
"PEX7","ACAA1",0.995
"PEX7","PEX2",0.977
"PAM16","DNAJC15",0.985
"CHAF1B","CBX3",0.734
"CHAF1B","RBBP4",0.999
"CHAF1B","RBBP7",0.903
"CHAF1B","PCNA",0.933
"CHAF1B","H3-4",0.834
"MOB4","STRN3",0.999
"MOB4","PDCD10",0.999
"MOB4","STK26",0.999
"MOB4","PPP2R1A",0.999
"CCNG2","FOXO3",0.806
"STAT2","IRF7",0.975
"STAT2","TRIM25",0.759
"STAT2","IRF3",0.93
"STAT2","TBK1",0.701
"STAT2","IFITM3",0.803
"STAT2","IFI6",0.899
"STAT2","RIGI",0.875
"STAT2","IFIT3",0.914
"STAT2","IFI35",0.912
"STAT2","IFI27",0.844
"STAT2","IFIT1",0.887
"STAT2","RSAD2",0.863
"STAT2","RNASEL",0.803
"STAT2","IFI44",0.717
"STAT2","IFNB1",0.947
"STAT2","IFNGR1",0.749
"STAT2","IFITM1",0.787
"STAT2","IFNA2",0.871
"STAT2","IFIT5",0.847
"STAT2","MX2",0.845
"STAT2","OAS2",0.886
"STAT2","HDAC1",0.909
"STAT2","SOCS3",0.977
"STAT2","STAT5A",0.865
"STAT2","IRF9",0.999
"STAT2","XAF1",0.824
"STAT2","MED14",0.759
"STAT2","JAK2",0.991
"STAT2","STAT1",0.999
"STAT2","OAS1",0.88
"STAT2","GBP2",0.753
"STAT2","MX1",0.939
"STAT2","SMARCA4",0.799
"STAT2","ADAR",0.793
"NDUFS8","SDHD",0.984
"NDUFS8","COX7C",0.945
"NDUFS8","NDUFB6",0.999
"NDUFS8","NDUFAF4",0.988
"NDUFS8","NDUFA8",0.999
"NDUFS8","UQCR10",0.998
"NDUFS8","NDUFS2",0.999
"NDUFS8","COX8A",0.741
"NDUFS8","NDUFA3",0.999
"NDUFS8","ATP5F1A",0.801
"NDUFS8","HTATIP2",0.825
"NDUFS8","NDUFA1",0.999
"NDUFS8","DLST",0.724
"NDUFS8","CYC1",0.999
"NDUFS8","COX6C",0.817
"NDUFS8","MDH2",0.826
"NDUFS8","TUFM",0.71
"NDUFS8","ALDH9A1",0.839
"NDUFS8","NDUFA4L2",0.736
"NDUFS8","SDHB",0.998
"NDUFS8","BCS1L",0.74
"NDUFS8","ATP5F1C",0.93
"NDUFS8","NDUFB2",0.996
"NDUFS8","NDUFA13",0.999
"NDUFS8","MRPS18A",0.779
"NDUFS8","NDUFB3",0.999
"NDUFS8","NDUFV2",0.999
"NDUFS8","R3HDM4",0.914
"NDUFS8","COX5A",0.994
"NDUFS8","PPA2",0.704
"CSTF3","SNRNP70",0.731
"CSTF3","CDC5L",0.741
"CSTF3","FIP1L1",0.999
"CSTF3","NCBP2",0.708
"CSTF3","NCBP1",0.759
"AHCYL2","DNMT1",0.919
"AHCYL2","CBS",0.975
"LILRB1","RPL5",0.995
"LILRB1","LSP1",0.83
"LILRB1","SYK",0.945
"LILRB1","CD8A",0.752
"TLN1","PIP4K2A",0.72
"TLN1","HCLS1",0.938
"TLN1","FYN",0.723
"TLN1","ZYX",0.999
"TLN1","GRB2",0.712
"TLN1","MYL6",0.751
"TLN1","APBB1IP",0.999
"TLN1","RAP1A",0.785
"TLN1","SYK",0.7
"TLN1","CAST",0.784
"TLN1","SRC",0.999
"TLN1","PTK2",0.999
"TLN1","FN1",0.992
"TLN1","WAS",0.822
"NUP98","TNPO1",0.914
"NUP98","NXF3",0.814
"NUP98","SEH1L",0.999
"NUP98","TPR",0.994
"NUP98","UBE2I",0.764
"NUP98","CETN2",0.914
"NUP98","CETN3",0.914
"NUP98","PTTG1",0.702
"NUP98","BUB3",0.823
"NUP98","AHCTF1",0.998
"NUP98","NCBP2",0.71
"NUP98","NUP43",0.999
"NUP98","SEC13",0.999
"NUP98","NCBP1",0.708
"NUP98","NUP160",0.999
"NUP98","NUP50",0.949
"HNRNPA0","SNRNP70",0.762
"HNRNPA0","SRSF2",0.732
"HNRNPA0","HNRNPA1",0.908
"HNRNPA0","SYNCRIP",0.774
"DVL3","CSNK1D",0.893
"DVL3","BAMBI",0.901
"DVL3","GSK3B",0.956
"DVL3","CSNK1E",0.94
"DVL3","ADAR",0.717
"SGF29","SUPT3H",0.999
"SGF29","MAP3K7",0.857
"SGF29","H3-4",0.977
"SGF29","TRRAP",0.999
"UBE2N","SUMO3",0.729
"UBE2N","TLR4",0.932
"UBE2N","TRIM25",0.99
"UBE2N","SUMO1",0.913
"UBE2N","UBA3",0.718
"UBE2N","CD40",0.801
"UBE2N","MAP3K7",0.993
"UBE2N","PELI1",0.821
"UBE2N","UBE2D2",0.736
"UBE2N","VCP",0.785
"UBE2N","XPA",0.701
"UBE2N","UBA7",0.961
"UBE2N","HSP90AA1",0.773
"UBE2N","RAD23B",0.751
"UBE2N","PCNA",0.776
"UBE2N","IRAK1",0.919
"UBE2N","XIAP",0.737
"UBE2N","TRIM5",0.993
"UBE2N","REV3L",0.857
"UBE2N","TRAF3",0.847
"UBE2N","BRCA1",0.955
"UBE2N","UBA52",0.997
"UBE2N","H2AX",0.758
"UBE2N","CHUK",0.837
"CLEC4M","LSP1",0.902
"HTR1A","MAOB",0.735
"HTR1A","GNB1",0.973
"SCD5","HACD2",0.918
"FARS2","EPRS1",0.813
"FARS2","KARS1",0.809
"BAIAP2","NCKAP1",0.954
"BAIAP2","WAS",0.941
"BAIAP2","SRC",0.73
"BAIAP2","YWHAQ",0.937
"BAIAP2","EPS8",0.996
"USP9X","FOXO3",0.798
"USP9X","USP34",0.793
"USP9X","SOX2",0.747
"USP9X","USP7",0.739
"USP9X","TRIP12",0.749
"USP9X","SMAD4",0.971
"DLGAP1","HCLS1",0.857
"CSH1","JAK2",0.769
"CSH1","CGA",0.744
"PACS1","TGOLN2",0.761
"DEGS1","METAP2",0.896
"DEGS1","PLPP2",0.904
"SUZ12","H4C2",0.807
"SUZ12","H2AC13",0.906
"SUZ12","H2AX",0.721
"SUZ12","RBBP7",0.999
"SUZ12","RBBP4",0.999
"SUZ12","DNMT1",0.911
"SUZ12","EZH2",0.999
"SUZ12","JUN",0.734
"SUZ12","H3-4",0.925
"SUZ12","HDAC1",0.96
"SUZ12","H2AC17",0.82
"SUZ12","KDM1A",0.876
"SUZ12","SOX2",0.727
"SUZ12","USP7",0.77
"SUZ12","HDAC2",0.995
"SUZ12","E2F1",0.735
"SUZ12","JARID2",0.999
"RANBP10","MKLN1",0.949
"OSBPL2","VAPA",0.81
"BIN1","PICALM",0.892
"BIN1","ITSN1",0.891
"BIN1","SH3GL2",0.855
"BIN1","GRB2",0.899
"BIN1","ITSN2",0.866
"BIN1","WAS",0.868
"BIN1","SRC",0.712
"BIN1","EPN2",0.853
"BIN1","CD2AP",0.797
"BIN1","SH3GLB2",0.703
"BIN1","AMPH",0.984
"BIN1","EPS15",0.856
"BIN1","DNM1",0.99
"BIN1","SNAP91",0.812
"P3H2","P4HB",0.835
"P3H2","P4HA2",0.891
"GCNT4","C1GALT1",0.969
"RMI1","ERCC6L",0.975
"RMI1","CHEK1",0.818
"RMI1","EXO1",0.942
"RMI1","BRCA1",0.915
"RMI1","BRCA2",0.759
"RMI1","SMC5",0.742
"SNRNP200","TBK1",0.799
"SNRNP200","DHX9",0.784
"SNRNP200","NCBP2",0.959
"SNRNP200","SF3B1",0.999
"SNRNP200","MAGOHB",0.985
"SNRNP200","SNU13",0.999
"SNRNP200","NCBP1",0.93
"SNRNP200","SF1",0.732
"SNRNP200","RBMX2",0.999
"SNRNP200","PRPF31",0.999
"SNRNP200","DHX15",0.908
"SNRNP200","SF3B2",0.999
"SNRNP200","SNRNP70",0.959
"SNRNP200","CDC5L",0.998
"SNRNP200","SRRM1",0.878
"SNRNP200","HNRNPA1",0.741
"SNRNP200","PRP4K",0.94
"SNRNP200","COPS5",0.827
"PIBF1","KLF5",0.717
"CYC1","COX7C",0.997
"CYC1","CS",0.899
"CYC1","SDHD",0.878
"CYC1","COX7A2",0.722
"CYC1","CDCA8",0.873
"CYC1","NDUFB6",0.973
"CYC1","COX7A2L",0.911
"CYC1","COX8A",0.757
"CYC1","UQCR10",0.999
"CYC1","NDUFS2",0.999
"CYC1","NDUFA8",0.998
"CYC1","ATP5F1A",0.991
"CYC1","HTATIP2",0.848
"CYC1","NDUFA3",0.901
"CYC1","DLST",0.792
"CYC1","NDUFA1",0.873
"CYC1","MDH2",0.885
"CYC1","COX6C",0.962
"CYC1","TUFM",0.906
"CYC1","APOBEC3B",0.805
"CYC1","ATP5PB",0.914
"CYC1","BCS1L",0.845
"CYC1","SDHB",0.975
"CYC1","APOBEC3G",0.804
"CYC1","HTT",0.933
"CYC1","NDUFB2",0.814
"CYC1","ATP5F1C",0.97
"CYC1","APOBEC3C",0.803
"CYC1","NDUFA13",0.994
"CYC1","COX5A",0.999
"CYC1","R3HDM4",0.975
"CYC1","NDUFV2",0.999
"CYC1","NDUFB3",0.93
"CAPN6","CAST",0.709
"FKBP10","BAZ1B",0.705
"MET","CRKL",0.812
"MET","NRAS",0.966
"MET","PTEN",0.755
"MET","PLAU",0.765
"MET","CTNND1",0.977
"MET","SRC",0.993
"MET","IL6",0.856
"MET","PTK2",0.935
"MET","HSP90AA1",0.768
"MET","FN1",0.745
"MET","PARP1",0.701
"MET","GRB2",0.999
"MET","JAK2",0.92
"MET","PIK3CD",0.922
"LPCAT4","PLAAT3",0.916
"LPCAT4","LYPLA1",0.909
"LPCAT4","PLA2G6",0.753
"SSR4","SEC61G",0.961
"NEUROG2","SOX2",0.85
"TCP1","DNAJA1",0.724
"TCP1","PSMG2",0.913
"TCP1","HSP90AA1",0.906
"TCP1","TUBB",0.968
"TCP1","VCP",0.713
"TCP1","HSP90AB1",0.956
"TCP1","CCT4",0.999
"TCP1","TUBA1B",0.856
"TCP1","EPRS1",0.788
"TCP1","STRN3",0.994
"TCP1","HSPA5",0.894
"TCP1","PFDN5",0.979
"TCP1","RUVBL1",0.814
"MRPS11","IMP3",0.899
"MRPS11","RPS21",0.975
"MRPS11","RPS27L",0.925
"MRPS11","MRPS12",0.999
"MRPS11","TUFM",0.997
"MRPS11","MRTO4",0.908
"MRPS11","MRPL2",0.992
"MRPS11","MRPS16",0.999
"MRPS11","RPL23",0.995
"MRPS11","RPS19",0.975
"MRPS11","POLR2F",0.888
"MRPS11","ATP5F1C",0.853
"MRPS11","RPL10",0.805
"MRPS11","RPS16",0.922
"MRPS11","RPL5",0.971
"MRPS11","RPL30",0.943
"MRPS11","POLR2B",0.814
"MRPS11","RPLP1",0.922
"MRPS11","MRPS18A",0.996
"MRPS11","RPS4X",0.909
"MRPS11","MRPL12",0.995
"MRPS11","RPS6",0.978
"MRPS11","UBA52",0.959
"MRPS11","RPL24",0.958
"MRPS11","RPL37A",0.947
"MRPS11","RPS2",0.967
"MRPS11","MRPL19",0.999
"MRPS11","MRPL9",0.995
"MRPS11","RPL3",0.837
"MRPS11","EIF1AX",0.89
"MRPS11","MRPS15",0.999
"MRPS11","HMGN1",0.776
"MRPS11","MRPS14",0.999
"MRPS11","RPL36AL",0.798
"MRPS11","RPL14",0.784
"MRPS11","RPL39L",0.759
"MRPS11","RRP7A",0.706
"MRPS11","IFI35",0.786
"MRPS11","RPL12",0.779
"MRPS11","DAP3",0.999
"MRPS11","MRPL20",0.997
"MRPS11","RPL13A",0.837
"MRPS11","EPRS1",0.848
"MRPS11","ATP5F1A",0.866
"MRPS11","RPS9",0.994
"MRPS11","HMGN4",0.782
"MRPS11","EIF1AY",0.889
"MRPS11","MRPL40",0.994
"MRPS11","RPL22",0.784
"MRPS11","POLR1B",0.772
"MRPS11","RPL27",0.803
"MRPS11","PDCD11",0.967
"MRPS11","MRPL24",0.991
"MRPS11","EIF5A",0.767
"GLS","EPRS1",0.809
"GLS","ALDH9A1",0.815
"BBS1","AP1G1",0.762
"GRK3","CSNK1D",0.9
"GRK3","ARRB1",0.933
"GRK3","CSNK1E",0.923
"NEUROG1","CACNA1G",0.811
"RECQL5","EXO1",0.814
"RECQL5","BRCA1",0.728
"RECQL5","BRCA2",0.712
"APOL1","CD2AP",0.807
"APOL1","APOA2",0.926
"RPP25","AGO3",0.72
"RPP25","DHX9",0.72
"RPP25","CSNK1E",0.802
"RPP25","SNU13",0.735
"RPP25","RPS14",0.803
"RPP25","RPS9",0.806
"RPP25","RPS6",0.8
"RPP25","CSNK1D",0.81
"RPP25","RPS2",0.878
"STX4","CALR",0.822
"STX4","STXBP2",0.792
"STX4","STX2",0.858
"STX4","VAMP2",0.999
"COX5A","NDUFA3",0.911
"COX5A","ATP5F1A",0.979
"COX5A","COX6C",0.999
"COX5A","MDH2",0.903
"COX5A","HIGD1A",0.906
"COX5A","NDUFA1",0.934
"COX5A","NDUFB6",0.994
"COX5A","CS",0.77
"COX5A","COX7A2",0.991
"COX5A","SDHD",0.917
"COX5A","COX7C",0.999
"COX5A","ATP5PF",0.946
"COX5A","NDUFA8",0.989
"COX5A","COX7A2L",0.969
"COX5A","COX8A",0.996
"COX5A","UQCR10",0.999
"COX5A","NDUFS2",0.981
"COX5A","APOBEC3C",0.828
"COX5A","NDUFA13",0.986
"COX5A","NDUFB3",0.947
"COX5A","R3HDM4",0.744
"COX5A","NDUFV2",0.994
"COX5A","NDUFA4L2",0.759
"COX5A","SDHB",0.946
"COX5A","BCS1L",0.824
"COX5A","APOBEC3B",0.82
"COX5A","ATP5PB",0.978
"COX5A","ATP5F1C",0.988
"COX5A","NDUFB2",0.884
"COX5A","APOBEC3G",0.822
"SPTBN5","ANK2",0.943
"RBBP6","YBX1",0.709
"RBBP6","PPP1CA",0.738
"RBBP6","FIP1L1",0.978
"TNIP1","TBK1",0.755
"GYS1","PRKACG",0.929
"GYS1","PASK",0.817
"GYS1","PPP1CC",0.986
"GYS1","UGP2",0.981
"GYS1","PPP1CA",0.973
"GYS1","GSK3B",0.99
"EEA1","TFRC",0.913
"EEA1","DNM1",0.711
"EEA1","RAB5B",0.961
"EEA1","CAV1",0.713
"EEA1","TGOLN2",0.788
"ROCK2","PIP4K2C",0.903
"ROCK2","PDCD10",0.709
"ROCK2","PTEN",0.937
"ROCK2","PIP5K1A",0.905
"ROCK2","PIP4K2A",0.903
"ROCK2","PPP1CC",0.921
"ROCK2","PPP1CA",0.917
"ROCK2","BRCA2",0.759
"ROCK2","RND3",0.774
"NOC2L","POLR1E",0.854
"NOC2L","RRP15",0.929
"NOC2L","RPL30",0.87
"NOC2L","EBNA1BP2",0.998
"NOC2L","GNL2",0.945
"NOC2L","HEATR1",0.935
"NOC2L","EIF6",0.977
"NOC2L","NOC4L",0.957
"NOC2L","MRTO4",0.998
"NOC2L","UTP14A",0.855
"NOC2L","RRS1",0.977
"NOC2L","IMP3",0.831
"NOC2L","MAK16",0.99
"NOC2L","NGDN",0.848
"NOC2L","DHX15",0.895
"NOC2L","RPL23",0.933
"NOC2L","DDX47",0.878
"NOC2L","BRIX1",0.996
"NOC2L","RPL13A",0.795
"NOC2L","GTPBP4",0.997
"NOC2L","NOC3L",0.998
"NOC2L","RRP7A",0.835
"NOC2L","RCL1",0.868
"NOC2L","IFI35",0.786
"NOC2L","FTSJ3",0.998
"NOC2L","RPL22",0.794
"NOC2L","POLR1B",0.898
"NOC2L","RPL27",0.892
"NOC2L","PDCD11",0.99
"NOC2L","DNTTIP2",0.709
"NOC2L","RPL3",0.833
"NOC2L","DOCK4",0.847
"NOC2L","GNL3L",0.979
"NOC2L","RPF1",0.993
"NOC2L","NOL10",0.91
"NOC2L","GNL3",0.98
"NOC2L","EXOSC10",0.762
"NOC2L","RPL14",0.904
"NOC2L","RRP1B",0.968
"WASHC5","CAPZA2",0.75
"EGR3","ATF3",0.711
"SCMH1","YAF2",0.798
"SCMH1","EZH2",0.724
"EDEM3","CALR",0.846
"MRFAP1L1","MORF4L1",0.899
"MRFAP1L1","TSNAX",0.7
"OS9","VCP",0.987
"OS9","CALR",0.737
"OS9","P4HB",0.924
"OS9","HSPA5",0.98
"PRKRA","DHX9",0.814
"PRKRA","RIGI",0.822
"PRKRA","AGO3",0.834
"PRKRA","STAU1",0.836
"FUBP3","QKI",0.843
"NCL","XRCC5",0.76
"NCL","YBX1",0.937
"NCL","SRSF2",0.819
"NCL","EIF3A",0.879
"NCL","RPS19",0.752
"NCL","STAU1",0.823
"NCL","RPL5",0.747
"NCL","SERBP1",0.807
"NCL","ILF3",0.749
"NCL","EBNA1BP2",0.751
"NCL","SSB",0.861
"NCL","PARP1",0.813
"NCL","CALR",0.966
"NCL","HNRNPA1",0.832
"NCL","RPS6",0.841
"NCL","ILF2",0.73
"NCL","TLR4",0.728
"NCL","DHX9",0.786
"NCL","H1-0",0.821
"NCL","FMR1",0.744
"NCL","RPS9",0.774
"RUVBL1","RBBP4",0.917
"RUVBL1","RBBP7",0.888
"RUVBL1","SMARCA4",0.711
"RUVBL1","MORF4L1",0.993
"RUVBL1","H2AX",0.868
"RUVBL1","H4C2",0.861
"RUVBL1","TRRAP",0.999
"RUVBL1","H3-4",0.773
"RUVBL1","HDAC1",0.801
"RUVBL1","HSP90AA1",0.938
"RUVBL1","INTS3",0.746
"RUVBL1","PRPF31",0.964
"RUVBL1","HSP90AB1",0.97
"RUVBL1","PPP1CA",0.737
"RUVBL1","MTOR",0.771
"RUVBL1","SMARCA2",0.775
"RUVBL1","CCT4",0.841
"RUVBL1","ING3",0.995
"RUVBL1","SNU13",0.893
"BCKDHB","CAPZA2",0.9
"BCKDHB","ATP5F1C",0.737
"BCKDHB","DLST",0.968
"BCKDHB","ZC3H15",0.726
"BCKDHB","CS",0.894
"YME1L1","NDUFA13",0.994
"CDK5R1","CDC25C",0.77
"CDK5R1","GSK3B",0.708
"CDK5R1","JUN",0.778
"CDK5R1","FOXO3",0.763
"CDK5R1","CDK5",0.999
"BACE1","PLSCR1",0.726
"BACE1","CDK5",0.876
"BACE1","PSEN1",0.972
"SUMO4","SUMO1",0.934
"SUMO4","PRKCZ",0.913
"SUMO4","PCNA",0.828
"SUMO4","SMC5",0.958
"SUMO4","SENP6",0.734
"SUMO4","UBE2I",0.998
"INTS3","POLR2B",0.994
"INTS3","PPP2R1A",0.994
"GCFC2","DHX15",0.973
"GCFC2","MRPL19",0.785
"TUBB6","TUBA1B",0.985
"GCC1","NGDN",0.796
"GCC1","TGOLN2",0.934
"GCC1","NOC4L",0.863
"GCC1","IMP3",0.833
"GCC1","HEATR1",0.865
"GCC1","ITSN1",0.913
"GCC1","FCF1",0.796
"GCC1","NOL10",0.789
"GCC1","EXOSC10",0.805
"GCC1","UTP11",0.772
"GCC1","PDCD11",0.76
"GCC1","DNTTIP2",0.778
"GCC1","RPS9",0.706
"GCC1","SNU13",0.735
"GCC1","RCL1",0.824
"GCC1","RRP7A",0.742
"BID","FASLG",0.867
"BID","BAK1",0.999
"BID","CASP8",0.992
"BID","PMAIP1",0.958
"SF3B2","NCBP2",0.988
"SF3B2","PCBP2",0.817
"SF3B2","NCBP1",0.922
"SF3B2","RBMX2",0.999
"SF3B2","SF1",0.816
"SF3B2","SF3B1",0.999
"SF3B2","SNU13",0.991
"SF3B2","MAGOHB",0.909
"SF3B2","DHX15",0.964
"SF3B2","SNRNP70",0.981
"SF3B2","YBX1",0.939
"SF3B2","PRPF31",0.992
"SF3B2","PRP4K",0.856
"SF3B2","CDC5L",0.997
"SF3B2","SRRM1",0.917
"SF3B2","RBM7",0.99
"SHMT1","CBS",0.987
"SHMT1","PKM",0.719
"SHMT1","FPGS",0.949
"SHMT1","MTHFD2",0.997
"NSUN3","BRIX1",0.757
"CETN1","CETN2",0.741
"CAMK2G","CALML5",0.985
"CAMK2G","CALML4",0.984
"SUPT6H","NCBP1",0.74
"SUPT6H","H2AC17",0.859
"SUPT6H","CTR9",0.994
"SUPT6H","H2AC13",0.865
"SUPT6H","POLR2L",0.94
"SUPT6H","POLR2B",0.982
"SUPT6H","ERCC6",0.928
"SUPT6H","H4C2",0.865
"SUPT6H","TCEA2",0.922
"SUPT6H","H3-4",0.927
"SUPT6H","POLR2F",0.961
"SUPT6H","CDC73",0.985
"CYBRD1","TFRC",0.851
"PRMT5","KDM1A",0.727
"PRMT5","SMARCA2",0.89
"PRMT5","HDAC2",0.757
"PRMT5","CARM1",0.771
"PRMT5","H4C2",0.919
"PRMT5","JAK2",0.91
"PRMT5","SMARCA4",0.977
"PRMT5","EZH2",0.87
"PRMT5","H3-4",0.702
"PRMT5","SNRNP70",0.742
"MAGOHB","SNU13",0.949
"MAGOHB","SF3B1",0.911
"MAGOHB","NCBP1",0.875
"MAGOHB","RBMX2",0.907
"MAGOHB","NCBP2",0.818
"MAGOHB","CDC5L",0.837
"MAGOHB","SRRM1",0.904
"MAGOHB","TPR",0.743
"MAGOHB","SRSF2",0.728
"MAGOHB","PRPF31",0.91
"MAGOHB","SEH1L",0.706
"MAGOHB","EIF4A2",0.891
"CHORDC1","HSP90AA1",0.949
"CHORDC1","HSP90AB1",0.942
"BASP1","CALML5",0.736
"BASP1","CALML4",0.744
"ICOS","GRB2",0.715
"ICOS","CD8A",0.903
"ICOS","CXCR3",0.749
"ICOS","IDO1",0.737
"ICOS","IL10",0.847
"ICOS","PIK3CD",0.944
"ICOS","PDCD1",0.941
"ICOS","IL18R1",0.702
"ICOS","CD40",0.987
"ICOS","CCRL2",0.755
"UGDH","UGP2",0.985
"KCND3","SCN5A",0.824
"SNAPC5","GTF2B",0.959
"CXCR2","CCL5",0.997
"CXCR2","CCL8",0.942
"CXCR2","GNB1",0.828
"CXCR2","TLR4",0.807
"CXCR2","JAK2",0.791
"CXCR2","CXCR3",0.86
"CXCR2","ARRB1",0.953
"CXCR2","SRC",0.709
"CXCR2","CXCL9",0.974
"CXCR2","IL6",0.812
"NUDC","HSP90AA1",0.75
"NUDC","KIF2C",0.84
"NUDC","NDE1",0.941
"NUDC","NDEL1",0.94
"NUDC","AHCTF1",0.805
"NUDC","EIF3I",0.704
"NUDC","ERCC6L",0.808
"NUDC","PPP1CC",0.841
"TNS2","SRC",0.755
"NQO1","CYP1A1",0.746
"NQO1","TXN",0.819
"NQO1","KEAP1",0.953
"PCK1","CS",0.955
"PCK1","PKM",0.951
"PCK1","MDH2",0.956
"PCK1","PKLR",0.968
"DEF6","BABAM2",0.78
"TMEM11","BNIP3",0.778
"TMEM11","IMMT",0.732
"TMEM11","RRAGA",0.767
"CACNB2","CACNA2D1",0.995
"CACNB2","CACNA1F",0.973
"CACNB2","PPP2R2B",0.771
"CACNB2","RYR2",0.759
"CACNB2","SCN5A",0.905
"CACNB2","HSPA2",0.732
"CACNB2","CACNA1G",0.766
"CACNB2","FKBP1A",0.722
"CACNB2","CACNA1H",0.856
"CACNB2","CATSPERG",0.72
"LYPLA1","CDC14A",0.72
"SH3GL3","HTT",0.979
"SH3GL3","CBLB",0.8
"SH3GL3","DNM1",0.731
"SH3GL3","EPS15",0.842
"SH3GL3","SH3GL2",0.931
"SH3GL3","SNAP91",0.719
"TRIP10","HTT",0.73
"TRIP10","WAS",0.998
"TRIP10","ITSN1",0.752
"TRIP10","ITSN2",0.86
"TRIP10","AMPH",0.871
"TRIP10","EPS15",0.739
"DYNC1I1","DCTN1",0.998
"DYNC1I1","TUBB",0.843
"DYNC1I1","TPR",0.72
"DYNC1I1","NDEL1",0.823
"DYNC1I1","DYNLT3",0.982
"DYNC1I1","TUBA1B",0.745
"EZH2","KDM4A",0.736
"EZH2","STAT5A",0.896
"EZH2","H4C2",0.843
"EZH2","BRCA1",0.926
"EZH2","RBBP7",0.999
"EZH2","RBBP4",0.999
"EZH2","JAK2",0.768
"EZH2","ARID1A",0.877
"EZH2","CDKN1A",0.739
"EZH2","AR",0.978
"EZH2","H2AX",0.828
"EZH2","SMARCA4",0.909
"EZH2","H2AC13",0.938
"EZH2","JUN",0.852
"EZH2","SRSF2",0.738
"EZH2","DNMT1",0.999
"EZH2","H3-4",0.989
"EZH2","HSP90AA1",0.714
"EZH2","HDAC1",0.999
"EZH2","NRAS",0.811
"EZH2","SOX2",0.77
"EZH2","PTEN",0.76
"EZH2","H2AC17",0.842
"EZH2","KDM1A",0.997
"EZH2","CBX3",0.818
"EZH2","HDAC2",0.999
"EZH2","USP7",0.898
"EZH2","CARM1",0.775
"EZH2","JARID2",0.999
"EZH2","E2F1",0.916
"PKM","GCH1",0.811
"PKM","MDH2",0.829
"PKM","PRKACG",0.925
"PKM","FH",0.737
"PKM","PKLR",0.919
"PKM","ENTPD5",0.912
"PKM","UBA52",0.75
"PKM","RPS6",0.784
"PKM","RPS2",0.717
"PKM","RPL24",0.789
"PKM","RPL37A",0.78
"PKM","NME1",0.923
"PKM","ADCY10",0.881
"PKM","SMARCA4",0.796
"PKM","HNRNPA1",0.837
"PKM","MRPL2",0.714
"PKM","MRTO4",0.711
"PKM","RPL5",0.905
"PKM","RPS19",0.731
"PKM","RPL23",0.863
"HCLS1","DNM1",0.971
"HCLS1","CTNND1",0.723
"HCLS1","CRKL",0.933
"HCLS1","FYN",0.796
"HCLS1","SYK",0.713
"HCLS1","HCK",0.718
"HCLS1","GRB2",0.782
"HCLS1","WAS",0.999
"HCLS1","CD2AP",0.907
"HCLS1","PTK2",0.987
"HCLS1","SRC",0.999
"GHRHR","GNB1",0.959
"TIMM22","NDUFA8",0.759
"TIMM22","SDHD",0.753
"TIMM22","NDUFA13",0.783
"TIMM22","TOMM7",0.713
"OSBPL1A","VAPA",0.863
"TUBB3","NES",0.771
"TUBB3","SOX2",0.72
"TUBB3","TUBA1B",0.999
"FARSA","EPRS1",0.895
"PLAAT3","PLA2G6",0.816
"ELL3","NELFB",0.928
"ELL3","CDC73",0.91
"ELL3","CTR9",0.915
"ELL3","PEX2",0.9
"ELL3","TCEA2",0.921
"ELL3","ERCC6",0.9
"IFT22","IFT56",0.993
"UGT2B17","AKR1C3",0.939
"UGT2B17","CYP1A1",0.954
"ARID1A","BAZ1B",0.713
"ARID1A","KDM3B",0.762
"ARID1A","H4C2",0.8
"ARID1A","BRCA1",0.801
"ARID1A","SMARCD1",0.999
"ARID1A","SMARCA4",0.999
"ARID1A","PPP2R1A",0.914
"ARID1A","HDAC1",0.793
"ARID1A","PGR",0.752
"ARID1A","ADNP",0.754
"ARID1A","PTEN",0.743
"ARID1A","SOX2",0.741
"ARID1A","SMARCA2",0.999
"EPN2","AP2A2",0.733
"EPN2","CLINT1",0.714
"EPN2","ARRB1",0.709
"EPN2","AAK1",0.743
"EPN2","ITSN2",0.979
"EPN2","AP1G1",0.704
"EPN2","ITSN1",0.992
"EPN2","EPS15L1",0.973
"EPN2","PICALM",0.947
"EPN2","SH3GL2",0.801
"EPN2","SNAP91",0.99
"EPN2","EPS15",0.999
"EPN2","AMPH",0.886
"ING3","TRRAP",0.998
"ING3","H3-4",0.94
"ING3","HDAC1",0.829
"ING3","MORF4L1",0.999
"MRPS33","MRPL19",0.841
"MRPS33","MRPL9",0.885
"MRPS33","MRPS15",0.997
"MRPS33","MRPS14",0.997
"MRPS33","DAP3",0.981
"MRPS33","MRPL20",0.943
"MRPS33","MRPL24",0.932
"MRPS33","MRPL40",0.936
"MRPS33","MRPL2",0.871
"MRPS33","MRPS12",0.992
"MRPS33","TUFM",0.913
"MRPS33","NDUFB2",0.929
"MRPS33","MRPS16",0.993
"MRPS33","MRPS18A",0.996
"MRPS33","MRPL12",0.85
"YARS2","EPRS1",0.93
"YARS2","UBA3",0.753
"YARS2","KARS1",0.879
"EML4","NRAS",0.953
"EML4","RET",0.822
"EML4","NTRK1",0.761
"EML4","GRB2",0.745
"EML4","PIK3CD",0.909
"EML4","JAK2",0.929
"EML4","DCTN1",0.749
"CALR","JAK2",0.797
"CALR","CALML4",0.711
"CALR","P4HB",0.994
"CALR","AR",0.706
"CALR","HSP90AA1",0.968
"CALR","VCP",0.712
"CALR","HSP90AB1",0.975
"CALR","ANXA1",0.74
"CALR","CD8A",0.801
"CALR","HSPA5",0.995
"CALR","TLR4",0.953
"SPAST","NUP43",0.746
"MLXIPL","PKLR",0.821
"WIPF2","WAS",0.991
"WIPF2","GRB2",0.862
"SLC2A4","VAMP2",0.945
"SLC2A4","RBP4",0.739
"IL17RA","IL6",0.85
"IL17RA","TRAF3",0.876
"CNOT1","EIF4G1",0.814
"CNOT1","TRIP12",0.763
"CNOT1","EIF4A2",0.833
"CNOT1","TOB1",0.984
"CNOT1","CNOT7",0.999
"ME2","FH",0.989
"ME2","PKLR",0.966
"ME2","MDH2",0.977
"ME2","CS",0.975
"TAC1","ARRB1",0.738
"TAC1","CALML4",0.788
"TAC1","TLR4",0.723
"TAC1","CALML5",0.791
"TNIP2","CHUK",0.775
"SH2B1","GRB2",0.991
"SH2B1","JAK2",0.992
"SH2B1","NTRK1",0.99
"RCHY1","UBE2D2",0.958
"RCHY1","AR",0.939
"TALDO1","PKLR",0.908
"COX8A","COX6C",0.998
"COX8A","SF1",0.769
"COX8A","FKBP2",0.787
"COX8A","UQCR10",0.796
"COX8A","COX7A2L",0.912
"COX8A","NDUFB2",0.7
"COX8A","COX7C",0.997
"COX8A","COX7A2",0.988
"COX8A","NDUFA4L2",0.717
"F2R","LPAR6",0.904
"F2R","EPRS1",0.889
"F2R","SRC",0.7
"F2R","ARRB1",0.962
"F2R","MMP1",0.897
"LPA","APOA2",0.977
"LPA","FN1",0.764
"DIAPH2","FMR1",0.744
"DIAPH2","WDHD1",0.768
"ASB4","PRAME",0.903
"RRP7A","RPS19",0.979
"RRP7A","DDX47",0.805
"RRP7A","RPS16",0.983
"RRP7A","NGDN",0.995
"RRP7A","MRPS12",0.81
"RRP7A","RPS27L",0.871
"RRP7A","IMP3",0.997
"RRP7A","RRS1",0.811
"RRP7A","NOC4L",0.997
"RRP7A","UTP14A",0.991
"RRP7A","MRTO4",0.845
"RRP7A","HEATR1",0.998
"RRP7A","RPS6",0.99
"RRP7A","EXOSC8",0.752
"RRP7A","EBNA1BP2",0.884
"RRP7A","RPS4X",0.923
"RRP7A","FCF1",0.997
"RRP7A","C1D",0.742
"RRP7A","MRPS15",0.712
"RRP7A","NOL7",0.819
"RRP7A","EXOSC10",0.968
"RRP7A","NOL10",0.995
"RRP7A","RPF1",0.762
"RRP7A","PDCD11",0.997
"RRP7A","DNTTIP2",0.987
"RRP7A","UTP11",0.997
"RRP7A","RPS14",0.981
"RRP7A","SNU13",0.994
"RRP7A","RCL1",0.998
"RRP7A","RPS9",0.992
"RRP7A","BRIX1",0.825
"LLGL1","PRKCZ",0.995
"IMPDH2","RPS2",0.751
"IMPDH2","ENTPD5",0.907
"IMPDH2","CBS",0.76
"IMPDH2","PNP",0.753
"CRMP1","CDK5",0.749
"ANKZF1","EIF6",0.812
"ANKZF1","VCP",0.99
"TOP3A","BRCA2",0.915
"TOP3A","SMC5",0.77
"TOP3A","CHEK1",0.744
"TOP3A","EXO1",0.944
"TOP3A","BRCA1",0.898
"TOP3A","ERCC6L",0.957
"CDC25C","BRCA1",0.735
"CDC25C","H2AX",0.703
"CDC25C","KIF2C",0.907
"CDC25C","YWHAQ",0.992
"CDC25C","PTTG1",0.716
"CDC25C","CHEK1",0.999
"CDC25C","YWHAZ",0.999
"CDC25C","NEK2",0.814
"CDC25C","PPP1CA",0.928
"CDC25C","PPP1CC",0.924
"CDC25C","CDK5",0.862
"CDC25C","PRKACG",0.914
"CDC25C","MAPK11",0.927
"CDC25C","CDCA8",0.821
"TACC1","TDRD7",0.745
"GEMIN4","SNRNP70",0.721
"FGF8","FN1",0.799
"FGF8","GRB2",0.745
"FGF8","NTRK1",0.901
"TRIT1","FTSJ3",0.747
"SERPINF2","FN1",0.953
"SERPINF2","PLAU",0.719
"B3GNT3","IFITM3",0.728
"SLC25A22","KCNQ2",0.79
"SLC25A22","PLCB1",0.752
"C7","BAK1",0.72
"DSCC1","RFC4",0.998
"DSCC1","POLE",0.943
"DSCC1","WDHD1",0.88
"DSCC1","EXO1",0.727
"DSCC1","RFC3",0.999
"DPM2","DPM1",0.999
"FADS1","HACD2",0.914
"VNN2","VNN1",0.932
"COQ7","IMMT",0.816
"CDK20","GTF2E2",0.825
"RRS1","GNL3L",0.915
"RRS1","NOL10",0.763
"RRS1","RPF1",0.958
"RRS1","RPL3",0.75
"RRS1","GNL3",0.95
"RRS1","EXOSC10",0.788
"RRS1","ZNF593",0.921
"RRS1","RRP1B",0.973
"RRS1","BRIX1",0.977
"RRS1","GTPBP4",0.99
"RRS1","NOC3L",0.901
"RRS1","FTSJ3",0.976
"RRS1","RCL1",0.75
"RRS1","UTP11",0.852
"RRS1","DNTTIP2",0.84
"RRS1","PDCD11",0.786
"RRS1","UTP14A",0.76
"RRS1","MRTO4",0.992
"RRS1","NOC4L",0.839
"RRS1","IMP3",0.854
"RRS1","MAK16",0.957
"RRS1","NGDN",0.866
"RRS1","RPL5",0.988
"RRS1","DDX47",0.881
"RRS1","RRP15",0.955
"RRS1","TMA16",0.824
"RRS1","GNL2",0.99
"RRS1","EBNA1BP2",0.996
"RRS1","RPL30",0.727
"RRS1","RPL37A",0.79
"RRS1","RPS2",0.739
"RRS1","EIF6",0.812
"KDM5D","AR",0.882
"KDM5D","ATP5PB",0.726
"KDM5D","ATP5F1C",0.89
"KDM5D","ATP5F1A",0.89
"KDM5D","EIF1AY",0.999
"TUFM","MRPS15",0.995
"TUFM","HMGN1",0.912
"TUFM","MRPS14",0.996
"TUFM","EIF1AX",0.886
"TUFM","NDUFS2",0.97
"TUFM","MRPL9",0.999
"TUFM","RPL3",0.98
"TUFM","CDCA8",0.715
"TUFM","MRPL19",0.999
"TUFM","MDH2",0.895
"TUFM","MRPL24",0.996
"TUFM","MRPL40",0.942
"TUFM","POLR1B",0.818
"TUFM","PDCD11",0.978
"TUFM","EIF1AY",0.885
"TUFM","ATP5F1A",0.967
"TUFM","RPS9",0.984
"TUFM","HMGN4",0.916
"TUFM","DAP3",0.949
"TUFM","MRPL20",0.999
"TUFM","RPL13A",0.964
"TUFM","ATP6V0C",0.72
"TUFM","RPS14",0.972
"TUFM","RPL12",0.93
"TUFM","RPL10",0.911
"TUFM","RPS16",0.977
"TUFM","RPL5",0.999
"TUFM","ATP5F1C",0.96
"TUFM","MRPS16",0.999
"TUFM","RPL23",0.998
"TUFM","KARS1",0.855
"TUFM","MRTO4",0.982
"TUFM","MRPL2",0.998
"TUFM","MRPS12",0.998
"TUFM","PRAMEF12",0.717
"TUFM","IMP3",0.985
"TUFM","ATG5",0.941
"TUFM","RPS2",0.987
"TUFM","MRPL12",0.999
"TUFM","MRPS18A",0.926
"TUFM","POLR2B",0.834
"SIAH2","UBE2D2",0.808
"SIAH2","AR",0.726
"DCTPP1","NME1",0.93
"SOX11","H4C2",0.801
"POLE","ORC1",0.815
"POLE","RFC4",0.799
"POLE","MCM10",0.869
"POLE","WDHD1",0.992
"POLE","PCNA",0.988
"POLE","BRCA2",0.849
"POLE","RFC3",0.888
"POLE","CHEK1",0.755
"POLE","REV3L",0.989
"POLE","BRCA1",0.919
"POLE","EXO1",0.889
"HMGCS1","CS",0.895
"HMGCS1","FDPS",0.997
"HMGCS1","DLST",0.817
"HMGCS1","ACAA1",0.989
"HMGCS1","DHCR7",0.947
"HMGCS1","HADHB",0.993
"GLYR1","KDM1A",0.897
"GLYR1","MAOB",0.88
"MMP1","PLAU",0.852
"MMP1","IL10",0.737
"MMP1","FN1",0.792
"MMP1","IL6",0.854
"MMP1","JUN",0.842
"TSPYL5","USP7",0.933
"MTSS1","WAS",0.728
"ZMYM3","HDAC2",0.879
"ZMYM3","KDM1A",0.908
"ZMYM3","HDAC1",0.908
"DTX2","ANK2",0.716
"HTR1F","GNB1",0.972
"BCAT2","FPGS",0.873
"MTG1","MRPL20",0.882
"MTG1","GTPBP4",0.948
"MTG1","MRPL24",0.981
"MTG1","MRPL40",0.815
"MTG1","MRPL19",0.884
"MTG1","MRPL9",0.831
"MTG1","MRPS18A",0.918
"MTG1","MRPL12",0.899
"MTG1","MRPL2",0.883
"MTG1","BCS1L",0.704
"MTG1","RPL23",0.877
"GADD45GIP1","MRPL12",0.958
"GADD45GIP1","MRPS18A",0.967
"GADD45GIP1","MRPS16",0.847
"GADD45GIP1","MRPL2",0.959
"GADD45GIP1","MRPS12",0.868
"GADD45GIP1","MRPL24",0.972
"GADD45GIP1","MRPL40",0.986
"GADD45GIP1","MRPL20",0.972
"GADD45GIP1","DAP3",0.878
"GADD45GIP1","MRPS15",0.893
"GADD45GIP1","MRPS14",0.853
"GADD45GIP1","MRPL9",0.982
"GADD45GIP1","MRPL19",0.966
"NDUFAF3","NDUFB2",0.848
"NDUFAF3","NDUFA8",0.999
"NDUFAF3","NDUFS2",0.999
"NDUFAF3","NDUFB6",0.87
"NDUFAF3","NDUFAF4",0.999
"NDUFAF3","NDUFB3",0.897
"NDUFAF3","NDUFA1",0.938
"NDUFAF3","NDUFV2",0.942
"NDUFAF3","TMEM126B",0.906
"NDUFAF3","NDUFA3",0.922
"NDUFAF3","NDUFA13",0.999
"ZKSCAN1","SCAND1",0.708
"SAGE1","MAGEA1",0.727
"CD6","CD8A",0.799
"SPAG5","KIFC1",0.866
"SPAG5","RACGAP1",0.771
"SPAG5","TK1",0.727
"SPAG5","CDCA8",0.929
"SPAG5","KIF2C",0.926
"SPAG5","PTTG1",0.84
"SPAG5","NEK2",0.848
"SPAG5","MKI67",0.869
"SPAG5","CDCA3",0.877
"SIGLEC7","SIGLEC1",0.722
"SMC1A","SMC4",0.81
"SMC1A","H2AX",0.83
"SMC1A","BRCA1",0.93
"SMC1A","PSMC2",0.72
"SMC1A","SMC5",0.737
"PNKP","PARP1",0.749
"PNKP","XRCC5",0.8
"MKLN1","USP34",0.79
"MKLN1","MPHOSPH8",0.765
"SLC2A2","PKLR",0.763
"IFT88","VCP",0.997
"IFT88","HSP90AA1",0.73
"IFT88","IFT56",0.997
"SOX2","SMAD4",0.82
"SOX2","ZEB1",0.845
"SOX2","SMAD3",0.929
"SOX2","HDAC1",0.966
"SOX2","LIN28A",0.983
"SOX2","H4C2",0.803
"SOX2","SMARCA4",0.823
"SOX2","NES",0.891
"SOX2","USP7",0.77
"SOX2","PTEN",0.743
"SOX2","KDM1A",0.727
"SOX2","ANXA1",0.701
"ZBTB7A","HDAC1",0.965
"UBE2O","UBA7",0.709
"UBE2O","UBA52",0.779
"CRTAP","P4HB",0.775
"CRTAP","COL5A2",0.758
"CRTAP","COL5A1",0.745
"MED14","GTF2B",0.994
"MED14","TAF11",0.86
"MED14","QKI",0.994
"MED14","MED16",0.999
"MED14","POLR1B",0.762
"MED14","H4C2",0.82
"MED14","POLR2L",0.988
"MED14","POLR2B",0.995
"MED14","GTF2E2",0.971
"MED14","GTF2F2",0.941
"MED14","MED25",0.996
"MED14","POLR2F",0.989
"MED14","MED23",0.999
"PLEC","CASP8",0.793
"PLEC","KRT18",0.782
"DDX54","PDCD11",0.792
"DDX54","POLR1B",0.854
"DDX54","FTSJ3",0.952
"DDX54","GTPBP4",0.804
"DDX54","NOC3L",0.754
"DDX54","RRP1B",0.845
"DDX54","GNL3",0.888
"DDX54","NOL10",0.728
"DDX54","GNL3L",0.91
"DDX54","EIF6",0.737
"DDX54","HEATR1",0.78
"DDX54","EBNA1BP2",0.82
"DDX54","GNL2",0.769
"DDX54","DDX47",0.795
"DDX54","DHX15",0.763
"DDX54","UTP14A",0.719
"PRKAG1","CS",0.742
"PRKAG1","STK11",0.974
"PRKAG1","MTOR",0.964
"PRKAG1","CBS",0.833
"PRKAG1","FOXO3",0.921
"PRKAG1","MAP3K7",0.918
"PRKAG1","FH",0.724
"P2RY11","MAK16",0.746
"P2RY11","MRTO4",0.704
"P2RY11","EBNA1BP2",0.791
"P2RY11","RRP15",0.846
"P2RY11","RRP1B",0.701
"P2RY11","RPF1",0.827
"P2RY11","GTPBP4",0.756
"P2RY11","BRIX1",0.731
"TRIM25","EIF5A",0.785
"TRIM25","UBE2D2",0.836
"TRIM25","IFNB1",0.754
"TRIM25","IFIT1",0.724
"TRIM25","RIGI",0.999
"TRIM25","IRF7",0.89
"TRIM25","IRF3",0.867
"TRIM25","TBK1",0.824
"TRIM25","MX1",0.811
"TRIM25","STAT1",0.782
"TRIM25","UBA52",0.947
"TRIM25","CHUK",0.788
"TRIM25","TRAF3",0.79
"TRIM25","UBA7",0.854
"FZD2","GSK3B",0.755
"FZD2","BAMBI",0.914
"TRPM8","PPP1CC",0.9
"TRPM8","ANK2",0.8
"TRPM8","PPP1CA",0.9
"A2M","PLAU",0.715
"A2M","IL10",0.847
"A2M","TF",0.82
"A2M","SERPINA3",0.929
"A2M","HSPA5",0.972
"A2M","APOA2",0.772
"A2M","IL6",0.95
"A2M","FN1",0.851
"SMARCE1","SMARCA2",0.999
"SMARCE1","HDAC2",0.771
"SMARCE1","SMARCD1",0.999
"SMARCE1","SMARCA4",0.999
"SMARCE1","H4C2",0.811
"SMARCE1","HDAC1",0.751
"KIF15","KNTC1",0.737
"KIF15","RAD54L",0.703
"KIF15","CDCA8",0.902
"KIF15","RACGAP1",0.81
"KIF15","MCM10",0.816
"KIF15","KIFC1",0.866
"KIF15","SMC4",0.86
"KIF15","NEK2",0.823
"KIF15","CDCA3",0.788
"KIF15","MKI67",0.935
"KIF15","EXO1",0.73
"KIF15","KIF20B",0.883
"KIF15","PTTG1",0.746
"KIF15","CKAP2",0.751
"KIF15","KIF2C",0.945
"CD151","HSP90AB1",0.834
"CD151","HSP90AA1",0.834
"CD151","CD9",0.923
"ENO3","IMP3",0.708
"ENO3","ATP5F1C",0.729
"ENO3","PKLR",0.983
"ENO3","RPS9",0.71
"ENO3","ATP5F1A",0.761
"PRPF31","PRP4K",0.965
"PRPF31","SNRNP70",0.891
"PRPF31","SNU13",0.999
"PRPF31","SF3B1",0.997
"PRPF31","SF1",0.701
"PRPF31","RBMX2",0.964
"POLR2L","POLR1B",0.999
"POLR2L","MED16",0.817
"POLR2L","TAF11",0.898
"POLR2L","RPS9",0.786
"POLR2L","GTF2B",0.986
"POLR2L","H2AC17",0.855
"POLR2L","NELFB",0.903
"POLR2L","UBA52",0.777
"POLR2L","CTR9",0.913
"POLR2L","HNRNPA1",0.703
"POLR2L","GTF2F2",0.989
"POLR2L","H2AC13",0.855
"POLR2L","ERCC6",0.952
"POLR2L","POLR2B",0.999
"POLR2L","POLR1E",0.997
"POLR2L","RPLP1",0.742
"POLR2L","GTF2E2",0.962
"POLR2L","TCEA2",0.879
"POLR2L","H4C2",0.875
"POLR2L","POLR2F",0.999
"POLR2L","MED23",0.815
"POLR2L","RPL23",0.827
"POLR2L","MED25",0.818
"POLR2L","PPP2R1A",0.822
"POLR2L","IMP3",0.8
"POLR2L","CDC73",0.928
"HSPA5","MAP3K5",0.723
"HSPA5","DNAJB4",0.916
"HSPA5","DNAJA1",0.904
"HSPA5","P4HB",0.996
"HSPA5","BECN1",0.765
"HSPA5","HSP90AA1",0.968
"HSPA5","TXN",0.724
"HSPA5","HSP90AB1",0.977
"HSPA5","VCP",0.944
"HSPA5","IL6",0.736
"HSPA5","SQSTM1",0.946
"AATK","CDK5",0.756
"WRAP53","CCT4",0.762
"WRAP53","GNL3L",0.814
"OXTR","ESR2",0.8
"OXTR","GNB1",0.845
"UPB1","ALDH9A1",0.929
"ZYX","FN1",0.73
"ZYX","PTK2",0.934
"ZYX","SRC",0.856
"YLPM1","PPP1CA",0.718
"YLPM1","PPP1CC",0.762
"LAMA3","PTK2",0.709
"ULK1","BECN1",0.999
"ULK1","ATG5",0.997
"ULK1","SQSTM1",0.959
"ULK1","MTOR",0.999
"ULK1","PIK3R4",0.997
"ULK1","PRKACG",0.912
"FLII","DHX9",0.772
"NAPG","STX2",0.908
"NAPG","VAMP2",0.817
"CYP2B6","CYP1A1",0.959
"CYP2B6","CYB5A",0.898
"NFATC2IP","UBE2I",0.836
"NFATC2IP","PCNA",0.711
"NFATC2IP","SMC5",0.833
"PPP2R1A","STRN3",0.999
"PPP2R1A","NELFB",0.819
"PPP2R1A","TGFBR2",0.913
"PPP2R1A","PDCD10",0.998
"PPP2R1A","STK26",0.876
"PPP2R1A","PRKCZ",0.904
"PPP2R1A","RYR2",0.909
"PPP2R1A","PPP2R5E",0.999
"PPP2R1A","VCP",0.705
"PPP2R1A","PPP2R2B",0.998
"PPP2R1A","POLR2F",0.801
"PPP2R1A","ARRB1",0.815
"PPP2R1A","HSP90AA1",0.709
"PPP2R1A","POLR2B",0.839
"PPP2R1A","IRAK1",0.907
"PPP2R1A","PPP2R2A",0.999
"GSK3B","PPP1CA",0.814
"GSK3B","SRC",0.867
"GSK3B","HSP90AB1",0.92
"GSK3B","JUN",0.908
"GSK3B","ATF3",0.706
"GSK3B","PSEN1",0.995
"GSK3B","CSNK1E",0.989
"GSK3B","HSP90AA1",0.958
"GSK3B","CUL1",0.777
"GSK3B","SMAD3",0.95
"GSK3B","CAV1",0.781
"GSK3B","CREB3",0.911
"GSK3B","XIAP",0.836
"GSK3B","PDPK1",0.801
"GSK3B","YWHAZ",0.904
"GSK3B","YWHAQ",0.724
"GSK3B","STAT1",0.713
"GSK3B","CALML4",0.771
"GSK3B","ADAR",0.896
"GSK3B","AR",0.841
"GSK3B","TBK1",0.923
"GSK3B","CREB5",0.911
"GSK3B","STK11",0.71
"GSK3B","CALML5",0.781
"GSK3B","PRKACG",0.978
"GSK3B","MAP3K7",0.961
"GSK3B","PRKCZ",0.955
"GSK3B","FYN",0.723
"GSK3B","FOXO3",0.762
"GSK3B","PTEN",0.906
"GSK3B","CSNK1D",0.955
"GSK3B","MTOR",0.784
"GSK3B","CTNND1",0.896
"AACS","CS",0.735
"STK11","BRCA1",0.74
"STK11","SMARCA4",0.92
"STK11","YWHAZ",0.893
"STK11","HSP90AA1",0.882
"STK11","BRCA2",0.83
"STK11","SMAD4",0.847
"STK11","HSP90AB1",0.74
"STK11","KEAP1",0.783
"STK11","MTOR",0.791
"STK11","FOXO3",0.96
"STK11","FYN",0.778
"STK11","PRKCZ",0.948
"STK11","PTEN",0.979
"CD28","IL6",0.79
"CD28","SRC",0.784
"CD28","CD40",0.997
"CD28","CD9",0.722
"CD28","GRB2",0.999
"CD28","CD8A",0.961
"CD28","CXCR3",0.803
"CD28","FYN",0.867
"CD28","IDO1",0.713
"CD28","PIK3CD",0.943
"CD28","PDCD1",0.936
"CD28","IL10",0.922
"RNF14","AR",0.967
"COPG1","COPA",0.998
"COPG1","COPB2",0.999
"NCAPD2","SMC5",0.82
"NCAPD2","SMC4",0.999
"PPP2R2A","PRKCZ",0.91
"PPP2R2A","RYR2",0.9
"PPP2R2A","PPP2R5E",0.972
"PPP2R2A","PPP2R2B",0.951
"PPP2R2A","ARRB1",0.81
"PPP2R2A","CHEK1",0.907
"PPP2R2A","IRAK1",0.91
"PGR","SRC",0.937
"PGR","HSP90AB1",0.978
"PGR","HSP90AA1",0.99
"PGR","BRCA2",0.795
"PGR","PARP1",0.711
"PGR","STAT5A",0.885
"PGR","BRCA1",0.963
"PGR","PIK3CD",0.911
"PGR","AR",0.766
"PGR","MAPK11",0.909
"PGR","PRKACG",0.937
"PGR","KRT7",0.706
"HADHB","CS",0.951
"HADHB","ACAA1",0.952
"HADHB","DLST",0.872
"HADHB","ALDH9A1",0.714
"HADHB","ACOX3",0.99
"MYL11","MYL6",0.742
"MTMR4","PIP4K2A",0.725
"MTMR4","PIP4K2C",0.734
"MTMR4","SMAD3",0.798
"METAP2","RPS2",0.772
"METAP2","MRPL2",0.729
"METAP2","MRTO4",0.751
"METAP2","IMP3",0.729
"METAP2","RPS16",0.74
"METAP2","RPL5",0.905
"METAP2","RPL23",0.861
"METAP2","RPS9",0.778
"METAP2","RPL13A",0.717
"METAP2","RPS14",0.709
"METAP2","GTPBP4",0.835
"METAP2","MRPL24",0.733
"METAP2","RPL3",0.76
"MAP1S","MTOR",0.714
"MAP1S","SQSTM1",0.974
"MAP1S","BECN1",0.91
"MAP1S","ATG5",0.886
"HNRNPM","SYNCRIP",0.876
"HNRNPM","DHX9",0.974
"HNRNPM","ILF2",0.972
"HNRNPM","PCBP2",0.773
"HNRNPM","SF3B1",0.77
"HNRNPM","DDX17",0.901
"HNRNPM","NCBP1",0.807
"HNRNPM","SRSF2",0.869
"HNRNPM","YBX1",0.782
"HNRNPM","TNPO1",0.971
"HNRNPM","SNRNP70",0.855
"HNRNPM","SSB",0.7
"HNRNPM","CDC5L",0.732
"HNRNPM","ILF3",0.97
"HNRNPM","MATR3",0.928
"HNRNPM","HNRNPA1",0.993
"TPRKB","NUP43",0.799
"MAT2B","DNMT1",0.94
"KARS1","EEF1E1",0.997
"KARS1","RPL12",0.709
"KARS1","EPRS1",0.999
"KARS1","RPS9",0.766
"KARS1","ATP5F1A",0.921
"KARS1","RPL39L",0.7
"KARS1","MITF",0.843
"KARS1","RPL3",0.705
"KARS1","ATP5F1C",0.926
"KARS1","MRPS12",0.788
"FBN1","TGFBR2",0.916
"FBN1","COL5A1",0.929
"FBN1","COL5A2",0.924
"FBN1","POSTN",0.785
"FBN1","COL6A1",0.743
"FBN1","FN1",0.982
"PLAG1","TCEA2",0.772
"CNDP2","ALDH9A1",0.927
"RUFY1","PODXL",0.765
"MED16","MED25",0.997
"MED16","POLR2F",0.824
"MED16","MED23",0.999
"MED16","H4C2",0.8
"MED16","POLR2B",0.856
"MED16","GTF2E2",0.855
"MED16","GTF2F2",0.821
"MED16","R3HDM4",0.705
"MED16","GTF2B",0.873
"MED16","TAF11",0.8
"MED16","QKI",0.994
"RNF40","CDC73",0.94
"RNF40","CTR9",0.882
"CARM1","H3-4",0.779
"CARM1","SRC",0.957
"CARM1","JUN",0.95
"CARM1","SMARCA4",0.784
"CARM1","ESR2",0.922
"CARM1","PRKACG",0.915
"CARM1","SP1",0.922
"CARM1","MAPK11",0.914
"CD37","SYK",0.731
"CD37","CD9",0.746
"STK25","PDCD10",0.999
"STK25","STRN3",0.998
"STK25","STK26",0.999
"NR2F1","GTF2B",0.712
"CYP11B2","AKR1C3",0.936
"SEC16A","SAR1B",0.834
"SEC16A","SEC13",0.999
"MRE11","CHEK1",0.868
"MRE11","PARP1",0.808
"MRE11","RFC3",0.703
"MRE11","EXO1",0.985
"MRE11","H2AX",0.954
"MRE11","BRCA1",0.999
"MRE11","XRCC5",0.979
"MRE11","BRCA2",0.967
"MRE11","H3-4",0.705
"MRE11","RFC4",0.744
"MRE11","SUMO1",0.769
"MRE11","RAD54L",0.73
"SRSF7","DHX9",0.789
"SRSF7","SRSF4",0.903
"SRSF7","NCBP2",0.904
"SRSF7","NCBP1",0.75
"SRSF7","SRSF2",0.961
"SRSF7","YBX1",0.778
"SRSF7","SNRNP70",0.821
"SRSF7","SRRM1",0.76
"SRSF7","HNRNPA1",0.964
"PSMG2","CCT4",0.907
"PSMG2","HSP90AB1",0.75
"PPP1CA","HDAC1",0.734
"PPP1CA","RYR2",0.94
"PPP1CA","ZFYVE16",0.747
"PPP1CA","CALML4",0.812
"PPP1CA","BRCA1",0.869
"PPP1CA","TP53BP2",0.984
"PPP1CA","MYL6",0.921
"PPP1CA","SHOC2",0.951
"PPP1CA","RRP1B",0.832
"PPP1CA","FIP1L1",0.835
"PPP1CA","CALML5",0.788
"PPP1CA","PPP1CC",0.998
"PMAIP1","E2F1",0.737
"PMAIP1","BAK1",0.823
"LARP4B","DHX9",0.91
"LARP4B","RPS21",0.903
"LARP4B","RPL24",0.902
"LARP4B","RPL30",0.901
"SRRM1","PRP4K",0.893
"SRRM1","RBM5",0.886
"SRRM1","CDC5L",0.945
"SRRM1","SNRNP70",0.758
"SRRM1","SRSF2",0.894
"SRRM1","SF1",0.744
"SRRM1","RBMX2",0.8
"SRRM1","NCBP1",0.969
"SRRM1","NUP160",0.842
"SRRM1","SF3B1",0.971
"SRRM1","NCBP2",0.913
"SRRM1","SRSF4",0.974
"SRRM1","DHX9",0.84
"PSEN1","CDK5",0.853
"PSEN1","PRKACG",0.935
"PSEN1","HTT",0.795
"PSEN1","GRB2",0.937
"PSEN1","PICALM",0.765
"EIF4A2","RPL13A",0.82
"EIF4A2","NCBP1",0.77
"EIF4A2","EIF2S2",0.842
"EIF4A2","EIF3I",0.931
"EIF4A2","EIF1AX",0.882
"EIF4A2","FMR1",0.742
"EIF4A2","EIF4G1",0.999
"EIF4A2","EIF3B",0.959
"EIF4A2","RPS6",0.85
"EIF4A2","EIF6",0.772
"EIF4A2","EIF3A",0.856
"EIF4A2","RPL5",0.749
"CWF19L1","CDC5L",0.977
"NADSYN1","NMRK1",0.726
"NADSYN1","DHCR7",0.819
"CCR8","ARRB1",0.741
"CCR8","CCRL2",0.809
"CCR8","CXCL9",0.827
"CCR8","JAK2",0.813
"CCR8","IL10",0.728
"CCR8","CXCR3",0.736
"CCR8","CCL5",0.934
"CCR8","CCL8",0.978
"THOC6","NCBP1",0.778
"TACC3","RACGAP1",0.768
"TACC3","CDCA8",0.904
"TACC3","KIF2C",0.825
"TACC3","CDCA3",0.773
"KDM3B","SMARCA4",0.745
"KDM3B","SMARCD1",0.729
"KDM3B","KDM4A",0.718
"KDM3B","PRKACG",0.907
"PEG3","PEG10",0.908
"PEG3","PLAGL1",0.832
"TNFRSF12A","TRAF3",0.931
"TNFRSF12A","CD40",0.743
"MED25","MED23",0.999
"MED25","POLR2F",0.843
"MED25","H4C2",0.804
"MED25","GTF2E2",0.871
"MED25","POLR2B",0.833
"MED25","GTF2F2",0.855
"MED25","GTF2B",0.913
"MED25","TAF11",0.8
"MED25","QKI",0.994
"CUL1","SMAD3",0.947
"CUL1","KEAP1",0.918
"CUL1","VCP",0.89
"CUL1","CHUK",0.761
"CUL1","CDKN1A",0.958
"CUL1","COPS5",0.995
"CUL1","UBA52",0.92
"CUL1","CHEK1",0.9
"CUL1","CKS2",0.948
"CUL1","CCNF",0.986
"CUL1","KDM4A",0.773
"CUL1","UBA3",0.962
"CUL1","ANK2",0.863
"CUL1","HEY1",0.988
"CUL1","UBE2D2",0.993
"NCBP2","SMG5",0.773
"NCBP2","FMR1",0.784
"NCBP2","SRSF4",0.759
"NCBP2","EIF4G1",0.973
"NCBP2","PRPF39",0.812
"NCBP2","FIP1L1",0.825
"NCBP2","NELFB",0.865
"NCBP2","SF3B1",0.962
"NCBP2","NCBP1",0.999
"NCBP2","YBX1",0.806
"NCBP2","SRSF2",0.779
"NCBP2","DHX15",0.752
"NCBP2","SNRNP70",0.913
"NCBP2","CDC5L",0.982
"NCBP2","POLR2B",0.739
"NCBP2","GTF2F2",0.732
"NCBP2","HNRNPA1",0.752
"YOD1","UBA52",0.948
"YOD1","VCP",0.998
"FTSJ1","NOC3L",0.837
"FTSJ1","GTPBP4",0.907
"FTSJ1","BRIX1",0.741
"FTSJ1","RPF1",0.727
"FTSJ1","TRMT11",0.763
"FTSJ1","EBNA1BP2",0.868
"FTSJ1","GNL2",0.779
"FTSJ1","EIF6",0.797
"FTSJ1","MRTO4",0.781
"FTSJ1","MAK16",0.717
"IMP3","EBNA1BP2",0.811
"IMP3","EXOSC8",0.748
"IMP3","RPL30",0.975
"IMP3","RRP15",0.751
"IMP3","POLR1E",0.723
"IMP3","POLR2B",0.866
"IMP3","RPLP1",0.974
"IMP3","RPS4X",0.977
"IMP3","MRPL12",0.983
"IMP3","HEATR1",0.996
"IMP3","RPS6",0.998
"IMP3","UBA52",0.958
"IMP3","RPL24",0.976
"IMP3","RPL37A",0.97
"IMP3","RPS2",0.976
"IMP3","RPS21",0.973
"IMP3","RPS27L",0.95
"IMP3","MRPS12",0.948
"IMP3","UTP14A",0.988
"IMP3","MRTO4",0.969
"IMP3","MRPL2",0.895
"IMP3","NOC4L",0.997
"IMP3","MRPS16",0.983
"IMP3","RPS19",0.996
"IMP3","RPL23",0.983
"IMP3","POLR2F",0.909
"IMP3","SERBP1",0.716
"IMP3","MAK16",0.711
"IMP3","ATP5F1C",0.89
"IMP3","NGDN",0.998
"IMP3","RPL10",0.838
"IMP3","RPL5",0.983
"IMP3","RPS16",0.995
"IMP3","RCL1",0.993
"IMP3","IFI35",0.808
"IMP3","RPS14",0.993
"IMP3","SNU13",0.994
"IMP3","RPL12",0.837
"IMP3","DAP3",0.813
"IMP3","MRPL20",0.983
"IMP3","EPRS1",0.914
"IMP3","BRIX1",0.91
"IMP3","RPL13A",0.895
"IMP3","ATP5F1A",0.899
"IMP3","HMGN4",0.835
"IMP3","RPS9",0.984
"IMP3","EIF1AY",0.928
"IMP3","DNTTIP2",0.991
"IMP3","RPL22",0.88
"IMP3","POLR1B",0.869
"IMP3","RPL27",0.816
"IMP3","PDCD11",0.996
"IMP3","UTP11",0.998
"IMP3","MRPL24",0.896
"IMP3","EIF5A",0.893
"IMP3","EXOSC10",0.953
"IMP3","MRPL19",0.982
"IMP3","NOL10",0.994
"IMP3","RPF1",0.845
"IMP3","MRPL9",0.988
"IMP3","RPL3",0.896
"IMP3","EIF2S2",0.83
"IMP3","RRP1B",0.718
"IMP3","FCF1",0.998
"IMP3","EIF1AX",0.929
"IMP3","ZNF593",0.856
"IMP3","HMGN1",0.833
"IMP3","MRPS15",0.894
"IMP3","NOL7",0.827
"IMP3","RPL36AL",0.855
"IMP3","MRPS14",0.893
"IMP3","RPL14",0.833
"IMP3","RPL39L",0.71
"IMP3","C1D",0.782
"RORC","IL6",0.727
"RORC","CCRL2",0.72
"MAF","KEAP1",0.854
"MAF","JUN",0.993
"MDH2","PKLR",0.77
"MDH2","FH",0.998
"MDH2","STX2",0.856
"MDH2","SDHB",0.971
"MDH2","ATP5F1C",0.918
"MDH2","ATP5F1A",0.954
"MDH2","DLST",0.861
"MDH2","CS",0.999
"MDH2","SDHD",0.793
"MDH2","NDUFS2",0.755
"PCM1","DCTN1",0.741
"FLNC","CAV1",0.88
"FLNC","AR",0.777
"FLNC","SRC",0.727
"CCT6B","HSP90AB1",0.857
"CCT6B","PFDN5",0.73
"CCT6B","CCT4",0.999
"SENP5","SUMO1",0.955
"SENP5","SUMO3",0.898
"SENP5","GNL2",0.862
"SENP5","UBE2I",0.758
"SENP5","RPL37A",0.845
"NRIP1","ESR2",0.774
"NRIP1","JUN",0.793
"NRIP1","HDAC1",0.811
"ATP13A2","PLA2G6",0.844
"VIPR1","GNB1",0.959
"VIPR1","ATG5",0.988
"NOS2","IL10",0.718
"NOS2","CALML5",0.993
"NOS2","TLR4",0.754
"NOS2","CALML4",0.993
"NOS2","STAT1",0.738
"NOS2","HSP90AA1",0.731
"NOS2","ARG1",0.98
"NOS2","IL6",0.781
"PPM1A","SMAD3",0.92
"PPM1A","MAP2K6",0.914
"NDUFV2","SDHD",0.956
"NDUFV2","COX7A2",0.775
"NDUFV2","COX7C",0.967
"NDUFV2","NDUFB6",0.999
"NDUFV2","NDUFAF4",0.96
"NDUFV2","NDUFA8",0.999
"NDUFV2","NDUFS2",0.999
"NDUFV2","UQCR10",0.997
"NDUFV2","ATP5PF",0.903
"NDUFV2","HTATIP2",0.814
"NDUFV2","ATP5F1A",0.897
"NDUFV2","NDUFA3",0.999
"NDUFV2","NDUFA1",0.999
"NDUFV2","COX6C",0.822
"NDUFV2","ATP5PB",0.93
"NDUFV2","SDHB",0.999
"NDUFV2","NDUFB2",0.997
"NDUFV2","ATP5F1C",0.971
"NDUFV2","NDUFA13",0.999
"NDUFV2","NDUFB3",0.999
"NDUFV2","R3HDM4",0.842
"NDUFV2","TMEM126B",0.737
"THNSL2","OAT",0.792
"BGN","COL5A1",0.774
"BGN","COL5A2",0.807
"BGN","POSTN",0.83
"BGN","COL6A1",0.86
"BGN","TLR4",0.994
"BGN","FN1",0.995
"COL10A1","COL5A2",0.753
"COL10A1","COL4A2",0.823
"COL10A1","P4HB",0.701
"APOBEC3B","APOBEC3C",0.713
"APOBEC3B","UQCR10",0.71
"APOBEC3B","COX7C",0.788
"CSF1","IL10",0.87
"CSF1","STAT1",0.791
"CSF1","CCL5",0.732
"CSF1","GRB2",0.785
"CSF1","NTRK1",0.913
"CSF1","IL6",0.827
"CSF1","SRC",0.91
"GLUD2","EPRS1",0.845
"GLUD2","CS",0.932
"GLUD2","OAT",0.909
"GLUD2","ALDH9A1",0.853
"AP2A2","NCALD",0.906
"AP2A2","AP1S1",0.92
"AP2A2","NECAP2",0.957
"AP2A2","EPS15",0.958
"AP2A2","AMPH",0.893
"AP2A2","AP1B1",0.93
"AP2A2","SNAP91",0.825
"AP2A2","TGOLN2",0.955
"AP2A2","CLINT1",0.767
"AP2A2","HTT",0.989
"AP2A2","AP3S2",0.903
"AP2A2","PICALM",0.876
"AP2A2","ITSN1",0.923
"AP2A2","EPS15L1",0.818
"AP2A2","ITSN2",0.744
"NKX2-5","SMARCA4",0.91
"NKX2-5","SMAD4",0.728
"CLASP2","DCTN1",0.77
"CLASP2","CTNND1",0.72
"CLASP2","BUB3",0.724
"P4HB","P4HA2",0.999
"P4HB","HSP90AA1",0.711
"P4HB","PRDX4",0.716
"P4HB","VCP",0.892
"P4HB","HSP90AB1",0.72
"XPOT","NUP160",0.77
"XPOT","NCBP1",0.872
"INTS5","NELFB",0.861
"INTS5","POLR2F",0.8
"INTS5","POLR2B",0.998
"TGIF1","SMAD4",0.789
"TGIF1","HDAC1",0.831
"TGIF1","SMAD3",0.974
"YAF2","CBX3",0.915
"SRPRA","RPL5",0.975
"SRPRA","RPS16",0.71
"SRPRA","RPL10",0.914
"SRPRA","RPL23",0.963
"SRPRA","MRTO4",0.861
"SRPRA","UBA52",0.8
"SRPRA","RPL37A",0.815
"SRPRA","RPL24",0.819
"SRPRA","RPL30",0.816
"SRPRA","RPL36AL",0.816
"SRPRA","RPL14",0.816
"SRPRA","RPL3",0.935
"SRPRA","SEC61G",0.76
"SRPRA","RPL27",0.815
"SRPRA","RPL22",0.841
"SRPRA","RPL13A",0.924
"PAWR","PRKCZ",0.716
"JAG2","HEY1",0.747
"JAG2","CTR9",0.704
"KNTC1","BUB3",0.705
"KNTC1","CDCA8",0.842
"KNTC1","BRCA1",0.849
"KNTC1","EXO1",0.768
"HMG20B","HDAC2",0.996
"HMG20B","KDM1A",0.999
"HMG20B","HDAC1",0.998
"HMG20B","BRCA2",0.942
"PTTG1IP","PTTG1",0.893
"PDE6G","GNB1",0.945
"S1PR5","GNB1",0.818
"DNMT3B","CBX3",0.767
"DNMT3B","HDAC2",0.994
"DNMT3B","LIN28A",0.754
"DNMT3B","H2AX",0.883
"DNMT3B","RBBP7",0.738
"DNMT3B","RBBP4",0.744
"DNMT3B","DNMT1",0.999
"DNMT3B","H3-4",0.994
"DNMT3B","HDAC1",0.999
"GLRX5","GLRX",0.92
"GLRX5","TXN",0.828
"GLRX5","ISCA1",0.959
"SIX6","TMCO1",0.72
"RXFP3","ARRB1",0.924
"SELENOF","SECISBP2",0.81
"SELENOF","TXN",0.765
"SELENOF","SELENOT",0.928
"HEXIM1","SRSF2",0.719
"HEXIM1","RPS2",0.743
"EFNA5","FYN",0.931
"EFNA5","SH3BP4",0.724
"EFNA5","NTRK1",0.913
"EFNA5","FN1",0.721
"EFNA5","RRAGD",0.843
"RBM10","DHX15",0.996
"RBM10","SRSF2",0.812
"RBM10","SF1",0.702
"NOC4L","C1D",0.809
"NOC4L","BUD23",0.718
"NOC4L","ZNF593",0.705
"NOC4L","NOL7",0.829
"NOC4L","MRPS15",0.771
"NOC4L","FCF1",0.997
"NOC4L","RRP1B",0.869
"NOC4L","NOL10",0.999
"NOC4L","GNL3L",0.737
"NOC4L","EXOSC10",0.988
"NOC4L","GNL3",0.724
"NOC4L","UTP11",0.998
"NOC4L","PDCD11",0.998
"NOC4L","DNTTIP2",0.993
"NOC4L","RPS9",0.998
"NOC4L","BRIX1",0.85
"NOC4L","SNU13",0.996
"NOC4L","RPS14",0.994
"NOC4L","RCL1",0.998
"NOC4L","NOC3L",0.879
"NOC4L","GTPBP4",0.834
"NOC4L","RPS16",0.985
"NOC4L","NGDN",0.999
"NOC4L","RPS19",0.983
"NOC4L","DHX15",0.852
"NOC4L","DDX47",0.879
"NOC4L","UTP14A",0.996
"NOC4L","MRTO4",0.735
"NOC4L","RPS27L",0.874
"NOC4L","MRPS12",0.795
"NOC4L","RPS2",0.824
"NOC4L","RPS6",0.996
"NOC4L","HEATR1",0.998
"NOC4L","RPS4X",0.96
"NOC4L","RRP15",0.775
"NOC4L","EXOSC8",0.813
"NOC4L","GNL2",0.761
"NOC4L","EBNA1BP2",0.801
"SCN5A","CACNA1G",0.716
"SCN5A","CACNA1H",0.701
"SCN5A","PRKACG",0.937
"SCN5A","CACNA2D1",0.855
"SCN5A","ANK2",0.888
"SCN5A","CALML5",0.974
"SCN5A","CALML4",0.967
"SCN5A","CAV1",0.707
"SCN5A","AKAP9",0.771
"SCN5A","RYR2",0.887
"TRAK1","NDE1",0.922
"CREB3L2","HTT",0.808
"CREB3L2","CREB3",0.964
"CREB3L2","CREB5",0.922
"SIVA1","XIAP",0.7
"SIVA1","PCNA",0.74
"KRT7","KRT19",0.701
"IGLL1","JCHAIN",0.893
"SP1","ESR2",0.988
"SP1","SMARCA4",0.812
"SP1","AR",0.837
"SP1","SMAD4",0.933
"SP1","JUN",0.996
"SP1","SRC",0.947
"SP1","DNMT1",0.773
"SP1","SMAD3",0.978
"SP1","HDAC1",0.991
"SP1","HTT",0.945
"SP1","PRKCZ",0.788
"SP1","GTF2B",0.747
"SP1","MAPK11",0.939
"SP1","HDAC2",0.916
"SP1","E2F1",0.983
"SP1","PRKACG",0.935
"GP1BA","YWHAZ",0.979
"GP1BA","FN1",0.841
"GP1BA","SRC",0.747
"PCP4","CALML5",0.981
"PCP4","CALML4",0.98
"COPB2","COPA",0.999
"COPB2","SEC13",0.749
"COPB2","EPRS1",0.967
"SIRT7","POLR1E",0.717
"SIRT7","PNP",0.909
"KDELR1","COPA",0.702
"CD300C","SQSTM1",0.981
"CD300C","KEAP1",0.722
"CD300C","BNIP3",0.905
"CD300C","FCAR",0.743
"H1-10","H1-0",0.723
"H1-10","H4C2",0.931
"GALR2","GNB1",0.912
"PLPP2","GNPAT",0.835
"DRG1","RPS2",0.759
"DRG1","RPS6",0.72
"DRG1","PSMC2",0.818
"DRG1","RPS19",0.737
"DRG1","RPL5",0.701
"DRG1","RPS21",0.737
"DRG1","ZC3H15",0.999
"DRG1","CS",0.805
"ATP6V0C","PPA2",0.796
"ATP6V0C","MRPS16",0.713
"ATP6V0C","RPL23",0.745
"ATP6V0C","ATP5F1C",0.985
"ATP6V0C","ATP5PB",0.91
"ATP6V0C","ATP6V1G1",0.996
"ATP6V0C","ATP5F1A",0.988
"ATP6V0C","ATP5PF",0.869
"ATP6V0C","CDCA8",0.793
"CADM1","CD8A",0.748
"CADM1","IL6",0.77
"TRMT12","BUD23",0.745
"TPO","DDC",0.918
"PSMG1","RPS2",0.709
"PSMG1","RPL23",0.861
"PSMG1","MRPS16",0.902
"PSMG1","MRPS12",0.88
"PSMG1","HSP90AB1",0.739
"PSMG1","MRPL40",0.848
"PSMG1","CCT4",0.915
"PSMG1","RPS9",0.89
"PSMG1","MRPL20",0.844
"PSMG1","DAP3",0.853
"PSMG1","MRPS14",0.894
"PSMG1","MRPS15",0.902
"PSMG1","HMGN1",0.731
"PSMG1","MRPL19",0.86
"TBK1","IRF3",0.999
"TBK1","TLR4",0.957
"TBK1","IRF7",0.992
"TBK1","IFIT3",0.782
"TBK1","RIGI",0.994
"TBK1","IFIT1",0.899
"TBK1","ZBP1",0.986
"TBK1","RSAD2",0.734
"TBK1","PELI1",0.821
"TBK1","IFNB1",0.972
"TBK1","MTOR",0.722
"TBK1","SQSTM1",0.995
"TBK1","HSP90AB1",0.843
"TBK1","HSP90AA1",0.925
"TBK1","TRAF3",0.999
"TBK1","IFI16",0.892
"TBK1","IRAK1",0.759
"TBK1","XIAP",0.823
"TBK1","CHUK",0.964
"TBK1","STAT1",0.748
"UPP1","UBE2I",0.746
"UPP1","PNP",0.994
"H1-5","H2AC17",0.823
"H1-5","CBX3",0.821
"H1-5","H4C2",0.885
"H1-5","H2AC13",0.894
"SOX1","AMPH",0.736
"SOX1","NES",0.795
"CASP9","CDKN1A",0.713
"CASP9","BECN1",0.928
"CASP9","XIAP",0.999
"CASP9","PARP1",0.991
"CASP9","CASP8",0.944
"CASP9","IL6",0.785
"CASP9","JUN",0.77
"CASP9","MTOR",0.738
"CASP9","FASLG",0.847
"SOCS3","PTK2",0.807
"SOCS3","IL6",0.947
"SOCS3","IDO1",0.797
"SOCS3","STAT5A",0.9
"SOCS3","STAT1",0.988
"SOCS3","JAK2",0.999
"SOCS3","TLR4",0.784
"SOCS3","IRF7",0.768
"SOCS3","IFNGR1",0.818
"SOCS3","IFNB1",0.786
"SOCS3","IL10",0.848
"DDX41","IFI16",0.926
"DDX41","DHX9",0.785
"DDX41","IRF3",0.913
"PDGFB","IL13RA1",0.712
"PDGFB","NTRK1",0.772
"SPRR3","C4BPA",0.721
"SPRR3","IVL",0.943
"LEPR","IL6",0.902
"LEPR","STAT5A",0.848
"LEPR","IL10",0.784
"LEPR","JAK2",0.999
"P2RX7","NLRP3",0.866
"P2RX7","TLR4",0.725
"BRWD1","STAT5A",0.766
"BRWD1","SMARCA4",0.949
"IFITM1","IFI6",0.891
"IFITM1","IFITM3",0.872
"IFITM1","IFIT3",0.86
"IFITM1","IRF7",0.762
"IFITM1","IFI44",0.742
"IFITM1","IFI35",0.805
"IFITM1","IFI27",0.908
"IFITM1","IFIT1",0.877
"IFITM1","RSAD2",0.719
"IFITM1","MX2",0.776
"IFITM1","OAS2",0.786
"IFITM1","STAT1",0.845
"IFITM1","MX1",0.853
"IFITM1","OAS1",0.863
"IFITM1","IRF9",0.915
"IFITM1","IFI44L",0.795
"IFITM1","CAV1",0.801
"FANCF","BRCA1",0.887
"FANCF","BRCA2",0.908
"IL1R2","IL6",0.738
"IL1R2","IL10",0.871
"RPS27L","EIF1AX",0.809
"RPS27L","FCF1",0.86
"RPS27L","RPL39L",0.944
"RPS27L","EIF3I",0.786
"RPS27L","RPL14",0.987
"RPS27L","RPL36AL",0.897
"RPS27L","MRPS14",0.808
"RPS27L","HMGN1",0.729
"RPS27L","MRPS15",0.868
"RPS27L","EIF2S2",0.911
"RPS27L","DOCK4",0.869
"RPS27L","RPL3",0.906
"RPS27L","NOL10",0.807
"RPS27L","RPL27",0.986
"RPS27L","RPL22",0.975
"RPS27L","DNTTIP2",0.785
"RPS27L","EIF1AY",0.776
"RPS27L","EIF5A",0.768
"RPS27L","UTP11",0.872
"RPS27L","MRPL24",0.856
"RPS27L","RPL12",0.982
"RPS27L","SNU13",0.908
"RPS27L","RPS14",0.986
"RPS27L","IFI35",0.921
"RPS27L","RCL1",0.859
"RPS27L","HMGN4",0.73
"RPS27L","RPS9",0.989
"RPS27L","EPRS1",0.773
"RPS27L","RPL13A",0.971
"RPS27L","RPS19",0.994
"RPS27L","RPL23",0.984
"RPS27L","RPL5",0.992
"RPS27L","RPS16",0.994
"RPS27L","RPL10",0.898
"RPS27L","SERBP1",0.8
"RPS27L","MRPS12",0.915
"RPS27L","RPS21",0.994
"RPS27L","EIF3A",0.746
"RPS27L","MRPL2",0.762
"RPS27L","UTP14A",0.735
"RPS27L","MRTO4",0.853
"RPS27L","HEATR1",0.877
"RPS27L","RPS2",0.993
"RPS27L","RPL37A",0.988
"RPS27L","RPL24",0.99
"RPS27L","EIF3B",0.738
"RPS27L","RPS6",0.989
"RPS27L","UBA52",0.989
"RPS27L","RPL30",0.981
"RPS27L","RPS4X",0.961
"RPS27L","RPLP1",0.972
"OLIG2","NES",0.836
"PEX26","PEX2",0.958
"MXI1","FOXO3",0.757
"CD8B","CD8A",0.999
"CD8B","SYK",0.909
"HGS","EPS15",0.989
"HGS","EPS15L1",0.812
"HGS","UBA52",0.75
"HGS","RHOBTB3",0.867
"ELOA2","TCEA2",0.81
"ELOA2","CDC73",0.761
"TOB2","CNOT7",0.969
"MORF4L1","HDAC2",0.998
"MORF4L1","HDAC1",0.995
"MORF4L1","H3-4",0.833
"MORF4L1","TRRAP",0.998
"MORF4L1","BRCA2",0.733
"MORF4L1","BRCA1",0.763
"MORF4L1","RBBP4",0.978
"MORF4L1","RBBP7",0.97
"GNB1L","CRKL",0.728
"GAST","GNB1",0.94
"GAST","PYY",0.761
"NPLOC4","IFT56",0.994
"NPLOC4","VCP",0.999
"NPLOC4","UBA52",0.98
"NPLOC4","UBL4A",0.79
"FES","AMPH",0.796
"FES","HSP90AB1",0.784
"FES","HSP90AA1",0.848
"FBLN1","COL6A1",0.738
"FBLN1","FN1",0.992
"OR1G1","GNB1",0.714
"PRKCD","PLCB1",0.916
"PRKCD","FYN",0.874
"PRKCD","PRKCZ",0.78
"PRKCD","PIK3CD",0.923
"PRKCD","STAT1",0.91
"PRKCD","SYK",0.741
"PRKCD","CARD9",0.955
"PRKCD","HSP90AA1",0.78
"PRKCD","PLA2G6",0.907
"PRKCD","SRC",0.983
"IKZF1","PAX5",0.954
"IKZF1","SMARCA4",0.715
"IKZF1","HDAC1",0.987
"IKZF1","HDAC2",0.928
"TMEM186","NDUFAF4",0.746
"TMEM186","TMEM126B",0.949
"PKP3","FMR1",0.722
"PKP3","KRT18",0.707
"PKP3","DSP",0.93
"KLHL22","KLHL2",0.766
"KLHL22","KEAP1",0.914
"SELE","FN1",0.726
"SELE","PODXL",0.7
"SELE","IL6",0.884
"SELE","CCL5",0.752
"CALCA","GNB1",0.923
"TBX1","CRKL",0.812
"GAS6","FN1",0.73
"GAS6","NTRK1",0.898
"PRMT3","HNRNPA1",0.741
"PRMT3","RPS2",0.992
"IDH2","NRAS",0.768
"IDH2","DLST",0.823
"IDH2","CS",0.994
"IDH2","FH",0.934
"IDH2","SDHB",0.885
"IDH2","SRSF2",0.732
"COL4A5","COL5A2",0.721
"COL4A5","COL15A1",0.767
"COL4A5","ACSL4",0.812
"COL4A5","COL4A2",0.826
"COL4A5","BECN1",0.945
"DHX34","SMG5",0.706
"DHX34","CDC5L",0.806
"DHX34","DHX15",0.716
"CARMIL1","CAPZA2",0.966
"CARMIL1","CD2AP",0.773
"CD86","IL6",0.862
"CD86","ARG1",0.747
"CD86","IDO1",0.786
"CD86","PDCD1",0.996
"CD86","TLR4",0.841
"CD86","CD40",0.988
"CD86","FASLG",0.882
"CD86","CCL5",0.715
"CD86","CD8A",0.933
"CD86","IL10",0.966
"EPHB3","FYN",0.791
"SLIT3","ROBO1",0.999
"NOP10","TOMM7",0.756
"NOP10","SNU13",0.994
"NOP10","GNL3L",0.807
"NOP10","DOCK4",0.748
"PMCH","PYY",0.748
"PMCH","KISS1",0.779
"ATP6V0A2","ATP5F1A",0.775
"ATP6V0A2","ATP6V1G1",0.934
"ATP6V0A2","PPA2",0.766
"ALDH1A3","CYP1A1",0.958
"DDX28","NGDN",0.908
"DDX28","MRTO4",0.723
"DDX28","MRPL2",0.927
"DDX28","MRPS18A",0.868
"DDX28","EBNA1BP2",0.709
"DDX28","MRPL19",0.823
"DDX28","MRPL9",0.86
"DDX28","MRPL24",0.885
"DDX28","MRPL20",0.891
"DDX28","BRIX1",0.756
"DDX28","NOC3L",0.719
"DDX28","FTSJ3",0.793
"PTCH1","RET",0.915
"CSTF2T","FIP1L1",0.985
"CCR10","CXCL9",0.868
"CCR10","ARRB1",0.735
"CCR10","CXCR3",0.716
"CCR10","CCL8",0.842
"CCR10","CCL5",0.904
"SH3BGR","HMGN1",0.878
"RNLS","MAOB",0.713
"GRIN2A","PRKACG",0.969
"GRIN2A","CDK5",0.763
"GRIN2A","CALML5",0.895
"GRIN2A","PPP1CC",0.907
"GRIN2A","FYN",0.981
"GRIN2A","SRC",0.963
"GRIN2A","CALML4",0.897
"OSBP2","VAPA",0.938
"OSBP2","UQCR10",0.81
"NPY2R","PYY",0.999
"NPY2R","GNB1",0.843
"CCR4","CXCL9",0.708
"CCR4","CCL5",0.977
"CCR4","CCL8",0.708
"CYP2A13","CYP1A1",0.934
"PURA","E2F1",0.756
"PURA","FMR1",0.986
"PURA","HNRNPA1",0.717
"PURA","YBX1",0.947
"FLRT2","FN1",0.809
"UQCR10","ATP5PF",0.862
"UQCR10","NDUFA8",0.999
"UQCR10","NDUFS2",0.994
"UQCR10","COX7A2L",0.889
"UQCR10","NDUFB6",0.983
"UQCR10","COX7A2",0.897
"UQCR10","SDHD",0.923
"UQCR10","COX7C",0.999
"UQCR10","COX6C",0.997
"UQCR10","NDUFA1",0.978
"UQCR10","NDUFA3",0.979
"UQCR10","ATP5F1C",0.738
"UQCR10","NDUFB2",0.925
"UQCR10","HTT",0.906
"UQCR10","APOBEC3G",0.713
"UQCR10","NDUFA4L2",0.883
"UQCR10","SDHB",0.919
"UQCR10","BCS1L",0.846
"UQCR10","NDUFB3",0.98
"UQCR10","R3HDM4",0.863
"UQCR10","TOMM7",0.763
"UQCR10","NDUFA13",0.995
"UQCR10","APOBEC3C",0.709
"ADGRG3","GNB1",0.928
"SMAD3","PARP1",0.869
"SMAD3","BRCA1",0.867
"SMAD3","STAT1",0.849
"SMAD3","CDKN1A",0.918
"SMAD3","AR",0.953
"SMAD3","ZFYVE16",0.953
"SMAD3","CHUK",0.875
"SMAD3","SMAD4",0.999
"SMAD3","JUN",0.997
"SMAD3","YBX1",0.941
"SMAD3","ATF3",0.988
"SMAD3","ZEB1",0.95
"SMAD3","FN1",0.73
"SMAD3","HDAC1",0.98
"SMAD3","FOXO3",0.995
"SMAD3","MAP3K7",0.803
"SMAD3","IRF7",0.81
"SMAD3","E2F1",0.728
"SMAD3","TGFBR2",0.998
"BACE2","FYN",0.919
"SS18L1","SMARCA2",0.735
"SS18L1","SMARCA4",0.859
"SS18L1","SMARCD1",0.964
"PLA2G6","CALML5",0.787
"PLA2G6","CALML4",0.787
"GH2","JAK2",0.741
"SERPINA5","PLAU",0.861
"UBA7","UBA52",0.977
"UBA7","RIGI",0.758
"UBA7","UBE2D2",0.834
"FAAP100","UBA52",0.706
"LAMP1","CD8A",0.795
"LAMP1","SEC13",0.995
"LAMP1","MTOR",0.997
"LAMP1","TFRC",0.855
"LAMP1","BECN1",0.852
"LAMP1","UBL4A",0.797
"LAMP1","MIOS",0.994
"LAMP1","ATG5",0.793
"LAMP1","SQSTM1",0.782
"LAMP1","SEH1L",0.994
"LAMP1","TGOLN2",0.737
"TUBA8","TUBB",0.978
"TUBA8","HTATIP2",0.723
"MRPL40","MRPS16",0.997
"MRPL40","RPL23",0.864
"MRPL40","RPL10",0.7
"MRPL40","MRPS12",0.992
"MRPL40","MRPL2",0.989
"MRPL40","MRPL12",0.971
"MRPL40","RPS2",0.843
"MRPL40","MRPS18A",0.988
"MRPL40","MRPS15",0.994
"MRPL40","MRPS14",0.994
"MRPL40","MRPL19",0.997
"MRPL40","MRPL9",0.954
"MRPL40","RPL3",0.79
"MRPL40","MRPL24",0.946
"MRPL40","RPS14",0.795
"MRPL40","MRPL20",0.898
"MRPL40","DAP3",0.995
"MRPL40","RPL13A",0.843
"MRPL40","RPS9",0.859
"KCND2","KCNQ2",0.72
"MTA1","JUN",0.737
"MTA1","DNMT1",0.785
"MTA1","HDAC1",0.999
"MTA1","RBBP7",0.999
"MTA1","RBBP4",0.999
"MTA1","HDAC2",0.999
"MTA1","KDM1A",0.918
"MX2","IFI44",0.872
"MX2","RSAD2",0.963
"MX2","IFIT1",0.961
"MX2","IFI35",0.82
"MX2","IFIT3",0.888
"MX2","RIGI",0.965
"MX2","IFITM3",0.7
"MX2","IFI6",0.849
"MX2","IRF7",0.88
"MX2","MX1",0.979
"MX2","OAS1",0.918
"MX2","STAT1",0.851
"MX2","XAF1",0.869
"MX2","IFI44L",0.837
"MX2","TRIM5",0.761
"MX2","IRF9",0.883
"MX2","OAS2",0.948
"MX2","IFIT5",0.725
"MX2","TRIM22",0.706
"ACAA1","ACOX3",0.995
"ACAA1","GNPAT",0.881
"ACAA1","CS",0.942
"ACAA1","DLST",0.852
"SHMT2","CBS",0.972
"SHMT2","TK1",0.75
"SHMT2","FPGS",0.939
"SHMT2","BABAM2",0.998
"SHMT2","MTHFD2",0.997
"MAPK11","GNB1",0.744
"MAPK11","MAP3K5",0.928
"MAPK11","FOXO3",0.929
"MAPK11","MAP3K7",0.923
"MAPK11","MAP2K6",0.977
"MAPK11","PTK2",0.913
"MAPK11","JUN",0.971
"MAPK11","SRC",0.751
"MAPK11","ESR2",0.912
"MAPK11","CARD9",0.943
"BSG","CAV1",0.996
"ALG12","DPM1",0.939
"MC2R","GNB1",0.909
"MRPL12","RPS14",0.972
"MRPL12","RPL12",0.935
"MRPL12","DAP3",0.989
"MRPL12","MRPL20",0.999
"MRPL12","RPL13A",0.97
"MRPL12","ATP5F1A",0.794
"MRPL12","RPS9",0.983
"MRPL12","HMGN4",0.909
"MRPL12","EIF1AY",0.8
"MRPL12","POLR1B",0.914
"MRPL12","PDCD11",0.968
"MRPL12","MRPL24",0.996
"MRPL12","MRPL19",0.999
"MRPL12","RPL3",0.973
"MRPL12","MRPL9",0.999
"MRPL12","EIF1AX",0.803
"MRPL12","MRPS15",0.996
"MRPL12","HMGN1",0.908
"MRPL12","MRPS14",0.995
"MRPL12","POLR2B",0.918
"MRPL12","MRPS18A",0.939
"MRPL12","PPA2",0.728
"MRPL12","RPS2",0.987
"MRPL12","PRAMEF12",0.716
"MRPL12","MRPS12",0.998
"MRPL12","MRTO4",0.986
"MRPL12","MRPL2",0.995
"MRPL12","MRPS16",0.999
"MRPL12","RPL23",0.999
"MRPL12","POLR2F",0.801
"MRPL12","ATP5F1C",0.879
"MRPL12","RPL10",0.911
"MRPL12","RPS16",0.973
"MRPL12","RPL5",0.999
"TTF1","POLR1E",0.729
"TTF1","PRKACG",0.9
"TRMT11","BUD23",0.847
"NDEL1","KIF2C",0.73
"NDEL1","PDE4B",0.805
"NDEL1","NDE1",0.982
"NDEL1","DCTN1",0.77
"NDEL1","ANK2",0.93
"NDEL1","CDK5",0.835
"HAP1","DCTN1",0.997
"HAP1","HTT",0.999
"GNAL","GNB1",0.978
"EXOC7","VAMP2",0.706
"FGF3","FN1",0.797
"FGF3","GRB2",0.745
"FGF3","NTRK1",0.887
"KLHDC10","PRAME",0.903
"F3","IL6",0.819
"F3","TLR4",0.717
"F3","FN1",0.711
"F3","PLAU",0.829
"WDR25","NCBP1",0.843
"WDR25","CDC5L",0.895
"CACNA1H","CACNA1F",0.849
"CACNA1H","CATSPERG",0.839
"CACNA1H","CALML4",0.941
"CACNA1H","ESR2",0.914
"CACNA1H","CALML5",0.943
"CACNA1H","CACNA2D1",0.919
"CACNA1H","HSPA2",0.725
"CACNA1H","CACNA1G",0.944
"CACNA1H","FKBP1A",0.728
"ATP4B","PPA2",0.909
"UGT2B28","CYP1A1",0.953
"UGT2B28","AKR1C3",0.915
"ZMIZ1","SUMO1",0.759
"ZMIZ1","AR",0.802
"SREK1","SRSF2",0.789
"SREK1","PRPF39",0.714
"POLR3C","POLR2B",0.819
"POLR3C","POLR2F",0.998
"POLR3C","POLR1B",0.815
"ERCC6L","EXO1",0.882
"ERCC6L","CDCA8",0.753
"ERCC6L","MCM10",0.793
"BMP2K","CLINT1",0.732
"BMP2K","PICALM",0.85
"PDE2A","ADCY10",0.744
"RASA3","RAP1A",0.729
"RASA3","NRAS",0.759
"WASF3","NCKAP1",0.999
"WASF3","WAS",0.922
"PDCD1","IL10",0.827
"PDCD1","CD8A",0.938
"PDCD1","CXCR3",0.715
"PDCD1","IDO1",0.769
"PDCD1","FASLG",0.846
"HSP90AA1","BECN1",0.793
"HSP90AA1","SP100",0.846
"HSP90AA1","CD9",0.871
"HSP90AA1","YWHAZ",0.801
"HSP90AA1","CHEK1",0.891
"HSP90AA1","YWHAQ",0.763
"HSP90AA1","PDPK1",0.845
"HSP90AA1","CAV1",0.988
"HSP90AA1","GRB2",0.835
"HSP90AA1","AR",0.999
"HSP90AA1","NLRP3",0.99
"HSP90AA1","CHUK",0.992
"HSP90AA1","RPS6",0.79
"HSP90AA1","BRCA1",0.752
"HSP90AA1","ESR2",0.884
"HSP90AA1","DNAJA1",0.989
"HSP90AA1","CALML4",0.996
"HSP90AA1","STAT1",0.868
"HSP90AA1","JAK2",0.791
"HSP90AA1","CDKN1A",0.909
"HSP90AA1","KEAP1",0.949
"HSP90AA1","IL6",0.738
"HSP90AA1","PTK2",0.716
"HSP90AA1","AGO3",0.731
"HSP90AA1","VCP",0.933
"HSP90AA1","HSP90AB1",0.997
"HSP90AA1","DCTN1",0.884
"HSP90AA1","JUN",0.798
"HSP90AA1","SRC",0.999
"HSP90AA1","TXN",0.724
"HSP90AA1","HTT",0.777
"HSP90AA1","RPL5",0.718
"HSP90AA1","HDAC1",0.764
"HSP90AA1","H3-4",0.805
"HSP90AA1","PTEN",0.803
"HSP90AA1","EPRS1",0.701
"HSP90AA1","NRAS",0.817
"HSP90AA1","FYN",0.896
"HSP90AA1","MAP3K7",0.752
"HSP90AA1","CCT4",0.783
"HSP90AA1","MTOR",0.998
"HSP90AA1","HSPA2",0.896
"HSP90AA1","DNAJB4",0.77
"HSP90AA1","IRF3",0.916
"HSP90AA1","TLR4",0.987
"HSP90AA1","CD40",0.78
"HSP90AA1","CALML5",0.996
"HSP90AA1","TGFBR2",0.959
"VPS39","SMAD4",0.78
"ATP5IF1","ATP5F1C",0.964
"ATP5IF1","ATP5PB",0.875
"ATP5IF1","ATP5F1A",0.94
"ATP5IF1","ATP5PF",0.862
"ENTPD5","CMPK1",0.836
"ENTPD5","NME1",0.717
"ENTPD5","PKLR",0.904
"DLST","FH",0.82
"DLST","SDHB",0.883
"DLST","ATP5F1C",0.822
"DLST","ATP5F1A",0.894
"DLST","CS",0.951
"DLST","SDHD",0.811
"DPPA4","LIN28A",0.749
"SF3B1","PRPF39",0.94
"SF3B1","NCBP1",0.942
"SF3B1","RBMX2",0.999
"SF3B1","SF1",0.963
"SF3B1","SNU13",0.992
"SF3B1","DDX17",0.785
"SF3B1","PPP6R1",0.926
"SF3B1","DHX15",0.987
"SF3B1","SNRNP70",0.979
"SF3B1","YBX1",0.939
"SF3B1","SRSF2",0.909
"SF3B1","PRP4K",0.93
"SF3B1","CDC5L",0.999
"SF3B1","BAZ1B",0.919
"SF3B1","ERCC6",0.737
"CDKN3","CDCA3",0.859
"CDKN3","MKI67",0.707
"CDKN3","NEK2",0.722
"CDKN3","CKS2",0.725
"CDKN3","PTTG1",0.84
"CDKN3","CHEK1",0.704
"CDKN3","KIF2C",0.791
"CDKN3","CDKN1A",0.946
"CDKN3","CDCA8",0.72
"GSTA1","CYP1A1",0.961
"FOXK2","RBBP7",0.731
"PSME3IP1","CDC5L",0.902
"NR1I2","EPRS1",0.882
"NR1I2","CYP1A1",0.742
"RAD54B","BRCA2",0.857
"RAD54B","EXO1",0.74
"RAD54B","BRCA1",0.882
"RAD54B","RAD54L",0.952
"STRADA","SEC61G",0.828
"AP1S1","AP3S2",0.908
"AP1S1","AP1G1",0.998
"AP1S1","PICALM",0.725
"AP1S1","NECAP2",0.724
"AP1S1","NCALD",0.901
"AP1S1","AP1B1",0.999
"CBX3","E2F1",0.742
"CBX3","HDAC2",0.864
"CBX3","ADNP",0.856
"CBX3","KDM1A",0.974
"CBX3","H3-4",0.999
"CBX3","HDAC1",0.963
"CBX3","DNMT1",0.892
"CBX3","BRCA1",0.834
"CBX3","RBBP7",0.764
"CBX3","RBBP4",0.819
"CBX3","H2AX",0.76
"CBX3","SMARCA4",0.763
"RAD51C","RAD54L",0.845
"RAD51C","RFC4",0.738
"RAD51C","PCNA",0.751
"RAD51C","BRCA2",0.999
"RAD51C","CHEK1",0.731
"RAD51C","REV3L",0.735
"RAD51C","EXO1",0.874
"RAD51C","BRCA1",0.98
"EIF5A","RPL23",0.993
"EIF5A","RPS19",0.982
"EIF5A","MRPS16",0.892
"EIF5A","SERBP1",0.911
"EIF5A","RPS16",0.981
"EIF5A","RPL5",0.995
"EIF5A","RPL10",0.955
"EIF5A","RPS21",0.98
"EIF5A","MRPS12",0.883
"EIF5A","MRPL2",0.729
"EIF5A","EIF6",0.769
"EIF5A","UBA52",0.984
"EIF5A","RPS6",0.992
"EIF5A","RPS2",0.987
"EIF5A","RPL37A",0.967
"EIF5A","RPL24",0.984
"EIF5A","RPL30",0.991
"EIF5A","RPS4X",0.964
"EIF5A","RPLP1",0.776
"EIF5A","EIF1AX",0.785
"EIF5A","RPL36AL",0.942
"EIF5A","MRPS15",0.815
"EIF5A","RPL39L",0.746
"EIF5A","RPL14",0.985
"EIF5A","MRPL19",0.88
"EIF5A","DOCK4",0.701
"EIF5A","RPL3",0.972
"EIF5A","MRPL9",0.883
"EIF5A","EIF1AY",0.78
"EIF5A","RPL27",0.977
"EIF5A","RPL22",0.92
"EIF5A","MRPL24",0.712
"EIF5A","EEF1D",0.757
"EIF5A","RPL12",0.81
"EIF5A","RPS14",0.961
"EIF5A","RPL13A",0.971
"EIF5A","EPRS1",0.761
"EIF5A","MRPL20",0.864
"EIF5A","RPS9",0.982
"TNPO1","SRSF2",0.747
"TNPO1","HNRNPA1",0.998
"TNPO1","NUP160",0.718
"LARP1","EIF4G1",0.714
"LARP1","SERBP1",0.723
"LARP1","YBX1",0.844
"LIMK1","HSP90AB1",0.879
"LIMK1","YWHAZ",0.837
"DHX15","HEATR1",0.823
"DHX15","RBM5",0.973
"DHX15","POLR1E",0.728
"DHX15","EBNA1BP2",0.917
"DHX15","CDC5L",0.996
"DHX15","GNL2",0.84
"DHX15","NGDN",0.734
"DHX15","DDX47",0.832
"DHX15","MRTO4",0.876
"DHX15","UTP14A",0.827
"DHX15","YBX1",0.776
"DHX15","SRSF2",0.906
"DHX15","SF1",0.851
"DHX15","POLR1B",0.874
"DHX15","PDCD11",0.941
"DHX15","NCBP1",0.704
"DHX15","BRIX1",0.816
"DHX15","GTPBP4",0.899
"DHX15","NOC3L",0.795
"DHX15","DDX17",0.812
"DHX15","RCL1",0.841
"DHX15","EIF3I",0.767
"DHX15","RRP1B",0.729
"DHX15","DHX9",0.715
"DHX15","GNL3L",0.844
"DHX15","NUP43",0.709
"DHX15","SYNCRIP",0.819
"DHX15","RPF1",0.706
"DHX15","NOL10",0.813
"DHX15","GNL3",0.856
"DHX15","EXOSC10",0.757
"DHX15","ILF2",0.72
"HIP1","CASP8",0.899
"HIP1","HTT",0.985
"SUPT7L","TRRAP",0.999
"SUPT7L","SUPT3H",0.999
"SUPT7L","MAP3K7",0.769
"FIP1L1","JAK2",0.725
"FIP1L1","CTR9",0.799
"FIP1L1","P4HA2",0.718
"FIP1L1","PPP1CC",0.858
"ANG","RNASEL",0.74
"SYNM","NES",0.949
"TUBA1B","KIF2C",0.856
"TUBA1B","TUBB",0.999
"TUBA1B","CCT4",0.798
"TUBA1B","MTOR",0.994
"KLHL25","KEAP1",0.911
"KLHL25","KLHL2",0.747
"FGG","FN1",0.963
"FGG","APOA2",0.841
"ACTR8","TRRAP",0.924
"CENPA","CDCA8",0.971
"CENPA","BUB3",0.863
"CENPA","H2AC17",0.946
"CENPA","RACGAP1",0.849
"CENPA","KIFC1",0.83
"CENPA","CDCA3",0.89
"CENPA","MKI67",0.785
"CENPA","NEK2",0.85
"CENPA","H4C2",0.968
"CENPA","PTTG1",0.761
"CENPA","CHEK1",0.797
"CENPA","KIF2C",0.986
"CENPA","H2AC13",0.947
"CENPA","H2AX",0.883
"CENPA","EXO1",0.75
"CENPA","RBBP4",0.914
"CENPA","RBBP7",0.882
"PNRC1","C4BPA",0.778
"SEL1L","VCP",0.992
"NME1","GCH1",0.829
"NME1","PKLR",0.914
"CXCL14","CCL5",0.996
"CXCL14","CXCR3",0.866
"CXCL14","CXCL9",0.997
"MEN1","HDAC1",0.722
"MEN1","H3-4",0.796
"MEN1","SMAD4",0.749
"MEN1","CDC73",0.912
"MEN1","SF1",0.719
"MEN1","RET",0.828
"EDN3","RET",0.8
"PRP4K","SRSF2",0.805
"PRP4K","SNRNP70",0.876
"PRP4K","RBM5",0.859
"PRP4K","DHX9",0.833
"PRP4K","SNU13",0.853
"CDCA4","CDCA8",0.723
"ARHGEF1","PTK2",0.939
"CENPQ","H4C2",0.805
"SIRT6","JUN",0.768
"SIRT6","XRCC5",0.7
"SIRT6","FOXO3",0.851
"SIRT6","PNP",0.913
"TDP1","PARP1",0.909
"TDP1","XRCC5",0.771
"LIPA","DHCR7",0.928
"NLRP3","IL6",0.86
"NLRP3","HSP90AB1",0.986
"NLRP3","TXN",0.853
"NLRP3","CASP8",0.948
"NLRP3","BECN1",0.718
"NLRP3","IFI16",0.862
"NLRP3","CARD9",0.756
"NLRP3","CASP5",0.993
"NLRP3","SYK",0.795
"NLRP3","TLR4",0.874
"NLRP3","AIM2",0.999
"NLRP3","RIGI",0.817
"UXT","PFDN5",0.813
"UXT","RPS9",0.781
"UXT","PPP1CC",0.815
"UXT","AR",0.754
"DACT1","CTNND1",0.703
"NXN","TXN",0.836
"ELAC2","RNASEL",0.766
"STARD3","VAPA",0.99
"CYP3A7","AKR1C3",0.926
"CYP3A7","CYP1A1",0.956
"LIMS1","ANK2",0.786
"RNASEH2B","PCNA",0.931
"RNASEH2B","ADAR",0.735
"PPP2R5E","ARRB1",0.806
"PPP2R5E","RYR2",0.9
"PPP2R5E","PPP2R2B",0.821
"EBAG9","COX7A2L",0.948
"SEC62","SEC61G",0.997
"PNPLA2","ACSL4",0.746
"ISYNA1","GTF2B",0.707
"KPTN","SEH1L",0.998
"KPTN","MIOS",0.998
"KPTN","SEC13",0.735
"PACRG","SPACA9",0.809
"HTR7","KIF20B",0.787
"HTR7","GNB1",0.992
"SUV39H1","KDM1A",0.861
"SUV39H1","KDM4C",0.773
"SUV39H1","HDAC2",0.941
"SUV39H1","SMARCA4",0.847
"SUV39H1","H2AX",0.704
"SUV39H1","DNMT1",0.998
"SUV39H1","CDC73",0.722
"SUV39H1","HDAC1",0.994
"SUV39H1","H3-4",0.93
"IL21R","IL10",0.845
"IL21R","JAK2",0.731
"IL21R","STAT1",0.833
"IL21R","IFNB1",0.716
"IL21R","STAT5A",0.733
"IL21R","CD8A",0.768
"IL21R","IL6",0.929
"DNAJB2","HSP90AB1",0.73
"DNAJB2","HSPA2",0.786
"PSMF1","VCP",0.728
"HBG2","HBB",0.862
"HBG2","HBS1L",0.951
"KLRD1","FASLG",0.855
"KLRD1","CD8A",0.93
"KLRD1","RPL5",0.899
"KLRD1","SYK",0.705
"ZBTB16","HDAC1",0.949
"ZBTB16","AR",0.752
"SKAP1","SRC",0.804
"SKAP1","APBB1IP",0.981
"SKAP1","GRB2",0.85
"SKAP1","FYN",0.972
"SKAP1","RAP1A",0.925
"PUM2","FMR1",0.851
"PLCB1","PTEN",0.916
"PLCB1","PIP4K2A",0.758
"PLCB1","PIP5K1A",0.759
"PLCB1","GNB1",0.872
"PLCB1","CALML5",0.808
"PLCB1","PIP4K2C",0.733
"PLCB1","CALML4",0.752
"EED","KDM1A",0.746
"EED","JARID2",0.999
"EED","HDAC2",0.988
"EED","H2AC13",0.724
"EED","RBBP4",0.999
"EED","RBBP7",0.999
"EED","HDAC1",0.952
"EED","H3-4",0.956
"EED","DNMT1",0.921
"MTDH","FMR1",0.774
"MTDH","CRISP3",0.761
"HEY1","ID1",0.774
"HEY1","STAT1",0.813
"NPAS2","CSNK1D",0.968
"NPAS2","CSNK1E",0.989
"MRPL35","MRPL24",0.887
"MRPL35","DAP3",0.883
"MRPL35","MRPL20",0.979
"MRPL35","MRPS18A",0.957
"MRPL35","MRPS15",0.871
"MRPL35","MRPS14",0.957
"MRPL35","MRPS16",0.892
"MRPL35","MRPL19",0.873
"MRPL35","MRPL2",0.949
"MRPL35","MRPL9",0.98
"MRPL35","MRPS12",0.887
"UBA1","UBE2D2",0.999
"UBA1","SUMO1",0.79
"UBA1","UBA3",0.851
"UBA1","UBA52",0.998
"UBA1","UBE2I",0.803
"UBA1","VCP",0.801
"STX3","STXBP2",0.975
"STX3","VAMP2",0.999
"STX3","STX11",0.745
"RERE","HDAC1",0.973
"RERE","HDAC2",0.968
"RHOBTB1","KEAP1",0.916
"UGP2","PASK",0.792
"AP3S2","AP1G1",0.832
"ZC3H15","RPL23",0.704
"ZC3H15","RPS19",0.769
"ZC3H15","RPL5",0.795
"ZC3H15","RPS21",0.778
"ZC3H15","RPS6",0.71
"ZC3H15","RPS2",0.82
"ZC3H15","SSB",0.749
"BAG5","HSPA2",0.893
"SEC23B","SEC13",0.999
"SEC23B","RPL12",0.91
"SEC23B","SAR1B",0.956
"ZNF444","SCAND1",0.745
"BRIX1","EIF6",0.962
"BRIX1","EBNA1BP2",0.999
"BRIX1","GNL2",0.943
"BRIX1","RPL30",0.923
"BRIX1","POLR1E",0.851
"BRIX1","RRP15",0.984
"BRIX1","TMA16",0.8
"BRIX1","DDX47",0.85
"BRIX1","RPL23",0.908
"BRIX1","NGDN",0.871
"BRIX1","MAK16",0.997
"BRIX1","RPS16",0.712
"BRIX1","MRTO4",0.997
"BRIX1","DNTTIP2",0.854
"BRIX1","PDCD11",0.971
"BRIX1","RPL27",0.898
"BRIX1","POLR1B",0.753
"BRIX1","RPL22",0.806
"BRIX1","UTP11",0.931
"BRIX1","IFI35",0.801
"BRIX1","FTSJ3",0.97
"BRIX1","RCL1",0.835
"BRIX1","NOC3L",0.997
"BRIX1","GTPBP4",0.998
"BRIX1","SNU13",0.826
"BRIX1","RPL13A",0.776
"BRIX1","RRP1B",0.986
"BRIX1","FCF1",0.826
"BRIX1","ZNF593",0.721
"BRIX1","RPL14",0.906
"BRIX1","EXOSC10",0.701
"BRIX1","GNL3",0.98
"BRIX1","RPF1",0.997
"BRIX1","NOL10",0.775
"BRIX1","GNL3L",0.966
"BRIX1","DOCK4",0.876
"BRIX1","RPL3",0.871
"RASGRP2","NRAS",0.954
"RASGRP2","RAP1A",0.993
"EZR","PTK2",0.84
"EZR","HSP90AB1",0.927
"EZR","PODXL",0.994
"EZR","WAS",0.719
"EZR","EPS8",0.711
"EZR","GRB2",0.798
"EZR","ADCY10",0.81
"EZR","PRKACG",0.998
"EZR","FASLG",0.783
"ATG101","PIK3R4",0.985
"ATG101","MTOR",0.977
"ATG101","FOXO3",0.829
"ATG101","SQSTM1",0.715
"ATG101","ATG5",0.932
"ATG101","BECN1",0.988
"TUBB","BTF3",0.889
"TUBB","UBA52",0.836
"TUBB","RPL37A",0.84
"TUBB","RPL24",0.811
"TUBB","RPL30",0.861
"TUBB","RPL10",0.835
"TUBB","RPL5",0.844
"TUBB","RPL23",0.844
"TUBB","MTOR",0.995
"TUBB","KIFC1",0.703
"TUBB","CCT4",0.928
"TUBB","RPL27",0.833
"TUBB","RPL22",0.817
"TUBB","RPL13A",0.856
"TUBB","RPL12",0.829
"TUBB","RPL36AL",0.803
"TUBB","RPL14",0.855
"TUBB","RPL3",0.833
"FOXG1","NES",0.73
"FOXG1","FOXO3",0.748
"RBMX2","CDC5L",0.994
"RBMX2","SNU13",0.951
"RRP1B","GNL3",0.864
"RRP1B","RPF1",0.984
"RRP1B","NOL10",0.825
"RRP1B","GNL3L",0.798
"RRP1B","RPL3",0.803
"RRP1B","RPL14",0.858
"RRP1B","RCL1",0.783
"RRP1B","FTSJ3",0.945
"RRP1B","NOC3L",0.913
"RRP1B","GTPBP4",0.973
"RRP1B","PDCD11",0.872
"RRP1B","POLR1B",0.719
"RRP1B","UTP11",0.763
"RRP1B","PPP1CC",0.818
"RRP1B","MRTO4",0.979
"RRP1B","UTP14A",0.798
"RRP1B","DDX47",0.855
"RRP1B","RPL23",0.826
"RRP1B","NGDN",0.842
"RRP1B","MAK16",0.985
"RRP1B","RPS16",0.707
"RRP1B","RPL5",0.814
"RRP1B","EBNA1BP2",0.992
"RRP1B","GNL2",0.785
"RRP1B","RRP15",0.962
"RRP1B","EIF6",0.953
"GRAP2","SRC",0.909
"GRAP2","CALML4",0.895
"GRAP2","SYK",0.904
"GRAP2","GRB2",0.993
"GRAP2","HCK",0.708
"GRAP2","CALML5",0.896
"GRAP2","FYN",0.933
"GRAP2","LAT",0.999
"CAV1","IL6",0.714
"CAV1","VCP",0.905
"CAV1","HSP90AB1",0.983
"CAV1","SRC",0.999
"CAV1","HTT",0.718
"CAV1","FN1",0.771
"CAV1","BECN1",0.842
"CAV1","RND3",0.705
"CAV1","AR",0.82
"CAV1","ESR2",0.971
"CAV1","CALML4",0.995
"CAV1","JAK2",0.781
"CAV1","TLR4",0.962
"CAV1","PRKACG",0.894
"CAV1","CALML5",0.996
"CAV1","NTRK1",0.771
"CAV1","PTEN",0.912
"CAV1","FLOT2",0.965
"CAV1","FOXO3",0.824
"CAV1","FYN",0.997
"CAV1","TFRC",0.817
"DPP8","SUMO1",0.92
"PLAUR","SERPINB2",0.938
"PLAUR","PLAU",0.999
"PLAUR","SRC",0.7
"PLAUR","IL6",0.765
"ASCC1","MRPL24",0.761
"ASCC1","DAP3",0.848
"SRR","CBS",0.948
"RHOG","KTN1",0.909
"RHOG","DOCK4",0.776
"RHOG","WAS",0.715
"RHOG","ITSN1",0.779
"ICOSLG","IL10",0.827
"ICOSLG","CD8A",0.742
"ICOSLG","CD40",0.957
"NT5C2","PNP",0.956
"NELFB","BRCA1",0.902
"NELFB","CTR9",0.949
"NELFB","ERCC6",0.9
"NELFB","POLR2B",0.931
"NELFB","TCEA2",0.924
"NELFB","POLR2F",0.928
"NELFB","CDC73",0.947
"NELFB","NCBP1",0.959
"NELFB","PEX2",0.9
"DFFB","H1-0",0.928
"FOXO3","CDKN1A",0.995
"FOXO3","BRCA1",0.749
"FOXO3","ESR2",0.707
"FOXO3","CHUK",0.957
"FOXO3","BNIP3",0.708
"FOXO3","YWHAZ",0.994
"FOXO3","YWHAQ",0.969
"FOXO3","CSNK1E",0.912
"FOXO3","ID1",0.989
"FOXO3","JUN",0.773
"FOXO3","SMAD4",0.979
"FOXO3","PTK2",0.992
"FOXO3","MTOR",0.747
"FOXO3","SGK1",0.979
"FOXO3","PTEN",0.853
"FOXO3","E2F1",0.994
"FOXO3","FASLG",0.934
"FOXO3","PRKACG",0.938
"FOXO3","CDK5",0.81
"FOXO3","USP7",0.971
"H1-2","YBX1",0.71
"H1-2","H4C2",0.709
"RHD","GYPB",0.979
"NDUFA4","HIGD1A",0.761
"NDUFA4","COX6C",0.999
"NDUFA4","NDUFA1",0.995
"NDUFA4","NDUFA3",0.986
"NDUFA4","ATP5F1A",0.725
"NDUFA4","ATP5PF",0.963
"NDUFA4","NDUFS2",0.988
"NDUFA4","COX7A2L",0.938
"NDUFA4","NDUFA8",0.989
"NDUFA4","NDUFB6",0.991
"NDUFA4","COX7C",0.999
"NDUFA4","COX7A2",0.997
"NDUFA4","NDUFB3",0.994
"NDUFA4","TOMM7",0.815
"NDUFA4","NDUFA13",0.989
"NDUFA4","ATP5F1C",0.802
"NDUFA4","NDUFB2",0.99
"NDUFA4","BCS1L",0.795
"NDUFA4","NDUFA4L2",0.904
"NDUFA4","ATP5PB",0.767
"CIR1","HDAC1",0.921
"CIR1","HDAC2",0.927
"CIR1","CDC5L",0.814
"THBS4","POSTN",0.774
"THBS4","COL6A1",0.819
"FGFR3","NRAS",0.981
"FGFR3","CRKL",0.732
"FGFR3","PIK3CD",0.715
"FGFR3","JAK2",0.921
"FGFR3","GRB2",0.984
"FGFR3","SRC",0.923
"CLCN1","MBNL3",0.896
"MIOS","RRAGA",0.998
"MIOS","SEC13",0.999
"MIOS","RRAGD",0.796
"MIOS","SEH1L",0.999
"LBR","H3-4",0.875
"FLRT3","ROBO1",0.806
"TAF9B","TRRAP",0.997
"TAF9B","GTF2E2",0.9
"TAF9B","SUPT3H",0.995
"TAF9B","TAF11",0.999
"TAF9B","MAP3K7",0.744
"TAF9B","GTF2B",0.958
"PKLR","MRTO4",0.704
"PKLR","MRPL2",0.709
"PKLR","RPL5",0.91
"PKLR","RPL23",0.862
"PKLR","RPS19",0.755
"PKLR","RPS6",0.727
"PKLR","RPL37A",0.761
"PKLR","RPL24",0.787
"PKLR","GCH1",0.816
"TAF1A","POLR1B",0.758
"TAF1A","POLR1E",0.972
"MYB","UBE2I",0.72
"MYB","PAX5",0.753
"MYB","H3-4",0.723
"RBPMS","QKI",0.967
"PARK7","PTEN",0.92
"PARK7","MAP3K5",0.991
"PARK7","SUMO1",0.833
"PARK7","STRN3",0.71
"PARK7","ATP5PF",0.736
"PARK7","DNAJA1",0.724
"PARK7","SQSTM1",0.737
"PARK7","KEAP1",0.915
"PARK7","HSP90AB1",0.717
"PARK7","VCP",0.772
"PARK7","SOD3",0.901
"DLK1","PLAGL1",0.8
"NYX","CACNA1F",0.965
"CAPRIN1","DHX9",0.705
"CAPRIN1","EIF4G1",0.758
"CAPRIN1","FMR1",0.944
"CAPRIN1","EIF3B",0.77
"CAPRIN1","STAT1",0.77
"CAPRIN1","YBX1",0.73
"KAT5","USP7",0.932
"KAT5","SUMO1",0.735
"KAT5","E2F1",0.783
"KAT5","KDM4A",0.718
"KAT5","CDC5L",0.853
"KAT5","CHEK1",0.759
"KAT5","BRCA1",0.85
"KAT5","AR",0.765
"KAT5","H2AX",0.945
"KAT5","UBE2I",0.818
"KAT5","DNMT1",0.844
"KAT5","XRCC5",0.706
"KAT5","TRRAP",0.999
"KAT5","HDAC1",0.985
"KAT5","H3-4",0.967
"TCF7","SMAD4",0.925
"ACVR2B","SMAD4",0.881
"ACVR2B","TGFBR2",0.831
"DYRK1A","CTNND1",0.708
"RAP1GDS1","RAP1A",0.788
"TRIM24","AR",0.737
"TRIM24","AKAP9",0.726
"TRIM24","H3-4",0.809
"PPL","DSP",0.953
"PPL","IVL",0.885
"SGK2","SGK1",0.904
"SGK2","PDPK1",0.954
"HUWE1","UBE2D2",0.957
"HUWE1","USP7",0.859
"HUWE1","UBA52",0.936
"HUWE1","SHOC2",0.75
"HUWE1","TRRAP",0.778
"HUWE1","VCP",0.75
"MAOA","MAOB",0.965
"MAOA","DDC",0.986
"MAOA","IDO1",0.939
"MAOA","ALDH9A1",0.939
"ADGRL1","SLC35A1",0.969
"ADGRL1","GNB1",0.967
"EIF4EBP1","RRAGD",0.753
"EIF4EBP1","EIF4G1",0.991
"EIF4EBP1","RRAGA",0.791
"EIF4EBP1","FKBP1A",0.913
"EIF4EBP1","RPS6",0.931
"EIF4EBP1","MTOR",0.999
"MAPT","CSNK1D",0.797
"MAPT","FYN",0.994
"MAPT","CDK5",0.999
"MAPT","CALML5",0.706
"MAPT","PICALM",0.744
"MAPT","YWHAZ",0.974
"MAPT","YWHAQ",0.958
"MAPT","HTT",0.715
"MAPT","SQSTM1",0.838
"MAPT","SRC",0.897
"MAPT","VCP",0.713
"MAPT","HSP90AB1",0.938
"MAPT","DCTN1",0.817
"GTF2F2","POLR2F",0.993
"GTF2F2","MED23",0.848
"GTF2F2","TCEA2",0.736
"GTF2F2","H4C2",0.836
"GTF2F2","POLR2B",0.999
"GTF2F2","GTF2E2",0.999
"GTF2F2","GTF2B",0.999
"GTF2F2","TAF11",0.935
"MEF2C","HDAC1",0.865
"MEF2C","PTK2",0.914
"SMARCB1","HDAC2",0.854
"SMARCB1","SMARCA2",0.999
"SMARCB1","HDAC1",0.932
"SMARCB1","RAD23B",0.738
"SMARCB1","SMARCD1",0.999
"SMARCB1","BRCA1",0.709
"SMARCB1","SMARCA4",0.999
"SMARCB1","H4C2",0.853
"ASH2L","H2AC17",0.853
"ASH2L","UBA52",0.957
"ASH2L","H2AC13",0.853
"ASH2L","H4C2",0.858
"ASH2L","HDAC1",0.732
"ASH2L","H3-4",0.966
"MIA3","SEC13",0.723
"TRPC6","FKBP1A",0.785
"TRPC6","ANK2",0.714
"TRPC6","CALML5",0.862
"TRPC6","CALML4",0.833
"TRPC6","SRC",0.72
"TRPC6","CD2AP",0.902
"DMP1","SPP1",0.922
"SPAG8","SPACA9",0.804
"SFN","YWHAZ",0.878
"SFN","YWHAQ",0.861
"SFN","JUN",0.934
"CSN2","STAT5A",0.919
"ACACB","CS",0.901
"MRPL20","HMGN1",0.903
"MRPL20","MRPS15",0.999
"MRPL20","MRPS14",0.997
"MRPL20","EIF1AX",0.731
"MRPL20","MRPL19",0.999
"MRPL20","RPL3",0.971
"MRPL20","MRPL9",0.999
"MRPL20","MRPL24",0.995
"MRPL20","EIF1AY",0.728
"MRPL20","POLR1B",0.739
"MRPL20","PDCD11",0.969
"MRPL20","DAP3",0.995
"MRPL20","RPL13A",0.973
"MRPL20","HMGN4",0.909
"MRPL20","RPS9",0.982
"MRPL20","RPS14",0.965
"MRPL20","RPL12",0.905
"MRPL20","POLR2F",0.834
"MRPL20","RPL10",0.897
"MRPL20","RPL5",0.999
"MRPL20","RPS16",0.97
"MRPL20","MRPS16",0.999
"MRPL20","RPL23",0.999
"MRPL20","MRTO4",0.982
"MRPL20","MRPL2",0.997
"MRPL20","YBX1",0.709
"MRPL20","MRPS12",0.997
"MRPL20","RPS2",0.98
"MRPL20","POLR2B",0.758
"MRPL20","MRPS18A",0.988
"NPR2","GCH1",0.806
"SIGLEC1","IFI44L",0.827
"SIGLEC1","MX1",0.708
"SIGLEC1","RSAD2",0.772
"SIGLEC1","CCL8",0.752
"PTK2","FYN",0.998
"PTK2","CRKL",0.973
"PTK2","PTEN",0.995
"PTK2","THBS2",0.708
"PTK2","PRKACG",0.91
"PTK2","STAT1",0.85
"PTK2","JAK2",0.962
"PTK2","PIK3CD",0.924
"PTK2","GRB2",0.999
"PTK2","HCK",0.951
"PTK2","FN1",0.937
"PTK2","COL4A2",0.724
"PTK2","SRC",0.999
"PTK2","SPP1",0.817
"STAT5A","PTEN",0.783
"STAT5A","KDM1A",0.777
"STAT5A","CRKL",0.987
"STAT5A","CD8A",0.784
"STAT5A","FYN",0.825
"STAT5A","IL10",0.756
"STAT5A","IL6",0.823
"STAT5A","JUN",0.721
"STAT5A","SRC",0.9
"STAT5A","IRF9",0.949
"STAT5A","HCK",0.809
"STAT5A","GRB2",0.854
"STAT5A","SMARCA4",0.702
"STAT5A","SYK",0.775
"STAT5A","BRCA1",0.734
"STAT5A","CDKN1A",0.848
"STAT5A","STAT1",0.969
"STAT5A","JAK2",0.999
"RAB5IF","TMCO1",0.75
"RBPJL","HDAC1",0.921
"RBPJL","HDAC2",0.918
"GSPT2","EPRS1",0.779
"GSPT2","GTPBP4",0.772
"GSPT2","GSPT1",0.991
"GSPT2","ETF1",0.997
"TRADD","MAP2K6",0.915
"TRADD","CASP8",0.999
"TRADD","KRT18",0.766
"TRADD","TRAF3",0.999
"TRADD","XIAP",0.801
"TRADD","CHUK",0.984
"TRADD","CD40",0.74
"TRADD","RIGI",0.764
"TRADD","FASLG",0.938
"TRADD","MAP3K7",0.976
"TRADD","PELI1",0.955
"JARID2","ATP5F1A",0.89
"JARID2","HDAC2",0.713
"JARID2","RBBP4",0.999
"JARID2","RBBP7",0.995
"JARID2","UBA52",0.804
"JARID2","DNMT1",0.7
"JARID2","ATP5PB",0.726
"JARID2","H3-4",0.879
"JARID2","ATP5F1C",0.89
"TUBB4B","SPACA9",0.823
"TUBB4B","CCT4",0.751
"WNK1","ITSN1",0.807
"WNK1","KLHL2",0.761
"RNF13","UBA52",0.9
"RNF13","UBE2D2",0.93
"SMC4","RFC4",0.71
"SMC4","SMC5",0.774
"SMC4","EXO1",0.709
"SEPTIN6","HNRNPA1",0.875
"SEPTIN6","SQSTM1",0.904
"SMAD4","TGFBR2",0.996
"SMAD4","PTEN",0.912
"SMAD4","JUN",0.989
"SMAD4","SRC",0.725
"SMAD4","IL6",0.704
"SMAD4","YBX1",0.804
"SMAD4","ZEB1",0.756
"SMAD4","TOB1",0.766
"SMAD4","HDAC1",0.972
"SMAD4","PARP1",0.888
"SMAD4","CDKN1A",0.94
"SMAD4","COPS5",0.906
"SMAD4","ZFYVE16",0.816
"SMAD4","AR",0.859
"SMAD4","UBE2I",0.774
"THYN1","NDUFS2",0.819
"PPP1CC","ZFYVE16",0.739
"PPP1CC","TP53BP2",0.974
"PPP1CC","CALML4",0.831
"PPP1CC","BRCA1",0.88
"PPP1CC","MYL6",0.934
"PPP1CC","SHOC2",0.993
"PPP1CC","HDAC1",0.757
"PPP1CC","NEK2",0.715
"PPP1CC","RYR2",0.94
"PPP1CC","MKI67",0.964
"PPP1CC","VCP",0.794
"PPP1CC","BUB3",0.74
"PPP1CC","CALML5",0.809
"PPP1CC","CREB5",0.7
"ADIPOR1","SRC",0.838
"PHF10","H4C2",0.905
"PHF10","SMARCD1",0.999
"PHF10","SMARCA2",0.996
"PHF10","SMARCA4",0.999
"FPR3","ANXA1",0.966
"HNRNPA1","YBX1",0.937
"HNRNPA1","SRSF2",0.822
"HNRNPA1","RPL5",0.816
"HNRNPA1","SNRNP70",0.837
"HNRNPA1","ILF3",0.96
"HNRNPA1","LIN28A",0.817
"HNRNPA1","SSB",0.903
"HNRNPA1","MATR3",0.95
"HNRNPA1","RPS6",0.77
"HNRNPA1","BRCA1",0.737
"HNRNPA1","ILF2",0.931
"HNRNPA1","DHX9",0.964
"HNRNPA1","SYNCRIP",0.947
"HNRNPA1","FMR1",0.702
"HNRNPA1","SRSF4",0.806
"HNRNPA1","PCBP2",0.94
"HNRNPA1","DDX17",0.865
"HNRNPA1","NCBP1",0.888
"TNNI3","PRKACG",0.952
"TNNI3","PPP2R2B",0.9
"RIOK3","EIF1AX",0.7
"RIOK3","EIF1AY",0.703
"RPS2","HMGN1",0.916
"RPS2","MRPS15",0.884
"RPS2","RPL36AL",0.996
"RPS2","MRPS14",0.923
"RPS2","BUD23",0.987
"RPS2","RPL14",0.999
"RPS2","RPL39L",0.961
"RPS2","EIF3I",0.995
"RPS2","EIF4G1",0.86
"RPS2","EIF1AX",0.992
"RPS2","FCF1",0.845
"RPS2","MRPL19",0.966
"RPS2","RPL3",0.999
"RPS2","MRPL9",0.981
"RPS2","DOCK4",0.977
"RPS2","EIF2S2",0.996
"RPS2","SEC61G",0.833
"RPS2","UTP11",0.819
"RPS2","MRPL24",0.892
"RPS2","CSNK1D",0.828
"RPS2","EIF1AY",0.96
"RPS2","CCT4",0.758
"RPS2","RPL27",0.999
"RPS2","POLR1B",0.86
"RPS2","RPL22",0.998
"RPS2","PDCD11",0.995
"RPS2","GSPT1",0.928
"RPS2","HBS1L",0.9
"RPS2","DAP3",0.898
"RPS2","EPRS1",0.791
"RPS2","RPL13A",0.999
"RPS2","ATP5F1A",0.91
"RPS2","HMGN4",0.905
"RPS2","RPS9",0.999
"RPS2","IFI35",0.966
"RPS2","SNU13",0.903
"RPS2","RPS14",0.999
"RPS2","RPL12",0.999
"RPS2","EEF1D",0.831
"RPS2","SERBP1",0.994
"RPS2","ATP5F1C",0.882
"RPS2","RPL10",0.999
"RPS2","CSNK1E",0.83
"RPS2","RPL5",0.999
"RPS2","RPS16",0.999
"RPS2","DDX47",0.849
"RPS2","MRPS16",0.982
"RPS2","RPS19",0.999
"RPS2","RPL23",0.999
"RPS2","MRTO4",0.952
"RPS2","MRPL2",0.89
"RPS2","EIF3A",0.993
"RPS2","RPS21",0.999
"RPS2","YBX1",0.752
"RPS2","MRPS12",0.944
"RPS2","BTF3",0.762
"RPS2","EIF3B",0.994
"RPS2","UBA52",0.999
"RPS2","RPS6",0.999
"RPS2","RPL37A",0.999
"RPS2","RPL24",0.999
"RPS2","ETF1",0.964
"RPS2","SECISBP2",0.818
"RPS2","POLR2B",0.895
"RPS2","RPLP1",0.999
"RPS2","RPS4X",0.999
"RPS2","MRPS18A",0.701
"RPS2","IFRD1",0.753
"RPS2","RPL30",0.999
"CAV3","RYR2",0.728
"CAV3","SRC",0.966
"CAV3","HSP90AB1",0.848
"CAV3","AKAP9",0.76
"CAV3","CALML4",0.943
"CAV3","CALML5",0.943
"CAV3","FYN",0.933
"CAV3","ANXA1",0.927
"CAV3","CACNA1G",0.814
"CYP1A2","AKR1C3",0.924
"CYP1A2","CYP1A1",0.95
"CYP1A2","IDO1",0.93
"FBXO38","USP7",0.722
"PRDX6","TXN",0.818
"CS","NDUFS2",0.772
"CS","GK",0.73
"CS","ATP5F1A",0.94
"CS","ATP5F1C",0.726
"CS","SDHB",0.996
"CS","FH",0.993
"ICAM4","GYPB",0.748
"CREB3","JUN",0.765
"CREB3","HTT",0.816
"CREB3","CREB5",0.932
"NCR3","BAG6",0.995
"TRPV2","ANK2",0.789
"ERBB4","PIK3CD",0.925
"ERBB4","GRB2",0.999
"ERBB4","SRC",0.916
"ERBB4","PTEN",0.793
"ERBB4","NRAS",0.845
"NUP43","NUP160",0.999
"NUP43","NUP50",0.984
"NUP43","SEC13",0.999
"NUP43","RFC4",0.866
"NUP43","AHCTF1",0.998
"NUP43","TPR",0.892
"NUP43","SEH1L",0.999
"OAS2","IFNB1",0.705
"OAS2","IFI44",0.941
"OAS2","RNASEL",0.933
"OAS2","RSAD2",0.95
"OAS2","IFIT1",0.966
"OAS2","IFI27",0.866
"OAS2","IFI35",0.908
"OAS2","SAMD9",0.848
"OAS2","IFIT3",0.947
"OAS2","RIGI",0.949
"OAS2","IFI6",0.951
"OAS2","GBP1",0.832
"OAS2","IRF7",0.954
"OAS2","OAS1",0.999
"OAS2","GBP2",0.717
"OAS2","MX1",0.978
"OAS2","STAT1",0.972
"OAS2","XAF1",0.933
"OAS2","IRF9",0.925
"OAS2","IFI44L",0.935
"OAS2","DDX60",0.907
"OAS2","IFIT5",0.816
"OAS2","TRIM22",0.755
"FOXM1","KIF2C",0.888
"FOXM1","PTTG1",0.745
"FOXM1","RBBP4",0.702
"FOXM1","EXO1",0.753
"FOXM1","SMARCA4",0.75
"FOXM1","MKI67",0.91
"FOXM1","CDCA3",0.885
"FOXM1","NEK2",0.803
"FOXM1","KIFC1",0.75
"FOXM1","MCM10",0.844
"FOXM1","TK1",0.811
"FOXM1","CDCA8",0.93
"FOXM1","E2F1",0.822
"NRF1","EIF2S2",0.707
"SNRPD2","YBX1",0.932
"SNRPD2","POLR2F",0.859
"SNRPD2","SNRNP70",0.999
"SNRPD2","SSB",0.846
"SNRPD2","CDC5L",0.999
"SNRPD2","DHX9",0.73
"SNRPD2","ILF2",0.811
"SNRPD2","PRPF39",0.836
"SNRPD2","SNU13",0.996
"SNRPD2","NCBP1",0.997
"SNRPD2","RPL27",0.754
"PTGES","AKR1C3",0.711
"BAZ1B","RBBP4",0.799
"BAZ1B","SMARCA4",0.874
"BAZ1B","H2AX",0.913
"BAZ1B","POLR1E",0.744
"BAZ1B","ERCC6",0.921
"BAZ1B","BAZ1A",0.946
"BAZ1B","SMARCA2",0.72
"IFI6","OAS1",0.959
"IFI6","MX1",0.96
"IFI6","STAT1",0.934
"IFI6","XAF1",0.937
"IFI6","IRF9",0.961
"IFI6","IFI44L",0.968
"IFI6","DDX60",0.821
"IFI6","LY6E",0.832
"IFI6","IFIT5",0.766
"IFI6","IFI44",0.959
"IFI6","RSAD2",0.926
"IFI6","IFIT1",0.932
"IFI6","IFI27",0.882
"IFI6","IFI35",0.92
"IFI6","IFIT3",0.957
"IFI6","RIGI",0.747
"IFI6","IFITM3",0.862
"IFI6","IRF7",0.914
"PDE4B","ADCY10",0.71
"PDE4B","NDE1",0.802
"PDE4B","PRKACG",0.842
"AURKAIP1","DAP3",0.99
"AURKAIP1","MRPS18A",0.967
"AURKAIP1","MRPL24",0.892
"AURKAIP1","MRPS12",0.979
"AURKAIP1","MRPL19",0.846
"AURKAIP1","MRPL2",0.896
"AURKAIP1","MRPL9",0.856
"AURKAIP1","MRPS16",0.987
"AURKAIP1","MRPS15",0.996
"AURKAIP1","MRPS14",0.983
"CD5","PAX5",0.785
"CD5","FYN",0.7
"CD5","CD8A",0.963
"CD5","IL6",0.83
"RNF41","UBA52",0.71
"PPM1G","USP7",0.874
"USP9Y","EIF1AY",0.999
"FERMT2","PICALM",0.802
"POLR2K","H2AC13",0.855
"POLR2K","UBA52",0.951
"POLR2K","CTR9",0.901
"POLR2K","TCEA2",0.907
"POLR2K","H4C2",0.876
"POLR2K","POLR2B",0.999
"POLR2K","POLR1E",0.996
"POLR2K","ERCC6",0.952
"POLR2K","GTF2E2",0.984
"POLR2K","POLR2F",0.999
"POLR2K","SNRNP70",0.879
"POLR2K","MED23",0.816
"POLR2K","CDC73",0.919
"POLR2K","POLR1B",0.999
"POLR2K","GTF2B",0.997
"POLR2K","H2AC17",0.854
"POLR2K","TAF11",0.907
"MCPH1","BRCA2",0.844
"MCPH1","H2AX",0.821
"MCPH1","CHEK1",0.784
"MCPH1","E2F1",0.725
"ADCY2","GCH1",0.8
"ADCY2","PRKACG",0.764
"ADCY2","GNB1",0.746
"ADCY2","CALML5",0.737
"ADCY2","CALML4",0.738
"UBE4B","RAD23B",0.969
"UBE4B","VCP",0.998
"UBE4B","TRIP12",0.804
"UBE4B","UBE2D2",0.915
"SP100","HSP90AB1",0.846
"SP100","H3-4",0.927
"SP100","IFI16",0.767
"SP100","UBE2I",0.952
"SP100","MX1",0.736
"SP100","STAT1",0.75
"SP100","SUMO1",0.997
"SP100","RIGI",0.703
"SP100","SAMD9",0.774
"RBM5","DHX9",0.895
"RBM5","SF1",0.753
"PUS7L","RPL23",0.754
"PUS7L","MRPL24",0.793
"PRMT7","EIF2S2",0.811
"KLHL7","KLHL2",0.754
"KLHL7","KEAP1",0.915
"PKN1","PDPK1",0.945
"PKN1","AR",0.873
"PKN1","AKAP9",0.804
"PKN1","KDM1A",0.8
"PKN1","KDM4C",0.736
"PKN1","PKN2",0.923
"SEC24C","SEC13",0.999
"SEC24C","SAR1B",0.844
"BABAM2","CDC16",0.902
"BABAM2","BRCA1",0.999
"BABAM2","BRCA2",0.96
"TCEA2","POLR2B",0.957
"TCEA2","ERCC6",0.951
"TCEA2","CTR9",0.96
"TCEA2","CDC73",0.969
"TCEA2","POLR2F",0.888
"TCEA2","GTF2B",0.979
"TCEA2","PEX2",0.9
"USP1","RFC4",0.702
"USP1","UBA52",0.963
"USP1","PCNA",0.944
"USP7","CHEK1",0.9
"USP7","TRIP12",0.963
"USP7","ERCC6",0.847
"USP7","UBA52",0.993
"USP7","COPS5",0.716
"USP7","DNMT1",0.999
"USP7","ZEB1",0.898
"USP7","HDAC1",0.929
"USP7","PTEN",0.979
"USP7","KDM1A",0.936
"USP7","BUB3",0.779
"ICMT","NRAS",0.81
"HOXA9","PBX2",0.829
"MEAK7","ATP6V1G1",0.925
"RAPGEF5","NRAS",0.913
"RAPGEF5","RAP1A",0.986
"MAP4K4","STRN3",0.804
"DPYSL3","CDK5",0.727
"DPYSL3","CD2AP",0.72
"KPNA1","STAT1",0.999
"KPNA1","NUP50",0.992
"KPNA1","NCBP1",0.822
"ATR","PPP2R2B",0.845
"ATR","XPA",0.747
"ATR","XRCC5",0.898
"ATR","SQSTM1",0.915
"ATR","H3-4",0.754
"ATR","SMC5",0.726
"ATR","WDHD1",0.813
"ATR","BRCA2",0.831
"ATR","CHEK1",0.999
"ATR","REV3L",0.702
"ATR","BRCA1",0.996
"ATR","EXO1",0.947
"ATR","H2AX",0.914
"ATR","RFC4",0.806
"ATR","MCM10",0.825
"ADRB3","SRC",0.894
"CDK5RAP2","KIFC1",0.855
"CDK5RAP2","CDK5",0.823
"CDK5RAP2","AKAP9",0.943
"PPA2","ATP5F1A",0.857
"PPA2","ATP6V1G1",0.799
"PPA2","ATP5PF",0.813
"PPA2","ATP5PB",0.77
"PPA2","ATP5F1C",0.847
"SMARCA4","H3-4",0.966
"SMARCA4","HDAC1",0.989
"SMARCA4","ATF3",0.908
"SMARCA4","DNMT1",0.759
"SMARCA4","ZEB1",0.962
"SMARCA4","BAZ1A",0.776
"SMARCA4","STAT1",0.85
"SMARCA4","SMARCD1",0.999
"SMARCA4","BRCA1",0.983
"SMARCA4","RBBP4",0.755
"SMARCA4","H2AX",0.876
"SMARCA4","AR",0.874
"SMARCA4","PARP1",0.996
"SMARCA4","H4C2",0.93
"SMARCA4","HDAC2",0.999
"SMARCA4","GNL3",0.878
"SMARCA4","SMARCA2",0.999
"SMARCA4","KDM1A",0.894
"SMARCA4","PTEN",0.705
"ESR2","KLF5",0.881
"ESR2","CACNA1G",0.922
"ESR2","PRKACG",0.943
"ESR2","ATP5PF",0.803
"ESR2","SRC",0.995
"ESR2","JUN",0.967
"ESR2","HSP90AB1",0.832
"CCR6","CCL5",0.965
"CCR6","CCL8",0.863
"CCR6","CXCR3",0.814
"CCR6","CD8A",0.77
"CCR6","IL10",0.766
"CCR6","JAK2",0.764
"CCR6","CXCL9",0.98
"CCR6","IL18R1",0.741
"CCR6","ARRB1",0.806
"CCR6","GNB1",0.822
"IFNAR2","IFNA8",0.902
"IFNAR2","IFNB1",0.999
"IFNAR2","IFNGR1",0.992
"IFNAR2","RNASEL",0.741
"IFNAR2","IL10",0.885
"IFNAR2","IRF7",0.7
"IFNAR2","IRF9",0.914
"IFNAR2","JAK2",0.968
"IFNAR2","STAT1",0.998
"IFNAR2","OAS1",0.787
"IFNAR2","IFNA10",0.839
"IFNAR2","IL6",0.828
"IFNAR2","IFNA2",0.999
"PSPC1","MATR3",0.923
"ABCA2","ATP1B1",0.73
"PDPK1","PKN2",0.996
"PDPK1","MTOR",0.848
"PDPK1","SGK1",0.988
"PDPK1","PTEN",0.849
"PDPK1","FYN",0.741
"PDPK1","PRKCZ",0.96
"PDPK1","PIK3CD",0.948
"PDPK1","CHUK",0.922
"PDPK1","GRB2",0.702
"ZMAT5","YBX1",0.72
"ZMAT5","NCBP1",0.829
"ZMAT5","PRPF39",0.839
"OFD1","NDE1",0.982
"ATF3","IER2",0.718
"ATF3","CDKN1A",0.737
"ATF3","HDAC1",0.918
"ATF3","JUN",0.999
"ATF3","IL6",0.779
"CLUAP1","IFT56",0.992
"FCF1","NGDN",0.997
"FCF1","NOL7",0.893
"FCF1","C1D",0.796
"FCF1","RPS16",0.981
"FCF1","DDX47",0.871
"FCF1","RPS19",0.975
"FCF1","NOL10",0.993
"FCF1","RPF1",0.763
"FCF1","UTP14A",0.995
"FCF1","MRTO4",0.733
"FCF1","EXOSC10",0.957
"FCF1","MRPS12",0.834
"FCF1","UTP11",0.999
"FCF1","RPS6",0.994
"FCF1","DNTTIP2",0.999
"FCF1","PDCD11",0.995
"FCF1","HEATR1",0.997
"FCF1","RPS4X",0.92
"FCF1","RPS9",0.998
"FCF1","EXOSC8",0.813
"FCF1","RCL1",0.997
"FCF1","RPS14",0.991
"FCF1","SNU13",0.995
"H1-0","PARP1",0.795
"H1-0","H4C2",0.9
"H1-0","H3-4",0.813
"H1-0","CDK5",0.85
"IKZF3","PAX5",0.899
"PTMA","RPLP1",0.787
"PTMA","KEAP1",0.993
"PTMA","RPS19",0.74
"FIBP","CDK5",0.875
"BTG3","CNOT7",0.927
"CCNG1","CDK5",0.817
"INSIG1","FDPS",0.742
"INSIG1","DHCR7",0.709
"INSIG1","VCP",0.915
"ECM2","CDC5L",0.738
"GFI1B","HDAC1",0.888
"GFI1B","HDAC2",0.834
"GFI1B","KDM1A",0.982
"NFASC","KCNQ2",0.867
"NFASC","ANK2",0.966
"MOCS1","ADCY10",0.805
"MOCS1","GCH1",0.921
"FBLN5","FN1",0.865
"MAP2K3","JUN",0.786
"MAP2K3","MAP2K6",0.989
"MAP2K3","RAP1A",0.91
"MAP2K3","TRAF3",0.737
"MAP2K3","MAP3K5",0.988
"MAP2K3","MAP3K7",0.938
"APOD","APOA2",0.993
"UBQLN2","MATR3",0.758
"UBQLN2","UBA52",0.978
"UBQLN2","VCP",0.938
"UBQLN2","SQSTM1",0.794
"UBQLN2","HTT",0.825
"UBQLN2","RAD23B",0.778
"UBQLN2","EPS15",0.908
"RBPJ","HDAC1",0.986
"RBPJ","KDM1A",0.746
"RBPJ","HDAC2",0.969
"RBPJ","ANK2",0.867
"EPB41","ANK2",0.996
"EPB41","CALML5",0.809
"EPB41","CALML4",0.808
"PTGES2","TXN",0.725
"PTGES2","GLRX",0.824
"ARPC5L","NOL7",0.772
"ARPC5L","WAS",0.955
"CPSF7","NCBP1",0.754
"SAMM50","IMMT",0.999
"SAMM50","TOMM7",0.895
"SH2B3","JAK2",0.988
"SH2B3","GRB2",0.972
"SH2B3","NTRK1",0.916
"PLSCR1","IFIT3",0.791
"PLSCR1","IFI44",0.713
"PLSCR1","RSAD2",0.735
"PLSCR1","STAT1",0.723
"PLSCR1","OAS1",0.727
"PLSCR1","IFI44L",0.732
"PDE4D","PRKACG",0.918
"PDE4D","ARRB1",0.873
"PDE4D","AKAP9",0.809
"PDE4D","ADCY10",0.721
"E2F1","CHEK1",0.764
"E2F1","PARP1",0.787
"E2F1","XIAP",0.709
"E2F1","AR",0.801
"E2F1","BRCA1",0.879
"E2F1","RBBP4",0.871
"E2F1","CDKN1A",0.977
"E2F1","DNMT1",0.964
"E2F1","JUN",0.743
"E2F1","TRRAP",0.892
"E2F1","H3-4",0.707
"E2F1","HDAC1",0.999
"E2F1","PTEN",0.839
"E2F1","KDM1A",0.832
"E2F1","ORC1",0.709
"E2F1","TK1",0.836
"DNAJB12","HSPA2",0.901
"VAPA","IFITM3",0.846
"VAPA","VAMP2",0.903
"CA7","CA1",0.702
"CTSB","PLAU",0.88
"CTSB","TYRP1",0.768
"CTSB","XIAP",0.747
"CTSB","SQSTM1",0.719
"GATA2","JUN",0.854
"TOR1A","GCH1",0.801
"ATP7A","EIF4G1",0.989
"ATP7A","SOD3",0.87
"ATP7A","GLRX",0.766
"DLG1","NCALD",0.816
"DLG1","PTEN",0.996
"SCNN1B","SGK1",0.909
"MTMR2","PIP4K2C",0.702
"MTMR2","PIP4K2A",0.751
"ANKRD6","CSNK1E",0.891
"ALDH3A2","ACOX3",0.902
"ALDH3A2","MAOB",0.959
"FZD9","BAMBI",0.922
"PMEPA1","AR",0.819
"SPAM1","HSPA2",0.761
"NUP50","AHCTF1",0.892
"NUP50","NUP160",0.936
"NUP50","NCBP1",0.758
"NUP50","SEC13",0.839
"NUP50","SEH1L",0.963
"NUP50","TPR",0.981
"NUP50","SMARCD1",0.709
"RPS21","RPS14",0.999
"RPS21","SNU13",0.761
"RPS21","RPL12",0.999
"RPS21","EEF1D",0.752
"RPS21","IFI35",0.977
"RPS21","HMGN4",0.918
"RPS21","RPS9",0.999
"RPS21","EPRS1",0.869
"RPS21","RPL13A",0.999
"RPS21","RPL22",0.998
"RPS21","RPL27",0.999
"RPS21","GSPT1",0.921
"RPS21","HBS1L",0.886
"RPS21","EIF1AY",0.829
"RPS21","SEC61G",0.875
"RPS21","CSNK1D",0.806
"RPS21","MRPL24",0.956
"RPS21","DHX9",0.916
"RPS21","RPL3",0.998
"RPS21","EIF2S2",0.988
"RPS21","DOCK4",0.973
"RPS21","EIF1AX",0.968
"RPS21","EIF4G1",0.853
"RPS21","BUD23",0.889
"RPS21","RPL14",0.999
"RPS21","RPL39L",0.981
"RPS21","EIF3I",0.954
"RPS21","HMGN1",0.91
"RPS21","MRPS15",0.939
"RPS21","RPL36AL",0.996
"RPS21","MRPS14",0.934
"RPS21","IFRD1",0.773
"RPS21","UBL4A",0.747
"RPS21","RPL30",0.999
"RPS21","RPLP1",0.999
"RPS21","RPS4X",0.999
"RPS21","ETF1",0.919
"RPS21","SECISBP2",0.81
"RPS21","RPL24",0.999
"RPS21","RPL37A",0.999
"RPS21","BTF3",0.865
"RPS21","RPS6",0.999
"RPS21","UBA52",0.999
"RPS21","EIF3B",0.973
"RPS21","MRPS12",0.967
"RPS21","EIF3A",0.979
"RPS21","MRTO4",0.95
"RPS21","MRPL2",0.926
"RPS21","RPS19",0.999
"RPS21","RPL23",0.999
"RPS21","RPL10",0.998
"RPS21","CSNK1E",0.858
"RPS21","RAD23B",0.709
"RPS21","RPL5",0.999
"RPS21","RPS16",0.999
"RPS21","SERBP1",0.989
"TRAF3IP2","CD40",0.716
"TRAF3IP2","TRAF3",0.988
"TRAF3IP2","CHUK",0.746
"PLCH1","PTEN",0.905
"PLCH1","PIP5K1A",0.734
"PLCH1","PIP4K2A",0.734
"PLCH1","PIP4K2C",0.734
"DMPK","MBNL3",0.845
"RPL3","EIF1AX",0.874
"RPL3","RPL14",0.999
"RPL3","RPL39L",0.936
"RPL3","EIF3I",0.819
"RPL3","ZNF593",0.911
"RPL3","HMGN1",0.842
"RPL3","MRPS15",0.828
"RPL3","RPL36AL",0.992
"RPL3","MRPS14",0.852
"RPL3","GNL3",0.737
"RPL3","MRPL9",0.972
"RPL3","DOCK4",0.917
"RPL3","EIF2S2",0.783
"RPL3","SYNCRIP",0.7
"RPL3","MRPL19",0.968
"RPL3","GNL3L",0.704
"RPL3","RPF1",0.852
"RPL3","CCT4",0.739
"RPL3","RPL22",0.999
"RPL3","RPL27",0.999
"RPL3","POLR1B",0.773
"RPL3","GSPT1",0.928
"RPL3","PDCD11",0.975
"RPL3","HBS1L",0.884
"RPL3","EIF1AY",0.732
"RPL3","SEC61G",0.882
"RPL3","MRPL24",0.841
"RPL3","RPS14",0.999
"RPL3","SNU13",0.759
"RPL3","RPL12",0.999
"RPL3","EEF1D",0.843
"RPL3","GTPBP4",0.986
"RPL3","NOC3L",0.808
"RPL3","FTSJ3",0.82
"RPL3","IFI35",0.904
"RPL3","ATP5F1A",0.831
"RPL3","HMGN4",0.835
"RPL3","RPS9",0.999
"RPL3","DAP3",0.841
"RPL3","EPRS1",0.855
"RPL3","RPL13A",0.999
"RPL3","MRPS16",0.97
"RPL3","TMCO1",0.822
"RPL3","RPS19",0.999
"RPL3","RPL23",0.999
"RPL3","RPL10",0.999
"RPL3","RPL5",0.999
"RPL3","RPS16",0.999
"RPL3","MAK16",0.888
"RPL3","SERBP1",0.982
"RPL3","ATP5F1C",0.741
"RPL3","YBX1",0.741
"RPL3","MRPS12",0.892
"RPL3","MRTO4",0.973
"RPL3","MRPL2",0.839
"RPL3","EIF6",0.99
"RPL3","ETF1",0.952
"RPL3","SECISBP2",0.813
"RPL3","RPL24",0.999
"RPL3","RPL37A",0.999
"RPL3","BTF3",0.957
"RPL3","UBA52",0.996
"RPL3","RPS6",0.999
"RPL3","RPL30",0.999
"RPL3","ILF3",0.855
"RPL3","GNL2",0.979
"RPL3","EBNA1BP2",0.954
"RPL3","TMA16",0.808
"RPL3","PSMC2",0.705
"RPL3","RPLP1",0.999
"RPL3","RPS4X",0.997
"RPL3","POLR2B",0.794
"RPL36AL","ETF1",0.943
"RPL36AL","SECISBP2",0.809
"RPL36AL","EIF6",0.961
"RPL36AL","RPS6",0.998
"RPL36AL","UBA52",0.994
"RPL36AL","BTF3",0.933
"RPL36AL","RPL24",0.996
"RPL36AL","RPL37A",0.996
"RPL36AL","GNL2",0.872
"RPL36AL","RPL30",0.999
"RPL36AL","RPS4X",0.99
"RPL36AL","TMA16",0.802
"RPL36AL","RPLP1",0.995
"RPL36AL","RPS19",0.998
"RPL36AL","RPL23",0.997
"RPL36AL","TMCO1",0.82
"RPL36AL","SERBP1",0.938
"RPL36AL","RPL5",0.998
"RPL36AL","RPS16",0.995
"RPL36AL","RPL10",0.974
"RPL36AL","MRPS12",0.841
"RPL36AL","MRPL2",0.746
"RPL36AL","MRTO4",0.767
"RPL36AL","GSPT1",0.899
"RPL36AL","HBS1L",0.846
"RPL36AL","RPL22",0.99
"RPL36AL","RPL27",0.995
"RPL36AL","MRPL24",0.837
"RPL36AL","SEC61G",0.897
"RPL36AL","IFI35",0.841
"RPL36AL","GTPBP4",0.862
"RPL36AL","RPL12",0.996
"RPL36AL","RPS14",0.996
"RPL36AL","EPRS1",0.704
"RPL36AL","RPL13A",0.997
"RPL36AL","HMGN4",0.71
"RPL36AL","RPS9",0.996
"RPL36AL","MRPS14",0.765
"RPL36AL","ZNF593",0.863
"RPL36AL","HMGN1",0.732
"RPL36AL","MRPS15",0.824
"RPL36AL","RPL39L",0.949
"RPL36AL","RPL14",0.997
"RPL36AL","DOCK4",0.845
"ANXA2","FN1",0.723
"ANXA2","GRB2",0.707
"ANXA2","TLR4",0.968
"ANXA2","ANXA1",0.989
"ANXA2","PLAU",0.806
"RPLP1","RPL23",0.999
"RPLP1","RPS19",0.999
"RPLP1","RPL10",0.999
"RPLP1","RPS16",0.999
"RPLP1","RPL5",0.999
"RPLP1","SERBP1",0.944
"RPLP1","POLR2F",0.806
"RPLP1","MRPS12",0.966
"RPLP1","MRTO4",0.982
"RPLP1","MRPL2",0.95
"RPLP1","RPL37A",0.999
"RPLP1","RPL24",0.999
"RPLP1","BTF3",0.817
"RPLP1","RPS6",0.999
"RPLP1","UBA52",0.999
"RPLP1","RPL30",0.999
"RPLP1","RPS4X",0.999
"RPLP1","RPL14",0.999
"RPLP1","RPL39L",0.973
"RPLP1","MRPS15",0.94
"RPLP1","HMGN1",0.869
"RPLP1","MRPS14",0.949
"RPLP1","DOCK4",0.969
"RPLP1","RPL27",0.999
"RPLP1","RPL22",0.994
"RPLP1","MRPL24",0.938
"RPLP1","SNU13",0.822
"RPLP1","RPS14",0.999
"RPLP1","EEF1D",0.918
"RPLP1","RPL12",0.999
"RPLP1","IFI35",0.96
"RPLP1","RPS9",0.999
"RPLP1","HMGN4",0.866
"RPLP1","RPL13A",0.999
"RPLP1","EPRS1",0.859
"RPL22","EBNA1BP2",0.778
"RPL22","GNL2",0.909
"RPL22","RPL30",0.999
"RPL22","RPS4X",0.997
"RPL22","TMA16",0.803
"RPL22","SECISBP2",0.809
"RPL22","ETF1",0.909
"RPL22","EIF6",0.978
"RPL22","UBA52",0.99
"RPL22","RPS6",0.999
"RPL22","BTF3",0.934
"RPL22","RPL37A",0.999
"RPL22","RPL24",0.999
"RPL22","MRPS12",0.882
"RPL22","MRPL2",0.76
"RPL22","MRTO4",0.869
"RPL22","RPL23",0.999
"RPL22","RPS19",0.999
"RPL22","TMCO1",0.821
"RPL22","MAK16",0.77
"RPL22","SERBP1",0.972
"RPL22","RPS16",0.998
"RPL22","RPL5",0.999
"RPL22","RPL10",0.994
"RPL22","IFI35",0.919
"RPL22","FTSJ3",0.802
"RPL22","NOC3L",0.79
"RPL22","GTPBP4",0.962
"RPL22","RPL12",0.998
"RPL22","RPS14",0.999
"RPL22","RPL13A",0.999
"RPL22","RPS9",0.999
"RPL22","HMGN4",0.726
"RPL22","HBS1L",0.861
"RPL22","GSPT1",0.915
"RPL22","RPL27",0.999
"RPL22","MRPL24",0.858
"RPL22","SEC61G",0.891
"RPL22","RPF1",0.773
"RPL22","DOCK4",0.878
"RPL22","MRPS14",0.832
"RPL22","MRPS15",0.786
"RPL22","HMGN1",0.765
"RPL22","ZNF593",0.861
"RPL22","RPL39L",0.937
"RPL22","RPL14",0.999
"GPX4","TXN",0.764
"GPX4","SOD3",0.713
"GPX4","SELENOT",0.732
"GPX4","SECISBP2",0.834
"DDX21","SRSF2",0.742
"DDX21","YBX1",0.889
"DDX21","POLR1E",0.72
"DDX21","ERCC6",0.861
"DDX21","EBNA1BP2",0.992
"DDX21","SYNCRIP",0.786
"DDX21","DHX9",0.908
"DDX21","GNL3",0.963
"DDX21","POLR1B",0.741
"DDX21","GTPBP4",0.813
"DDX21","FTSJ3",0.786
"PRKAA1","MTOR",0.972
"PRKAA1","MAP3K7",0.966
"PRKAA1","PRKACG",0.923
"PRKAA1","BECN1",0.873
"MAGI2","PTEN",0.998
"ETFB","ACOX3",0.748
"TAP1","STAT1",0.831
"TAP1","GBP1",0.786
"SYT5","VAMP2",0.878
"CRKL","SYK",0.764
"CRKL","RAP1A",0.797
"CRKL","PIK3CD",0.83
"CRKL","GRB2",0.921
"CRKL","HCK",0.834
"CRKL","WAS",0.875
"CRKL","SRC",0.957
"CRKL","FYN",0.822
"COPS8","LAT",0.72
"COPS8","COPS5",0.999
"COPS8","GRB2",0.9
"ATG7","SQSTM1",0.938
"ATG7","KEAP1",0.708
"ATG7","CASP8",0.711
"ATG7","BECN1",0.983
"ATG7","BNIP3",0.759
"ATG7","ATG5",0.999
"ATG7","UBA52",0.706
"ATG7","PIK3R4",0.937
"ATG7","UBA3",0.826
"ATG7","UBE2D2",0.709
"ATG7","MTOR",0.772
"IPO4","H3-4",0.956
"IPO4","H4C2",0.95
"IPO4","GNL3",0.707
"IPO4","POLR1B",0.862
"VPS72","TRRAP",0.996
"VPS72","SMARCA2",0.718
"WDR91","BECN1",0.774
"PDGFA","FN1",0.725
"PDGFA","NTRK1",0.744
"SCN8A","CACNA1G",0.719
"SCN8A","KCNQ2",0.95
"SCN8A","CALML5",0.818
"SCN8A","ANK2",0.817
"SCN8A","CALML4",0.769
"ANXA6","ANXA1",0.834
"THRAP3","CBLL1",0.719
"ERO1B","JCHAIN",0.833
"OCA2","STAT1",0.846
"OCA2","TYRP1",0.972
"FYN","CDK5",0.951
"FYN","FASLG",0.856
"FYN","FCER1A",0.947
"FYN","CTNND1",0.983
"FYN","LAT",0.844
"FYN","CD8A",0.964
"FYN","BAG6",0.755
"FYN","WAS",0.979
"FYN","CBLB",0.938
"FYN","CD2AP",0.727
"FYN","SRC",0.999
"FYN","HSP90AB1",0.821
"FYN","PIK3CD",0.936
"FYN","JAK2",0.777
"FYN","STAT1",0.704
"FYN","SYK",0.983
"FYN","GRB2",0.98
"FYN","HCK",0.81
"ELOVL2","HACD2",0.934
"HNRNPA2B1","SYNCRIP",0.913
"HNRNPA2B1","DHX9",0.932
"HNRNPA2B1","ILF2",0.841
"HNRNPA2B1","PCBP2",0.896
"HNRNPA2B1","RBM15",0.777
"HNRNPA2B1","FMR1",0.89
"HNRNPA2B1","HSP90AB1",0.762
"HNRNPA2B1","SRSF2",0.954
"HNRNPA2B1","YBX1",0.905
"HNRNPA2B1","SNRNP70",0.847
"HNRNPA2B1","SSB",0.844
"HNRNPA2B1","ILF3",0.994
"HNRNPA2B1","YWHAZ",0.704
"HNRNPA2B1","MATR3",0.888
"PES1","GNL3L",0.987
"PES1","NOL10",0.84
"PES1","RPF1",0.993
"PES1","DOCK4",0.857
"PES1","GNL3",0.997
"PES1","EXOSC10",0.76
"PES1","ZNF593",0.959
"PES1","RPL14",0.931
"PES1","RPL39L",0.899
"PES1","RPL13A",0.887
"PES1","GTPBP4",0.999
"PES1","NOC3L",0.992
"PES1","RCL1",0.71
"PES1","FTSJ3",0.998
"PES1","IFI35",0.782
"PES1","DDX17",0.701
"PES1","SNU13",0.868
"PES1","UTP11",0.816
"PES1","RPL27",0.948
"PES1","POLR1B",0.798
"PES1","PDCD11",0.969
"PES1","UTP14A",0.906
"PES1","MRTO4",0.999
"PES1","MAK16",0.994
"PES1","NGDN",0.715
"PES1","RPL10",0.767
"PES1","RPL5",0.983
"PES1","DDX47",0.932
"PES1","RPL23",0.95
"PES1","RRP15",0.897
"PES1","POLR1E",0.709
"PES1","GNL2",0.995
"PES1","EBNA1BP2",0.999
"PES1","RPL30",0.937
"PES1","BRCA1",0.705
"PES1","RPL37A",0.923
"PES1","HEATR1",0.877
"PES1","EIF6",0.988
"SND1","FMR1",0.963
"CRYBA4","BFSP1",0.748
"PGAP1","PIGK",0.975
"ALDH9A1","MAOB",0.94
"ALDH9A1","ACOX3",0.893
"FN1","COL5A2",0.83
"FN1","COL5A1",0.84
"FN1","FASLG",0.909
"FN1","TGFBR2",0.722
"FN1","THBS2",0.854
"FN1","COL6A1",0.78
"FN1","TLR4",0.995
"FN1","POSTN",0.996
"FN1","IL10",0.752
"FN1","ANXA1",0.793
"FN1","PLAU",0.838
"FN1","CD8A",0.753
"FN1","COL4A2",0.75
"FN1","SPP1",0.996
"FN1","SRC",0.945
"FN1","IL6",0.9
"FN1","ZEB1",0.728
"FN1","SYK",0.709
"FN1","JAK2",0.824
"FN1","GRB2",0.744
"FN1","CD9",0.711
"NKX2-1","RET",0.709
"GABPA","KEAP1",0.718
"WAC","CDC5L",0.828
"SUV39H2","H3-4",0.741
"SUV39H2","DNMT1",0.77
"LUC7L2","SNRNP70",0.984
"LUC7L2","NCBP1",0.834
"LUC7L2","PRPF39",0.898
"PIP4K2C","PIK3CD",0.916
"PIP4K2C","PIP5K1A",0.916
"PIP4K2C","PIP4K2A",0.973
"PIP4K2C","PTEN",0.919
"PDE5A","ADCY10",0.71
"NEIL1","KEAP1",0.748
"NEIL1","XPA",0.722
"NEIL1","PARP1",0.76
"HTT","CREB5",0.805
"HTT","SDHD",0.904
"HTT","CBS",0.83
"HTT","MTOR",0.818
"HTT","SDHB",0.927
"HTT","VCP",0.901
"HTT","DCTN1",0.896
"HTT","SQSTM1",0.919
"HTT","AKAP8L",0.761
"HTT","PSMC2",0.72
"HTT","GRB2",0.852
"HTT","BECN1",0.979
"HTT","ATG5",0.725
"C5AR1","RPS19",0.986
"GPAA1","PIGK",0.999
"ENTPD2","ADCY10",0.907
"BLM","RFC4",0.871
"BLM","RAD54L",0.738
"BLM","BRCA1",0.974
"BLM","UBE2I",0.725
"BLM","EXO1",0.998
"BLM","H2AX",0.894
"BLM","RFC3",0.748
"BLM","CHEK1",0.932
"BLM","SMC5",0.721
"BLM","BRCA2",0.935
"ITSN2","WAS",0.752
"ITSN2","PICALM",0.719
"ITSN2","EPS15L1",0.986
"ITSN2","NECAP2",0.712
"ITSN2","AMPH",0.908
"ITSN2","EPS15",0.997
"ITSN2","DNM1",0.809
"ITSN2","SNAP91",0.919
"MAGEA11","AR",0.898
"KEL","GYPB",0.856
"MINK1","STRN3",0.766
"DNM3","GRB2",0.701
"DNM3","SH3GL2",0.837
"DNM3","DNM1",0.999
"DNM3","AMPH",0.724
"GIT2","SRC",0.934
"WARS1","NDUFB3",0.893
"WARS1","EPRS1",0.715
"MYH7","RYR2",0.793
"MYH7","MYL6",0.806
"GFRA1","NTRK1",0.887
"GFRA1","RET",0.999
"ARID4A","HDAC2",0.944
"ARID4A","HDAC1",0.986
"ARID4A","RBBP4",0.916
"ARID4A","RBBP7",0.945
"NUDCD3","TPR",0.724
"NUDCD3","DYNLT3",0.819
"GRK6","ARRB1",0.95
"LMX1B","PBX2",0.759
"FCAR","JCHAIN",0.715
"FCAR","TFRC",0.76
"FCAR","FCER1A",0.744
"DPF1","SMARCA2",0.973
"DPF1","SMARCD1",0.988
"DHCR7","FDPS",0.816
"SYNJ2","ITSN1",0.88
"SYNJ2","PIK3CD",0.706
"SYNJ2","SH3GL2",0.979
"SYNJ2","GRB2",0.789
"SYNJ2","EPS15",0.818
"SYNJ2","AMPH",0.953
"SYNJ2","SNAP91",0.708
"SYNJ2","PTEN",0.928
"SYNJ2","PIP5K1A",0.93
"SYNJ2","PIP4K2A",0.93
"UBE2H","UBA3",0.867
"TASOR","MPHOSPH8",0.998
"SORBS2","GCH1",0.782
"IFT70A","IFT56",0.987
"RET","GRB2",0.952
"RET","BRCA2",0.705
"RET","SRC",0.859
"RET","SDHB",0.883
"RET","NRAS",0.868
"RET","SDHD",0.903
"TNFRSF14","TRAF3",0.809
"PRPF39","CDC5L",0.962
"PRPF39","SNRNP70",0.939
"PRPF39","NCBP1",0.875
"MLH3","BRCA1",0.773
"MLH3","EXO1",0.995
"MLH3","RAD23B",0.713
"MLH3","BRCA2",0.783
"MLH3","XPA",0.749
"UBE2I","MITF",0.743
"UBE2I","SUMO1",0.999
"UBE2I","SUMO3",0.999
"UBE2I","HSPA2",0.819
"UBE2I","ZNF451",0.971
"UBE2I","PCNA",0.934
"UBE2I","SMC5",0.872
"UBE2I","HDAC1",0.86
"UBE2I","H3-4",0.701
"UBE2I","SENP6",0.749
"UBE2I","JUN",0.774
"UBE2I","SEH1L",0.791
"UBE2I","AR",0.86
"UBE2I","H2AX",0.712
"UBE2I","UBA52",0.756
"UBE2I","BRCA1",0.904
"UBE2I","PARP1",0.82
"SREBF1","FDPS",0.776
"ERCC6","PEX2",0.9
"ERCC6","HMGN1",0.961
"ERCC6","CTR9",0.984
"ERCC6","UBA52",0.951
"ERCC6","BRCA1",0.727
"ERCC6","POLR2B",0.997
"ERCC6","RAD23B",0.834
"ERCC6","POLR2F",0.958
"ERCC6","XPA",0.99
"ERCC6","CDC73",0.983
"C1D","EXOSC10",0.999
"C1D","TSNAX",0.732
"C1D","SNU13",0.79
"C1D","RCL1",0.781
"C1D","PDCD11",0.74
"C1D","UTP11",0.85
"C1D","ZFC3H1",0.965
"C1D","UTP14A",0.747
"C1D","RPL5",0.703
"C1D","RPL30",0.712
"C1D","RBM7",0.904
"C1D","EXOSC8",0.999
"C1D","HEATR1",0.762
"GTF2E2","TAF11",0.982
"GTF2E2","GTF2B",0.999
"GTF2E2","POLR2B",0.989
"GTF2E2","H4C2",0.834
"GTF2E2","POLR2F",0.983
"GTF2E2","MED23",0.875
"NLGN4Y","EIF1AY",0.942
"HP","RBP4",0.734
"HP","TF",0.805
"HP","SERPINA3",0.873
"HP","HBB",0.995
"HP","APOA2",0.738
"HP","IL6",0.726
"SH3PXD2A","WAS",0.926
"SH3PXD2A","SRC",0.889
"SH3PXD2A","GRB2",0.963
"TAT","DDC",0.931
"STK39","SEC61G",0.901
"TRIM13","VCP",0.765
"BTG4","CNOT7",0.916
"MYO9A","MYL6",0.795
"ADD3","CALML4",0.913
"ADD3","CALML5",0.913
"ADD3","ANK2",0.986
"TJP1","DSP",0.853
"TJP1","SRC",0.988
"TJP1","CD2AP",0.982
"TJP1","PRKCZ",0.751
"TJP1","IL10",0.715
"TJP1","CTNND1",0.956
"PSMD12","VCP",0.807
"PSMD12","RAD23B",0.709
"PSMD12","PSMC2",0.999
"PSMD12","COPS5",0.928
"PSMD12","UBA52",0.944
"PSMD12","CCT4",0.718
"UVRAG","BECN1",0.999
"UVRAG","ATG5",0.853
"UVRAG","PIK3R4",0.999
"UVRAG","MTOR",0.708
"RAC1","NCKAP1",0.99
"RAC1","PKN2",0.82
"RAC1","WAS",0.898
"RAC1","SRC",0.856
"RAC1","ITSN1",0.741
"RAC1","MYL6",0.755
"SH3YL1","WAS",0.834
"CDC16","CDC14A",0.838
"CDC16","BUB3",0.971
"CDC16","PTTG1",0.806
"CDC16","BRCA1",0.927
"CDC16","BRCA2",0.761
"CDC16","NEK2",0.989
"UBA5","UBA52",0.759
"UBA5","UBE2D2",0.701
"UBA5","UBA3",0.903
"AKAP9","CSNK1D",0.805
"AKAP9","CALML5",0.802
"AKAP9","PRKACG",0.986
"AKAP9","CALML4",0.78
"SDAD1","PDCD11",0.909
"SDAD1","POLR1B",0.872
"SDAD1","UTP11",0.721
"SDAD1","FTSJ3",0.895
"SDAD1","NOC3L",0.924
"SDAD1","GTPBP4",0.997
"SDAD1","ZNF593",0.97
"SDAD1","EXOSC10",0.737
"SDAD1","GNL3",0.976
"SDAD1","RPF1",0.725
"SDAD1","NOL10",0.952
"SDAD1","GNL3L",0.978
"SDAD1","HEATR1",0.761
"SDAD1","EIF6",0.931
"SDAD1","EBNA1BP2",0.887
"SDAD1","GNL2",0.992
"SDAD1","POLR1E",0.706
"SDAD1","RRP15",0.882
"SDAD1","TMA16",0.723
"SDAD1","NGDN",0.868
"SDAD1","MAK16",0.893
"SDAD1","RPL5",0.854
"SDAD1","MRTO4",0.978
"SDAD1","UTP14A",0.834
"AMPH","SRC",0.708
"AMPH","WAS",0.886
"AMPH","GRB2",0.919
"AMPH","ITSN1",0.929
"AMPH","SH3GL2",0.93
"AMPH","SNAP91",0.839
"AMPH","AP1B1",0.726
"AMPH","EPS15",0.889
"AMPH","DNM1",0.996
"RBCK1","MAP3K7",0.731
"RBCK1","XIAP",0.925
"RBCK1","CHUK",0.747
"GALNT6","C1GALT1",0.904
"UPF2","EIF4G1",0.843
"UPF2","SMG5",0.979
"UPF2","EXOSC10",0.795
"UPF2","NCBP1",0.931
"UPF2","HBS1L",0.914
"UPF2","GSPT1",0.858
"UPF2","STAU1",0.886
"UPF2","ETF1",0.864
"ACOX3","PEX2",0.794
"UBE2C","TK1",0.873
"UBE2C","RACGAP1",0.732
"UBE2C","KIFC1",0.839
"UBE2C","UBA3",0.798
"UBE2C","BUB3",0.781
"UBE2C","CDCA8",0.966
"UBE2C","BRCA1",0.951
"UBE2C","UBA52",0.765
"UBE2C","PTTG1",0.98
"UBE2C","CKS2",0.874
"UBE2C","KIF2C",0.954
"UBE2C","BRCA2",0.802
"UBE2C","NEK2",0.923
"UBE2C","CDCA3",0.962
"UBE2C","MKI67",0.916
"WDR45","ATG5",0.779
"PIGR","JCHAIN",0.999
"H2BC7","H2AC17",0.99
"H2BC7","H4C2",0.976
"H2BC7","SMARCD1",0.817
"H2BC7","UBA52",0.916
"H2BC7","H2AC13",0.991
"FABP7","NES",0.723
"DYNC1H1","DYNLT3",0.961
"DYNC1H1","VCP",0.765
"DYNC1H1","DCTN1",0.999
"DYNC1H1","TPR",0.753
"PTGER3","GNB1",0.969
"PTGER3","TSNAX",0.738
"PEX14","GNPAT",0.795
"PEX14","PEX2",0.99
"ARC","FMR1",0.743
"FDPS","RSAD2",0.995
"MAGEA1","PMEL",0.751
"MAGEA1","PRAME",0.728
"TMEM259","SNRNP70",0.763
"ATP5F1C","POLR2B",0.814
"ATP5F1C","NDUFA13",0.883
"ATP5F1C","NDUFB3",0.759
"ATP5F1C","MRPL2",0.766
"ATP5F1C","MRTO4",0.889
"ATP5F1C","SDHB",0.968
"ATP5F1C","ATP5PB",0.999
"ATP5F1C","MRPS12",0.729
"ATP5F1C","RPL5",0.96
"ATP5F1C","RPS16",0.812
"ATP5F1C","RPL10",0.76
"ATP5F1C","RPL23",0.896
"ATP5F1C","RPS9",0.897
"ATP5F1C","ATP5F1A",0.999
"ATP5F1C","RPS14",0.838
"ATP5F1C","MRPL24",0.752
"ATP5F1C","COX6C",0.823
"ATP5F1C","CMPK1",0.73
"ATP5F1C","POLR1B",0.778
"ATP5F1C","NDUFB6",0.917
"ATP5F1C","MRPL9",0.722
"ATP5F1C","CDCA8",0.976
"ATP5F1C","COX7A2",0.721
"ATP5F1C","SDHD",0.799
"ATP5F1C","COX7C",0.882
"ATP5F1C","MRPS14",0.764
"ATP5F1C","ATP5PF",0.999
"ATP5F1C","NDUFA8",0.869
"ATP5F1C","NDUFS2",0.95
"CNNM1","CBS",0.906
"SIAH1","UBE2D2",0.763
"SIAH1","PEG10",0.709
"HNRNPH1","DDX17",0.775
"HNRNPH1","SF1",0.772
"HNRNPH1","NCBP1",0.907
"HNRNPH1","SYNCRIP",0.948
"HNRNPH1","DHX9",0.878
"HNRNPH1","ILF2",0.969
"HNRNPH1","PCBP2",0.844
"HNRNPH1","SRSF4",0.759
"HNRNPH1","ILF3",0.98
"HNRNPH1","MATR3",0.911
"HNRNPH1","SRSF2",0.935
"HNRNPH1","YBX1",0.769
"HNRNPH1","SNRNP70",0.928
"PIK3R4","ATG5",0.944
"PIK3R4","PIK3CD",0.71
"PIK3R4","BECN1",0.999
"PIK3R4","SQSTM1",0.793
"PIK3R4","MTOR",0.777
"ITGAL","CD40",0.721
"ITGAL","CD8A",0.849
"ITGAL","SRC",0.749
"ITGAL","RAP1A",0.921
"SPTBN1","ANK2",0.997
"PPP1R26","EIF1AX",0.739
"PPP1R26","MRPS15",0.944
"PPP1R26","MRPS14",0.947
"PPP1R26","MRPL19",0.964
"PPP1R26","MRPL9",0.94
"PPP1R26","EIF1AY",0.739
"PPP1R26","PDCD11",0.906
"PPP1R26","MRPL24",0.831
"PPP1R26","RPS14",0.773
"PPP1R26","DAP3",0.909
"PPP1R26","RPL13A",0.774
"PPP1R26","EPRS1",0.847
"PPP1R26","ATP5F1A",0.713
"PPP1R26","RPS9",0.945
"PPP1R26","MRPS16",0.965
"PPP1R26","RPL23",0.964
"PPP1R26","RPS19",0.901
"PPP1R26","POLR2F",0.833
"PPP1R26","RPS16",0.773
"PPP1R26","RPL5",0.903
"PPP1R26","MRPS12",0.95
"PPP1R26","MRTO4",0.821
"PPP1R26","MRPL2",0.933
"PPP1R26","RPS6",0.9
"PPP1R26","UBA52",0.858
"PPP1R26","RPL24",0.882
"PPP1R26","RPL37A",0.883
"PPP1R26","RPL30",0.899
"PPP1R26","POLR2B",0.748
"PPP1R26","MRPS18A",0.708
"PPP1R26","RPS4X",0.752
"GOLGA4","TGOLN2",0.852
"NHEJ1","BRCA1",0.799
"NHEJ1","H2AX",0.78
"NHEJ1","CETN2",0.929
"NHEJ1","POLL",0.856
"NHEJ1","XPA",0.707
"NHEJ1","XRCC5",0.999
"NHEJ1","RAD23B",0.933
"NHEJ1","BRCA2",0.803
"NHEJ1","KDM1A",0.9
"CACNA2D1","HSPA2",0.73
"CACNA2D1","CACNA1G",0.768
"CACNA2D1","FKBP1A",0.721
"CACNA2D1","CATSPERG",0.72
"CACNA2D1","CACNA1F",0.987
"BICD2","DCTN1",0.998
"ABCD4","ATP1B1",0.724
"PTBP1","MATR3",0.83
"PTBP1","SSB",0.735
"PTBP1","ILF3",0.901
"PTBP1","SNRNP70",0.848
"PTBP1","YBX1",0.876
"PTBP1","SRSF2",0.796
"PTBP1","QKI",0.875
"PTBP1","NCBP1",0.705
"PTBP1","PCBP2",0.932
"PTBP1","DHX9",0.868
"PTBP1","SYNCRIP",0.875
"PTBP1","ILF2",0.783
"H2BC12","TRRAP",0.714
"H2BC12","H3-4",0.991
"H2BC12","HDAC1",0.764
"H2BC12","CDC73",0.813
"H2BC12","UBA52",0.963
"H2BC12","BRCA1",0.791
"H2BC12","CTR9",0.755
"H2BC12","H2AX",0.976
"H2BC12","H2AC13",0.988
"H2BC12","H4C2",0.973
"H2BC12","HDAC2",0.753
"H2BC12","H2AC17",0.972
"ADAM15","SRC",0.885
"ADAM15","SH3GL2",0.816
"ADAM15","HCK",0.761
"ADAM15","GRB2",0.895
"IGF2R","TGOLN2",0.891
"IGF2R","PLAU",0.873
"IGF2R","TGFBR2",0.769
"ARG1","IL6",0.804
"ARG1","OAT",0.998
"ARG1","IDO1",0.775
"ARG1","FH",0.775
"ARG1","CHIT1",0.725
"ARG1","IL10",0.893
"ARG1","CD8A",0.72
"SCRIB","PTEN",0.834
"SCRIB","FAT1",0.908
"ZBTB14","ADNP",0.778
"PEX2","CDC73",0.904
"PEX2","CTR9",0.905
"PEX2","GNPAT",0.862
"PEX2","UBE2D2",0.823
"RASSF1","NRAS",0.96
"RASSF1","XPA",0.949
"DCTD","TK1",0.883
"PRODH","OAT",0.951
"PRODH","P4HA2",0.915
"ANK2","CALML5",0.841
"ANK2","KCNQ2",0.704
"ANK2","SRC",0.707
"ANK2","CALML4",0.828
"LRBA","PRKACG",0.717
"MCRS1","TRRAP",0.908
"DYNLRB1","DYNLT3",0.965
"DYNLRB1","DCTN1",0.94
"DYNLRB1","TPR",0.727
"UBE2D3","SQSTM1",0.775
"UBE2D3","PCNA",0.746
"UBE2D3","XIAP",0.851
"UBE2D3","BRCA1",0.997
"UBE2D3","UBA52",0.865
"UBE2D3","UBA3",0.884
"BCL11B","HDAC2",0.922
"BCL11B","SMARCA2",0.951
"BCL11B","HDAC1",0.947
"BCL11B","RBBP4",0.717
"BCL11B","RBBP7",0.713
"BCL11B","SMARCD1",0.94
"DOK3","GRB2",0.862
"SFPQ","SRSF2",0.735
"SFPQ","HDAC1",0.921
"SFPQ","SNRNP70",0.869
"SFPQ","ILF3",0.815
"SFPQ","RBBP4",0.709
"SFPQ","MATR3",0.974
"SFPQ","SYNCRIP",0.721
"SFPQ","DHX9",0.846
"SFPQ","SF1",0.723
"MAP1LC3C","SQSTM1",0.966
"MAP1LC3C","ATG5",0.899
"MAP1LC3C","BECN1",0.816
"COL9A1","COL6A1",0.828
"SMARCAL1","EXO1",0.705
"SMARCAL1","BRCA2",0.711
"REPS2","EPS15",0.776
"REPS2","SNAP91",0.75
"REPS2","GRB2",0.849
"CCRL2","IL18R1",0.755
"CCRL2","CD8A",0.753
"CCRL2","CCL5",0.963
"CCRL2","IL10",0.781
"CCRL2","IL6",0.849
"CCRL2","CXCL9",0.952
"CCRL2","CXCR3",0.701
"GIP","GNB1",0.895
"GIP","PYY",0.856
"STRN3","PDCD10",0.999
"STRN3","STK26",0.998
"STRN3","CCT4",0.994
"POP5","DHX9",0.732
"POP5","AGO3",0.72
"POP5","SNU13",0.836
"PLN","PRKACG",0.963
"PLN","RYR2",0.744
"PLN","ATP1B1",0.722
"FXR1","YBX1",0.892
"FXR1","FMR1",0.992
"FXR1","EIF4G1",0.83
"FXR1","QKI",0.717
"MAP3K6","MAP3K5",0.801
"MAP3K6","MAP2K6",0.92
"SSTR2","GNB1",0.91
"AP1B1","NECAP2",0.919
"AP1B1","EPS15",0.892
"AP1B1","TGOLN2",0.843
"AP1B1","CLINT1",0.917
"AP1B1","EPS15L1",0.802
"AP1B1","AP1G1",0.999
"POT1","H2AC17",0.8
"POT1","BRCA1",0.838
"POT1","H2AC13",0.8
"POT1","XRCC5",0.82
"CCR9","CXCL9",0.797
"CCR9","ARRB1",0.726
"CCR9","CXCR3",0.734
"CCR9","CD8A",0.859
"CCR9","CCL5",0.895
"CCR9","CCL8",0.888
"CCR9","JAK2",0.7
"ATP2B4","PRKACG",0.927
"MYBPC2","CALML5",0.7
"SAP130","RBBP7",0.851
"SAP130","RBBP4",0.704
"SAP130","TRRAP",0.845
"SAP130","HDAC1",0.922
"SAP130","SUPT3H",0.852
"SAP130","HDAC2",0.85
"PRAMEF12","RPL5",0.715
"PRAMEF12","MRPS16",0.711
"PRAMEF12","RPL23",0.72
"PRAMEF12","MRPL9",0.71
"CREB5","JUN",0.971
"CREB5","PRKACG",0.715
"MAFG","JUN",0.702
"MAFG","SQSTM1",0.815
"GOLGA7","NRAS",0.932
"APOA4","APOA2",0.994
"PRIM1","ORC1",0.831
"PRIM1","MCM10",0.891
"PRIM1","RACGAP1",0.781
"PRIM1","RFC4",0.968
"PRIM1","REV3L",0.972
"PRIM1","RFC3",0.897
"PRIM1","EXO1",0.739
"PRIM1","PCNA",0.947
"PRIM1","WDHD1",0.737
"COPS5","LAT",0.72
"COPS5","IFIT3",0.797
"COPS5","EIF3I",0.867
"COPS5","UBA3",0.882
"COPS5","UBA52",0.743
"COPS5","EIF3B",0.88
"COPS5","CHUK",0.718
"COPS5","GRB2",0.917
"COPS5","TXN",0.839
"COPS5","EIF3A",0.826
"COPS5","JUN",0.998
"COPS5","VCP",0.725
"PHF8","H3-4",0.927
"PHF8","KDM4A",0.742
"PHF8","KDM1A",0.713
"DDX47","GNL3",0.812
"DDX47","EXOSC10",0.748
"DDX47","GNL3L",0.781
"DDX47","NOL10",0.709
"DDX47","NOC3L",0.796
"DDX47","GTPBP4",0.821
"DDX47","RCL1",0.713
"DDX47","FTSJ3",0.921
"DDX47","RPS14",0.831
"DDX47","RPS9",0.848
"DDX47","PDCD11",0.958
"DDX47","UTP11",0.853
"DDX47","MRTO4",0.884
"DDX47","MAK16",0.729
"DDX47","NGDN",0.987
"DDX47","GNL2",0.88
"DDX47","EBNA1BP2",0.883
"DDX47","HEATR1",0.862
"DDX47","RPS6",0.848
"RAD23B","KDM1A",0.91
"RAD23B","SUMO1",0.715
"RAD23B","PSMC2",0.932
"RAD23B","UBA52",0.874
"RAD23B","BRCA1",0.794
"RAD23B","CETN2",0.999
"RAD23B","VCP",0.878
"RAD23B","XRCC5",0.947
"RAD23B","XPA",0.997
"RAD23B","BRCA2",0.81
"NR3C2","HSP90AB1",0.862
"NR3C2","AR",0.71
"HMGN5","HMGN1",0.956
"GAD1","EPRS1",0.832
"NF1","NRAS",0.994
"NF1","PTEN",0.874
"NF1","SDHD",0.835
"NF1","BRCA1",0.876
"NF1","H3-4",0.759
"NF1","BRCA2",0.75
"NF1","SDHB",0.822
"TPM1","MYL6",0.765
"CX3CR1","IL10",0.725
"CX3CR1","JAK2",0.824
"CX3CR1","CCL5",0.993
"CX3CR1","CCL8",0.791
"CX3CR1","CD8A",0.703
"CX3CR1","ARRB1",0.752
"CX3CR1","GNB1",0.909
"CX3CR1","CXCL9",0.891
"CX3CR1","SRC",0.754
"XAB2","CDC5L",0.999
"XAB2","XPA",0.98
"XAB2","HMGN1",0.937
"WTAP","CBLL1",0.999
"WTAP","RBM15",0.999
"CNOT3","TOB1",0.98
"CNOT3","CNOT7",0.999
"DNA2","EXO1",0.998
"DNA2","BRCA1",0.897
"DNA2","CHEK1",0.891
"DNA2","RFC3",0.796
"DNA2","BRCA2",0.892
"DNA2","WDHD1",0.997
"DNA2","XRCC5",0.821
"DNA2","MCM10",0.859
"DNA2","RFC4",0.843
"ITIH2","TF",0.733
"EPHA2","TFRC",0.724
"EPHA2","GRB2",0.917
"EPHA2","RND3",0.713
"TOMM7","SLIRP",0.745
"TOMM7","NDUFA3",0.704
"TOMM7","IMMT",0.814
"TOMM7","COX7C",0.859
"TOMM7","NDUFB3",0.731
"TRIM33","H3-4",0.972
"STAT4","JAK2",0.977
"STAT4","STAT1",0.994
"STAT4","IRF9",0.977
"STAT4","IL6",0.861
"STAT4","IL10",0.941
"STAT4","CD8A",0.813
"STAT4","CA1",0.762
"STAT4","SERPINB2",0.762
"CASP8","BECN1",0.914
"CASP8","CARD9",0.998
"CASP8","XIAP",0.97
"CASP8","PARP1",0.873
"CASP8","CHUK",0.95
"CASP8","ATG5",0.975
"CASP8","SQSTM1",0.982
"CASP8","IL6",0.739
"CASP8","JUN",0.782
"CASP8","HSP90AB1",0.761
"CASP8","SRC",0.853
"CASP8","PTEN",0.781
"CASP8","ZBP1",0.823
"CASP8","MAP3K7",0.747
"CASP8","IFNB1",0.727
"CASP8","MAP3K5",0.792
"CASP8","TLR4",0.885
"CASP8","RIGI",0.833
"CASP8","FASLG",0.999
"RAD52","REV3L",0.938
"RAD52","CHEK1",0.833
"RAD52","RFC3",0.708
"RAD52","PARP1",0.706
"RAD52","EXO1",0.962
"RAD52","H2AX",0.703
"RAD52","BRCA1",0.987
"RAD52","XRCC5",0.918
"RAD52","XPA",0.739
"RAD52","BRCA2",0.993
"RAD52","WDHD1",0.742
"RAD52","SMC5",0.769
"RAD52","SMARCA2",0.7
"RAD52","SUMO1",0.951
"RAD52","SUMO3",0.725
"RAD52","RAD54L",0.937
"PSMB10","IFI35",0.783
"PSMB10","PSMC2",0.935
"PSMB10","STAT1",0.743
"AKAP4","DDX17",0.899
"AKAP4","PRKACG",0.923
"PLXNB1","RND3",0.941
"TMA16","UTP11",0.768
"TMA16","RPL27",0.801
"TMA16","RPL13A",0.8
"TMA16","GTPBP4",0.951
"TMA16","KLHL2",0.74
"TMA16","ZNF593",0.886
"TMA16","RPL14",0.803
"TMA16","RPL37A",0.809
"TMA16","EIF6",0.814
"TMA16","RRP15",0.824
"TMA16","GNL2",0.932
"TMA16","EBNA1BP2",0.71
"TMA16","RPL30",0.8
"TMA16","MAK16",0.767
"TMA16","RPL5",0.838
"TMA16","RPL23",0.806
"TMA16","MRTO4",0.86
"ARNT","HSP90AB1",0.8
"ARNT","JUN",0.717
"ARNT","BNIP3",0.729
"ARNT","CYP1A1",0.908
"ARNT","CA9",0.806
"GYPE","GYPB",0.857
"NAALADL1","CD8A",0.713
"MAX","TRRAP",0.871
"FCGR2B","CD40",0.707
"FCGR2B","CD8A",0.786
"FCGR2B","SYK",0.974
"H2AC13","H2AC17",0.975
"H2AC13","CTR9",0.836
"H2AC13","UBA52",0.96
"H2AC13","H4C2",0.978
"H2AC13","POLR2B",0.856
"H2AC13","HDAC1",0.849
"H2AC13","POLR2F",0.855
"H2AC13","CDC73",0.838
"NLGN3","FMR1",0.817
"FZD6","BAMBI",0.914
"SYN3","VAMP2",0.823
"SYN3","CALML4",0.721
"GTPBP3","RPL23",0.849
"GTPBP3","MRPL24",0.898
"GTPBP3","GTPBP4",0.786
"STIP1","DNAJB4",0.722
"STIP1","CCT4",0.953
"STIP1","HSPA2",0.862
"STIP1","HSP90AB1",0.999
"STIP1","DNAJA1",0.954
"CCL20","GNB1",0.808
"CCL20","CCL5",0.999
"CCL20","CCL8",0.779
"CCL20","IL10",0.835
"CCL20","CXCL9",0.866
"CCL20","IL6",0.935
"CCL20","CXCR3",0.993
"REV3L","POLL",0.885
"REV3L","XPA",0.835
"REV3L","WDHD1",0.774
"REV3L","PCNA",0.937
"REV3L","EXO1",0.809
"GK2","GK",0.958
"TMEM126B","NDUFB3",0.772
"TMEM126B","NDUFA1",0.788
"TMEM126B","NDUFA13",0.997
"TMEM126B","NDUFS2",0.717
"TMEM126B","NDUFA8",0.71
"TMEM126B","NDUFAF4",0.919
"TFEB","MTOR",0.983
"TFEB","MITF",0.976
"TFEB","RRAGA",0.97
"TFEB","YWHAQ",0.712
"TFEB","BECN1",0.787
"TFEB","ATG5",0.762
"TFEB","SQSTM1",0.747
"VCP","IFT56",0.996
"VCP","SEC13",0.715
"VCP","BAG6",0.837
"VCP","SQSTM1",0.884
"VCP","KEAP1",0.723
"VCP","DCTN1",0.899
"VCP","HSP90AB1",0.906
"VCP","BRCA1",0.787
"VCP","UBA52",0.87
"VCP","MATR3",0.776
"VCP","UBL4A",0.735
"VCP","CCNF",0.759
"VCP","PSMC2",0.817
"PELI1","CHUK",0.707
"PELI1","IRAK1",0.998
"ELN","POSTN",0.721
"EDC4","SMG5",0.922
"MARCHF5","UBE2D2",0.853
"TGFBR2","SRC",0.854
"TGFBR2","BAMBI",0.71
"TGFBR2","HSP90AB1",0.92
"TGFBR2","GRB2",0.795
"TGFBR2","IL10",0.704
"MAP3K5","MAP3K7",0.775
"MAP3K5","PRKACG",0.908
"MAP3K5","YWHAZ",0.955
"MAP3K5","CDKN1A",0.97
"MAP3K5","MAP2K6",0.993
"MAP3K5","JUN",0.858
"MAP3K5","TXN",0.999
"MAP3K5","ARRB1",0.912
"MAP3K5","GLRX",0.811
"KLHL9","KLHL2",0.801
"KLHL9","KEAP1",0.922
"PDE3A","PRKACG",0.897
"NAE1","UBA3",0.999
"CACNA1G","CATSPERG",0.711
"CACNA1G","CALML4",0.979
"CACNA1G","CACNA1F",0.737
"CACNA1G","CALML5",0.979
"NOL12","MAK16",0.719
"NOL12","MRTO4",0.883
"NOL12","UTP11",0.878
"NOL12","GTPBP4",0.945
"NOL12","NOC3L",0.819
"NOL12","GNL2",0.799
"NOL12","EBNA1BP2",0.933
"NOL12","FTSJ3",0.964
"NOL12","RPL30",0.797
"NOL12","RRP15",0.786
"KCNQ2","CALML4",0.955
"KCNQ2","CALML5",0.965
"WWP2","PTEN",0.984
"WWP2","UBE2D2",0.797
"WWP2","UBA52",0.744
"CD163","IL10",0.955
"CD163","CD8A",0.797
"CD163","CCL5",0.773
"CD163","HBB",0.756
"CD163","TLR4",0.814
"CD163","CXCL9",0.781
"CD163","IL6",0.964
"H2AC11","POLR2B",0.856
"H2AC11","H4C2",0.961
"H2AC11","CTR9",0.836
"H2AC11","UBA52",0.936
"H2AC11","CDC73",0.839
"H2AC11","POLR2F",0.855
"H2AC11","H2AC17",0.95
"KIRREL1","GRB2",0.875
"KIRREL1","CD2AP",0.995
"KIRREL1","FAT1",0.921
"PLAC1","TRRAP",0.782
"CD2AP","CBLB",0.734
"CD2AP","UBA52",0.9
"CD2AP","PICALM",0.865
"CD2AP","CAPZA2",0.912
"XRCC2","BRCA2",0.982
"XRCC2","BRCA1",0.954
"XRCC2","EXO1",0.809
"MYOZ1","CALML5",0.723
"MYOZ1","CALML4",0.723
"PLXNB2","RND3",0.905
"NUP214","NXF3",0.838
"NUP214","SEH1L",0.998
"NUP214","TPR",0.958
"NUP214","AHCTF1",0.965
"NUP214","SEC13",0.995
"NUP214","NCBP1",0.755
"NUP214","NUP160",0.986
"BABAM1","BRCA2",0.713
"BABAM1","BRCA1",0.999
"FGF17","NTRK1",0.888
"FGF17","CALML5",0.837
"FGF17","GRB2",0.745
"FGF17","CALML4",0.837
"PCBP2","YBX1",0.87
"PCBP2","SRSF2",0.778
"PCBP2","SYNCRIP",0.819
"PCBP2","SRSF4",0.774
"PCBP2","EIF4G1",0.792
"PCBP2","RIGI",0.714
"TCF20","AR",0.752
"DNMT1","KDM1A",0.998
"DNMT1","SUMO1",0.725
"DNMT1","HDAC2",0.999
"DNMT1","CHEK1",0.711
"DNMT1","PARP1",0.952
"DNMT1","H2AX",0.882
"DNMT1","BRCA1",0.799
"DNMT1","UBA52",0.934
"DNMT1","RBBP4",0.858
"DNMT1","RBBP7",0.781
"DNMT1","ZEB1",0.897
"DNMT1","PCNA",0.991
"DNMT1","H3-4",0.987
"DNMT1","HDAC1",0.999
"ATP6V1H","ATP6V1G1",0.998
"CPLX2","VAMP2",0.971
"CALCR","GNB1",0.969
"PCNT","CETN2",0.892
"PCNT","CALML4",0.791
"PCNT","NEK2",0.735
"PCNT","CEP170",0.746
"PCNT","CALML5",0.812
"AKR1B10","GK",0.924
"AKR1B10","AKR1C3",0.925
"RYR1","CALML5",0.999
"RYR1","FKBP1A",0.999
"RYR1","HSPA2",0.736
"RYR1","CACNA1F",0.822
"RYR1","RYR2",0.972
"RYR1","CALML4",0.999
"RYR1","CATSPERG",0.724
"H2AC17","POLR2F",0.855
"H2AC17","CDC73",0.84
"H2AC17","CTR9",0.836
"H2AC17","UBA52",0.936
"H2AC17","POLR2B",0.856
"H2AC17","H4C2",0.973
"TYW1","ISCA1",0.7
"ELF3","MED23",0.923
"SUPV3L1","EXOSC10",0.915
"SUPV3L1","EXOSC8",0.908
"SUPV3L1","ZFC3H1",0.9
"HIBCH","DAP3",0.965
"HIBCH","RPS9",0.91
"HIBCH","MRPL19",0.953
"HIBCH","MRPS15",0.964
"HIBCH","MRPS14",0.945
"HIBCH","MRPS18A",0.777
"HIBCH","MRPL2",0.897
"HIBCH","MRPS12",0.944
"HIBCH","MRPS16",0.954
"HIBCH","RPL23",0.922
"G3BP2","FMR1",0.843
"G3BP2","EIF4G1",0.702
"G3BP2","YBX1",0.766
"COL18A1","COL6A1",0.848
"COL18A1","COL5A2",0.718
"COL18A1","COL15A1",0.904
"COL18A1","COL4A2",0.733
"PTPN22","TRAF3",0.808
"PTPN22","CD8A",0.91
"TRRAP","H3-4",0.759
"TRRAP","H2AX",0.7
"TRRAP","SUPT3H",0.999
"TRRAP","MTOR",0.774
"TRRAP","MAP3K7",0.741
"RBM23","CDC5L",0.854
"ATG2B","ATG5",0.776
"CCT8L2","CCT4",0.986
"CCT8L2","HSP90AB1",0.706
"MCMBP","KEAP1",0.769
"MCMBP","ORC1",0.704
"MCMBP","MCM10",0.865
"HLA-DRB1","MLANA",0.906
"HLA-DRB1","CD8A",0.785
"DHDDS","EPRS1",0.711
"DHDDS","DPM1",0.702
"TPK1","ALPL",0.901
"MAK16","RPL23",0.851
"MAK16","NGDN",0.849
"MAK16","RPL5",0.752
"MAK16","MRTO4",0.99
"MAK16","UTP14A",0.823
"MAK16","EIF6",0.949
"MAK16","EBNA1BP2",0.999
"MAK16","GNL2",0.945
"MAK16","RPL30",0.918
"MAK16","POLR1E",0.72
"MAK16","RRP15",0.972
"MAK16","RPL14",0.892
"MAK16","GNL3",0.976
"MAK16","GNL3L",0.954
"MAK16","RPF1",0.998
"MAK16","NOL10",0.911
"MAK16","DOCK4",0.809
"MAK16","DNTTIP2",0.812
"MAK16","RPL27",0.858
"MAK16","POLR1B",0.709
"MAK16","UTP11",0.917
"MAK16","NOC3L",0.997
"MAK16","GTPBP4",0.997
"MAK16","IFI35",0.771
"MAK16","FTSJ3",0.997
"MAK16","RPL13A",0.758
"DDX3Y","EIF1AY",0.999
"SCNN1A","SGK1",0.825
"RTEL1","BRCA1",0.852
"RTEL1","EXO1",0.8
"ETS2","JUN",0.71
"ETS2","ID1",0.958
"MAGEA4","PRAME",0.739
"MSN","PTEN",0.704
"MSN","SRC",0.748
"MSN","DCTN1",0.718
"MSN","GRB2",0.809
"MSN","SYK",0.745
"ATP2B2","CALML4",0.894
"ATP2B2","PRKACG",0.923
"ATP2B2","CALML5",0.9
"MYLK","MYL6",0.939
"MYLK","CALML4",0.997
"MYLK","PRKACG",0.905
"MYLK","CALML5",0.998
"CASS4","PICALM",0.728
"CLDN7","CD9",0.746
"MAP2","NES",0.807
"EIF2B3","EIF2S2",0.999
"MYH10","KLF5",0.702
"MYH10","MYL6",0.997
"DSC3","PKP4",0.82
"DSC3","RYR2",0.731
"DSC3","DSP",0.946
"COL4A2","COL6A1",0.81
"COL4A2","COL5A1",0.872
"COL4A2","COL5A2",0.909
"COL4A2","COL15A1",0.777
"DPP4","CD9",0.882
"PLAGL1","PEG10",0.746
"TOPORS","SUMO1",0.869
"TOPORS","BRCA1",0.752
"ETF1","EIF3A",0.738
"ETF1","KEAP1",0.781
"ETF1","RPL10",0.923
"ETF1","RPL5",0.938
"ETF1","RPS16",0.942
"ETF1","RPS19",0.931
"ETF1","RPL23",0.922
"ETF1","RPS4X",0.945
"ETF1","RPL30",0.939
"ETF1","EIF3B",0.801
"ETF1","UBA52",0.898
"ETF1","RPS6",0.94
"ETF1","RPL37A",0.917
"ETF1","RPL24",0.908
"ETF1","EIF2S2",0.731
"ETF1","RPL14",0.945
"ETF1","EIF3I",0.839
"ETF1","EPRS1",0.794
"ETF1","RPL13A",0.93
"ETF1","RPS9",0.943
"ETF1","GTPBP4",0.842
"ETF1","RPS14",0.923
"ETF1","RPL12",0.981
"ETF1","RPL27",0.952
"ETF1","GSPT1",0.999
"ETF1","HBS1L",0.914
"RRM2","CDCA8",0.861
"RRM2","EIF4G1",0.852
"RRM2","ORC1",0.746
"RRM2","MCM10",0.82
"RRM2","RACGAP1",0.789
"RRM2","TK1",0.914
"RRM2","RFC4",0.768
"RRM2","CDCA3",0.759
"RRM2","MKI67",0.945
"RRM2","PCNA",0.828
"RRM2","TXN",0.885
"RRM2","NEK2",0.724
"RRM2","GLRX",0.8
"RRM2","CHEK1",0.852
"RRM2","PTTG1",0.821
"RRM2","KIF2C",0.758
"RRM2","CCNF",0.893
"RRM2","RFC3",0.719
"RRM2","EXO1",0.788
"TPPP","CAPZA2",0.902
"TPPP","DCTN1",0.959
"WDHD1","PCNA",0.701
"WDHD1","RFC3",0.742
"WDHD1","CHEK1",0.712
"WDHD1","BRCA1",0.727
"WDHD1","EXO1",0.935
"WDHD1","ORC1",0.796
"WDHD1","RFC4",0.738
"WDHD1","MCM10",0.998
"DCLK1","CALML5",0.773
"DCLK1","CALML4",0.774
"ITGB1BP1","RAP1A",0.891
"ITGB1BP1","PDCD10",0.92
"ZNF148","HDAC1",0.739
"PAK3","ROBO1",0.911
"CSNK1G3","PRKACG",0.908
"HTR4","GNB1",0.926
"GYPA","TFRC",0.782
"GYPA","GYPB",0.999
"GTPBP4","NGDN",0.849
"GTPBP4","RPL5",0.986
"GTPBP4","RPL23",0.974
"GTPBP4","MRTO4",0.999
"GTPBP4","UTP14A",0.863
"GTPBP4","RPL37A",0.922
"GTPBP4","HEATR1",0.933
"GTPBP4","EIF6",0.998
"GTPBP4","POLR1E",0.757
"GTPBP4","RRP15",0.964
"GTPBP4","EBNA1BP2",0.997
"GTPBP4","GNL2",0.999
"GTPBP4","RPL30",0.98
"GTPBP4","ZNF593",0.995
"GTPBP4","RPL14",0.984
"GTPBP4","RPL39L",0.84
"GTPBP4","GNL3L",0.991
"GTPBP4","RPF1",0.984
"GTPBP4","NOL10",0.877
"GTPBP4","DOCK4",0.791
"GTPBP4","GNL3",0.992
"GTPBP4","EXOSC10",0.835
"GTPBP4","MRPL24",0.701
"GTPBP4","UTP11",0.813
"GTPBP4","DNTTIP2",0.753
"GTPBP4","POLR1B",0.93
"GTPBP4","RPL27",0.977
"GTPBP4","GSPT1",0.842
"GTPBP4","PDCD11",0.928
"GTPBP4","RPL13A",0.966
"GTPBP4","EPRS1",0.876
"GTPBP4","NOC3L",0.994
"GTPBP4","RCL1",0.794
"GTPBP4","IFI35",0.777
"GTPBP4","FTSJ3",0.995
"GTPBP4","RPL12",0.706
"GNL3L","POLR1B",0.845
"GNL3L","RPL27",0.8
"GNL3L","PDCD11",0.779
"GNL3L","NOC3L",0.957
"GNL3L","FTSJ3",0.971
"GNL3L","RPL14",0.787
"GNL3L","ZNF593",0.912
"GNL3L","GNL3",0.922
"GNL3L","EXOSC10",0.74
"GNL3L","RPF1",0.965
"GNL3L","NOL10",0.714
"GNL3L","EIF6",0.912
"GNL3L","RPL30",0.798
"GNL3L","EBNA1BP2",0.963
"GNL3L","GNL2",0.997
"GNL3L","POLR1E",0.725
"GNL3L","RRP15",0.79
"GNL3L","RPL23",0.786
"GNL3L","RPL5",0.766
"GNL3L","NGDN",0.704
"GNL3L","MRTO4",0.983
"GNL3L","UTP14A",0.733
"EIF3B","EIF6",0.867
"EIF3B","RPS6",0.995
"EIF3B","RPS4X",0.975
"EIF3B","RPS19",0.989
"EIF3B","RPS16",0.988
"EIF3B","EIF3A",0.999
"EIF3B","CCT4",0.856
"EIF3B","RPL27",0.747
"EIF3B","EIF1AY",0.896
"EIF3B","MTOR",0.731
"EIF3B","RPS14",0.968
"EIF3B","RPS9",0.994
"EIF3B","EPRS1",0.709
"EIF3B","RPL13A",0.793
"EIF3B","EIF1AX",0.981
"EIF3B","EIF4G1",0.998
"EIF3B","RPL14",0.726
"EIF3B","EIF3I",0.999
"EIF3B","EIF2S2",0.998
"MTHFSD","MTHFD2",0.711
"MTHFSD","SNU13",0.819
"ERC1","CHUK",0.996
"UBE2Z","UBA52",0.729
"UBE2Z","UBA3",0.704
"ZNF219","HMGN1",0.912
"ZNF219","HDAC2",0.79
"ZNF219","RBBP4",0.777
"ZNF219","RBBP7",0.754
"NTRK3","GRB2",0.947
"NTRK3","SH2B2",0.905
"NTRK3","NRAS",0.757
"NTRK3","NTRK1",0.8
"PPP1R13L","KEAP1",0.793
"NCKAP1","WAS",0.924
"HAO2","PDCD11",0.828
"UBA3","UBE2D2",0.822
"UBA3","UBA52",0.711
"GSTM3","CYP1A1",0.95
"STAT1","IFI44",0.915
"STAT1","RNASEL",0.804
"STAT1","IL10",0.865
"STAT1","MTOR",0.827
"STAT1","IFNGR1",0.999
"STAT1","IFNB1",0.954
"STAT1","CD8A",0.836
"STAT1","RSAD2",0.949
"STAT1","IFNA8",0.728
"STAT1","IFIT1",0.945
"STAT1","IFI27",0.844
"STAT1","IFI35",0.95
"STAT1","CCL5",0.817
"STAT1","IFIT3",0.985
"STAT1","RIGI",0.994
"STAT1","IFITM3",0.826
"STAT1","CD40",0.758
"STAT1","TLR4",0.867
"STAT1","GBP1",0.969
"STAT1","IRF7",0.969
"STAT1","IRF3",0.914
"STAT1","GBP2",0.881
"STAT1","CDKN1A",0.765
"STAT1","OAS1",0.966
"STAT1","MX1",0.942
"STAT1","JAK2",0.999
"STAT1","SYK",0.753
"STAT1","XAF1",0.931
"STAT1","BRCA1",0.958
"STAT1","ADAR",0.833
"STAT1","GRB2",0.829
"STAT1","TRIM5",0.721
"STAT1","IFI44L",0.87
"STAT1","IDO1",0.807
"STAT1","IRAK1",0.722
"STAT1","IFI16",0.752
"STAT1","HCK",0.732
"STAT1","IRF9",0.999
"STAT1","HDAC1",0.969
"STAT1","DDX60",0.783
"STAT1","IFNA2",0.912
"STAT1","SRC",0.936
"STAT1","HSP90AB1",0.831
"STAT1","JUN",0.91
"STAT1","IFNA10",0.726
"STAT1","TRIM22",0.825
"STAT1","IFIT5",0.85
"STAT1","IL6",0.972
"STAT1","CXCL9",0.882
"C8A","BAK1",0.72
"CYB5R3","HBB",0.847
"ZEB1","HDAC2",0.894
"ZEB1","PTEN",0.763
"ZEB1","HDAC1",0.975
"ATP1A2","ATP1B1",0.996
"COMT","DDC",0.981
"COMT","MAOB",0.996
"COMT","CYP1A1",0.985
"TOP1","DHX9",0.746
"TOP1","SUMO1",0.737
"TOP1","XRCC5",0.887
"TOP1","TRIM5",0.731
"TOP1","PARP1",0.936
"TOP1","CHEK1",0.743
"TOP1","CDC5L",0.823
"TOP1","BRCA1",0.724
"TOP1","H2AX",0.772
"TOP1","EXO1",0.736
"MRPL24","EIF1AX",0.772
"MRPL24","RPL14",0.805
"MRPL24","MRPS14",0.994
"MRPL24","MRPS15",0.992
"MRPL24","HMGN1",0.778
"MRPL24","MRPL9",0.998
"MRPL24","RPF1",0.79
"MRPL24","MRPL19",0.997
"MRPL24","PDCD11",0.963
"MRPL24","RPL27",0.806
"MRPL24","POLR1B",0.753
"MRPL24","EIF1AY",0.771
"MRPL24","RPL12",0.783
"MRPL24","RPS14",0.853
"MRPL24","IFI35",0.803
"MRPL24","RPS9",0.905
"MRPL24","HMGN4",0.777
"MRPL24","ATP5F1A",0.706
"MRPL24","RPL13A",0.858
"MRPL24","EPRS1",0.903
"MRPL24","DAP3",0.994
"MRPL24","RPL23",0.993
"MRPL24","RPS19",0.967
"MRPL24","MRPS16",0.996
"MRPL24","RPS16",0.852
"MRPL24","RPL5",0.971
"MRPL24","RPL10",0.804
"MRPL24","POLR2F",0.828
"MRPL24","MRPS12",0.989
"MRPL24","MRPL2",0.997
"MRPL24","MRTO4",0.919
"MRPL24","EIF6",0.867
"MRPL24","RPL37A",0.964
"MRPL24","RPL24",0.967
"MRPL24","UBA52",0.956
"MRPL24","RPS6",0.971
"MRPL24","RPL30",0.968
"MRPL24","EBNA1BP2",0.768
"MRPL24","MRPS18A",0.975
"MRPL24","RPS4X",0.822
"MRPL24","POLR2B",0.753
"PNP","NMRK1",0.959
"TSC22D2","NRBP1",0.923
"MTOR","EIF4G1",0.719
"MTOR","RRAGA",0.999
"MTOR","CALML5",0.706
"MTOR","FKBP1A",0.999
"MTOR","IL10",0.74
"MTOR","PTEN",0.942
"MTOR","SGK1",0.992
"MTOR","NRAS",0.705
"MTOR","RRAGD",0.991
"MTOR","SQSTM1",0.953
"MTOR","IL6",0.772
"MTOR","HSP90AB1",0.998
"MTOR","JUN",0.715
"MTOR","SRC",0.793
"MTOR","CHUK",0.973
"MTOR","PIK3CD",0.942
"MTOR","RPS6",0.961
"MTOR","CALML4",0.707
"MTOR","JAK2",0.742
"MTOR","ATG5",0.83
"MTOR","BECN1",0.891
"MTOR","CHEK1",0.763
"KIFAP3","DCTN1",0.801
"CD3E","CD52",0.846
"CD3E","CD8A",0.995
"CD3E","LAT",0.77
"CD3E","IL10",0.739
"CD3E","SYK",0.997
"FZD5","BAMBI",0.965
"PTGS1","IL6",0.708
"SMURF1","PRKCZ",0.799
"SMURF1","UBE2D2",0.864
"SMURF1","UBA52",0.733
"WHRN","EPS8",0.987
"TAF11","POLR2B",0.923
"TAF11","H4C2",0.8
"TAF11","MED23",0.824
"TAF11","POLR2F",0.9
"TAF11","GTF2B",0.997
"NPY1R","GNB1",0.823
"MINDY1","UBA52",0.926
"MAST2","PTEN",0.993
"GPX7","PRDX4",0.705
"GPX7","KEAP1",0.741
"GPX7","IL6",0.75
"GPX7","SOD3",0.78
"GPX7","GLRX",0.863
"GPX7","TXN",0.916
"SMC3","BRCA1",0.756
"SMC3","H2AX",0.753
"SMC3","RFC3",0.844
"SMC3","H3-4",0.767
"SMC3","SMC5",0.933
"SMC3","RFC4",0.786
"EIF1AY","RPS16",0.957
"EIF1AY","RPL5",0.857
"EIF1AY","RPL23",0.884
"EIF1AY","RPS19",0.869
"EIF1AY","MRPS16",0.832
"EIF1AY","MRPL2",0.771
"EIF1AY","MRTO4",0.77
"EIF1AY","EIF3A",0.929
"EIF1AY","MRPS12",0.942
"EIF1AY","RPS6",0.866
"EIF1AY","RPS4X",0.769
"EIF1AY","MRPS14",0.882
"EIF1AY","MRPS15",0.784
"EIF1AY","EIF3I",0.866
"EIF1AY","EIF1AX",0.952
"EIF1AY","EIF2S2",0.946
"EIF1AY","RPS9",0.954
"EIF1AY","RPS14",0.933
"PCGF3","HDAC2",0.903
"PCGF3","RBBP4",0.928
"PCGF3","RBBP7",0.926
"RPL12","RPL14",0.999
"RPL12","EIF3I",0.804
"RPL12","RPL39L",0.957
"RPL12","MRPS15",0.787
"RPL12","MRPS14",0.777
"RPL12","EIF1AX",0.823
"RPL12","MRPL9",0.906
"RPL12","DOCK4",0.739
"RPL12","MRPL19",0.909
"RPL12","SEC61G",0.854
"RPL12","POLR1B",0.771
"RPL12","RPL27",0.999
"RPL12","CCT4",0.721
"RPL12","HBS1L",0.835
"RPL12","GSPT1",0.91
"RPL12","PDCD11",0.829
"RPL12","RPS9",0.999
"RPL12","RPL13A",0.999
"RPL12","EPRS1",0.732
"RPL12","RPS14",0.999
"RPL12","SNU13",0.731
"RPL12","EEF1D",0.816
"RPL12","IFI35",0.812
"RPL12","RPL10",0.999
"RPL12","RPS16",0.999
"RPL12","RPL5",0.999
"RPL12","SERBP1",0.984
"RPL12","MRPS16",0.905
"RPL12","RPL23",0.999
"RPL12","RPS19",0.999
"RPL12","MRTO4",0.891
"RPL12","MRPL2",0.775
"RPL12","MRPS12",0.832
"RPL12","RPL24",0.999
"RPL12","RPL37A",0.999
"RPL12","BTF3",0.956
"RPL12","RPS6",0.999
"RPL12","UBA52",0.999
"RPL12","EIF6",0.858
"RPL12","RPS4X",0.999
"RPL12","POLR2B",0.806
"RPL12","RPL30",0.999
"COA3","NDUFA8",0.738
"PJA2","UBE2D2",0.821
"TBKBP1","TRAF3",0.774
"CD247","LAT",0.914
"CD247","CD8A",0.998
"CD247","GRB2",0.823
"CD247","SYK",0.997
"CD247","SRC",0.863
"DCTN1","KIF2C",0.843
"DCTN1","CAPZA2",0.98
"DCTN1","NDE1",0.742
"DCTN1","SQSTM1",0.776
"DCTN1","CCT4",0.753
"DCTN1","CEP170",0.84
"SPOUT1","UTP11",0.712
"XAF1","IRF7",0.906
"XAF1","GBP1",0.702
"XAF1","IFITM3",0.762
"XAF1","RIGI",0.846
"XAF1","IFIT3",0.938
"XAF1","IFI35",0.852
"XAF1","IFI27",0.887
"XAF1","IFIT1",0.92
"XAF1","RSAD2",0.9
"XAF1","SAMD9",0.737
"XAF1","IFI44",0.97
"XAF1","TRIM22",0.796
"XAF1","DDX60",0.85
"XAF1","IRF9",0.821
"XAF1","XIAP",0.999
"XAF1","IFI44L",0.981
"XAF1","OAS1",0.887
"XAF1","MX1",0.925
"CALD1","CALML4",0.996
"CALD1","CALML5",0.996
"ARHGEF2","YWHAZ",0.804
"NFE2L1","KEAP1",0.937
"DRD2","PPP2R2B",0.913
"DRD2","ARRB1",0.977
"DRD2","GNB1",0.991
"SEPTIN4","XIAP",0.995
"GJB1","SRC",0.904
"GJB1","CALML5",0.935
"GJB1","CALML4",0.933
"CXCL9","CXCR3",0.999
"CXCL9","IDO1",0.868
"CXCL9","IFNA2",0.802
"CXCL9","IL6",0.815
"CXCL9","IL10",0.819
"CXCL9","IFNB1",0.741
"CXCL9","CD8A",0.848
"CXCL9","CCL8",0.846
"CXCL9","CCL5",0.999
"CXCL9","GBP1",0.793
"CDC14A","PTTG1",0.754
"DMD","CALML4",0.831
"DMD","CALML5",0.835
"MAP3K3","PDCD10",0.876
"MAP3K3","MAP3K7",0.783
"MAP3K3","MAP2K6",0.927
"MAP3K3","SQSTM1",0.973
"MAP3K3","CHUK",0.961
"TLR1","TLR4",0.996
"TLR1","IRF7",0.75
"TLR1","IL10",0.793
"TLR1","IFNB1",0.766
"TLR1","CD8A",0.749
"TLR1","IL6",0.889
"TLR1","IRAK1",0.808
"CAPZA2","CNOT7",0.706
"GAB2","SYK",0.975
"GAB2","PIK3CD",0.914
"GAB2","GRB2",0.999
"GAB2","HCK",0.93
"GAB2","SRC",0.896
"SMC5","SUMO1",0.808
"SMC5","BRCA1",0.759
"SMC5","EXO1",0.711
"NAA35","NAA16",0.962
"ABCG1","APOA2",0.723
"ILF2","DHX9",0.985
"ILF2","SYNCRIP",0.861
"ILF2","MATR3",0.885
"ILF2","ILF3",0.999
"ILF2","SSB",0.819
"ILF2","YBX1",0.905
"ILF2","XRCC5",0.794
"CTR9","POLR2F",0.922
"CTR9","CDC73",0.999
"CTR9","POLR2B",0.971
"CTR9","H4C2",0.857
"CTR9","DHX9",0.776
"PJA1","UBE2D2",0.838
"CTNNBL1","CDC5L",0.999
"CTNNBL1","POLR2B",0.71
"TAF13","POLR2F",0.907
"TAF13","MED23",0.805
"TAF13","POLR2B",0.902
"TAF13","H4C2",0.81
"TAF13","GTF2B",0.992
"MSRB1","TXN",0.757
"MSRB1","SELENOT",0.837
"ARHGAP11A","CDCA8",0.702
"ARHGAP11A","MKI67",0.812
"QKI","MBNL3",0.891
"QKI","MED23",0.994
"KRT19","KRT18",0.928
"KRT19","DSP",0.84
"COL6A1","COL5A1",0.879
"COL6A1","COL5A2",0.904
"COL6A1","THBS2",0.756
"COL6A1","COL15A1",0.76
"DCLRE1A","EXO1",0.718
"CACNA1S","CATSPERG",0.748
"CACNA1S","CALML4",0.848
"CACNA1S","RYR2",0.801
"CACNA1S","CACNA1F",0.988
"CACNA1S","HSPA2",0.724
"CACNA1S","FKBP1A",0.918
"CACNA1S","CALML5",0.902
"CACNA1S","PRKACG",0.918
"BECN1","ARRB1",0.751
"BECN1","SQSTM1",0.958
"BECN1","HSP90AB1",0.719
"BECN1","JUN",0.725
"BECN1","BNIP3",0.953
"BECN1","ATG5",0.986
"BECN1","TRIM5",0.745
"BECN1","XIAP",0.867
"BECN1","AIM2",0.701
"BECN1","BAK1",0.761
"E2F2","CDKN1A",0.778
"E2F2","RBBP4",0.804
"SMG5","STAU1",0.838
"SMG5","EIF4G1",0.888
"SMG5","NCBP1",0.866
"CNOT7","TOB1",0.999
"HACD1","HACD2",0.903
"PSMB5","UBA52",0.936
"PSMB5","PSMC2",0.999
"APOBEC3C","COX7C",0.786
"CD47","CD9",0.736
"CD47","GYPB",0.992
"CD47","TLR4",0.768
"CD47","THBS2",0.978
"CNTF","IFNGR1",0.789
"CNTF","JAK2",0.732
"CNTF","NTRK1",0.734
"CNTF","IL6",0.887
"R3HDM4","SDHB",0.746
"R3HDM4","NDUFS2",0.866
"MPHOSPH8","H3-4",0.98
"AHCTF1","NUP160",0.999
"AHCTF1","SEC13",0.999
"AHCTF1","TPR",0.782
"AHCTF1","SEH1L",0.998
"TFB2M","GNL2",0.703
"TFB2M","MRTO4",0.759
"TFB2M","PDCD11",0.7
"TFB2M","RPF1",0.861
"CEP170","KIF2C",0.769
"EXO1","CHEK1",0.973
"EXO1","RFC3",0.908
"EXO1","PARP1",0.781
"EXO1","KIF2C",0.764
"EXO1","H2AX",0.768
"EXO1","BRCA1",0.981
"EXO1","XRCC5",0.922
"EXO1","POLL",0.702
"EXO1","BRCA2",0.951
"EXO1","PCNA",0.96
"EXO1","ORC1",0.932
"EXO1","MCM10",0.954
"EXO1","RFC4",0.955
"EXO1","RAD54L",0.832
"KMO","IDO1",0.833
"FH","SDHB",0.999
"FH","OAT",0.859
"FH","SDHD",0.994
"FH","ATP5F1A",0.793
"RGS7","GNB1",0.702
"RYR2","PRKACG",0.993
"RYR2","CALML5",0.999
"RYR2","FKBP1A",0.982
"RYR2","PPP2R2B",0.905
"RYR2","CALML4",0.999
"MTR","CBS",0.994
"MTR","FPGS",0.863
"MTR","MTHFD2",0.769
"HEATR1","DNTTIP2",0.991
"HEATR1","POLR1B",0.943
"HEATR1","PDCD11",0.999
"HEATR1","UTP11",0.997
"HEATR1","NOC3L",0.804
"HEATR1","FTSJ3",0.912
"HEATR1","RCL1",0.998
"HEATR1","SNU13",0.997
"HEATR1","RPS14",0.982
"HEATR1","RPS9",0.99
"HEATR1","NOL7",0.813
"HEATR1","MRPS15",0.773
"HEATR1","EXOSC10",0.978
"HEATR1","NOL10",0.998
"HEATR1","RPS6",0.991
"HEATR1","GNL2",0.847
"HEATR1","EXOSC8",0.824
"HEATR1","RPS4X",0.955
"HEATR1","RPS19",0.979
"HEATR1","NGDN",0.998
"HEATR1","RPL10",0.877
"HEATR1","RPS16",0.985
"HEATR1","MRPS12",0.82
"HEATR1","UTP14A",0.995
"TOMM20","IMMT",0.882
"EGLN1","P4HA2",0.736
"EGLN1","HSP90AB1",0.833
"EGLN1","H3-4",0.724
"GNPAT","TKFC",0.813
"AGT","SRC",0.799
"AGT","IL6",0.788
"AGT","ARRB1",0.789
"AGT","CCL5",0.716
"AGT","TLR4",0.866
"AGT","LPAR6",0.904
"COG2","TGOLN2",0.815
"GALNT2","C1GALT1",0.907
"ACTA1","WAS",0.961
"RAB4A","TBC1D15",0.764
"RAB4A","TFRC",0.724
"H3-4","HDAC1",0.976
"H3-4","BRCA2",0.706
"H3-4","HSP90AB1",0.735
"H3-4","JUN",0.772
"H3-4","XRCC5",0.754
"H3-4","IL6",0.746
"H3-4","RBBP7",0.946
"H3-4","RBBP4",0.936
"H3-4","UBA52",0.719
"H3-4","BRCA1",0.872
"H3-4","CHUK",0.851
"H3-4","H2AX",0.984
"H3-4","PARP1",0.757
"H3-4","KDM4A",0.998
"H3-4","H4C2",0.938
"H3-4","CDCA8",0.827
"H3-4","HDAC2",0.909
"H3-4","SUMO1",0.733
"H3-4","SMARCA2",0.815
"H3-4","KDM1A",0.937
"GUK1","SRC",0.727
"PSEN2","PICALM",0.732
"PSEN2","CDK5",0.72
"THBS2","SPP1",0.726
"THBS2","COL5A2",0.824
"THBS2","COL5A1",0.742
"THBS2","POSTN",0.828
"PARP1","PTEN",0.726
"PARP1","SUMO1",0.752
"PARP1","HDAC2",0.882
"PARP1","CETN2",0.76
"PARP1","H2AX",0.964
"PARP1","CDKN1A",0.856
"PARP1","BRCA1",0.974
"PARP1","CHEK1",0.858
"PARP1","XIAP",0.718
"PARP1","PCNA",0.872
"PARP1","BRCA2",0.985
"PARP1","HDAC1",0.9
"PARP1","XPA",0.798
"PARP1","XRCC5",0.996
"PARP1","JUN",0.805
"AFDN","RAP1A",0.978
"AFDN","BAK1",0.72
"AFDN","NRAS",0.975
"AFDN","CTNND1",0.998
"ACBD3","EPRS1",0.847
"ENAH","ROBO1",0.719
"ENAH","CTNND1",0.77
"ENAH","APBB1IP",0.949
"PDE10A","PRKACG",0.789
"PRKN","SQSTM1",0.987
"PRKN","HSP90AB1",0.785
"PRKN","BNIP3",0.798
"PRKN","SH3GL2",0.955
"PRKN","ATG5",0.717
"PRKN","UBA52",0.998
"PRKN","MAOB",0.97
"PRKN","PSMC2",0.859
"PRKN","SUMO1",0.757
"PRKN","EPS15",0.741
"PRKN","UBE2D2",0.892
"IARS2","EEF1E1",0.772
"IARS2","EPRS1",0.999
"EPRS1","GSPT1",0.784
"EPRS1","PDCD11",0.75
"EPRS1","EEF1E1",0.999
"EPRS1","POLR1B",0.703
"EPRS1","RPS14",0.844
"EPRS1","RPS9",0.917
"EPRS1","HMGN4",0.715
"EPRS1","RPL13A",0.999
"EPRS1","MRPS14",0.793
"EPRS1","MRPS15",0.82
"EPRS1","HMGN1",0.721
"EPRS1","EIF2S2",0.736
"EPRS1","SYNCRIP",0.999
"EPRS1","EIF6",0.738
"EPRS1","RPL24",0.877
"EPRS1","RPL37A",0.862
"EPRS1","UBA52",0.757
"EPRS1","RPS6",0.911
"EPRS1","RPL30",0.912
"EPRS1","RPS4X",0.762
"EPRS1","RPL23",0.923
"EPRS1","RPS19",0.939
"EPRS1","RPS16",0.792
"EPRS1","RPL5",0.919
"EPRS1","MRPS12",0.824
"EPRS1","EIF3A",0.737
"EPRS1","MRPL2",0.828
"EPRS1","MRTO4",0.78
"TGFB2","IL6",0.819
"RRP15","NOC3L",0.825
"RRP15","FTSJ3",0.823
"RRP15","DNTTIP2",0.852
"RRP15","UTP11",0.903
"RRP15","GNL3",0.749
"RRP15","RPF1",0.989
"RRP15","EBNA1BP2",0.977
"RRP15","GNL2",0.883
"RRP15","EIF6",0.883
"RRP15","MRTO4",0.958
"RRP15","NGDN",0.841
"CENPF","NDE1",0.866
"CENPF","CHEK1",0.761
"CENPF","PTTG1",0.827
"CENPF","KIF2C",0.985
"CENPF","CKAP2",0.934
"CENPF","NEK2",0.97
"CENPF","CDCA3",0.781
"CENPF","MKI67",0.979
"CENPF","TK1",0.782
"CENPF","RACGAP1",0.795
"CENPF","KIFC1",0.746
"CENPF","RFC4",0.718
"CENPF","BUB3",0.765
"CENPF","CDCA8",0.962
"SMYD2","KDM1A",0.709
"SMYD2","HSP90AB1",0.856
"DTL","MCM10",0.915
"DTL","RFC4",0.763
"DTL","ORC1",0.856
"DTL","PCNA",0.995
"DTL","CDKN1A",0.88
"DTL","CHEK1",0.931
"DTL","RFC3",0.778
"INTS7","POLR2F",0.835
"INTS7","POLR2B",0.861
"NEK2","BUB3",0.717
"NEK2","CDCA8",0.9
"NEK2","KIFC1",0.806
"NEK2","RACGAP1",0.721
"NEK2","MKI67",0.851
"NEK2","CDCA3",0.911
"NEK2","KIF2C",0.92
"NEK2","CKAP2",0.781
"NEK2","CCNF",0.73
"NEK2","CHEK1",0.704
"NEK2","PTTG1",0.89
"TRAF3IP3","TRAF3",0.99
"TRAF3IP3","PDCD10",0.995
"TRAF3IP3","STK26",0.995
"HSD11B1","CYP1A1",0.931
"PLXNA2","CDK5",0.791
"MRPL18","DAP3",0.852
"MRPL18","MRPL9",0.964
"MRPL18","MRPL19",0.974
"MRPL18","MRPS14",0.889
"MRPL18","MRPS15",0.888
"MRPL18","NDUFA8",0.78
"MRPL18","MRPS18A",0.944
"MRPL18","MRPL2",0.938
"MRPL18","MRPS12",0.869
"MRPL18","MRPS16",0.885
"CR2","CD8A",0.774
"DYNLT1","TPR",0.75
"DYNLT1","DYNLT3",0.86
"MAPKAPK2","LSP1",0.967
"MAPKAPK2","MAP2K6",0.95
"TFB1M","MRPS12",0.911
"TFB1M","MRPS16",0.93
"TFB1M","DAP3",0.858
"TFB1M","MRPS14",0.903
"TFB1M","MRPS15",0.922
"MDM4","PTEN",0.732
"MDM4","UBE2D2",0.953
"MDM4","YWHAQ",0.744
"MDM4","CHEK1",0.742
"MDM4","CDKN1A",0.754
"MDM4","UBA52",0.952
"MDM4","BRCA1",0.77
"PIK3C2B","PTEN",0.941
"PIK3C2B","PIP5K1A",0.921
"PIK3C2B","ITSN1",0.72
"PIK3C2B","GRB2",0.843
"ADORA1","GNB1",0.941
"KLHL12","KEAP1",0.934
"KLHL12","SEC13",0.98
"KLHL12","KLHL2",0.929
"RABIF","ITSN1",0.861
"RABIF","GRB2",0.995
"RABIF","WAS",0.727
"RABIF","SRC",0.76
"RABIF","SEC13",0.716
"RABIF","EIF2S2",0.767
"KDM5B","HDAC1",0.986
"KDM5B","ATP5PB",0.726
"KDM5B","AR",0.788
"KDM5B","ATP5F1A",0.89
"KDM5B","KDM1A",0.988
"TIMM17A","NDUFA8",0.78
"TIMM17A","DNAJC15",0.88
"KIF14","MKI67",0.894
"KIF14","KIF20B",0.749
"KIF14","KIF2C",0.901
"KIF14","CDCA8",0.83
"KIF14","CIT",0.97
"KIF14","MCM10",0.744
"KIF14","RACGAP1",0.868
"KIF14","KIFC1",0.787
"ASPM","KIF20B",0.819
"ASPM","PTTG1",0.866
"ASPM","CKS2",0.745
"ASPM","KIF2C",0.936
"ASPM","CKAP2",0.869
"ASPM","CDCA3",0.864
"ASPM","MKI67",0.962
"ASPM","CIT",0.887
"ASPM","TK1",0.763
"ASPM","MCM10",0.723
"ASPM","RACGAP1",0.795
"ASPM","KIFC1",0.845
"ASPM","CDCA8",0.95
"CFH","STX2",0.74
"CFH","SPP1",0.703
"B3GALT2","C1GALT1",0.845
"CDC73","POLR2B",0.98
"CDC73","H4C2",0.868
"CDC73","POLR2F",0.932
"CDC73","HDAC1",0.708
"GLRX2","TXN",0.808
"RO60","SSB",0.968
"RO60","SNRNP70",0.837
"RO60","EXOSC10",0.764
"UCHL5","PSMC2",0.998
"UCHL5","UBA52",0.847
"UCHL5","PRPF38B",0.864
"TAB2","MAP3K7",0.999
"TAB2","TLR4",0.785
"TAB2","TRAF3",0.965
"TAB2","XIAP",0.801
"TAB2","IRAK1",0.999
"TAB2","CHUK",0.991
"TAB2","UBA52",0.947
"TAB2","MAP2K6",0.941
"PLA2G4A","ANXA1",0.813
"PTGS2","JUN",0.866
"PTGS2","SRC",0.778
"PTGS2","IL6",0.96
"PTGS2","IL10",0.789
"PTGS2","CCL5",0.823
"PTGS2","TLR4",0.787
"TPR","NUP160",0.821
"TPR","SEC13",0.865
"TPR","DYNLT3",0.909
"TPR","NTRK1",0.939
"TPR","CETN3",0.945
"TPR","CETN2",0.926
"TPR","EIF3A",0.73
"TPR","SEH1L",0.966
"IVNS1ABP","SRSF2",0.715
"RNF2","HDAC2",0.941
"RNF2","UBE2D2",0.771
"RNF2","KDM1A",0.781
"RNF2","HDAC1",0.868
"RNF2","BRCA2",0.755
"RNF2","BRCA1",0.923
"RNF2","RBBP4",0.955
"RNF2","RBBP7",0.954
"RNF2","H2AX",0.869
"NCF2","RAP1A",0.934
"DHX9","SF1",0.872
"DHX9","NCBP1",0.807
"DHX9","DDX17",0.867
"DHX9","SYNCRIP",0.995
"DHX9","BRCA1",0.983
"DHX9","RPL24",0.912
"DHX9","MATR3",0.786
"DHX9","ADAR",0.922
"DHX9","LIN28A",0.791
"DHX9","CDC5L",0.764
"DHX9","ILF3",0.981
"DHX9","RPL30",0.913
"DHX9","RBM7",0.828
"DHX9","STAU1",0.82
"DHX9","AKAP8L",0.94
"DHX9","YBX1",0.994
"DHX9","AGO3",0.779
"DHX9","XRCC5",0.948
"RNASEL","IRF3",0.707
"RNASEL","RIGI",0.859
"RNASEL","IFNB1",0.719
"RNASEL","IRF9",0.781
"RNASEL","OAS1",0.964
"RNASEL","MX1",0.722
"STX11","VAMP2",0.966
"STX11","STXBP2",0.999
"SF3B5","SNU13",0.991
"SF3B5","NCBP1",0.811
"SF3B5","SUPT3H",0.974
"SF3B5","CDC5L",0.903
"SF3B5","YBX1",0.907
"SF3B5","SNRNP70",0.942
"PEX3","APOA2",0.72
"QSOX1","TXN",0.799
"NPHS2","PODXL",0.871
"NPHS2","FAT1",0.93
"RALGPS2","YWHAZ",0.799
"RASAL2","NRAS",0.794
"GPR52","GNB1",0.909
"SERPINC1","APOA2",0.783
"FASLG","CCL5",0.79
"FASLG","CD8A",0.922
"FASLG","IL10",0.885
"FASLG","CD40",0.95
"FASLG","IDO1",0.775
"FASLG","XIAP",0.738
"FASLG","JUN",0.724
"PIGC","PIGK",0.792
"IFNGR1","IFNA10",0.83
"IFNGR1","IL6",0.926
"IFNGR1","IFNA2",0.891
"IFNGR1","PIK3CD",0.911
"IFNGR1","IL13RA1",0.77
"IFNGR1","JAK2",0.999
"IFNGR1","IFNA8",0.862
"IFNGR1","CD8A",0.71
"IFNGR1","NRAS",0.918
"IFNGR1","IFNB1",0.94
"IFNGR1","IL10",0.92
"NME7","ATP1B1",0.839
"NME7","GCH1",0.829
"NME7","SPACA9",0.803
"DPT","POSTN",0.709
"DPT","COX6C",0.718
"XCL1","CXCR3",0.851
"XCL1","CCL5",0.996
"XCL1","CD8A",0.786
"HBS1L","EXOSC10",0.948
"HBS1L","RPL14",0.87
"HBS1L","RPS14",0.863
"HBS1L","RPL13A",0.859
"HBS1L","RPS9",0.911
"HBS1L","RPL27",0.858
"HBS1L","RPS19",0.894
"HBS1L","RPL23",0.86
"HBS1L","RPL10",0.87
"HBS1L","RPL5",0.888
"HBS1L","RPS16",0.898
"HBS1L","EXOSC8",0.997
"HBS1L","RPL30",0.887
"HBS1L","RPS4X",0.854
"HBS1L","UBA52",0.853
"HBS1L","RPS6",0.9
"HBS1L","RPL24",0.862
"HBS1L","RPL37A",0.873
"DCAF6","AR",0.798
"ADCY10","PRKACG",0.931
"ADCY10","GCH1",0.8
"POU2F1","HDAC1",0.734
"POU2F1","XRCC5",0.745
"POU2F1","BRCA1",0.919
"UCK2","TK1",0.775
"UCK2","CMPK1",0.831
"MGST3","CYP1A1",0.913
"DDR2","COL5A1",0.762
"STX7","VAMP2",0.971
"DUSP12","JUN",0.763
"DUSP12","MRTO4",0.779
"SDHC","SDHB",0.999
"SDHC","ATP5PB",0.715
"SDHC","NDUFA13",0.794
"SDHC","NDUFA8",0.914
"SDHC","NDUFS2",0.981
"SDHC","NDUFB6",0.831
"SDHC","SDHD",0.999
"SDHC","ATP5F1A",0.774
"CCN2","POSTN",0.716
"CCN2","NTRK1",0.945
"CCN2","CD9",0.705
"CCN2","IL6",0.771
"CCN2","JUN",0.828
"NR1I3","CYP1A1",0.789
"NR1I3","MED23",0.745
"APOA2","TF",0.806
"NDUFS2","NDUFA13",0.999
"NDUFS2","NDUFB3",0.999
"NDUFS2","NDUFA4L2",0.711
"NDUFS2","SDHB",0.997
"NDUFS2","ATP5PB",0.85
"NDUFS2","NDUFB2",0.996
"NDUFS2","NDUFA3",0.999
"NDUFS2","ATP5F1A",0.98
"NDUFS2","HTATIP2",0.825
"NDUFS2","IMMT",0.735
"NDUFS2","COX6C",0.742
"NDUFS2","NDUFA1",0.999
"NDUFS2","NDUFB6",0.999
"NDUFS2","NDUFAF4",0.991
"NDUFS2","SDHD",0.917
"NDUFS2","POSTN",0.876
"NDUFS2","COX7C",0.943
"NDUFS2","NDUFA8",0.999
"PPOX","CPOX",0.998
"USP21","UBA52",0.949
"USP21","RIGI",0.799
"DEDD","KRT18",0.706
"PFDN2","PFDN5",0.999
"PFDN2","CCT4",0.974
"PFDN2","HSP90AB1",0.766
"F11R","PRKCZ",0.852
"CD244","CD8A",0.722
"MED23","IRF7",0.822
"MED23","GTF2B",0.936
"MED23","POLR2F",0.832
"MED23","H4C2",0.8
"MED23","POLR2B",0.85
"PEX19","CCT4",0.959
"KCNJ9","GNB1",0.779
"KCNJ9","PRKACG",0.909
"CFAP45","SPACA9",0.817
"FCER1A","SYK",0.969
"ACKR1","GYPB",0.735
"ACKR1","CCL5",0.993
"AIM2","RIGI",0.942
"AIM2","CASP5",0.989
"AIM2","IFI16",0.929
"AIM2","SQSTM1",0.717
"IFI16","RIGI",0.787
"IFI16","IRF7",0.802
"IFI16","IRF3",0.836
"IFI16","IFI44",0.7
"IFI16","BRCA1",0.953
"IFI16","OAS1",0.778
"IFI16","IRF9",0.712
"MNDA","HCK",0.876
"CD1E","CD8A",0.73
"CD1E","CD40",0.717
"CD1B","CD40",0.721
"CD1B","CD8A",0.811
"CD1B","IL10",0.857
"CD1C","CD40",0.751
"CD1C","IL10",0.816
"CD1C","CD8A",0.856
"CD5L","PLAU",0.835
"ARHGEF11","ARRB1",0.877
"INSRR","GRB2",0.93
"INSRR","PIK3CD",0.717
"HDGF","YBX1",0.737
"NES","CDK5",0.896
"BGLAP","SPP1",0.994
"BGLAP","ALPL",0.9
"LMNA","CDK5",0.771
"LMNA","DSP",0.724
"LMNA","BRCA1",0.765
"LAMTOR2","RRAGD",0.955
"LAMTOR2","ATP6V1G1",0.714
"LAMTOR2","RRAGA",0.999
"SYT11","VAMP2",0.765
"SYT11","SNAP91",0.706
"DAP3","MRPS12",0.998
"DAP3","MRPL2",0.992
"DAP3","MRPS16",0.999
"DAP3","RPL23",0.956
"DAP3","RPL10",0.701
"DAP3","RPS16",0.816
"DAP3","MRPS18A",0.993
"DAP3","MRPL19",0.995
"DAP3","MRPL9",0.976
"DAP3","MRPS15",0.999
"DAP3","MRPS14",0.998
"DAP3","RPS14",0.811
"DAP3","RPL13A",0.809
"DAP3","RPS9",0.913
"DPM3","DPM1",0.999
"EFNA1","NTRK1",0.867
"EFNA3","NTRK1",0.875
"ADAR","ZBP1",0.751
"ADAR","RIGI",0.766
"ADAR","MX1",0.723
"ADAR","ILF3",0.833
"ADAR","IRF9",0.819
"ADAR","STAU1",0.757
"CHRNB2","JAK2",0.9
"IL6R","IFNA8",0.706
"IL6R","IL10",0.923
"IL6R","IFNB1",0.795
"IL6R","TLR4",0.712
"IL6R","IL13RA1",0.819
"IL6R","JAK2",0.963
"IL6R","IFNA2",0.752
"IL6R","SRC",0.937
"IL6R","IFNA10",0.703
"IL6R","IL6",0.999
"ROS1","NRAS",0.736
"VENTX","IL6",0.756
"SLC39A1","PRKCZ",0.751
"BNIP3","ATG5",0.797
"BNIP3","SQSTM1",0.862
"GLRX3","GLRX",0.888
"GLRX3","ISCA1",0.803
"GLRX3","CCT4",0.708
"MKI67","CDCA3",0.755
"MKI67","BRCA1",0.757
"MKI67","CKAP2",0.732
"MKI67","KIF2C",0.892
"MKI67","CDCA8",0.923
"MKI67","KIFC1",0.795
"MKI67","RACGAP1",0.729
"ADAM12","GRB2",0.754
"NPR1","GCH1",0.806
"S100A4","ANXA1",0.844
"S100A6","ANXA1",0.877
"S100A7","S100A12",0.936
"S100A8","GRB2",0.913
"S100A8","TLR4",0.907
"S100A8","S100A12",0.995
"S100A12","TLR4",0.97
"S100A9","TLR4",0.969
"LORICRIN","DSP",0.894
"LORICRIN","IVL",0.999
"BCCIP","GNL3",0.8
"BCCIP","BRCA2",0.997
"BCCIP","RPL23",0.931
"BCCIP","MRTO4",0.774
"BCCIP","EIF6",0.868
"BCCIP","CDKN1A",0.99
"BCCIP","EBNA1BP2",0.848
"SPRR1A","IVL",0.963
"IVL","DSP",0.864
"UROS","CPOX",0.93
"FLG","DSP",0.727
"S100A10","ANXA1",0.977
"MRPL9","RPS14",0.968
"MRPL9","RPL13A",0.972
"MRPL9","RPS9",0.982
"MRPL9","HMGN4",0.905
"MRPL9","PDCD11",0.98
"MRPL9","POLR1B",0.775
"MRPL9","MRPL19",0.999
"MRPL9","MRPS14",0.996
"MRPL9","MRPS15",0.997
"MRPL9","HMGN1",0.907
"MRPL9","POLR2B",0.775
"MRPL9","MRPS18A",0.984
"MRPL9","MRPS12",0.996
"MRPL9","MRPL2",0.999
"MRPL9","MRTO4",0.981
"MRPL9","RPL23",0.996
"MRPL9","MRPS16",0.999
"MRPL9","RPS16",0.969
"MRPL9","RPL5",0.998
"MRPL9","RPL10",0.912
"LHPP","ATP5PF",0.719
"LHPP","ATP5PB",0.807
"BUB3","PTTG1",0.84
"BUB3","KIF2C",0.762
"BUB3","RBBP7",0.728
"BUB3","HDAC1",0.717
"BUB3","DYNLT3",0.921
"BUB3","CDCA8",0.763
"PI4KB","YWHAQ",0.746
"PI4KB","PTEN",0.914
"PI4KB","PIP5K1A",0.971
"PSMD4","UBA52",0.994
"PSMD4","PSMC2",0.999
"PSMD4","SQSTM1",0.759
"PSMD4","KEAP1",0.722
"PIP5K1A","PIP4K2A",0.935
"PIP5K1A","PTEN",0.927
"PIP5K1A","PIK3CD",0.948
"SCNM1","CDC5L",0.9
"CDC40","SRSF2",0.839
"CDC40","CDC5L",0.999
"CDC40","SRSF4",0.87
"CDC40","NCBP1",0.978
"NR2E1","KDM1A",0.977
"NR2E1","HDAC2",0.799
"NR2E1","HDAC1",0.719
"HTRA1","XIAP",0.805
"CTSS","XIAP",0.745
"SEC63","SEC61G",0.997
"MCL1","PTEN",0.763
"MCL1","BAK1",0.998
"MCL1","CDKN1A",0.849
"MCL1","XIAP",0.809
"TARS2","RPS14",0.829
"RPRD2","POLR2B",0.843
"SEC23IP","SEC13",0.946
"ATG5","RIGI",0.999
"ATG5","SQSTM1",0.991
"ATG5","TRIM5",0.716
"BAG3","CCT4",0.754
"BAG3","HSPA2",0.85
"BAG3","SQSTM1",0.946
"BAG3","HSP90AB1",0.96
"TIAL1","STAU1",0.795
"TIAL1","FMR1",0.904
"TIAL1","EIF4G1",0.905
"TIAL1","NCBP1",0.723
"PRDM1","HDAC1",0.785
"PRDM1","HDAC2",0.901
"PRDM1","CD40",0.773
"EIF3A","MRPS12",0.71
"EIF3A","RPS16",0.983
"EIF3A","RPS19",0.978
"EIF3A","RPS4X",0.95
"EIF3A","RPS6",0.984
"EIF3A","EIF2S2",0.998
"EIF3A","EIF3I",0.999
"EIF3A","EIF1AX",0.991
"EIF3A","EIF4G1",0.966
"EIF3A","RPS9",0.981
"EIF3A","RPL13A",0.743
"EIF3A","RPS14",0.962
"SV2A","VAMP2",0.712
"BOLA1","ISCA1",0.772
"H2BC21","HDAC1",0.891
"H2BC21","TBL1XR1",0.802
"H2BC21","BAZ1A",0.707
"H2BC21","XRCC5",0.751
"H2BC21","RBBP4",0.848
"H2BC21","RBBP7",0.861
"H2BC21","BRCA1",0.938
"H2BC21","SMARCD1",0.874
"H2BC21","UBA52",0.962
"H2BC21","H2AX",0.998
"H2BC21","POLR2B",0.731
"H2BC21","KDM4A",0.714
"H2BC21","H4C2",0.971
"H2BC21","HDAC2",0.916
"H2BC21","SUMO1",0.843
"H2BC21","SMARCA2",0.835
"H2BC21","ORC1",0.774
"H2BC21","KDM1A",0.822
"ASCC3","CDC5L",0.833
"GJA8","BFSP1",0.812
"FBXL4","CCNF",0.707
"CHD1L","XPA",0.87
"CHD1L","H4C2",0.915
"NDUFAF4","NDUFA8",0.937
"NDUFAF4","NDUFB6",0.895
"NDUFAF4","NDUFA1",0.953
"NDUFAF4","NDUFA3",0.946
"NDUFAF4","NDUFB2",0.861
"NDUFAF4","NDUFB3",0.924
"NDUFAF4","NDUFA13",0.999
"CD160","CD8A",0.89
"ADRB1","PRKACG",0.734
"ADRB1","ARRB1",0.966
"PEX11B","DNM1",0.706
"CASP7","XIAP",0.999
"MAP3K7","TLR4",0.972
"MAP3K7","SUPT3H",0.722
"MAP3K7","XIAP",0.951
"MAP3K7","IRAK1",0.987
"MAP3K7","TRAF3",0.978
"MAP3K7","CHUK",0.994
"MAP3K7","JUN",0.753
"MAP3K7","MAP2K6",0.996
"SCAF11","SRSF2",0.743
"HSD3B1","CYP1A1",0.95
"HSD3B1","AKR1C3",0.971
"RRAGD","SEC13",0.743
"RRAGD","RRAGA",0.999
"RRAGD","SEH1L",0.816
"SHOC2","NRAS",0.987
"BRCC3","BRCA2",0.984
"BRCC3","UBA52",0.702
"BRCC3","BRCA1",0.999
"TTF2","PRKACG",0.9
"MTCP1","CPOX",0.705
"CD2","CD52",0.871
"CD2","CD8A",0.998
"CD2","CCL5",0.808
"IGSF3","CD9",0.753
"RNGTT","NCBP1",0.754
"RNGTT","POLR2B",0.746
"CD58","CD40",0.722
"CD58","CD8A",0.767
"CNR1","GNB1",0.943
"CNR1","ARRB1",0.757
"NGF","IL6",0.747
"NGF","CALML4",0.868
"NGF","NTRK1",0.999
"NGF","CALML5",0.865
"SIKE1","RIGI",0.844
"SIKE1","PDCD10",0.998
"SIKE1","IRF3",0.803
"SIKE1","STK26",0.93
"MPP1","EPS8",0.857
"NRAS","GNB1",0.754
"NRAS","CALML4",0.954
"NRAS","SRC",0.97
"NRAS","PTEN",0.872
"NRAS","CALML5",0.958
"NRAS","SYK",0.933
"NRAS","RAP1A",0.706
"NRAS","JAK2",0.852
"NRAS","PIK3CD",0.954
"NRAS","GRB2",0.815
"NRAS","SRSF2",0.703
"BCAS2","CDC5L",0.999
"DKC1","GNL3",0.909
"DKC1","FTSJ3",0.91
"DKC1","SNU13",0.996
"DKC1","PDCD11",0.936
"DKC1","HSP90AB1",0.857
"DKC1","MRTO4",0.879
"DKC1","UTP14A",0.786
"DKC1","RPL5",0.707
"DKC1","EBNA1BP2",0.888
"DKC1","GNL2",0.852
"SYNCRIP","RPL13A",0.999
"SYNCRIP","EIF4G1",0.758
"SYNCRIP","ILF3",0.914
"SYNCRIP","SSB",0.712
"SYNCRIP","YBX1",0.998
"SYNCRIP","SERBP1",0.728
"SYNCRIP","SNRNP70",0.748
"UBL4A","RPL37A",0.755
"UBL4A","RPL24",0.741
"UBL4A","RPS6",0.739
"UBL4A","UBA52",0.736
"UBL4A","RPL30",0.73
"UBL4A","RPS19",0.861
"UBL4A","RPL23",0.715
"UBL4A","RPL5",0.721
"UBL4A","RPS14",0.71
"UBL4A","BAG6",0.999
"UBL4A","RPL14",0.701
"RAP1A","DOCK4",0.936
"RAP1A","PDCD10",0.739
"RAP1A","PRKACG",0.939
"RAP1A","PRKCZ",0.924
"RAP1A","SRC",0.94
"RAP1A","MAP2K6",0.911
"RAP1A","ID1",0.901
"RAP1A","YWHAZ",0.783
"RAP1A","TRAF3",0.775
"RAP1A","APBB1IP",0.997
"RAP1A","PIK3CD",0.922
"GSTO1","TXN",0.722
"GSTO1","GLRX",0.856
"GSTO1","CYP1A1",0.925
"ATP5PB","NDUFB3",0.812
"ATP5PB","SDHB",0.707
"ATP5PB","COX6C",0.74
"ATP5PB","ATP5F1A",0.999
"ATP5PB","ATP5PF",0.999
"ATP5PB","NDUFA8",0.771
"ATP5PB","NDUFB6",0.922
"ATP5PB","CDCA8",0.967
"ATP5PB","SDHD",0.832
"ATP5PB","COX7C",0.87
"ATP6AP1","ATP6V1G1",0.996
"SLC16A4","CA9",0.886
"SLC16A4","CBLL1",0.874
"RBM15","CBLL1",0.999
"RBM15","MRTO4",0.822
"PDCD11","MRPS14",0.895
"PDCD11","HMGN1",0.817
"PDCD11","MRPS15",0.892
"PDCD11","NOL10",0.997
"PDCD11","MRPL19",0.997
"PDCD11","EXOSC10",0.939
"PDCD11","GNL3",0.778
"PDCD11","UTP11",0.993
"PDCD11","DNTTIP2",0.96
"PDCD11","POLR1B",0.977
"PDCD11","RPL13A",0.941
"PDCD11","HMGN4",0.818
"PDCD11","RPS9",0.997
"PDCD11","ATP5F1A",0.792
"PDCD11","RCL1",0.983
"PDCD11","FTSJ3",0.975
"PDCD11","NOC3L",0.937
"PDCD11","RPS14",0.995
"PDCD11","SNU13",0.986
"PDCD11","NGDN",0.988
"PDCD11","RPL5",0.982
"PDCD11","RPS16",0.988
"PDCD11","RPL10",0.89
"PDCD11","RPS19",0.73
"PDCD11","RPL23",0.992
"PDCD11","MRPS16",0.99
"PDCD11","MRPL2",0.949
"PDCD11","UTP14A",0.993
"PDCD11","MRTO4",0.988
"PDCD11","MRPS12",0.981
"PDCD11","RPS6",0.982
"PDCD11","POLR2B",0.919
"PDCD11","POLR1E",0.751
"PDCD11","EXOSC8",0.817
"PDCD11","GNL2",0.851
"PDCD11","EBNA1BP2",0.922
"TTK","KIF2C",0.955
"TTK","CKAP2",0.868
"TTK","KIF20B",0.777
"TTK","PTTG1",0.835
"TTK","CDCA3",0.858
"TTK","KIFC1",0.731
"TTK","RACGAP1",0.845
"TTK","MCM10",0.735
"TTK","CDCA8",0.946
"AHCYL1","CBS",0.973
"ELOVL4","HACD2",0.943
"GSTM4","CYP1A1",0.92
"TAF5","H4C2",0.814
"TAF5","POLR2B",0.931
"TAF5","POLR2F",0.904
"TAF5","GTF2B",0.99
"TAF5","SUPT3H",0.994
"EMD","AKAP8L",0.824
"FLNA","AR",0.839
"FLNA","CALML4",0.719
"FLNA","BRCA1",0.917
"FLNA","BRCA2",0.977
"FLNA","SRC",0.809
"FLNA","HSP90AB1",0.842
"FLNA","CALML5",0.724
"GNAI3","PIK3CD",0.903
"GNAI3","HCK",0.91
"GNAI3","SRC",0.911
"GNAI3","GNB1",0.999
"GNAI3","PRKACG",0.718
"CNNM2","CBS",0.789
"CYP17A1","AR",0.797
"CYP17A1","CYP1A1",0.925
"CYP17A1","AKR1C3",0.979
"ZNF512B","RBBP7",0.789
"ZNF512B","RBBP4",0.729
"SARS1","SUPT3H",0.877
"HTR1B","GNB1",0.979
"HTR1B","MAOB",0.802
"NFKB2","IL6",0.767
"NFKB2","TRAF3",0.782
"NFKB2","CHUK",0.998
"NFKB2","CD40",0.799
"MYO6","MYL6",0.814
"MYO6","UBA52",0.9
"IRAK1","PPP2R2B",0.909
"IRAK1","SQSTM1",0.935
"IRAK1","IL6",0.723
"IRAK1","TRAF3",0.995
"IRAK1","CHUK",0.999
"IRAK1","IRF7",0.998
"IRAK1","TLR4",0.998
"IRAK1","IRF3",0.818
"IRAK1","CD40",0.77
"IRAK1","RSAD2",0.782
"IRAK1","IL10",0.721
"IRAK1","IFNB1",0.78
"STXBP3","VAMP2",0.97
"STXBP3","STX2",0.891
"ARHGAP4","WAS",0.717
"VAV3","PIK3CD",0.918
"VAV3","SYK",0.997
"VAV3","GRB2",0.95
"VAV3","SRC",0.87
"VAV3","LAT",0.783
"L1CAM","SH3GL2",0.816
"L1CAM","SRC",0.832
"L1CAM","RPL10",0.718
"COX7A2","COX7C",0.997
"COX7A2","NDUFB6",0.895
"COX7A2","COX7A2L",0.939
"COX7A2","NDUFA8",0.758
"COX7A2","ATP5PF",0.906
"COX7A2","NDUFA1",0.824
"COX7A2","COX6C",0.997
"COX7A2","NDUFA4L2",0.777
"COX7A2","NDUFB2",0.712
"COX7A2","NDUFA13",0.731
"COX7A2","NDUFB3",0.76
"COL11A1","COL5A2",0.976
"COL11A1","COL5A1",0.877
"SRPK3","CDC5L",0.801
"SRPK3","SRSF4",0.707
"DBT","CSNK1E",0.759
"DBT","SDHB",0.764
"POLL","PCNA",0.765
"POLL","XRCC5",0.887
"BTRC","CSNK1D",0.797
"BTRC","UBE2D2",0.99
"BTRC","UBA52",0.905
"BTRC","CHUK",0.83
"BTRC","CCNF",0.921
"BTRC","CSNK1E",0.803
"BTRC","KEAP1",0.773
"TLX1","PBX2",0.722
"PTBP2","MATR3",0.842
"RWDD3","SUMO1",0.753
"GCLM","KEAP1",0.932
"CHRNA4","JAK2",0.903
"DR1","SUPT3H",0.823
"DR1","GTF2B",0.809
"CETN2","XRCC5",0.927
"CETN2","XPA",0.841
"CETN2","CETN3",0.967
"CETN2","KDM1A",0.91
"MTF2","RBBP7",0.978
"MTF2","RBBP4",0.971
"RPL5","EIF1AX",0.932
"RPL5","RPL14",0.999
"RPL5","RPL39L",0.981
"RPL5","EIF3I",0.9
"RPL5","ZNF593",0.925
"RPL5","HMGN1",0.942
"RPL5","MRPS15",0.969
"RPL5","MRPS14",0.971
"RPL5","GNL3",0.903
"RPL5","EXOSC10",0.783
"RPL5","DOCK4",0.976
"RPL5","EIF2S2",0.727
"RPL5","MRPL19",0.997
"RPL5","CCT4",0.722
"RPL5","RPL27",0.999
"RPL5","POLR1B",0.929
"RPL5","GSPT1",0.908
"RPL5","SEC61G",0.891
"RPL5","CMPK1",0.707
"RPL5","RPS14",0.999
"RPL5","SNU13",0.9
"RPL5","EEF1D",0.936
"RPL5","IFI35",0.974
"RPL5","ATP5F1A",0.951
"RPL5","HMGN4",0.938
"RPL5","RPS9",0.999
"RPL5","RPL13A",0.999
"RPL5","MRPS16",0.998
"RPL5","TMCO1",0.819
"RPL5","RPS19",0.999
"RPL5","RPL23",0.999
"RPL5","RPL10",0.999
"RPL5","RPS16",0.999
"RPL5","POLR2F",0.932
"RPL5","SERBP1",0.996
"RPL5","MRPS12",0.983
"RPL5","MRTO4",0.989
"RPL5","MRPL2",0.971
"RPL5","EIF6",0.997
"RPL5","SECISBP2",0.807
"RPL5","RPL24",0.999
"RPL5","RPL37A",0.999
"RPL5","BTF3",0.954
"RPL5","UBA52",0.999
"RPL5","RPS6",0.999
"RPL5","IFRD1",0.753
"RPL5","RPL30",0.999
"RPL5","GNL2",0.989
"RPL5","RPS4X",0.999
"RPL5","POLR2B",0.923
"YTHDF1","CBLL1",0.745
"YTHDF1","FMR1",0.829
"SEC31B","SEC13",0.998
"SEC31B","SAR1B",0.976
"SCD","HACD2",0.925
"GLMN","KEAP1",0.723
"GLMN","PRAME",0.724
"GLMN","KLHL2",0.725
"GLMN","FKBP1A",0.901
"MTM1","PIP4K2A",0.72
"CHUK","IL6",0.713
"CHUK","SPP1",0.768
"CHUK","HSP90AB1",0.979
"CHUK","SRC",0.75
"CHUK","TRAF3",0.998
"CHUK","CARD9",0.928
"CHUK","XIAP",0.772
"CHUK","CD40",0.871
"CHUK","RIGI",0.806
"CHUK","IRF3",0.721
"CHUK","IRF7",0.993
"CHUK","TLR4",0.852
"CHUK","PTEN",0.964
"AFF2","FMR1",0.95
"GBP2","GBP1",0.967
"GBP2","IRF9",0.781
"GBP1","RIGI",0.716
"GBP1","IFIT3",0.896
"GBP1","IRF7",0.788
"GBP1","IFI44",0.865
"GBP1","IFI35",0.738
"GBP1","IFIT1",0.826
"GBP1","RSAD2",0.791
"GBP1","SQSTM1",0.724
"GBP1","MX1",0.865
"GBP1","OAS1",0.75
"GBP1","IFI44L",0.771
"FMR1","SERBP1",0.846
"FMR1","STAU1",0.966
"FMR1","YBX1",0.84
"FMR1","NCBP1",0.798
"FMR1","EIF4G1",0.865
"GTF2B","POLR2F",0.996
"GTF2B","H4C2",0.839
"GTF2B","POLR2B",0.999
"GTF2B","POLR1B",0.722
"NTSR1","NTRK1",0.733
"NTSR1","GNB1",0.914
"NTSR1","ARRB1",0.996
"GOT1","SDHD",0.827
"GOT1","DDC",0.931
"GOT1","SDHB",0.889
"LDOC1","PEG10",0.75
"LMO4","BRCA1",0.71
"LPAR3","GNB1",0.731
"LPAR3","LPAR6",0.993
"CD40LG","CCL5",0.731
"CD40LG","CD8A",0.907
"CD40LG","IL10",0.876
"CD40LG","TLR4",0.889
"CD40LG","CD40",0.999
"CD40LG","TRAF3",0.84
"CD40LG","CXCR3",0.73
"CD40LG","IL6",0.795
"CD40LG","IFNA2",0.718
"PI4K2A","PTEN",0.909
"GNG5","GNB1",0.999
"RPF1","RPL23",0.859
"RPF1","RPL14",0.95
"RPF1","NGDN",0.837
"RPF1","GNL3",0.972
"RPF1","DOCK4",0.868
"RPF1","MRTO4",0.994
"RPF1","NOL10",0.871
"RPF1","RPL27",0.874
"RPF1","EIF6",0.983
"RPF1","DNTTIP2",0.781
"RPF1","UTP11",0.841
"RPF1","RPL30",0.938
"RPF1","EBNA1BP2",0.997
"RPF1","NOC3L",0.963
"RPF1","GNL2",0.832
"RPF1","IFI35",0.795
"RPF1","FTSJ3",0.991
"RPF1","RCL1",0.705
"RPF1","RPL13A",0.814
"PRKACB","CALML4",0.989
"PRKACB","AR",0.938
"PRKACB","CACNA1F",0.914
"PRKACB","CSNK1E",0.914
"PRKACB","JUN",0.963
"PRKACB","CSNK1D",0.918
"PRKACB","CALML5",0.989
"PRKACB","GNB1",0.745
"PRKACB","PRKACG",0.968
"BAG2","DNAJB4",0.783
"BAG2","HSP90AB1",0.842
"BAG2","DNAJA1",0.713
"ZNF451","SUMO1",0.729
"ADGRL2","GNB1",0.969
"IFI44","DDX60",0.919
"IFI44","LY6E",0.758
"IFI44","IFIT5",0.917
"IFI44","TRIM22",0.854
"IFI44","OAS1",0.961
"IFI44","MX1",0.967
"IFI44","IFI44L",0.999
"IFI44","IRF9",0.855
"IFI44","IFIT3",0.984
"IFI44","RIGI",0.913
"IFI44","IFITM3",0.844
"IFI44","IRF7",0.919
"IFI44","IFNB1",0.778
"IFI44","SAMD9",0.862
"IFI44","RSAD2",0.983
"IFI44","IFIT1",0.974
"IFI44","IFI27",0.945
"IFI44","IFI35",0.924
"IFI44L","RSAD2",0.999
"IFI44L","IRF9",0.784
"IFI44L","IFIT1",0.967
"IFI44L","IFI27",0.977
"IFI44L","IFI35",0.902
"IFI44L","SAMD9",0.716
"IFI44L","MX1",0.965
"IFI44L","OAS1",0.955
"IFI44L","TRIM22",0.871
"IFI44L","IFIT5",0.848
"IFI44L","MRPL19",0.782
"IFI44L","IRF7",0.897
"IFI44L","IFIT3",0.982
"IFI44L","DDX60",0.899
"IFI44L","LY6E",0.837
"IFI44L","RIGI",0.866
"IFI44L","IFITM3",0.846
"PTGFR","AKR1C3",0.728
"GIPC2","SH3BP4",0.719
"DNAJB4","DNAJA1",0.741
"DNAJB4","HSP90AB1",0.754
"DNAJB4","HSPA2",0.84
"MMS19","XPA",0.72
"USP33","ARRB1",0.749
"USP33","ROBO1",0.902
"ZZZ3","SUPT3H",0.845
"GPC4","COL15A1",0.816
"PSMA7","EIF3I",0.779
"PSMA7","CCT4",0.827
"PSMA7","HSP90AB1",0.747
"PSMA7","RPS16",0.719
"PSMA7","PSMC2",0.999
"PSMA7","UBA52",0.934
"CTH","CBS",0.999
"SRSF11","SRSF4",0.951
"SRSF11","SRSF2",0.912
"GSTA4","CYP1A1",0.936
"GNG12","GNB1",0.999
"GADD45A","CDKN1A",0.974
"GADD45A","BRCA1",0.71
"GADD45A","PCNA",0.987
"SERBP1","RPL27",0.985
"SERBP1","RPS14",0.981
"SERBP1","RPS9",0.986
"SERBP1","RPL13A",0.976
"SERBP1","RPL39L",0.825
"SERBP1","RPL14",0.979
"SERBP1","MRPS15",0.707
"SERBP1","RPL37A",0.979
"SERBP1","RPL24",0.982
"SERBP1","RPS6",0.991
"SERBP1","UBA52",0.972
"SERBP1","RPL30",0.987
"SERBP1","RPS4X",0.969
"SERBP1","RPL23",0.988
"SERBP1","RPS19",0.993
"SERBP1","RPS16",0.985
"SERBP1","RPL10",0.977
"SERBP1","YBX1",0.723
"SERBP1","MRTO4",0.716
"EFHC1","SPACA9",0.823
"DNAJC6","SNAP91",0.719
"DNAJC6","CLINT1",0.839
"DNAJC6","SH3GL2",0.824
"DNAJC6","PICALM",0.775
"PGM1","CMPK1",0.706
"ITGB3BP","SQSTM1",0.812
"ITGB3BP","H4C2",0.804
"GNAS","SRC",0.942
"GNAS","LPAR6",0.726
"GNAS","PRKACG",0.814
"GNAS","GNB1",0.999
"GNAS","CGA",0.904
"OCRL","CLINT1",0.823
"OCRL","VAMP2",0.739
"OCRL","PIP4K2A",0.937
"OCRL","PTEN",0.931
"SMARCA1","BAZ1A",0.999
"SMARCA1","RBBP7",0.973
"SMARCA1","RBBP4",0.997
"SMARCA1","SMARCA2",0.948
"SH2D1A","STXBP2",0.764
"SH2D1A","XIAP",0.773
"SH2D1A","CD8A",0.75
"STX16","TGOLN2",0.799
"STX16","STX2",0.806
"STX16","VAMP2",0.972
"ZBP1","IRF7",0.977
"ZBP1","IRF3",0.989
"DNTT","DNTTIP2",0.84
"RHAG","GYPB",0.999
"XIAP","UBA52",0.896
"XIAP","CHEK1",0.712
"XIAP","UBE2D2",0.881
"XIAP","PTEN",0.921
"ENTPD1","CD8A",0.776
"ENTPD1","GCH1",0.801
"ENTPD1","IL10",0.702
"JUN","PTEN",0.775
"JUN","KLF5",0.86
"JUN","CCL5",0.953
"JUN","TLR4",0.741
"JUN","HDAC2",0.846
"JUN","IRF7",0.989
"JUN","IRF3",0.998
"JUN","MITF",0.923
"JUN","PRKACG",0.963
"JUN","CDK5",0.926
"JUN","CDKN1A",0.831
"JUN","BRCA1",0.794
"JUN","AR",0.84
"JUN","SRC",0.974
"JUN","HSP90AB1",0.752
"JUN","IL6",0.989
"JUN","HDAC1",0.967
"ALDH18A1","MTHFD2",0.752
"DAB1","PIK3CD",0.901
"C8B","BAK1",0.724
"PRKAA2","RRAGA",0.711
"PRKAA2","PRKACG",0.922
"SORBS1","FCHSD2",0.814
"SORBS1","GCH1",0.782
"SORBS1","FLOT2",0.901
"ADGRF1","GNB1",0.925
"SPO11","H2AX",0.711
"SPO11","BRCA1",0.8
"SPO11","BRCA2",0.751
"CYP2C8","CYP1A1",0.955
"TTC4","HSP90AB1",0.897
"MCTS1","RPS19",0.812
"MCTS1","RPS16",0.842
"MCTS1","RPS6",0.819
"MCTS1","RPS4X",0.828
"MCTS1","RPS14",0.813
"MCTS1","RPS9",0.847
"CYP2C19","MAOB",0.944
"NOC3L","GNL3",0.959
"NOC3L","DOCK4",0.857
"NOC3L","NOL10",0.939
"NOC3L","RPL14",0.908
"NOC3L","FTSJ3",0.988
"NOC3L","IFI35",0.761
"NOC3L","RPL13A",0.794
"NOC3L","RPL27",0.858
"NOC3L","POLR1B",0.841
"NOC3L","UTP11",0.717
"NOC3L","UTP14A",0.854
"NOC3L","MRTO4",0.988
"NOC3L","RPL23",0.85
"NOC3L","RPL30",0.862
"NOC3L","GNL2",0.934
"NOC3L","EBNA1BP2",0.992
"NOC3L","EIF6",0.96
"CACNA1B","GNB1",0.703
"CACNA1B","CALML5",0.777
"CACNA1B","CALML4",0.722
"PLCE1","PIP4K2A",0.733
"PLCE1","PTEN",0.913
"PFDN4","CCT4",0.974
"PFDN4","PFDN5",0.999
"NDC1","SEC13",0.936
"NDC1","NUP160",0.961
"NDC1","SEH1L",0.988
"NDUFA1","NDUFB6",0.999
"NDUFA1","NDUFA4L2",0.71
"NDUFA1","COX7C",0.99
"NDUFA1","NDUFB2",0.999
"NDUFA1","ATP5PF",0.896
"NDUFA1","NDUFA8",0.999
"NDUFA1","NDUFA3",0.999
"NDUFA1","NDUFA13",0.999
"NDUFA1","COX6C",0.885
"NDUFA1","NDUFB3",0.999
"RUNX2","HDAC1",0.879
"RUNX2","SPP1",0.901
"RUNX2","ALPL",0.891
"RUNX2","IL6",0.738
"RUNX2","CDKN1A",0.7
"RUNX2","SYK",0.706
"RUNX2","AR",0.881
"RUNX2","PRKACG",0.936
"RNF113A","CDC5L",0.998
"RNF113A","SNU13",0.918
"MAGOH","SRSF4",0.853
"MAGOH","DDX17",0.74
"MAGOH","NCBP1",0.899
"MAGOH","SEH1L",0.708
"MAGOH","SRSF2",0.883
"MAGOH","SNRNP70",0.77
"MAGOH","CDC5L",0.93
"ZNF217","HDAC1",0.987
"ZNF217","HDAC2",0.989
"ZNF217","KDM1A",0.986
"CDC5L","CDKN1A",0.719
"CDC5L","SRSF2",0.757
"CDC5L","SNRNP70",0.7
"CDC5L","ORC1",0.804
"CDC5L","NCBP1",0.931
"CDC5L","MCM10",0.722
"CDC5L","SF1",0.983
"CDC5L","SRSF4",0.848
"CEP55","CDCA8",0.923
"CEP55","TK1",0.802
"CEP55","MCM10",0.795
"CEP55","RACGAP1",0.958
"CEP55","CDCA3",0.876
"CEP55","KIF2C",0.948
"CEP55","CKAP2",0.857
"CEP55","PTTG1",0.892
"CEP55","CHEK1",0.871
"GRIN1","PRKACG",0.833
"GRIN1","CALML5",0.96
"GRIN1","CALML4",0.964
"HSP90AB1","SRC",0.995
"HSP90AB1","IL6",0.735
"HSP90AB1","KEAP1",0.933
"HSP90AB1","HDAC1",0.751
"HSP90AB1","TXN",0.713
"HSP90AB1","CD9",0.821
"HSP90AB1","YWHAZ",0.835
"HSP90AB1","YWHAQ",0.735
"HSP90AB1","CHEK1",0.875
"HSP90AB1","DNAJA1",0.967
"HSP90AB1","CALML4",0.995
"HSP90AB1","RPS6",0.763
"HSP90AB1","CDKN1A",0.831
"HSP90AB1","AR",0.999
"HSP90AB1","TLR4",0.988
"HSP90AB1","IRF3",0.844
"HSP90AB1","CALML5",0.995
"HSP90AB1","CD40",0.78
"HSP90AB1","ATP5F1A",0.706
"HSP90AB1","HSPA2",0.899
"HSP90AB1","CCT4",0.946
"UBE2A","UBE2D2",0.733
"UBE2A","UBA52",0.806
"ORC1","MCM10",0.93
"ORC1","RFC3",0.762
"ORC1","CHEK1",0.858
"ORC1","XRCC5",0.752
"ADNP","GLRX",0.713
"SLC25A5","BAK1",0.738
"SLC25A5","ATP5F1A",0.843
"PARD6B","PRKCZ",0.999
"PARD6B","PTEN",0.907
"PTPN1","SRC",0.979
"PTPN1","TXN",0.849
"PTPN1","GRB2",0.915
"PTPN1","JAK2",0.98
"PTGDS","AKR1C3",0.944
"TNKS2","PTEN",0.922
"IL13RA1","IFNB1",0.732
"IL13RA1","JAK2",0.992
"IL13RA1","IL10",0.859
"IL13RA1","IL6",0.781
"ANKRD1","YBX1",0.753
"INPP5E","PIP4K2A",0.927
"INPP5E","PTEN",0.922
"PMPCA","ATP5F1A",0.746
"PMPCA","COX7C",0.723
"PMPCA","NDUFA8",0.746
"KIF20B","KIF2C",0.764
"KIF20B","RACGAP1",0.954
"KIF20B","KIFC1",0.743
"KIF20B","CDCA8",0.714
"CARD9","RIGI",0.845
"CARD9","TLR4",0.749
"CARD9","IRF3",0.936
"CARD9","SYK",0.999
"EPS15","WAS",0.784
"EPS15","ARRB1",0.791
"EPS15","CLINT1",0.871
"EPS15","GRB2",0.87
"EPS15","AP1G1",0.847
"EPS15","AAK1",0.96
"EPS15","SH3BP4",0.904
"EPS15","PICALM",0.946
"EPS15","EPS15L1",0.99
"EPS15","ITSN1",0.997
"EPS15","SH3GL2",0.874
"EPS15","VAMP2",0.759
"EPS15","NECAP2",0.884
"EPS15","SNAP91",0.955
"EPS15","TFRC",0.709
"EPS15","DNM1",0.731
"MRPS2","MRPL2",0.992
"MRPS2","MRTO4",0.833
"MRPS2","MRPS12",0.999
"MRPS2","RPS16",0.788
"MRPS2","RPL10",0.715
"MRPS2","POLR2F",0.835
"MRPS2","RPS19",0.91
"MRPS2","RPL23",0.971
"MRPS2","MRPS16",0.999
"MRPS2","RPS4X",0.763
"MRPS2","MRPS18A",0.994
"MRPS2","POLR2B",0.75
"MRPS2","RPL30",0.904
"MRPS2","RPL24",0.904
"MRPS2","RPL37A",0.891
"MRPS2","RPS6",0.917
"MRPS2","UBA52",0.861
"MRPS2","MRPL19",0.993
"MRPS2","MRPS14",0.999
"MRPS2","MRPS15",0.999
"MRPS2","EIF1AX",0.743
"MRPS2","RPS9",0.958
"MRPS2","ATP5F1A",0.717
"MRPS2","RPL13A",0.789
"MRPS2","RPS14",0.781
"MRPS2","RPL27",0.711
"IFIT5","IRF7",0.861
"IFIT5","IFIT3",0.857
"IFIT5","RIGI",0.95
"IFIT5","RSAD2",0.936
"IFIT5","IFIT1",0.846
"IFIT5","IFI35",0.792
"IFIT5","DDX60",0.832
"IFIT5","IRF9",0.792
"IFIT5","MX1",0.883
"IFIT5","OAS1",0.831
"IFIT1","SAMD9",0.724
"IFIT1","CCL5",0.748
"IFIT1","IFI35",0.876
"IFIT1","IFI27",0.934
"IFIT1","RSAD2",0.97
"IFIT1","IFNB1",0.901
"IFIT1","IRF7",0.96
"IFIT1","IRF3",0.904
"IFIT1","IFITM3",0.866
"IFIT1","RIGI",0.995
"IFIT1","IFIT3",0.999
"IFIT1","IRF9",0.949
"IFIT1","MX1",0.989
"IFIT1","OAS1",0.96
"IFIT1","DDX60",0.944
"IFIT3","IFNB1",0.774
"IFIT3","IFI27",0.904
"IFIT3","IFI35",0.926
"IFIT3","RSAD2",0.999
"IFIT3","SAMD9",0.779
"IFIT3","RIGI",0.966
"IFIT3","IFITM3",0.923
"IFIT3","IRF3",0.717
"IFIT3","IRF7",0.893
"IFIT3","MX1",0.972
"IFIT3","OAS1",0.947
"IFIT3","IRF9",0.941
"IFIT3","DDX60",0.936
"IFIT3","LY6E",0.737
"IFIT3","IL6",0.718
"IFIT3","TRIM22",0.828
"IFIT3","IFNA2",0.885
"COL5A1","POSTN",0.78
"COL5A1","COL5A2",0.996
"COL5A1","COL15A1",0.793
"VAV2","PIK3CD",0.917
"VAV2","SYK",0.989
"VAV2","GRB2",0.937
"VAV2","SRC",0.796
"VAV2","CTNND1",0.985
"STAU1","ILF3",0.776
"STAU1","RPS6",0.826
"STAU1","YBX1",0.876
"SARDH","MTHFD2",0.764
"CMPK1","RPL23",0.731
"LUZP4","SRSF2",0.763
"IL13RA2","IL6",0.861
"IL13RA2","IFNB1",0.706
"IL13RA2","JAK2",0.735
"IL13RA2","IL10",0.793
"REXO4","GNL2",0.702
"REXO4","DNTTIP2",0.731
"PTEN","IL10",0.717
"PTEN","PIP4K2A",0.957
"PTEN","PRKCZ",0.958
"PTEN","BRCA2",0.877
"PTEN","SRC",0.837
"PTEN","AR",0.892
"PTEN","PIK3CD",0.973
"PTEN","BRCA1",0.821
"PTEN","RPS6",0.785
"PTEN","JAK2",0.794
"PTEN","CDKN1A",0.792
"PTEN","CHEK1",0.791
"AMOT","PRKCZ",0.941
"SURF1","BCS1L",0.804
"RAD54L","CDCA8",0.761
"RAD54L","MCM10",0.734
"RAD54L","BRCA2",0.782
"RAD54L","CHEK1",0.797
"RAD54L","BRCA1",0.796
"NCOA3","PRKACG",0.919
"NCOA3","SRC",0.975
"NCOA3","AR",0.997
"BMPR1A","BAMBI",0.956
"BMPR1A","TFRC",0.723
"RALGDS","ARRB1",0.776
"RALGDS","SRC",0.797
"AKR1A1","GK",0.927
"IRS4","PRKCZ",0.917
"IRS4","PIK3CD",0.919
"IRS4","JAK2",0.921
"IRS4","GRB2",0.996
"MRPS18A","MRPL2",0.985
"MRPS18A","MRPS12",0.998
"MRPS18A","MRPS16",0.998
"MRPS18A","RPL23",0.845
"MRPS18A","MRPL19",0.983
"MRPS18A","MRPS15",0.998
"MRPS18A","MRPS14",0.998
"MRPS18A","RPS9",0.842
"GHITM","TLR4",0.921
"TSPAN14","CD9",0.742
"DDX31","FTSJ3",0.936
"DDX31","POLR1B",0.765
"DDX31","POLR1E",0.788
"DDX31","GNL2",0.778
"DDX31","NGDN",0.765
"RAPGEF1","NTRK1",0.752
"RAPGEF1","HCK",0.761
"RAPGEF1","GRB2",0.983
"RAPGEF1","CBLB",0.903
"RAPGEF1","SRC",0.807
"PLK3","LSP1",0.839
"MAT1A","CBS",0.847
"KIF2C","RFC4",0.733
"KIF2C","KIFC1",0.932
"KIF2C","RACGAP1",0.845
"KIF2C","CDCA8",0.977
"KIF2C","CKAP2",0.793
"KIF2C","CKS2",0.732
"KIF2C","CHEK1",0.738
"KIF2C","PTTG1",0.875
"KIF2C","BRCA1",0.706
"KIF2C","CDCA3",0.93
"POLH","PCNA",0.999
"POLH","BRCA1",0.701
"ERI3","GRB2",0.703
"TMEM254","NDUFA8",0.828
"TMEM254","NDUFA13",0.767
"TMEM254","NDUFB3",0.714
"CD40","CD8A",0.915
"CD40","IL10",0.901
"CD40","TLR4",0.918
"CD40","IDO1",0.731
"CD40","TRAF3",0.999
"CD40","IL6",0.891
"MMP9","SRC",0.97
"MMP9","SPP1",0.947
"MMP9","IL6",0.959
"MMP9","PLAU",0.871
"MMP9","IL10",0.881
"MMP9","CCL5",0.813
"MMP9","TLR4",0.934
"IPO13","EIF1AX",0.981
"ABL1","GRB2",0.999
"ABL1","YWHAQ",0.81
"ABL1","YWHAZ",0.737
"ABL1","BRCA1",0.956
"ABL1","CDKN1A",0.878
"ABL1","ROBO1",0.928
"ABL1","NTRK1",0.958
"ABL1","CDK5",0.9
"EXOSC2","EXOSC10",0.999
"EXOSC2","RPS9",0.733
"EXOSC2","RCL1",0.744
"EXOSC2","SNU13",0.769
"EXOSC2","UTP11",0.797
"EXOSC2","UTP14A",0.77
"EXOSC2","ZFC3H1",0.952
"EXOSC2","EXOSC8",0.999
"EXOSC2","RBM7",0.89
"EXOSC2","RPS6",0.701
"TSC22D3","NRBP1",0.859
"ASS1","ATP5F1A",0.724
"KDM4A","AR",0.745
"KDM4A","H4C2",0.916
"KDM4A","HDAC1",0.758
"KDM4A","KDM1A",0.966
"CDC20","BRCA2",0.712
"CDC20","PCNA",0.798
"CDC20","CDCA3",0.981
"CDC20","NDE1",0.824
"CDC20","BRCA1",0.766
"CDC20","CDKN1A",0.853
"CDC20","CKS2",0.971
"CDC20","CHEK1",0.771
"CDC20","PTTG1",0.999
"CDC20","CCNF",0.91
"CDC20","CDCA8",0.992
"CDC20","TK1",0.883
"CDC20","RACGAP1",0.853
"CDC20","CCT4",0.995
"CDC20","KIFC1",0.915
"CDC20","RFC4",0.756
"MPL","IL6",0.787
"MPL","IFNA10",0.742
"MPL","IFNA2",0.744
"MPL","IL10",0.707
"MPL","JAK2",0.982
"MPL","IFNA8",0.742
"YBX1","SSB",0.703
"YBX1","RPS4X",0.767
"YBX1","ILF3",0.826
"YBX1","RPS6",0.833
"YBX1","MATR3",0.725
"YBX1","XRCC5",0.7
"YBX1","NCBP1",0.754
"SH3GLB2","CBLB",0.8
"NUP188","SEH1L",0.991
"NUP188","NUP160",0.99
"NUP188","SEC13",0.963
"ENDOG","DNAJA1",0.785
"BEX1","CALML4",0.748
"BEX1","CALML5",0.748
"SDC4","GPNMB",0.78
"SDC4","CCL5",0.814
"ZMPSTE24","DNAJA1",0.736
"PLAU","SERPINB2",0.986
"PLAU","IL6",0.763
"GNMT","ARRB1",0.78
"GNMT","CBS",0.712
"CNPY3","TLR4",0.806
"HNRNPH2","ILF3",0.915
"HNRNPH2","MATR3",0.877
"HNRNPH2","SRSF2",0.918
"HNRNPH2","SF1",0.753
"YWHAB","GRB2",0.703
"YWHAB","YWHAQ",0.978
"YWHAB","YWHAZ",0.992
"YWHAB","CSNK1E",0.908
"YWHAB","SRC",0.819
"YWHAB","CSNK1D",0.912
"PABPC4","EIF4G1",0.904
"UBR2","TRIP12",0.964
"TIMM8A","SDHD",0.781
"DNM1","CDK5",0.77
"DNM1","SH3GL2",0.95
"DNM1","ITSN1",0.979
"DNM1","MX1",0.906
"DNM1","GRB2",0.953
"DNM1","SRC",0.742
"CENPI","CDCA8",0.825
"CENPI","RBBP7",0.748
"CENPI","H4C2",0.818
"MRPS16","MRPL19",0.999
"MRPS16","EIF1AX",0.835
"MRPS16","MRPS15",0.999
"MRPS16","HMGN1",0.903
"MRPS16","MRPS14",0.999
"MRPS16","RPS14",0.971
"MRPS16","RPL13A",0.972
"MRPS16","RPS9",0.993
"MRPS16","HMGN4",0.904
"MRPS16","POLR1B",0.794
"MRPS16","MRPS12",0.999
"MRPS16","MRTO4",0.984
"MRPS16","MRPL2",0.998
"MRPS16","BCS1L",0.748
"MRPS16","RPL23",0.999
"MRPS16","POLR2F",0.89
"MRPS16","RPL10",0.919
"MRPS16","RPS16",0.97
"MRPS16","POLR2B",0.811
"NDUFS5","NDUFB3",0.999
"NDUFS5","NDUFA13",0.999
"NDUFS5","NDUFB2",0.995
"NDUFS5","SDHB",0.846
"NDUFS5","COX6C",0.959
"NDUFS5","NDUFA3",0.999
"NDUFS5","COX7A2L",0.996
"NDUFS5","NDUFA8",0.999
"NDUFS5","ATP5PF",0.837
"NDUFS5","COX7C",0.98
"NDUFS5","NDUFB6",0.999
"CCND3","CDKN1A",0.999
"CCND3","PCNA",0.978
"CCND3","MCM10",0.805
"CCND3","CDK5",0.898
"RRAGC","SEC13",0.766
"RRAGC","RRAGA",0.999
"RRAGC","SEH1L",0.843
"RRAGC","SQSTM1",0.705
"UTP11","RPS9",0.995
"UTP11","RPS14",0.99
"UTP11","SNU13",0.996
"UTP11","RCL1",0.993
"UTP11","FTSJ3",0.76
"UTP11","DNTTIP2",0.998
"UTP11","NOL10",0.998
"UTP11","EXOSC10",0.981
"UTP11","BUD23",0.767
"UTP11","MRPS15",0.725
"UTP11","NOL7",0.827
"UTP11","RPS4X",0.925
"UTP11","EBNA1BP2",0.953
"UTP11","EXOSC8",0.775
"UTP11","RPS6",0.994
"UTP11","MRTO4",0.839
"UTP11","UTP14A",0.995
"UTP11","MRPS12",0.828
"UTP11","RPS16",0.983
"UTP11","NGDN",0.999
"UTP11","RPS19",0.97
"LCN2","SPP1",0.743
"LCN2","IL6",0.885
"LCN2","IL10",0.833
"FRS3","GRB2",0.936
"SF3A3","GNL2",0.799
"SF3A3","SNRNP70",0.951
"SF3A3","NCBP1",0.929
"SF3A3","SF1",0.992
"SF3A3","SNU13",0.993
"INPP5B","PIP4K2A",0.929
"IFT52","IFT56",0.997
"RPA4","PCNA",0.905
"CDCA8","ATP5PF",0.884
"CDCA8","ATP5F1A",0.989
"CDCA8","KIFC1",0.844
"CDCA8","TK1",0.704
"CDCA8","RACGAP1",0.934
"CDCA8","CDCA3",0.975
"CDCA8","CCNF",0.733
"CDCA8","CKAP2",0.736
"CDCA8","PTTG1",0.893
"GNL2","NOL10",0.79
"GNL2","EXOSC10",0.896
"GNL2","GNL3",0.997
"GNL2","ZNF593",0.997
"GNL2","RPL14",0.932
"GNL2","BUD23",0.718
"GNL2","RPL13A",0.905
"GNL2","RCL1",0.865
"GNL2","FTSJ3",0.975
"GNL2","POLR1B",0.722
"GNL2","RPL27",0.912
"GNL2","MRTO4",0.995
"GNL2","UTP14A",0.76
"GNL2","NGDN",0.836
"GNL2","RPL23",0.92
"GNL2","EBNA1BP2",0.972
"GNL2","RPL30",0.945
"GNL2","RPL37A",0.99
"GNL2","EIF6",0.993
"ZC3H12A","IL6",0.825
"CSF3R","IFNA8",0.734
"CSF3R","IL10",0.773
"CSF3R","IFNB1",0.721
"CSF3R","IFNA2",0.74
"CSF3R","IL6",0.899
"CSF3R","IFNA10",0.733
"CSF3R","HCK",0.82
"CSF3R","GRB2",0.845
"CSF3R","SYK",0.774
"CSF3R","JAK2",0.983
"TREM2","SYK",0.982
"TREM2","TLR4",0.762
"MRPS15","UBA52",0.954
"MRPS15","RPS6",0.972
"MRPS15","RPL37A",0.955
"MRPS15","RPL24",0.96
"MRPS15","POLR2B",0.702
"MRPS15","RPS4X",0.808
"MRPS15","RPL30",0.948
"MRPS15","POLR2F",0.733
"MRPS15","RPS16",0.83
"MRPS15","RPL10",0.8
"MRPS15","RPL23",0.994
"MRPS15","RPS19",0.964
"MRPS15","MRPL2",0.996
"MRPS15","MRTO4",0.912
"MRPS15","MRPS12",0.999
"MRPS15","RPL27",0.784
"MRPS15","RPL13A",0.837
"MRPS15","RPS9",0.991
"MRPS15","HMGN4",0.783
"MRPS15","IFI35",0.777
"MRPS15","RPS14",0.832
"MRPS15","MRPS14",0.999
"MRPS15","HMGN1",0.777
"MRPS15","RPL39L",0.717
"MRPS15","RPL14",0.781
"MRPS15","EIF1AX",0.788
"MRPS15","MRPL19",0.999
"MRPS15","EIF2S2",0.701
"APOOL","IMMT",0.999
"ENG","TFRC",0.762
"AGO1","HDAC1",0.909
"SH3BGRL","HMGN1",0.848
"EIF4EBP2","EIF4G1",0.731
"PPA1","ATP5F1A",0.839
"PPA1","ATP5PF",0.759
"PSMB2","UBA52",0.948
"PSMB2","PSMC2",0.999
"SAR1A","SEC13",0.997
"SAR1A","SAR1B",0.961
"FPGS","GCH1",0.71
"FPGS","MTHFD2",0.925
"MACROH2A2","HDAC1",0.733
"MACROH2A2","HDAC2",0.777
"GLP1R","ARRB1",0.775
"GLP1R","GNB1",0.975
"CDK9","BRCA1",0.738
"TSPAN15","CD9",0.712
"STXBP1","STX2",0.995
"STXBP1","VAMP2",0.988
"PGK1","YWHAZ",0.787
"TRAF3IP1","TRAF3",0.969
"TRAF3IP1","IFT56",0.991
"ATRX","H2AX",0.791
"ATRX","BRCA1",0.858
"ATRX","BRCA2",0.891
"ATRX","XRCC5",0.815
"GLO1","MAOB",0.833
"GLO1","SDHD",0.814
"UGT1A8","CYP1A1",0.985
"UGT1A8","AKR1C3",0.923
"YARS1","RPL39L",0.757
"RNF8","XRCC5",0.841
"RNF8","UBA52",0.896
"RNF8","BRCA1",0.97
"RNF8","H2AX",0.985
"RNF8","SUMO1",0.802
"RBBP4","RBBP7",0.999
"RBBP4","HDAC1",0.999
"RBBP4","PCNA",0.714
"RBBP4","BAZ1A",0.943
"RBBP4","SMARCA2",0.748
"RBBP4","KDM1A",0.988
"RBBP4","HDAC2",0.999
"MARCKSL1","CALML4",0.962
"MARCKSL1","CALML5",0.962
"PHKA1","CALML5",0.919
"PHKA1","RPS4X",0.811
"PHKA1","CALML4",0.914
"HDAC1","H2AX",0.816
"HDAC1","AR",0.964
"HDAC1","BRCA1",0.958
"HDAC1","RBBP7",0.999
"HDAC1","CDKN1A",0.903
"HDAC1","IFRD1",0.837
"HDAC1","TBL1XR1",0.883
"HDAC1","SMARCA2",0.848
"HDAC1","RREB1",0.727
"HDAC1","DDX17",0.936
"HDAC1","KLF5",0.711
"HDAC1","KDM1A",0.999
"HDAC1","SUMO1",0.82
"HDAC1","HDAC2",0.999
"GOLGA1","TGOLN2",0.861
"SRC","JAK2",0.917
"SRC","SYK",0.999
"SRC","CALML4",0.927
"SRC","PIK3CD",0.967
"SRC","AR",0.985
"SRC","EPS8",0.715
"SRC","GRB2",0.999
"SRC","HCK",0.876
"SRC","TRAF3",0.823
"SRC","APBB1IP",0.757
"SRC","WAS",0.987
"SRC","ARRB1",0.999
"SRC","IL6",0.787
"SRC","ANXA1",0.774
"SRC","CTNND1",0.845
"SRC","CD8A",0.735
"SRC","CCL5",0.81
"SRC","CALML5",0.927
"SRC","TLR4",0.88
"SRC","CBLL1",0.757
"EIF3I","EIF1AX",0.975
"EIF3I","EIF4G1",0.984
"EIF3I","RPL14",0.76
"EIF3I","EIF2S2",0.991
"EIF3I","RPL27",0.808
"EIF3I","CCT4",0.819
"EIF3I","RPS14",0.973
"EIF3I","RPS9",0.992
"EIF3I","RPL13A",0.852
"EIF3I","RPS19",0.983
"EIF3I","RPS16",0.987
"EIF3I","EIF6",0.807
"EIF3I","RPS6",0.983
"EIF3I","RPL30",0.806
"EIF3I","RPS4X",0.98
"NR5A1","PRKACG",0.937
"GHRH","GNB1",0.908
"LHX2","ROBO1",0.811
"KPNA6","NCBP1",0.723
"RPS4X","EIF1AX",0.962
"RPS4X","EIF4G1",0.848
"RPS4X","RPL39L",0.93
"RPS4X","RPL14",0.999
"RPS4X","BUD23",0.912
"RPS4X","MRPS14",0.821
"RPS4X","NOL7",0.817
"RPS4X","HMGN1",0.783
"RPS4X","EXOSC10",0.857
"RPS4X","EIF2S2",0.981
"RPS4X","DOCK4",0.859
"RPS4X","NOL10",0.922
"RPS4X","GSPT1",0.92
"RPS4X","RPL27",0.999
"RPS4X","CCT4",0.764
"RPS4X","DNTTIP2",0.921
"RPS4X","SEC61G",0.829
"RPS4X","EEF1D",0.815
"RPS4X","SNU13",0.972
"RPS4X","RPS14",0.999
"RPS4X","IFI35",0.835
"RPS4X","RCL1",0.924
"RPS4X","RPS9",0.999
"RPS4X","HMGN4",0.763
"RPS4X","RPL13A",0.998
"RPS4X","RPL23",0.999
"RPS4X","RPS19",0.999
"RPS4X","RPS16",0.999
"RPS4X","RPL10",0.997
"RPS4X","NGDN",0.922
"RPS4X","MRPS12",0.87
"RPS4X","MRPL2",0.837
"RPS4X","MRTO4",0.871
"RPS4X","UTP14A",0.911
"RPS4X","SECISBP2",0.808
"RPS4X","RPL37A",0.999
"RPS4X","RPL24",0.999
"RPS4X","RPS6",0.999
"RPS4X","UBA52",0.998
"RPS4X","BTF3",0.731
"RPS4X","RPL30",0.999
"RPS4X","PSMC2",0.706
"COL16A1","COL5A2",0.831
"CXCR3","IL6",0.759
"CXCR3","ARRB1",0.854
"CXCR3","CCL5",0.999
"CXCR3","CCL8",0.955
"CXCR3","CD8A",0.91
"CXCR3","IL10",0.804
"CXCR3","JAK2",0.754
"PEF1","SEC13",0.965
"PEF1","KLHL2",0.741
"PEF1","KEAP1",0.752
"SRSF3","SSB",0.821
"SRSF3","RBM7",0.862
"SRSF3","ILF3",0.87
"SRSF3","SNRNP70",0.912
"SRSF3","NXF3",0.7
"SRSF3","SRSF2",0.999
"SRSF3","NCBP1",0.727
"SRSF3","DDX17",0.729
"SRSF3","EIF4G1",0.707
"SRSF3","SRSF4",0.945
"OGT","PIK3CD",0.902
"NDUFA8","NDUFA3",0.999
"NDUFA8","HTATIP2",0.827
"NDUFA8","COX6C",0.842
"NDUFA8","SDHD",0.951
"NDUFA8","COX7C",0.947
"NDUFA8","NDUFB6",0.999
"NDUFA8","NDUFA13",0.999
"NDUFA8","NDUFB3",0.999
"NDUFA8","SDHB",0.952
"NDUFA8","NDUFB2",0.997
"SRSF4","SNRNP70",0.727
"SRSF4","NXF3",0.771
"SRSF4","SRSF2",0.962
"SRSF4","NCBP1",0.809
"GSN","PIP4K2A",0.91
"GSN","EPS8",0.883
"GSN","WAS",0.849
"SRPK1","SRSF2",0.994
"SRPK1","SNRNP70",0.939
"SRPK1","SF1",0.716
"TRNAU1AP","SECISBP2",0.922
"TRNAU1AP","SF1",0.788
"TRNAU1AP","NCBP1",0.77
"MED18","POLR2F",0.926
"MED18","H4C2",0.8
"MED18","POLR2B",0.947
"EYA3","H2AX",0.808
"TRAF1","TRAF3",0.826
"RPA2","XPA",0.995
"RPA2","XRCC5",0.758
"RPA2","PCNA",0.944
"RPA2","BRCA2",0.861
"RPA2","RFC3",0.772
"RPA2","CHEK1",0.925
"RPA2","BRCA1",0.881
"RPA2","H2AX",0.799
"RPA2","RFC4",0.788
"UBE2D1","BRCA1",0.973
"UBE2D1","UBA52",0.985
"UBE2D1","TRIP12",0.91
"UBE2D1","UBE2D2",0.943
"UBE2D1","RIGI",0.764
"STX12","STX2",0.703
"STX12","VAMP2",0.984
"ZWINT","TK1",0.898
"ZWINT","RACGAP1",0.925
"ZWINT","RFC4",0.758
"ZWINT","DDX17",0.78
"ZWINT","PTTG1",0.725
"ZWINT","CHEK1",0.722
"ZWINT","TRIM5",0.782
"DES","DSP",0.726
"MBL2","TLR4",0.72
"TLR4","RIGI",0.815
"TLR4","IRF3",0.947
"TLR4","IRF7",0.898
"TLR4","IFNB1",0.998
"TLR4","IL10",0.943
"TLR4","CCL5",0.82
"TLR4","CD8A",0.847
"TLR4","IL6",0.973
"TLR4","PIK3CD",0.934
"TLR4","JAK2",0.793
"TLR4","SYK",0.971
"TLR4","TRAF3",0.99
"PRKG1","CACNA1F",0.904
"FGR","PIK3CD",0.755
"FGR","SYK",0.807
"FGR","WAS",0.864
"GPR3","ARRB1",0.765
"SPDEF","AR",0.728
"SPDEF","AGR2",0.784
"NFS1","ISCA1",0.928
"OGDHL","SDHB",0.858
"SLC18A3","VAMP2",0.857
"GPN2","POLR2B",0.941
"POLE3","RFC4",0.718
"POLE3","MCM10",0.721
"POLE3","BAZ1A",0.999
"POLE3","RFC3",0.738
"PRPF4","SNRNP70",0.898
"PRPF4","SNU13",0.999
"IL2RG","IL6",0.832
"IL2RG","IFNA10",0.703
"IL2RG","IFNA2",0.722
"IL2RG","JAK2",0.958
"IL2RG","IFNB1",0.733
"IL2RG","IL10",0.895
"IL2RG","IFNA8",0.735
"IL2RG","CD8A",0.859
"FOXO4","TXN",0.813
"FOXO4","CSNK1E",0.905
"FOXO4","YWHAZ",0.869
"ZNF593","RPL13A",0.9
"ZNF593","RPL30",0.914
"ZNF593","RPL37A",0.889
"ZNF593","EIF6",0.991
"ZNF593","RPL27",0.901
"ZNF593","MRTO4",0.993
"ZNF593","GNL3",0.915
"ZNF593","RPL14",0.889
"ZNF593","RPL23",0.889
"ITPR3","CALML5",0.981
"ITPR3","PRKACG",0.968
"ITPR3","MICU2",0.729
"ITPR3","CALML4",0.979
"ITPR3","GRB2",0.74
"DLG3","NCALD",0.818
"UQCC1","BCS1L",0.712
"KIF4A","BRCA2",0.725
"KIF4A","CDCA3",0.927
"KIF4A","PTTG1",0.786
"KIF4A","KIFC1",0.776
"KIF4A","TK1",0.718
"KIF4A","RACGAP1",0.907
"KIF4A","MCM10",0.706
"KIF4A","CIT",0.809
"LPAR1","GNB1",0.937
"LPAR1","LPAR6",0.992
"EIF6","EBNA1BP2",0.989
"EIF6","RPL30",0.998
"EIF6","UBA52",0.976
"EIF6","RPS6",0.813
"EIF6","RPL24",0.995
"EIF6","RPL37A",0.995
"EIF6","MRPL2",0.863
"EIF6","MRTO4",0.995
"EIF6","RPS19",0.875
"EIF6","RPL23",0.997
"EIF6","RPS16",0.9
"EIF6","RPL10",0.928
"EIF6","IFI35",0.889
"EIF6","FTSJ3",0.981
"EIF6","SNU13",0.844
"EIF6","RPL13A",0.98
"EIF6","HMGN4",0.799
"EIF6","RPL27",0.989
"EIF6","GNL3",0.947
"EIF6","DOCK4",0.904
"EIF6","EIF2S2",0.729
"EIF6","EIF4G1",0.775
"EIF6","HMGN1",0.8
"EIF6","RPL39L",0.894
"EIF6","RPL14",0.996
"CNR2","GNB1",0.921
"FUCA1","ALPL",0.703
"PHF1","RBBP7",0.972
"TXN","GLRX",0.966
"TXN","SELENOT",0.84
"TXN","PRDX4",0.889
"TXN","KEAP1",0.771
"BMS1","RPS6",0.995
"BMS1","EXOSC8",0.883
"BMS1","EBNA1BP2",0.889
"BMS1","NGDN",0.998
"BMS1","RPS16",0.995
"BMS1","RPS19",0.983
"BMS1","MRTO4",0.889
"BMS1","UTP14A",0.998
"BMS1","MRPS12",0.845
"BMS1","DNTTIP2",0.996
"BMS1","POLR1B",0.852
"BMS1","RPS9",0.994
"BMS1","FTSJ3",0.963
"BMS1","RCL1",0.999
"BMS1","SNU13",0.995
"BMS1","RPS14",0.989
"BMS1","NOL7",0.805
"BMS1","BUD23",0.765
"BMS1","NOL10",0.999
"BMS1","EXOSC10",0.992
"BMS1","GNL3",0.849
"ID3","ID1",0.871
"EPB41L4B","PRKCZ",0.925
"HNRNPR","MATR3",0.714
"HNRNPR","ILF3",0.924
"HNRNPR","SSB",0.788
"HNRNPR","SNRNP70",0.84
"HNRNPR","SRSF2",0.711
"WDR46","RPS9",0.996
"WDR46","RCL1",0.997
"WDR46","FTSJ3",0.952
"WDR46","RPS14",0.991
"WDR46","SNU13",0.993
"WDR46","DNTTIP2",0.997
"WDR46","POLR1B",0.83
"WDR46","NOL10",0.999
"WDR46","EXOSC10",0.98
"WDR46","GNL3",0.747
"WDR46","NOL7",0.807
"WDR46","POLR1E",0.741
"WDR46","EXOSC8",0.847
"WDR46","EBNA1BP2",0.928
"WDR46","RPS6",0.994
"WDR46","UTP14A",0.999
"WDR46","MRTO4",0.968
"WDR46","MRPS12",0.836
"WDR46","NGDN",0.999
"WDR46","RPS16",0.982
"WDR46","RPS19",0.976
"HTR1D","MAOB",0.779
"HTR1D","GNB1",0.973
"RING1","KIFC1",0.711
"RING1","HDAC2",0.954
"RING1","H2AX",0.707
"RING1","BRCA1",0.917
"RING1","RBBP7",0.959
"RING1","BRCA2",0.739
"HSD17B8","CYP1A1",0.926
"HSD17B8","AKR1C3",0.936
"HSD17B8","KIFC1",0.82
"KLF4","SUMO1",0.735
"KLF4","HDAC2",0.949
"SLC39A7","KIFC1",0.862
"SLC39A7","BCS1L",0.825
"RXRB","KIFC1",0.746
"AR","KDM1A",0.996
"AR","KDM4C",0.823
"AR","SMARCA2",0.703
"AR","SUMO1",0.747
"AR","PRKACG",0.938
"AR","BRCA1",0.908
"FZD8","BAMBI",0.919
"AOX1","CYP1A1",0.941
"AOX1","MAOB",0.969
"COL11A2","COL5A2",0.904
"COL11A2","KIFC1",0.795
"PARD3","PRKCZ",0.999
"NCOA6","NOL10",0.789
"NCOA6","EXOSC10",0.809
"NCOA6","DNTTIP2",0.775
"NCOA6","RPS9",0.706
"NCOA6","RCL1",0.821
"NCOA6","SNU13",0.733
"NCOA6","NGDN",0.794
"LAS1L","FTSJ3",0.704
"ALPL","SPP1",0.721
"ALPL","GCH1",0.901
"PSMB9","PSMC2",0.963
"PSMB9","IFI35",0.736
"COL5A2","COL15A1",0.766
"COL5A2","POSTN",0.792
"PSMB8","IFI35",0.847
"PSMB8","PSMC2",0.972
"PSMB8","IRF9",0.747
"TEX10","RPL37A",0.733
"TEX10","RPL30",0.752
"TEX10","RPL23",0.706
"TEX10","RPL27",0.719
"TEX10","RCL1",0.727
"TEX10","RPL39L",0.708
"TEX10","RPL14",0.718
"TEX10","GNL3",0.851
"HLA-DQB1","CD8A",0.724
"EIF2S2","RPS9",0.991
"EIF2S2","RPS14",0.984
"EIF2S2","RPL27",0.772
"EIF2S2","RPL14",0.769
"EIF2S2","EIF4G1",0.978
"EIF2S2","EIF1AX",0.995
"EIF2S2","RPL30",0.71
"EIF2S2","RPS6",0.994
"EIF2S2","MRPS12",0.81
"EIF2S2","RPS16",0.994
"EIF2S2","RPS19",0.993
"APEX2","PCNA",0.71
"PFKFB1","PRKACG",0.927
"NOTCH4","YWHAZ",0.743
"NOTCH4","PBX2",0.738
"PBX2","SLC38A1",0.719
"PINK1","SQSTM1",0.979
"PINK1","UBA52",0.981
"PINK1","MAOB",0.743
"PINK1","EIF4G1",0.72
"PINK1","IMMT",0.734
"AGER","JAK2",0.92
"CDA","APOBEC3G",0.945
"CDA","TK1",0.921
"RNF5","UBE2D2",0.786
"OTUD3","RPL13A",0.72
"OTUD3","RPS9",0.83
"OTUD3","MRPL19",0.867
"OTUD3","RPL23",0.893
"OTUD3","MRPS12",0.817
"XPA","BRCA2",0.806
"XPA","XRCC5",0.867
"XPA","BRCA1",0.879
"XPA","HMGN1",0.907
"NCBP1","EIF4G1",0.991
"NCBP1","NUP160",0.796
"NCBP1","SNRNP70",0.958
"NCBP1","SRSF2",0.816
"NCBP1","POLR2B",0.809
"TSR2","EBNA1BP2",0.74
"TSR2","NGDN",0.861
"TSR2","MRTO4",0.805
"FKBPL","CDKN1A",0.876
"MRTO4","MRPS14",0.894
"MRTO4","HMGN1",0.83
"MRTO4","RPL39L",0.858
"MRTO4","BUD23",0.873
"MRTO4","RPL14",0.959
"MRTO4","EIF1AX",0.772
"MRTO4","NOL10",0.867
"MRTO4","MRPL19",0.982
"MRTO4","DOCK4",0.919
"MRTO4","EXOSC10",0.82
"MRTO4","GNL3",0.981
"MRTO4","POLR1B",0.872
"MRTO4","RPL27",0.953
"MRTO4","RPL13A",0.933
"MRTO4","HMGN4",0.829
"MRTO4","RPS9",0.95
"MRTO4","ATP5F1A",0.886
"MRTO4","IFI35",0.909
"MRTO4","FTSJ3",0.996
"MRTO4","RCL1",0.935
"MRTO4","EEF1D",0.707
"MRTO4","SNU13",0.906
"MRTO4","RPS14",0.901
"MRTO4","NGDN",0.702
"MRTO4","POLR2F",0.925
"MRTO4","RPS16",0.89
"MRTO4","RPL10",0.863
"MRTO4","RPS19",0.977
"MRTO4","RPL23",0.983
"MRTO4","MRPL2",0.891
"MRTO4","MRPS12",0.949
"MRTO4","RPS6",0.965
"MRTO4","UBA52",0.965
"MRTO4","RPL37A",0.971
"MRTO4","RPL24",0.981
"MRTO4","POLR2B",0.852
"MRTO4","POLR1E",0.893
"MRTO4","EBNA1BP2",0.998
"MRTO4","RPL30",0.98
"TMEM94","CDK5",0.765
"HABP4","RPL23",0.85
"HABP4","RPS19",0.855
"HABP4","RPS16",0.859
"HABP4","RPL10",0.796
"HABP4","RPL24",0.892
"HABP4","RPL37A",0.844
"HABP4","UBA52",0.842
"HABP4","RPS6",0.858
"HABP4","RPL30",0.852
"HABP4","RPL14",0.843
"HABP4","RPL27",0.824
"HABP4","RPS14",0.716
"HABP4","RPS9",0.864
"HABP4","RPL13A",0.768
"UBR4","CALML4",0.896
"UBR4","CALML5",0.898
"HSD17B3","AKR1C3",0.986
"UPF3A","EIF4G1",0.838
"UPF3A","GSPT1",0.795
"UPF3A","NXF3",0.907
"SIK3","YWHAZ",0.723
"G6PC2","CD8A",0.731
"KDM5C","HDAC2",0.876
"KDM5C","ATP5F1A",0.89
"NELFE","POLR2F",0.832
"NELFE","POLR2B",0.809
"CUL4A","POLR2F",0.897
"CUL4A","PCNA",0.808
"CUL4A","POLR2B",0.916
"CUL4A","CHEK1",0.865
"CUL4A","CDKN1A",0.724
"CUL4A","RBBP7",0.861
"RBM7","EXOSC8",0.944
"RBM7","ZFC3H1",0.822
"RBM7","SF1",0.894
"RBM7","EXOSC10",0.912
"SDHB","NDUFA13",0.839
"SDHB","NDUFB3",0.762
"SDHB","NDUFB6",0.859
"SDHB","COX7C",0.704
"SDHB","SDHD",0.999
"SDHB","ATP5F1A",0.949
"ASPN","POSTN",0.83
"SDHD","NDUFB6",0.804
"SDHD","ATP5F1A",0.761
"IARS1","EEF1E1",0.996
"HSPA1B","DNAJB14",0.733
"HSPA1B","HSPA2",0.873
"HSPA1B","DNAJA1",0.984
"HSPA1A","EIF4G1",0.832
"HSPA1A","DNAJA1",0.956
"HSPA1L","DNAJB14",0.741
"HSPA1L","DNAJA1",0.96
"LSM2","SNU13",0.993
"LSM2","SNRNP70",0.935
"VARS1","POLR2B",0.843
"VARS1","EEF1D",0.978
"VARS1","POLR1B",0.845
"ASXL1","HDAC2",0.917
"ASXL1","SRSF2",0.889
"ASXL1","RBBP7",0.911
"ASXL1","JAK2",0.881
"MSH5","BRCA2",0.72
"MSH5","BRCA1",0.711
"KIF3B","PKP4",0.74
"SYK","CD8A",0.96
"SYK","LAT",0.978
"SYK","HCK",0.934
"SYK","GRB2",0.986
"SYK","JAK2",0.851
"SYK","PIK3CD",0.976
"SYK","CBLB",0.96
"ING1","HDAC2",0.985
"ING1","RBBP7",0.972
"SECISBP2","RPL30",0.939
"SECISBP2","RPL37A",0.809
"SECISBP2","RPL24",0.806
"SECISBP2","RPS6",0.813
"SECISBP2","UBA52",0.81
"SECISBP2","SELENOT",0.873
"SECISBP2","RPS19",0.81
"SECISBP2","RPL23",0.817
"SECISBP2","RPL10",0.817
"SECISBP2","RPS16",0.806
"SECISBP2","RPS14",0.821
"SECISBP2","RPS9",0.821
"SECISBP2","RPL13A",0.809
"SECISBP2","RPL27",0.807
"SECISBP2","RPL14",0.816
"CKS2","CDKN1A",0.776
"CKS2","PTTG1",0.888
"SHC3","HCK",0.918
"SHC3","GRB2",0.987
"SHC3","JAK2",0.913
"SHC3","NTRK1",0.975
"HCK","WAS",0.879
"HCK","JAK2",0.842
"HCK","PIK3CD",0.77
"HCK","GRB2",0.753
"IRS2","NTRK1",0.788
"IRS2","PRKCZ",0.943
"IRS2","JAK2",0.979
"IRS2","PIK3CD",0.932
"IRS2","GRB2",0.999
"IRS2","YWHAZ",0.74
"ISCA1","GLRX",0.717
"AIF1","IL6",0.777
"AIF1","IL10",0.705
"BCL2L1","IL6",0.809
"BCL2L1","JAK2",0.763
"BCL2L1","CDKN1A",0.704
"BCL2L1","CD8A",0.726
"ABI1","EPS8",0.999
"ABI1","GRB2",0.73
"ABI1","WAS",0.894
"FOXP3","IDO1",0.879
"FOXP3","IL6",0.913
"FOXP3","CD8A",0.948
"FOXP3","IL10",0.955
"HLA-C","CD8A",0.994
"TNFRSF1B","IL10",0.843
"TNFRSF1B","IL6",0.847
"TNFRSF1B","KRT18",0.941
"TNFRSF1B","TRAF3",0.928
"GAD2","VAMP2",0.799
"GAD2","CD8A",0.701
"CACNA1F","FKBP1A",0.725
"CACNA1F","HSPA2",0.72
"CACNA1F","PRKACG",0.914
"CACNA1F","CATSPERG",0.749
"HNRNPK","SNRNP70",0.855
"HNRNPK","XRCC5",0.744
"HNRNPK","SRSF2",0.924
"HNRNPK","MATR3",0.923
"HNRNPK","SSB",0.786
"HNRNPK","ILF3",0.936
"HNRNPK","SUMO1",0.702
"HNRNPK","SF1",0.832
"HNRNPK","DDX17",0.822
"PLP2","IRF3",0.701
"FLOT1","CD9",0.871
"FLOT1","FLOT2",0.993
"MDC1","CHEK1",0.94
"MDC1","H2AX",0.999
"MDC1","BRCA1",0.999
"MDC1","SMARCD1",0.718
"MDC1","XRCC5",0.887
"MDC1","BRCA2",0.857
"MDC1","SUMO1",0.721
"GPR183","GNB1",0.8
"DHX16","SNU13",0.931
"NPPA","PRKACG",0.715
"MSRB2","CBS",0.721
"STK24","PDCD10",0.999
"STK24","CCT4",0.994
"STK24","STK26",0.998
"CTTN","WAS",0.996
"CTTN","GRB2",0.854
"CTTN","ITSN1",0.744
"CTTN","CTNND1",0.87
"PIP4K2A","PIK3CD",0.924
"MTHFR","MTHFD2",0.993
"MTHFR","CBS",0.956
"PSAT1","MTHFD2",0.763
"HDAC6","HDAC2",0.741
"HDAC6","SQSTM1",0.979
"HDAC6","APOBEC3G",0.918
"HDAC6","H2AX",0.762
"HDAC6","NDE1",0.749
"HDAC6","CDKN1A",0.775
"HDAC6","UBA52",0.94
"GNL1","GNL3",0.756
"GNL1","EBNA1BP2",0.751
"GNA14","GNB1",0.848
"HLA-E","CD8A",0.999
"HLA-E","IRF9",0.701
"BMI1","KDM1A",0.77
"BMI1","HDAC2",0.977
"BMI1","H2AX",0.874
"BMI1","RBBP7",0.964
"BMI1","BRCA1",0.97
"BMI1","XRCC5",0.741
"BMI1","BRCA2",0.78
"GATA1","HBB",0.719
"GATA1","GYPB",0.818
"WAS","ITSN1",0.924
"WAS","GRB2",0.995
"WAS","FCHSD2",0.83
"HLA-G","IDO1",0.774
"HLA-G","CD8A",0.998
"MOG","IL10",0.772
"ANXA1","CD9",0.737
"ANXA1","YWHAZ",0.795
"EXOSC10","RPS19",0.911
"EXOSC10","RPS16",0.901
"EXOSC10","SNRNP70",0.838
"EXOSC10","ZFC3H1",0.968
"EXOSC10","UTP14A",0.99
"EXOSC10","RPS6",0.95
"EXOSC10","RPL30",0.705
"EXOSC10","EXOSC8",0.999
"EXOSC10","RPL14",0.708
"EXOSC10","NOL7",0.833
"EXOSC10","GNL3",0.743
"EXOSC10","DNTTIP2",0.945
"EXOSC10","RPS14",0.927
"EXOSC10","SNU13",0.948
"EXOSC10","RCL1",0.966
"EXOSC10","RPS9",0.941
"DNAJC1","SERPINA3",0.812
"ELK1","SUMO1",0.735
"GABBR1","GNB1",0.952
"CNNM4","CBS",0.839
"SPRY2","GRB2",0.987
"THBD","CD8A",0.734
"TRPM3","GNB1",0.911
"PRKACG","CSNK1D",0.916
"PRKACG","GNB1",0.729
"PRKACG","CALML5",0.992
"PRKACG","CALML4",0.992
"PRKACG","CSNK1E",0.914
"FTL","TFRC",0.921
"PIK3CD","PRKCZ",0.916
"PIK3CD","IMMT",0.803
"PIK3CD","NTRK1",0.922
"PIK3CD","JAK2",0.938
"PIK3CD","CBLB",0.908
"SF1","FKBP2",0.774
"SF1","DDX17",0.859
"SF1","ILF3",0.729
"SF1","SNRNP70",0.867
"H2BC13","HDAC2",0.77
"H2BC13","H4C2",0.765
"H2BC13","BRCA1",0.795
"H2BC13","H2AX",0.75
"KCTD12","GNB1",0.903
"STAM","ARRB1",0.79
"STAM","JAK2",0.974
"STAM","UBA52",0.964
"HMGN4","MRPS14",0.782
"HMGN4","RPL14",0.823
"HMGN4","MRPL19",0.91
"HMGN4","DOCK4",0.739
"HMGN4","RPL27",0.814
"HMGN4","POLR1B",0.769
"HMGN4","RPL13A",0.834
"HMGN4","RPS9",0.901
"HMGN4","IFI35",0.813
"HMGN4","RPS14",0.82
"HMGN4","RPL10",0.738
"HMGN4","RPS16",0.89
"HMGN4","RPL23",0.939
"HMGN4","RPS19",0.933
"HMGN4","MRPL2",0.775
"HMGN4","MRPS12",0.86
"HMGN4","UBA52",0.911
"HMGN4","RPS6",0.924
"HMGN4","RPL24",0.917
"HMGN4","RPL37A",0.925
"HMGN4","POLR2B",0.776
"HMGN4","RPL30",0.906
"DNAJC11","IMMT",0.984
"UCHL3","UBA52",0.985
"POLR3F","POLR1B",0.838
"POLR3F","POLR1E",0.715
"POLR3F","POLR2B",0.856
"POLR3F","POLR2F",0.998
"TBC1D4","YWHAZ",0.925
"TBC1D4","YWHAQ",0.782
"KLHL21","KEAP1",0.914
"KLHL21","KLHL2",0.738
"HIF3A","CA9",0.718
"KLF5","SUMO1",0.758
"ALDH1B1","MAOB",0.941
"H2BC10","H4C2",0.977
"H2BC10","UBA52",0.916
"H2BC10","SMARCD1",0.817
"H4C2","POLR2B",0.883
"H4C2","H2AX",0.96
"H4C2","UBA52",0.865
"H4C2","SMARCD1",0.846
"H4C2","POLR2F",0.881
"DIS3","EXOSC8",0.999
"DIS3","ZFC3H1",0.957
"H3C4","H2AX",0.932
"H3C4","SMARCD1",0.841
"H3C4","UBA52",0.939
"POLR1E","GNL3",0.725
"POLR1E","POLR1B",0.999
"POLR1E","UTP14A",0.825
"POLR1E","POLR2F",0.999
"POLR1E","POLR2B",0.801
"POLR1E","EBNA1BP2",0.848
"H4C3","POLR2F",0.884
"H4C3","POLR2B",0.883
"H4C3","SMARCD1",0.846
"H4C3","UBA52",0.87
"H4C3","H2AX",0.955
"SLC3A2","CD9",0.75
"KDM6A","POLR2B",0.779
"KDM6A","RBBP7",0.738
"KDM6A","H2AX",0.731
"KDM6A","ATP5F1A",0.913
"KDM6A","KDM1A",0.82
"KDM6A","KDM4C",0.761
"ACTR2","GRB2",0.823
"ACTR2","ITSN1",0.735
"AHNAK","FKBP2",0.783
"CKAP2","RACGAP1",0.703
"MAOB","DDC",0.987
"MAOB","IDO1",0.936
"ITGA8","SPP1",0.904
"KCNAB2","PRKCZ",0.783
"TAF2","POLR2B",0.955
"TAF2","POLR2F",0.902
"TDP2","SUMO1",0.795
"TDP2","UBA52",0.9
"KIAA0319","ROBO1",0.773
"KIAA0319","MRPL19",0.727
"LRRC47","RPS19",0.846
"LRRC47","RPS16",0.899
"LRRC47","RPS6",0.843
"LRRC47","RPS14",0.87
"LRRC47","RPS9",0.874
"DCLRE1C","BRCA1",0.779
"DCLRE1C","XRCC5",0.998
"DCLRE1C","BRCA2",0.714
"DCLRE1C","KDM1A",0.903
"HSPA14","DNAJA1",0.77
"PAK5","ROBO1",0.922
"BCOR","BRCA2",0.729
"BCOR","BRCA1",0.904
"NUP160","SEC13",0.999
"NUP160","SEH1L",0.999
"PLCB4","CALML4",0.708
"PLCB4","GNB1",0.702
"PLCB4","CALML5",0.718
"LIG3","PCNA",0.916
"LIG3","XRCC5",0.964
"LIG3","RACGAP1",0.855
"RPS16","DOCK4",0.977
"RPS16","NOL10",0.97
"RPS16","MRPL19",0.969
"RPS16","EIF1AX",0.991
"RPS16","EIF4G1",0.911
"RPS16","RPL39L",0.979
"RPS16","BUD23",0.89
"RPS16","RPL14",0.999
"RPS16","MRPS14",0.839
"RPS16","HMGN1",0.891
"RPS16","NOL7",0.812
"RPS16","EEF1D",0.711
"RPS16","RPS14",0.999
"RPS16","SNU13",0.992
"RPS16","RCL1",0.982
"RPS16","IFI35",0.977
"RPS16","RPS9",0.999
"RPS16","ATP5F1A",0.837
"RPS16","RPL13A",0.999
"RPS16","GSPT1",0.919
"RPS16","CCT4",0.737
"RPS16","RPL27",0.999
"RPS16","POLR1B",0.767
"RPS16","DNTTIP2",0.971
"RPS16","CSNK1D",0.801
"RPS16","SEC61G",0.934
"RPS16","MRPS12",0.895
"RPS16","MRPL2",0.838
"RPS16","UTP14A",0.978
"RPS16","RPS19",0.999
"RPS16","RPL23",0.999
"RPS16","RPL10",0.999
"RPS16","CSNK1E",0.801
"RPS16","NGDN",0.971
"RPS16","POLR2F",0.797
"RPS16","RPL30",0.999
"RPS16","IFRD1",0.755
"RPS16","EBNA1BP2",0.717
"RPS16","POLR2B",0.835
"RPS16","RPL24",0.999
"RPS16","RPL37A",0.999
"RPS16","UBA52",0.999
"RPS16","RPS6",0.999
"RPS16","BTF3",0.813
"PRKCZ","SUMO1",0.919
"PRKCZ","SQSTM1",0.995
"PRKCZ","PPP2R2B",0.91
"CCL7","IL6",0.755
"CCL7","IL10",0.803
"CYBB","IL6",0.708
"GNB1","CCL5",0.8
"GNB1","CGA",0.813
"FANCG","BRCA2",0.997
"FANCG","BRCA1",0.939
"COX7A2L","COX7C",0.977
"COX7A2L","COX6C",0.951
"UQCRQ","COX6C",0.998
"UQCRQ","SLIRP",0.749
"UQCRQ","NDUFA3",0.971
"UQCRQ","ATP5PF",0.904
"UQCRQ","NDUFB6",0.988
"UQCRQ","COX7C",0.999
"UQCRQ","NDUFB3",0.985
"UQCRQ","NDUFA13",0.995
"UQCRQ","NDUFB2",0.956
"UQCRQ","APOBEC3G",0.76
"UQCRQ","BCS1L",0.974
"ZFC3H1","EXOSC8",0.94
"OPTN","TFRC",0.921
"OPTN","TBC1D15",0.759
"OPTN","SQSTM1",0.994
"RAD50","H2AX",0.934
"RAD50","BRCA1",0.999
"RAD50","BRCA2",0.759
"RAD50","XRCC5",0.806
"BMP2","SPP1",0.921
"DVL1","CSNK1E",0.957
"DVL1","CSNK1D",0.904
"NPHS1","GRB2",0.793
"NPHS1","FAT1",0.932
"NR0B1","RPL30",0.725
"NR0B1","RPL24",0.72
"NR0B1","GK",0.747
"CNTFR","IL6",0.908
"CNTFR","JAK2",0.769
"POLA1","RFC3",0.851
"POLA1","PCNA",0.987
"POLA1","MCM10",0.923
"POLA1","RFC4",0.846
"CD83","IL6",0.742
"CD83","CD8A",0.726
"CD83","IL10",0.823
"NUDT2","GCH1",0.873
"PCNA","XRCC5",0.824
"PCNA","UBA52",0.961
"PCNA","CDKN1A",0.999
"PCNA","RFC3",0.999
"PCNA","CHEK1",0.757
"PCNA","CDK5",0.784
"PCNA","SUMO3",0.831
"PCNA","SUMO1",0.881
"PCNA","RFC4",0.999
"NUFIP1","SNU13",0.965
"MCUR1","MICU2",0.998
"APOO","IMMT",0.999
"TNFRSF4","IL6",0.703
"TNFRSF4","CD8A",0.797
"DNAJC2","HSPA2",0.783
"GATA3","HDAC2",0.844
"GATA3","CD8A",0.745
"GATA3","IL10",0.759
"GATA3","BRCA1",0.77
"SLC23A2","MATR3",0.839
"EDN1","IL6",0.765
"E2F4","CDKN1A",0.896
"E2F4","BRCA1",0.742
"ASPH","CALML5",0.754
"ASPH","FKBP1A",0.737
"ASPH","CALML4",0.754
"WBP4","SNU13",0.981
"SNX2","TGOLN2",0.79
"NFX1","RPS19",0.703
"FOXO1","IL6",0.736
"FOXO1","CSNK1E",0.912
"FOXO1","YWHAZ",0.925
"FOXO1","YWHAQ",0.842
"FOXO1","CDKN1A",0.818
"FOXO1","IRF3",0.749
"PAK1IP1","EBNA1BP2",0.915
"PAK1IP1","GNL3",0.774
"PAK1IP1","FTSJ3",0.712
"PAK1IP1","DNTTIP2",0.712
"EIF1AX","RPS6",0.975
"EIF1AX","RPS19",0.974
"EIF1AX","RPL23",0.945
"EIF1AX","RPL10",0.858
"EIF1AX","MRPS12",0.942
"EIF1AX","MRPL2",0.772
"EIF1AX","RPS14",0.987
"EIF1AX","RPS9",0.991
"EIF1AX","RPL13A",0.853
"EIF1AX","EIF4G1",0.932
"EIF1AX","MRPS14",0.883
"TRPC3","CALML5",0.886
"TRPC3","FKBP1A",0.806
"TRPC3","CALML4",0.861
"EXOSC9","SNU13",0.733
"EXOSC9","RCL1",0.815
"EXOSC9","NOL10",0.712
"EXOSC9","EXOSC8",0.999
"EXOSC9","UTP14A",0.748
"EEF1E1","EEF1D",0.807
"POSTN","SPP1",0.704
"POSTN","SERPINB2",0.853
"DNAJA1","HSPA2",0.921
"DSP","PKP4",0.949
"DSP","CTNND1",0.808
"DSP","KRT18",0.957
"SIN3B","HDAC2",0.999
"SIN3B","RBBP7",0.998
"SIN3B","IFRD1",0.769
"PDHA1","IMMT",0.859
"PDHA1","ATP5F1A",0.822
"PDHA1","BCS1L",0.708
"APTX","XRCC5",0.802
"NDUFB6","ATP5PF",0.984
"NDUFB6","COX7C",0.974
"NDUFB6","COX6C",0.89
"NDUFB6","NDUFA3",0.999
"NDUFB6","NDUFB2",0.997
"NDUFB6","NDUFB3",0.999
"NDUFB6","NDUFA13",0.999
"RIGI","UBA52",0.939
"RIGI","MX1",0.971
"RIGI","OAS1",0.944
"RIGI","TRAF3",0.986
"RIGI","IRF9",0.866
"RIGI","TRIM5",0.821
"RIGI","DDX60",0.992
"RIGI","SQSTM1",0.745
"RIGI","IL6",0.738
"RIGI","TRIM22",0.718
"RIGI","IFNA2",0.853
"RIGI","IFNB1",0.961
"RIGI","IFI35",0.861
"RIGI","CCL5",0.772
"RIGI","RSAD2",0.953
"RIGI","SAMD9",0.882
"RIGI","IRF3",0.99
"RIGI","IRF7",0.99
"ARIH1","UBA52",0.909
"RREB1","KDM1A",0.88
"PHKA2","CALML4",0.918
"PHKA2","CALML5",0.92
"SAMD9","OAS1",0.758
"SAMD9","DDX60",0.893
"SAMD9","RSAD2",0.858
"IL2RA","CD8A",0.943
"IL2RA","IFNA8",0.711
"IL2RA","JAK2",0.879
"IL2RA","IL10",0.972
"IL2RA","IFNB1",0.778
"IL2RA","IFNA2",0.793
"IL2RA","IFNA10",0.716
"IL2RA","IL6",0.953
"IL2RA","IL18R1",0.701
"TRIM22","DDX60",0.762
"TRIM22","MX1",0.713
"TRIM5","SUMO1",0.744
"TRIM5","UBE2D2",0.851
"TRIM5","APOBEC3G",0.929
"TEK","GRB2",0.853
"TEK","IL6",0.726
"MPV17","IMMT",0.85
"CDK14","CDKN1A",0.782
"RPP40","RPS14",0.825
"RPP40","RPS9",0.807
"RPP40","CSNK1D",0.813
"RPP40","CSNK1E",0.81
"RPP40","RPS6",0.81
"RFC3","RFC4",0.999
"RFC3","MCM10",0.826
"RFC3","BRCA2",0.723
"RFC3","BRCA1",0.75
"RFC3","CHEK1",0.858
"RBBP7","KDM1A",0.979
"RBBP7","HDAC2",0.999
"RBBP7","H2AX",0.712
"RBBP7","BRCA1",0.93
"ITPA","GCH1",0.943
"BRCA2","KEAP1",0.773
"BRCA2","XRCC5",0.89
"BRCA2","H2AX",0.973
"BRCA2","BRCA1",0.999
"BRCA2","LSP1",0.706
"BRCA2","CHEK1",0.963
"S100G","CALML5",0.786
"S100G","CALML4",0.787
"IFNA8","JAK2",0.821
"IFNA8","IFNB1",0.763
"IFNA8","IRF9",0.729
"IFNA8","IRF7",0.775
"IFNA8","IRF3",0.819
"IFNA2","IL6",0.903
"IFNA2","IRF3",0.903
"IFNA2","IRF7",0.959
"IFNA2","IFNB1",0.798
"IFNA2","IL10",0.89
"IFNA2","MX1",0.748
"IFNA2","JAK2",0.828
"IFNA2","IRF9",0.874
"IFNA2","CD8A",0.759
"IFNA6","IRF3",0.846
"IFNA6","IRF7",0.846
"IFNA6","IFNB1",0.725
"IFNA6","JAK2",0.821
"IFNA6","IRF9",0.729
"IFNA16","IRF7",0.77
"IFNA16","IRF3",0.76
"IFNA16","IFNA10",0.999
"IFNA16","JAK2",0.821
"IFNA16","IFNB1",0.788
"IFNA16","IRF9",0.72
"IFNA10","JAK2",0.821
"IFNA10","IFNB1",0.762
"IFNA10","IRF9",0.725
"IFNA10","IRF7",0.774
"IFNA10","IRF3",0.76
"IFNA21","JAK2",0.821
"IFNA21","IFNB1",0.766
"IFNA21","IRF9",0.723
"IFNA21","IRF7",0.774
"IFNA21","IRF3",0.761
"IFNB1","IRF7",0.978
"IFNB1","IL6",0.922
"IFNB1","IRF3",0.985
"IFNB1","IFITM3",0.752
"IFNB1","CD8A",0.771
"IFNB1","CCL5",0.78
"IFNB1","TRAF3",0.962
"IFNB1","IRF9",0.955
"IFNB1","RSAD2",0.841
"IFNB1","IL10",0.809
"IFNB1","JAK2",0.845
"IFNB1","MX1",0.821
"IFNB1","OAS1",0.749
"BCL7C","SMARCD1",0.995
"BCL7C","SMARCA2",0.993
"USP3","UBA52",0.705
"CALML5","YWHAZ",0.809
"CALML5","JAK2",0.795
"CALML5","CALML4",0.964
"CALML5","FKBP1A",0.992
"CALML5","CBS",0.755
"MLLT3","POLR2B",0.704
"TUBB2A","CCT4",0.917
"CHD3","HDAC2",0.999
"CHD3","SUMO1",0.805
"CHD3","KDM1A",0.941
"PTPRA","GRB2",0.974
"RPS6","IFRD1",0.753
"RPS6","RPL30",0.999
"RPS6","EBNA1BP2",0.702
"RPS6","PSMC2",0.701
"RPS6","RPL24",0.999
"RPS6","RPL37A",0.999
"RPS6","BTF3",0.805
"RPS6","UBA52",0.999
"RPS6","MRPS12",0.981
"RPS6","UTP14A",0.984
"RPS6","MRPL2",0.958
"RPS6","RPS19",0.999
"RPS6","RPL23",0.999
"RPS6","RPL10",0.999
"RPS6","CSNK1E",0.82
"RPS6","NGDN",0.991
"RPS6","RPS14",0.999
"RPS6","SNU13",0.997
"RPS6","EEF1D",0.923
"RPS6","RCL1",0.99
"RPS6","IFI35",0.969
"RPS6","RPS9",0.999
"RPS6","RPL13A",0.999
"RPS6","RPL27",0.999
"RPS6","GSPT1",0.927
"RPS6","FKBP1A",0.78
"RPS6","DNTTIP2",0.979
"RPS6","SEC61G",0.84
"RPS6","CSNK1D",0.819
"RPS6","DOCK4",0.979
"RPS6","NOL10",0.981
"RPS6","EIF4G1",0.975
"RPS6","BUD23",0.942
"RPS6","RPL14",0.999
"RPS6","RPL39L",0.954
"RPS6","HMGN1",0.931
"RPS6","NOL7",0.82
"RPS6","MRPS14",0.943
"TUBAL3","HTATIP2",0.769
"AKR1C4","AKR1C3",0.883
"PIGA","JCHAIN",0.759
"GEMIN8","SNRNP70",0.801
"CARS1","EEF1D",0.806
"RRAGA","SEH1L",0.814
"RRAGA","SEC13",0.804
"AKR1C3","CYP1A1",0.935
"BTF3","RPS19",0.907
"BTF3","RPL23",0.955
"BTF3","RPL10",0.972
"BTF3","RPL24",0.984
"BTF3","RPL37A",0.962
"BTF3","UBA52",0.891
"BTF3","RPL30",0.993
"BTF3","RPL14",0.965
"BTF3","RPL27",0.959
"BTF3","RPS14",0.829
"BTF3","RPL13A",0.946
"SH3GL2","CBLB",0.8
"SH3GL2","VAMP2",0.711
"SH3GL2","PICALM",0.727
"SH3GL2","ADAM9",0.764
"SH3GL2","GRB2",0.707
"SH3GL2","SNAP91",0.913
"ATXN3L","UBA52",0.94
"BNIP3L","SQSTM1",0.854
"TLR7","IL10",0.782
"TLR7","CD8A",0.782
"TLR7","IRF3",0.886
"TLR7","IRF7",0.96
"TLR7","TRAF3",0.783
"TLR7","IL6",0.888
"BNC2","SRSF2",0.772
"UBL3","SUMO1",0.8
"PDE4A","ARRB1",0.952
"HMGN1","RPL14",0.839
"HMGN1","MRPS14",0.779
"HMGN1","DOCK4",0.739
"HMGN1","MRPL19",0.91
"HMGN1","POLR1B",0.771
"HMGN1","RPL27",0.82
"HMGN1","RPS9",0.903
"HMGN1","RPL13A",0.844
"HMGN1","RPS14",0.824
"HMGN1","IFI35",0.817
"HMGN1","RPL10",0.743
"HMGN1","RPL23",0.94
"HMGN1","RPS19",0.934
"HMGN1","MRPL2",0.774
"HMGN1","MRPS12",0.831
"HMGN1","RPL37A",0.925
"HMGN1","RPL24",0.924
"HMGN1","UBA52",0.904
"HMGN1","POLR2B",0.786
"HMGN1","RPL30",0.909
"TAF9","RPS14",0.79
"TAF9","POLR2F",0.901
"TAF9","POLR2B",0.914
"SNAPC3","POLR2F",0.768
"RABGEF1","UBA52",0.924
"POMP","PSMC2",0.731
"AKR1C1","CYP1A1",0.939
"CER1","TYRP1",0.719
"IRF4","IL10",0.755
"FKBP1B","CALML4",0.947
"DUT","TK1",0.752
"IGFBP3","IL6",0.733
"RCAN1","CALML4",0.735
"SDC1","CCL5",0.708
"MIS12","TF",0.78
"TH","DDC",0.995
"TH","YWHAZ",0.878
"TH","GCH1",0.935
"NOP56","EBNA1BP2",0.983
"NOP56","EXOSC8",0.818
"NOP56","NGDN",0.994
"NOP56","RPS19",0.987
"NOP56","UTP14A",0.998
"NOP56","MRPS12",0.849
"NOP56","DNTTIP2",0.989
"NOP56","POLR1B",0.86
"NOP56","CCT4",0.701
"NOP56","RPS9",0.991
"NOP56","RCL1",0.993
"NOP56","FTSJ3",0.962
"NOP56","RPS14",0.99
"NOP56","SNU13",0.999
"NOP56","NOL7",0.823
"NOP56","NOL10",0.996
"NOP56","DOCK4",0.81
"NOP56","GNL3",0.964
"POLR2B","POLR2F",0.999
"POLR2B","SNRNP70",0.886
"POLR2B","RPL10",0.785
"POLR2B","RPL23",0.927
"POLR2B","MRPL2",0.812
"POLR2B","MRPS12",0.827
"POLR2B","CBS",0.82
"POLR2B","POLR1B",0.71
"POLR2B","RPL13A",0.776
"POLR2B","RPS9",0.867
"POLR2B","ATP5F1A",0.813
"POLR2B","RPS14",0.773
"POLR2B","MRPS14",0.876
"POLR2B","MRPL19",0.828
"SLC39A14","TFRC",0.785
"IL6ST","IL6",0.999
"IL6ST","GRB2",0.956
"IL6ST","IL10",0.81
"IL6ST","JAK2",0.993
"KDM4C","KDM1A",0.924
"ADARB2","SRSF2",0.724
"ITSN1","VAMP2",0.799
"ITSN1","NECAP2",0.914
"ITSN1","SNAP91",0.922
"ITSN1","FCHSD2",0.938
"ITSN1","AAK1",0.704
"ITSN1","EPS15L1",0.955
"ITSN1","PICALM",0.763
"GLDC","MTHFD2",0.972
"ITPR2","CALML4",0.939
"CCP110","CCNF",0.984
"CCP110","CALML4",0.702
"IL33","IL10",0.793
"IL33","IL6",0.798
"IL33","IL18R1",0.895
"MLANA","PMEL",0.99
"MLANA","TYRP1",0.902
"MLANA","DCT",0.921
"MLANA","MITF",0.741
"MYBBP1A","POLR1B",0.947
"MYBBP1A","FTSJ3",0.872
"MYBBP1A","NOL10",0.83
"ZMYND11","TRAF3",0.779
"JAK2","CALML4",0.791
"JAK2","SH2B2",0.831
"JAK2","GRB2",0.987
"JAK2","SRSF2",0.7
"JAK2","IL6",0.995
"JAK2","IL10",0.838
"NOL10","GNL3",0.713
"NOL10","NOL7",0.867
"NOL10","SNU13",0.991
"NOL10","RPS14",0.955
"NOL10","FTSJ3",0.88
"NOL10","RCL1",0.991
"NOL10","RPS9",0.979
"NOL10","POLR1B",0.873
"NOL10","DNTTIP2",0.993
"NOL10","MRPS12",0.761
"NOL10","UTP14A",0.998
"NOL10","RPS19",0.901
"NOL10","NGDN",0.999
"NOL10","EBNA1BP2",0.849
"HMG20A","HDAC2",0.919
"HMG20A","KDM1A",0.9
"RCL1","UTP14A",0.994
"RCL1","RPS19",0.987
"RCL1","NGDN",0.998
"RCL1","EXOSC8",0.793
"RCL1","BUD23",0.795
"RCL1","NOL7",0.805
"RCL1","SNU13",0.989
"RCL1","RPS14",0.98
"RCL1","RPS9",0.99
"RCL1","DNTTIP2",0.993
"GART","MTHFD2",0.999
"GART","RPL10",0.71
"GART","RPS19",0.802
"GART","GCH1",0.765
"GART","CRISP3",0.831
"YWHAQ","CSNK1E",0.908
"YWHAQ","YWHAZ",0.988
"YWHAQ","KRT18",0.732
"YWHAQ","CSNK1D",0.912
"CENPJ","BRCA1",0.92
"CENPJ","NDE1",0.769
"RFC1","RFC4",0.999
"RFC1","BRCA1",0.802
"RFC1","XRCC5",0.727
"TNK2","GRB2",0.983
"ANGPT4","NTRK1",0.821
"C4orf19","PDCD10",0.861
"C4orf19","STK26",0.827
"GPNMB","TYRP1",0.815
"IFNGR2","IRF9",0.703
"RFX3","RPL30",0.848
"RAD1","CHEK1",0.775
"RAD1","BRCA1",0.778
"RAD1","RFC4",0.982
"RSAD2","IRF7",0.915
"RSAD2","IRF3",0.74
"RSAD2","IFITM3",0.744
"RSAD2","LY6E",0.724
"RSAD2","DDX60",0.911
"RSAD2","IFI35",0.845
"RSAD2","IFI27",0.958
"RSAD2","IRF9",0.924
"RSAD2","MX1",0.983
"RSAD2","OAS1",0.967
"TP53BP1","CHEK1",0.992
"TP53BP1","H2AX",0.999
"TP53BP1","CDKN1A",0.721
"TP53BP1","BRCA1",0.999
"TP53BP1","UBA52",0.947
"TP53BP1","XRCC5",0.909
"TP53BP1","KDM1A",0.822
"TP53BP1","SUMO1",0.905
"SMARCA2","HDAC2",0.8
"SMARCA2","SMARCD1",0.999
"SMARCA2","BRCA1",0.709
"SMARCA2","H2AX",0.748
"SMARCA2","APOBEC3G",0.752
"SMARCA2","BAZ1A",0.862
"CDH18","CTNND1",0.703
"FGF9","NTRK1",0.887
"FGF9","MICU2",0.763
"FGF9","IL6",0.703
"FGF9","GRB2",0.771
"NOP2","FTSJ3",0.997
"NOP2","POLR1B",0.879
"NOP2","RPL27",0.808
"NOP2","GNL3",0.966
"NOP2","BUD23",0.766
"NOP2","RPL14",0.855
"NOP2","RPL30",0.903
"NOP2","EBNA1BP2",0.997
"NOP2","UTP14A",0.866
"NOP2","RPL23",0.809
"ARHGAP5","CTNND1",0.746
"CD9","TFRC",0.825
"CHEK2","BRCA1",0.999
"CHEK2","CDKN1A",0.761
"CHEK2","H2AX",0.957
"CHEK2","CHEK1",0.971
"CHEK2","PPP2R2B",0.809
"CHEK2","XRCC5",0.855
"CHEK2","RFC4",0.717
"PSME1","UBA52",0.723
"PSME1","IRF9",0.743
"PSME1","PSMC2",0.702
"BET1L","VAMP2",0.72
"NSD2","HDAC2",0.706
"NSD2","BRCA1",0.796
"METTL17","MRPS12",0.965
"METTL17","MRPS14",0.94
"TBL1Y","TBL1XR1",0.999
"STAG1","BRCA1",0.753
"RALBP1","AAK1",0.844
"GTPBP8","RPL23",0.884
"SEC13","SEH1L",0.999
"SEC13","PICALM",0.714
"SEC13","SAR1B",0.997
"SRGAP3","ROBO1",0.979
"MRPL2","MRPL19",0.997
"MRPL2","MRPS14",0.996
"MRPL2","RPL14",0.8
"MRPL2","IFI35",0.797
"MRPL2","RPS14",0.839
"MRPL2","RPL13A",0.851
"MRPL2","ATP5F1A",0.817
"MRPL2","RPS9",0.961
"MRPL2","POLR1B",0.802
"MRPL2","RPL27",0.8
"MRPL2","MRPS12",0.998
"MRPL2","RPS19",0.967
"MRPL2","RPL23",0.98
"MRPL2","POLR2F",0.781
"MRPL2","RPL10",0.805
"MRPL2","RPL30",0.949
"MRPL2","UBA52",0.939
"MRPL2","RPL24",0.958
"MRPL2","RPL37A",0.958
"GPX3","IL6",0.733
"GPX3","KEAP1",0.727
"GPX3","SELENOT",0.738
"KRT18","YWHAZ",0.809
"TYRP1","PMEL",0.91
"TYRP1","DCT",0.745
"TYRP1","MITF",0.936
"ACVRL1","FKBP1A",0.751
"LRRK1","GRB2",0.884
"KCNQ3","CALML4",0.768
"TRIP12","USP34",0.723
"ALK","GRB2",0.965
"DCP2","DDX17",0.731
"DNM2","ARRB1",0.727
"DNM2","GRB2",0.937
"FANCA","CHEK1",0.71
"FANCA","BRCA1",0.995
"EP400","CDKN1A",0.788
"EP400","H2AX",0.769
"GPX2","KEAP1",0.772
"GPX2","IL6",0.748
"GPX2","SELENOT",0.717
"RTF1","POLR2F",0.909
"EXOSC8","SNU13",0.791
"EXOSC8","UTP14A",0.756
"EXOSC8","PRAME",0.727
"TRMT61A","BUD23",0.77
"TRMT61A","FTSJ3",0.894
"LYST","STXBP2",0.792
"SQSTM1","KEAP1",0.999
"SQSTM1","CCNF",0.701
"SQSTM1","UBA52",0.915
"SQSTM1","NTRK1",0.878
"SQSTM1","UBE2D2",0.769
"RNF216","UBA52",0.9
"RNF216","TRAF3",0.781
"CCL25","CD8A",0.718
"CCL25","CCL5",0.998
"CCL25","CCL8",0.747
"RTL8A","PEG10",0.81
"KIR3DL1","FCHSD2",0.72
"LILRB2","CD8A",0.718
"LILRB2","IL10",0.72
"RPS9","UBA52",0.999
"RPS9","RPL24",0.999
"RPS9","RPL37A",0.999
"RPS9","IFRD1",0.758
"RPS9","RPL30",0.999
"RPS9","RPS19",0.999
"RPS9","RPL23",0.999
"RPS9","POLR2F",0.913
"RPS9","NGDN",0.987
"RPS9","RPL10",0.999
"RPS9","CSNK1E",0.82
"RPS9","MRPS12",0.987
"RPS9","UTP14A",0.979
"RPS9","DNTTIP2",0.983
"RPS9","CCT4",0.741
"RPS9","POLR1B",0.863
"RPS9","RPL27",0.999
"RPS9","GSPT1",0.909
"RPS9","SEC61G",0.852
"RPS9","CSNK1D",0.818
"RPS9","IFI35",0.966
"RPS9","RPS14",0.999
"RPS9","SNU13",0.997
"RPS9","EEF1D",0.808
"RPS9","RPL13A",0.999
"RPS9","ATP5F1A",0.903
"RPS9","EIF4G1",0.843
"RPS9","NOL7",0.822
"RPS9","MRPS14",0.985
"RPS9","BUD23",0.937
"RPS9","RPL14",0.999
"RPS9","RPL39L",0.98
"RPS9","MRPL19",0.993
"RPS9","DOCK4",0.973
"TFPT","NDUFA3",0.739
"PTOV1","FLOT2",0.781
"RPL13A","MRPS12",0.892
"RPL13A","TMCO1",0.83
"RPL13A","RPL23",0.999
"RPL13A","RPS19",0.999
"RPL13A","RPL10",0.999
"RPL13A","POLR2F",0.809
"RPL13A","YWHAZ",0.778
"RPL13A","RPL30",0.999
"RPL13A","ILF3",0.72
"RPL13A","EBNA1BP2",0.809
"RPL13A","RPL24",0.999
"RPL13A","RPL37A",0.999
"RPL13A","UBA52",0.999
"RPL13A","DOCK4",0.932
"RPL13A","MRPL19",0.975
"RPL13A","EIF4G1",0.904
"RPL13A","RPL14",0.999
"RPL13A","RPL39L",0.975
"RPL13A","MRPS14",0.847
"RPL13A","RPS14",0.999
"RPL13A","SNU13",0.731
"RPL13A","EEF1D",0.797
"RPL13A","FTSJ3",0.798
"RPL13A","IFI35",0.915
"RPL13A","RPL27",0.999
"RPL13A","POLR1B",0.754
"RPL13A","GSPT1",0.933
"RPL13A","SEC61G",0.882
"STRN4","CALML4",0.836
"STRN4","PDCD10",0.999
"STRN4","CCT4",0.994
"STRN4","STK26",0.933
"IL24","IL10",0.856
"ERCC2","POLR2F",0.972
"ERCC2","CHEK1",0.817
"ERCC2","BRCA1",0.88
"ERCC2","IMMT",0.851
"CAPN10","CAST",0.747
"HNRNPUL1","BRCA1",0.801
"ALPP","GCH1",0.901
"AKT2","BRCA1",0.938
"AKT2","CALML4",0.706
"AKT2","CDKN1A",0.955
"PAX3","MITF",0.881
"PAX3","DCT",0.767
"XRCC5","KDM1A",0.921
"XRCC5","DDX17",0.719
"XRCC5","BRCA1",0.972
"XRCC5","H2AX",0.973
"XRCC5","CHEK1",0.879
"MAP3K4","MAP2K6",0.986
"SUMO1","HDAC2",0.841
"SUMO1","MITF",0.731
"SUMO1","BRCA1",0.879
"SUMO1","SEH1L",0.751
"SUMO1","SENP6",0.95
"GPS1","GRB2",0.902
"GPS1","LAT",0.72
"STX2","VAMP2",0.999
"STX2","STXBP2",0.919
"TFRC","TF",0.999
"TFRC","VAMP2",0.743
"TFRC","TGOLN2",0.857
"TFRC","ARRB1",0.789
"TFRC","CLINT1",0.732
"ASH1L","USP34",0.822
"RFC4","CHEK1",0.942
"RFC4","BRCA1",0.94
"SRSF2","SNRNP70",0.987
"DYNLL1","NDE1",0.948
"TAOK3","MAP2K6",0.906
"WIPF1","GRB2",0.992
"GRB2","LAT",0.999
"GRB2","DOCK4",0.793
"GRB2","NTRK1",0.993
"GRB2","SH2B2",0.955
"GRB2","EPS15L1",0.894
"GRB2","CBLB",0.965
"B3GALT1","C1GALT1",0.877
"ECT2","RACGAP1",0.999
"GALNT3","C1GALT1",0.85
"STT3A","RPL27",0.797
"STT3A","SEC61G",0.855
"STT3A","RPL14",0.809
"STT3A","RPL30",0.788
"STT3A","UBA52",0.786
"STT3A","RPL37A",0.787
"STT3A","RPL24",0.794
"STT3A","RPL23",0.813
"TRAF3","IL6",0.725
"TRAF3","SPP1",0.881
"TRAF3","UBA52",0.719
"TRAF3","IRF3",0.97
"TRAF3","IRF7",0.993
"PDCD10","STK26",0.999
"CD79B","JCHAIN",0.807
"GRK5","ARRB1",0.976
"CSH2","CGA",0.742
"IGF1","IL10",0.716
"IGF1","NTRK1",0.99
"IGF1","IL6",0.913
"GIPC1","SH3BP4",0.746
"GIPC1","NTRK1",0.802
"PIAS3","SUMO3",0.862
"PIAS3","MITF",0.777
"DBH","DDC",0.984
"POU2AF1","JCHAIN",0.872
"CUL5","APOBEC3G",0.984
"BPGM","GYPB",0.738
"PDGFD","NTRK1",0.712
"LUC7L3","SNRNP70",0.947
"BCL2L11","CDKN1A",0.726
"SPOP","KEAP1",0.924
"SPOP","KLHL2",0.768
"CENPN","MCM10",0.7
"CENPN","CHEK1",0.705
"PICALM","CLINT1",0.982
"PICALM","EPS15L1",0.836
"PICALM","UBA52",0.947
"PICALM","VAMP2",0.732
"PICALM","NCALD",0.72
"PICALM","NECAP2",0.758
"ATP5MC1","ATP5PF",0.997
"ATP5MC1","COX6C",0.763
"ATP5MC1","ATP5F1A",0.998
"ATP5MC1","NDUFA13",0.772
"PTPA","PPP2R2B",0.739
"AP1G1","NECAP2",0.904
"AP1G1","CLINT1",0.897
"CDKN2D","CDKN1A",0.854
"KEAP1","BRCA1",0.757
"KEAP1","KLHL2",0.901
"ST3GAL2","C1GALT1",0.949
"SRPK2","SNRNP70",0.924
"GOLGB1","TGOLN2",0.793
"NUMA1","KIFC1",0.749
"DDX60","MX1",0.828
"DDX60","OAS1",0.933
"DDX60","IFI35",0.776
"DDX60","IRF7",0.745
"GAP43","CALML4",0.987
"GAP43","NTRK1",0.737
"PSMC3IP","BRCA1",0.786
"PPP6R3","PPP6R1",0.917
"NDUFA4L2","NDUFA13",0.746
"NDUFA4L2","COX6C",0.856
"NDUFA4L2","COX7C",0.841
"NDUFA4L2","ATP5PF",0.828
"SUCLG1","ATP5F1A",0.853
"MRPL19","POLR1B",0.829
"MRPL19","RPS14",0.97
"MRPL19","MRPS14",0.998
"MRPL19","RPL23",0.999
"MRPL19","RPL10",0.888
"MRPL19","POLR2F",0.726
"MRPL19","MRPS12",0.998
"HMMR","MCM10",0.727
"HMMR","RACGAP1",0.791
"HMMR","BRCA1",0.964
"HMMR","PTTG1",0.861
"HMMR","CDCA3",0.861
"JUP","CTNND1",0.901
"PTTG1","CDCA3",0.838
"PTTG1","KIFC1",0.701
"PTTG1","TK1",0.788
"PTTG1","RACGAP1",0.822
"STAMBP","UBA52",0.723
"STAMBP","CLINT1",0.724
"RPL24","UBA52",0.999
"RPL24","RPL37A",0.999
"RPL24","RPL30",0.999
"RPL24","IFRD1",0.75
"RPL24","RPL10",0.999
"RPL24","RPL23",0.999
"RPL24","RPS19",0.999
"RPL24","TMCO1",0.82
"RPL24","MRPS12",0.977
"RPL24","SEC61G",0.894
"RPL24","GSPT1",0.917
"RPL24","RPL27",0.999
"RPL24","IFI35",0.977
"RPL24","EEF1D",0.88
"RPL24","RPS14",0.999
"RPL24","SNU13",0.864
"RPL24","MRPS14",0.96
"RPL24","RPL39L",0.976
"RPL24","RPL14",0.999
"RPL24","DOCK4",0.979
"SENP7","SUMO3",0.77
"GAPVD1","CSNK1D",0.847
"GAPVD1","CSNK1E",0.849
"G3BP1","EIF4G1",0.991
"PRC1","CDCA3",0.735
"PRC1","KIFC1",0.747
"PRC1","RACGAP1",0.973
"PPP2R2B","ARRB1",0.807
"PPP2R2B","CHEK1",0.858
"UTP14A","NGDN",0.996
"UTP14A","RPS19",0.968
"UTP14A","EBNA1BP2",0.845
"UTP14A","NOL7",0.808
"UTP14A","BUD23",0.959
"UTP14A","FTSJ3",0.968
"UTP14A","SNU13",0.99
"UTP14A","RPS14",0.968
"UTP14A","DNTTIP2",0.987
"CCT4","RPL27",0.806
"CCT4","PFDN5",0.995
"CCT4","RPL14",0.732
"GTF2F1","BRCA1",0.783
"GTF2F1","POLR2F",0.994
"BAD","YWHAZ",0.989
"CCL8","CCL5",0.995
"BRD7","SMARCD1",0.999
"BRD7","BRCA1",0.816
"GPR75","CCL5",0.922
"HSPA2","CATSPERG",0.724
"HSPA2","FKBP1A",0.764
"HSPA2","DNAJB14",0.897
"AKAP5","CALML4",0.822
"SFMBT1","KDM1A",0.762
"MATR3","ILF3",0.864
"INCENP","RACGAP1",0.92
"INCENP","KIFC1",0.74
"PPP3CB","CALML4",0.975
"PPP3CB","FKBP1A",0.85
"PPP3CA","CALML4",0.997
"PPP3CA","FKBP1A",0.937
"CDC23","BRCA1",0.911
"KIF20A","RACGAP1",0.997
"KIF20A","MCM10",0.702
"KIF20A","TK1",0.791
"KIF20A","KIFC1",0.941
"KIF20A","CDCA3",0.93
"KIF20A","CCNF",0.726
"LIMA1","CTNND1",0.82
"BCKDK","PSMC2",0.701
"GPT","IL10",0.714
"GPT","IL6",0.828
"ALAS1","CPOX",0.799
"CPLX3","VAMP2",0.701
"MATK","NTRK1",0.93
"VDAC1","GK",0.968
"VDAC1","IMMT",0.908
"VDAC1","ATP5F1A",0.889
"CYP1A1","IDO1",0.944
"CLK3","IMMT",0.768
"SPP1","IRF7",0.925
"SPP1","IL6",0.748
"FZR1","CDCA3",0.748
"PFDN6","PFDN5",0.999
"PFDN6","KIFC1",0.829
"CDK1","KIFC1",0.776
"CDK1","RACGAP1",0.96
"CDK1","MCM10",0.884
"CDK1","TK1",0.84
"CDK1","CDCA3",0.973
"CDK1","CDKN1A",0.998
"CDK1","BRCA1",0.878
"CDK1","NDE1",0.89
"CDK1","H2AX",0.882
"CDK1","CCNF",0.911
"CDK1","CHEK1",0.911
"SEC31A","SAR1B",0.995
"KTN1","EEF1D",0.969
"CRCP","POLR1B",0.745
"CRCP","POLR2F",0.996
"PPP1CB","CALML4",0.828
"PPP1CB","MYL6",0.946
"QPRT","IDO1",0.723
"HLA-DRA","RPL30",0.817
"CHCHD2","ATP5F1A",0.712
"PSPH","CBS",0.961
"LGALS9","CD8A",0.808
"WDR6","FTSJ3",0.751
"WDR6","SNU13",0.827
"A1CF","APOBEC3G",0.823
"MAPK8","MRPS14",0.791
"MAPK8","MRPS12",0.842
"MAPK8","IL6",0.938
"MAPK8","MAP2K6",0.94
"MAPK8","H2AX",0.95
"MAPK8","CDKN1A",0.808
"TYMP","TK1",0.948
"TRPS1","HDAC2",0.705
"EHMT2","HDAC2",0.982
"EHMT2","KDM1A",0.995
"EHMT2","IL6",0.821
"EHMT2","H2AX",0.752
"CAMK2B","CALML4",0.983
"CXCL1","CCL5",0.958
"CXCL1","IL10",0.919
"CXCL1","IL6",0.982
"IL4R","IL10",0.965
"IL4R","CD8A",0.718
"IL4R","IL6",0.937
"AFP","TF",0.736
"CXCL12","IL6",0.811
"CXCL12","IL10",0.725
"CXCL12","CD8A",0.701
"CXCL12","CCL5",0.999
"RAE1","SEH1L",0.964
"UBFD1","PSMC2",0.808
"HECW1","UBA52",0.733
"NCALD","NECAP2",0.72
"GLI3","ARRB1",0.919
"YWHAZ","CALML4",0.8
"YWHAZ","CHEK1",0.737
"YWHAZ","CSNK1E",0.909
"YWHAZ","CSNK1D",0.937
"ITGB1","IL6",0.704
"GTF2A2","POLR2F",0.965
"GCNT3","C1GALT1",0.971
"FAF1","DNTTIP2",0.837
"CCK","IL6",0.719
"PDE1C","CALML4",0.971
"RPL14","DOCK4",0.976
"RPL14","GNL3",0.847
"RPL14","RPL39L",0.982
"RPL14","MRPS14",0.815
"RPL14","EEF1D",0.812
"RPL14","SNU13",0.731
"RPL14","RPS14",0.999
"RPL14","FTSJ3",0.932
"RPL14","IFI35",0.98
"RPL14","SEC61G",0.89
"RPL14","GSPT1",0.919
"RPL14","RPL27",0.999
"RPL14","MRPS12",0.831
"RPL14","RPL10",0.999
"RPL14","RPL23",0.999
"RPL14","RPS19",0.999
"RPL14","TMCO1",0.816
"RPL14","RPL30",0.999
"RPL14","IFRD1",0.75
"RPL14","EBNA1BP2",0.946
"RPL14","RPL37A",0.999
"RPL14","UBA52",0.999
"RAB27A","STXBP2",0.779
"VAMP1","VAMP2",0.95
"MYH11","MYL6",0.981
"SNX16","FCHSD2",0.763
"USP8","UBA52",0.954
"USP8","NTRK1",0.745
"GPS2","TBL1XR1",0.999
"HLA-A","IL10",0.705
"HLA-A","CD8A",0.999
"HLA-A","PMEL",0.883
"HLA-A","IRF9",0.703
"TIMM17B","NDUFA13",0.759
"DDX17","SNRNP70",0.799
"DDX17","HDAC2",0.795
"CSNK1E","RPS19",0.813
"CSNK1E","CSNK1D",0.989
"CSNK1E","RPS14",0.81
"GAPDH","ATP5F1A",0.785
"GAPDH","IRF3",0.751
"GAPDH","IL6",0.879
"GAPDH","IL10",0.782
"GAPDH","CBS",0.761
"GAPDH","CDKN1A",0.777
"IRF9","MX1",0.982
"IRF9","OAS1",0.944
"IRF9","IFI35",0.898
"IRF9","IFI27",0.903
"IRF9","IFITM3",0.888
"IRF9","IRF3",0.803
"IRF9","IRF7",0.9
"SOX10","MITF",0.94
"SOX10","HDAC2",0.909
"SOX10","DCT",0.86
"UBE2G1","UBA52",0.984
"ITGA4","CD8A",0.835
"NFE2L2","IL6",0.812
"NFE2L2","CDKN1A",0.75
"NFE2L2","BRCA1",0.813
"CCNF","CDCA3",0.743
"CCNF","KIFC1",0.796
"RAPGEF4","ARRB1",0.944
"SMU1","SNU13",0.983
"CAPN3","CAST",0.918
"RGN","CALML4",0.781
"MYH2","MYL6",0.845
"IL15RA","CD8A",0.785
"INS","CALML4",0.771
"INS","IL6",0.933
"INS","IL10",0.819
"INS","NTRK1",0.996
"INS","VAMP2",0.897
"PLAA","UBA52",0.904
"MRPL23","MRPS14",0.995
"MRPL23","MRPS12",0.997
"MRPL23","RPL23",0.973
"EIF4ENIF1","NGDN",0.795
"EIF4ENIF1","EIF4G1",0.749
"CEP250","FKBP1A",0.911
"IRF7","CD8A",0.723
"IRF7","IFI35",0.913
"IRF7","CCL5",0.786
"IRF7","IFI27",0.821
"IRF7","IRF3",0.999
"IRF7","IFITM3",0.715
"IRF7","OAS1",0.959
"IRF7","MX1",0.945
"IRF7","IL6",0.801
"CDYL","HDAC2",0.847
"PDCD1LG2","CD8A",0.91
"PDCD1LG2","IDO1",0.798
"PDCD1LG2","IL10",0.797
"PPP3CC","CALML4",0.945
"COL8A2","P4HA2",0.769
"ROBO3","HTATIP2",0.801
"ROBO3","ROBO1",0.918
"POLR3D","POLR1B",0.865
"POLR3D","POLR2F",0.999
"ITGB2","CCL5",0.747
"ITGB2","CD8A",0.787
"MBP","CALML4",0.987
"PUM3","NGDN",0.754
"PUM3","EBNA1BP2",0.995
"PUM3","GNL3",0.912
"PUM3","FTSJ3",0.971
"PUM3","DNTTIP2",0.702
"PUM3","POLR1B",0.763
"CFAP410","MX1",0.773
"CDH7","CTNND1",0.748
"GRK4","ARRB1",0.937
"CTDSP2","CDCA3",0.849
"BCL2","CDKN1A",0.82
"BCL2","BRCA1",0.8
"BCL2","IL6",0.868
"BCL2","CD8A",0.831
"BCL2","IL10",0.718
"KHSRP","ILF3",0.784
"CBS","CALML4",0.755
"WDR4","FTSJ3",0.797
"WDR4","BUD23",0.777
"NSF","VAMP2",0.852
"CRHR1","ARRB1",0.731
"CABIN1","CALML4",0.842
"CSNK1D","RPS14",0.828
"CSNK1D","RPS19",0.844
"USP34","UBA52",0.968
"MX1","LY6E",0.768
"MX1","OAS1",0.985
"MX1","IFITM3",0.897
"MX1","IRF3",0.78
"MX1","IFI27",0.959
"MX1","IFI35",0.909
"DOT1L","UBA52",0.938
"ZSWIM8","KLHL2",0.722
"B3GALT5","C1GALT1",0.943
"UBE2D2","CBLB",0.965
"UBE2D2","UBA52",0.986
"ATP5F1A","POLR1B",0.78
"ATP5F1A","IMMT",0.809
"ATP5F1A","RPS14",0.866
"ATP5F1A","ATP5PF",0.999
"ATP5F1A","MRPS14",0.854
"ATP5F1A","RPL23",0.916
"ATP5F1A","RPL10",0.77
"ATP5F1A","MRPS12",0.754
"ATP5F1A","BCS1L",0.717
"PARP3","BRCA1",0.706
"CAPN11","CAST",0.727
"TNFSF11","IL10",0.745
"TNFSF11","IL6",0.81
"SEC24A","SAR1B",0.99
"KSR1","ARRB1",0.75
"RPRD1A","POLR2F",0.754
"ANKRD28","PPP6R1",0.982
"MAP3K1","MAP2K6",0.924
"MAP3K1","BRCA1",0.77
"RBBP8","BRCA1",0.999
"RBBP8","H2AX",0.958
"RBBP8","CHEK1",0.902
"KDM5A","KDM1A",0.836
"KDM5A","HDAC2",0.878
"IFITM3","IFI35",0.847
"IFITM3","IFI27",0.829
"IFITM3","LY6E",0.717
"IFITM3","OAS1",0.812
"WDR19","IFT56",0.903
"RUNX3","CDKN1A",0.846
"RUNX3","CD8A",0.749
"FKBP1A","CATSPERG",0.723
"FKBP1A","CALML4",0.988
"KDM1A","BRCA1",0.717
"KDM1A","HDAC2",0.999
"USP25","SUMO3",0.817
"SFI1","CETN3",0.982
"NEDD4L","UBA52",0.976
"EIF4G3","EIF4G1",0.972
"TXNRD2","SELENOT",0.796
"CCNL2","CDKN1A",0.996
"CCNL2","CDK5",0.933
"SNU13","NOL7",0.814
"SNU13","FTSJ3",0.762
"SNU13","RPS14",0.99
"SNU13","DNTTIP2",0.983
"SNU13","RPL27",0.755
"SNU13","MRPS12",0.791
"SNU13","RPS19",0.992
"SNU13","RPL23",0.879
"SNU13","NGDN",0.992
"SNU13","SNRNP70",0.936
"SNU13","EBNA1BP2",0.735
"SNU13","RPL30",0.919
"SNU13","UBA52",0.741
"SNU13","RPL37A",0.877
"TRAC","UBA52",0.731
"TRAC","TBL1XR1",0.989
"TRAC","HDAC2",0.993
"PAXIP1","BRCA1",0.836
"PAXIP1","H2AX",0.908
"POMC","DCT",0.756
"POMC","MITF",0.799
"POMC","CGA",0.849
"POMC","IL10",0.736
"POMC","IL6",0.829
"POMC","CALML4",0.832
"PSME4","PSMC2",0.776
"CNGA1","CALML4",0.925
"RELA","HDAC2",0.986
"RELA","IRF3",0.757
"RELA","IL10",0.701
"RELA","CCL5",0.948
"RELA","IL6",0.986
"RELA","BRCA1",0.878
"RELA","CDKN1A",0.745
"MYH8","MYL6",0.772
"APOBEC3A","COX7C",0.786
"NPY","IL6",0.71
"BCL6","TBL1XR1",0.717
"BCL6","CD8A",0.702
"IFRD1","RPS19",0.75
"IFRD1","RPL23",0.75
"IFRD1","RPL30",0.75
"IFRD1","RPL37A",0.75
"IFRD1","UBA52",0.75
"IFRD1","RPL27",0.751
"ADCY3","CALML4",0.944
"ADCY3","GCH1",0.8
"CBX6","HDAC2",0.923
"AKAP12","CALML4",0.936
"SOS1","EPS8",0.999
"SOS1","NTRK1",0.771
"PAPOLB","SNRNP70",0.988
"FSHR","CGA",0.99
"CDKN1A","CHEK1",0.74
"CDKN1A","BRCA1",0.809
"CDKN1A","MCM10",0.747
"CDKN1A","CDK5",0.885
"GATAD2A","HDAC2",0.999
"PYCR1","P4HA2",0.919
"MRPS12","DOCK4",0.789
"MRPS12","MRPS14",0.999
"MRPS12","RPL39L",0.714
"MRPS12","IFI35",0.828
"MRPS12","RPS14",0.895
"MRPS12","DNTTIP2",0.822
"MRPS12","RPL27",0.832
"MRPS12","POLR1B",0.796
"MRPS12","POLR2F",0.928
"MRPS12","NGDN",0.763
"MRPS12","RPL10",0.852
"MRPS12","RPL23",0.994
"MRPS12","RPS19",0.978
"MRPS12","RPL30",0.982
"MRPS12","UBA52",0.954
"MRPS12","RPL37A",0.972
"CACNA1I","CALML4",0.936
"FANCL","BRCA1",0.83
"APOBEC3G","COX7C",0.788
"KCTD17","KLHL2",0.765
"ELAVL1","EIF4G1",0.798
"ELAVL1","ILF3",0.915
"ELAVL1","SSB",0.88
"ELAVL1","SNRNP70",0.783
"MAD1L1","CETN3",0.908
"NOLC1","FTSJ3",0.788
"NOLC1","POLR1B",0.877
"NOLC1","GNL3",0.889
"NOLC1","EBNA1BP2",0.776
"TNFSF18","IDO1",0.822
"CLDN5","IL6",0.708
"GPSM2","EPS8",0.762
"PPARA","IL6",0.722
"IL6","IDO1",0.791
"IL6","IRF3",0.75
"IL6","IL10",0.997
"IL6","CCL5",0.95
"IL6","CD8A",0.93
"INTS1","POLR2F",0.836
"POLR2F","MRPS14",0.824
"POLR2F","POLR1B",0.999
"POLR2F","RPS14",0.867
"POLR2F","EEF1D",0.722
"POLR2F","RPL23",0.914
"POLR2F","UBA52",0.8
"KIF3A","ARRB1",0.949
"RPS14","RPS19",0.999
"RPS14","RPL23",0.999
"RPS14","RPL10",0.999
"RPS14","NGDN",0.97
"RPS14","RPL37A",0.999
"RPS14","UBA52",0.999
"RPS14","RPL30",0.999
"RPS14","EIF4G1",0.873
"RPS14","BUD23",0.937
"RPS14","RPL39L",0.946
"RPS14","NOL7",0.818
"RPS14","MRPS14",0.849
"RPS14","DOCK4",0.909
"RPS14","POLR1B",0.771
"RPS14","RPL27",0.999
"RPS14","GSPT1",0.921
"RPS14","DNTTIP2",0.955
"RPS14","SEC61G",0.856
"RPS14","EEF1D",0.915
"RPS14","IFI35",0.924
"MYH6","MYL6",0.782
"NGDN","EBNA1BP2",0.856
"NGDN","NOL7",0.827
"NGDN","EIF4G1",0.744
"NGDN","GNL3",0.737
"NGDN","DNTTIP2",0.997
"NGDN","FTSJ3",0.841
"DAPK1","CALML4",0.901
"RBM34","FTSJ3",0.976
"RBM34","EBNA1BP2",0.929
"MCC","DNTTIP2",0.824
"TONSL","BRCA1",0.733
"ALAD","CPOX",0.978
"MYO7A","EPS8",0.729
"IL1R1","IL10",0.917
"IL1R1","IL18R1",0.824
"MZT2B","BRCA1",0.9
"TGOLN2","CLINT1",0.746
"TGOLN2","VAMP2",0.814
"SAG","CALML4",0.779
"AAK1","SNAP91",0.822
"AAK1","NECAP2",0.836
"PRPF40A","SNRNP70",0.978
"PSMD14","PSMC2",0.999
"PSMD14","UBA52",0.972
"CD8A","CCL5",0.959
"CD8A","IL10",0.958
"CD8A","IDO1",0.813
"CD8A","PMEL",0.891
"SSB","SNRNP70",0.927
"SSB","ILF3",0.845
"ACTG2","MYL6",0.94
"CXCR4","CCL5",0.998
"CXCR4","ARRB1",0.973
"FHL2","STXBP2",0.885
"NCAPG2","BRCA1",0.758
"NCAPG2","RACGAP1",0.761
"ALDH7A1","CALML4",0.914
"GIGYF2","EIF4G1",0.702
"SERF2","RPS19",0.783
"SERF2","MYL6",0.888
"MAP3K2","MAP2K6",0.927
"AGFG1","EPS15L1",0.747
"AGFG1","VAMP2",0.721
"NLRX1","IRF3",0.716
"PWP1","EBNA1BP2",0.981
"PWP1","GNL3",0.857
"PWP1","FTSJ3",0.842
"PWP1","POLR1B",0.729
"ARTN","NTRK1",0.802
"CREB1","IL10",0.893
"CREB1","HDAC2",0.769
"CREB1","CALML4",0.891
"CSTF2","BRCA1",0.755
"OAS1","LY6E",0.814
"OAS1","IFI27",0.937
"OAS1","IFI35",0.916
"UBA52","CBLB",0.902
"UBA52","RPL10",0.997
"UBA52","RPL23",0.999
"UBA52","RPS19",0.999
"UBA52","RPL37A",0.999
"UBA52","H2AX",0.941
"UBA52","PSMC2",0.937
"UBA52","RPL30",0.999
"UBA52","MRPS14",0.948
"UBA52","RPL39L",0.965
"UBA52","DOCK4",0.955
"UBA52","SEC61G",0.883
"UBA52","GSPT1",0.903
"UBA52","RPL27",0.999
"UBA52","IFI35",0.977
"UBA52","EEF1D",0.89
"SEC61G","RPL39L",0.839
"SEC61G","RPL27",0.909
"SEC61G","TMCO1",0.844
"SEC61G","RPL23",0.892
"SEC61G","RPS19",0.876
"SEC61G","RPL10",0.883
"SEC61G","RPL37A",0.9
"SEC61G","RPL30",0.894
"LANCL1","EPS8",0.848
"NFATC4","CALML4",0.729
"CYTH1","IPCEF1",0.848
"DCC","ROBO1",0.848
"PPP1R12A","MYL6",0.932
"ACE2","IL10",0.703
"RPL39L","RPL10",0.903
"RPL39L","RPL23",0.978
"RPL39L","RPS19",0.983
"RPL39L","RPL30",0.981
"RPL39L","RPL37A",0.976
"RPL39L","DOCK4",0.906
"RPL39L","MRPS14",0.706
"RPL39L","IFI35",0.922
"RPL39L","FTSJ3",0.846
"RPL39L","RPL27",0.979
"NFATC1","MITF",0.704
"NFATC1","CALML4",0.786
"UBAP2L","HDAC2",0.907
"TLR6","IL10",0.754
"ATP5PF","COX6C",0.908
"ATP5PF","COX7C",0.975
"ATP5PF","NDUFA13",0.921
"ATP5PF","NDUFB3",0.945
"ADIPOQ","IL10",0.822
"GLI2","ARRB1",0.923
"CHEK1","H2AX",0.898
"CHEK1","BRCA1",0.996
"CHEK1","MCM10",0.969
"CHEK1","RACGAP1",0.748
"PSMC2","RPS19",0.721
"PSMC2","RPL23",0.708
"PUM1","CLINT1",0.892
"MITF","DCT",0.956
"MITF","PMEL",0.773
"IGF2","NTRK1",0.925
"NECAP2","EPS15L1",0.832
"ATP2B1","CALML4",0.726
"PPP6C","PPP6R1",0.999
"STRAP","SNRNP70",0.717
"NDUFS1","NDUFA3",0.999
"NDUFS1","HTATIP2",0.806
"NDUFS1","COX7C",0.905
"NDUFS1","NDUFB3",0.999
"NDUFS1","NDUFA13",0.999
"NDUFS1","NDUFB2",0.995
"NDUFS1","BCS1L",0.73
"DCT","PMEL",0.898
"HTATIP2","NDUFB3",0.724
"HTATIP2","NDUFA13",0.769
"CDC7","MCM10",0.989
"DCAF1","MCM10",0.867
"EPS15L1","SNAP91",0.814
"MYO1A","CALML4",0.799
"IFT27","IFT56",0.994
"KIFC1","RACGAP1",0.801
"KIFC1","BRCA1",0.711
"KIFC1","CDCA3",0.83
"MORF4L2","HDAC2",0.857
"MAPK9","MAP2K6",0.93
"MAPK9","MRPS14",0.789
"OPRM1","ARRB1",0.983
"ZNF516","HDAC2",0.7
"ORM2","SERPINA3",0.903
"KLHL24","KLHL2",0.736
"MECP2","TBL1XR1",0.971
"MECP2","HDAC2",0.997
"IFI35","RPL10",0.906
"IFI35","RPL23",0.98
"IFI35","RPS19",0.98
"IFI35","RPL37A",0.974
"IFI35","RPL30",0.957
"IFI35","EBNA1BP2",0.791
"IFI35","MRPS14",0.789
"IFI35","DOCK4",0.887
"IFI35","FTSJ3",0.798
"IFI35","IFI27",0.781
"CXCR6","ARRB1",0.722
"CXCR6","CCL5",0.955
"RAPGEF3","ARRB1",0.942
"GNL3","RPL23",0.889
"GNL3","EBNA1BP2",0.998
"GNL3","RPL30",0.801
"GNL3","RPL27",0.814
"GNL3","POLR1B",0.819
"GNL3","FTSJ3",0.972
"BRMS1","HDAC2",0.929
"SCN4A","CALML4",0.822
"FTSJ3","BUD23",0.756
"FTSJ3","DOCK4",0.843
"FTSJ3","DNTTIP2",0.704
"FTSJ3","POLR1B",0.712
"FTSJ3","RPL27",0.907
"FTSJ3","RPL23",0.936
"FTSJ3","EBNA1BP2",0.999
"FTSJ3","RPL30",0.956
"TRIM10","GYPB",0.792
"RGS4","CALML4",0.763
"SELENBP1","CA1",0.726
"NTF3","NTRK1",0.999
"ACTL6A","HDAC2",0.714
"GSPT1","RPL27",0.917
"GSPT1","RPL10",0.929
"GSPT1","RPS19",0.925
"GSPT1","RPL23",0.909
"GSPT1","RPL37A",0.897
"GSPT1","RPL30",0.917
"LIFR","IL10",0.734
"CALCOCO2","IRF3",0.704
"PRF1","IL10",0.78
"PRF1","CCL5",0.805
"CD44","IL10",0.795
"CD44","CCL5",0.818
"TNF","IDO1",0.758
"TNF","CALML4",0.74
"TNF","CCL5",0.96
"TNF","IL10",0.992
"TNF","IRF3",0.745
"PHF21A","HDAC2",0.991
"AGTR1","ARRB1",0.948
"CDK12","BRCA1",0.849
"FGF16","NTRK1",0.888
"CHRM2","ARRB1",0.956
"HMGA1","IRF3",0.741
"NCOA2","IRF3",0.743
"NCOA2","BRCA1",0.822
"NCOA2","TBL1XR1",0.759
"PPP2R2D","ARRB1",0.808
"EWSR1","ILF3",0.704
"RHOA","CALML4",0.76
"RHOA","RACGAP1",0.979
"RHOA","ARRB1",0.728
"RHOA","MYL6",0.739
"FJX1","FAT1",0.844
"HNRNPF","ILF3",0.711
"HNRNPF","SNRNP70",0.786
"SNAP91","VAMP2",0.966
"SNAP91","CLINT1",0.72
"CCL24","CCL5",0.995
"CCL24","IL10",0.77
"UBE2L3","BRCA1",0.719
"GINS3","MCM10",0.926
"BUD23","RPS19",0.911
"BUD23","EBNA1BP2",0.706
"CTPS2","POLR1B",0.718
"SHC1","NTRK1",0.999
"TIA1","EIF4G1",0.966
"RANGAP1","SUMO3",0.909
"RANGAP1","SENP6",0.85
"RAF1","ARRB1",0.958
"WEE1","CDCA3",0.895
"SENP6","SUMO3",0.74
"PTH1R","ARRB1",0.981
"IFRD2","RPS19",0.758
"IFRD2","RPL23",0.75
"IFRD2","RPL37A",0.755
"IFRD2","RPL30",0.752
"IFRD2","RPL27",0.759
"TBC1D5","TBC1D15",0.792
"AAMP","RPL10",0.957
"AP2M1","VAMP2",0.745
"AP2M1","CLINT1",0.867
"LTA","IL10",0.846
"BRAP","BRCA1",0.997
"DDC","GCH1",0.721
"DDC","IDO1",0.93
"ARRB2","ARRB1",0.986
"ILF3","SNRNP70",0.72
"IFT74","IFT56",0.984
"TGFA","NTRK1",0.871
"MYH13","MYL6",0.767
"EZH1","HDAC2",0.943
"HEMK1","CPOX",0.85
"NOP14","RPS19",0.909
"NOP14","EBNA1BP2",0.863
"NOP14","POLR1B",0.8
"NOP14","DNTTIP2",0.972
"ESR1","CALML4",0.979
"ESR1","BRCA1",0.999
"ESR1","HDAC2",0.903
"ESR1","NTRK1",0.72
"TBL1XR1","HDAC2",0.762
"NOL7","RPS19",0.818
"NOL7","DNTTIP2",0.807
"CDC45","CDCA3",0.765
"CDC45","BRCA1",0.796
"CDC45","H2AX",0.795
"CDC45","TK1",0.836
"CDC45","MCM10",0.999
"RASGRF1","CALML4",0.955
"IFT140","IFT56",0.877
"PRMT1","H2AX",0.769
"TRPV4","CALML4",0.878
"PMS1","BRCA1",0.886
"EBNA1BP2","DNTTIP2",0.846
"EBNA1BP2","RPL27",0.901
"EBNA1BP2","DOCK4",0.85
"EBNA1BP2","RPL30",0.922
"EBNA1BP2","RPL23",0.853
"NDUFB3","NDUFB2",0.999
"NDUFB3","NDUFA13",0.999
"NDUFB3","COX7C",0.98
"NDUFB3","NDUFA3",0.999
"NDUFB3","COX6C",0.968
"GAS7","TMCO1",0.748
"HRAS","CALML4",0.96
"RFC5","BRCA1",0.756
"HDAC9","H2AX",0.728
"HDAC9","CALML4",0.74
"PRKCA","CALML4",0.719
"GDNF","NTRK1",0.991
"SYNJ1","CLINT1",0.7
"CCNB1IP1","COX6C",0.805
"EEF1D","RPL27",0.756
"EEF1D","RPL30",0.884
"EEF1D","RPL23",0.95
"EEF1D","RPS19",0.952
"EEF1D","RPL10",0.802
"PDE1A","CALML4",0.969
"MAP2K4","MAP2K6",0.935
"TAF1D","POLR1B",0.707
"TRIM26","IRF3",0.741
"CDK3","CDK5",0.787
"DOCK4","RPS19",0.976
"DOCK4","RPL23",0.977
"DOCK4","RPL10",0.909
"DOCK4","RPL37A",0.975
"DOCK4","RPL30",0.954
"DOCK4","RPL27",0.886
"LSM5","SNRNP70",0.881
"DNTTIP2","RPS19",0.976
"GABARAPL1","TBC1D15",0.984
"PTPRC","IL10",0.804
"PTPRC","CCL5",0.721
"ABCF3","RPL23",0.78
"TOP2A","CDCA3",0.876
"TOP2A","BRCA1",0.836
"TOP2A","MCM10",0.737
"TOP2A","TK1",0.806
"DGKZ","PPP6R1",0.766
"IL5RA","IL10",0.762
"IL10","CCL5",0.945
"IL10","IDO1",0.857
"MBD3","HDAC2",0.987
"SNRPB","SNRNP70",0.999
"RPL10","MRPS14",0.806
"RPL10","POLR1B",0.715
"RPL10","RPL27",0.999
"RPL10","RPL23",0.999
"RPL10","RPS19",0.999
"RPL10","TMCO1",0.823
"RPL10","RPL30",0.999
"RPL10","RPL37A",0.999
"NLE1","POLR1B",0.784
"STXBP2","VAMP2",0.829
"TOM1","ZFYVE16",0.954
"BCS1L","COX7C",0.785
"RCOR3","HDAC2",0.895
"CUL2","PRAME",0.99
"HJURP","TK1",0.723
"HJURP","CDCA3",0.837
"BDNF","CALML4",0.814
"BDNF","NTRK1",0.999
"BDNF","CDK5",0.847
"RPS24","RPL37A",0.999
"RPS24","RPL30",0.999
"RPS24","RPS19",0.999
"RPS24","RPL23",0.999
"RPS24","RPL27",0.999
"RPS24","MRPS14",0.954
"RPS24","EIF4G1",0.87
"EFNA4","NTRK1",0.827
"GTSE1","CDCA3",0.816
"POLR2H","BRCA1",0.791
"POLR2H","POLR1B",0.999
"GOLGA2","CDK5",0.793
"EIF4G1","RPS19",0.895
"DDX39B","SNRNP70",0.891
"DDX46","SNRNP70",0.817
"FSHB","CGA",0.999
"NME6","GCH1",0.829
"RECQL","BRCA1",0.782
"TRA2B","SNRNP70",0.907
"ACKR2","CCL5",0.985
"BAP1","BRCA1",0.995
"BAP1","HDAC2",0.913
"NDUFA5","COX7C",0.989
"NDUFA5","COX6C",0.938
"NDUFA5","POLR1B",0.816
"NDUFA5","NDUFA3",0.999
"NDUFA5","NDUFB2",0.998
"NDUFA5","NDUFA13",0.999
"PUS7","RPL23",0.757
"PUS7","POLR1B",0.801
"RRP1","RPL23",0.763
"NMD3","RPL37A",0.904
"NMD3","RPL30",0.948
"NMD3","RPL23",0.951
"NMD3","POLR1B",0.773
"NMD3","RPL27",0.913
"NAA10","RPL30",0.705
"EHMT1","HDAC2",0.852
"MRPS22","MRPS14",0.994
"RPL37A","RPL23",0.999
"RPL37A","RPS19",0.999
"RPL37A","TMCO1",0.819
"RPL37A","RPL30",0.999
"RPL37A","MRPS14",0.952
"RPL37A","RPL27",0.999
"MCM10","BRCA1",0.849
"SRPRB","RPL23",0.835
"SRPRB","RPL30",0.818
"SRPRB","RPL27",0.819
"NDUFA3","NDUFA13",0.999
"NDUFA3","NDUFB2",0.996
"NDUFA3","COX6C",0.894
"NDUFA3","COX7C",0.961
"SEPHS2","SELENOT",0.877
"CDKN2A","CDK5",0.742
"CDKN2A","BRCA1",0.832
"CDKN2A","H2AX",0.768
"BRCA1","H2AX",0.999
"BRCA1","HDAC2",0.953
"NDUFB2","COX7C",0.944
"NDUFB2","COX6C",0.774
"NDUFB2","SLIRP",0.77
"NDUFB2","NDUFA13",0.997
"SUCLG2","CGA",0.778
"EIF1","RPS19",0.982
"RXRA","HDAC2",0.73
"SRSF10","SNRNP70",0.757
"RPL23","RPS19",0.999
"RPL23","TMCO1",0.819
"RPL23","RPL30",0.999
"RPL23","MRPS14",0.994
"RPL23","POLR1B",0.921
"RPL23","RPL27",0.999
"MRPS14","RPL27",0.794
"MRPS14","POLR1B",0.821
"MRPS14","RPS19",0.95
"MRPS14","RPL30",0.949
"XRCC4","H2AX",0.723
"UIMC1","H2AX",0.973
"PDGFC","NTRK1",0.89
"MACROH2A1","HDAC2",0.927
"NDUFA13","COX6C",0.925
"NDUFA13","COX7C",0.961
"SMUG1","TK1",0.768
"NEDD4","NTRK1",0.802
"DDX4","H2AX",0.713
"SRP19","RPL27",0.901
"SRP19","RPL30",0.904
"SRP19","RPS19",0.847
"PALLD","EPS8",0.799
"HARS1","CGA",0.761
"COX7C","RPL27",0.794
"COX7C","COX6C",0.999
"SELENOP","RPS19",0.843
"GUCY1B1","GCH1",0.816
"RACK1","RPL27",0.999
"RACK1","RPL30",0.999
"RACK1","RPS19",0.999
"CXCL2","CCL5",0.999
"GYPB","HBB",0.709
"GYPB","CA1",0.8
"NACA2","RPL27",0.926
"NACA2","RPL30",0.917
"PIK3R1","NTRK1",0.962
"PIK3R1","CBLB",0.974
"RPL30","RPS19",0.999
"RPL30","TMCO1",0.824
"RPL30","RPL27",0.999
"RPL26L1","POLR1B",0.753
"RPL26L1","RPL27",0.999
"RPL26L1","RPS19",0.996
"ANGPT1","NTRK1",0.996
"PBK","CDCA3",0.946
"GFRA2","NTRK1",0.841
"LY6E","IFI27",0.737
"UTP14C","RPS19",0.829
"SLC25A37","CPOX",0.719
"RPS20","RPS19",0.999
"RPS20","RPL27",0.999
"RPS20","POLR1B",0.864
"EIF3H","RPS19",0.938
"HDAC2","H2AX",0.885
"IKBKB","IRF3",0.87
"MRPL22","RPS19",0.968
"MRPL22","POLR1B",0.801
"MRPL22","RPL27",0.859
"RPLP2","RPS19",0.999
"RPLP2","PFDN5",0.714
"RPLP2","RPL27",0.999
"NTRK1","SH2B2",0.94
"IL32","CCL5",0.736
"FAU","RPS19",0.999
"FAU","RPL27",0.999
"TYK2","IRF3",0.746
"CFL1","MYL6",0.838
"TRAF6","IRF3",0.908
"TRAF6","MAP2K6",0.844
"PUF60","SNRNP70",0.76
"EPS8L2","EPS8",0.882
"RPS13","POLR1B",0.704
"RPS13","RPL27",0.999
"RPS13","RPS19",0.999
"EIF3M","RPL27",0.805
"EIF3M","RPS19",0.939
"GNLY","CCL5",0.846
"TRMT112","RPS19",0.854
"KPNA2","TK1",0.707
"CUL7","RPS19",0.963
"CUL7","RPL27",0.797
"CUL7","POLR1B",0.783
"NFE2","HBB",0.808
"CHERP","SNRNP70",0.765
"SH2B2","CBLB",0.903
"TSHR","CGA",0.964
"UBC","CBLB",0.98
"CCR3","CCL5",0.999
"HPR","HBB",0.935
"RBM19","POLR1B",0.864
"GPN3","POLR1B",0.745
"SLC1A5","SLC38A1",0.771
"RRP12","RPS19",0.864
"RPL18","RPL27",0.999
"RPL18","TMCO1",0.817
"RPL18","RPS19",0.999
"NACA","RPS19",0.802
"NACA","RPL27",0.971
"PAH","GCH1",0.719
"ERH","SNRNP70",0.706
"HNRNPC","SNRNP70",0.923
"SRP54","RPS19",0.856
"SRP54","RPL27",0.907
"AKT1","CCL5",0.725
"SRSF5","SNRNP70",0.817
"RPL28","RPL27",0.999
"RPL28","TMCO1",0.801
"RPL28","RPS19",0.999
"TBL3","RPS19",0.969
"PARP6","RPS19",0.714
"RNPS1","SNRNP70",0.9
"PRPF8","SNRNP70",0.968
"RSL1D1","RPL27",0.901
"IKBKE","IRF3",0.999
"RPL36","RPL27",0.999
"RPL36","RPS19",0.999
"RPL36","TMCO1",0.817
"RPL27","TMCO1",0.832
"RPL27","RPS19",0.999
"TMC6","TK1",0.713
"PDCD5","RPS19",0.872
"SYNGR2","TK1",0.743
"SARM1","IRF3",0.82
"LSM4","SNRNP70",0.949
"FLT3LG","RPS19",0.981
"EMG1","RPS19",0.993
"IRF3","CCL5",0.8
"LCK","CBLB",0.94
"UBB","CBLB",0.902
"SCN2A","HBB",0.82
"CBLC","CBLB",0.913
"ALAS2","CPOX",0.771
